YEAR,ST_CASE,veh_no,per_no,P1,P2,P3,P4,P5,P6,P7,P8,P9,P10
2005,10597,1,1,0,0,0,0,0,0,0,0,0,0
2005,10598,0,1,0,0,0,0,0,0,0,0,0,0
2005,10598,1,1,0,0,0,0,0,0,0,0,0,0
2005,10599,1,1,0,0,0,0,0,0,0,0,0,0
2005,10600,1,1,0,11,4,37,26,0,11,0,7,5
2005,10601,1,1,0,0,0,0,0,0,0,0,0,0
2005,10602,1,1,0,0,0,0,0,0,0,0,0,0
2005,10602,2,1,0,0,0,0,0,0,0,0,0,0
2005,10603,1,1,0,0,34,0,0,0,0,0,0,0
2005,10603,2,1,0,0,0,0,0,0,0,0,0,0
2005,10604,1,1,0,0,0,0,13,0,0,0,0,16
2005,10605,1,1,3,3,3,3,3,3,3,3,3,3
2005,10605,2,1,0,0,0,0,0,0,0,0,0,0
2005,10605,3,1,22,0,0,0,21,0,16,0,0,0
2005,10606,1,1,0,0,0,0,0,0,0,14,0,0
2005,10606,2,1,0,0,0,0,0,0,0,0,0,0
2005,10607,1,1,0,0,0,0,0,0,0,0,0,0
2005,10607,2,1,0,0,0,0,0,0,0,0,0,0
2005,10608,1,1,31,0,6,0,0,0,0,0,0,0
2005,10609,1,1,0,0,0,0,0,0,0,0,0,0
2005,10609,2,1,0,0,0,0,0,0,0,0,0,0
2005,10610,1,1,0,0,0,0,0,0,0,0,0,0
2005,10610,2,1,0,0,0,0,0,0,0,0,0,0
2005,10611,1,1,16,22,13,0,27,20,9,23,24,0
2005,10612,0,1,31,31,31,31,31,31,31,31,31,31
2005,10612,1,1,14,14,14,14,14,14,14,14,14,14
2005,10613,1,1,15,15,15,15,15,15,15,15,15,15
2005,10614,1,1,12,21,17,7,14,11,12,24,37,11
2005,10614,2,1,0,0,0,0,0,0,0,0,0,0
2005,10614,3,1,0,0,0,0,0,0,0,0,0,0
2005,10615,1,1,15,0,0,13,0,0,0,13,0,0
2005,10615,2,1,0,0,0,0,0,0,0,0,0,0
2005,10616,1,1,2,2,2,2,2,2,2,2,2,2
2005,10616,2,1,0,0,0,0,0,0,0,0,0,0
2005,10617,1,1,20,13,24,15,18,32,21,26,25,23
2005,10618,1,1,17,22,11,32,18,24,23,41,22,28
2005,10619,1,1,23,22,26,30,11,14,21,22,20,0
2005,10620,1,1,0,6,0,0,0,0,0,0,0,0
2005,10620,2,1,0,0,0,0,11,0,0,0,0,0
2005,10621,1,1,21,21,21,21,21,21,21,21,21,21
2005,10622,1,1,0,0,0,0,0,0,0,0,0,0
2005,10623,1,1,9,17,20,17,22,7,12,25,0,20
2005,10624,1,1,17,27,0,13,0,6,4,7,0,0
2005,10624,2,1,0,0,0,0,0,0,0,0,0,0
2005,10625,1,1,0,0,0,0,0,0,0,0,0,0
2005,10625,2,1,0,13,0,0,0,0,0,0,0,0
2005,10626,1,1,10,3,11,20,10,26,9,10,19,9
2005,10627,1,1,0,15,14,10,20,28,4,23,0,17
2005,10628,1,1,0,0,0,14,28,0,4,19,14,18
2005,10629,1,1,0,0,0,0,0,0,0,0,0,0
2005,10629,2,1,0,0,0,0,0,0,0,0,0,0
2005,10630,1,1,0,0,0,0,0,0,0,0,0,0
2005,10631,1,1,0,0,0,0,0,0,0,0,0,0
2005,10632,1,1,0,0,0,0,0,0,0,0,0,0
2005,10633,1,1,13,13,13,13,13,13,13,13,13,13
2005,10634,1,1,0,0,25,37,0,0,19,0,0,0
2005,10635,1,1,0,0,0,0,0,0,0,0,0,0
2005,10635,2,1,0,0,0,0,0,0,0,0,0,0
2005,10636,0,1,0,0,0,0,0,0,0,0,0,0
2005,10636,1,1,0,0,0,0,0,0,0,0,0,0
2005,10637,1,1,0,0,0,0,0,0,0,0,0,0
2005,10638,1,1,17,17,17,17,17,17,17,17,17,17
2005,10639,1,1,0,0,0,0,0,0,0,0,0,0
2005,10639,2,1,0,0,0,0,0,0,0,0,0,0
2005,10639,3,1,0,0,0,0,0,0,0,0,0,0
2005,10640,1,1,0,0,0,0,0,0,0,0,0,0
2005,10640,2,1,0,0,0,0,0,0,0,0,0,0
2005,10641,1,1,0,0,0,0,0,0,0,0,0,0
2005,10641,2,1,0,0,0,0,0,0,0,0,0,0
2005,10642,1,1,0,0,0,0,0,0,0,0,0,0
2005,10642,2,1,0,0,0,0,0,0,0,0,0,0
2005,10643,1,1,0,0,0,0,0,0,0,0,0,0
2005,10644,1,1,0,0,0,0,0,0,0,0,0,0
2005,10645,1,1,13,13,13,13,13,13,13,13,13,13
2005,10646,1,1,13,13,13,13,13,13,13,13,13,13
2005,10646,2,1,0,0,0,0,0,0,0,0,0,0
2005,10647,1,1,0,0,17,23,17,0,0,0,0,22
2005,10648,1,1,0,0,0,0,0,0,0,0,0,0
2005,10649,1,1,21,21,21,21,21,21,21,21,21,21
2005,10650,1,1,0,0,0,0,0,0,0,0,0,0
2005,10650,2,1,0,0,0,0,0,0,0,0,0,0
2005,10651,1,1,0,0,0,0,0,0,0,0,0,0
2005,10651,2,1,0,0,0,0,0,0,0,0,0,0
2005,10652,1,1,19,19,19,19,19,19,19,19,19,19
2005,10652,2,1,0,0,0,0,0,0,0,0,0,0
2005,10653,0,1,0,0,0,0,0,0,0,0,0,0
2005,10653,1,1,3,0,0,0,0,0,0,0,23,0
2005,10654,1,1,24,24,24,24,24,24,24,24,24,24
2005,10654,2,1,0,23,0,9,0,0,0,0,0,0
2005,10655,1,1,0,0,0,0,0,0,0,0,0,0
2005,10656,1,1,10,10,10,10,10,10,10,10,10,10
2005,10657,1,1,22,22,22,22,22,22,22,22,22,22
2005,10658,1,1,0,0,0,0,0,0,26,0,0,0
2005,10659,1,1,11,11,11,11,11,11,11,11,11,11
2005,10660,1,1,19,25,13,20,15,8,15,10,15,10
2005,10661,1,1,0,0,0,0,0,0,0,0,0,0
2005,10662,1,1,13,13,13,13,13,13,13,13,13,13
2005,10663,1,1,17,17,17,17,17,17,17,17,17,17
2005,10664,1,1,0,0,0,0,0,0,0,0,6,0
2005,10664,2,1,0,0,0,0,0,0,0,0,0,0
2005,10665,0,1,29,0,0,37,7,0,17,12,23,0
2005,10665,1,1,0,17,21,0,0,0,0,0,0,0
2005,10666,1,1,0,0,0,0,0,0,0,0,0,0
2005,10666,2,1,0,0,0,0,0,0,0,0,0,0
2005,10667,1,1,0,0,0,0,0,0,0,0,0,0
2005,10668,1,1,0,0,0,0,0,0,0,0,0,0
2005,10668,2,1,0,0,0,0,0,0,0,0,0,0
2005,10669,1,1,0,0,0,0,0,0,0,0,0,0
2005,10669,2,1,0,0,0,0,0,0,0,0,0,0
2005,10670,1,1,0,0,0,0,0,0,0,0,0,0
2005,10671,1,1,0,0,0,0,0,0,0,0,0,0
2005,10671,2,1,0,0,0,0,0,0,0,0,0,0
2005,10672,1,1,0,0,0,0,0,0,0,0,0,0
2005,10672,2,1,0,0,0,0,0,0,0,0,0,0
2005,10673,1,1,0,0,0,0,0,0,0,0,0,0
2005,10674,1,1,3,3,3,3,3,3,3,3,3,3
2005,10674,2,1,0,0,0,0,0,0,6,0,12,0
2005,10675,0,1,0,0,0,0,0,0,0,0,0,0
2005,10675,1,1,0,0,0,0,0,0,10,0,0,0
2005,10676,1,1,16,23,14,34,24,27,24,34,14,19
2005,10677,1,1,20,20,20,20,20,20,20,20,20,20
2005,10678,1,1,22,22,22,22,22,22,22,22,22,22
2005,10679,1,1,0,0,0,0,0,0,0,5,0,0
2005,10679,2,1,0,0,0,0,0,0,0,0,0,0
2005,10680,1,1,0,0,0,0,0,0,0,0,0,0
2005,10680,2,1,0,0,0,0,0,0,0,0,0,0
2005,10680,3,1,0,0,0,0,0,0,0,0,0,0
2005,10681,1,1,10,10,10,10,10,10,10,10,10,10
2005,10682,1,1,0,0,0,0,0,0,0,0,0,0
2005,10682,2,1,0,0,0,0,0,0,0,0,0,0
2005,10682,3,1,0,0,0,0,0,0,0,0,0,0
2005,10683,1,1,0,0,31,0,0,0,0,0,0,0
2005,10684,1,1,0,11,0,0,0,0,0,0,0,0
2005,10684,2,1,0,0,0,0,0,0,0,0,0,0
2005,10685,1,1,0,0,0,0,0,0,0,0,0,0
2005,10686,1,1,0,0,0,0,0,0,0,0,0,0
2005,10686,2,1,0,0,0,0,0,0,0,0,0,0
2005,10687,1,1,10,6,0,0,7,9,15,17,20,0
2005,10687,2,1,0,0,0,0,0,0,0,0,0,0
2005,10688,1,1,19,19,19,19,19,19,19,19,19,19
2005,10688,2,1,0,0,0,0,0,0,0,0,0,0
2005,10689,1,1,0,0,0,0,0,0,0,0,0,0
2005,10689,2,1,0,0,0,0,0,0,0,0,0,0
2005,10690,1,1,0,0,4,0,8,0,30,0,0,0
2005,10690,2,1,0,0,0,0,0,0,0,0,0,0
2005,10691,1,1,0,4,0,0,0,16,0,12,0,21
2005,10692,1,1,0,0,0,0,0,0,0,5,0,0
2005,10692,2,1,0,0,0,0,0,0,0,0,0,0
2005,10693,1,1,21,21,21,21,21,21,21,21,21,21
2005,10693,2,1,0,0,0,0,0,0,0,0,0,0
2005,10694,1,1,34,0,22,23,11,26,19,28,14,15
2005,10695,1,1,0,0,0,0,0,0,0,0,0,0
2005,10696,1,1,0,0,13,6,0,0,12,19,25,11
2005,10697,1,1,0,0,0,0,0,0,0,0,0,0
2005,10698,1,1,32,30,0,0,33,0,18,0,0,0
2005,10699,1,1,0,0,0,0,0,0,0,0,0,0
2005,10699,2,1,0,0,0,0,0,0,0,0,0,0
2005,10700,1,1,23,14,0,20,17,17,24,27,7,17
2005,10700,2,1,0,0,0,0,0,0,0,0,0,0
2005,10700,3,1,0,0,0,4,0,0,0,0,0,0
2005,10701,0,1,12,12,12,12,12,12,12,12,12,12
2005,10701,1,1,0,0,0,0,0,0,0,0,0,0
2005,10702,0,1,14,33,0,0,6,20,14,22,0,19
2005,10702,1,1,0,32,18,9,34,0,0,25,10,0
2005,10702,2,1,0,0,0,0,0,0,0,0,0,0
2005,10703,1,1,19,19,19,19,19,19,19,19,19,19
2005,10704,1,1,17,17,17,17,17,17,17,17,17,17
2005,10705,1,1,0,0,0,0,0,0,0,0,0,0
2005,10705,2,1,0,0,0,0,0,0,0,0,0,0
2005,10706,1,1,0,0,0,0,0,0,0,0,0,0
2005,10706,2,1,0,0,0,0,0,0,0,0,0,0
2005,10707,1,1,0,0,0,0,0,0,0,0,0,0
2005,10708,0,1,17,0,34,12,0,28,0,27,24,0
2005,10708,1,1,17,14,27,18,21,9,7,7,21,4
2005,10709,1,1,0,0,0,0,0,0,0,0,7,12
2005,10709,2,1,0,0,0,0,0,0,0,0,0,0
2005,10710,1,1,0,0,0,0,0,0,0,0,0,0
2005,10710,2,1,0,0,0,0,0,0,0,0,0,0
2005,10711,0,1,0,0,0,0,0,0,0,0,0,0
2005,10711,1,1,0,0,16,0,0,0,0,0,0,0
2005,10712,1,1,23,18,13,12,13,18,26,0,16,21
2005,10713,1,1,0,0,0,0,0,0,0,0,0,0
2005,10713,2,1,0,0,0,0,0,0,0,0,0,0
2005,10714,1,1,16,12,16,25,12,22,16,0,24,0
2005,10715,1,1,9,21,10,22,12,31,0,6,28,43
2005,10716,1,1,0,0,0,0,0,0,0,0,0,0
2005,10716,2,1,0,0,0,0,0,0,0,0,0,0
2005,10717,1,1,0,0,0,0,0,0,0,0,0,0
2005,10718,1,1,0,0,0,0,0,0,0,0,0,0
2005,10718,2,1,0,0,0,0,0,0,0,0,0,0
2005,10719,0,1,0,0,0,0,0,0,0,0,0,0
2005,10719,1,1,17,17,17,17,17,17,17,17,17,17
2005,10720,1,1,0,0,0,0,0,0,0,0,0,0
2005,10721,1,1,12,12,12,12,12,12,12,12,12,12
2005,10721,2,1,0,0,0,0,0,0,0,0,0,0
2005,10722,1,1,0,0,0,0,0,0,0,0,0,0
2005,10722,2,1,0,0,0,0,0,0,0,0,0,0
2005,10723,1,1,0,0,0,0,0,14,0,0,18,11
2005,10723,2,1,0,0,0,0,0,0,0,0,0,0
2005,10724,1,1,22,22,22,22,22,22,22,22,22,22
2005,10725,1,1,34,34,34,34,34,34,34,34,34,34
2005,10726,1,1,0,0,0,0,0,0,0,0,0,0
2005,10726,2,1,0,0,0,0,0,0,0,0,0,0
2005,10727,1,1,0,0,0,0,0,0,0,0,0,0
2005,10727,2,1,0,0,0,0,0,0,0,0,0,0
2005,10728,1,1,34,27,8,24,27,19,0,17,49,13
2005,10728,2,1,0,0,0,0,0,0,0,0,0,9
2005,10729,0,1,6,0,0,0,0,0,0,0,0,0
2005,10729,1,1,0,0,0,0,0,0,0,0,0,0
2005,10730,1,1,16,0,0,20,0,0,10,0,0,0
2005,10731,1,1,19,19,19,19,19,19,19,19,19,19
2005,10732,0,1,0,0,0,0,0,0,0,0,0,0
2005,10732,2,1,1,0,0,0,0,0,0,0,0,0
2005,10732,3,1,0,0,0,0,0,0,0,0,0,0
2005,10733,1,1,0,0,0,0,0,0,0,0,0,0
2005,10733,2,1,0,0,3,0,0,0,0,0,0,0
2005,10734,1,1,0,0,0,0,0,0,0,0,0,0
2005,10735,1,1,22,22,22,22,22,22,22,22,22,22
2005,10736,1,1,0,0,0,0,0,0,0,0,0,0
2005,10737,1,1,0,0,0,0,0,18,0,0,0,12
2005,10737,2,1,0,0,0,6,0,0,0,0,0,0
2005,10738,1,1,15,15,15,15,15,15,15,15,15,15
2005,10739,1,1,0,0,0,0,0,0,0,0,0,0
2005,10739,2,1,0,0,0,0,0,0,0,0,0,0
2005,10740,1,1,10,10,10,10,10,10,10,10,10,10
2005,10741,1,1,0,0,0,0,0,0,0,0,0,0
2005,10741,2,1,0,0,0,0,0,0,0,0,0,0
2005,10742,1,1,10,10,10,10,10,10,10,10,10,10
2005,10743,1,1,0,0,0,0,0,0,0,0,0,0
2005,10743,2,1,0,0,0,0,0,0,0,0,0,11
2005,10744,1,1,0,0,0,0,0,0,0,0,0,0
2005,10745,1,1,0,0,0,0,18,0,0,0,0,0
2005,10745,2,1,0,0,0,0,0,0,0,0,0,0
2005,10746,1,1,0,0,0,0,0,0,0,0,0,0
2005,10746,2,1,0,0,0,0,0,0,0,0,0,0
2005,10747,1,1,0,0,0,0,0,7,0,0,0,0
2005,10747,2,1,0,0,0,0,0,0,0,0,0,0
2005,10748,1,1,0,0,0,0,0,0,0,0,0,0
2005,10748,2,1,0,0,0,0,0,0,0,0,0,0
2005,10749,1,1,0,0,0,0,0,0,0,0,0,0
2005,10750,1,1,0,23,0,0,0,0,0,0,0,15
2005,10751,1,1,0,24,0,11,26,17,24,0,19,10
2005,10752,1,1,30,30,30,30,30,30,30,30,30,30
2005,10752,2,1,0,0,0,0,0,0,0,0,0,0
2005,10753,1,1,0,0,0,0,0,0,0,0,0,0
2005,10754,1,1,0,0,0,0,12,0,0,0,0,0
2005,10754,2,1,0,0,0,0,0,0,0,0,0,0
2005,10755,1,1,0,0,0,0,0,0,0,0,0,0
2005,10755,2,1,0,0,0,0,0,0,0,0,0,0
2005,10756,1,1,0,0,0,28,0,0,0,0,0,0
2005,10757,1,1,0,0,0,0,0,0,8,0,16,0
2005,10758,1,1,0,0,15,0,19,13,8,0,0,0
2005,10759,1,1,0,0,0,0,0,0,0,0,0,0
2005,10759,2,1,0,0,0,0,0,0,0,0,0,0
2005,10760,1,1,0,0,0,0,0,0,12,0,0,0
2005,10761,1,1,21,21,21,21,21,21,21,21,21,21
2005,10762,0,1,0,0,6,0,0,0,0,0,0,0
2005,10762,2,1,0,0,0,0,0,0,0,0,0,0
2005,10763,1,1,0,0,0,0,0,0,0,0,0,0
2005,10764,1,1,0,0,0,0,0,0,0,0,0,0
2005,10764,2,1,0,0,0,0,0,0,0,0,0,0
2005,10765,1,1,0,0,0,0,0,0,0,0,0,0
2005,10765,2,1,0,0,0,0,0,0,0,0,0,0
2005,10766,1,1,20,20,20,20,20,20,20,20,20,20
2005,10767,1,1,10,10,10,10,10,10,10,10,10,10
2005,10768,1,1,0,0,9,0,0,0,11,0,0,14
2005,10769,0,1,0,0,0,0,0,0,0,0,0,0
2005,10769,1,1,0,0,0,0,0,0,0,0,0,0
2005,10770,1,1,0,0,0,0,0,0,0,0,0,0
2005,10771,1,1,0,0,0,0,0,0,0,0,0,0
2005,10772,1,1,0,0,17,0,0,0,0,10,9,14
2005,10773,1,1,0,0,0,0,0,0,0,0,0,0
2005,10773,2,1,0,0,0,0,0,0,0,0,0,0
2005,10774,1,1,13,0,0,9,0,0,0,0,22,20
2005,10774,2,1,0,0,0,0,0,0,11,0,0,0
2005,10775,1,1,0,0,0,0,0,0,0,0,0,0
2005,10775,2,1,0,0,0,0,0,0,0,0,0,0
2005,10776,1,1,0,0,0,0,0,0,0,0,0,0
2005,10776,2,1,0,0,0,0,0,0,0,0,0,0
2005,10777,1,1,0,0,0,0,0,0,0,0,0,0
2005,10777,2,1,0,0,0,16,12,0,7,0,0,0
2005,10778,1,1,0,0,0,0,0,0,0,0,0,0
2005,10778,2,1,0,0,0,0,0,0,0,0,0,0
2005,10778,3,1,0,0,0,0,0,0,0,0,0,0
2005,10779,1,1,23,23,23,23,23,23,23,23,23,23
2005,10780,1,1,19,6,22,0,13,27,0,29,23,23
2005,10781,1,1,0,0,0,0,0,0,0,0,0,0
2005,10781,2,1,0,0,0,0,4,0,0,0,0,0
2005,10782,1,1,0,0,0,0,0,0,0,0,0,0
2005,10783,1,1,0,0,0,0,0,0,0,0,0,0
2005,10784,1,1,0,0,0,0,0,0,0,0,0,0
2005,10784,2,1,0,0,0,0,0,0,0,0,0,0
2005,10785,1,1,0,0,0,0,0,0,0,0,0,0
2005,10785,2,1,0,0,0,0,0,0,0,0,0,0
2005,10786,1,1,27,27,27,27,27,27,27,27,27,27
2005,10787,1,1,0,0,0,0,0,0,0,0,0,0
2005,10788,1,1,0,0,0,0,0,0,0,0,0,0
2005,10788,2,1,0,0,0,0,0,0,0,0,0,0
2005,10789,1,1,0,0,0,0,0,0,0,0,0,0
2005,10789,2,1,0,0,0,0,0,0,15,0,0,9
2005,10790,1,1,0,0,0,0,0,0,0,0,0,0
2005,10791,1,1,19,15,21,21,23,12,17,24,19,0
2005,10792,1,1,0,0,0,0,0,0,0,0,0,0
2005,10792,2,1,0,0,0,0,0,0,0,0,0,0
2005,10793,1,1,9,0,0,0,0,0,0,0,0,0
2005,10794,0,1,0,0,0,0,0,0,0,0,0,0
2005,10794,1,1,0,0,18,0,19,18,0,0,0,19
2005,10795,1,1,0,0,12,0,0,0,0,0,10,12
2005,10796,1,1,0,0,0,0,0,0,0,0,0,0
2005,10796,2,1,0,0,0,0,0,0,0,0,0,0
2005,10797,1,1,36,36,36,36,36,36,36,36,36,36
2005,10798,1,1,0,0,0,6,0,0,0,0,0,0
2005,10798,2,1,0,0,0,0,0,0,0,0,0,0
2005,10799,1,1,14,18,12,8,31,9,11,6,13,12
2005,10800,1,1,0,0,0,0,0,0,0,0,0,0
2005,10801,1,1,27,27,27,27,27,27,27,27,27,27
2005,10802,1,1,0,17,0,0,0,0,14,0,19,0
2005,10803,1,1,0,0,0,0,0,0,0,0,0,0
2005,10803,2,1,0,0,0,0,0,0,0,0,0,0
2005,10804,1,1,0,0,0,0,0,0,0,0,0,0
2005,10804,2,1,0,0,0,0,0,0,0,0,0,0
2005,10804,3,1,0,0,0,0,0,0,0,0,0,0
2005,10805,1,1,0,0,0,0,0,0,0,0,0,0
2005,10805,2,1,0,0,0,0,0,0,0,0,0,0
2005,10805,3,1,0,0,0,0,0,0,0,0,0,0
2005,10806,1,1,40,40,40,40,40,40,40,40,40,40
2005,10807,1,1,8,8,8,8,8,8,8,8,8,8
2005,10807,2,1,0,0,0,0,0,0,0,0,0,0
2005,10808,1,1,0,0,0,0,0,0,0,0,0,0
2005,10808,2,1,0,0,0,0,0,0,0,0,0,0
2005,10809,1,1,0,0,0,0,25,0,0,20,23,0
2005,10810,1,1,24,24,24,24,24,24,24,24,24,24
2005,10811,1,1,0,0,0,0,0,0,0,0,0,0
2005,10812,1,1,0,0,0,0,0,0,0,0,0,0
2005,10813,1,1,28,28,28,28,28,28,28,28,28,28
2005,10814,1,1,0,15,14,0,0,0,0,0,0,0
2005,10815,1,1,0,0,0,0,0,0,0,0,0,9
2005,10816,1,1,2,18,2,21,17,9,12,18,9,13
2005,10817,0,1,0,0,0,0,0,0,0,0,0,0
2005,10817,1,1,0,0,0,0,0,0,0,0,0,0
2005,10818,1,1,0,0,0,0,0,0,0,0,0,0
2005,10818,2,1,0,0,0,19,0,0,0,0,0,0
2005,10819,1,1,0,0,0,0,0,0,0,0,0,0
2005,10819,2,1,0,0,0,0,0,0,0,0,0,0
2005,10820,0,1,0,0,0,0,0,0,0,0,0,0
2005,10820,0,2,0,0,19,0,0,0,0,0,0,0
2005,10820,1,1,23,0,7,6,16,5,0,19,25,26
2005,10821,1,1,21,0,0,0,8,29,27,10,0,13
2005,10822,1,1,22,22,22,22,22,22,22,22,22,22
2005,10822,2,1,0,0,0,0,0,7,0,0,0,0
2005,10823,1,1,7,20,16,10,24,29,25,9,30,16
2005,10823,2,1,0,0,0,0,0,0,0,0,0,0
2005,10823,3,1,0,0,0,0,0,0,0,0,0,0
2005,10823,4,1,0,0,0,0,0,0,0,0,0,0
2005,10824,1,1,0,0,8,0,0,0,0,0,0,0
2005,10824,2,1,0,0,0,0,0,0,0,0,0,0
2005,10824,3,1,0,0,0,0,0,0,0,0,0,0
2005,10825,1,1,0,0,0,0,0,0,0,0,0,0
2005,10825,2,1,0,0,0,0,0,0,0,0,0,0
2005,10826,1,1,22,10,17,17,7,17,17,22,16,26
2005,10827,1,1,0,0,0,0,0,0,0,0,0,3
2005,10828,1,1,11,11,11,11,11,11,11,11,11,11
2005,10829,1,1,0,0,0,0,0,0,0,0,0,0
2005,10829,2,1,0,0,0,0,0,0,0,0,0,0
2005,10830,1,1,25,25,25,25,25,25,25,25,25,25
2005,10831,1,1,26,26,26,26,26,26,26,26,26,26
2005,10832,1,1,0,0,0,0,0,0,0,0,0,0
2005,10832,2,1,0,0,0,0,0,0,0,0,0,0
2005,10833,0,1,5,5,5,5,5,5,5,5,5,5
2005,10833,1,1,0,0,0,0,0,0,0,0,0,0
2005,10834,1,1,0,0,0,13,0,0,0,12,0,0
2005,10835,1,1,19,0,0,12,22,0,0,14,0,0
2005,10836,1,1,21,21,21,21,21,21,21,21,21,21
2005,10837,1,1,0,0,0,0,0,0,0,4,0,10
2005,10837,2,1,0,0,0,0,0,0,0,0,0,0
2005,10838,1,1,24,30,17,14,16,0,0,6,0,0
2005,10838,2,1,0,0,0,0,0,0,0,0,0,0
2005,10839,1,1,0,0,0,0,0,0,0,0,0,0
2005,10839,2,1,0,0,0,0,0,0,0,0,0,0
2005,10840,1,1,0,0,0,0,0,0,0,0,0,0
2005,10841,1,1,27,18,21,12,0,6,33,18,29,17
2005,10842,1,1,17,17,17,17,17,17,17,17,17,17
2005,10843,0,1,0,0,0,0,0,0,0,0,0,0
2005,10843,1,1,19,22,0,41,14,16,0,0,0,0
2005,10844,1,1,7,11,24,22,26,10,17,7,35,0
2005,10844,2,1,0,0,0,0,0,0,0,0,0,0
2005,10845,1,1,0,0,0,0,0,0,0,0,0,0
2005,10845,2,1,0,0,0,0,0,0,0,0,0,0
2005,10846,1,1,19,14,2,18,15,19,17,28,20,19
2005,10847,1,1,0,0,0,0,0,0,0,0,0,0
2005,10848,1,1,16,11,14,7,9,8,0,12,18,0
2005,10849,1,1,0,0,0,0,0,0,0,0,0,0
2005,10850,1,1,0,0,0,0,0,0,47,0,0,0
2005,10850,2,1,0,0,0,0,0,0,0,0,0,0
2005,10851,1,1,0,0,0,0,19,0,0,0,0,0
2005,10851,2,1,0,0,0,0,0,0,0,0,0,0
2005,10852,1,1,0,0,0,0,0,0,0,0,0,0
2005,10852,2,1,0,0,0,0,0,0,0,0,0,0
2005,10853,1,1,0,24,22,18,12,17,31,34,6,22
2005,10853,2,1,0,13,0,0,0,0,0,0,0,0
2005,10854,1,1,0,0,0,0,0,0,0,0,0,0
2005,10854,2,1,0,0,0,0,0,0,0,0,0,0
2005,10854,3,1,0,0,0,0,0,0,0,0,0,0
2005,10855,1,1,0,0,0,0,0,0,0,24,19,0
2005,10856,1,1,6,0,0,0,0,0,0,0,0,0
2005,10856,2,1,0,0,0,0,0,0,0,0,0,0
2005,10857,1,1,0,0,0,0,0,0,0,0,0,0
2005,10858,0,1,0,0,0,0,0,0,0,0,0,0
2005,10858,1,1,0,0,0,0,0,0,0,0,0,0
2005,10859,1,1,10,10,10,10,10,10,10,10,10,10
2005,10859,2,1,0,0,0,0,0,0,0,0,0,0
2005,10860,1,1,1,1,1,1,1,1,1,1,1,1
2005,10861,1,1,21,21,21,21,21,21,21,21,21,21
2005,10862,1,1,8,8,8,8,8,8,8,8,8,8
2005,10863,0,1,0,0,0,0,0,0,0,0,0,0
2005,10863,1,1,0,0,0,0,0,0,0,0,0,0
2005,10864,1,1,7,9,21,11,0,15,15,14,18,0
2005,10864,2,1,0,0,0,0,0,0,0,0,0,0
2005,10864,3,1,0,0,0,6,0,0,0,15,0,0
2005,10865,1,1,0,0,0,0,0,0,0,0,0,0
2005,10865,2,1,0,0,0,0,0,0,0,0,0,0
2005,10866,1,1,0,0,0,0,0,0,0,0,0,0
2005,10866,2,1,0,0,0,0,0,0,0,0,0,0
2005,10866,3,1,0,0,0,0,0,0,0,0,0,0
2005,10867,1,1,0,0,0,0,0,0,0,0,0,0
2005,10868,1,1,0,0,0,0,0,0,0,0,0,0
2005,10868,2,1,0,0,0,0,0,0,0,0,0,0
2005,10869,1,1,0,0,0,0,0,0,0,0,0,0
2005,10869,2,1,0,0,0,0,0,0,0,0,0,0
2005,10870,1,1,27,0,29,25,0,36,10,27,29,23
2005,10871,1,1,0,0,0,0,0,0,0,0,0,0
2005,10871,2,1,0,0,0,0,0,0,0,0,0,0
2005,10872,1,1,0,0,0,0,0,0,0,0,0,0
2005,10872,2,1,0,9,0,0,0,0,0,0,0,0
2005,10872,3,1,18,0,0,0,0,0,0,0,0,0
2005,10872,4,1,0,0,0,0,0,0,0,0,0,0
2005,10872,5,1,0,0,0,0,0,0,0,0,0,0
2005,10872,6,1,0,0,0,0,0,0,0,0,0,0
2005,10873,1,1,0,0,0,0,0,0,0,0,0,0
2005,10874,1,1,0,0,0,0,0,0,0,0,0,0
2005,10875,1,1,0,0,0,0,0,0,0,0,0,0
2005,10876,1,1,0,0,0,0,6,0,0,0,0,0
2005,10876,2,1,0,0,0,0,0,0,0,0,0,0
2005,10877,1,1,0,0,0,0,0,0,0,0,0,0
2005,10877,2,1,0,0,0,0,0,0,0,0,0,0
2005,10878,1,1,0,0,0,0,0,0,0,0,0,0
2005,10879,1,1,0,0,23,22,0,0,0,0,0,0
2005,10879,2,1,0,0,0,0,0,0,0,0,0,0
2005,10880,1,1,13,13,13,13,13,13,13,13,13,13
2005,10881,1,1,0,0,0,0,0,0,0,0,0,0
2005,10881,2,1,0,0,0,0,0,0,0,0,0,0
2005,10882,1,1,0,0,0,0,0,0,0,0,0,0
2005,10883,1,1,0,2,0,0,0,0,0,0,9,0
2005,10884,1,1,19,19,19,19,19,19,19,19,19,19
2005,10885,1,1,0,0,0,0,0,0,0,0,0,0
2005,10885,2,1,0,17,0,32,0,0,0,0,0,0
2005,10886,1,1,7,0,27,0,0,0,0,0,0,0
2005,10887,1,1,20,20,20,20,20,20,20,20,20,20
2005,10888,0,1,0,0,0,0,0,0,0,0,0,0
2005,10888,1,1,0,0,0,0,0,0,0,0,0,0
2005,10889,1,1,45,45,45,45,45,45,45,45,45,45
2005,10890,1,1,21,21,21,21,21,21,21,21,21,21
2005,10891,1,1,19,19,19,19,19,19,19,19,19,19
2005,10891,2,1,0,0,0,0,0,0,0,0,0,0
2005,10892,0,1,11,0,0,0,0,11,0,26,0,0
2005,10892,1,1,0,0,0,0,0,0,0,0,0,0
2005,10893,1,1,0,0,0,0,0,10,0,0,0,0
2005,10894,1,1,21,0,27,0,0,0,20,0,0,0
2005,10895,1,1,0,0,0,0,0,0,0,0,0,0
2005,10896,1,1,7,0,0,0,0,0,0,0,0,0
2005,10896,2,1,0,0,0,0,0,0,0,0,9,0
2005,10897,1,1,0,0,0,0,0,0,0,0,0,0
2005,10898,1,1,0,0,0,0,0,0,0,0,0,0
2005,10898,2,1,0,0,0,0,0,0,0,0,0,0