YEAR,ST_CASE,veh_no,per_no,P1,P2,P3,P4,P5,P6,P7,P8,P9,P10
2005,10898,3,1,0,0,0,0,0,0,0,0,0,0
2005,10899,1,1,0,0,0,0,11,0,0,0,0,0
2005,10900,1,1,0,0,0,0,0,0,0,0,0,0
2005,10901,1,1,0,0,0,0,0,0,0,0,0,0
2005,10902,1,1,0,0,0,0,0,0,0,0,0,0
2005,10903,1,1,33,29,22,24,16,11,12,11,17,17
2005,10903,2,1,0,0,0,0,0,0,0,0,0,0
2005,10903,3,1,0,0,0,0,0,0,0,0,0,0
2005,10904,1,1,9,36,29,16,18,9,24,11,20,11
2005,10905,1,1,17,17,17,17,17,17,17,17,17,17
2005,10905,2,1,0,0,0,0,0,0,0,0,0,0
2005,10906,1,1,0,0,0,0,0,0,0,0,0,0
2005,10906,2,1,14,3,7,7,10,27,26,21,0,14
2005,10907,1,1,0,0,0,0,0,0,0,0,0,0
2005,10907,2,1,0,0,10,0,0,0,0,0,0,0
2005,10907,3,1,0,0,0,0,0,0,0,0,16,0
2005,10908,1,1,0,0,0,0,0,0,0,0,0,0
2005,10909,1,1,10,10,10,10,10,10,10,10,10,10
2005,10910,0,1,0,0,0,0,0,0,0,0,0,0
2005,10910,1,1,0,24,11,11,27,15,0,28,0,23
2005,10911,1,1,0,0,0,0,0,0,0,0,0,0
2005,10911,2,1,8,5,0,10,15,16,0,24,15,19
2005,10912,1,1,0,0,0,0,0,0,0,0,0,0
2005,10912,2,1,0,0,0,0,0,0,0,0,0,0
2005,10913,1,1,0,0,0,0,0,0,7,0,0,0
2005,10913,2,1,0,0,0,0,0,0,0,0,0,0
2005,10914,1,1,7,0,5,0,0,0,0,0,0,12
2005,10915,1,1,0,0,0,0,0,16,0,0,0,0
2005,10916,1,1,0,0,11,0,0,0,0,0,0,0
2005,10916,2,1,0,0,0,13,0,20,12,9,0,0
2005,10917,1,1,0,0,0,0,18,0,2,0,14,0
2005,10918,1,1,4,11,7,9,16,10,4,16,4,7
2005,10918,2,1,0,13,0,0,0,0,0,0,0,0
2005,10919,1,1,11,11,11,11,11,11,11,11,11,11
2005,10920,1,1,0,0,0,0,0,0,0,0,0,0
2005,10920,2,1,0,0,0,0,0,0,0,0,0,0
2005,10921,1,1,0,0,0,0,0,0,11,0,0,0
2005,10921,2,1,0,0,0,0,0,0,6,0,0,0
2005,10922,1,1,29,25,0,0,30,14,20,0,0,34
2005,10923,0,1,0,0,0,0,0,0,0,15,0,0
2005,10923,0,2,0,0,0,0,0,0,0,0,0,0
2005,10923,1,1,0,0,0,0,0,0,3,0,0,0
2005,10924,1,1,0,0,0,0,0,0,0,0,0,0
2005,10924,2,1,0,0,0,0,0,0,0,0,0,0
2005,10925,1,1,0,0,0,0,0,0,0,0,0,0
2005,10926,1,1,0,0,0,0,0,0,0,0,0,0
2005,10926,2,1,0,0,0,0,0,0,0,0,0,0
2005,10927,1,1,0,0,0,0,0,0,0,0,0,0
2005,10927,2,1,0,0,0,0,0,0,0,0,0,0
2005,10928,1,1,3,0,0,0,0,0,0,0,0,12
2005,10928,2,1,0,0,0,0,0,0,0,0,0,0
2005,10928,3,1,0,0,0,0,0,0,0,0,0,0
2005,10929,1,1,0,0,0,0,0,0,0,0,0,0
2005,10929,2,1,0,0,0,0,0,0,0,0,0,0
2005,10930,0,1,24,0,0,0,0,0,0,34,11,0
2005,10930,1,1,9,0,0,0,24,0,13,23,16,11
2005,10931,1,1,0,0,0,0,0,0,0,0,11,0
2005,10931,2,1,0,0,0,0,0,0,0,0,0,0
2005,10932,0,1,0,0,0,0,0,0,0,0,0,0
2005,10932,1,1,0,0,0,0,0,0,0,0,0,0
2005,10933,1,1,26,26,26,26,26,26,26,26,26,26
2005,10934,1,1,0,0,0,0,0,0,0,0,0,0
2005,10934,2,1,0,0,0,0,0,0,0,0,0,0
2005,10935,1,1,0,0,0,0,0,0,0,0,0,0
2005,10935,2,1,0,0,0,0,0,0,0,0,0,0
2005,10936,1,1,8,0,0,3,19,0,15,0,0,13
2005,10936,2,1,15,0,12,11,0,0,5,0,0,0
2005,10937,0,1,35,28,27,18,35,12,21,35,23,28
2005,10937,1,1,0,0,0,0,0,0,0,0,0,0
2005,10938,1,1,29,0,29,0,0,17,0,12,0,15
2005,10939,1,1,0,0,0,0,0,0,0,0,0,0
2005,10939,2,1,10,0,0,0,0,0,0,0,0,0
2005,10940,1,1,0,0,0,0,0,0,0,0,0,0
2005,10941,1,1,0,0,0,0,0,0,0,0,0,0
2005,10942,1,1,25,25,25,25,25,25,25,25,25,25
2005,10943,0,1,18,18,18,18,18,18,18,18,18,18
2005,10943,1,1,0,17,0,0,0,0,5,0,0,10
2005,10944,0,1,0,0,0,0,0,0,0,0,0,0
2005,10944,1,1,0,5,0,0,0,0,26,0,0,0
2005,10945,1,1,0,0,0,0,0,0,0,0,0,0
2005,10945,2,1,0,0,0,0,0,19,0,0,11,0
2005,10946,1,1,13,13,13,13,13,13,13,13,13,13
2005,10947,1,1,0,0,0,0,0,0,0,0,0,0
2005,10947,2,1,0,0,17,19,16,10,20,21,3,17
2005,10948,1,1,0,0,0,0,0,0,30,0,0,0
2005,10948,2,1,0,0,0,0,0,0,0,0,0,0
2005,10949,1,1,22,3,0,20,0,0,0,0,0,0
2005,10950,1,1,0,14,0,0,0,22,0,0,0,0
2005,10950,2,1,0,0,0,0,0,0,0,0,0,0
2005,10950,3,1,0,0,0,0,0,0,0,0,0,0
2005,10951,1,1,3,0,8,0,0,0,0,0,0,0
2005,10952,1,1,20,20,20,20,20,20,20,20,20,20
2005,10952,2,1,0,0,0,0,0,0,0,0,0,0
2005,10953,1,1,0,0,0,0,0,0,0,0,0,0
2005,10953,2,1,0,0,0,0,0,0,0,0,28,0
2005,10954,1,1,0,15,0,0,0,3,0,0,0,0
2005,10954,2,1,0,9,0,0,0,0,13,13,0,0
2005,10955,1,1,13,0,0,15,18,34,14,0,31,0
2005,10956,1,1,6,0,0,0,0,0,0,0,0,0
2005,10956,2,1,13,0,0,12,0,0,0,7,0,0
2005,10957,1,1,22,0,19,0,0,0,0,22,16,0
2005,10958,1,1,0,0,0,0,0,0,0,0,0,0
2005,10958,2,1,0,0,0,0,0,0,0,0,0,0
2005,10959,1,1,0,0,0,0,0,0,0,0,0,0
2005,10960,1,1,0,0,0,0,0,0,0,0,0,0
2005,10960,2,1,0,0,0,0,0,0,0,0,0,0
2005,10961,1,1,0,0,0,0,0,0,0,0,0,0
2005,10961,2,1,0,0,0,0,0,0,0,0,0,0
2005,10961,3,1,0,0,0,0,0,0,0,0,0,0
2005,10962,1,1,0,0,0,0,0,0,0,0,0,0
2005,10962,2,1,14,0,0,0,0,0,0,0,0,0
2005,10963,1,1,0,0,0,0,0,0,0,0,0,0
2005,10963,2,1,0,0,0,0,0,0,0,0,0,0
2005,10963,3,1,0,0,0,0,0,0,0,0,0,0
2005,10964,1,1,0,0,0,0,0,0,0,0,0,0
2005,10965,1,1,38,30,12,13,22,14,13,35,26,10
2005,10966,1,1,0,0,0,0,0,0,0,0,0,0
2005,10966,2,1,0,0,0,0,0,0,0,0,18,0
2005,10967,1,1,0,0,0,0,0,0,0,0,0,0
2005,10967,2,1,0,0,0,0,0,0,0,0,0,0
2005,10968,1,1,0,0,0,0,0,0,0,0,0,0
2005,10968,2,1,0,0,0,0,0,0,0,0,0,0
2005,10969,1,1,0,0,0,0,0,0,0,0,0,0
2005,10969,2,1,0,0,0,0,0,0,0,0,0,0
2005,10969,3,1,0,0,0,0,0,0,0,0,0,0
2005,10970,1,1,26,21,23,5,9,26,16,29,20,21
2005,10971,1,1,17,17,17,17,17,17,17,17,17,17
2005,10972,0,1,0,0,0,0,0,0,0,0,0,0
2005,10972,1,1,0,0,0,0,12,0,0,0,0,0
2005,10973,1,1,23,23,23,23,23,23,23,23,23,23
2005,10974,1,1,0,0,0,0,0,0,0,0,0,0
2005,10975,1,1,0,0,0,0,0,0,0,0,0,0
2005,10976,1,1,0,0,0,0,0,0,0,0,0,0
2005,10976,2,1,0,0,0,0,0,0,0,0,0,0
2005,10977,1,1,0,0,0,0,0,0,0,0,0,0
2005,10977,2,1,0,0,0,0,0,0,0,0,0,0
2005,10978,1,1,0,0,0,0,0,0,0,0,0,0
2005,10978,2,1,0,0,0,0,0,0,0,0,0,0
2005,10979,1,1,0,0,9,0,19,0,2,25,0,0
2005,10980,1,1,0,0,0,0,25,0,0,8,0,0
2005,10981,1,1,0,0,0,0,0,0,0,0,0,0
2005,10981,2,1,0,0,0,0,0,0,0,0,0,0
2005,10981,3,1,0,0,0,0,0,0,0,0,0,0
2005,10982,1,1,0,0,3,0,0,0,0,0,0,0
2005,10982,2,1,0,0,0,0,0,0,0,0,0,0
2005,10983,1,1,0,0,0,0,0,0,0,0,0,0
2005,10983,2,1,0,0,0,0,0,0,0,0,0,0
2005,10984,0,1,0,0,0,0,0,0,0,0,0,0
2005,10984,1,1,0,0,0,0,0,0,0,0,0,0
2005,10985,1,1,0,0,0,0,0,0,0,0,0,0
2005,10985,2,1,0,0,0,0,0,12,0,0,12,0
2005,10985,3,1,0,0,0,0,0,0,0,0,0,0
2005,10985,4,1,0,0,0,0,0,0,0,0,0,0
2005,10986,1,1,0,0,0,0,0,0,0,0,0,0
2005,10986,2,1,0,0,0,0,0,0,0,0,0,0
2005,10986,3,1,0,0,0,0,0,0,0,0,0,0
2005,10987,1,1,11,16,15,14,0,22,0,26,25,0
2005,10988,1,1,0,0,0,0,0,0,0,0,0,21
2005,10989,1,1,11,23,23,14,8,2,14,13,11,19
2005,10990,1,1,0,0,0,0,0,0,0,0,0,0
2005,10990,2,1,0,0,0,0,0,0,0,0,0,0
2005,10991,1,1,0,0,0,0,0,0,0,0,17,0
2005,10991,2,1,0,0,0,0,0,0,0,0,0,0
2005,10992,0,1,31,16,22,16,0,8,15,23,27,0
2005,10992,1,1,0,0,0,0,0,0,0,0,0,0
2005,10993,1,1,15,15,15,15,15,15,15,15,15,15
2005,10993,2,1,4,0,0,0,0,0,0,0,0,0
2005,10994,1,1,25,25,25,25,25,25,25,25,25,25
2005,10995,1,1,2,2,2,2,2,2,2,2,2,2
2005,10995,2,1,0,0,0,0,0,0,0,0,0,0
2005,10996,1,1,0,11,27,20,17,27,21,16,13,0
2005,10997,1,1,0,0,0,0,0,0,0,0,0,0
2005,10997,2,1,0,0,0,0,0,0,0,0,0,0
2005,10998,1,1,0,0,0,0,0,0,0,0,0,0
2005,10998,2,1,0,0,0,0,0,0,0,0,0,0
2005,10998,3,1,0,0,0,0,0,0,0,0,0,0
2005,10998,4,1,0,0,0,0,0,0,0,0,0,0
2005,10999,1,1,0,0,0,0,0,0,0,0,0,0
2005,10999,2,1,0,0,0,0,0,0,0,0,0,0
2005,11000,1,1,0,0,0,0,0,0,0,0,0,0
2005,11001,1,1,20,34,25,10,14,14,42,18,26,11
2005,11001,2,1,0,28,0,0,0,0,0,19,0,0
2005,11002,0,1,0,0,0,0,0,0,23,0,26,38
2005,11002,1,1,17,0,0,0,0,0,0,0,0,0
2005,11003,1,1,22,0,0,0,0,0,15,0,0,0
2005,11003,2,1,0,0,0,0,0,0,0,0,0,0
2005,11003,3,1,0,0,0,0,0,0,0,0,0,0
2005,11003,4,1,0,0,0,0,0,0,0,0,0,0
2005,11004,1,1,19,18,10,16,16,17,15,9,11,18
2005,11005,1,1,0,0,0,18,12,0,0,0,0,7
2005,11005,2,1,0,0,8,6,0,12,0,18,0,0
2005,11006,1,1,24,11,14,15,20,0,0,0,0,16
2005,11007,1,1,0,0,0,0,0,0,0,0,0,0
2005,11008,1,1,5,0,40,35,24,0,17,0,7,10
2005,11008,2,1,0,0,0,0,0,0,0,0,0,0
2005,11009,1,1,0,0,0,0,0,0,0,0,0,0
2005,11009,2,1,0,0,0,3,0,0,0,0,0,0
2005,11009,3,1,0,0,0,0,0,0,0,0,0,0
2005,11010,0,1,22,20,10,16,23,19,19,12,30,25
2005,11010,1,1,0,0,0,0,0,0,0,0,0,0
2005,11011,1,1,0,0,0,0,0,0,0,0,0,0
2005,11012,1,1,0,0,0,0,0,0,0,0,0,0
2005,11012,2,1,0,0,0,0,0,0,0,0,0,0
2005,11013,1,1,0,0,0,0,0,0,0,0,0,0
2005,11013,2,1,0,0,0,0,0,0,0,0,0,0
2005,11014,1,1,0,0,0,0,0,0,0,0,0,0
2005,11014,2,1,0,0,0,0,0,0,0,0,0,0
2005,11015,1,1,0,0,0,0,0,0,0,0,0,0
2005,11015,2,1,0,0,0,0,0,0,0,0,0,0
2005,11016,1,1,16,11,39,18,19,12,15,12,8,6
2005,11016,2,1,2,0,0,0,0,0,0,12,0,0
2005,11017,1,1,7,7,7,7,7,7,7,7,7,7
2005,11018,1,1,0,0,0,0,0,0,0,0,0,0
2005,11018,2,1,0,8,0,0,0,0,9,0,0,0
2005,11019,1,1,1,1,1,1,1,1,1,1,1,1
2005,11019,2,1,0,0,0,0,0,0,0,0,0,0
2005,11020,0,1,0,41,0,0,0,0,16,0,0,0
2005,11020,1,1,0,0,0,0,0,0,0,0,0,0
2005,11021,1,1,0,0,0,0,0,0,0,0,0,0
2005,11022,1,1,0,0,0,0,0,0,0,0,0,0
2005,11023,1,1,0,0,0,0,0,0,0,0,0,0
2005,11023,2,1,0,0,0,7,0,0,0,15,0,0
2005,20001,1,1,0,0,0,0,0,0,0,0,0,0
2005,20001,2,1,0,0,0,0,0,0,0,0,0,0
2005,20002,1,1,22,22,22,22,22,22,22,22,22,22
2005,20003,1,1,0,0,0,0,0,0,0,0,0,0
2005,20003,2,1,2,2,2,2,2,2,2,2,2,2
2005,20004,0,1,0,0,0,0,0,0,0,0,0,0
2005,20004,1,1,1,1,1,1,1,1,1,1,1,1
2005,20005,1,1,0,0,0,0,0,0,0,0,0,0
2005,20005,2,1,0,0,0,0,0,0,0,0,18,0
2005,20006,1,1,21,21,21,21,21,21,21,21,21,21
2005,20007,1,1,0,0,0,0,0,0,0,0,0,0
2005,20008,1,1,0,0,0,0,0,0,0,0,0,0
2005,20008,2,1,0,0,0,0,0,0,0,0,0,0
2005,20009,1,1,0,0,0,0,0,0,0,0,0,0
2005,20010,1,1,14,14,14,14,14,14,14,14,14,14
2005,20011,1,1,0,0,0,0,0,0,0,0,0,0
2005,20011,2,1,0,0,0,0,0,0,0,0,0,0
2005,20012,1,1,0,0,0,0,0,0,0,0,0,0
2005,20012,2,1,0,0,0,0,0,0,0,0,0,0
2005,20013,1,1,28,11,17,17,9,11,28,17,0,0
2005,20014,1,1,0,0,0,0,0,0,0,0,0,0
2005,20014,2,1,0,0,0,0,0,0,0,0,0,0
2005,20015,1,1,0,14,0,0,0,0,0,0,0,0
2005,20015,2,1,0,0,0,0,0,0,0,0,0,0
2005,20016,1,1,0,0,0,0,0,0,0,0,0,0
2005,20016,2,1,12,12,12,12,12,12,12,12,12,12
2005,20017,0,1,33,33,33,33,33,33,33,33,33,33
2005,20017,1,1,0,0,0,0,0,0,0,0,0,0
2005,20018,1,1,0,0,0,0,0,0,0,0,0,0
2005,20018,2,1,0,0,0,0,0,0,0,0,0,0
2005,20018,3,1,0,0,0,0,0,0,0,0,0,0
2005,20019,0,1,0,0,0,0,0,0,0,0,0,0
2005,20019,1,1,23,23,23,23,23,23,23,23,23,23
2005,20020,1,1,9,0,11,0,8,0,0,15,0,0
2005,20020,2,1,0,0,0,0,0,0,0,0,9,0
2005,20021,1,1,0,0,0,0,0,0,0,0,0,0
2005,20021,2,1,0,0,0,0,0,0,0,0,0,0
2005,20022,1,1,25,25,25,25,25,25,25,25,25,25
2005,20023,1,1,0,0,0,0,0,0,0,0,0,0
2005,20024,1,1,0,0,0,0,0,0,0,0,0,0
2005,20025,1,1,20,20,20,20,20,20,20,20,20,20
2005,20026,1,1,18,18,18,18,18,18,18,18,18,18
2005,20027,1,1,25,0,0,0,31,0,0,0,7,0
2005,20027,2,1,0,0,0,0,0,0,3,0,0,0
2005,20028,1,1,22,22,22,22,22,22,22,22,22,22
2005,20028,2,1,0,0,0,0,0,0,0,0,0,0
2005,20029,1,1,24,24,24,24,24,24,24,24,24,24
2005,20030,1,1,0,0,0,0,0,0,0,0,0,0
2005,20031,1,1,0,0,0,0,15,0,0,0,0,0
2005,20031,2,1,0,0,0,0,0,0,0,0,0,0
2005,20032,1,1,21,19,20,0,23,8,11,25,0,0
2005,20033,1,1,22,22,22,22,22,22,22,22,22,22
2005,20034,0,1,0,0,0,0,0,0,0,0,0,0
2005,20034,1,1,0,0,0,0,0,0,0,0,0,4
2005,20035,1,1,0,0,0,0,0,0,0,0,0,0
2005,20035,2,1,0,0,0,0,0,0,0,0,0,0
2005,20035,3,1,0,0,0,0,0,0,0,0,0,0
2005,20036,1,1,5,7,0,0,0,0,0,0,0,0
2005,20036,2,1,0,0,0,0,0,0,0,0,0,0
2005,20037,1,1,0,0,0,0,0,0,0,0,0,0
2005,20038,1,1,19,19,19,19,19,19,19,19,19,19
2005,20039,1,1,0,0,0,0,0,0,0,0,0,0
2005,20039,2,1,0,0,0,0,0,0,0,0,0,0
2005,20040,1,1,0,0,0,0,0,18,0,0,0,0
2005,20040,2,1,0,0,0,0,0,0,0,0,0,0
2005,20041,1,1,20,20,20,20,20,20,20,20,20,20
2005,20042,1,1,13,15,14,9,17,43,20,15,10,26
2005,20043,0,1,28,28,28,28,28,28,28,28,28,28
2005,20043,1,1,14,0,14,0,0,0,0,0,0,0
2005,20044,1,1,22,22,22,22,22,22,22,22,22,22
2005,20045,1,1,0,0,0,0,0,0,0,0,0,0
2005,20045,2,1,0,0,0,0,0,0,0,0,0,0
2005,20046,1,1,14,14,14,14,14,14,14,14,14,14
2005,20047,1,1,0,0,0,0,0,0,0,18,0,0
2005,20047,2,1,0,0,0,0,0,0,0,0,0,0
2005,20048,1,1,0,0,0,0,0,0,0,0,0,0
2005,20048,2,1,0,0,0,0,0,0,0,0,0,0
2005,20049,1,1,14,14,14,14,14,14,14,14,14,14
2005,20050,1,1,27,27,27,27,27,27,27,27,27,27
2005,20050,2,1,0,0,0,0,0,0,0,0,0,0
2005,20051,1,1,0,0,0,0,0,0,0,0,0,0
2005,20051,2,1,0,0,0,0,0,0,0,0,0,0
2005,20052,1,1,0,0,0,0,0,0,0,0,0,0
2005,20052,2,1,0,0,0,0,0,0,0,0,0,0
2005,20053,0,1,38,38,38,38,38,38,38,38,38,38
2005,20053,1,1,0,0,0,0,0,0,0,0,0,0
2005,20054,1,1,0,0,0,0,0,0,0,0,0,0
2005,20054,2,1,0,0,0,0,0,0,0,0,0,0
2005,20055,1,1,0,0,0,10,0,0,0,15,0,0
2005,20055,2,1,0,0,0,0,0,0,0,0,0,0
2005,20055,3,1,0,0,0,0,0,0,0,0,0,0
2005,20056,1,1,0,0,0,0,0,0,0,0,0,0
2005,20057,0,1,35,32,23,23,34,6,29,27,42,38
2005,20057,1,1,0,0,0,0,0,0,0,0,0,0
2005,20058,1,1,0,0,0,0,0,0,0,0,0,0
2005,20059,0,1,0,23,0,0,0,0,15,0,12,0
2005,20059,1,1,14,14,14,14,14,14,14,14,14,14
2005,20060,1,1,0,0,0,0,0,0,0,0,0,0
2005,20060,2,1,0,0,0,0,0,0,0,0,0,0
2005,20061,1,1,16,21,22,8,2,12,17,18,23,4
2005,20061,2,1,0,0,0,0,0,0,0,0,0,0
2005,20061,3,1,0,0,0,0,0,0,0,0,0,0
2005,20061,4,1,0,0,0,0,0,0,0,0,0,0
2005,20062,1,1,0,0,0,0,0,0,0,0,0,0
2005,20062,2,1,0,0,0,0,0,0,0,0,0,0
2005,20063,1,1,12,12,12,12,12,12,12,12,12,12
2005,20063,2,1,0,0,0,0,0,0,0,0,0,0
2005,20063,3,1,0,0,0,0,0,0,0,0,0,0
2005,20064,0,1,12,0,0,6,0,0,0,0,0,9
2005,20064,1,1,0,3,23,10,16,17,16,16,8,0
2005,20065,1,1,0,0,0,0,0,0,0,0,0,0
2005,20066,1,1,34,34,34,34,34,34,34,34,34,34
2005,40001,1,1,12,12,12,12,12,12,12,12,12,12
2005,40001,2,1,0,0,0,24,0,16,12,8,0,0
2005,40002,1,1,0,10,0,31,15,0,13,0,30,3
2005,40003,1,1,4,0,0,21,14,0,0,0,13,18
2005,40004,1,1,0,0,0,0,0,0,0,0,0,0
2005,40005,1,1,0,0,0,0,0,0,0,0,0,0
2005,40005,2,1,0,0,0,0,0,0,0,0,0,0
2005,40006,1,1,31,31,31,31,31,31,31,31,31,31
2005,40007,0,1,0,0,0,0,0,0,0,0,0,0
2005,40007,1,1,0,0,6,0,0,10,0,0,0,0
2005,40008,1,1,0,0,0,0,0,0,0,0,0,0
2005,40009,1,1,0,0,0,0,0,13,0,0,0,0
2005,40010,2,1,0,0,0,0,0,0,0,0,0,0
2005,40011,1,1,7,18,16,29,18,30,12,22,17,17
2005,40011,2,1,0,0,0,0,0,0,0,0,0,0
2005,40011,3,1,0,0,0,0,0,0,0,0,0,0
2005,40012,1,1,0,0,0,0,0,0,0,0,0,0
2005,40013,1,1,0,0,0,0,0,0,0,0,0,0
2005,40013,2,1,0,0,0,0,0,0,0,0,0,0
2005,40014,1,1,0,0,0,0,0,0,0,0,0,0
2005,40015,1,1,0,0,0,0,0,0,0,0,0,0
2005,40015,2,1,0,0,0,0,0,0,0,0,0,0
2005,40016,1,1,13,0,0,0,0,0,15,23,0,0
2005,40017,0,1,0,0,0,0,0,0,0,0,0,0
2005,40017,1,1,0,0,0,0,0,0,0,0,0,0
2005,40018,1,1,0,13,0,0,0,0,3,0,0,0
2005,40018,2,1,0,0,0,0,0,0,11,0,0,18
2005,40019,0,1,16,10,25,18,27,26,25,28,25,26
2005,40019,1,1,0,0,0,0,0,0,0,0,0,0
2005,40020,1,1,9,0,0,0,13,0,0,0,0,0
2005,40021,0,1,10,10,10,10,10,10,10,10,10,10
2005,40021,1,1,0,0,0,0,0,0,0,0,0,0
2005,40022,1,1,0,0,0,0,0,0,0,0,0,0
2005,40022,2,1,0,0,0,0,0,0,0,0,0,0
2005,40023,1,1,0,0,0,0,0,0,0,0,0,0
2005,40023,2,1,0,0,0,0,0,0,0,0,0,0
2005,40024,0,1,0,0,0,0,0,0,0,0,0,0
2005,40024,1,1,0,0,0,33,10,0,10,0,18,14
2005,40025,1,1,4,18,2,31,12,11,15,10,27,41
2005,40025,2,1,6,0,0,0,0,0,0,0,0,0
2005,40026,1,1,12,22,16,27,20,3,21,27,13,17
2005,40027,1,2,15,5,15,19,0,11,6,11,0,15
2005,40028,1,1,0,0,0,0,0,0,0,0,0,0
2005,40028,2,1,0,0,0,0,0,0,0,0,0,0
2005,40029,1,1,7,0,17,5,15,13,4,13,23,0
2005,40029,2,1,0,0,0,0,0,0,0,0,0,0
2005,40030,1,1,22,22,22,22,22,22,22,22,22,22
2005,40030,2,1,0,0,0,11,0,0,0,0,0,0
2005,40031,1,1,0,0,0,0,12,0,0,0,0,0
2005,40031,2,1,0,0,0,0,0,0,0,0,0,0
2005,40032,1,1,22,22,22,22,22,22,22,22,22,22
2005,40032,2,1,4,0,0,0,0,0,0,0,0,0
2005,40032,3,1,0,0,0,0,0,0,0,18,0,0
2005,40033,1,1,0,0,0,0,0,0,0,0,0,0
2005,40034,1,1,0,16,0,13,25,26,15,27,14,0
2005,40035,1,1,19,19,19,19,19,19,19,19,19,19
2005,40036,0,1,0,0,0,0,0,0,0,0,0,0
2005,40036,1,1,0,0,0,0,0,0,0,22,0,0
2005,40037,1,1,9,16,0,31,0,14,9,17,0,13
2005,40038,1,1,6,17,12,23,19,29,14,3,14,13
2005,40038,3,1,22,0,0,6,0,0,0,14,0,0
2005,40039,1,1,0,0,0,0,0,0,0,0,0,0
2005,40039,2,1,0,0,0,0,0,0,0,11,0,0
2005,40040,1,1,0,0,0,0,0,0,0,0,0,0
2005,40040,2,1,0,0,0,0,0,0,0,0,12,0
2005,40040,3,1,0,0,0,0,0,0,0,0,0,0
2005,40040,4,1,0,0,0,0,0,0,0,0,0,0
2005,40041,1,1,0,0,0,0,0,0,0,4,0,0
2005,40041,2,1,0,0,0,0,28,0,3,18,0,0
2005,40042,1,1,0,0,0,0,0,0,0,0,0,0
2005,40042,2,1,0,0,0,0,0,0,0,0,0,0
2005,40043,0,1,22,22,22,22,22,22,22,22,22,22
2005,40043,1,1,0,0,0,0,0,0,0,0,0,0
2005,40044,1,1,0,0,0,0,0,0,0,0,0,0
2005,40044,2,1,21,21,21,21,21,21,21,21,21,21
2005,40045,1,1,0,0,0,0,0,20,0,0,0,0
2005,40046,1,1,0,0,0,0,0,0,0,0,0,0
2005,40046,2,1,0,0,0,0,11,0,0,0,0,0
2005,40047,0,1,24,24,24,24,24,24,24,24,24,24
2005,40047,1,1,0,16,0,0,0,0,0,0,0,0
2005,40048,1,1,20,20,20,20,20,20,20,20,20,20
2005,40049,1,1,0,0,0,0,0,0,0,0,0,0
2005,40050,1,1,0,7,0,0,0,0,0,0,0,0
2005,40050,2,1,0,0,0,0,0,0,0,0,0,0
2005,40051,0,1,25,30,34,8,21,17,10,17,11,18
2005,40051,0,2,0,0,0,20,34,28,28,20,13,36
2005,40051,1,1,0,0,0,0,0,0,0,0,0,0
2005,40052,0,1,0,0,0,0,0,0,0,0,0,0
2005,40052,1,1,0,0,0,0,0,0,0,0,0,0
2005,40053,1,1,0,0,0,0,0,0,0,0,0,0
2005,40053,2,1,0,0,0,0,0,0,0,0,0,0
2005,40054,1,1,0,0,0,0,0,0,0,0,0,0
2005,40054,2,1,0,0,8,0,0,0,0,0,0,0
2005,40055,1,1,0,0,0,0,0,0,0,0,0,0
2005,40055,2,1,0,0,0,0,0,0,0,0,0,0
2005,40056,0,1,0,0,0,0,0,0,0,0,0,0
2005,40056,1,1,22,25,25,8,0,18,30,21,18,24
2005,40057,1,1,19,19,19,19,19,19,19,19,19,19
2005,40057,2,1,0,0,0,0,0,0,0,0,0,0
2005,40058,1,1,17,13,15,5,13,27,17,8,21,8
2005,40059,1,1,52,52,52,52,52,52,52,52,52,52
2005,40060,1,1,16,16,16,16,16,16,16,16,16,16
2005,40061,1,1,0,0,0,0,0,0,0,0,0,0
2005,40062,0,1,41,14,20,0,0,0,15,0,28,0
2005,40062,1,1,0,0,0,0,0,0,0,0,0,0
2005,40063,0,1,10,13,13,0,12,32,0,39,0,22
2005,40063,1,1,0,0,0,0,0,0,0,0,0,0
2005,40064,1,1,20,20,20,20,20,20,20,20,20,20
2005,40064,2,1,0,0,0,0,0,0,0,0,0,0
2005,40065,1,1,0,0,0,0,0,0,0,0,0,0
2005,40065,2,1,0,0,0,0,0,0,0,0,0,0
2005,40066,1,1,0,0,0,0,0,0,0,0,0,0
2005,40066,2,1,0,0,0,0,0,0,0,7,0,0
2005,40066,3,1,0,0,0,0,0,0,0,0,0,0
2005,40067,0,1,0,8,0,0,0,23,23,0,0,0
2005,40067,1,1,0,0,0,0,0,0,0,0,0,0
2005,40068,1,1,0,0,0,0,0,0,0,0,0,0
2005,40068,2,1,0,0,0,0,0,0,0,0,0,0
2005,40069,1,1,15,13,15,16,20,0,20,15,16,28
2005,40069,2,1,10,10,10,10,10,10,10,10,10,10
2005,40069,3,1,18,0,0,0,15,0,0,0,0,8
2005,40069,4,1,0,8,0,0,0,0,0,0,0,0
2005,40070,1,1,0,0,0,0,0,0,0,0,0,0
2005,40070,2,1,0,0,0,0,0,0,0,0,8,0
2005,40071,1,1,0,17,0,0,16,0,18,11,0,0
2005,40072,1,1,0,0,0,0,0,0,0,0,0,0
2005,40072,2,1,0,0,0,0,0,0,0,0,0,0
2005,40072,3,1,0,0,0,0,0,0,0,0,0,0
2005,40073,1,1,0,0,0,20,11,0,0,0,0,0
2005,40074,1,1,2,2,2,2,2,2,2,2,2,2
2005,40075,1,1,0,0,0,0,0,0,0,0,0,0
2005,40075,2,1,18,0,0,0,0,0,0,0,0,9
2005,40075,3,1,0,0,0,0,0,0,0,0,0,0
2005,40075,4,1,0,0,0,0,0,0,0,0,0,0
2005,40075,5,1,0,0,0,0,0,0,0,0,0,0
2005,40075,6,1,0,0,0,0,0,0,0,0,0,0
2005,40075,8,1,0,0,0,0,0,0,0,0,0,0
2005,40075,9,1,0,0,0,0,0,0,0,0,0,0
2005,40076,1,1,18,16,17,22,24,10,9,14,10,5