YEAR,ST_CASE,veh_no,per_no,P1,P2,P3,P4,P5,P6,P7,P8,P9,P10
2005,40077,1,1,30,30,30,30,30,30,30,30,30,30
2005,40078,1,1,0,0,0,10,0,0,0,0,0,0
2005,40078,2,1,0,0,0,0,0,0,0,0,0,0
2005,40079,1,1,0,0,0,0,0,0,0,0,0,0
2005,40079,2,1,0,0,0,0,0,0,0,0,0,0
2005,40080,0,1,31,0,37,0,13,0,0,0,0,0
2005,40080,1,1,0,0,21,0,12,0,0,18,22,11
2005,40080,2,1,0,0,0,0,0,0,0,0,0,0
2005,40080,3,1,0,0,0,0,0,0,0,10,0,0
2005,40081,0,1,5,0,0,15,23,0,11,0,16,0
2005,40081,1,1,0,0,0,0,0,0,0,0,0,0
2005,40082,1,1,25,25,25,25,25,25,25,25,25,25
2005,40083,1,1,0,8,0,14,0,15,0,0,0,21
2005,40084,1,1,0,0,0,0,0,0,0,0,0,0
2005,40085,1,1,0,0,0,0,0,0,0,0,0,0
2005,40086,1,1,0,0,0,0,0,0,0,0,0,0
2005,40086,2,1,0,5,0,0,19,0,0,0,0,0
2005,40087,1,1,0,0,0,0,0,0,0,7,0,0
2005,40087,2,1,0,0,0,0,0,0,0,0,0,0
2005,40088,1,1,0,0,0,0,6,0,0,0,15,7
2005,40089,1,1,0,0,0,0,0,0,0,0,0,0
2005,40089,2,1,0,0,0,0,0,0,0,0,0,0
2005,40089,3,1,0,0,0,0,0,0,0,0,0,0
2005,40090,1,1,0,0,0,0,0,0,0,0,0,0
2005,40091,1,1,0,0,0,0,0,0,0,0,0,0
2005,40091,2,1,0,0,0,0,0,0,0,0,0,0
2005,40092,1,1,0,0,0,0,0,0,0,0,0,0
2005,40092,2,1,0,0,0,0,0,0,0,0,0,0
2005,40093,1,1,9,20,0,23,4,21,20,19,32,22
2005,40093,2,1,0,0,0,10,0,0,12,0,12,0
2005,40093,3,1,14,2,31,19,16,24,15,25,22,21
2005,40094,0,1,29,29,29,29,29,29,29,29,29,29
2005,40094,1,1,24,18,18,10,0,8,10,22,0,0
2005,40095,1,1,20,0,0,0,0,0,19,30,0,0
2005,40095,2,1,6,0,0,0,0,0,16,0,0,0
2005,40096,1,1,0,0,0,0,0,0,0,0,0,0
2005,40096,2,1,0,0,0,0,0,0,0,0,0,0
2005,40097,0,1,0,0,0,0,0,0,0,0,0,0
2005,40097,1,1,0,0,0,0,0,0,0,0,0,0
2005,40098,1,1,0,7,0,0,0,0,0,0,0,0
2005,40098,2,1,0,0,0,0,0,0,0,0,0,0
2005,40099,1,1,20,13,17,8,0,23,8,0,0,12
2005,40099,2,1,0,0,0,0,0,0,0,0,0,0
2005,40099,3,1,0,0,0,0,0,0,0,0,0,0
2005,40100,0,1,33,33,33,33,33,33,33,33,33,33
2005,40100,1,1,0,0,0,0,0,0,0,0,0,0
2005,40101,0,1,22,22,22,22,22,22,22,22,22,22
2005,40101,1,1,0,31,0,0,15,0,0,23,12,3
2005,40102,1,1,0,12,0,0,0,0,0,0,0,0
2005,40103,1,1,15,0,0,17,32,0,0,0,18,16
2005,40103,2,1,25,25,25,25,25,25,25,25,25,25
2005,40104,0,1,36,31,13,25,10,24,34,28,36,9
2005,40104,1,1,0,0,0,0,0,0,0,0,0,0
2005,40105,1,1,0,0,0,0,0,11,0,9,0,0
2005,40105,2,1,0,0,0,0,21,0,0,0,0,0
2005,40106,1,1,29,10,23,23,0,0,36,0,0,11
2005,40107,1,1,23,23,23,23,23,23,23,23,23,23
2005,40108,1,1,0,0,0,0,0,6,0,0,0,0
2005,40108,2,1,0,0,0,0,0,0,0,0,0,0
2005,40109,1,1,0,0,0,0,0,0,0,0,0,0
2005,40109,2,1,0,0,0,0,0,0,0,0,0,0
2005,40109,3,1,0,0,0,0,0,0,0,0,0,0
2005,40109,4,1,0,0,0,0,0,0,0,0,0,0
2005,40109,5,1,0,0,0,0,0,0,0,0,0,0
2005,40110,0,1,0,0,0,0,0,0,0,0,0,0
2005,40110,1,1,0,0,0,0,0,0,0,0,0,0
2005,40111,1,1,25,25,25,25,25,25,25,25,25,25
2005,40112,1,1,0,0,0,0,17,0,0,0,0,0
2005,40113,1,1,0,0,0,0,0,10,0,13,0,0
2005,40114,1,1,12,18,16,20,18,19,20,22,18,33
2005,40115,1,1,0,0,20,15,0,0,22,19,0,0
2005,40116,1,1,0,0,0,0,0,0,0,0,0,0
2005,40117,0,1,12,25,16,20,18,36,27,25,31,7
2005,40117,1,1,0,0,0,0,0,0,0,0,7,0
2005,40118,1,1,0,0,12,0,0,0,0,0,0,7
2005,40118,2,1,0,0,16,0,0,0,0,0,0,0
2005,40119,1,1,11,15,5,21,25,40,29,6,12,10
2005,40119,2,1,0,0,0,0,0,0,0,0,0,0
2005,40120,1,1,0,0,0,0,0,0,0,0,0,0
2005,40120,2,1,0,0,0,0,0,0,0,0,0,0
2005,40121,1,1,0,0,0,0,0,0,0,0,0,0
2005,40121,2,1,0,0,0,0,0,0,0,0,0,0
2005,40122,0,1,38,30,8,36,42,21,11,9,22,25
2005,40122,1,1,3,22,0,0,6,24,0,0,0,17
2005,40123,1,1,0,15,0,0,0,0,0,0,0,0
2005,40124,1,1,0,0,0,0,0,0,0,0,0,0
2005,40124,2,1,0,0,0,0,0,0,0,0,0,0
2005,40125,0,1,0,0,0,0,0,0,0,0,0,0
2005,40125,1,1,0,0,0,0,0,0,0,0,0,0
2005,40126,0,1,0,0,17,0,20,0,0,0,0,0
2005,40126,0,2,0,0,0,0,0,0,0,0,0,0
2005,40126,0,3,0,0,0,0,0,0,0,0,0,0
2005,40126,1,1,0,0,0,0,0,0,0,0,0,0
2005,40127,1,1,10,10,10,10,10,10,10,10,10,10
2005,40128,1,1,0,23,0,29,14,0,0,4,0,0
2005,40129,1,1,0,0,0,0,0,9,0,0,0,0
2005,40130,1,1,0,0,0,0,0,0,0,0,0,0
2005,40131,1,1,0,0,0,0,0,0,0,0,0,0
2005,40131,2,1,0,0,0,0,0,0,0,17,0,0
2005,40132,0,1,0,0,0,0,0,0,0,0,0,0
2005,40132,1,1,11,0,0,0,0,16,0,10,6,14
2005,40133,1,1,0,0,0,0,0,0,0,0,0,0
2005,40133,2,1,0,0,0,0,0,0,21,0,0,11
2005,40134,1,1,0,0,0,0,0,0,0,0,0,0
2005,40134,2,1,14,14,14,14,14,14,14,14,14,14
2005,40135,1,1,0,0,0,0,0,0,0,0,0,0
2005,40135,2,1,6,6,6,6,6,6,6,6,6,6
2005,40136,1,1,0,0,0,0,0,0,0,0,0,0
2005,40136,2,1,0,0,0,0,0,0,0,0,0,0
2005,40136,3,1,0,0,0,0,0,0,0,0,0,0
2005,40137,1,1,0,0,0,0,0,0,0,0,0,0
2005,40138,0,1,0,0,0,0,0,0,7,0,0,0
2005,40138,1,1,0,0,0,0,0,0,0,0,0,0
2005,40139,0,1,0,0,0,0,0,0,0,0,0,0
2005,40139,1,1,0,0,0,0,0,0,0,0,0,0
2005,40140,1,1,0,0,0,0,0,0,0,0,0,0
2005,40141,1,1,0,0,0,0,0,0,0,0,0,0
2005,40141,2,1,0,0,0,0,0,0,0,0,0,0
2005,40142,1,1,34,0,4,14,9,11,28,23,23,26
2005,40143,0,1,0,0,0,0,0,0,0,0,0,0
2005,40143,1,1,0,0,0,0,0,0,0,0,0,0
2005,40144,1,1,0,0,0,0,0,0,0,0,0,0
2005,40145,1,1,21,6,0,0,0,0,0,0,0,3
2005,40145,2,1,0,0,0,0,0,0,0,0,0,0
2005,40146,0,1,17,15,28,21,0,9,59,34,28,15
2005,40146,1,1,0,0,0,0,0,0,0,14,0,7
2005,40147,1,1,22,25,0,0,0,0,12,21,7,0
2005,40147,2,1,0,34,10,19,12,18,0,16,0,27
2005,40148,1,1,0,0,0,0,21,18,0,20,0,0
2005,40149,1,1,0,0,0,0,0,0,0,0,0,0
2005,40150,1,1,23,8,16,12,22,19,23,8,11,16
2005,40151,1,1,0,5,17,0,37,0,20,33,0,0
2005,40151,2,1,0,0,0,0,0,0,0,0,0,0
2005,40152,0,1,27,0,0,0,9,30,11,0,28,23
2005,40152,1,1,0,0,0,0,0,0,18,0,0,0
2005,40153,1,1,0,0,0,0,0,0,0,0,0,0
2005,40153,2,1,0,0,0,0,0,0,0,0,0,0
2005,40154,1,1,0,0,0,0,0,0,0,0,0,0
2005,40154,2,1,0,0,0,0,0,0,0,0,0,0
2005,40154,3,1,0,0,0,0,0,0,0,0,0,0
2005,40154,4,1,0,0,0,0,0,0,0,0,0,0
2005,40155,1,1,0,0,0,0,0,0,0,0,0,0
2005,40155,2,1,0,0,0,0,0,0,0,0,0,0
2005,40156,1,1,0,0,0,0,0,0,0,0,0,0
2005,40156,2,1,0,0,0,0,0,0,0,0,0,0
2005,40157,1,1,26,26,26,26,26,26,26,26,26,26
2005,40157,2,1,0,0,0,0,0,0,0,0,0,0
2005,40158,1,1,0,0,0,0,0,0,0,7,0,0
2005,40158,2,1,0,0,0,0,0,0,0,0,0,0
2005,40159,0,1,0,0,0,0,0,0,0,0,0,7
2005,40159,0,2,0,0,0,0,0,0,0,0,0,0
2005,40159,0,3,0,0,0,0,0,14,0,0,0,0
2005,40159,1,1,0,0,0,0,0,5,6,0,0,0
2005,40159,2,1,0,0,0,0,0,0,0,0,0,0
2005,40160,1,1,0,0,0,0,0,0,0,0,0,0
2005,40160,2,1,0,0,0,0,9,19,13,19,0,18
2005,40161,1,1,0,0,0,0,0,0,0,0,0,0
2005,40161,2,1,0,7,0,0,0,0,9,0,0,0
2005,40162,1,1,0,42,13,0,0,0,25,0,0,0
2005,40163,1,1,0,0,0,0,0,0,0,0,0,0
2005,40164,1,1,10,10,10,10,10,10,10,10,10,10
2005,40165,1,1,33,33,33,33,33,33,33,33,33,33
2005,40166,1,1,13,13,13,13,13,13,13,13,13,13
2005,40167,0,1,34,34,34,34,34,34,34,34,34,34
2005,40167,1,1,0,0,0,0,0,0,0,0,0,0
2005,40168,1,1,2,2,2,2,2,2,2,2,2,2
2005,40168,2,1,18,33,3,12,12,12,19,13,20,13
2005,40169,0,1,0,0,0,0,0,0,0,0,0,0
2005,40169,1,1,0,0,0,0,0,0,0,0,0,0
2005,40170,0,1,0,35,0,26,22,10,0,18,0,30
2005,40170,1,1,0,0,0,0,0,0,0,0,0,0
2005,40171,1,1,0,0,0,0,0,0,0,0,0,0
2005,40172,1,1,0,0,0,0,0,0,0,0,0,0
2005,40173,1,1,18,18,18,18,18,18,18,18,18,18
2005,40174,1,1,0,0,0,0,0,0,0,0,0,0
2005,40175,1,1,24,15,16,17,0,14,17,0,25,15
2005,40176,1,1,25,2,14,15,0,10,10,11,5,0
2005,40177,1,1,0,0,0,12,0,0,0,0,0,5
2005,40178,1,1,24,18,11,8,11,23,32,37,25,14
2005,40179,0,1,30,30,30,30,30,30,30,30,30,30
2005,40179,1,1,0,0,0,0,0,0,0,0,0,0
2005,40180,1,1,13,13,13,13,13,13,13,13,13,13
2005,40181,0,1,19,0,0,0,0,0,0,0,0,0
2005,40181,1,1,0,0,0,0,0,0,0,0,0,0
2005,40182,0,1,33,15,33,44,36,22,45,37,26,49
2005,40182,1,1,0,0,0,0,10,0,0,14,0,0
2005,40183,1,1,0,0,0,0,0,0,0,0,0,0
2005,40184,1,1,13,25,12,3,7,8,0,9,0,11
2005,40185,1,1,0,6,0,0,0,0,0,0,0,0
2005,40185,2,1,0,0,0,0,0,0,0,0,0,0
2005,40185,3,1,0,0,0,0,0,0,0,0,0,0
2005,40186,0,1,0,0,0,0,0,0,0,0,0,0
2005,40186,1,1,0,0,0,0,0,0,0,0,0,0
2005,40187,1,1,0,24,7,0,6,12,0,0,0,0
2005,40188,1,1,0,0,0,0,0,0,0,0,0,0
2005,40188,2,1,0,0,0,0,0,0,0,0,0,0
2005,40189,1,1,0,0,0,0,0,0,0,0,0,0
2005,40189,2,1,0,0,0,0,0,0,0,0,0,0
2005,40189,3,1,0,0,0,0,0,0,0,0,0,0
2005,40190,1,1,0,0,0,17,11,0,15,14,0,17
2005,40190,2,1,0,7,0,9,6,0,1,19,18,13
2005,40191,1,1,0,0,0,0,0,0,7,0,0,0
2005,40191,2,1,0,0,0,0,0,0,0,0,0,0
2005,40192,1,1,0,0,0,0,0,0,0,0,0,0
2005,40192,2,1,0,0,0,0,0,0,0,0,0,0
2005,40193,1,1,0,0,0,0,0,0,0,0,0,0
2005,40193,2,1,0,9,0,0,13,0,0,0,0,0
2005,40194,1,1,10,16,7,27,36,15,14,24,20,0
2005,40194,2,1,15,0,0,0,0,0,0,0,0,0
2005,40195,1,1,0,0,0,0,0,0,0,0,0,0
2005,40195,2,1,0,0,0,0,0,0,0,0,0,0
2005,40195,3,1,0,0,0,0,0,0,0,0,0,0
2005,40196,1,1,0,0,0,0,0,0,0,0,0,0
2005,40196,2,1,0,0,0,0,0,0,0,0,0,0
2005,40197,1,1,0,22,0,0,11,35,21,0,0,0
2005,40197,2,1,0,0,0,0,0,0,0,0,0,0
2005,40198,1,1,0,0,0,0,0,0,0,0,0,0
2005,40199,1,1,33,16,17,0,0,10,0,8,0,10
2005,40200,1,1,0,0,0,0,0,0,0,0,0,0
2005,40200,2,1,0,0,0,10,0,0,14,0,0,0
2005,40201,0,1,0,0,0,8,0,0,0,23,0,0
2005,40201,1,1,0,0,0,0,0,0,0,0,0,0
2005,40202,0,1,14,19,23,2,17,19,29,28,20,25
2005,40202,1,1,0,0,9,0,0,29,0,0,10,0
2005,40203,1,1,21,21,21,21,21,21,21,21,21,21
2005,40204,1,1,0,0,0,0,0,0,0,0,0,0
2005,40204,2,1,0,0,0,0,0,0,0,0,0,0
2005,40205,1,1,0,0,0,0,0,0,0,0,0,0
2005,40205,2,1,0,0,0,0,0,0,0,0,0,0
2005,40206,1,1,0,0,0,0,0,0,0,0,0,0
2005,40207,1,1,0,17,0,0,0,0,0,0,0,0
2005,40208,1,1,0,7,0,0,21,34,7,28,4,14
2005,40209,1,1,23,23,23,23,23,23,23,23,23,23
2005,40210,1,1,19,19,19,19,19,19,19,19,19,19
2005,40211,1,1,0,0,0,0,0,0,0,0,0,0
2005,40211,2,1,0,0,0,0,0,0,0,0,0,0
2005,40211,3,1,0,0,0,0,0,0,0,0,0,0
2005,40212,1,1,11,11,11,11,11,11,11,11,11,11
2005,40212,2,1,0,0,0,0,0,0,0,0,0,0
2005,40213,1,1,9,0,10,0,14,11,0,17,0,0
2005,40213,2,1,0,0,0,0,0,0,0,0,0,4
2005,40213,3,1,0,2,0,0,0,0,0,6,0,0
2005,40214,1,1,0,0,0,28,17,0,24,0,0,0
2005,40215,0,1,0,0,11,0,22,0,0,18,8,13
2005,40215,1,1,0,0,0,0,0,0,0,0,0,0
2005,40216,1,1,0,0,0,0,0,0,0,0,0,0
2005,40216,2,1,0,0,0,0,0,0,0,0,0,0
2005,40217,0,1,35,35,35,35,35,35,35,35,35,35
2005,40217,1,1,0,0,0,0,0,0,0,0,13,0
2005,40218,1,1,0,0,0,0,0,0,0,0,0,0
2005,40218,2,1,0,0,0,0,0,0,0,0,0,0
2005,40219,0,1,0,0,0,40,0,0,0,0,0,0
2005,40219,1,1,0,0,0,0,0,0,0,0,0,0
2005,40220,1,1,0,0,0,0,0,0,0,0,0,0
2005,40220,2,1,0,0,0,0,0,0,0,0,0,0
2005,40221,1,1,0,0,0,0,0,0,0,0,0,0
2005,40221,2,1,0,0,0,0,0,0,0,0,0,0
2005,40222,1,1,0,8,0,0,8,0,3,16,0,18
2005,40223,1,1,12,26,25,14,0,0,0,22,11,8
2005,40223,2,1,0,0,16,0,0,14,15,0,18,0
2005,40224,1,1,0,0,0,0,0,0,0,0,0,0
2005,40225,0,1,21,42,31,0,13,15,8,21,0,37
2005,40225,1,1,0,0,0,0,0,0,0,0,0,0
2005,40226,1,1,0,0,0,0,0,0,0,0,0,0
2005,40226,2,1,0,0,0,0,0,0,0,0,0,0
2005,40227,1,1,19,0,0,0,0,7,0,0,0,0
2005,40228,2,1,7,0,0,0,0,0,28,0,0,0
2005,40229,1,1,24,0,0,0,17,0,0,19,0,0
2005,40229,2,1,0,0,0,0,0,0,0,0,0,0
2005,40230,1,1,0,21,0,20,0,0,0,0,0,14
2005,40230,2,1,0,0,0,0,0,0,0,0,0,0
2005,40230,3,1,0,0,0,0,0,0,0,0,0,0
2005,40231,1,1,0,0,0,0,0,0,0,0,0,0
2005,40231,2,1,0,0,0,0,0,0,0,0,0,0
2005,40232,1,1,0,0,0,0,0,0,0,0,0,0
2005,40233,1,1,0,0,0,0,0,0,0,0,0,0
2005,40233,2,1,0,0,0,0,9,0,0,0,0,0
2005,40233,3,1,0,0,0,0,0,0,0,0,0,0
2005,40234,1,1,4,4,4,4,4,4,4,4,4,4
2005,40235,1,1,0,0,0,0,0,0,0,0,0,0
2005,40235,2,1,0,0,0,0,0,0,0,0,0,0
2005,40236,1,1,0,0,26,0,0,0,0,0,0,0
2005,40236,2,1,0,0,0,0,0,0,0,0,0,0
2005,40237,0,1,0,0,0,0,0,0,0,0,0,0
2005,40237,1,1,0,0,0,0,20,0,0,5,6,7
2005,40238,0,1,0,0,0,13,0,0,0,0,10,0
2005,40238,1,1,0,0,0,0,0,0,0,0,0,0
2005,40239,1,1,13,0,0,19,14,0,22,10,26,19
2005,40240,1,1,0,0,0,0,0,0,0,0,0,0
2005,40240,2,1,0,0,0,0,0,0,0,0,0,0
2005,40241,1,1,0,0,0,0,0,0,0,0,0,0
2005,40241,2,1,0,0,0,0,0,0,0,0,0,0
2005,40242,1,1,0,0,0,0,0,0,0,26,18,0
2005,40242,2,1,23,6,0,0,0,0,0,0,0,0
2005,40242,3,1,0,0,0,0,0,0,0,0,0,0
2005,40243,0,1,0,22,27,31,28,27,8,36,19,6
2005,40243,1,1,8,8,8,8,8,8,8,8,8,8
2005,40244,1,1,0,21,0,0,0,16,0,15,11,0
2005,40245,1,1,0,0,0,0,0,0,0,20,0,0
2005,40246,0,1,26,10,0,0,0,0,0,17,0,0
2005,40246,1,1,19,7,25,9,4,17,21,11,9,6
2005,40247,1,1,18,16,27,23,21,29,18,10,27,9
2005,40248,0,1,0,0,0,0,0,0,0,0,0,0
2005,40248,1,1,23,0,0,0,14,0,14,13,0,5
2005,40249,1,1,12,23,24,14,3,6,16,13,0,23
2005,40249,2,1,0,0,0,0,0,15,0,0,0,0
2005,40250,1,1,0,30,8,18,19,15,5,0,22,8
2005,40251,1,1,0,0,0,0,0,0,0,0,0,0
2005,40251,2,1,0,0,0,0,0,0,0,0,0,0
2005,40252,1,1,25,37,32,18,13,15,42,27,14,21
2005,40253,1,1,21,21,21,21,21,21,21,21,21,21
2005,40254,1,1,7,19,14,17,26,22,17,16,24,16
2005,40255,1,1,0,0,0,0,0,0,0,0,0,0
2005,40255,2,1,0,0,0,0,0,0,0,0,0,0
2005,40256,1,1,17,19,10,10,16,0,0,0,41,0
2005,40257,1,1,0,0,0,0,0,0,0,0,0,0
2005,40258,1,1,28,0,22,0,0,0,0,0,0,0
2005,40259,1,1,0,0,0,7,0,0,0,0,0,5
2005,40259,2,1,0,0,0,0,0,0,0,0,0,0
2005,40260,1,1,0,13,9,0,0,0,0,0,0,0
2005,40260,2,1,0,0,0,0,0,0,0,0,0,0
2005,40261,0,1,0,0,0,0,0,0,0,0,0,0
2005,40261,1,1,28,12,21,0,0,26,0,0,0,17
2005,40262,1,1,0,0,0,0,0,0,0,0,0,0
2005,40263,1,1,0,0,0,0,15,25,0,0,0,0
2005,40263,2,1,0,0,0,0,10,0,0,0,0,0
2005,40263,3,1,0,0,0,0,0,0,0,0,0,0
2005,40264,1,1,0,0,0,0,0,0,16,0,0,0
2005,40264,2,1,0,0,0,20,0,0,16,0,0,0
2005,40265,0,1,0,0,0,0,0,0,0,0,0,0
2005,40265,0,2,0,0,20,11,5,21,0,0,0,16
2005,40265,1,1,27,15,18,12,10,16,9,26,35,10
2005,40265,3,1,0,0,0,0,21,0,11,0,0,0
2005,40266,1,1,0,14,0,0,0,0,0,0,0,0
2005,40266,2,1,0,0,0,0,0,0,0,0,0,0
2005,40267,1,1,0,0,0,0,0,0,0,0,0,0
2005,40267,2,1,0,0,0,0,0,0,0,0,0,0
2005,40268,1,1,0,0,0,0,0,0,0,0,0,0
2005,40268,2,1,0,0,0,7,0,0,0,0,0,0
2005,40269,1,1,27,22,18,10,6,9,20,20,12,17
2005,40270,0,1,38,10,21,0,20,25,29,20,25,35
2005,40270,1,1,23,0,0,0,15,0,4,0,14,0
2005,40271,1,1,2,2,2,2,2,2,2,2,2,2
2005,40272,1,1,21,21,21,21,21,21,21,21,21,21
2005,40272,2,1,0,0,0,0,0,0,0,5,13,0
2005,40273,0,1,0,0,0,0,0,0,0,0,0,0
2005,40273,1,1,0,0,0,0,0,0,0,0,0,0
2005,40274,1,1,0,0,0,0,0,0,0,0,0,0
2005,40274,2,1,13,0,0,0,0,0,0,0,0,0
2005,40275,1,1,0,0,0,0,0,21,0,0,0,0
2005,40276,1,1,0,0,0,0,21,0,0,0,0,31
2005,40276,2,1,0,0,12,0,0,0,0,0,0,0
2005,40277,1,1,17,17,17,17,17,17,17,17,17,17
2005,40278,0,1,0,0,0,0,0,0,11,0,0,0
2005,40278,1,1,0,0,0,0,13,0,0,0,11,10
2005,40279,1,1,0,0,0,10,0,0,0,0,0,0
2005,40280,1,1,26,26,26,26,26,26,26,26,26,26
2005,40280,2,1,0,0,0,0,0,0,0,0,5,0
2005,40281,1,1,29,0,0,0,0,0,17,0,17,0
2005,40282,1,1,0,0,0,0,0,0,0,0,0,0
2005,40283,1,1,0,0,0,0,0,0,0,0,0,0
2005,40283,2,1,0,0,0,0,0,0,0,0,0,0
2005,40283,3,1,0,0,0,0,0,0,0,0,0,0
2005,40284,1,1,0,0,0,0,0,0,0,0,0,0
2005,40284,2,1,0,0,0,0,0,0,0,0,0,0
2005,40285,1,1,0,0,0,0,0,0,0,0,0,0
2005,40285,2,1,0,0,0,0,14,0,0,0,0,22
2005,40285,3,1,0,0,0,0,0,0,0,0,0,0
2005,40286,1,1,0,0,0,0,15,0,0,0,0,0
2005,40287,1,1,0,0,0,0,0,0,11,0,0,0
2005,40288,1,1,0,0,0,0,0,0,0,0,0,0
2005,40288,2,1,0,0,8,0,0,0,0,0,0,0
2005,40288,3,1,0,0,0,0,0,0,0,0,0,0
2005,40289,1,1,24,0,8,16,6,35,16,22,17,21
2005,40290,1,1,0,0,0,0,0,0,0,0,0,0
2005,40290,2,1,0,0,0,0,0,0,0,0,0,0
2005,40291,0,1,18,18,18,18,18,18,18,18,18,18
2005,40291,1,1,9,0,20,6,7,18,0,14,4,16
2005,40292,1,1,3,12,10,11,10,20,12,11,27,20
2005,40293,1,1,15,7,15,14,5,0,0,0,17,24
2005,40294,1,1,0,0,0,0,0,6,0,0,0,0
2005,40295,1,1,0,0,0,0,0,0,0,0,0,0
2005,40296,1,1,0,0,0,0,0,0,0,0,0,0
2005,40296,2,1,0,0,0,21,0,0,0,0,0,0
2005,40297,1,1,0,0,0,0,0,0,0,0,0,0
2005,40297,2,1,0,0,0,0,0,0,0,0,33,0
2005,40298,1,1,0,0,0,0,0,0,0,0,0,0
2005,40298,2,1,0,0,0,0,0,0,0,0,0,0
2005,40299,1,1,0,0,0,0,24,12,0,0,0,0
2005,40300,1,1,0,0,0,0,0,0,0,0,0,0
2005,40300,2,1,0,7,0,0,0,10,0,0,7,29
2005,40301,1,1,0,0,0,0,0,0,0,0,0,0
2005,40301,2,1,0,0,0,0,0,0,0,0,0,0
2005,40302,1,1,0,0,0,0,0,0,0,0,0,0
2005,40302,2,1,0,0,0,0,0,0,0,0,0,0
2005,40303,1,1,6,13,16,11,23,8,27,12,23,12
2005,40304,1,1,7,0,12,17,31,14,9,0,7,25
2005,40304,2,1,0,0,0,0,0,0,0,0,0,0
2005,40304,3,1,0,0,0,0,0,0,0,0,0,0
2005,40305,1,1,18,18,18,18,18,18,18,18,18,18
2005,40306,1,1,0,0,0,0,0,0,0,0,0,0
2005,40306,2,1,11,11,9,0,27,21,0,0,0,11
2005,40307,1,1,0,0,0,0,0,0,0,0,0,0
2005,40307,2,1,0,0,0,0,0,0,0,0,0,0
2005,40308,1,1,0,0,0,0,25,0,21,3,10,0
2005,40308,2,1,14,17,0,6,0,8,19,16,0,0
2005,40309,1,1,0,32,14,0,0,23,21,0,0,0
2005,40310,1,1,0,0,0,0,0,0,0,0,0,0
2005,40310,2,1,0,0,0,0,0,0,0,0,0,0
2005,40311,1,2,18,0,0,16,28,0,11,14,0,19
2005,40312,1,1,21,21,21,21,21,21,21,21,21,21
2005,40313,0,1,0,0,0,0,0,0,0,0,0,0
2005,40313,1,1,0,0,0,0,0,0,0,0,0,0
2005,40314,1,2,10,6,18,0,16,26,0,0,17,17
2005,40315,1,1,0,0,0,0,9,0,0,0,0,0
2005,40315,2,1,0,0,0,0,0,0,0,9,0,0
2005,40316,1,1,17,17,17,17,17,17,17,17,17,17
2005,40317,1,1,0,0,0,0,0,0,0,0,0,0
2005,40318,1,1,0,0,0,0,0,0,0,0,0,0
2005,40318,2,1,0,0,0,6,0,6,0,0,0,0
2005,40319,0,1,20,20,20,20,20,20,20,20,20,20
2005,40319,1,1,0,0,0,0,0,0,0,0,0,0
2005,40320,1,1,26,26,26,26,26,26,26,26,26,26
2005,40320,2,1,0,0,0,0,0,0,0,0,0,0
2005,40321,1,1,0,0,0,0,0,0,0,0,0,0
2005,40322,1,1,0,0,0,0,0,0,0,0,0,0
2005,40322,2,1,0,0,0,0,0,0,0,0,0,0
2005,40323,0,1,13,13,13,13,13,13,13,13,13,13
2005,40323,1,1,0,0,0,0,0,0,0,10,0,0
2005,40324,0,1,18,17,11,15,12,32,48,23,35,20
2005,40324,1,1,0,0,0,0,0,0,0,0,0,0
2005,40325,1,1,20,20,20,20,20,20,20,20,20,20
2005,40326,1,1,16,16,16,16,16,16,16,16,16,16
2005,40327,1,1,0,30,0,0,15,8,0,0,0,0
2005,40328,1,1,0,0,0,0,0,0,0,0,0,0
2005,40328,2,1,0,0,0,0,0,0,0,0,0,0
2005,40329,0,1,0,0,0,0,0,0,0,0,0,0
2005,40329,1,1,0,0,0,0,0,0,0,0,0,0
2005,40330,1,1,2,2,2,2,2,2,2,2,2,2
2005,40331,1,1,22,0,0,0,0,21,32,21,0,18
2005,40332,1,1,15,15,15,15,15,15,15,15,15,15
2005,40333,1,1,0,0,0,0,0,0,0,0,0,0
2005,40333,2,1,0,0,0,0,11,0,0,0,0,0
2005,40334,1,1,25,25,25,25,25,25,25,25,25,25
2005,40335,1,1,18,18,18,18,18,18,18,18,18,18
2005,40336,0,1,0,0,0,0,0,0,0,0,0,0
2005,40336,1,1,0,0,0,0,0,0,0,0,0,0
2005,40337,1,1,17,17,17,17,17,17,17,17,17,17
2005,40338,0,1,17,17,17,17,17,17,17,17,17,17
2005,40338,1,1,0,0,0,0,0,0,2,0,0,0
2005,40339,1,1,0,16,0,0,0,0,0,0,0,0
2005,40339,2,1,3,0,0,0,0,0,0,0,0,13
2005,40340,0,1,0,0,3,15,20,0,42,0,0,10
2005,40340,1,1,10,0,8,18,4,11,6,13,16,16
2005,40341,1,1,0,0,0,0,0,0,7,0,0,0
2005,40342,1,1,0,0,0,0,0,0,0,0,0,0
2005,40342,2,1,0,0,0,0,0,0,0,0,0,0
2005,40343,1,1,0,12,0,0,0,0,0,0,0,0
2005,40344,1,1,14,14,14,14,14,14,14,14,14,14
2005,40345,1,1,0,0,0,0,0,0,0,0,0,0
2005,40345,2,1,0,0,0,0,0,0,0,0,0,0
2005,40346,1,1,0,8,0,0,0,9,0,0,14,0
2005,40347,1,1,0,0,0,0,0,0,0,0,0,0
2005,40347,2,1,0,0,0,0,6,0,0,0,6,0
2005,40348,1,1,0,0,0,0,0,0,0,0,0,0
2005,40349,0,1,18,19,13,19,20,40,30,24,33,46
2005,40349,0,2,14,28,0,0,25,0,26,0,3,21
2005,40349,0,3,31,0,0,30,12,0,22,0,22,28
2005,40349,0,4,27,22,23,30,21,25,6,0,32,24
2005,40349,1,1,0,0,23,0,0,0,8,0,0,25
2005,40350,1,1,0,0,0,0,0,0,0,0,0,0
2005,40351,1,1,20,0,0,10,29,0,7,28,27,0