YEAR,ST_CASE,veh_no,per_no,P1,P2,P3,P4,P5,P6,P7,P8,P9,P10
2005,40352,1,1,17,16,16,0,0,0,5,13,19,5
2005,40353,1,1,0,0,0,0,0,0,0,0,0,0
2005,40353,2,1,0,0,0,0,0,0,0,0,0,0
2005,40354,1,1,15,27,16,23,11,18,12,10,19,30
2005,40355,1,1,20,20,20,20,20,20,20,20,20,20
2005,40355,2,1,0,0,0,0,0,0,0,0,0,0
2005,40356,1,1,0,0,9,0,0,0,0,0,0,0
2005,40356,2,1,9,0,0,0,0,0,16,0,0,0
2005,40357,1,1,0,0,15,0,0,0,0,0,0,0
2005,40357,2,1,0,0,0,0,0,0,0,0,9,0
2005,40358,1,1,22,22,22,22,22,22,22,22,22,22
2005,40359,1,1,0,0,0,0,0,0,0,0,0,0
2005,40360,1,1,0,0,0,0,0,0,14,0,0,0
2005,40361,1,1,0,0,0,0,0,0,0,0,0,0
2005,40361,2,1,0,0,0,0,0,0,0,0,0,0
2005,40361,3,1,0,0,0,0,0,0,0,0,0,0
2005,40361,4,1,0,0,0,0,0,0,0,0,0,0
2005,40362,1,1,0,0,0,0,0,0,0,0,9,0
2005,40362,2,1,0,0,0,0,0,0,0,0,0,0
2005,40362,3,1,0,0,19,0,6,0,0,9,0,0
2005,40363,1,1,0,20,9,14,16,13,0,5,13,22
2005,40364,1,1,0,0,0,0,0,0,0,0,0,0
2005,40364,2,1,0,0,0,0,0,0,0,0,0,0
2005,40365,1,1,0,0,0,0,0,0,0,0,0,0
2005,40366,0,1,29,29,29,29,29,29,29,29,29,29
2005,40366,1,1,0,0,0,0,0,0,0,0,0,0
2005,40367,1,1,11,31,23,24,0,15,23,22,11,12
2005,40367,2,1,0,0,0,0,0,0,0,0,0,0
2005,40367,3,1,0,0,0,0,0,0,0,0,0,0
2005,40368,1,1,15,15,15,15,15,15,15,15,15,15
2005,40368,2,1,0,0,0,0,0,0,0,0,0,0
2005,40369,1,1,0,0,0,0,0,0,0,0,0,0
2005,40369,2,1,0,0,0,0,0,0,0,0,0,0
2005,40370,1,1,0,0,0,0,0,0,0,0,0,0
2005,40371,1,1,11,7,0,14,14,0,0,7,8,0
2005,40371,2,1,0,0,0,0,0,0,0,0,14,0
2005,40371,3,1,0,0,0,0,0,0,0,0,0,0
2005,40371,4,1,0,0,0,0,0,0,0,0,0,0
2005,40371,5,1,0,0,0,0,0,3,0,0,0,0
2005,40372,0,1,0,27,0,0,29,0,0,0,0,0
2005,40372,1,1,0,21,0,2,18,14,5,20,0,0
2005,40373,0,1,0,0,0,0,0,0,0,0,0,0
2005,40373,1,1,0,0,0,0,0,0,0,0,0,0
2005,40374,1,1,0,0,0,0,0,0,0,0,0,0
2005,40375,1,1,25,25,25,25,25,25,25,25,25,25
2005,40375,2,1,0,0,0,0,0,0,0,0,0,0
2005,40375,3,1,0,0,8,0,0,0,0,0,0,0
2005,40376,1,1,0,0,0,0,0,0,0,12,0,0
2005,40377,1,1,20,20,20,20,20,20,20,20,20,20
2005,40378,1,1,16,13,22,11,12,17,13,12,9,13
2005,40379,1,1,9,9,9,9,9,9,9,9,9,9
2005,40379,2,1,0,0,0,0,0,6,0,0,0,0
2005,40380,0,1,0,0,0,0,0,0,0,0,0,0
2005,40380,1,1,0,0,0,0,0,0,0,0,0,0
2005,40381,1,1,0,0,14,19,7,0,0,0,21,23
2005,40382,0,1,0,21,17,36,0,22,18,0,39,9
2005,40382,1,1,0,0,0,0,0,0,0,0,0,0
2005,40383,1,1,24,24,24,24,24,24,24,24,24,24
2005,40384,1,1,0,0,0,35,0,0,0,0,0,0
2005,40385,1,1,4,0,0,0,0,0,0,0,0,0
2005,40385,2,1,5,0,0,0,0,0,0,0,0,0
2005,40386,0,1,0,0,12,0,0,0,0,0,0,0
2005,40386,1,1,0,0,0,0,0,0,0,0,0,0
2005,40387,0,1,0,0,0,0,0,0,0,0,0,0
2005,40387,1,1,0,0,9,0,25,0,0,22,0,0
2005,40388,1,1,0,0,0,0,0,0,0,0,0,0
2005,40388,2,1,0,0,0,0,0,0,0,0,0,0
2005,40389,1,1,23,14,15,10,50,6,0,13,6,13
2005,40390,1,1,0,5,0,0,0,0,4,0,0,0
2005,40391,1,1,0,0,0,0,0,0,0,0,0,0
2005,40391,2,1,0,14,13,19,0,0,8,5,0,11
2005,40392,1,1,0,0,0,0,0,0,0,0,0,0
2005,40392,2,1,0,0,0,0,0,0,0,0,0,0
2005,40392,3,1,0,0,0,0,0,0,0,0,0,0
2005,40392,4,1,0,0,0,0,0,0,0,0,0,0
2005,40392,5,1,0,0,0,0,0,0,0,0,0,0
2005,40392,6,1,0,0,0,0,0,0,0,0,0,0
2005,40392,7,1,0,0,0,0,0,0,0,0,0,0
2005,40392,8,1,0,0,0,0,0,0,0,0,0,0
2005,40392,9,1,0,0,0,0,0,0,0,0,0,0
2005,40393,1,1,0,0,0,0,0,0,0,0,0,0
2005,40393,2,1,0,0,0,0,0,0,0,0,18,0
2005,40394,0,1,0,0,0,0,0,0,0,0,0,0
2005,40394,1,1,0,0,0,0,0,0,0,0,0,0
2005,40395,1,1,0,0,0,7,0,0,19,0,0,0
2005,40395,2,1,0,0,0,0,0,0,0,0,0,0
2005,40395,3,1,0,0,0,0,0,0,0,0,0,0
2005,40396,0,1,26,26,26,26,26,26,26,26,26,26
2005,40396,1,1,0,0,0,0,0,0,0,0,0,0
2005,40397,1,1,21,21,21,21,21,21,21,21,21,21
2005,40397,2,1,0,0,0,10,27,6,0,10,0,14
2005,40398,0,1,35,35,35,35,35,35,35,35,35,35
2005,40398,1,1,0,2,0,15,0,5,0,0,19,0
2005,40398,2,1,0,0,0,0,0,0,0,0,0,0
2005,40399,1,1,0,0,0,0,0,0,0,0,0,0
2005,40400,1,1,3,12,15,17,25,21,19,15,3,13
2005,40401,1,1,0,19,0,0,13,0,0,0,0,3
2005,40402,1,1,20,17,20,20,11,21,32,10,36,29
2005,40403,1,1,0,0,0,0,22,0,0,0,21,0
2005,40403,2,1,0,0,0,17,0,0,7,0,0,0
2005,40404,1,1,0,16,0,16,20,0,0,0,10,32
2005,40405,0,1,0,0,0,0,0,0,0,0,0,0
2005,40405,1,1,11,0,0,12,0,0,22,18,10,0
2005,40406,1,1,7,0,3,0,10,14,13,11,20,5
2005,40407,1,1,0,0,0,0,0,0,0,0,0,0
2005,40407,2,1,0,0,0,0,0,0,0,0,0,0
2005,40408,1,1,12,12,12,12,12,12,12,12,12,12
2005,40408,2,1,24,15,13,33,0,0,13,0,0,0
2005,40409,1,1,9,15,6,0,10,10,23,35,6,0
2005,40409,2,1,0,0,0,0,0,0,0,0,0,0
2005,40410,0,1,0,0,0,0,0,0,0,0,0,0
2005,40410,1,1,0,0,0,0,0,0,0,0,0,0
2005,40411,1,1,0,0,0,0,0,20,0,0,0,0
2005,40412,1,1,0,0,0,0,0,0,0,0,0,0
2005,40413,1,1,0,0,0,0,0,8,0,0,0,0
2005,40413,2,1,0,0,0,0,0,0,0,0,0,0
2005,40413,3,1,0,0,0,0,0,0,0,0,0,0
2005,40413,4,1,0,0,0,0,0,0,0,0,0,0
2005,40414,1,1,0,0,0,0,0,0,2,0,0,0
2005,40414,2,1,0,0,0,0,0,0,0,0,0,0
2005,40415,1,1,0,0,0,7,0,13,0,11,0,0
2005,40416,1,1,0,0,0,0,0,0,0,0,0,0
2005,40416,2,1,0,0,0,0,0,0,0,0,0,0
2005,40416,3,1,0,0,0,0,0,0,0,0,0,0
2005,40417,1,1,25,16,12,0,18,11,14,22,10,11
2005,40417,2,1,0,0,0,0,0,0,0,0,7,0
2005,40418,1,1,0,0,0,0,0,7,0,0,0,0
2005,40418,2,1,0,0,20,0,0,0,0,0,11,0
2005,40419,1,1,32,32,32,32,32,32,32,32,32,32
2005,40420,1,1,0,0,0,0,0,0,0,0,0,0
2005,40420,2,1,0,0,0,0,0,0,0,0,0,0
2005,40421,1,1,0,0,0,0,0,0,0,0,0,0
2005,40422,1,1,0,0,0,0,0,0,0,0,13,0
2005,40423,1,1,0,0,17,0,18,0,0,21,0,0
2005,40424,1,1,0,0,0,0,0,0,0,0,0,0
2005,40425,0,1,0,0,0,0,0,0,0,0,0,0
2005,40425,1,1,0,0,0,0,0,0,0,0,0,0
2005,40426,1,1,17,10,12,30,18,27,13,25,15,13
2005,40426,2,1,0,0,0,0,0,0,0,7,0,0
2005,40427,1,1,16,23,19,18,15,6,19,40,23,6
2005,40428,1,1,0,0,18,0,0,0,0,0,0,0
2005,40429,1,1,0,0,0,0,0,0,0,0,0,0
2005,40429,2,1,0,0,15,0,0,0,0,0,0,0
2005,40430,1,1,0,0,0,0,0,0,0,0,0,0
2005,40431,0,1,0,0,0,0,0,0,0,0,0,0
2005,40431,1,1,0,0,0,0,0,0,0,0,7,0
2005,40432,1,1,13,13,13,13,13,13,13,13,13,13
2005,40432,2,1,0,0,0,0,0,0,0,0,0,0
2005,40432,3,1,0,0,0,0,0,0,0,0,0,0
2005,40433,1,1,0,0,0,0,0,0,0,0,0,0
2005,40433,2,1,0,0,0,0,0,0,0,0,0,0
2005,40433,3,1,0,0,0,0,0,0,0,0,0,0
2005,40434,1,1,0,0,0,0,0,0,0,0,0,0
2005,40434,2,1,0,6,13,0,0,0,11,0,0,15
2005,40435,1,1,0,0,0,0,0,0,0,0,0,0
2005,40435,2,1,0,0,0,0,0,0,0,0,0,0
2005,40436,0,1,0,0,0,0,0,0,0,0,0,0
2005,40436,1,1,0,0,0,0,0,0,0,0,12,0
2005,40437,1,1,0,0,0,0,0,0,0,0,0,0
2005,40437,2,1,0,0,0,0,0,0,0,0,0,0
2005,40438,1,1,0,0,0,9,0,13,0,0,0,0
2005,40439,1,1,17,0,26,25,25,21,14,8,6,13
2005,40439,2,1,0,0,0,0,0,0,0,0,0,0
2005,40440,1,1,0,0,0,0,0,0,0,0,0,0
2005,40441,1,1,0,0,0,0,0,0,0,0,0,19
2005,40442,1,1,9,9,9,9,9,9,9,9,9,9
2005,40443,1,1,10,24,23,21,13,38,0,21,14,23
2005,40444,0,1,0,0,0,0,0,0,0,0,0,0
2005,40444,1,1,0,0,0,0,0,0,0,0,0,0
2005,40445,1,1,18,0,16,0,0,0,11,0,5,24
2005,40445,2,1,0,0,0,0,0,0,0,0,0,0
2005,40446,0,1,39,39,39,39,39,39,39,39,39,39
2005,40446,1,1,0,0,0,0,0,0,0,0,0,0
2005,40447,1,1,0,0,0,0,6,0,23,0,0,0
2005,40448,0,1,0,0,0,0,0,0,0,16,0,0
2005,40448,1,1,25,0,0,24,6,0,0,12,0,0
2005,40449,1,1,0,18,0,14,0,17,16,9,0,12
2005,40450,1,1,0,0,0,0,0,0,0,0,0,0
2005,40450,2,1,0,0,0,0,0,0,0,0,0,0
2005,40451,1,1,0,0,0,0,0,0,0,0,0,0
2005,40451,2,1,0,0,0,0,0,0,0,0,0,7
2005,40452,1,1,0,0,0,0,0,0,0,0,0,0
2005,40453,1,1,0,12,0,5,11,0,13,12,0,0
2005,40454,1,1,0,0,0,0,0,0,0,0,0,0
2005,40454,2,1,0,5,0,0,0,0,0,0,0,6
2005,40455,1,1,4,0,29,0,0,0,8,0,0,0
2005,40455,2,1,0,0,0,0,24,0,5,39,28,0
2005,40456,1,1,13,0,12,0,0,0,10,0,0,21
2005,40457,1,1,0,0,0,0,0,0,0,0,0,0
2005,40458,0,1,20,20,20,20,20,20,20,20,20,20
2005,40458,1,1,15,15,15,15,15,15,15,15,15,15
2005,40458,2,1,18,18,18,18,18,18,18,18,18,18
2005,40459,0,1,27,27,27,27,27,27,27,27,27,27
2005,40459,1,1,0,29,0,0,0,0,0,0,0,0
2005,40460,1,1,20,20,20,20,20,20,20,20,20,20
2005,40460,2,1,0,0,0,0,0,0,0,0,0,0
2005,40461,1,1,20,4,18,8,9,7,23,8,25,17
2005,40461,2,1,0,0,12,0,0,0,0,0,0,0
2005,40462,1,1,1,1,1,1,1,1,1,1,1,1
2005,40462,2,1,0,0,0,0,0,0,0,0,0,0
2005,40463,1,1,23,29,17,11,20,12,15,14,16,11
2005,40463,2,1,0,0,0,0,0,0,0,0,0,0
2005,40464,1,1,18,18,18,18,18,18,18,18,18,18
2005,40465,1,1,0,0,0,0,0,0,0,0,0,0
2005,40466,1,1,16,16,16,16,16,16,16,16,16,16
2005,40467,1,1,20,17,17,14,21,16,17,22,14,13
2005,40468,1,1,0,0,0,0,0,0,0,16,13,0
2005,40469,1,1,9,29,0,11,8,9,7,28,0,4
2005,40470,1,1,0,0,0,0,0,0,0,0,0,0
2005,40470,2,1,0,0,0,0,0,0,0,0,0,0
2005,40471,1,1,0,0,0,0,31,14,0,14,0,32
2005,40472,1,1,0,0,0,0,0,0,0,0,0,0
2005,40473,1,1,0,0,0,0,0,0,0,0,0,0
2005,40473,2,1,0,0,0,0,0,0,0,0,0,0
2005,40474,0,1,24,24,24,24,24,24,24,24,24,24
2005,40474,1,1,0,0,0,0,0,0,0,0,0,0
2005,40475,1,1,15,23,21,4,8,17,5,17,14,3
2005,40475,2,1,7,0,0,14,9,0,0,15,8,0
2005,40476,1,1,0,0,0,0,0,0,0,0,0,0
2005,40477,0,1,38,38,38,38,38,38,38,38,38,38
2005,40477,1,1,0,0,0,0,0,0,0,0,0,0
2005,40478,0,1,20,20,20,20,20,20,20,20,20,20
2005,40478,1,1,0,0,0,0,0,0,0,0,0,0
2005,40479,1,1,0,16,0,16,22,5,0,16,7,0
2005,40480,1,1,0,15,14,0,13,0,23,16,0,12
2005,40481,1,1,0,0,0,0,0,0,0,0,0,0
2005,40481,2,1,0,0,0,0,0,0,2,0,10,0
2005,40481,3,1,0,0,17,0,0,0,0,0,0,0
2005,40481,4,1,0,0,0,0,0,0,0,0,0,16
2005,40482,1,1,0,0,0,0,0,0,0,0,0,0
2005,40482,2,1,0,0,0,0,0,0,0,0,0,0
2005,40483,0,1,0,0,0,0,0,0,0,0,0,0
2005,40483,1,1,0,0,0,0,0,0,0,0,0,0
2005,40484,1,1,0,0,0,0,0,0,0,0,0,0
2005,40485,1,1,0,0,0,0,0,0,0,0,0,0
2005,40485,2,1,0,0,0,0,0,0,0,0,0,0
2005,40486,1,1,0,9,0,0,0,0,0,0,0,0
2005,40486,2,1,0,0,0,0,0,0,0,0,0,0
2005,40486,3,1,0,0,0,0,0,0,0,0,0,0
2005,40487,1,1,0,0,0,0,22,0,9,17,19,4
2005,40488,1,1,0,0,18,0,0,0,0,0,0,17
2005,40489,1,1,0,0,0,0,0,0,0,0,11,0
2005,40490,1,1,22,22,22,22,22,22,22,22,22,22
2005,40491,1,1,20,20,20,20,20,20,20,20,20,20
2005,40491,2,1,0,0,0,0,0,0,0,0,0,0
2005,40492,1,1,5,0,6,0,0,0,0,0,0,0
2005,40492,2,1,0,0,0,0,0,0,0,0,0,0
2005,40492,3,1,0,0,0,7,0,0,0,0,0,0
2005,40493,1,1,18,0,4,0,0,0,0,0,0,0
2005,40494,1,1,0,0,0,0,0,0,0,11,17,0
2005,40495,1,1,20,23,17,17,18,0,0,9,1,0
2005,40496,0,1,0,19,23,30,0,16,10,11,0,15
2005,40496,1,1,0,9,0,0,0,0,0,0,0,0
2005,40497,1,1,0,0,0,0,0,0,0,0,0,0
2005,40498,1,1,0,0,0,0,0,0,0,0,0,0
2005,40498,2,1,0,0,0,10,0,0,0,0,0,0
2005,40498,3,1,0,0,0,0,0,0,0,0,0,0
2005,40499,1,1,0,0,0,0,0,0,0,0,0,0
2005,40500,1,1,20,20,20,20,20,20,20,20,20,20
2005,40501,1,1,16,0,13,0,19,18,0,0,6,17
2005,40501,2,1,0,0,0,0,11,0,21,21,20,19
2005,40502,0,1,0,0,0,0,18,0,0,14,0,0
2005,40502,1,1,0,0,0,0,0,0,0,0,0,0
2005,40503,1,1,13,2,21,0,20,21,21,32,16,27
2005,40504,1,1,46,16,12,0,37,25,20,18,12,14
2005,40504,2,1,0,0,0,0,0,0,0,0,0,0
2005,40505,0,1,28,28,28,28,28,28,28,28,28,28
2005,40505,1,1,0,15,0,13,0,0,0,0,0,0
2005,40506,1,1,0,0,0,0,0,0,13,0,0,0
2005,40506,2,1,0,0,0,0,0,0,0,0,0,0
2005,40507,1,1,0,0,0,0,0,0,0,0,0,0
2005,40507,2,1,0,0,0,0,0,0,0,0,0,0
2005,40508,1,1,1,1,1,1,1,1,1,1,1,1
2005,40509,1,1,18,7,21,18,30,24,20,26,10,12
2005,40510,0,1,0,0,0,0,0,0,0,0,0,0
2005,40510,1,1,0,0,0,0,0,0,0,0,0,0
2005,40511,1,1,0,0,0,0,0,0,0,0,0,0
2005,40511,2,1,11,24,18,16,0,25,9,28,31,31
2005,40512,1,1,0,0,0,0,0,0,0,0,0,0
2005,40512,2,1,0,0,3,0,0,0,0,7,0,0
2005,40513,1,1,0,0,0,0,0,0,0,0,0,0
2005,40513,2,1,0,0,0,6,0,0,0,0,0,0
2005,40514,0,1,17,32,0,19,18,9,0,9,13,0
2005,40514,1,1,0,0,0,0,0,18,0,18,0,0
2005,40515,0,1,25,25,25,25,25,25,25,25,25,25
2005,40515,1,1,0,0,0,0,0,0,0,0,0,0
2005,40516,1,1,39,0,17,0,7,0,0,0,0,10
2005,40517,1,1,0,0,0,0,0,0,0,0,0,0
2005,40517,2,1,0,0,0,0,0,2,0,3,0,0
2005,40518,1,1,0,0,0,0,0,0,0,0,0,0
2005,40518,2,1,0,0,0,0,0,0,0,0,0,0
2005,40519,1,1,18,18,18,18,18,18,18,18,18,18
2005,40520,1,1,27,24,19,15,20,24,25,2,37,24
2005,40520,2,1,0,0,0,14,0,11,0,14,18,14
2005,40521,1,1,17,24,19,24,22,22,21,26,8,5
2005,40522,1,1,29,29,29,29,29,29,29,29,29,29
2005,40523,1,1,0,0,0,0,0,0,0,0,0,0
2005,40523,2,1,4,4,4,4,4,4,4,4,4,4
2005,40524,1,1,13,6,3,10,26,23,12,18,3,12
2005,40524,2,1,0,0,0,0,0,0,0,0,0,0
2005,40525,1,1,20,18,12,36,14,10,21,17,14,4
2005,40526,1,1,0,0,0,0,0,0,0,0,0,0
2005,40527,1,1,0,0,0,0,0,0,0,0,0,0
2005,40527,2,1,0,0,0,0,0,0,0,0,0,0
2005,40528,1,1,0,0,0,0,0,0,0,0,0,0
2005,40528,2,1,0,0,0,0,0,0,0,0,0,0
2005,40528,3,1,0,0,0,0,0,0,13,0,0,0
2005,40528,4,1,0,0,0,0,0,0,0,0,0,0
2005,40529,1,1,16,0,15,22,0,18,35,0,0,0
2005,40530,1,1,35,0,0,21,11,0,0,21,0,0
2005,40531,1,1,13,25,24,18,4,0,22,20,23,19
2005,40532,1,1,0,0,0,0,0,0,0,0,0,0
2005,40533,1,1,0,0,0,0,0,0,0,0,0,0
2005,40533,2,1,0,0,0,0,0,0,0,0,0,0
2005,40534,0,1,0,0,20,0,0,0,0,17,0,0
2005,40534,0,2,0,20,0,0,0,0,30,17,0,10
2005,40534,1,1,0,0,0,0,0,0,0,0,0,0
2005,40534,2,1,0,0,0,0,0,0,0,0,0,0
2005,40535,0,1,31,13,0,0,0,0,0,11,0,10
2005,40535,0,2,0,11,0,0,0,0,18,0,27,11
2005,40535,2,1,0,0,0,0,0,0,0,0,0,0
2005,40536,1,1,0,0,0,0,0,0,0,2,0,0
2005,40537,1,1,34,0,0,0,0,23,0,0,19,0
2005,40537,2,1,0,0,0,0,0,0,0,0,0,0
2005,40538,0,1,0,0,0,0,10,0,0,0,0,0
2005,40538,1,1,0,0,0,0,0,0,0,0,0,0
2005,40539,1,1,0,0,0,0,0,11,0,0,0,0
2005,40539,2,1,0,0,0,0,0,0,0,0,0,0
2005,40540,1,1,0,0,0,0,0,0,0,0,0,5
2005,40540,2,1,0,0,0,0,0,0,0,0,0,0
2005,40541,1,1,11,11,11,11,11,11,11,11,11,11
2005,40542,1,1,0,0,0,0,0,0,0,0,0,0
2005,40542,2,1,0,0,0,0,0,0,0,0,0,0
2005,40543,1,1,20,0,0,8,13,7,20,4,21,23
2005,40544,0,1,0,0,0,0,0,0,0,0,0,0
2005,40544,1,1,0,0,0,0,0,0,0,0,0,0
2005,40545,1,1,0,11,19,3,12,0,3,0,15,0
2005,40546,0,1,22,22,22,22,22,22,22,22,22,22
2005,40546,1,1,0,0,0,0,0,0,0,0,0,0
2005,40547,1,1,10,0,13,8,34,0,0,0,9,11
2005,40548,1,1,0,0,0,0,0,0,0,0,0,0
2005,40549,1,1,0,0,0,0,0,0,12,0,0,0
2005,40550,1,1,23,23,23,23,23,23,23,23,23,23
2005,40550,2,1,0,6,0,6,0,0,0,0,0,0
2005,40550,3,1,0,0,0,0,0,6,0,0,0,0
2005,40550,4,1,0,0,2,0,0,0,0,0,0,20
2005,40550,5,1,0,0,0,0,17,0,0,0,11,0
2005,40551,0,1,0,0,0,0,0,0,0,0,0,0
2005,40551,1,1,11,0,0,0,11,0,0,11,12,26
2005,40551,2,1,0,0,0,0,0,0,0,0,0,0
2005,40552,1,1,0,7,11,0,20,21,9,31,0,11
2005,40553,1,1,0,0,0,0,0,0,0,0,0,0
2005,40554,0,1,46,0,0,0,0,8,0,0,0,0
2005,40554,1,1,11,0,11,22,18,0,0,0,10,0
2005,40555,1,1,0,0,0,0,0,0,0,0,0,0
2005,40555,2,1,0,0,0,0,0,0,0,0,0,0
2005,40556,0,1,17,3,0,0,0,0,0,18,0,0
2005,40556,0,2,0,0,0,0,0,0,0,0,0,0
2005,40556,1,1,0,0,0,0,0,0,0,0,0,0
2005,40557,1,1,24,0,0,0,0,0,0,0,0,0
2005,40558,0,1,20,0,0,9,36,31,0,8,19,20
2005,40558,1,1,0,0,0,0,0,0,0,0,0,0
2005,40559,0,1,22,22,22,22,22,22,22,22,22,22
2005,40559,1,1,0,0,6,0,0,0,0,0,0,0
2005,40560,1,1,0,0,0,0,0,0,0,0,0,0
2005,40560,2,1,0,0,0,0,0,0,0,0,0,0
2005,40561,1,1,0,0,0,0,0,0,0,0,0,0
2005,40562,1,1,0,0,0,21,15,0,6,41,0,0
2005,40563,1,1,26,27,0,30,33,0,11,20,27,22
2005,40564,1,1,0,0,0,0,0,17,18,0,0,7
2005,40564,2,1,0,14,21,0,5,0,0,0,0,0
2005,40565,0,1,17,17,17,17,17,17,17,17,17,17
2005,40565,1,1,0,0,0,0,0,0,0,0,0,0
2005,40566,1,1,0,0,21,31,0,35,0,0,0,0
2005,40567,1,1,0,0,0,0,0,0,0,0,0,0
2005,40567,2,1,0,0,0,0,0,0,0,0,0,0
2005,40568,1,1,0,0,0,0,0,0,16,0,0,0
2005,40568,2,1,0,0,0,0,0,0,0,0,0,0
2005,40569,1,1,24,1,14,16,0,25,20,17,0,0
2005,40570,1,1,0,0,0,0,0,0,0,0,0,0
2005,40570,2,1,0,0,0,0,0,0,0,0,0,0
2005,40571,0,1,0,0,0,0,0,0,0,0,0,0
2005,40571,1,1,14,0,0,0,19,0,0,0,0,0
2005,40572,1,1,0,0,0,0,0,0,0,0,0,0
2005,40573,1,1,0,0,0,0,0,0,0,0,0,0
2005,40573,2,1,0,0,0,0,0,0,0,0,0,0
2005,40574,0,1,0,0,0,0,0,0,0,0,0,0
2005,40574,0,2,0,0,0,0,0,0,0,0,0,0
2005,40574,0,3,0,0,0,0,0,0,0,0,0,0
2005,40574,1,1,0,0,0,0,0,0,0,0,0,0
2005,40575,1,1,0,0,0,0,0,0,0,0,0,0
2005,40576,1,1,0,0,0,0,0,0,0,0,0,0
2005,40576,2,1,0,0,0,0,0,0,0,0,0,0
2005,40577,1,1,0,0,0,0,0,0,0,0,0,0
2005,40578,1,1,25,16,15,0,14,14,0,0,11,11
2005,40578,2,1,0,0,0,0,0,0,0,0,0,0
2005,40578,3,1,0,0,16,0,0,0,0,0,0,0
2005,40579,1,1,0,0,0,0,0,0,0,0,0,0
2005,40579,2,1,11,0,0,0,0,0,0,0,0,0
2005,40580,1,1,0,0,0,0,0,0,16,0,0,0
2005,40581,0,1,0,0,0,0,0,0,0,25,0,6
2005,40581,1,1,0,0,0,0,0,0,0,0,0,0
2005,40582,1,1,14,14,14,14,14,14,14,14,14,14
2005,40582,2,1,0,0,0,0,0,0,0,0,0,0
2005,40583,1,1,0,0,0,0,0,0,17,0,0,7
2005,40583,2,1,0,0,0,0,0,0,0,0,0,0
2005,40584,1,1,0,0,0,0,0,0,0,0,0,0
2005,40585,1,1,19,19,19,19,19,19,19,19,19,19
2005,40585,2,1,0,0,0,0,0,0,0,0,0,0
2005,40586,1,1,17,11,0,0,13,0,23,0,0,21
2005,40586,2,1,0,0,0,0,0,0,0,0,0,0
2005,40587,0,1,30,30,30,30,30,30,30,30,30,30
2005,40587,1,1,0,0,0,0,0,0,0,0,0,0
2005,40588,1,1,0,0,0,0,22,0,0,0,0,0
2005,40588,2,1,0,0,0,0,0,0,0,0,0,0
2005,40589,1,1,0,0,0,0,0,0,0,0,0,4
2005,40589,2,1,0,0,0,0,0,0,0,0,0,0
2005,40589,3,1,0,0,0,0,0,0,0,0,0,0
2005,40590,1,1,0,0,0,0,0,0,10,10,0,0
2005,40590,2,1,0,0,4,0,0,0,0,4,0,0
2005,40591,1,1,0,0,0,0,0,0,0,0,0,0
2005,40591,2,1,0,0,0,0,0,0,0,0,0,0
2005,40592,1,1,27,9,0,10,11,10,0,5,10,31
2005,40593,1,1,30,30,30,30,30,30,30,30,30,30
2005,40594,1,1,18,18,18,18,18,18,18,18,18,18
2005,40594,2,1,0,0,0,0,0,0,0,0,0,0
2005,40594,3,1,0,0,0,0,0,0,0,0,0,0
2005,40595,0,1,0,0,0,0,0,0,0,0,0,0
2005,40595,0,2,14,21,0,28,7,23,25,23,6,5
2005,40595,1,1,0,0,0,0,12,0,0,0,0,0
2005,40596,1,1,0,0,0,0,0,0,0,0,0,0
2005,40597,0,1,14,14,14,14,14,14,14,14,14,14
2005,40597,1,1,16,36,18,7,9,27,15,13,12,27
2005,40598,1,1,0,0,0,0,0,0,16,26,11,0
2005,40599,0,1,0,34,60,14,0,14,0,0,11,25
2005,40599,1,1,0,0,0,0,0,0,0,0,0,0
2005,40600,1,1,0,0,0,0,0,0,0,0,0,0
2005,40600,2,1,0,0,0,0,0,0,0,0,0,0
2005,40601,0,1,0,0,0,0,0,0,0,0,0,0
2005,40601,1,1,0,0,0,0,0,0,0,0,0,0
2005,40602,1,1,0,12,14,18,19,19,0,10,26,0
2005,40603,1,1,11,11,11,11,11,11,11,11,11,11
2005,40603,2,1,0,0,0,0,0,0,0,0,0,0
2005,40604,1,1,0,25,0,0,0,0,0,0,0,27
2005,40604,2,1,0,0,0,0,0,0,0,0,0,0
2005,40605,0,1,16,16,16,16,16,16,16,16,16,16
2005,40605,1,1,28,9,13,12,11,10,30,10,29,8
2005,40606,0,1,3,3,3,3,3,3,3,3,3,3
2005,40606,1,1,0,7,18,0,34,0,0,0,0,0
2005,40607,1,1,0,0,15,0,22,0,0,0,0,0
2005,40607,2,1,0,0,0,0,0,0,0,0,0,0
2005,40608,1,1,0,0,0,14,3,0,0,0,0,0
2005,40608,2,1,0,15,0,0,0,0,0,0,0,13
2005,40609,1,1,6,6,6,6,6,6,6,6,6,6
2005,40610,1,1,16,14,15,22,12,9,7,0,17,0
2005,40611,1,1,15,15,15,15,15,15,15,15,15,15
2005,40612,1,1,0,27,17,27,0,0,25,3,12,16
2005,40613,0,1,0,0,0,0,0,0,0,0,0,0
2005,40613,1,1,0,5,0,8,0,0,13,0,0,0
2005,40613,2,1,0,0,0,12,0,0,0,0,0,0
2005,40614,1,1,43,43,43,43,43,43,43,43,43,43
2005,40614,2,1,0,0,0,0,0,0,0,0,0,0
2005,40615,1,1,13,0,15,0,0,0,0,0,0,23
2005,40616,1,1,0,17,0,0,0,15,10,0,0,0
2005,40616,2,1,30,13,6,0,9,18,0,0,33,26
2005,40617,1,1,0,0,0,0,0,0,0,0,0,0
2005,40617,2,1,0,0,0,0,0,0,0,0,0,0
2005,40618,1,1,0,0,0,0,0,0,0,0,15,0
2005,40619,1,1,0,0,0,0,0,0,0,0,0,0
2005,40619,2,1,20,16,27,20,28,18,24,21,17,11
2005,40620,1,1,37,37,37,37,37,37,37,37,37,37