YEAR,ST_CASE,veh_no,per_no,P1,P2,P3,P4,P5,P6,P7,P8,P9,P10
2005,40621,1,1,11,24,15,32,22,12,0,29,6,17
2005,40622,1,1,0,0,8,0,27,7,8,34,3,9
2005,40623,0,1,3,3,3,3,3,3,3,3,3,3
2005,40623,1,1,0,0,11,0,4,0,12,0,0,0
2005,40624,1,1,0,0,0,0,0,0,0,13,8,0
2005,40624,2,1,0,0,0,0,0,0,0,0,0,0
2005,40625,0,1,0,0,0,0,0,0,0,0,0,0
2005,40625,1,1,0,0,0,0,0,0,0,0,0,0
2005,40626,0,1,26,24,29,22,18,30,24,20,41,21
2005,40626,1,1,0,14,0,5,0,0,0,0,28,0
2005,40627,1,1,0,0,0,0,0,0,0,0,0,0
2005,40627,2,1,0,0,0,0,0,0,0,0,0,0
2005,40628,1,1,18,0,5,0,0,0,0,0,0,0
2005,40629,1,1,18,18,18,18,18,18,18,18,18,18
2005,40630,1,1,0,0,0,0,0,0,0,0,0,0
2005,40630,2,1,2,2,2,2,2,2,2,2,2,2
2005,40631,1,1,20,0,25,27,12,21,10,21,28,19
2005,40631,2,1,0,0,0,0,0,0,0,0,0,0
2005,40632,1,1,0,0,0,0,0,0,0,0,0,0
2005,40632,2,1,0,0,0,0,0,0,0,0,0,0
2005,40632,3,1,0,0,0,0,0,0,0,0,0,0
2005,40632,4,1,0,0,0,0,0,0,0,0,0,0
2005,40632,5,1,0,0,0,0,0,0,0,0,0,0
2005,40632,6,1,0,0,0,0,0,0,0,0,0,0
2005,40632,7,1,0,0,0,0,0,0,0,0,0,0
2005,40633,1,1,16,0,0,13,0,10,22,15,0,35
2005,40634,1,1,32,32,32,32,32,32,32,32,32,32
2005,40635,1,1,0,0,0,0,0,0,0,0,0,0
2005,40636,1,1,0,0,0,0,0,0,0,0,0,0
2005,40636,2,1,0,0,0,0,0,0,0,0,0,0
2005,40637,0,1,29,29,29,29,29,29,29,29,29,29
2005,40637,1,1,11,0,13,0,0,18,0,0,0,0
2005,40638,1,1,19,19,19,19,19,19,19,19,19,19
2005,40639,1,1,0,11,29,19,0,10,12,25,16,9
2005,40639,2,1,15,0,0,0,0,0,0,0,0,0
2005,40640,1,1,2,2,2,2,2,2,2,2,2,2
2005,40641,1,1,33,33,33,33,33,33,33,33,33,33
2005,40641,2,1,0,20,0,0,0,0,0,0,0,18
2005,40641,3,1,0,0,0,0,0,0,0,0,0,0
2005,40642,1,1,17,0,10,0,0,14,7,20,0,18
2005,40643,1,1,0,0,0,0,0,0,0,0,0,0
2005,40643,2,1,0,0,0,0,0,0,0,0,0,0
2005,40644,0,1,18,0,0,0,0,0,0,0,4,0
2005,40644,1,1,0,0,0,0,0,0,0,0,0,0
2005,40645,0,1,0,0,22,0,0,5,10,16,0,16
2005,40645,1,1,0,18,0,0,8,0,0,0,0,0
2005,40646,0,1,9,9,9,9,9,9,9,9,9,9
2005,40646,1,1,0,0,0,0,0,0,0,0,0,0
2005,40647,1,1,14,0,0,0,0,0,13,0,0,13
2005,40648,1,1,22,29,0,0,0,24,32,0,18,0
2005,40649,1,1,0,7,28,11,19,18,16,0,19,15
2005,40650,1,1,0,0,0,0,0,0,0,0,0,0
2005,40650,2,1,0,0,0,0,0,0,0,0,0,0
2005,40651,1,1,0,0,0,0,0,0,0,0,0,0
2005,40652,1,1,0,0,0,0,0,0,0,0,20,0
2005,40653,1,1,0,0,0,0,0,0,0,0,0,0
2005,40653,2,1,0,0,0,0,0,0,0,0,0,0
2005,40654,1,1,10,10,10,10,10,10,10,10,10,10
2005,40654,2,1,0,0,0,0,0,0,0,12,0,0
2005,40654,3,1,0,0,0,0,0,0,0,0,0,0
2005,40655,0,1,31,31,31,31,31,31,31,31,31,31
2005,40655,1,1,12,0,22,11,7,10,18,8,28,17
2005,40656,1,1,17,7,8,16,4,23,28,13,25,7
2005,40657,0,1,0,0,0,0,0,0,0,0,0,0
2005,40657,1,1,0,0,0,0,0,0,0,0,0,0
2005,40658,1,1,0,0,0,0,0,0,0,0,0,0
2005,40658,2,1,0,0,0,0,0,0,5,0,0,0
2005,40659,0,1,0,0,0,0,0,0,0,0,0,0
2005,40659,1,1,0,0,0,0,0,0,0,0,0,0
2005,40660,1,1,0,0,0,0,0,0,0,0,0,0
2005,40660,2,1,0,0,0,0,0,0,0,0,0,0
2005,40661,1,1,0,0,0,0,0,9,0,0,0,0
2005,40661,2,1,0,0,0,0,0,0,0,0,0,0
2005,40662,1,1,0,9,14,15,0,16,19,19,20,22
2005,40663,1,1,18,18,18,18,18,18,18,18,18,18
2005,40663,2,1,0,0,0,0,0,0,0,0,0,0
2005,40663,3,1,0,18,0,13,0,0,0,0,0,14
2005,40664,1,1,0,0,0,0,0,0,0,0,0,0
2005,40664,2,1,8,0,0,11,0,0,0,0,0,12
2005,40665,1,1,25,26,18,21,30,13,17,13,16,8
2005,40666,1,1,0,0,0,0,0,0,0,0,0,0
2005,40666,2,1,12,12,12,12,12,12,12,12,12,12
2005,40667,1,1,0,0,0,0,0,0,0,0,0,0
2005,40667,2,1,0,0,0,0,0,0,0,0,0,0
2005,40668,1,1,25,25,25,25,25,25,25,25,25,25
2005,40668,2,1,2,2,2,2,2,2,2,2,2,2
2005,40670,1,1,0,0,0,0,16,0,0,0,0,0
2005,40671,0,1,0,0,0,0,0,0,0,0,0,0
2005,40671,0,2,0,0,0,0,0,0,0,0,0,0
2005,40671,1,1,0,0,0,0,0,0,0,0,0,0
2005,40672,1,1,0,0,0,0,0,0,0,0,0,0
2005,40673,1,1,0,0,0,0,0,0,0,0,0,0
2005,40674,1,1,0,0,0,0,0,0,0,0,0,0
2005,40674,2,1,0,0,0,0,0,0,0,0,0,0
2005,40675,1,1,0,0,0,18,0,0,0,0,0,0
2005,40676,0,1,0,0,0,0,0,0,0,0,0,0
2005,40676,1,1,0,0,0,0,0,0,0,0,0,0
2005,40677,1,1,0,0,0,0,0,0,0,0,0,0
2005,40678,1,1,23,7,27,32,18,30,18,12,12,17
2005,40679,1,1,0,14,8,23,0,0,17,6,0,0
2005,40680,1,1,32,32,32,32,32,32,32,32,32,32
2005,40681,1,1,14,14,14,14,14,14,14,14,14,14
2005,40681,2,1,0,0,0,0,0,0,0,0,0,0
2005,40682,1,1,0,0,0,0,0,0,0,0,0,0
2005,40682,2,1,0,0,0,0,0,0,0,0,0,0
2005,40683,1,1,0,0,0,0,0,0,0,0,0,0
2005,40683,2,1,0,0,0,0,0,0,0,0,0,0
2005,40684,0,1,10,10,10,10,10,10,10,10,10,10
2005,40684,1,1,0,0,0,0,0,0,0,0,0,0
2005,40685,1,1,8,8,8,8,8,8,8,8,8,8
2005,40686,1,1,8,16,0,6,0,5,0,19,0,11
2005,40687,1,1,28,28,28,28,28,28,28,28,28,28
2005,40687,2,1,0,0,0,0,0,0,0,0,0,0
2005,40688,0,1,0,0,0,0,0,0,0,0,0,0
2005,40688,1,1,0,0,0,0,10,0,0,0,0,0
2005,40689,1,1,6,17,17,0,0,0,22,20,10,0
2005,40690,1,1,4,4,4,4,4,4,4,4,4,4
2005,40691,1,1,0,0,0,0,0,0,0,0,0,0
2005,40691,2,1,0,0,0,0,0,0,0,0,0,0
2005,40692,0,1,28,21,16,35,0,6,36,31,12,10
2005,40692,1,1,0,0,0,0,0,0,0,0,0,0
2005,40693,0,1,0,0,0,0,0,0,0,0,0,0
2005,40693,1,1,0,0,0,0,0,0,0,0,0,0
2005,40694,1,1,0,0,0,0,0,0,0,0,0,9
2005,40695,0,1,0,0,0,0,0,0,0,0,0,0
2005,40695,1,1,0,0,0,0,0,0,0,0,0,0
2005,40696,1,1,0,0,0,0,0,0,0,0,0,0
2005,40696,2,1,0,0,0,0,0,0,0,0,0,0
2005,40696,3,1,0,0,0,0,0,0,0,0,0,0
2005,40696,4,1,0,0,0,0,0,0,0,0,0,0
2005,40696,5,1,0,0,0,0,0,0,0,0,0,0
2005,40697,1,1,0,14,0,0,0,0,13,11,6,0
2005,40697,2,1,0,0,0,0,9,24,0,18,0,0
2005,40698,0,1,0,0,0,0,0,0,0,0,0,0
2005,40698,1,1,0,0,14,0,0,0,0,0,0,0
2005,40699,1,1,14,11,0,21,0,13,0,9,0,0
2005,40699,2,1,0,0,0,0,0,0,0,0,0,0
2005,40699,3,1,0,0,0,0,0,0,0,0,0,0
2005,40699,4,1,0,0,0,0,0,0,0,0,0,0
2005,40700,1,1,0,0,0,0,0,0,10,8,0,10
2005,40700,2,1,0,0,0,0,0,0,0,0,0,0
2005,40701,0,1,34,34,34,34,34,34,34,34,34,34
2005,40701,1,1,0,0,0,0,0,26,0,0,0,0
2005,40702,1,1,22,0,5,22,24,0,9,22,8,0
2005,40703,1,1,0,6,0,0,0,0,0,0,0,0
2005,40703,2,1,0,0,0,0,0,0,0,0,14,0
2005,40704,0,1,0,0,0,0,0,0,0,0,0,0
2005,40704,1,1,0,0,0,0,0,0,0,0,0,0
2005,40705,1,1,0,0,30,0,13,0,0,0,0,0
2005,40706,1,1,0,0,0,0,0,0,0,0,0,0
2005,40707,1,1,0,0,0,0,35,0,0,4,21,0
2005,40708,0,1,0,0,0,0,0,0,0,0,0,0
2005,40708,1,1,15,15,15,15,15,15,15,15,15,15
2005,40708,2,1,6,6,6,6,6,6,6,6,6,6
2005,40709,1,1,13,6,17,12,16,19,0,20,13,0
2005,40709,2,1,0,0,0,16,0,0,17,0,11,0
2005,40710,1,1,13,18,8,12,20,11,24,11,11,16
2005,40710,2,1,0,22,0,33,21,6,17,21,19,27
2005,40711,1,1,0,0,28,0,0,0,0,0,0,0
2005,40711,2,1,0,0,0,0,0,0,0,0,0,0
2005,40712,1,1,0,0,0,0,0,0,0,16,0,0
2005,40713,1,1,29,29,29,29,29,29,29,29,29,29
2005,40713,2,1,0,0,0,0,0,0,0,0,0,0
2005,40714,1,1,6,18,20,6,14,13,0,0,15,13
2005,40715,1,1,30,30,30,30,30,30,30,30,30,30
2005,40715,2,1,0,0,0,0,0,0,8,0,0,0
2005,40715,3,1,0,0,0,0,0,0,0,0,0,0
2005,40716,1,1,0,0,0,0,0,0,0,0,0,0
2005,40716,2,1,0,0,0,0,0,0,0,0,0,0
2005,40717,1,1,0,0,0,0,0,0,0,0,0,0
2005,40718,1,1,34,24,17,9,13,0,13,17,21,27
2005,40718,2,1,0,0,0,0,0,0,0,0,0,0
2005,40719,1,1,0,0,0,0,0,0,0,0,0,0
2005,40720,1,1,0,0,0,0,0,0,0,0,0,0
2005,40720,2,1,0,0,0,0,0,0,0,0,0,0
2005,40720,3,1,0,0,0,0,0,0,0,0,0,0
2005,40721,1,1,0,0,0,0,0,0,0,0,0,0
2005,40721,2,1,0,0,0,0,0,0,0,0,0,0
2005,40722,1,1,0,0,0,0,0,0,11,0,0,0
2005,40722,2,1,0,0,0,0,0,0,0,0,0,0
2005,40723,1,1,0,0,20,0,0,0,0,0,0,0
2005,40723,2,1,0,0,0,0,0,0,0,0,0,0
2005,40724,1,1,0,0,0,0,4,0,0,5,0,0
2005,40724,2,1,0,6,0,16,7,15,0,10,0,5
2005,40725,0,1,11,11,11,11,11,11,11,11,11,11
2005,40725,1,1,0,0,0,0,0,0,0,0,0,0
2005,40726,1,1,28,28,28,28,28,28,28,28,28,28
2005,40727,1,1,0,0,0,0,0,0,0,0,0,0
2005,40728,1,1,21,21,21,21,21,21,21,21,21,21
2005,40729,1,1,0,0,0,0,0,0,0,0,0,0
2005,40730,1,1,0,16,0,0,10,0,0,0,0,0
2005,40731,1,1,17,17,17,17,17,17,17,17,17,17
2005,40732,0,1,0,0,0,0,0,0,0,0,0,0
2005,40732,1,1,0,0,0,0,0,0,10,0,0,0
2005,40733,0,1,43,43,43,43,43,43,43,43,43,43
2005,40733,1,1,0,0,0,0,0,0,0,0,0,0
2005,40734,1,1,0,0,0,0,0,0,0,0,0,0
2005,40735,0,1,0,0,0,0,0,0,0,0,0,0
2005,40735,1,1,0,0,0,0,0,0,0,0,0,0
2005,40736,1,1,25,25,25,25,25,25,25,25,25,25
2005,40737,1,1,0,0,0,0,0,0,0,0,0,0
2005,40737,2,1,0,0,0,15,0,0,0,0,0,0
2005,40738,1,1,2,2,2,2,2,2,2,2,2,2
2005,40738,2,1,0,0,0,0,0,0,11,0,0,0
2005,40739,1,1,0,0,0,0,0,0,0,0,0,0
2005,40739,2,1,0,0,0,0,0,0,0,0,0,0
2005,40740,0,1,25,25,25,25,25,25,25,25,25,25
2005,40740,1,1,0,0,0,0,16,27,0,0,0,29
2005,40741,1,1,0,0,0,0,0,0,0,0,0,0
2005,40742,0,1,30,30,30,30,30,30,30,30,30,30
2005,40742,1,1,0,0,0,14,12,0,0,15,0,0
2005,40743,0,1,0,14,38,21,27,23,0,16,30,24
2005,40743,1,1,13,13,13,13,13,13,13,13,13,13
2005,40744,1,1,5,5,5,5,5,5,5,5,5,5
2005,40745,1,1,0,0,4,0,0,0,0,0,0,0
2005,40746,1,1,0,0,0,0,0,0,0,0,0,2
2005,40747,1,1,0,0,0,0,0,0,0,0,0,0
2005,40748,1,1,0,0,0,0,0,0,0,0,0,0
2005,40748,2,1,0,0,0,0,0,0,13,0,0,0
2005,40749,1,1,0,0,0,0,0,0,0,0,0,0
2005,40749,2,1,0,0,0,0,0,0,0,0,0,0
2005,40750,1,1,0,0,0,0,0,0,0,0,0,0
2005,40751,0,1,23,23,23,23,23,23,23,23,23,23
2005,40751,1,1,0,0,0,0,0,0,0,0,0,0
2005,40752,1,1,0,0,0,0,0,0,0,0,0,0
2005,40752,2,1,0,0,7,0,0,0,0,0,0,0
2005,40752,3,1,0,0,0,0,0,0,0,0,0,0
2005,40752,5,1,0,0,0,0,0,0,0,0,0,0
2005,40753,0,1,0,0,0,0,0,0,0,0,0,0
2005,40753,1,1,0,0,7,0,0,0,0,2,0,0
2005,40754,1,1,0,0,0,16,10,0,0,0,0,30
2005,40754,2,1,0,0,0,0,0,0,0,0,0,0
2005,40755,1,1,11,11,11,11,11,11,11,11,11,11
2005,40755,2,1,0,0,0,0,0,0,0,0,4,0
2005,40756,1,1,0,12,26,29,24,0,32,18,0,0
2005,40757,1,1,28,28,28,28,28,28,28,28,28,28
2005,40758,1,1,0,0,0,0,0,0,0,0,0,20
2005,40759,1,1,0,0,0,0,0,0,0,0,0,0
2005,40759,2,1,8,6,28,6,6,8,20,15,18,18
2005,40760,1,1,0,0,0,0,0,0,0,0,0,0
2005,40760,2,1,0,0,0,0,19,0,0,9,0,0
2005,40761,1,1,0,0,0,0,0,0,0,0,0,0
2005,40761,2,1,3,3,3,3,3,3,3,3,3,3
2005,40762,0,1,0,0,0,0,0,0,0,0,0,0
2005,40762,1,1,0,0,0,0,0,0,0,0,0,0
2005,40763,0,1,0,0,0,0,0,0,0,0,0,0
2005,40763,0,2,0,0,0,0,0,0,0,0,0,0
2005,40763,1,1,0,0,0,0,0,0,0,0,0,0
2005,40764,1,1,0,0,0,0,0,0,0,0,0,0
2005,40765,1,1,10,10,10,10,10,10,10,10,10,10
2005,40765,2,1,0,0,0,0,0,0,0,0,0,0
2005,40766,0,1,0,0,0,0,0,0,0,0,0,0
2005,40766,1,1,0,0,0,0,0,0,0,0,0,0
2005,40767,1,1,0,0,0,0,0,0,0,0,0,0
2005,40767,2,1,0,0,0,0,0,0,0,0,0,0
2005,40768,0,1,20,20,20,20,20,20,20,20,20,20
2005,40768,1,1,13,19,0,27,16,11,25,26,4,12
2005,40769,1,1,8,0,0,0,0,0,0,0,0,0
2005,40769,2,1,0,0,0,0,0,0,0,0,0,0
2005,40769,3,1,0,0,0,0,0,0,0,0,0,0
2005,40770,1,1,0,0,0,0,0,0,0,0,0,0
2005,40771,1,1,0,0,0,43,3,0,0,0,15,7
2005,40771,2,1,0,0,0,0,0,0,0,0,0,0
2005,40772,1,1,0,0,0,0,0,0,0,0,0,0
2005,40772,2,1,12,12,12,12,12,12,12,12,12,12
2005,40772,3,1,0,0,0,0,0,8,0,0,0,0
2005,40773,0,1,32,32,32,32,32,32,32,32,32,32
2005,40773,1,1,25,28,10,6,13,14,7,19,0,0
2005,40774,1,1,25,15,0,11,14,16,17,19,16,12
2005,40775,1,1,0,0,0,0,0,0,0,0,0,0
2005,40775,2,1,0,0,0,0,0,0,0,0,0,0
2005,40776,0,1,30,30,30,30,30,30,30,30,30,30
2005,40776,1,1,0,0,0,8,0,0,0,0,0,0
2005,40777,1,1,32,32,32,32,32,32,32,32,32,32
2005,40777,2,1,0,0,0,0,0,4,0,0,0,0
2005,40778,1,1,0,0,0,3,0,0,0,0,0,0
2005,40779,0,1,0,0,0,0,0,0,0,0,0,0
2005,40779,1,1,0,0,0,0,0,0,0,0,0,0
2005,40780,1,1,14,8,0,0,0,0,0,0,0,0
2005,40781,0,1,0,0,0,0,0,0,0,0,0,0
2005,40781,1,1,0,0,0,0,0,0,0,0,0,0
2005,40782,1,1,0,0,0,0,0,0,0,0,0,0
2005,40782,2,1,0,0,0,0,0,0,0,0,0,0
2005,40783,0,1,0,0,0,0,0,0,0,0,0,0
2005,40783,1,1,0,0,0,0,0,0,0,0,0,0
2005,40784,1,1,0,0,0,0,18,0,0,0,24,14
2005,40786,1,1,0,0,0,0,6,0,0,0,0,0
2005,40787,1,1,27,21,11,19,39,13,0,28,11,16
2005,40788,1,1,0,0,0,0,0,0,0,0,0,0
2005,40788,2,1,0,7,0,0,6,0,0,0,0,0
2005,40789,0,1,17,17,17,17,17,17,17,17,17,17
2005,40789,1,1,0,0,0,0,0,0,0,0,0,0
2005,40790,1,1,0,0,0,0,0,0,0,0,0,0
2005,40790,2,1,0,0,0,0,0,0,0,0,0,0
2005,40790,3,1,0,0,0,0,0,0,0,0,0,0
2005,40791,1,1,0,0,0,0,0,0,0,0,0,0
2005,40792,1,1,0,0,0,0,0,0,0,0,7,5
2005,40793,0,1,20,0,15,28,0,25,0,6,0,20
2005,40793,1,1,0,0,0,0,0,0,0,0,0,0
2005,40794,1,1,0,0,0,0,0,0,0,0,0,0
2005,40794,2,1,0,0,7,0,0,0,0,0,0,0
2005,40794,3,1,0,0,0,0,0,0,0,0,0,0
2005,40794,4,1,0,0,0,0,0,0,0,0,0,0
2005,40795,0,1,0,0,0,0,0,0,0,0,0,0
2005,40795,1,1,0,0,0,0,0,0,0,0,0,0
2005,40796,1,1,10,0,0,0,0,0,0,0,0,0
2005,40796,2,1,0,0,0,0,0,0,0,0,0,7
2005,40797,0,1,25,29,13,30,30,9,42,33,19,22
2005,40797,1,1,24,15,0,12,0,0,0,30,0,15
2005,40798,1,1,0,0,0,0,0,0,0,0,0,0
2005,40798,2,1,0,0,0,0,0,0,0,0,0,0
2005,40799,1,1,0,0,0,0,0,0,0,0,0,0
2005,40800,1,1,0,0,0,0,0,0,0,0,0,0
2005,40800,2,1,0,0,0,7,11,0,0,0,0,0
2005,40800,3,1,0,13,27,0,0,0,0,14,0,0
2005,40801,1,1,0,0,0,0,0,0,0,0,0,0
2005,40801,2,1,0,0,0,0,0,0,0,0,0,0
2005,40802,1,1,0,0,0,0,0,0,0,0,0,0
2005,40802,2,1,0,0,0,0,0,0,0,0,3,0
2005,40802,3,1,0,0,0,0,0,0,0,0,0,0
2005,40803,1,1,0,0,0,0,0,0,0,0,30,0
2005,40804,1,1,0,0,0,0,0,0,0,0,0,0
2005,40805,1,1,0,0,0,0,0,0,16,0,0,10
2005,40805,2,1,13,13,13,13,13,13,13,13,13,13
2005,40805,3,1,0,0,0,0,0,0,0,0,0,0
2005,40806,1,1,0,0,0,8,0,0,10,0,0,0
2005,40806,2,1,0,0,0,0,0,0,0,0,0,0
2005,40807,0,1,0,0,0,0,0,0,0,0,0,0
2005,40807,1,1,0,0,0,0,0,0,0,0,0,0
2005,40808,1,1,0,0,0,0,0,0,0,0,0,0
2005,40808,2,1,1,1,1,1,1,1,1,1,1,1
2005,40809,1,1,29,14,20,10,21,2,7,38,14,19
2005,40810,1,1,0,0,0,0,0,0,0,0,0,0
2005,40810,2,1,0,0,0,0,0,0,0,0,0,0
2005,40811,1,1,0,0,0,0,0,0,0,0,8,0
2005,40812,1,1,0,0,0,0,27,0,0,0,0,0
2005,40812,2,1,0,0,0,0,0,0,0,0,0,0
2005,40813,0,1,27,27,27,27,27,27,27,27,27,27
2005,40813,1,1,0,0,6,0,0,0,9,0,0,0
2005,40814,1,1,24,0,0,6,0,0,15,0,12,0
2005,40814,2,1,0,0,0,0,0,0,8,0,0,0
2005,40815,0,1,0,0,33,11,7,0,21,18,14,0
2005,40815,1,1,0,0,0,0,7,0,0,0,0,0
2005,40816,1,1,6,6,6,6,6,6,6,6,6,6
2005,40817,1,1,0,0,0,0,0,0,0,0,0,0
2005,40817,2,1,0,0,0,0,0,0,0,0,0,0
2005,40818,1,1,0,0,0,0,0,0,0,0,0,0
2005,40818,2,1,0,0,0,0,0,0,0,0,0,0
2005,40819,0,1,0,0,0,0,0,0,0,0,0,0
2005,40819,1,1,17,12,16,21,19,4,4,16,18,9
2005,40819,2,1,0,0,0,0,5,0,0,0,0,0
2005,40820,1,1,15,20,0,42,16,17,7,15,8,30
2005,40821,1,1,16,4,16,5,12,12,0,9,0,20
2005,40822,1,1,13,13,13,13,13,13,13,13,13,13
2005,40823,1,1,16,0,0,6,11,0,8,23,5,0
2005,40824,1,1,15,15,15,15,15,15,15,15,15,15
2005,40825,2,1,0,0,0,0,0,0,0,0,0,0
2005,40826,1,1,13,0,0,0,0,10,0,0,0,0
2005,40827,0,1,0,0,0,0,0,0,0,0,0,0
2005,40827,1,1,0,0,0,0,0,0,0,0,0,0
2005,40828,1,1,0,0,0,0,0,0,0,0,0,0
2005,40829,0,1,27,27,27,27,27,27,27,27,27,27
2005,40829,1,1,0,0,0,0,0,0,0,14,0,0
2005,40830,1,1,0,0,0,0,0,0,0,0,0,0
2005,40831,1,1,22,22,22,22,22,22,22,22,22,22
2005,40832,1,1,31,25,14,36,23,35,34,9,33,18
2005,40833,1,1,0,0,0,0,0,0,0,0,0,0
2005,40834,1,1,11,11,11,11,11,11,11,11,11,11
2005,40835,1,1,0,0,0,0,0,0,0,0,0,0
2005,40835,2,1,0,0,0,0,0,0,0,0,0,0
2005,40836,1,1,26,0,0,0,27,3,22,25,21,18
2005,40837,1,1,34,34,34,34,34,34,34,34,34,34
2005,40837,2,1,0,0,0,0,0,0,0,0,0,0
2005,40838,1,1,0,0,0,0,0,0,0,0,0,0
2005,40838,2,1,0,0,0,0,0,0,0,0,0,0
2005,40839,1,1,0,0,0,0,5,0,12,0,0,0
2005,40839,2,1,0,0,0,0,0,0,0,0,0,0
2005,40840,0,1,0,0,0,0,0,0,0,0,0,0
2005,40841,1,1,8,8,8,8,8,8,8,8,8,8
2005,40841,2,1,0,0,0,0,0,0,0,0,0,0
2005,40842,1,1,18,18,18,18,18,18,18,18,18,18
2005,40843,1,1,15,0,0,0,0,0,0,0,0,0
2005,40843,2,1,0,0,0,0,0,0,0,0,0,0
2005,40845,1,1,0,0,0,0,0,0,0,0,0,0
2005,40845,2,1,0,0,0,0,0,0,0,0,0,0
2005,40846,1,1,12,19,14,15,25,13,17,19,24,19
2005,40846,2,1,19,0,0,9,0,15,0,0,0,10
2005,40847,1,1,0,0,0,0,0,0,0,0,0,0
2005,40847,2,1,0,0,0,0,0,0,0,0,0,0
2005,40848,0,1,28,28,28,28,28,28,28,28,28,28
2005,40848,1,1,0,0,0,0,0,0,0,0,0,0
2005,40849,1,1,18,0,0,17,23,23,0,0,0,27
2005,40849,2,1,0,0,0,0,0,0,0,0,6,0
2005,40850,1,1,0,0,0,0,0,12,0,0,0,0
2005,40851,1,1,11,11,11,11,11,11,11,11,11,11
2005,40851,2,1,0,0,0,0,0,0,0,0,0,0
2005,40851,3,1,0,0,0,0,0,0,0,0,0,0
2005,40852,0,1,0,0,0,26,0,0,0,12,0,20
2005,40852,1,1,0,0,0,0,0,0,0,0,0,0
2005,40853,1,1,37,22,11,10,28,21,18,12,16,18
2005,40853,2,1,0,0,0,0,0,0,0,0,0,0
2005,40854,1,1,21,21,21,21,21,21,21,21,21,21
2005,40855,1,1,16,16,16,16,16,16,16,16,16,16
2005,40856,1,1,0,0,0,0,0,0,0,0,0,0
2005,40856,2,1,0,22,0,0,0,5,0,0,0,0
2005,40857,1,1,0,0,0,0,0,0,0,0,0,0
2005,40857,2,1,0,0,0,0,0,0,0,0,0,0
2005,40857,3,1,0,0,0,0,0,0,0,0,0,0
2005,40858,1,1,10,10,10,10,10,10,10,10,10,10
2005,40859,1,1,15,19,27,9,28,9,9,0,19,25
2005,40859,2,1,0,0,0,0,0,0,0,0,0,0
2005,40860,1,1,41,0,16,27,21,19,0,0,8,28
2005,40860,2,1,0,0,0,0,0,0,0,0,0,0
2005,40861,1,1,0,0,0,0,0,0,0,0,0,0
2005,40861,2,1,0,0,0,0,0,0,0,0,0,0
2005,40862,1,1,0,0,0,0,0,0,0,0,0,0
2005,40863,1,1,0,0,0,0,0,0,0,0,0,0
2005,40864,1,1,0,0,0,0,0,0,0,0,0,0
2005,40865,0,1,0,20,4,9,24,0,0,0,0,0
2005,40865,1,1,0,0,0,0,0,0,0,0,0,0
2005,40866,1,1,0,25,34,0,0,0,0,0,24,0
2005,40867,1,1,7,15,0,0,0,0,0,0,0,0
2005,40868,1,1,28,0,0,0,0,6,0,0,20,10
2005,40869,1,1,0,0,0,0,0,0,0,0,0,0
2005,40869,2,1,0,0,0,0,0,0,0,0,0,0
2005,40869,3,1,0,0,0,0,0,0,0,0,0,0
2005,40870,1,1,17,17,17,17,17,17,17,17,17,17
2005,40871,1,1,0,0,0,0,0,0,0,0,0,0
2005,40872,1,1,0,0,0,0,0,0,0,0,0,0
2005,40872,2,1,0,0,0,0,0,0,0,0,0,0
2005,40873,0,1,23,10,21,20,26,14,17,42,20,18
2005,40873,1,1,0,0,0,0,0,0,0,0,0,0
2005,40874,1,1,0,0,0,0,0,0,0,0,0,12
2005,40874,2,1,0,0,0,0,0,0,0,0,0,0
2005,40875,1,1,0,0,0,0,0,0,0,0,0,0
2005,40875,2,1,0,8,0,0,0,0,0,16,0,0
2005,40876,0,1,15,0,0,18,4,0,0,0,0,0
2005,40876,1,1,0,0,0,0,0,0,0,0,0,0
2005,40877,1,1,0,0,0,0,0,0,0,0,11,0
2005,40877,2,1,0,0,0,0,0,0,0,0,0,0
2005,40877,3,1,0,0,0,0,0,0,0,0,0,0
2005,40878,1,1,16,16,16,16,16,16,16,16,16,16
2005,40879,1,1,8,8,8,8,8,8,8,8,8,8
2005,40879,2,1,0,0,0,0,0,0,0,0,0,0
2005,40879,3,1,0,0,0,0,0,0,0,0,0,0
2005,40880,1,1,0,18,0,21,0,0,0,0,0,0
2005,40880,2,1,0,0,0,0,0,4,0,0,17,0
2005,40881,1,1,0,12,10,28,27,20,11,21,26,9
2005,40882,0,1,0,0,0,0,0,0,0,0,0,0
2005,40882,1,1,13,16,18,7,19,15,19,12,7,9
2005,40882,2,1,0,0,0,0,0,0,0,0,0,0
2005,40882,3,1,0,0,0,0,0,0,0,0,0,0
2005,40882,4,1,0,0,0,0,0,0,0,0,0,0
2005,40883,0,1,17,17,17,17,17,17,17,17,17,17
2005,40883,1,1,0,0,0,0,0,0,0,0,0,0
2005,40884,0,1,0,0,0,0,0,0,13,0,0,0
2005,40884,1,1,0,0,0,0,0,0,0,0,0,0
2005,40885,1,1,0,0,0,26,0,0,0,0,0,0
2005,40886,1,1,0,0,0,0,0,0,0,0,0,0
2005,40886,2,1,0,0,0,0,0,0,0,0,0,0
2005,40887,1,1,0,16,0,0,25,0,6,0,0,0
2005,40887,2,1,11,11,11,11,11,11,11,11,11,11
2005,40888,1,1,5,30,20,21,16,0,19,2,21,14
2005,40888,2,1,0,0,0,13,0,0,0,0,0,0
2005,40889,1,1,0,0,0,0,0,0,0,0,0,0
2005,40889,2,1,0,0,0,0,0,0,0,0,0,0
2005,40890,1,1,0,0,23,3,0,14,12,0,6,0
2005,40890,2,1,0,0,0,0,0,0,0,0,0,0
2005,40891,1,1,6,0,0,0,0,0,0,0,0,0
2005,40891,2,1,0,30,18,0,0,0,0,0,0,0
2005,40892,1,1,17,23,18,14,26,17,17,25,5,11
2005,40893,0,1,0,21,0,22,0,23,0,0,21,0