YEAR,ST_CASE,veh_no,per_no,P1,P2,P3,P4,P5,P6,P7,P8,P9,P10
2005,40893,1,1,0,0,0,0,0,0,0,0,0,0
2005,40894,1,1,6,19,0,8,0,0,18,10,17,0
2005,40895,1,1,12,11,14,10,7,14,24,22,7,14
2005,40896,1,1,0,0,0,0,0,0,0,0,0,0
2005,40897,1,1,0,0,16,0,0,0,0,0,0,0
2005,40897,2,1,0,0,0,0,0,0,0,0,0,0
2005,40898,1,1,0,0,0,0,0,0,0,0,0,0
2005,40899,1,1,20,20,20,20,20,20,20,20,20,20
2005,40899,2,1,0,0,6,0,0,0,0,0,0,0
2005,40900,1,1,31,24,11,14,0,14,11,27,23,12
2005,40901,1,1,0,0,0,0,0,0,0,0,0,0
2005,40902,1,1,0,0,0,0,0,0,0,0,0,0
2005,40902,2,1,0,0,0,0,0,0,0,0,0,0
2005,40902,3,1,0,0,0,0,0,0,0,0,0,0
2005,40903,1,1,15,22,10,36,5,11,16,17,10,19
2005,40904,1,1,12,12,12,12,12,12,12,12,12,12
2005,40904,2,1,0,0,0,0,0,0,0,0,0,9
2005,40904,3,1,0,0,0,0,0,0,0,0,0,0
2005,40905,1,1,0,0,0,0,0,0,0,0,0,0
2005,40905,2,1,0,0,0,0,0,0,0,0,0,0
2005,40906,1,1,0,0,0,19,20,0,0,0,0,0
2005,40906,2,1,0,0,0,0,0,0,0,0,0,0
2005,40906,3,1,0,0,0,0,0,0,0,0,0,0
2005,40906,4,1,0,0,0,0,0,0,0,0,0,0
2005,40906,5,1,0,0,0,0,0,0,0,0,0,0
2005,40907,1,1,0,0,0,0,22,0,0,0,0,0
2005,40907,2,1,0,0,23,0,0,0,20,0,0,0
2005,40908,1,1,0,0,0,0,0,0,0,0,0,0
2005,40908,2,1,0,0,0,0,0,0,0,0,0,0
2005,40909,1,1,9,0,0,0,0,0,0,0,13,0
2005,40910,1,1,26,0,0,0,0,0,0,17,0,15
2005,40910,2,1,15,0,0,0,0,0,0,0,0,0
2005,40910,3,1,0,0,12,0,0,0,0,0,0,0
2005,40910,4,1,0,0,0,7,0,0,0,0,0,0
2005,40910,5,1,0,0,0,0,0,0,0,0,0,0
2005,40911,1,1,7,8,11,22,17,17,29,25,17,20
2005,40912,1,1,0,0,0,0,0,0,0,0,0,0
2005,40913,1,1,0,0,0,0,0,0,0,11,0,0
2005,40913,2,1,0,0,0,0,23,0,0,0,0,0
2005,40914,1,1,0,0,0,0,0,0,0,0,0,0
2005,40915,1,1,0,0,0,0,0,0,0,0,0,0
2005,40915,2,1,25,23,0,10,44,13,0,0,0,27
2005,40916,1,1,0,0,0,5,0,0,0,0,0,0
2005,40916,2,1,0,0,0,0,0,0,0,0,0,0
2005,40916,3,1,0,0,0,0,0,0,0,0,0,0
2005,40916,4,1,0,0,0,0,0,0,0,0,0,0
2005,40916,5,1,0,0,0,0,11,0,0,0,0,0
2005,40917,1,1,0,0,0,0,0,0,0,0,0,0
2005,40918,1,1,8,0,0,0,0,24,0,0,0,7
2005,40919,1,1,23,23,23,23,23,23,23,23,23,23
2005,40920,1,1,0,0,0,0,0,0,0,0,0,0
2005,40920,2,1,0,0,0,0,0,0,0,0,0,0
2005,40921,1,1,0,0,0,0,0,0,0,0,0,17
2005,40922,1,1,8,8,8,8,8,8,8,8,8,8
2005,40922,2,1,0,0,0,0,0,0,0,0,0,0
2005,40923,1,1,0,0,0,0,0,0,19,0,0,0
2005,40923,2,1,0,0,0,0,0,0,0,0,0,0
2005,40924,1,1,30,30,30,30,30,30,30,30,30,30
2005,40925,1,1,9,12,9,19,0,15,18,30,12,0
2005,40925,2,1,0,0,0,0,0,0,0,0,0,0
2005,40926,0,1,0,15,0,14,27,0,22,11,6,21
2005,40926,1,1,0,0,0,0,0,0,0,0,0,0
2005,40927,1,1,19,0,0,16,0,9,9,13,0,6
2005,40928,1,1,0,0,0,0,0,0,0,0,0,0
2005,40928,2,1,0,0,0,0,0,0,0,0,0,0
2005,40929,1,1,0,0,0,0,0,6,0,0,0,0
2005,40929,2,1,0,0,0,0,0,0,0,0,0,0
2005,40930,1,1,16,25,20,26,16,25,18,16,12,37
2005,40931,1,1,8,6,14,13,16,0,21,16,13,25
2005,40931,2,1,0,12,0,0,5,0,15,0,4,0
2005,40931,3,1,0,0,0,0,0,0,0,0,0,0
2005,40932,0,1,0,0,0,0,0,0,0,0,0,0
2005,40932,1,1,0,0,0,0,0,0,0,0,0,0
2005,40933,0,1,0,0,25,0,0,0,0,14,0,0
2005,40933,1,1,0,0,0,0,0,0,0,0,9,0
2005,40934,1,1,26,15,6,26,29,24,18,14,27,13
2005,40934,2,1,0,0,0,0,0,0,0,0,0,0
2005,40935,1,1,26,26,26,26,26,26,26,26,26,26
2005,40936,1,1,29,29,29,29,29,29,29,29,29,29
2005,40937,1,1,0,0,7,0,0,0,0,0,0,0
2005,40938,1,1,3,0,0,0,18,0,17,0,0,17
2005,40939,1,1,24,24,24,24,24,24,24,24,24,24
2005,40939,2,1,0,0,0,0,0,8,0,0,0,0
2005,40940,1,1,0,0,0,0,0,0,0,0,0,0
2005,40940,2,1,0,0,0,0,0,0,0,0,0,0
2005,40941,1,1,0,0,0,0,0,0,0,0,0,0
2005,40941,2,1,0,0,0,0,0,0,0,0,0,0
2005,40942,1,1,0,0,0,0,0,0,0,0,0,0
2005,40942,2,1,0,0,0,0,0,0,0,0,0,0
2005,40943,1,1,0,0,0,0,0,0,0,0,0,0
2005,40943,2,1,0,0,0,0,0,0,0,0,0,0
2005,40944,1,1,0,0,0,0,0,0,0,0,0,0
2005,40944,2,1,0,0,0,0,0,0,0,0,0,0
2005,40945,1,1,0,0,0,0,0,0,0,29,0,22
2005,40946,1,1,14,25,8,23,26,28,18,35,12,24
2005,40946,2,1,0,0,0,0,0,0,0,0,0,0
2005,40946,3,1,0,0,0,0,0,0,0,0,0,0
2005,40947,1,1,0,0,0,0,0,0,0,0,0,0
2005,40948,1,1,0,0,0,9,0,0,0,0,0,0
2005,40949,1,1,0,0,0,0,0,0,0,0,0,0
2005,40950,1,1,0,0,0,13,0,0,0,0,0,0
2005,40950,2,1,0,0,0,0,0,0,0,0,0,0
2005,40950,3,1,0,0,0,0,0,0,0,0,0,0
2005,40950,4,1,0,0,0,0,0,0,0,0,0,0
2005,40951,0,1,6,0,0,0,0,0,0,0,0,0
2005,40951,1,1,0,0,0,0,0,0,0,0,0,0
2005,40952,1,1,0,0,0,0,0,0,0,0,0,0
2005,40953,1,1,12,12,12,12,12,12,12,12,12,12
2005,40954,1,1,14,22,27,34,0,14,16,10,9,7
2005,40954,2,1,6,6,6,6,6,6,6,6,6,6
2005,40955,1,1,0,0,0,0,0,0,0,0,0,0
2005,40956,0,1,0,0,0,0,0,0,0,0,0,0
2005,40957,1,1,18,18,18,18,18,18,18,18,18,18
2005,40958,1,1,0,13,32,0,0,0,26,24,0,21
2005,40959,1,1,0,0,0,0,0,0,0,0,0,0
2005,40959,2,1,0,0,0,0,0,0,0,0,0,0
2005,40959,3,1,0,0,0,0,0,0,0,0,0,0
2005,40960,1,1,0,0,0,0,0,0,0,0,0,0
2005,40960,2,1,0,0,0,0,0,0,0,0,0,0
2005,40961,1,1,0,0,9,11,0,0,0,0,0,0
2005,40961,2,1,0,0,0,0,0,0,0,0,0,0
2005,40962,0,1,0,0,0,0,0,0,0,0,0,0
2005,40962,1,1,0,0,0,0,0,0,0,0,0,0
2005,40963,1,1,0,0,0,0,0,0,0,0,0,0
2005,40963,2,1,0,0,0,8,0,0,0,0,0,0
2005,40964,1,1,13,13,13,13,13,13,13,13,13,13
2005,40965,1,1,3,3,3,3,3,3,3,3,3,3
2005,40965,2,1,0,0,0,12,6,18,9,35,20,26
2005,40966,0,1,0,0,0,0,0,0,0,0,0,0
2005,40966,1,1,0,0,0,0,0,0,0,0,0,0
2005,40967,1,1,29,29,29,29,29,29,29,29,29,29
2005,40968,1,1,0,0,0,0,0,0,0,0,0,0
2005,40968,2,1,0,0,0,30,0,0,0,0,0,0
2005,40969,0,1,0,0,0,0,23,0,0,0,0,0
2005,40969,1,1,0,0,0,0,0,0,0,0,0,0
2005,40970,1,1,19,15,33,15,19,11,12,22,3,18
2005,40970,2,1,0,0,0,0,0,0,0,0,0,0
2005,40971,1,1,0,0,0,0,0,0,0,0,0,0
2005,40971,2,1,0,0,0,0,0,0,0,0,0,0
2005,40971,3,1,0,0,0,0,0,0,0,0,0,0
2005,40972,1,1,0,0,0,0,0,0,0,0,0,0
2005,40973,1,1,0,0,0,0,0,0,0,0,0,0
2005,40973,2,1,0,0,0,0,0,0,0,0,0,0
2005,40974,1,1,34,34,34,34,34,34,34,34,34,34
2005,40976,0,1,0,0,0,0,0,0,0,0,0,0
2005,40976,1,1,0,5,0,0,0,0,0,0,0,0
2005,40977,1,1,23,23,23,23,23,23,23,23,23,23
2005,40978,1,1,7,18,36,0,13,33,20,21,29,35
2005,40979,1,1,35,35,35,35,35,35,35,35,35,35
2005,40980,1,1,28,28,28,28,28,28,28,28,28,28
2005,40981,1,2,0,0,19,16,18,8,0,10,0,23
2005,40982,0,1,0,0,0,0,0,0,0,0,0,0
2005,40982,1,1,0,0,0,0,0,0,0,0,0,0
2005,40983,0,1,0,0,16,0,0,0,0,0,0,0
2005,40983,1,1,0,0,0,0,5,0,0,0,0,0
2005,40984,0,1,0,0,0,6,0,15,0,0,15,18
2005,40984,1,1,0,0,0,0,0,13,0,22,23,0
2005,40985,1,1,0,25,0,0,0,0,0,0,0,8
2005,40985,2,1,0,6,0,0,6,0,0,0,0,0
2005,40986,1,1,9,0,0,0,0,34,13,11,0,0
2005,40987,1,1,21,21,21,21,21,21,21,21,21,21
2005,40988,1,1,25,0,0,9,0,0,34,0,0,11
2005,40988,2,1,0,0,11,20,7,9,7,13,0,0
2005,40989,1,1,0,0,0,0,0,0,0,0,0,0
2005,40989,2,1,0,0,0,0,0,0,0,0,0,0
2005,40990,0,1,0,0,0,0,0,0,0,0,0,0
2005,40990,1,1,0,0,0,0,0,0,0,0,0,0
2005,40991,1,1,0,19,0,15,11,0,0,0,0,3
2005,40992,1,1,0,0,0,0,0,0,0,0,0,0
2005,40993,1,1,3,3,3,3,3,3,3,3,3,3
2005,40993,2,1,0,0,0,0,0,0,0,0,0,0
2005,40994,1,1,0,0,2,19,34,5,19,7,15,23
2005,40995,1,1,0,0,0,12,0,0,0,0,29,15
2005,40996,1,1,0,0,0,0,0,0,0,0,0,0
2005,40996,2,1,0,0,0,0,0,0,0,0,0,0
2005,40997,1,1,6,15,9,6,9,10,16,27,30,19
2005,40997,2,1,0,0,0,10,0,0,0,0,0,0
2005,40998,0,1,0,0,0,0,0,0,0,0,0,0
2005,40998,1,1,0,0,0,0,8,0,9,18,26,3
2005,40999,1,1,0,0,0,0,0,0,0,0,0,0
2005,41000,1,1,0,0,0,0,0,0,0,0,0,0
2005,41000,2,1,10,22,15,0,0,0,0,0,0,0
2005,41001,0,1,0,0,0,0,0,0,0,0,7,0
2005,41001,1,1,30,19,9,0,0,0,0,0,12,0
2005,41002,1,1,0,12,8,0,15,26,0,21,0,0
2005,41003,1,1,18,18,18,18,18,18,18,18,18,18
2005,41004,1,1,0,0,0,0,0,0,0,0,0,0
2005,41004,2,1,0,0,0,0,0,0,0,0,0,0
2005,41005,1,1,0,0,0,0,0,0,0,0,7,0
2005,41005,2,1,0,0,0,0,0,0,0,0,0,0
2005,41006,1,1,0,0,0,0,0,0,0,0,0,0
2005,41006,2,1,15,0,13,10,0,0,0,0,0,0
2005,41007,0,1,0,0,0,0,0,0,0,0,0,0
2005,41007,0,2,16,17,0,13,7,16,27,23,12,4
2005,41007,1,1,9,51,16,5,0,0,37,18,16,0
2005,41008,1,1,19,19,19,19,19,19,19,19,19,19
2005,41009,1,1,26,9,4,12,12,0,0,21,7,0
2005,41010,1,1,0,0,12,0,0,0,9,0,0,0
2005,41011,1,1,26,0,44,0,10,0,19,0,10,0
2005,41012,1,1,18,18,24,17,36,0,24,0,18,0
2005,41013,1,1,0,15,25,0,12,17,0,0,6,11
2005,41014,1,1,0,0,0,0,0,0,0,0,0,0
2005,41014,2,1,0,12,0,8,42,0,0,27,0,21
2005,41015,1,1,0,0,0,0,0,0,0,0,0,0
2005,41016,1,1,21,0,0,25,0,26,14,0,0,0
2005,41018,1,1,12,12,12,12,12,12,12,12,12,12
2005,41019,1,1,18,18,18,18,18,18,18,18,18,18
2005,41020,1,1,0,0,0,0,0,0,0,0,0,0
2005,41021,1,1,0,0,0,0,0,0,0,0,0,0
2005,41022,1,1,0,0,0,0,0,0,0,0,0,0
2005,41022,2,1,3,3,3,3,3,3,3,3,3,3
2005,41023,1,1,0,0,0,0,0,0,0,0,0,0
2005,41024,1,1,0,0,0,0,10,0,0,0,0,0
2005,41024,2,1,0,0,0,0,0,0,0,0,0,0
2005,41025,1,1,0,0,0,0,0,0,0,0,0,0
2005,41025,2,1,0,19,0,0,0,0,0,25,0,0
2005,41026,1,1,19,19,19,19,19,19,19,19,19,19
2005,41027,1,1,0,0,0,0,0,0,0,0,0,0
2005,41027,2,1,0,0,8,0,0,0,0,0,0,0
2005,41028,1,1,0,0,15,0,7,0,6,0,4,0
2005,41029,1,1,10,0,0,0,0,0,0,23,0,0
2005,41030,1,1,11,0,0,8,0,7,0,0,0,19
2005,41030,2,1,0,8,0,0,5,19,2,0,3,24
2005,41031,1,1,14,23,0,0,0,0,0,23,15,0
2005,41032,0,1,27,27,27,27,27,27,27,27,27,27
2005,41032,1,1,11,0,0,8,26,0,0,0,0,13
2005,41033,1,1,20,22,0,33,13,16,0,24,49,0
2005,41034,0,1,18,18,18,18,18,18,18,18,18,18
2005,41034,1,1,0,9,0,0,9,14,0,0,0,0
2005,41035,1,1,14,14,14,14,14,14,14,14,14,14
2005,41036,1,1,0,10,0,0,21,30,0,25,23,6
2005,41037,1,1,0,0,0,0,0,0,0,0,0,0
2005,41037,2,1,0,0,0,0,0,0,0,0,0,0
2005,41038,1,1,21,0,30,11,0,3,0,19,14,12
2005,41039,1,1,0,0,6,0,0,0,0,0,0,0
2005,41039,2,1,0,0,0,0,0,0,0,0,0,0
2005,41040,0,1,0,0,0,0,0,0,0,0,0,0
2005,41040,1,1,0,0,0,0,0,0,0,0,0,0
2005,41041,1,1,0,0,0,0,0,0,0,0,26,0
2005,41041,2,1,0,0,0,0,0,0,0,0,0,0
2005,41042,0,1,0,41,20,0,0,12,0,18,30,17
2005,41042,1,1,0,0,20,22,22,8,6,0,12,10
2005,41043,1,1,0,0,0,0,0,0,0,0,0,0
2005,50001,1,1,0,0,0,0,0,0,0,0,0,0
2005,50002,0,1,25,0,0,0,0,0,0,0,0,0
2005,50002,1,1,0,0,0,0,19,0,0,12,0,0
2005,50003,1,1,13,13,13,13,13,13,13,13,13,13
2005,50004,1,1,0,0,0,0,0,0,0,0,0,0
2005,50005,0,1,26,26,26,26,26,26,26,26,26,26
2005,50005,1,1,0,0,0,0,0,0,0,0,0,0
2005,50006,2,1,0,0,0,0,0,0,0,11,0,0
2005,50007,1,1,0,0,0,0,0,0,0,0,0,0
2005,50007,2,1,0,0,0,0,0,0,0,0,0,0
2005,50008,1,1,0,0,0,0,0,0,0,0,0,0
2005,50008,2,1,0,0,0,0,0,0,0,0,0,0
2005,50009,1,1,19,19,19,19,19,19,19,19,19,19
2005,50010,1,1,0,0,0,0,0,0,0,0,0,0
2005,50010,2,1,0,0,0,0,0,0,0,0,0,0
2005,50011,1,1,0,0,0,0,0,0,0,0,0,0
2005,50011,2,1,0,0,0,0,0,0,0,0,0,0
2005,50011,3,1,0,0,0,0,0,0,0,0,0,0
2005,50012,1,1,24,24,24,24,24,24,24,24,24,24
2005,50013,1,1,0,0,0,0,0,0,0,0,0,0
2005,50013,2,1,0,0,0,0,0,0,0,0,0,0
2005,50013,3,1,0,0,0,0,0,0,0,0,0,0
2005,50014,1,1,0,0,0,0,0,0,0,0,0,0
2005,50015,1,1,30,30,30,30,30,30,30,30,30,30
2005,50016,0,1,11,11,11,11,11,11,11,11,11,11
2005,50016,1,1,0,0,0,15,40,0,0,0,0,0
2005,50017,1,1,0,0,0,0,0,0,0,0,0,0
2005,50018,1,1,17,0,9,0,11,0,26,18,13,0
2005,50019,1,1,0,0,0,0,0,0,0,0,0,0
2005,50019,2,1,0,0,0,0,0,0,0,0,0,0
2005,50020,1,1,0,0,0,0,0,0,0,0,0,0
2005,50020,2,1,0,0,0,0,0,0,0,0,0,0
2005,50021,1,1,0,0,0,0,0,0,0,0,0,0
2005,50021,2,1,0,0,0,0,0,0,0,0,0,0
2005,50022,1,1,0,0,0,0,0,0,0,0,0,0
2005,50022,2,1,0,0,0,0,0,0,0,0,0,0
2005,50023,1,1,18,0,0,0,0,0,27,21,25,0
2005,50024,1,1,29,29,29,29,29,29,29,29,29,29
2005,50025,1,1,0,0,0,0,0,0,0,0,0,0
2005,50025,2,1,3,3,3,3,3,3,3,3,3,3
2005,50026,1,1,0,19,0,0,0,0,0,0,0,0
2005,50027,0,1,9,9,9,9,9,9,9,9,9,9
2005,50027,1,1,0,0,0,0,0,0,0,0,0,0
2005,50028,1,1,0,0,0,0,0,0,0,0,0,0
2005,50028,2,1,0,0,0,0,0,0,0,0,0,0
2005,50029,1,1,0,0,0,0,0,0,0,0,0,0
2005,50030,1,1,27,27,27,27,27,27,27,27,27,27
2005,50031,1,1,0,0,0,0,0,0,0,0,0,0
2005,50031,2,1,0,0,0,0,0,0,0,0,0,0
2005,50032,1,1,0,0,0,0,0,0,0,0,0,0
2005,50032,2,1,0,0,0,0,0,0,0,0,0,0
2005,50033,1,1,0,0,0,0,0,0,0,0,0,0
2005,50034,1,1,28,28,28,28,28,28,28,28,28,28
2005,50034,2,1,0,0,0,0,0,0,0,0,0,0
2005,50035,1,1,15,15,15,15,15,15,15,15,15,15
2005,50036,1,1,16,16,16,16,16,16,16,16,16,16
2005,50037,1,1,0,0,0,0,0,0,0,0,0,0
2005,50037,2,1,0,0,0,0,0,0,0,0,0,0
2005,50037,3,1,0,0,0,0,0,0,0,0,0,0
2005,50038,1,1,0,0,17,0,22,15,16,0,9,22
2005,50038,2,1,0,0,0,0,0,0,0,0,0,0
2005,50039,1,1,0,0,0,0,0,0,0,0,0,0
2005,50040,0,1,0,0,0,0,0,0,0,0,0,0
2005,50040,1,1,0,0,0,0,0,0,0,0,0,0
2005,50041,1,1,0,0,0,0,0,0,0,0,0,0
2005,50041,2,1,0,0,0,0,0,0,0,0,16,0
2005,50042,1,1,0,0,12,0,0,0,0,0,0,0
2005,50043,1,1,0,0,0,0,0,0,8,0,0,0
2005,50043,2,1,0,0,0,0,0,0,0,3,0,0
2005,50044,1,1,0,0,0,0,0,0,0,0,0,0
2005,50045,1,1,0,0,0,0,0,0,0,0,0,0
2005,50045,2,1,0,0,0,0,0,0,0,0,0,0
2005,50046,1,1,0,0,0,0,0,0,0,0,0,0
2005,50047,1,1,0,0,0,0,0,0,0,0,0,0
2005,50047,2,1,0,0,0,0,0,0,0,0,0,0
2005,50048,1,1,18,18,18,18,18,18,18,18,18,18
2005,50049,1,1,38,23,0,4,35,12,15,17,21,20
2005,50050,1,1,0,0,0,0,0,0,0,0,0,0
2005,50050,2,1,0,0,0,0,0,0,0,0,0,0
2005,50050,3,1,0,0,0,0,0,0,0,0,0,0
2005,50050,4,1,0,19,0,0,0,0,0,0,0,25
2005,50051,1,1,20,20,20,20,20,20,20,20,20,20
2005,50052,1,1,8,8,8,8,8,8,8,8,8,8
2005,50053,1,1,19,19,19,19,19,19,19,19,19,19
2005,50054,1,1,23,23,23,23,23,23,23,23,23,23
2005,50055,1,1,8,8,8,8,8,8,8,8,8,8
2005,50056,1,1,0,0,0,0,0,0,0,0,0,0
2005,50057,0,1,0,0,0,0,0,0,0,0,0,0
2005,50057,1,1,0,0,0,0,0,0,0,0,0,0
2005,50058,1,1,0,0,0,0,0,0,0,0,0,0
2005,50058,2,1,0,0,0,0,0,0,0,0,0,0
2005,50058,3,1,0,0,0,0,0,0,0,0,0,0
2005,50059,1,1,0,0,0,0,0,0,0,0,0,0
2005,50059,2,1,0,0,0,0,0,0,0,0,0,0
2005,50060,1,1,0,0,0,0,0,0,0,0,0,0
2005,50060,2,1,0,0,0,0,0,0,0,0,0,0
2005,50061,1,1,22,22,22,22,22,22,22,22,22,22
2005,50062,1,1,0,0,0,0,0,0,0,0,0,0
2005,50062,2,1,0,0,0,0,27,0,15,16,0,7
2005,50063,1,1,0,0,0,0,0,0,0,0,0,0
2005,50064,1,1,0,0,0,0,0,0,0,0,0,0
2005,50064,2,1,0,0,0,0,0,0,0,0,0,0
2005,50065,1,1,0,0,0,0,0,0,0,0,0,0
2005,50066,1,1,0,0,0,0,0,0,0,0,0,0
2005,50066,2,1,0,0,0,0,0,0,0,0,0,0
2005,50067,0,1,0,0,0,0,0,10,37,0,0,0
2005,50067,1,1,0,0,0,0,0,0,0,0,0,0
2005,50068,1,1,0,0,0,0,0,0,0,0,0,0
2005,50069,1,1,21,21,21,21,21,21,21,21,21,21
2005,50070,1,1,0,0,0,0,0,0,0,0,0,32
2005,50070,2,1,0,0,0,0,0,0,0,0,0,0
2005,50070,3,1,7,7,7,7,7,7,7,7,7,7
2005,50071,1,1,0,0,0,0,0,0,0,0,0,0
2005,50071,2,1,0,0,0,0,0,0,0,0,0,0
2005,50072,1,1,0,0,0,0,0,0,0,0,0,0
2005,50072,2,1,0,0,0,0,0,0,0,0,0,0
2005,50073,1,1,0,0,0,0,0,0,0,0,0,0
2005,50073,2,1,0,0,0,0,0,0,0,0,0,0
2005,50074,0,1,0,0,0,0,0,0,0,0,0,0
2005,50074,1,1,0,0,0,0,0,0,0,0,0,0
2005,50075,1,1,0,0,0,0,0,0,0,0,0,0
2005,50076,1,1,0,0,0,0,0,0,0,0,0,0
2005,50076,2,1,0,0,0,0,0,0,0,0,0,0
2005,50076,3,1,0,0,0,0,0,0,0,0,0,0
2005,50077,1,1,0,0,0,0,0,0,0,0,0,0
2005,50078,1,1,23,23,23,23,23,23,23,23,23,23
2005,50079,0,1,0,0,0,0,0,0,0,0,0,0
2005,50079,1,1,0,0,0,0,0,0,0,0,0,0
2005,50080,1,1,8,8,8,8,8,8,8,8,8,8
2005,50081,1,1,0,0,0,0,0,0,0,0,0,0
2005,50082,1,1,4,4,4,4,4,4,4,4,4,4
2005,50082,2,1,0,0,0,0,0,0,0,0,0,0
2005,50082,3,1,0,0,0,0,0,0,0,0,0,0
2005,50083,1,1,0,0,0,0,0,0,0,0,0,0
2005,50083,2,1,0,0,0,0,0,0,0,0,0,0
2005,50084,0,1,0,0,0,0,0,0,0,0,0,0
2005,50084,1,1,0,0,0,0,0,0,0,0,0,0
2005,50085,1,1,0,0,0,0,0,0,0,0,0,0
2005,50086,1,1,0,0,0,0,0,0,0,0,0,0
2005,50086,2,1,0,0,23,15,0,0,0,0,0,0
2005,50087,1,1,0,0,0,0,0,0,0,0,0,0
2005,50087,2,1,0,0,0,0,0,0,0,0,0,0
2005,50088,1,1,0,0,0,0,0,0,0,0,0,0
2005,50089,1,1,0,0,0,0,0,0,0,0,0,0
2005,50090,1,1,22,22,22,22,22,22,22,22,22,22
2005,50090,2,1,0,0,0,0,0,0,0,0,0,0
2005,50091,1,1,0,0,0,0,0,0,0,0,0,0
2005,50091,2,1,0,0,0,0,0,0,0,0,0,0
2005,50092,1,1,19,19,19,19,19,19,19,19,19,19
2005,50093,1,1,0,0,0,0,0,0,0,0,0,0
2005,50094,1,1,0,0,0,0,0,0,0,0,0,0
2005,50095,1,1,0,0,0,0,0,0,0,0,0,0
2005,50095,2,1,0,0,0,0,0,0,0,0,0,0
2005,50096,1,1,1,1,1,1,1,1,1,1,1,1
2005,50097,1,1,0,0,0,0,0,0,0,0,0,0
2005,50098,1,1,0,0,0,0,0,0,0,0,0,0
2005,50098,2,1,0,0,0,0,0,0,0,0,0,0
2005,50099,1,1,0,0,0,0,0,0,0,0,0,0
2005,50099,2,1,0,0,0,0,0,0,0,0,0,0
2005,50100,1,1,0,0,0,0,0,0,0,0,0,0
2005,50101,1,1,0,0,0,0,0,0,0,0,0,0
2005,50101,2,1,0,0,0,0,0,0,0,0,0,0
2005,50102,1,1,24,24,24,24,24,24,24,24,24,24
2005,50103,1,1,10,10,10,10,10,10,10,10,10,10
2005,50104,1,1,0,0,0,0,0,0,0,0,0,0
2005,50104,2,1,0,0,0,0,0,0,0,0,0,0
2005,50105,1,1,10,10,10,10,10,10,10,10,10,10
2005,50106,1,1,0,0,0,0,0,0,0,0,0,0
2005,50106,2,1,25,25,25,25,25,25,25,25,25,25
2005,50107,1,1,15,15,15,15,15,15,15,15,15,15
2005,50108,1,1,14,14,14,14,14,14,14,14,14,14
2005,50109,1,1,0,0,0,0,0,0,0,0,0,0
2005,50109,2,1,0,0,0,0,0,0,0,0,0,0
2005,50110,0,1,0,0,0,0,0,0,0,0,0,0
2005,50110,1,1,0,0,0,0,0,0,0,0,0,0
2005,50111,1,1,0,0,0,0,0,0,0,0,0,0
2005,50112,1,1,17,17,17,17,17,17,17,17,17,17
2005,50113,1,1,7,0,0,0,0,22,6,31,0,0
2005,50114,1,1,0,0,0,0,0,0,0,0,0,0
2005,50115,1,1,0,0,0,0,0,0,0,0,0,0
2005,50115,2,1,0,0,0,0,0,0,0,0,21,0
2005,50116,1,1,0,0,0,0,0,0,0,0,0,0
2005,50117,1,1,0,0,0,0,0,0,0,0,0,0
2005,50117,2,1,0,0,0,0,0,0,0,0,0,0
2005,50117,3,1,0,0,0,0,0,0,0,0,0,0
2005,50118,1,1,14,14,14,14,14,14,14,14,14,14
2005,50118,2,1,0,0,0,0,0,0,0,0,0,0
2005,50119,1,1,0,0,0,0,0,0,0,0,0,0
2005,50119,2,1,0,0,0,0,0,0,0,0,0,0
2005,50120,1,1,0,0,0,0,0,0,0,0,0,0
2005,50120,2,1,0,0,0,0,0,0,0,0,0,0
2005,50121,1,1,17,17,17,17,17,17,17,17,17,17
2005,50122,1,1,0,0,0,0,0,0,0,0,0,0
2005,50123,1,1,0,0,0,0,0,0,0,0,0,0
2005,50123,2,1,0,0,0,3,0,0,0,0,0,0
2005,50124,1,1,0,0,0,0,0,0,0,0,0,0
2005,50124,2,1,0,0,0,0,0,0,0,0,0,0
2005,50125,1,1,0,0,0,0,22,0,12,0,5,0
2005,50126,1,1,0,0,0,0,0,0,0,0,0,0
2005,50126,2,1,0,0,0,0,0,0,0,0,0,0
2005,50127,1,1,0,0,0,0,0,0,0,0,0,0
2005,50128,1,1,0,0,0,0,0,0,0,0,0,0
2005,50129,1,1,0,0,0,0,0,0,0,0,0,0
2005,50130,1,1,20,20,20,20,20,20,20,20,20,20
2005,50131,1,1,0,0,0,0,0,0,0,0,0,0
2005,50132,1,1,0,0,0,0,0,0,0,0,0,0
2005,50133,1,1,0,0,0,0,0,0,0,0,0,0
2005,50133,2,1,0,0,0,0,0,0,0,0,0,0
2005,50134,1,1,11,26,21,18,22,27,11,29,11,16
2005,50135,1,1,18,0,0,18,0,0,0,0,0,0
2005,50135,2,1,11,11,11,11,11,11,11,11,11,11
2005,50136,1,1,0,0,0,0,0,0,0,0,0,0
2005,50137,1,1,9,9,9,9,9,9,9,9,9,9
2005,50138,1,1,0,0,0,0,0,0,0,0,0,0
2005,50138,2,1,37,37,37,37,37,37,37,37,37,37
2005,50139,1,1,0,0,0,0,0,0,0,0,0,0
2005,50140,1,1,0,0,0,0,0,0,0,0,0,0
2005,50141,1,1,0,0,0,0,0,0,0,0,0,0
2005,50141,2,1,0,0,0,0,0,0,0,0,0,0
2005,50142,1,1,0,0,0,0,0,0,0,0,0,0
2005,50142,2,1,0,0,0,0,0,0,0,0,0,0
2005,50143,1,1,0,0,0,0,0,0,0,0,0,0
2005,50143,2,1,0,0,0,0,0,0,0,0,0,0
2005,50144,1,1,0,0,0,0,0,0,0,0,0,0
2005,50145,1,1,0,29,0,0,4,0,0,0,0,0
2005,50145,2,1,8,8,8,8,8,8,8,8,8,8
2005,50146,1,1,17,9,8,24,13,23,22,40,24,17
2005,50147,0,1,0,0,0,0,0,0,0,0,0,0
2005,50147,1,1,0,0,0,0,0,0,0,0,0,0
2005,50148,1,1,0,0,0,0,0,0,0,0,0,0
2005,50148,2,1,0,0,0,0,0,0,0,0,0,0
2005,50149,1,1,0,0,0,0,0,0,0,0,15,0