YEAR,ST_CASE,veh_no,per_no,P1,P2,P3,P4,P5,P6,P7,P8,P9,P10
2005,50455,4,1,0,0,0,0,0,0,0,0,0,0
2005,50455,5,1,0,0,0,0,0,0,0,0,0,0
2005,50456,1,1,0,0,0,0,0,0,0,0,0,0
2005,50457,0,1,0,0,0,0,0,0,0,0,11,0
2005,50457,1,1,0,0,0,0,0,0,0,0,0,0
2005,50458,1,1,11,11,11,11,11,11,11,11,11,11
2005,50458,2,1,0,0,0,0,0,0,0,0,0,0
2005,50459,1,1,14,14,14,14,14,14,14,14,14,14
2005,50460,1,1,14,14,14,14,14,14,14,14,14,14
2005,50461,1,1,0,0,0,0,0,3,0,0,0,0
2005,50461,2,1,0,0,0,0,0,0,0,0,0,0
2005,50462,1,1,13,13,13,13,13,13,13,13,13,13
2005,50462,2,1,0,0,0,0,0,0,0,0,0,0
2005,50463,1,1,0,0,0,0,0,0,0,0,0,0
2005,50464,0,1,16,16,16,16,16,16,16,16,16,16
2005,50464,1,1,0,0,0,0,0,0,0,0,0,0
2005,50465,1,1,40,40,40,40,40,40,40,40,40,40
2005,50466,1,1,0,0,0,0,0,0,0,0,0,0
2005,50466,2,1,0,0,0,0,0,0,0,0,0,0
2005,50467,0,1,18,11,0,0,32,12,19,0,15,16
2005,50467,0,2,15,21,8,22,0,20,0,25,27,20
2005,50467,1,1,0,13,19,19,16,15,24,14,23,9
2005,50468,1,1,0,0,0,0,0,0,0,0,0,0
2005,50469,1,1,19,19,19,19,19,19,19,19,19,19
2005,50470,1,1,0,0,0,0,0,0,0,0,0,0
2005,50470,2,1,0,0,0,0,0,0,0,0,0,0
2005,50470,3,1,0,0,0,0,0,0,0,0,0,0
2005,50471,1,1,0,0,0,0,0,0,0,0,0,0
2005,50472,1,1,0,0,0,0,0,0,0,0,0,0
2005,50473,1,1,0,0,0,0,0,0,0,0,0,0
2005,50474,0,1,26,0,0,0,19,22,0,0,0,0
2005,50474,1,1,0,0,0,0,0,0,0,0,0,0
2005,50475,1,1,4,4,4,4,4,4,4,4,4,4
2005,50476,1,1,0,0,0,0,0,0,0,0,0,0
2005,50476,2,1,0,0,0,0,0,0,0,0,0,0
2005,50477,1,1,0,0,0,0,0,0,0,0,0,0
2005,50477,2,1,37,37,37,37,37,37,37,37,37,37
2005,50478,1,1,0,0,0,0,0,0,0,0,0,0
2005,50479,1,1,0,0,0,0,0,0,0,0,0,0
2005,50480,1,1,19,19,19,19,19,19,19,19,19,19
2005,50481,1,1,0,0,0,0,0,0,0,0,0,0
2005,50481,2,1,0,0,0,0,0,0,0,0,0,0
2005,50482,1,1,0,0,0,0,0,0,0,0,0,0
2005,50483,1,1,18,18,18,18,18,18,18,18,18,18
2005,50483,2,1,0,0,0,0,0,0,0,0,0,0
2005,50484,1,1,0,6,0,0,0,0,0,0,0,0
2005,50485,1,1,0,0,0,0,0,0,0,0,0,0
2005,50486,1,1,0,0,0,0,0,0,0,0,0,0
2005,50486,2,1,0,17,0,24,0,19,20,17,0,0
2005,50487,1,1,0,0,0,0,0,0,0,0,0,0
2005,50487,2,1,0,0,0,0,0,0,0,0,0,0
2005,50488,1,1,0,0,0,0,0,0,0,0,0,0
2005,50489,1,1,0,0,0,0,0,0,0,0,0,0
2005,50489,2,1,0,0,0,0,0,0,0,0,0,0
2005,50490,1,1,0,0,0,0,0,0,0,0,0,0
2005,50491,1,1,0,0,0,0,0,0,0,0,9,0
2005,50492,1,1,0,0,0,0,0,0,0,0,0,0
2005,50492,2,1,0,0,0,0,0,0,0,0,0,0
2005,50493,1,1,0,0,0,0,11,0,0,0,0,0
2005,50493,2,1,0,0,0,0,0,0,0,0,0,0
2005,50493,3,1,0,0,0,0,0,0,0,3,0,0
2005,50494,1,1,0,0,0,0,0,0,0,0,0,0
2005,50494,2,1,0,0,0,0,0,0,0,0,0,0
2005,50495,1,1,0,0,0,0,0,0,0,0,0,0
2005,50495,2,1,0,0,0,0,0,0,0,0,0,0
2005,50495,3,1,0,0,0,0,0,0,0,0,0,0
2005,50496,1,1,18,18,18,18,18,18,18,18,18,18
2005,50497,1,1,17,0,0,0,0,10,0,0,10,7
2005,50498,1,1,0,0,0,0,0,0,0,0,0,0
2005,50498,2,1,0,0,0,0,0,0,0,0,0,0
2005,50499,1,1,0,0,0,0,0,0,0,0,0,0
2005,50499,2,1,0,0,0,0,0,0,0,0,0,0
2005,50500,1,1,24,24,24,24,24,24,24,24,24,24
2005,50501,1,1,26,26,26,26,26,26,26,26,26,26
2005,50502,1,1,0,0,0,0,0,0,0,0,0,0
2005,50502,2,1,0,0,0,0,0,0,0,0,0,0
2005,50503,1,1,0,0,0,0,0,0,0,0,0,0
2005,50503,2,1,0,0,0,0,0,0,0,0,0,0
2005,50504,0,1,0,0,0,0,0,0,0,0,0,0
2005,50504,2,1,0,0,0,0,0,0,0,0,0,0
2005,50505,1,1,0,0,0,0,0,0,0,0,0,0
2005,50505,2,1,0,0,0,0,0,0,0,0,0,0
2005,50506,1,1,0,0,0,0,0,0,0,0,0,0
2005,50506,2,1,0,0,0,0,0,0,0,0,0,0
2005,50507,1,1,11,11,11,11,11,11,11,11,11,11
2005,50508,1,1,0,0,0,0,0,0,0,0,0,0
2005,50508,2,1,0,0,0,0,0,0,0,0,0,0
2005,50509,1,1,0,0,10,0,0,0,0,0,0,3
2005,50509,2,1,0,0,0,0,0,0,0,0,0,0
2005,50510,1,1,30,30,30,30,30,30,30,30,30,30
2005,50511,1,1,23,23,23,23,23,23,23,23,23,23
2005,50511,2,1,0,0,0,0,0,0,0,0,0,0
2005,50512,1,1,0,26,0,0,0,0,0,0,0,0
2005,50512,2,1,0,0,0,0,0,0,0,0,0,0
2005,50513,1,1,0,0,0,0,0,0,0,0,0,0
2005,50513,2,1,0,0,0,0,0,0,0,0,0,0
2005,50514,1,1,0,0,0,0,0,0,17,0,0,0
2005,50515,1,1,0,0,0,0,0,0,0,0,0,0
2005,50515,2,1,0,0,0,0,0,0,0,0,0,0
2005,50516,1,1,27,27,27,27,27,27,27,27,27,27
2005,50517,1,1,11,11,11,11,11,11,11,11,11,11
2005,50518,1,1,0,0,0,0,0,0,0,0,0,0
2005,50518,2,1,0,0,0,0,0,0,0,0,0,0
2005,50519,1,1,0,0,18,0,22,0,0,26,11,13
2005,50520,1,1,0,0,0,0,0,0,0,0,0,0
2005,50521,1,1,0,0,0,0,0,0,0,0,0,0
2005,50522,1,1,0,0,0,0,0,0,0,0,0,0
2005,50522,2,1,0,0,0,0,0,0,0,0,0,0
2005,50523,1,1,0,0,0,7,0,0,0,0,0,0
2005,50524,1,1,28,28,28,28,28,28,28,28,28,28
2005,50525,1,1,17,17,17,17,17,17,17,17,17,17
2005,50526,1,1,2,0,0,0,0,0,0,0,0,0
2005,50527,1,1,0,0,0,0,0,0,0,0,0,0
2005,50528,1,1,29,29,29,29,29,29,29,29,29,29
2005,50529,1,1,0,0,0,0,0,0,8,0,0,0
2005,50530,1,1,0,0,0,0,0,0,0,0,0,0
2005,50530,2,1,0,0,0,0,0,0,0,0,0,0
2005,50531,1,1,0,0,0,0,0,0,0,0,0,0
2005,50531,2,1,0,0,0,0,0,0,0,0,0,0
2005,50532,1,1,0,0,0,0,0,0,0,0,0,0
2005,50532,2,1,0,0,0,0,0,0,0,0,0,0
2005,50533,1,1,7,0,0,0,0,0,0,0,0,0
2005,50533,2,1,0,0,0,0,0,0,0,0,0,0
2005,50534,1,1,0,0,0,0,0,0,0,0,0,0
2005,50535,1,1,0,0,0,0,0,0,0,0,0,0
2005,50535,2,1,0,0,0,0,0,0,0,0,0,0
2005,50536,1,1,0,0,0,0,0,0,0,0,0,0
2005,50537,1,1,9,9,9,9,9,9,9,9,9,9
2005,50537,2,1,0,0,9,0,0,0,0,0,0,0
2005,50538,1,1,19,14,6,0,0,8,9,0,0,0
2005,50539,0,1,0,0,0,0,0,0,0,0,0,0
2005,50539,1,1,0,0,0,22,0,0,0,0,0,0
2005,50540,1,1,0,0,0,0,0,0,0,0,0,0
2005,50540,2,1,0,0,15,0,5,0,0,0,0,0
2005,50541,1,1,34,0,0,30,0,20,0,0,0,0
2005,50542,1,1,0,0,0,0,0,0,0,0,0,0
2005,50543,1,1,0,0,0,0,0,0,0,0,0,0
2005,50543,2,1,0,0,0,0,0,0,0,0,0,0
2005,50544,1,1,0,10,0,0,0,0,0,0,0,0
2005,50545,1,1,16,16,16,16,16,16,16,16,16,16
2005,50546,1,1,0,0,0,0,0,0,0,0,0,0
2005,50546,2,1,0,0,0,0,0,0,0,0,0,0
2005,50547,1,1,0,0,0,0,0,0,0,0,0,0
2005,50547,2,1,0,0,0,0,0,0,0,0,0,0
2005,50548,0,1,0,0,0,0,0,0,0,0,0,0
2005,50548,1,1,0,0,0,0,0,0,0,0,0,0
2005,50549,1,1,25,25,25,25,25,25,25,25,25,25
2005,50550,1,1,38,38,38,38,38,38,38,38,38,38
2005,50551,1,1,21,21,21,21,21,21,21,21,21,21
2005,50551,2,1,0,0,0,0,0,0,0,0,0,0
2005,50552,1,1,0,0,0,0,0,0,0,0,0,0
2005,50552,2,1,34,34,34,34,34,34,34,34,34,34
2005,50553,1,1,13,13,13,13,13,13,13,13,13,13
2005,50553,2,1,0,0,0,0,0,0,0,0,0,0
2005,50554,1,1,0,0,0,0,0,0,0,0,0,0
2005,50555,1,1,0,0,0,0,0,0,0,0,0,0
2005,50555,2,1,21,21,21,21,21,21,21,21,21,21
2005,50556,0,1,0,0,0,0,0,0,0,0,0,0
2005,50556,1,1,0,0,0,0,0,0,0,0,0,0
2005,50557,1,1,0,0,0,0,0,0,0,0,0,0
2005,50557,2,1,0,0,0,0,0,0,0,0,0,0
2005,50558,1,1,0,0,0,0,0,0,0,0,0,0
2005,50559,1,1,0,0,0,0,0,0,0,0,0,0
2005,50559,2,1,0,0,0,0,0,0,0,0,0,0
2005,50560,1,1,19,19,19,19,19,19,19,19,19,19
2005,50561,1,1,0,0,0,0,0,0,0,0,0,0
2005,50561,2,1,0,0,0,0,0,0,0,0,0,0
2005,50561,3,1,0,0,0,0,0,0,0,0,0,0
2005,50562,0,1,7,7,7,7,7,7,7,7,7,7
2005,50562,1,1,0,0,0,0,0,0,0,0,0,0
2005,50563,1,1,22,22,22,22,22,22,22,22,22,22
2005,50564,1,1,0,0,0,0,0,0,0,0,0,0
2005,50565,1,1,0,0,0,0,0,0,0,0,0,0
2005,50566,0,1,38,38,38,38,38,38,38,38,38,38
2005,50566,1,1,0,13,10,18,9,10,0,17,22,9
2005,50567,1,1,38,13,3,13,0,10,17,22,25,23
2005,50568,1,1,0,0,0,0,0,0,0,0,0,0
2005,50568,2,1,0,0,0,0,0,0,0,0,0,0
2005,50568,3,1,0,0,0,0,0,0,0,0,0,0
2005,50569,0,1,0,0,0,0,0,0,0,0,9,0
2005,50569,1,1,0,0,0,0,0,0,0,0,0,0
2005,50570,0,1,0,0,0,0,0,0,14,0,0,0
2005,50570,1,1,0,0,0,0,0,0,0,0,0,0
2005,50571,1,1,12,12,12,12,12,12,12,12,12,12
2005,50571,2,1,0,0,0,0,0,0,0,0,0,0
2005,50572,1,1,0,0,0,0,0,0,0,0,0,0
2005,50573,1,1,0,0,0,0,0,0,0,0,0,0
2005,50573,2,1,0,0,0,0,0,0,0,0,0,0
2005,50574,1,1,19,19,19,19,19,19,19,19,19,19
2005,50575,1,1,24,24,24,24,24,24,24,24,24,24
2005,50576,1,1,0,0,0,0,0,0,0,0,0,0
2005,50576,2,1,7,7,7,7,7,7,7,7,7,7
2005,50577,1,1,11,0,0,0,0,0,0,0,0,0
2005,50577,2,1,3,3,3,3,3,3,3,3,3,3
2005,50578,1,1,0,0,0,0,0,0,0,0,0,0
2005,50578,2,1,0,0,0,0,0,0,0,0,0,0
2005,50579,1,1,0,0,0,0,0,0,0,0,0,0
2005,50580,1,1,0,0,0,0,0,0,0,0,0,0
2005,50580,2,1,0,0,0,0,0,0,0,0,0,0
2005,50580,3,1,0,0,0,0,0,0,0,0,0,0
2005,50581,1,1,24,24,24,24,24,24,24,24,24,24
2005,50582,1,1,19,19,19,19,19,19,19,19,19,19
2005,50583,1,1,0,0,0,0,0,0,0,0,0,0
2005,50584,1,1,29,29,29,29,29,29,29,29,29,29
2005,50585,1,1,9,9,9,9,9,9,9,9,9,9
2005,50586,1,1,0,0,0,0,0,0,0,0,0,0
2005,50586,2,1,0,0,0,0,0,0,0,0,0,0
2005,50586,3,1,0,0,0,0,0,0,0,0,0,0
2005,50587,1,1,20,20,20,20,20,20,20,20,20,20
2005,50588,1,1,0,0,0,0,0,0,0,0,0,0
2005,50589,1,1,0,0,0,0,0,0,0,0,0,0
2005,50589,2,1,0,0,0,0,0,0,0,0,0,0
2005,50590,1,1,0,0,0,0,0,0,0,0,0,0
2005,50590,2,1,0,0,0,0,0,0,0,0,0,0
2005,50591,1,1,0,0,0,0,0,0,0,0,0,0
2005,50592,1,1,0,0,0,0,2,0,0,0,0,0
2005,50592,2,1,0,0,19,15,0,0,23,0,0,0
2005,50593,1,1,24,24,24,24,24,24,24,24,24,24
2005,50594,1,1,17,0,0,8,7,0,0,19,0,0
2005,50595,1,1,0,0,0,0,0,0,0,0,0,0
2005,50595,2,1,0,0,0,0,0,0,0,0,0,0
2005,50596,1,1,0,0,0,0,0,0,0,0,0,0
2005,50597,1,1,28,28,28,28,28,28,28,28,28,28
2005,50598,1,1,8,8,8,8,8,8,8,8,8,8
2005,80001,0,1,21,21,21,21,21,21,21,21,21,21
2005,80001,1,1,15,12,14,18,6,8,17,6,16,8
2005,80002,1,1,18,18,18,18,18,18,18,18,18,18
2005,80003,1,1,0,0,0,0,0,0,0,0,0,0
2005,80003,2,1,0,0,0,0,0,0,0,0,0,0
2005,80004,1,1,0,0,0,0,0,0,0,0,0,0
2005,80005,1,1,23,23,23,23,23,23,23,23,23,23
2005,80006,0,1,32,32,32,32,32,32,32,32,32,32
2005,80006,1,1,0,0,0,0,0,0,0,0,0,0
2005,80007,1,1,0,0,0,0,0,0,0,0,0,0
2005,80008,1,1,0,0,0,0,0,0,0,0,0,0
2005,80008,2,1,8,0,0,0,0,0,0,0,0,0
2005,80009,1,1,0,0,0,0,0,0,0,0,0,0
2005,80010,1,1,0,0,0,0,0,0,0,0,0,0
2005,80011,1,1,0,0,0,15,0,24,0,0,27,0
2005,80011,2,1,0,0,0,0,0,0,0,0,0,0
2005,80012,1,1,0,0,0,0,0,0,0,0,0,0
2005,80012,2,1,0,0,0,0,0,0,0,0,0,0
2005,80013,1,1,19,19,19,19,19,19,19,19,19,19
2005,80014,1,1,0,13,0,0,0,0,0,0,0,0
2005,80014,2,1,0,0,0,0,0,0,0,0,0,0
2005,80015,1,1,34,17,18,15,6,29,18,16,48,36
2005,80016,1,1,0,0,0,0,0,0,0,0,0,0
2005,80016,2,1,0,0,0,0,0,0,0,0,0,0
2005,80017,1,1,22,16,9,12,7,16,15,14,13,0
2005,80018,1,1,19,19,19,19,19,19,19,19,19,19
2005,80019,1,1,0,0,0,0,0,0,0,0,0,0
2005,80019,2,1,0,0,0,0,0,0,0,0,0,0
2005,80020,1,1,0,0,0,0,0,0,0,0,0,0
2005,80021,1,1,0,0,0,0,0,0,0,0,0,0
2005,80022,0,1,0,0,0,0,0,0,0,0,0,0
2005,80022,1,1,0,0,0,0,0,0,0,0,0,0
2005,80023,1,1,0,12,13,0,15,19,0,14,0,0
2005,80024,1,1,0,0,0,0,0,0,0,0,0,0
2005,80024,2,1,0,0,0,0,0,22,0,22,0,0
2005,80025,1,1,0,0,0,0,0,0,0,0,0,0
2005,80026,1,1,0,0,0,0,0,0,0,0,12,0
2005,80026,2,1,0,0,0,0,0,0,0,0,0,0
2005,80027,1,1,0,0,0,0,0,0,0,0,0,0
2005,80027,2,1,0,0,0,0,0,0,0,0,0,0
2005,80028,1,1,0,0,0,0,0,0,0,0,0,0
2005,80028,2,1,0,0,0,0,0,0,0,0,0,0
2005,80029,1,1,0,0,0,0,0,0,0,0,0,0
2005,80029,2,1,0,0,0,0,0,0,0,0,0,0
2005,80030,1,1,18,18,18,18,18,18,18,18,18,18
2005,80031,1,1,18,6,23,8,23,14,7,17,12,0
2005,80031,2,1,0,0,0,0,0,0,0,22,0,0
2005,80032,0,1,13,13,13,13,13,13,13,13,13,13
2005,80032,1,1,0,0,0,0,0,0,0,0,0,0
2005,80033,1,1,20,0,14,18,14,5,7,31,20,12
2005,80033,2,1,0,0,0,0,0,0,0,0,0,0
2005,80034,1,1,0,0,0,0,0,0,0,0,0,0
2005,80034,2,1,0,0,0,0,0,0,0,0,0,0
2005,80035,1,1,24,24,24,24,24,24,24,24,24,24
2005,80036,1,1,0,0,0,0,0,0,0,0,0,0
2005,80036,2,1,0,0,0,0,0,0,0,0,0,17
2005,80037,1,1,0,0,0,0,0,0,0,0,0,0
2005,80038,0,1,0,27,0,0,0,0,0,0,0,24
2005,80038,1,1,0,0,0,0,0,0,0,0,0,0
2005,80039,1,1,0,0,0,0,0,0,0,0,0,0
2005,80040,1,1,0,0,0,0,0,0,0,0,0,0
2005,80041,1,1,35,35,35,35,35,35,35,35,35,35
2005,80042,1,1,31,31,31,31,31,31,31,31,31,31
2005,80043,1,1,0,0,0,0,0,0,0,0,0,0
2005,80044,1,1,17,17,17,17,17,17,17,17,17,17
2005,80044,2,1,0,0,0,0,0,0,0,0,0,0
2005,80045,1,1,0,0,0,0,0,0,0,0,0,0
2005,80046,0,1,22,22,22,22,22,22,22,22,22,22
2005,80046,1,1,0,0,13,0,0,0,0,0,13,0
2005,80047,0,1,0,0,0,0,0,0,0,0,0,0
2005,80047,1,1,7,0,5,6,11,15,17,13,0,14
2005,80048,1,1,0,0,0,0,0,0,0,0,0,0
2005,80048,2,1,0,0,0,0,0,0,0,0,0,0
2005,80049,1,1,0,0,0,0,0,0,0,0,0,0
2005,80049,2,1,0,0,0,0,0,0,0,0,0,0
2005,80050,0,1,22,22,22,22,22,22,22,22,22,22
2005,80050,1,1,9,23,0,10,0,8,0,15,21,9
2005,80051,1,1,0,0,0,0,0,0,0,0,0,0
2005,80052,1,1,0,0,0,0,0,0,0,0,0,0
2005,80052,2,1,0,0,0,0,0,0,0,0,0,0
2005,80053,1,1,0,0,0,0,0,0,0,0,0,0
2005,80053,2,1,0,0,0,0,0,0,0,0,0,0
2005,80054,1,1,0,0,0,0,0,0,0,0,0,0
2005,80055,1,1,12,2,15,18,10,0,0,5,17,10
2005,80055,2,1,0,0,0,0,0,0,0,0,0,0
2005,80056,1,1,0,0,0,0,0,0,0,0,0,0
2005,80057,1,1,0,0,0,0,0,0,0,0,0,0
2005,80058,1,1,0,0,0,0,0,0,0,0,0,0
2005,80058,2,1,0,0,0,0,0,0,0,0,0,0
2005,80059,1,1,0,0,0,3,0,0,0,0,0,21
2005,80060,0,1,0,0,0,0,0,0,0,0,0,0
2005,80060,1,1,0,0,0,0,0,0,0,0,0,0
2005,80061,1,1,0,0,0,0,0,0,0,0,0,0
2005,80061,2,1,0,0,0,0,0,0,0,0,0,0
2005,80061,3,1,0,0,0,0,0,13,0,0,0,0
2005,80062,1,1,21,21,21,21,21,21,21,21,21,21
2005,80063,0,1,33,33,33,33,33,33,33,33,33,33
2005,80063,1,1,0,19,6,13,0,0,25,0,0,0
2005,80064,0,1,0,0,0,0,0,0,0,0,0,0
2005,80064,1,1,0,0,0,0,0,0,0,0,0,0
2005,80065,1,1,15,10,0,12,13,5,14,0,15,4
2005,80066,1,1,5,5,5,5,5,5,5,5,5,5
2005,80067,0,1,18,7,0,0,0,0,0,0,0,3
2005,80067,1,1,0,0,0,0,0,0,5,0,0,11
2005,80067,3,1,0,5,0,0,0,0,19,0,0,0
2005,80067,4,1,0,8,0,0,0,0,0,0,0,0
2005,80068,0,1,0,0,0,0,0,0,0,0,0,0
2005,80068,1,1,0,0,0,0,0,0,0,0,0,0
2005,80069,0,1,46,17,32,18,29,23,39,30,21,20
2005,80069,1,1,0,0,0,0,0,0,0,0,0,0
2005,80070,1,1,16,16,16,16,16,16,16,16,16,16
2005,80071,1,1,0,0,0,0,0,0,0,0,0,0
2005,80072,1,1,0,0,0,7,0,0,0,0,0,0
2005,80072,2,1,0,0,0,0,0,0,0,0,0,0
2005,80073,1,1,21,21,21,21,21,21,21,21,21,21
2005,80074,1,1,0,0,0,0,0,0,0,0,0,0
2005,80075,1,1,13,14,6,17,14,29,22,10,10,16
2005,80076,0,1,0,8,0,15,0,0,10,23,0,0
2005,80076,1,1,0,0,17,4,0,0,23,0,0,0
2005,80076,2,1,0,0,0,0,0,9,0,0,0,3
2005,80077,1,1,0,0,0,0,0,0,0,13,12,0
2005,80078,1,1,36,25,14,17,17,11,26,13,20,14
2005,80079,0,1,0,0,0,0,0,0,0,0,0,0
2005,80079,1,1,0,0,0,0,0,0,0,0,0,0
2005,80080,1,1,0,0,0,0,0,0,0,0,0,0
2005,80080,2,1,0,0,0,0,0,0,0,0,0,0
2005,80081,1,1,12,30,18,17,21,20,29,0,11,20
2005,80082,1,1,0,0,0,0,0,0,0,0,0,0
2005,80083,1,1,0,0,0,0,0,0,0,0,0,0
2005,80084,1,1,0,0,0,0,0,0,0,0,0,0
2005,80085,1,1,0,0,0,0,0,0,0,0,0,0
2005,80085,2,1,0,0,0,0,0,0,0,0,0,0
2005,80086,1,1,0,0,0,0,0,0,0,0,0,0
2005,80087,1,1,27,27,27,27,27,27,27,27,27,27
2005,80088,1,1,0,0,0,0,0,0,0,0,0,0
2005,80088,2,1,0,0,0,0,0,0,0,0,0,0
2005,80089,1,1,0,0,0,0,0,0,0,0,0,0
2005,80089,2,1,0,0,0,0,0,0,0,0,0,0
2005,80090,1,1,0,0,0,0,0,0,0,0,0,0
2005,80091,1,1,0,0,0,0,0,0,0,12,0,0
2005,80092,1,1,0,0,0,0,0,0,0,0,0,0
2005,80093,1,1,0,0,0,0,0,0,0,0,0,0
2005,80094,1,1,0,0,0,0,0,0,0,0,0,0
2005,80095,1,1,0,0,0,5,0,0,11,0,0,0
2005,80096,1,1,14,38,30,6,30,20,23,36,18,13
2005,80097,1,1,23,18,12,40,25,20,6,7,18,12
2005,80097,2,1,0,0,0,0,0,0,0,0,0,0
2005,80098,1,1,0,0,0,0,0,0,0,0,0,0
2005,80099,1,1,0,0,0,0,0,0,0,0,0,0
2005,80099,2,1,0,0,0,0,0,0,0,6,0,0
2005,80100,1,1,0,0,0,0,0,0,0,0,0,0
2005,80100,2,1,24,0,0,0,0,0,0,0,0,0
2005,80101,1,1,13,14,0,8,24,8,18,12,24,18
2005,80102,0,1,4,7,25,11,36,43,26,32,8,21
2005,80102,1,1,0,0,0,0,0,0,0,0,0,0
2005,80103,1,1,0,0,0,0,0,0,0,0,0,0
2005,80103,2,1,0,0,0,0,0,0,0,0,0,0
2005,80104,1,1,26,31,35,15,19,29,22,21,15,15
2005,80105,1,1,24,24,24,24,24,24,24,24,24,24
2005,80106,1,1,16,16,16,16,16,16,16,16,16,16
2005,80106,2,1,0,5,0,0,0,0,0,0,0,0
2005,80106,3,1,0,0,0,0,0,0,0,0,0,0
2005,80107,1,1,25,25,25,25,25,25,25,25,25,25
2005,80108,1,1,0,0,0,0,0,0,0,0,0,0
2005,80108,2,1,0,0,0,0,0,0,0,0,0,0
2005,80109,1,1,25,25,25,25,25,25,25,25,25,25
2005,80109,2,1,10,11,0,0,0,0,0,0,0,0
2005,80109,3,1,0,0,0,0,0,0,0,0,17,0
2005,80110,1,1,0,0,0,0,0,0,0,0,0,0
2005,80110,2,1,0,0,0,0,0,0,0,0,0,0
2005,80111,1,1,0,0,0,0,0,0,0,0,0,0
2005,80112,1,1,0,0,0,0,0,0,0,0,0,0
2005,80112,2,1,0,0,0,0,0,0,0,0,0,0
2005,80113,1,1,7,7,7,7,7,7,7,7,7,7
2005,80114,1,1,27,27,27,27,27,27,27,27,27,27
2005,80115,0,1,0,0,0,0,0,0,0,0,0,0
2005,80115,1,1,24,0,16,17,0,0,0,0,0,22
2005,80116,1,1,0,0,0,0,0,0,0,0,0,0
2005,80117,1,1,0,0,0,0,0,0,0,0,0,0
2005,80117,2,1,0,0,0,0,0,0,0,0,0,0
2005,80118,1,1,0,0,0,0,0,0,0,0,0,0
2005,80118,2,1,0,0,0,0,0,0,0,0,0,0
2005,80119,1,1,4,4,4,4,4,4,4,4,4,4
2005,80120,1,1,0,0,0,0,0,0,0,0,0,0
2005,80121,0,1,0,0,0,0,0,0,0,0,0,0
2005,80121,1,1,0,0,0,0,0,0,0,0,12,0
2005,80121,2,1,0,0,0,0,0,0,0,0,0,0
2005,80122,0,1,0,0,0,0,0,0,0,0,0,0
2005,80122,1,1,11,9,16,9,0,12,16,6,17,2
2005,80123,1,1,28,28,28,28,28,28,28,28,28,28
2005,80124,1,1,11,11,11,11,11,11,11,11,11,11
2005,80125,1,1,16,16,16,16,16,16,16,16,16,16
2005,80125,2,1,0,0,0,0,0,0,0,0,0,0
2005,80126,1,1,13,7,0,9,29,23,25,18,35,19
2005,80127,1,1,0,0,0,5,0,0,0,5,0,0
2005,80127,2,1,0,0,0,0,0,0,0,0,0,0
2005,80128,1,1,17,0,7,19,0,0,0,0,12,13
2005,80128,2,1,0,0,0,0,0,0,0,0,0,0
2005,80129,1,1,0,0,0,0,0,0,0,0,0,0
2005,80130,1,1,14,14,14,14,14,14,14,14,14,14
2005,80131,1,1,0,0,0,0,0,0,0,0,0,0
2005,80131,2,1,0,0,0,0,0,0,0,0,0,0
2005,80132,1,1,0,0,0,0,0,0,0,0,0,0
2005,80132,2,1,0,0,0,0,0,0,0,0,0,0
2005,80132,3,1,0,0,0,0,0,0,24,4,0,0
2005,80133,1,1,10,7,22,13,39,20,17,7,12,23
2005,80134,1,1,13,33,21,8,23,21,34,12,23,19
2005,80134,2,1,0,0,0,0,0,6,0,0,0,0
2005,80135,1,1,20,29,11,23,13,21,9,27,17,25
2005,80136,1,1,13,17,30,14,32,15,37,21,13,11
2005,80137,1,1,0,0,0,0,0,0,0,0,0,0
2005,80137,2,1,0,0,0,0,0,0,0,0,0,0
2005,80138,1,1,0,0,15,0,0,0,0,35,21,20
2005,80138,2,1,0,0,0,0,0,0,0,0,0,0
2005,80139,1,1,0,0,0,0,0,0,0,0,0,0
2005,80140,1,1,17,17,17,17,17,17,17,17,17,17
2005,80140,2,1,0,0,0,0,0,0,0,0,0,0
2005,80141,1,1,15,0,0,0,0,0,0,0,0,0
2005,80141,2,1,0,0,0,0,0,0,0,0,0,0
2005,80142,0,1,0,0,0,0,0,0,0,0,0,0
2005,80142,1,1,0,0,3,0,0,16,0,0,0,0
2005,80142,2,1,13,20,0,0,0,0,0,0,0,0
2005,80143,1,1,21,14,35,13,16,12,19,40,31,21
2005,80143,2,1,0,0,0,0,0,0,0,0,0,0
2005,80144,1,1,0,0,0,0,0,0,0,0,0,0
2005,80145,1,1,0,0,0,0,0,0,0,11,0,0
2005,80146,1,1,0,0,0,0,0,0,0,0,0,0
2005,80146,2,1,0,0,0,0,0,0,0,0,0,0
2005,80146,3,1,0,0,0,0,0,0,0,0,0,0
2005,80147,1,1,0,0,0,0,0,0,0,0,0,0
2005,80148,1,1,21,21,21,21,21,21,21,21,21,21
2005,80149,1,1,0,0,0,0,0,0,0,0,0,0
2005,80149,2,1,0,0,0,0,0,0,0,0,0,0
2005,80150,1,1,12,8,7,11,4,13,3,0,10,0
2005,80150,2,1,0,0,0,0,0,0,0,0,0,0
2005,80150,3,1,11,0,0,0,0,0,0,0,0,0
2005,80151,1,1,0,0,0,0,0,0,0,0,0,13
2005,80152,1,1,0,0,0,0,0,0,0,0,0,0
2005,80152,2,1,0,0,0,0,0,0,0,0,0,0
2005,80153,1,1,23,15,18,27,0,12,28,36,29,23
2005,80154,1,1,0,0,0,0,0,0,0,0,0,0
2005,80155,0,1,7,29,31,16,17,29,32,34,6,14
2005,80155,1,1,0,0,0,0,0,0,0,0,0,0
2005,80156,1,1,16,16,16,16,16,16,16,16,16,16
2005,80157,1,1,0,0,0,0,0,0,0,0,0,0
2005,80158,1,1,0,0,0,0,0,0,0,0,0,0
2005,80159,1,1,0,0,0,0,0,0,0,0,0,0
2005,80159,2,1,0,0,0,0,0,0,0,0,0,0