YEAR,ST_CASE,veh_no,per_no,P1,P2,P3,P4,P5,P6,P7,P8,P9,P10
2005,80160,1,1,16,8,18,17,12,22,14,13,12,5
2005,80160,2,1,0,0,0,0,0,0,0,0,0,0
2005,80161,1,1,0,0,0,0,0,0,0,0,0,0
2005,80161,2,1,0,0,0,0,0,0,0,0,0,0
2005,80162,1,1,0,0,0,0,0,0,0,0,0,0
2005,80163,1,1,0,0,0,0,0,0,0,0,0,0
2005,80163,2,1,0,0,0,0,0,0,0,0,0,0
2005,80164,1,1,0,0,0,0,0,0,0,0,0,0
2005,80164,2,1,0,0,0,0,0,0,0,14,0,0
2005,80165,1,1,0,0,11,0,0,0,0,0,0,0
2005,80166,1,1,21,10,9,14,21,23,0,11,19,13
2005,80167,0,1,0,0,0,0,0,0,0,0,0,0
2005,80167,1,1,0,0,0,0,0,0,0,0,0,0
2005,80168,0,1,0,0,0,0,0,0,0,0,0,0
2005,80168,1,1,17,0,0,0,0,0,0,0,0,0
2005,80169,1,1,29,0,0,16,0,0,15,0,0,0
2005,80170,1,1,8,8,8,8,8,8,8,8,8,8
2005,80171,1,1,0,0,0,0,0,16,0,0,0,0
2005,80172,1,1,20,20,20,20,20,20,20,20,20,20
2005,80173,1,1,0,0,0,0,0,0,0,0,0,0
2005,80173,2,1,0,0,0,0,0,0,0,0,0,0
2005,80174,1,1,0,0,0,0,0,0,0,0,0,0
2005,80175,1,1,13,13,13,13,13,13,13,13,13,13
2005,80176,1,1,0,0,0,0,0,0,0,0,0,0
2005,80176,2,1,0,0,0,0,0,0,0,0,0,0
2005,80177,1,1,0,0,0,0,0,0,0,0,0,0
2005,80178,1,1,0,0,0,0,11,0,0,0,0,0
2005,80178,2,1,0,0,0,0,0,0,0,0,0,0
2005,80179,1,1,0,0,0,0,0,0,0,0,0,0
2005,80180,1,1,17,15,25,14,0,21,15,5,19,30
2005,80180,2,1,0,0,0,0,0,0,0,0,0,0
2005,80181,1,1,0,0,0,0,0,0,0,0,0,0
2005,80181,2,1,0,0,0,0,0,0,0,0,0,0
2005,80181,3,1,0,0,0,0,0,0,0,0,2,0
2005,80181,4,1,0,0,0,0,13,0,0,0,0,0
2005,80181,5,1,0,0,0,0,0,0,0,0,0,0
2005,80182,1,1,13,13,13,13,13,13,13,13,13,13
2005,80182,2,1,0,0,0,0,0,0,0,0,0,0
2005,80183,1,1,0,0,0,0,0,0,0,0,0,0
2005,80184,0,1,0,0,0,0,0,0,0,0,0,0
2005,80184,1,1,0,0,0,0,0,0,0,0,0,0
2005,80185,1,1,0,0,0,0,0,0,0,0,0,0
2005,80186,1,1,16,7,11,10,6,14,11,7,8,15
2005,80186,2,1,0,5,17,0,0,10,9,0,0,0
2005,80187,0,1,19,19,19,19,19,19,19,19,19,19
2005,80187,1,1,13,0,13,0,0,0,31,0,25,0
2005,80188,1,1,0,0,0,0,0,0,0,0,0,0
2005,80188,2,1,0,0,0,0,0,0,0,0,0,0
2005,80189,1,1,0,0,0,0,0,0,0,0,0,0
2005,80189,2,1,0,0,0,0,0,0,0,0,0,0
2005,80190,1,1,10,9,15,0,14,16,8,26,20,15
2005,80190,2,1,0,0,0,0,0,0,0,0,0,0
2005,80191,1,1,17,19,21,7,12,16,7,13,10,21
2005,80192,1,1,21,21,21,21,21,21,21,21,21,21
2005,80193,0,1,0,0,0,0,17,0,0,0,0,0
2005,80194,1,1,0,0,10,0,0,0,0,0,0,0
2005,80194,2,1,0,0,0,0,0,0,0,0,0,0
2005,80195,0,1,24,20,26,0,28,0,27,4,8,6
2005,80195,1,1,0,0,0,0,0,0,0,0,0,0
2005,80195,2,1,0,0,0,0,0,0,0,0,0,0
2005,80195,3,1,0,0,0,0,0,0,0,0,0,0
2005,80195,4,1,0,0,0,0,0,0,0,0,0,0
2005,80196,1,1,0,0,0,0,0,0,0,0,0,0
2005,80197,1,1,22,22,22,22,22,22,22,22,22,22
2005,80198,1,1,0,0,0,0,0,0,0,0,0,0
2005,80198,2,1,0,0,0,0,0,0,0,0,0,0
2005,80199,1,1,0,0,0,0,0,0,0,0,0,0
2005,80199,2,1,0,0,0,0,0,0,0,0,0,0
2005,80200,1,1,25,25,25,25,25,25,25,25,25,25
2005,80201,1,1,0,0,0,20,0,0,0,0,0,0
2005,80201,2,1,0,0,0,0,0,0,0,0,0,0
2005,80201,3,1,0,0,0,0,0,0,0,0,0,0
2005,80202,1,1,0,0,0,0,0,0,0,0,0,0
2005,80202,2,1,0,0,0,0,0,0,0,0,0,0
2005,80203,1,1,19,19,19,19,19,19,19,19,19,19
2005,80204,1,1,21,21,21,21,21,21,21,21,21,21
2005,80205,1,1,0,0,0,0,0,0,0,0,0,0
2005,80205,2,1,0,0,0,0,0,0,0,0,0,0
2005,80205,3,1,0,0,0,0,0,0,0,0,0,0
2005,80206,1,1,0,0,0,0,0,0,0,0,0,0
2005,80206,2,1,0,0,0,0,0,0,0,0,0,0
2005,80207,1,1,0,0,0,0,0,0,0,0,0,0
2005,80207,2,1,0,0,0,0,0,0,0,0,0,0
2005,80208,1,1,20,20,20,20,20,20,20,20,20,20
2005,80209,1,1,0,0,0,0,0,0,0,0,0,0
2005,80209,2,1,0,0,0,0,0,0,0,0,0,0
2005,80209,3,1,0,0,0,0,0,0,0,0,0,0
2005,80209,4,1,8,8,8,8,8,8,8,8,8,8
2005,80210,1,1,0,0,0,0,0,0,0,0,0,0
2005,80210,2,1,0,0,0,0,0,0,0,0,0,0
2005,80211,1,1,0,19,0,0,0,0,0,0,0,0
2005,80211,2,1,0,0,0,0,0,0,0,0,0,0
2005,80212,1,1,0,0,0,0,0,0,0,0,0,0
2005,80213,1,1,7,7,7,7,7,7,7,7,7,7
2005,80214,1,1,0,0,0,0,0,0,0,0,0,0
2005,80214,2,1,7,8,3,2,16,8,5,5,31,0
2005,80215,1,1,0,0,0,0,0,0,0,0,0,6
2005,80215,2,1,0,0,0,0,0,0,0,0,0,0
2005,80216,1,1,0,0,7,0,0,0,0,0,0,0
2005,80217,1,1,0,0,0,0,0,0,0,0,0,0
2005,80218,1,1,0,0,0,0,0,0,0,0,0,0
2005,80218,2,1,0,0,0,0,0,0,0,0,0,0
2005,80219,1,1,0,0,0,0,0,0,0,0,0,0
2005,80219,2,1,0,0,0,0,0,0,0,0,0,0
2005,80220,1,1,0,0,0,0,0,8,0,0,0,0
2005,80220,2,1,0,0,0,0,0,0,0,0,0,0
2005,80221,1,1,16,16,16,16,16,16,16,16,16,16
2005,80221,2,1,0,0,0,5,0,0,0,0,11,0
2005,80222,1,1,0,0,0,0,0,0,0,0,0,0
2005,80222,2,1,0,0,0,0,0,0,0,0,0,0
2005,80223,1,1,0,0,0,0,0,0,0,0,0,0
2005,80223,2,1,0,0,0,0,0,0,0,0,0,0
2005,80224,0,1,0,0,0,7,0,0,0,0,0,0
2005,80224,0,2,0,0,35,0,0,20,0,0,0,13
2005,80224,1,1,0,0,0,0,0,0,0,0,0,0
2005,80225,1,1,25,22,0,0,0,0,16,0,0,6
2005,80226,1,1,0,0,7,0,0,0,0,0,0,0
2005,80226,2,1,0,0,0,9,0,21,0,0,0,0
2005,80226,3,1,0,0,0,0,0,0,0,0,0,0
2005,80227,1,1,22,3,5,17,25,18,17,0,24,22
2005,80227,2,1,0,0,0,0,0,0,0,0,0,0
2005,80228,1,1,0,0,0,0,0,0,0,0,0,0
2005,80228,2,1,0,0,22,14,0,0,4,0,0,0
2005,80228,3,1,0,0,0,0,0,0,0,0,0,0
2005,80229,0,1,0,0,0,0,0,0,0,0,0,0
2005,80229,1,1,0,19,0,0,0,0,0,0,0,21
2005,80230,1,1,18,24,3,23,8,24,17,19,20,13
2005,80231,1,1,0,0,0,0,0,0,10,0,0,0
2005,80231,2,1,0,0,0,10,0,0,0,0,0,0
2005,80232,1,1,24,38,26,33,10,27,29,26,22,26
2005,80233,1,1,0,0,0,0,0,0,0,0,0,0
2005,80234,1,1,0,0,0,5,0,0,0,0,24,0
2005,80235,0,1,0,0,0,0,0,0,0,0,0,0
2005,80235,1,1,0,0,0,0,0,0,0,0,0,0
2005,80236,1,1,30,30,30,30,30,30,30,30,30,30
2005,80237,0,1,0,0,0,0,0,0,0,0,0,0
2005,80237,1,1,0,0,0,0,0,0,0,0,0,0
2005,80238,1,1,15,31,17,11,28,11,25,4,14,21
2005,80239,1,1,0,0,0,0,0,0,0,0,0,0
2005,80239,2,1,0,0,0,0,0,0,0,9,0,0
2005,80240,1,1,16,15,29,24,27,12,29,13,19,21
2005,80241,1,1,0,0,0,0,0,0,0,0,0,0
2005,80241,2,1,0,0,0,0,0,0,0,0,0,0
2005,80242,1,1,10,10,10,10,10,10,10,10,10,10
2005,80243,1,1,0,0,0,0,0,0,0,0,0,0
2005,80243,2,1,0,0,0,0,0,0,0,0,0,0
2005,80243,3,1,0,0,0,0,0,0,0,0,0,0
2005,80244,1,1,0,0,0,0,0,0,0,4,0,0
2005,80244,2,1,0,0,0,0,0,0,0,0,0,0
2005,80244,3,1,0,0,0,0,0,0,0,0,0,0
2005,80245,1,1,0,0,0,0,0,0,0,0,0,0
2005,80246,1,1,19,19,19,19,19,19,19,19,19,19
2005,80246,2,1,0,0,0,0,0,0,0,0,0,0
2005,80247,1,1,0,0,0,0,0,0,0,0,0,0
2005,80248,0,1,0,0,0,0,0,0,0,0,0,0
2005,80248,1,1,25,7,20,17,7,16,22,13,7,21
2005,80249,0,1,0,0,0,0,0,0,0,0,0,0
2005,80249,1,1,0,0,0,0,0,0,0,0,0,8
2005,80250,1,1,21,16,0,0,24,0,19,18,16,0
2005,80251,1,1,3,3,3,3,3,3,3,3,3,3
2005,80252,1,1,22,22,22,22,22,22,22,22,22,22
2005,80253,1,1,0,0,0,0,0,0,0,0,0,0
2005,80253,2,1,17,17,17,17,17,17,17,17,17,17
2005,80254,1,1,0,22,18,12,0,3,0,0,14,0
2005,80254,2,1,0,0,0,0,0,0,0,0,0,0
2005,80255,1,1,0,0,0,0,0,0,0,0,0,0
2005,80255,2,1,11,16,8,12,9,10,20,17,18,9
2005,80256,1,1,0,0,0,0,0,0,0,0,0,0
2005,80257,1,1,5,8,2,20,10,14,20,6,17,16
2005,80257,2,1,0,0,0,0,0,0,0,0,0,0
2005,80258,1,1,23,23,23,23,23,23,23,23,23,23
2005,80259,1,1,0,0,0,0,0,0,0,0,0,0
2005,80259,2,1,0,0,0,0,7,0,0,0,0,0
2005,80260,1,1,0,3,0,0,0,0,0,0,0,0
2005,80260,2,1,0,0,14,0,0,0,0,0,0,0
2005,80261,1,1,15,15,15,15,15,15,15,15,15,15
2005,80262,1,1,11,9,17,4,15,28,18,0,9,9
2005,80263,1,1,0,0,0,0,0,0,0,0,0,0
2005,80263,2,1,0,0,0,0,0,0,0,0,0,0
2005,80264,1,1,0,0,0,0,0,0,0,0,0,0
2005,80265,1,1,0,0,0,0,0,0,0,0,0,0
2005,80266,1,1,0,0,0,0,0,0,0,0,0,0
2005,80267,0,1,25,25,25,25,25,25,25,25,25,25
2005,80267,1,1,0,0,0,18,0,0,0,0,0,0
2005,80268,1,1,15,0,0,0,0,0,0,0,0,0
2005,80268,2,1,0,0,0,0,0,0,0,0,0,0
2005,80269,1,1,17,17,17,17,17,17,17,17,17,17
2005,80269,2,1,0,0,0,0,0,0,0,0,12,0
2005,80270,1,1,0,0,17,0,0,0,20,10,0,5
2005,80270,2,1,8,16,4,28,5,13,26,15,25,14
2005,80270,3,1,0,0,0,0,0,0,21,0,0,0
2005,80271,1,1,20,20,20,20,20,20,20,20,20,20
2005,80272,1,1,0,0,0,0,0,0,0,0,0,0
2005,80272,2,1,0,0,0,0,0,0,0,0,0,0
2005,80273,1,1,0,0,0,0,0,0,0,0,0,0
2005,80273,2,1,0,0,0,0,0,0,0,0,0,0
2005,80274,1,1,8,16,12,0,17,13,23,11,20,27
2005,80275,1,1,0,0,0,0,0,30,0,0,0,0
2005,80276,1,1,13,15,32,18,10,16,12,17,45,20
2005,80277,1,1,4,4,4,4,4,4,4,4,4,4
2005,80278,1,1,20,20,20,20,20,20,20,20,20,20
2005,80278,2,1,0,0,0,0,0,0,0,0,0,0
2005,80278,3,1,0,0,0,0,0,0,0,0,0,0
2005,80278,4,1,0,0,0,0,0,0,0,0,0,0
2005,80279,1,1,0,0,0,0,0,0,0,0,0,0
2005,80280,1,1,0,0,0,0,0,0,0,0,0,0
2005,80280,2,1,0,0,0,0,0,0,0,0,0,0
2005,80281,1,1,0,0,0,0,21,20,0,0,0,18
2005,80282,1,1,27,27,27,27,27,27,27,27,27,27
2005,80283,1,1,0,0,0,0,0,0,0,0,0,0
2005,80284,1,1,0,0,0,0,0,0,0,0,0,0
2005,80285,1,1,0,0,0,0,0,0,0,0,0,0
2005,80286,1,1,0,0,0,0,0,0,0,0,0,0
2005,80287,1,1,0,0,5,0,0,0,0,0,0,0
2005,80287,2,1,0,0,0,0,0,0,0,0,0,0
2005,80288,0,1,0,0,0,0,0,0,0,0,0,0
2005,80288,1,1,0,0,0,0,0,0,0,0,0,0
2005,80289,1,1,0,0,0,0,0,0,0,0,0,0
2005,80289,2,1,0,0,0,0,0,0,0,0,0,0
2005,80290,1,1,0,0,12,0,0,0,0,0,0,16
2005,80291,0,1,0,0,0,0,0,0,0,0,0,0
2005,80291,1,1,0,0,0,0,0,0,0,0,0,0
2005,80292,1,1,0,0,0,0,0,0,0,0,0,0
2005,80292,2,1,0,0,0,0,0,0,0,0,0,0
2005,80293,1,1,14,0,0,12,0,0,0,0,7,0
2005,80294,1,1,32,14,25,18,16,25,32,0,11,29
2005,80295,1,1,16,16,16,16,16,16,16,16,16,16
2005,80296,1,1,0,0,0,0,0,0,0,0,0,0
2005,80297,1,1,0,0,0,0,0,0,0,0,0,0
2005,80298,1,1,0,0,0,0,0,0,0,0,0,0
2005,80299,1,1,0,0,0,0,0,0,0,0,0,0
2005,80300,1,1,4,4,4,4,4,4,4,4,4,4
2005,80300,2,1,6,6,6,6,6,6,6,6,6,6
2005,80301,1,1,27,27,27,27,27,27,27,27,27,27
2005,80302,1,1,29,29,29,29,29,29,29,29,29,29
2005,80303,0,1,25,25,25,25,25,25,25,25,25,25
2005,80303,1,1,12,19,27,7,22,7,14,10,17,22
2005,80304,1,1,0,0,0,0,0,0,0,0,0,0
2005,80305,1,1,0,0,0,0,0,0,0,0,0,0
2005,80306,1,1,9,10,0,13,16,24,22,10,12,19
2005,80307,1,1,0,0,0,0,0,0,0,0,0,0
2005,80307,2,1,0,0,0,0,0,0,0,0,0,0
2005,80308,1,1,2,2,2,2,2,2,2,2,2,2
2005,80309,1,1,11,0,0,0,0,0,0,0,0,0
2005,80309,2,1,10,10,10,10,10,10,10,10,10,10
2005,80310,1,1,12,12,12,12,12,12,12,12,12,12
2005,80310,2,1,0,0,0,0,0,0,0,0,0,0
2005,80311,1,1,0,0,0,7,0,0,0,4,0,0
2005,80312,1,1,22,22,22,22,22,22,22,22,22,22
2005,80312,2,1,0,0,0,0,0,0,0,0,0,0
2005,80313,1,1,0,0,0,0,0,0,0,0,0,0
2005,80313,2,1,0,0,0,0,0,0,0,0,0,0
2005,80314,1,1,8,8,8,8,8,8,8,8,8,8
2005,80314,2,1,0,0,0,0,0,0,0,0,0,0
2005,80314,3,1,0,0,0,0,0,0,0,0,0,0
2005,80315,1,1,0,0,0,0,0,0,0,0,0,0
2005,80315,2,1,0,0,0,0,0,0,0,0,0,0
2005,80316,1,1,15,15,15,15,15,15,15,15,15,15
2005,80317,1,1,0,0,0,0,0,0,7,0,19,0
2005,80318,1,1,9,23,19,12,10,29,8,18,9,14
2005,80319,1,1,0,0,0,0,10,0,0,0,0,0
2005,80319,2,1,0,0,0,0,0,0,0,0,0,0
2005,80320,1,1,9,9,6,13,10,7,17,0,21,21
2005,80320,2,1,0,0,0,0,0,0,15,5,0,0
2005,80321,1,1,29,24,12,17,16,28,17,4,4,9
2005,80321,2,1,0,0,0,0,0,0,0,0,13,0
2005,80322,1,1,31,12,0,27,11,18,28,22,0,10
2005,80322,2,1,0,0,0,6,0,0,0,0,0,0
2005,80322,3,1,0,0,0,0,0,0,0,0,0,0
2005,80322,4,1,0,0,0,0,0,0,0,0,0,0
2005,80322,5,1,0,0,0,0,0,0,12,0,0,0
2005,80323,1,1,0,0,0,0,0,0,0,0,0,0
2005,80324,1,1,0,0,0,0,0,0,0,0,0,0
2005,80324,2,1,0,0,0,0,0,0,0,0,0,0
2005,80325,1,1,10,0,0,0,0,7,0,0,0,8
2005,80326,1,1,0,0,0,0,0,5,0,0,0,0
2005,80327,1,1,0,0,0,0,0,0,0,0,0,0
2005,80327,2,1,0,0,0,0,37,0,0,0,0,0
2005,80327,3,1,0,0,0,0,0,0,0,15,0,0
2005,80328,1,1,0,0,0,0,0,0,0,0,0,0
2005,80329,1,1,14,9,7,10,14,12,17,30,9,16
2005,80329,2,1,0,0,0,0,0,0,0,0,0,0
2005,80330,1,1,0,0,0,0,0,0,0,0,0,0
2005,80331,1,1,21,21,21,21,21,21,21,21,21,21
2005,80331,2,1,0,0,0,0,0,0,0,0,0,0
2005,80332,1,1,18,18,18,18,18,18,18,18,18,18
2005,80333,1,1,0,0,3,0,0,0,0,0,0,0
2005,80333,2,1,0,0,0,0,0,0,0,0,0,0
2005,80333,3,1,0,16,0,0,0,0,0,0,0,0
2005,80334,1,1,20,19,14,2,15,24,39,20,18,21
2005,80335,1,1,9,9,9,9,9,9,9,9,9,9
2005,80336,1,1,22,22,22,22,22,22,22,22,22,22
2005,80336,2,1,0,0,0,13,0,0,0,0,0,0
2005,80337,1,1,0,0,0,0,0,0,0,0,0,0
2005,80338,1,1,0,0,0,0,0,11,12,0,0,0
2005,80338,2,1,0,0,0,0,0,0,0,0,19,0
2005,80338,3,1,0,0,11,13,0,0,0,0,0,24
2005,80339,1,1,0,0,0,0,0,0,0,0,0,0
2005,80339,2,1,0,0,0,0,0,0,0,0,0,0
2005,80340,1,1,17,17,17,17,17,17,17,17,17,17
2005,80340,2,1,0,0,0,0,0,0,0,0,0,0
2005,80340,3,1,0,0,0,0,0,0,0,0,0,0
2005,80341,1,1,26,26,26,26,26,26,26,26,26,26
2005,80342,1,1,0,0,0,10,0,24,0,0,0,0
2005,80343,1,1,17,17,17,17,17,17,17,17,17,17
2005,80344,1,1,0,0,0,0,0,0,0,0,0,0
2005,80344,2,1,0,0,0,0,0,0,0,0,0,0
2005,80345,1,1,0,23,9,0,2,0,12,7,5,0
2005,80346,1,1,0,0,0,0,0,0,0,0,0,0
2005,80346,2,1,0,0,0,0,0,0,0,0,0,0
2005,80347,1,1,0,11,5,4,0,0,0,0,23,0
2005,80347,2,1,0,12,0,0,0,0,0,0,31,0
2005,80347,3,1,0,0,0,0,0,0,0,0,0,0
2005,80348,1,1,0,0,0,0,0,0,0,0,0,0
2005,80348,2,1,0,0,7,0,0,0,0,0,0,0
2005,80348,3,1,8,0,0,0,18,0,0,0,19,0
2005,80348,4,1,0,0,0,0,0,0,0,0,0,0
2005,80349,1,1,0,0,0,0,0,0,0,0,0,0
2005,80350,1,1,0,0,0,0,0,0,0,0,0,0
2005,80351,1,1,12,26,15,21,11,12,26,12,15,7
2005,80352,1,1,0,16,0,0,0,0,26,0,0,0
2005,80353,1,1,0,0,0,0,0,0,0,0,0,0
2005,80353,2,1,0,0,0,0,0,0,0,0,0,0
2005,80354,1,1,0,0,0,0,0,0,0,0,0,0
2005,80354,2,1,0,0,0,0,0,0,0,0,0,0
2005,80355,1,1,12,12,17,26,15,21,7,22,14,22
2005,80355,2,1,0,0,5,0,0,0,0,0,0,0
2005,80356,1,1,0,0,0,0,0,0,0,0,0,0
2005,80356,2,1,0,0,0,0,0,0,0,0,0,0
2005,80357,1,1,0,0,0,0,0,0,0,0,0,0
2005,80357,2,1,0,0,0,0,0,0,0,0,0,0
2005,80358,1,1,0,0,0,0,0,0,0,0,0,0
2005,80359,1,1,0,0,0,0,0,0,0,0,0,0
2005,80359,2,1,0,0,0,0,0,0,0,0,0,0
2005,80360,1,1,0,0,0,0,0,0,0,0,0,0
2005,80360,2,1,0,0,0,0,0,0,0,0,0,0
2005,80361,1,1,0,0,0,0,0,0,0,0,0,0
2005,80361,2,1,0,0,0,0,0,0,0,0,0,0
2005,80362,1,1,0,0,0,27,0,0,15,0,0,26
2005,80363,1,1,0,0,0,0,0,0,0,0,0,0
2005,80363,2,1,0,0,0,0,0,0,0,0,0,0
2005,80364,0,1,17,17,17,17,17,17,17,17,17,17
2005,80364,1,1,0,0,0,0,0,0,0,0,0,0
2005,80365,1,1,0,0,0,0,0,0,0,0,0,0
2005,80366,0,1,0,0,0,0,0,0,0,0,0,0
2005,80366,1,1,8,23,21,0,0,32,8,16,10,15
2005,80367,1,1,0,0,0,0,24,0,0,0,0,0
2005,80368,1,1,29,0,0,0,0,17,0,0,0,0
2005,80368,2,1,5,0,0,0,0,0,0,0,0,0
2005,80368,3,1,0,0,0,0,0,0,0,0,0,0
2005,80368,4,1,0,0,0,0,0,0,0,0,0,0
2005,80368,5,1,0,0,0,0,0,0,0,0,0,0
2005,80369,1,1,0,0,0,0,0,0,0,0,0,0
2005,80370,1,1,0,0,0,0,0,0,0,0,0,0
2005,80370,2,1,5,0,0,0,0,0,0,0,0,0
2005,80371,1,1,16,10,10,27,36,19,26,28,22,12
2005,80372,1,1,15,15,15,15,15,15,15,15,15,15
2005,80373,1,1,0,0,0,0,0,0,0,0,0,13
2005,80373,2,1,0,0,0,0,0,0,0,0,0,0
2005,80373,3,1,0,0,0,0,0,0,0,0,0,11
2005,80374,1,1,0,0,0,0,0,0,0,0,0,0
2005,80375,1,1,0,5,0,0,0,0,0,0,0,0
2005,80375,2,1,0,0,0,0,0,0,0,0,0,0
2005,80376,1,1,0,0,0,0,0,0,0,0,0,0
2005,80377,1,1,0,0,0,0,0,0,0,0,0,0
2005,80377,2,1,0,0,0,0,0,0,0,0,0,0
2005,80378,1,1,0,0,0,0,0,0,0,0,0,0
2005,80378,2,1,0,0,0,0,0,0,0,0,18,0
2005,80379,1,1,0,0,0,0,0,0,0,23,0,0
2005,80379,2,1,0,0,0,0,0,0,0,0,0,0
2005,80380,1,1,9,14,28,23,29,8,16,0,26,6
2005,80381,1,1,0,0,0,0,0,0,0,0,0,0
2005,80382,1,1,18,18,18,18,18,18,18,18,18,18
2005,80382,2,1,0,0,0,0,0,0,0,0,0,0
2005,80383,1,1,24,24,24,24,24,24,24,24,24,24
2005,80384,1,1,15,15,15,15,15,15,15,15,15,15
2005,80384,2,1,0,0,0,0,0,0,0,0,0,0
2005,80385,1,1,0,0,0,0,0,0,0,0,0,0
2005,80386,1,1,30,30,30,30,30,30,30,30,30,30
2005,80387,1,1,14,14,14,14,14,14,14,14,14,14
2005,80388,1,1,13,0,13,23,23,16,27,18,17,13
2005,80389,1,1,28,28,28,28,28,28,28,28,28,28
2005,80389,2,1,0,0,0,0,17,0,0,0,0,0
2005,80390,1,1,0,0,0,0,0,0,0,0,0,0
2005,80390,2,1,0,0,0,0,0,0,0,0,0,0
2005,80390,3,1,0,0,0,0,0,0,0,0,0,0
2005,80391,1,1,15,15,15,15,15,15,15,15,15,15
2005,80392,1,1,0,0,0,7,11,0,9,0,0,0
2005,80393,1,1,22,12,12,15,6,15,16,15,7,0
2005,80393,2,1,0,0,0,0,21,0,0,0,0,10
2005,80394,1,1,0,0,0,0,0,0,0,0,0,0
2005,80395,1,1,0,0,0,0,0,0,0,0,0,10
2005,80395,2,1,0,0,0,0,0,0,0,0,0,0
2005,80396,1,1,0,0,0,0,0,0,0,0,0,0
2005,80396,2,1,0,0,0,0,0,0,0,0,0,0
2005,80396,3,1,0,0,0,0,0,0,0,0,14,0
2005,80397,1,1,30,21,11,0,0,0,0,19,4,23
2005,80398,1,1,11,33,0,48,0,0,0,0,12,0
2005,80399,1,1,13,18,0,0,0,21,0,0,0,0
2005,80400,1,1,0,0,0,0,0,0,2,0,0,0
2005,80400,2,1,0,0,0,0,0,0,0,0,0,0
2005,80401,1,1,0,0,0,0,0,0,0,0,0,0
2005,80402,1,1,0,0,0,0,0,3,0,0,0,0
2005,80402,2,1,0,0,0,0,0,0,0,0,0,0
2005,80403,1,1,0,0,0,0,0,0,0,0,0,0
2005,80403,2,1,0,0,0,0,0,0,0,0,0,0
2005,80404,1,1,15,15,15,15,15,15,15,15,15,15
2005,80404,2,1,17,17,17,17,17,17,17,17,17,17
2005,80405,1,1,12,12,12,12,12,12,12,12,12,12
2005,80406,1,1,0,0,0,0,0,0,0,0,0,0
2005,80406,2,1,0,0,0,0,0,0,0,0,0,0
2005,80407,1,1,0,0,0,0,11,0,25,0,24,0
2005,80408,0,1,0,0,0,0,0,0,0,0,0,0
2005,80408,1,1,2,0,0,0,0,7,6,0,0,0
2005,80409,1,1,12,12,12,12,12,12,12,12,12,12
2005,80410,1,1,0,0,0,0,0,0,0,0,0,0
2005,80411,1,1,0,9,0,0,0,0,17,0,25,18
2005,80411,2,1,7,0,3,11,0,8,0,0,3,6
2005,80412,1,1,0,0,0,0,0,0,0,16,0,0
2005,80413,1,1,0,0,0,0,0,0,0,0,0,0
2005,80413,2,1,0,0,0,0,0,0,0,0,0,0
2005,80413,3,1,0,0,0,0,0,0,0,0,0,0
2005,80414,1,1,19,19,19,19,19,19,19,19,19,19
2005,80415,1,1,0,0,0,0,0,0,0,0,0,0
2005,80416,1,1,0,0,0,0,0,0,0,0,0,0
2005,80417,1,1,0,0,0,0,0,0,0,0,0,0
2005,80418,1,1,23,23,23,23,23,23,23,23,23,23
2005,80419,1,1,0,0,0,0,0,0,0,0,0,0
2005,80420,1,1,12,12,12,12,12,12,12,12,12,12
2005,80421,1,1,0,0,0,0,0,0,0,0,0,0
2005,80421,2,1,0,0,0,0,0,0,0,0,0,0
2005,80422,1,1,0,0,0,20,0,0,0,0,0,0
2005,80423,1,1,0,0,0,0,0,0,0,0,0,0
2005,80423,2,1,0,0,0,0,0,0,0,0,0,0
2005,80424,1,1,0,0,0,0,10,0,0,0,0,0
2005,80425,1,1,0,0,0,0,0,0,0,0,0,0
2005,80425,2,1,0,0,0,0,0,0,0,0,0,0
2005,80426,1,1,22,22,22,22,22,22,22,22,22,22
2005,80427,1,1,0,0,0,0,0,0,0,0,0,0
2005,80427,2,1,0,0,0,0,0,0,0,0,0,0
2005,80428,1,1,0,0,0,0,0,0,0,0,0,0
2005,80428,2,1,0,0,0,0,6,0,0,0,0,0
2005,80429,1,1,30,30,30,30,30,30,30,30,30,30
2005,80429,2,1,0,0,0,0,0,0,0,0,0,0
2005,80430,1,1,0,0,0,30,0,0,0,10,0,0
2005,80431,1,1,6,6,6,6,6,6,6,6,6,6
2005,80432,1,1,0,0,0,0,0,0,0,0,0,0
2005,80432,2,1,0,0,0,0,0,0,0,0,0,0
2005,80433,1,1,0,0,0,0,0,0,0,0,0,0
2005,80434,1,1,0,0,0,0,0,0,0,0,0,0
2005,80435,1,1,18,18,18,18,18,18,18,18,18,18
2005,80435,2,1,0,0,0,0,0,0,0,0,0,0
2005,80436,1,1,0,0,0,0,19,0,8,0,0,10
2005,80437,1,1,24,12,0,27,0,0,30,11,19,19
2005,80438,1,1,0,0,0,0,0,0,0,0,0,0
2005,80438,2,1,0,0,0,0,0,0,0,0,0,0
2005,80439,1,1,0,0,0,0,0,0,0,0,0,0
2005,80440,1,1,19,0,18,18,4,13,4,9,8,16
2005,80441,1,1,22,22,22,22,22,22,22,22,22,22
2005,80442,1,1,0,11,0,0,0,0,0,7,0,17
2005,80443,1,1,0,0,0,0,7,30,0,0,0,0
2005,80443,2,1,0,0,0,0,0,0,0,0,0,0
2005,80444,1,1,24,24,24,24,24,24,24,24,24,24
2005,80445,1,1,0,0,0,0,0,0,0,0,0,0
2005,80445,2,1,0,0,0,0,0,0,0,0,0,0
2005,80446,1,1,22,19,15,11,29,12,17,13,11,26
2005,80447,0,1,0,0,0,0,0,0,0,0,0,0
2005,80447,1,1,0,0,0,0,0,0,6,0,19,0
2005,80448,1,1,3,20,18,12,0,0,26,16,0,16
2005,80449,1,1,0,0,0,0,0,0,0,0,0,0
2005,80450,1,1,0,0,0,0,0,0,0,0,0,0
2005,80451,1,1,0,0,0,0,0,0,0,0,0,0