YEAR,ST_CASE,veh_no,per_no,P1,P2,P3,P4,P5,P6,P7,P8,P9,P10
2005,80451,2,1,0,0,0,0,0,0,0,0,0,0
2005,80451,3,1,0,0,0,0,0,0,0,0,0,0
2005,80452,1,1,0,0,0,0,0,0,0,0,0,0
2005,80453,1,1,36,36,36,36,36,36,36,36,36,36
2005,80454,1,1,0,0,0,0,0,0,0,6,0,0
2005,80455,1,1,0,0,0,0,0,0,0,0,0,0
2005,80456,1,1,0,0,0,0,0,0,0,0,0,0
2005,80456,2,1,0,0,0,0,0,0,0,0,0,0
2005,80457,1,1,7,20,9,8,14,0,27,6,16,5
2005,80457,2,1,0,0,0,0,0,0,0,0,0,0
2005,80458,1,1,0,0,0,0,0,0,0,0,0,0
2005,80459,1,1,0,0,0,0,0,0,0,0,0,0
2005,80459,2,1,0,0,0,0,0,0,0,0,0,0
2005,80459,3,1,0,0,0,0,0,0,0,0,0,0
2005,80460,1,1,0,0,0,0,0,0,0,0,0,0
2005,80460,2,1,0,0,0,0,0,0,0,0,0,0
2005,80460,3,1,0,0,0,0,0,0,0,0,0,0
2005,80460,4,1,0,0,0,0,0,0,0,0,0,0
2005,80460,5,1,0,0,0,0,0,0,0,0,0,0
2005,80461,1,1,20,13,0,28,16,21,51,16,18,23
2005,80462,1,1,5,5,5,5,5,5,5,5,5,5
2005,80463,0,1,6,6,6,6,6,6,6,6,6,6
2005,80463,1,1,0,0,0,0,0,10,0,0,11,0
2005,80464,1,1,0,0,0,0,0,0,0,0,0,0
2005,80465,1,1,0,0,0,0,0,0,0,0,0,0
2005,80465,2,1,0,0,0,0,0,0,0,0,0,0
2005,80466,1,1,38,38,38,38,38,38,38,38,38,38
2005,80466,2,1,0,0,0,0,0,0,0,0,0,0
2005,80466,3,1,0,0,0,0,0,0,0,0,0,0
2005,80466,4,1,0,0,0,0,0,0,0,0,0,0
2005,80467,1,1,0,0,0,0,0,0,0,0,0,0
2005,80467,2,1,0,0,0,0,0,0,0,0,0,0
2005,80468,1,1,20,20,20,20,20,20,20,20,20,20
2005,80469,1,1,0,4,0,0,0,0,0,0,0,0
2005,80469,2,1,0,0,0,0,0,15,0,0,0,0
2005,80469,3,1,0,0,0,0,0,0,0,0,0,0
2005,80470,0,1,16,0,0,0,0,29,0,0,0,8
2005,80470,1,1,0,0,0,0,0,0,0,0,0,0
2005,80470,2,1,0,0,0,0,0,0,0,0,0,0
2005,80470,3,1,0,0,0,0,0,0,0,0,0,0
2005,80470,4,1,0,0,0,0,0,0,0,0,0,0
2005,80470,5,1,0,0,0,0,0,0,0,0,0,0
2005,80470,6,1,0,0,0,0,0,0,0,0,0,0
2005,80470,7,1,0,0,0,0,0,0,0,0,0,0
2005,80470,8,1,0,0,0,0,0,0,0,0,0,0
2005,80470,9,1,0,0,0,0,0,0,0,0,0,0
2005,80470,10,1,0,0,0,0,0,0,10,0,0,0
2005,80470,11,1,0,0,0,0,8,0,0,0,0,0
2005,80470,12,1,0,0,0,0,0,0,0,0,0,0
2005,80470,13,1,0,0,0,0,0,0,0,0,0,0
2005,80470,14,1,0,0,0,0,0,0,0,0,0,0
2005,80470,15,1,0,0,0,0,0,0,0,0,0,0
2005,80470,16,1,0,20,0,0,0,0,0,0,0,0
2005,80471,1,1,27,27,27,27,27,27,27,27,27,27
2005,80472,1,1,19,19,19,19,19,19,19,19,19,19
2005,80472,2,1,0,0,0,0,0,0,0,0,0,0
2005,80473,1,1,0,0,0,0,0,0,0,0,0,0
2005,80473,2,1,0,0,0,0,0,0,0,0,0,0
2005,80474,1,1,16,22,10,8,21,11,22,33,17,16
2005,80475,0,1,15,0,0,0,0,0,0,0,0,0
2005,80475,1,1,0,0,0,0,0,0,0,0,0,0
2005,80476,1,1,0,0,0,0,0,0,0,0,0,0
2005,80476,2,1,0,0,0,0,0,0,0,0,0,0
2005,80476,3,1,0,0,0,0,0,0,0,0,0,0
2005,80477,1,1,0,0,0,0,0,0,0,0,0,0
2005,80478,1,1,0,0,0,0,0,0,0,0,0,0
2005,80478,2,1,0,0,0,0,0,0,0,0,0,0
2005,80479,1,1,0,0,0,0,0,0,0,0,0,0
2005,80480,0,1,0,0,0,0,0,0,0,0,0,0
2005,80480,0,2,0,0,19,0,0,25,0,0,0,0
2005,80480,1,1,0,0,0,0,0,0,0,0,0,0
2005,80481,1,1,0,0,0,0,0,0,0,0,0,0
2005,80481,2,1,19,0,0,0,0,0,0,0,0,0
2005,80482,1,1,21,21,21,21,21,21,21,21,21,21
2005,80483,0,1,0,0,0,0,0,0,0,0,0,0
2005,80483,1,1,0,9,0,0,0,0,0,17,17,24
2005,80484,0,1,13,22,18,0,4,25,5,36,23,13
2005,80484,1,1,0,0,0,0,0,0,0,0,0,0
2005,80485,0,1,33,33,33,33,33,33,33,33,33,33
2005,80485,1,1,12,16,0,0,17,0,11,13,0,0
2005,80486,1,1,19,19,19,19,19,19,19,19,19,19
2005,80487,1,1,13,19,4,7,27,16,16,9,9,11
2005,80487,2,1,0,0,0,0,0,0,0,0,0,0
2005,80488,1,1,10,8,29,22,9,32,19,24,6,13
2005,80488,2,1,0,0,0,0,0,0,0,0,0,0
2005,80489,1,1,0,0,0,0,0,0,0,0,0,0
2005,80490,1,1,17,17,17,17,17,17,17,17,17,17
2005,80491,1,1,0,0,0,0,0,40,0,0,0,0
2005,80492,1,1,0,0,0,0,0,0,0,0,0,0
2005,80493,1,1,0,0,0,0,0,0,0,0,0,0
2005,80493,2,1,0,0,0,0,0,0,0,0,0,0
2005,80493,3,1,0,0,0,0,0,0,0,0,0,0
2005,80494,1,1,0,0,14,0,0,37,16,0,0,0
2005,80495,1,1,17,17,17,17,17,17,17,17,17,17
2005,80496,1,1,28,28,28,28,28,28,28,28,28,28
2005,80497,1,1,0,0,0,0,0,0,0,0,0,0
2005,80498,1,1,0,0,0,7,0,0,0,0,0,0
2005,80498,2,1,0,0,0,0,0,0,0,0,0,0
2005,80499,1,1,0,0,0,0,0,0,13,10,10,0
2005,80500,1,1,27,27,27,27,27,27,27,27,27,27
2005,80501,1,1,0,0,0,0,0,0,0,0,0,0
2005,80501,2,1,0,0,0,0,0,0,0,0,0,0
2005,80502,1,1,0,0,0,0,0,0,0,0,0,0
2005,80503,1,1,20,5,0,15,7,31,9,3,16,12
2005,80504,1,1,21,21,21,21,21,21,21,21,21,21
2005,80505,1,1,24,24,24,24,24,24,24,24,24,24
2005,80506,1,2,4,6,9,8,4,15,10,8,16,12
2005,80507,1,1,19,26,15,18,14,13,12,27,8,23
2005,80507,2,1,0,0,0,0,0,0,0,0,0,0
2005,80507,3,1,0,0,0,0,0,0,0,0,0,0
2005,80507,4,1,0,0,0,0,0,0,0,0,0,0
2005,80508,1,1,15,15,15,15,15,15,15,15,15,15
2005,80509,1,1,0,0,0,0,0,0,0,0,0,0
2005,80509,2,1,0,0,0,0,0,0,0,0,0,0
2005,80510,1,1,14,14,14,14,14,14,14,14,14,14
2005,80510,2,1,0,0,0,0,0,0,0,0,0,0
2005,80511,0,1,0,0,0,0,0,0,0,0,0,0
2005,80511,1,1,0,0,0,0,0,0,0,0,0,0
2005,80512,1,1,0,0,0,0,0,0,0,0,0,0
2005,80512,2,1,0,0,0,0,0,0,0,0,28,0
2005,80513,1,1,0,0,0,0,0,0,0,0,0,0
2005,80513,2,1,0,7,0,0,0,0,0,0,0,0
2005,80513,3,1,10,0,0,0,0,0,0,0,0,0
2005,80514,1,1,0,0,0,0,0,0,0,0,0,0
2005,80514,2,1,0,0,0,0,15,13,0,0,0,0
2005,80515,1,1,0,0,0,0,0,0,0,0,13,0
2005,80516,1,1,0,0,0,0,0,0,0,0,0,0
2005,80517,0,1,0,0,0,0,0,0,0,0,0,0
2005,80517,1,1,0,0,0,0,0,0,0,0,0,0
2005,80518,1,1,0,0,0,0,0,0,0,0,0,0
2005,80519,0,1,24,19,27,25,14,27,12,9,29,20
2005,80519,1,1,0,0,0,0,0,0,0,0,0,0
2005,80520,1,1,28,28,28,28,28,28,28,28,28,28
2005,80521,1,1,0,0,0,0,0,0,0,0,0,0
2005,80522,1,1,0,0,0,0,0,0,0,22,0,0
2005,80522,2,1,0,0,0,0,0,0,0,0,0,0
2005,80523,0,1,28,28,28,28,28,28,28,28,28,28
2005,80523,1,1,0,0,0,0,0,0,0,0,0,0
2005,80523,2,1,0,0,0,0,0,0,0,0,0,0
2005,80524,0,1,0,0,0,0,0,0,0,0,0,0
2005,80524,1,1,0,0,0,0,0,0,0,0,0,0
2005,80525,1,1,27,17,10,11,34,15,35,20,12,9
2005,80526,0,1,0,0,0,0,0,0,0,0,0,0
2005,80526,1,1,0,0,0,0,0,0,0,0,0,0
2005,80527,1,1,12,0,25,24,16,29,14,13,23,10
2005,80528,1,1,0,0,0,0,11,0,0,0,0,0
2005,80529,0,1,0,0,0,0,0,0,0,0,0,0
2005,80529,1,1,0,0,0,0,0,0,0,0,0,0
2005,80530,1,1,0,0,12,0,0,0,0,0,17,0
2005,80531,1,1,0,0,0,0,0,0,0,0,0,0
2005,80532,1,1,0,0,0,0,0,0,0,0,0,0
2005,80532,2,1,0,0,0,0,0,0,0,0,0,0
2005,80533,1,1,0,0,0,0,0,0,0,0,0,0
2005,80534,1,1,8,0,0,0,0,0,0,0,0,0
2005,80534,2,1,3,0,0,0,0,0,0,0,0,0
2005,80535,0,1,20,20,20,20,20,20,20,20,20,20
2005,80535,1,2,2,14,9,7,19,19,2,4,7,20
2005,80536,1,1,0,0,0,0,0,0,0,0,0,0
2005,80536,2,1,0,0,0,0,0,0,0,0,0,0
2005,80537,1,1,8,8,8,8,8,8,8,8,8,8
2005,80538,1,1,7,0,12,6,20,0,19,27,21,10
2005,80538,2,1,0,0,0,0,0,0,0,0,0,0
2005,80539,1,1,29,29,29,29,29,29,29,29,29,29
2005,80540,1,1,17,17,17,17,17,17,17,17,17,17
2005,80540,2,1,0,0,0,0,0,0,0,0,0,0
2005,80541,1,1,18,18,18,18,18,18,18,18,18,18
2005,80541,2,1,0,0,0,0,0,24,0,0,0,0
2005,80542,1,1,0,0,0,0,0,0,0,22,0,0
2005,80543,1,1,5,5,5,5,5,5,5,5,5,5
2005,80543,2,1,10,10,10,10,10,10,10,10,10,10
2005,80544,1,1,0,0,0,0,0,0,0,0,0,0
2005,80544,2,1,0,0,0,0,0,0,0,0,0,0
2005,80545,0,1,10,10,10,10,10,10,10,10,10,10
2005,80545,1,1,14,16,17,0,0,0,0,0,26,0
2005,80546,1,1,0,0,0,3,0,0,0,0,14,0
2005,80547,1,1,0,0,4,0,0,0,0,0,0,0
2005,80547,2,1,0,0,0,0,0,0,0,0,0,0
2005,80548,1,1,0,0,0,0,0,0,0,0,0,0
2005,80548,2,1,7,7,7,7,7,7,7,7,7,7
2005,80549,1,1,23,19,21,14,24,30,15,17,22,22
2005,80550,1,1,0,0,27,8,21,6,0,10,20,0
2005,80550,2,1,0,0,0,0,0,0,0,0,0,0
2005,80551,1,1,5,23,16,0,0,13,13,0,0,0
2005,80552,1,1,18,18,18,18,18,18,18,18,18,18
2005,80552,2,1,0,0,0,6,0,0,0,0,0,0
2005,80553,0,1,0,0,0,0,0,0,0,0,0,0
2005,80553,1,1,0,0,0,0,0,0,0,0,0,0
2005,80554,1,1,17,17,17,17,17,17,17,17,17,17
2005,90001,0,1,14,32,0,16,19,17,0,11,0,17
2005,90001,1,1,6,6,6,6,6,6,6,6,6,6
2005,90002,1,1,0,0,0,0,12,0,0,9,14,0
2005,90002,2,1,0,0,0,0,0,0,0,0,5,0
2005,90003,1,1,0,0,0,19,0,8,0,14,19,7
2005,90004,1,1,0,0,0,0,0,0,0,0,0,0
2005,90004,2,1,0,0,0,0,0,0,0,0,0,0
2005,90004,3,1,0,0,0,0,0,0,0,0,0,0
2005,90005,1,1,0,0,0,0,0,0,0,0,0,0
2005,90006,0,1,0,0,35,0,13,0,0,0,0,0
2005,90006,1,1,0,0,0,0,0,7,0,0,10,0
2005,90007,1,1,20,20,20,20,20,20,20,20,20,20
2005,90008,1,1,17,11,20,0,15,3,0,10,13,18
2005,90009,1,1,0,14,0,16,5,17,0,0,0,0
2005,90009,2,1,0,0,0,0,0,0,0,0,0,0
2005,90010,0,1,0,0,0,0,0,0,0,0,0,0
2005,90010,1,1,0,0,0,0,0,0,0,0,0,0
2005,90011,1,1,0,0,0,0,0,0,0,0,0,0
2005,90011,2,1,0,0,0,0,0,0,0,0,0,0
2005,90012,1,1,12,15,15,14,32,19,0,12,17,9
2005,90013,1,1,18,3,28,6,27,20,14,23,23,12
2005,90013,2,1,0,0,0,0,0,0,0,0,0,6
2005,90013,3,1,0,0,0,0,0,0,21,4,5,0
2005,90013,4,1,0,0,0,0,0,0,0,9,0,0
2005,90014,1,1,34,29,0,15,0,22,10,0,0,21
2005,90015,1,1,0,0,0,0,0,0,0,0,0,0
2005,90016,2,1,0,0,0,0,0,0,0,0,0,0
2005,90016,3,1,0,0,0,0,0,0,0,0,0,0
2005,90017,1,1,12,12,12,12,12,12,12,12,12,12
2005,90018,1,1,0,0,0,0,0,0,0,0,0,0
2005,90019,1,1,0,0,0,0,0,0,0,0,6,0
2005,90020,1,1,12,4,0,22,15,23,0,0,29,0
2005,90021,1,1,18,18,18,18,18,18,18,18,18,18
2005,90022,1,1,0,0,0,0,0,0,0,0,22,0
2005,90022,2,1,13,13,13,13,13,13,13,13,13,13
2005,90023,1,1,15,0,10,5,0,13,14,14,10,14
2005,90024,1,1,5,5,5,5,5,5,5,5,5,5
2005,90025,1,1,30,14,29,25,39,20,7,13,5,18
2005,90026,1,1,0,11,10,31,0,34,13,30,27,29
2005,90027,1,1,0,0,0,0,0,0,0,0,0,0
2005,90027,2,1,0,0,0,26,0,0,12,0,0,12
2005,90028,1,1,15,16,0,0,27,16,19,22,24,17
2005,90029,1,1,0,0,0,0,0,0,0,0,0,0
2005,90030,1,1,0,0,0,0,0,0,0,0,0,0
2005,90030,2,1,0,0,0,0,0,0,0,0,0,0
2005,90030,3,1,0,0,0,0,0,0,0,0,0,0
2005,90031,1,1,17,17,17,17,17,17,17,17,17,17
2005,90031,2,1,0,0,0,0,0,0,0,0,4,0
2005,90032,1,1,0,14,0,26,0,10,0,0,0,0
2005,90032,2,1,24,0,0,0,0,27,0,17,0,0
2005,90033,1,1,48,12,8,8,12,0,13,28,22,32
2005,90034,1,1,0,0,17,0,0,0,0,19,0,10
2005,90035,0,1,14,14,14,14,14,14,14,14,14,14
2005,90035,0,2,0,0,0,0,0,0,0,0,0,0
2005,90035,1,1,16,16,16,16,16,16,16,16,16,16
2005,90035,4,1,0,0,0,13,12,0,0,0,0,0
2005,90036,1,1,0,0,0,0,0,10,0,0,0,0
2005,90036,2,1,0,0,0,0,0,0,0,0,0,0
2005,90036,3,1,0,0,0,0,0,0,0,0,0,0
2005,90037,0,1,0,0,0,0,0,0,0,0,0,0
2005,90037,1,1,0,0,0,0,0,0,0,0,0,11
2005,90038,1,1,0,0,0,0,0,0,0,0,0,0
2005,90038,2,1,28,28,28,28,28,28,28,28,28,28
2005,90039,0,1,0,0,0,0,0,0,0,0,0,0
2005,90039,1,1,30,17,0,28,0,13,0,0,10,0
2005,90040,1,1,0,0,0,0,0,0,0,0,0,0
2005,90040,2,1,0,0,0,0,0,0,0,0,0,7
2005,90040,3,1,0,0,9,0,0,0,0,0,0,0
2005,90040,4,1,0,19,0,0,13,0,0,0,0,0
2005,90040,5,1,0,0,14,0,0,0,0,0,0,0
2005,90040,6,1,0,0,9,0,0,0,0,0,0,0
2005,90041,0,1,18,18,18,18,18,18,18,18,18,18
2005,90041,1,1,0,0,0,0,0,0,0,0,0,0
2005,90042,1,1,0,0,0,0,0,0,0,0,0,0
2005,90043,1,1,32,27,26,0,0,17,23,0,20,0
2005,90044,1,1,0,0,0,0,0,0,0,0,0,0
2005,90045,1,1,23,23,23,23,23,23,23,23,23,23
2005,90045,2,1,0,0,0,0,0,0,0,0,0,0
2005,90046,1,1,20,20,20,20,20,20,20,20,20,20
2005,90047,1,1,0,0,0,0,0,0,0,0,0,0
2005,90047,2,1,0,0,0,0,0,0,0,0,0,0
2005,90048,1,1,0,0,0,0,0,0,0,0,0,0
2005,90048,2,1,0,0,0,22,0,0,0,0,0,10
2005,90049,1,1,0,9,0,0,14,0,19,0,12,2
2005,90050,1,1,0,0,0,0,0,0,0,0,0,0
2005,90051,0,1,28,28,28,28,28,28,28,28,28,28
2005,90051,1,1,0,0,0,0,0,0,0,2,0,0
2005,90052,1,1,0,0,0,0,0,0,0,0,0,0
2005,90052,2,1,0,0,0,0,0,0,0,0,0,0
2005,90053,0,1,15,15,15,15,15,15,15,15,15,15
2005,90053,1,1,18,18,18,18,18,18,18,18,18,18
2005,90054,0,1,27,27,27,27,27,27,27,27,27,27
2005,90054,1,1,0,0,0,0,0,0,0,0,0,0
2005,90055,1,1,21,21,21,21,21,21,21,21,21,21
2005,90056,1,1,0,0,0,0,0,0,0,0,0,0
2005,90056,2,1,0,0,0,0,0,0,0,0,0,0
2005,90057,1,1,0,0,0,0,0,0,0,0,0,0
2005,90058,1,1,0,0,0,15,8,14,0,0,0,9
2005,90059,1,1,11,17,19,8,17,47,5,16,34,36
2005,90059,2,1,6,21,22,9,17,23,12,6,16,5
2005,90060,1,1,0,0,0,0,0,0,0,0,0,0
2005,90061,1,1,0,0,0,0,0,0,0,0,0,0
2005,90061,2,1,0,0,0,0,0,0,0,0,0,0
2005,90062,1,1,0,0,10,26,0,0,11,0,0,0
2005,90063,1,1,0,0,0,0,0,0,0,0,0,0
2005,90063,2,1,0,0,0,0,0,0,0,0,0,0
2005,90064,1,1,0,0,0,0,0,0,0,0,0,0
2005,90064,2,1,0,0,0,0,0,0,0,0,0,0
2005,90065,1,1,21,21,21,21,21,21,21,21,21,21
2005,90066,1,1,0,0,0,0,0,0,0,0,0,0
2005,90066,2,1,0,0,0,0,0,10,0,0,0,0
2005,90067,1,1,20,20,20,20,20,20,20,20,20,20
2005,90068,0,1,0,0,0,0,0,0,0,0,0,0
2005,90068,1,1,0,0,0,0,0,0,0,0,0,0
2005,90069,1,1,18,18,18,18,18,18,18,18,18,18
2005,90070,1,1,8,8,8,8,8,8,8,8,8,8
2005,90071,1,1,0,0,0,0,0,0,0,0,0,0
2005,90072,1,1,0,0,0,0,0,0,0,0,0,0
2005,90072,2,1,0,0,0,0,0,0,0,0,0,0
2005,90072,3,1,0,0,0,0,0,0,0,0,0,0
2005,90073,1,1,0,0,0,0,0,0,0,0,0,0
2005,90074,1,1,0,0,0,0,0,0,0,0,0,0
2005,90075,0,1,0,0,0,0,0,0,0,0,0,0
2005,90075,1,1,13,13,13,13,13,13,13,13,13,13
2005,90076,0,1,0,0,0,0,0,0,0,0,0,0
2005,90076,1,1,0,0,0,0,0,0,0,0,0,0
2005,90077,1,1,25,12,17,17,0,14,9,18,21,29
2005,90078,1,1,0,0,0,0,0,0,0,0,0,0
2005,90079,1,1,0,0,0,0,0,0,0,0,0,0
2005,90080,1,1,10,0,0,0,0,0,0,0,0,0
2005,90081,1,1,10,10,10,10,10,10,10,10,10,10
2005,90082,1,1,0,0,9,0,0,0,0,0,0,0
2005,90082,2,1,14,14,14,14,14,14,14,14,14,14
2005,90083,1,1,0,0,0,0,0,0,0,0,0,0
2005,90083,2,1,24,24,24,24,24,24,24,24,24,24
2005,90084,1,1,0,0,0,0,3,0,0,0,0,0
2005,90085,1,1,4,4,4,4,4,4,4,4,4,4
2005,90086,1,1,3,3,3,3,3,3,3,3,3,3
2005,90087,1,1,3,3,3,3,3,3,3,3,3,3
2005,90087,2,1,0,0,0,0,0,0,0,0,0,0
2005,90088,1,1,5,5,5,5,5,5,5,5,5,5
2005,90089,1,1,15,15,15,15,15,15,15,15,15,15
2005,90090,1,1,0,0,0,0,0,0,0,0,0,0
2005,90091,1,1,11,11,11,11,11,11,11,11,11,11
2005,90092,1,1,22,22,22,22,22,22,22,22,22,22
2005,90093,1,1,0,0,0,0,0,0,0,0,0,0
2005,90094,1,1,0,0,0,0,0,0,0,0,0,0
2005,90094,2,1,0,0,0,0,0,0,0,0,0,0
2005,90095,1,1,0,0,0,0,0,0,0,0,0,0
2005,90095,2,1,0,0,0,0,0,13,9,0,0,0
2005,90096,1,1,27,27,27,27,27,27,27,27,27,27
2005,90097,1,1,0,0,0,0,0,0,0,0,0,0
2005,90098,1,1,4,0,0,11,13,14,0,0,0,0
2005,90098,2,1,25,25,25,25,25,25,25,25,25,25
2005,90099,1,1,0,0,0,0,0,0,0,0,0,0
2005,90100,1,1,2,2,2,2,2,2,2,2,2,2
2005,90101,1,1,0,0,0,0,0,0,0,0,0,0
2005,90101,2,1,3,3,3,3,3,3,3,3,3,3
2005,90102,0,1,0,0,0,0,0,0,0,0,0,0
2005,90102,1,1,0,0,0,0,0,0,0,0,0,0
2005,90103,1,1,0,0,0,0,0,0,0,0,0,0
2005,90104,1,1,31,9,24,22,23,0,17,12,23,22
2005,90105,1,1,0,0,0,0,0,0,0,0,0,0
2005,90105,2,1,0,0,0,0,0,0,0,0,0,0
2005,90106,1,1,0,0,0,0,0,0,0,0,0,0
2005,90106,2,1,0,0,0,16,0,0,0,0,0,0
2005,90106,3,1,0,0,0,0,0,0,0,0,0,0
2005,90107,1,1,0,0,0,0,0,0,0,0,0,0
2005,90108,1,1,0,0,0,0,0,0,0,0,0,0
2005,90109,1,1,0,0,0,0,0,0,0,0,0,0
2005,90110,1,1,0,0,0,0,0,0,0,0,0,0
2005,90111,1,1,0,0,0,0,0,0,0,0,0,0
2005,90112,1,1,0,0,0,0,0,0,0,0,0,0
2005,90112,2,1,0,0,0,0,0,0,0,0,0,0
2005,90112,3,1,0,0,0,0,0,0,0,0,0,0
2005,90113,1,1,0,0,0,0,0,0,0,0,0,0
2005,90113,2,1,0,0,0,0,0,0,0,0,0,0
2005,90114,1,1,0,12,0,25,0,0,20,0,13,4
2005,90115,1,1,0,0,0,0,0,0,11,0,0,0
2005,90115,2,1,0,0,0,0,0,0,0,0,0,0
2005,90116,1,1,0,0,0,0,0,0,0,0,0,0
2005,90117,1,1,10,10,10,10,10,10,10,10,10,10
2005,90118,1,1,0,0,0,0,0,0,0,0,0,0
2005,90118,2,1,0,0,0,0,0,0,0,0,0,0
2005,90119,1,1,0,0,0,0,0,0,0,0,0,0
2005,90119,2,1,0,0,0,0,0,0,0,0,0,0
2005,90120,1,1,3,3,3,3,3,3,3,3,3,3
2005,90120,2,1,0,0,0,0,0,4,0,0,0,0
2005,90121,1,1,0,0,0,0,0,0,0,0,0,0
2005,90121,2,1,11,11,11,11,11,11,11,11,11,11
2005,90122,1,1,0,0,0,0,0,0,0,0,0,0
2005,90122,2,1,0,0,0,0,0,0,0,0,0,0
2005,90123,1,1,0,0,0,0,0,0,0,0,0,0
2005,90123,2,1,12,0,0,0,0,0,0,0,0,0
2005,90124,1,1,0,0,0,0,0,0,0,0,0,0
2005,90124,2,1,0,0,27,0,0,0,0,0,0,0
2005,90125,1,1,0,0,0,0,0,0,0,0,0,0
2005,90125,2,1,0,0,0,0,0,0,0,0,0,0
2005,90126,1,1,12,12,12,12,12,12,12,12,12,12
2005,90127,1,1,0,0,0,0,0,0,0,0,0,0
2005,90128,1,1,0,0,0,0,0,0,0,0,0,0
2005,90128,2,1,32,0,24,24,13,25,19,25,22,8
2005,90129,1,1,34,34,34,34,34,34,34,34,34,34
2005,90130,1,1,10,10,10,10,10,10,10,10,10,10
2005,90131,1,1,0,0,0,0,0,0,0,0,0,0
2005,90131,2,1,28,28,28,28,28,28,28,28,28,28
2005,90132,1,1,0,16,20,0,19,18,19,0,15,18
2005,90133,1,1,0,7,0,25,22,0,0,0,0,0
2005,90134,1,1,0,0,0,0,0,0,0,0,0,0
2005,90135,1,1,0,0,0,0,0,0,0,0,0,0
2005,90135,2,1,0,0,0,0,0,0,0,0,0,0
2005,90136,0,1,0,4,0,31,29,9,15,0,0,0
2005,90136,0,2,0,0,0,0,0,10,0,0,0,0
2005,90136,1,1,0,0,0,0,0,0,0,0,0,0
2005,90137,1,1,0,0,0,0,0,4,0,0,0,0
2005,90137,2,1,0,0,0,0,0,0,0,0,0,0
2005,90138,1,1,20,20,20,20,20,20,20,20,20,20
2005,90139,1,1,5,11,0,0,0,27,0,0,0,19
2005,90139,2,1,0,0,0,0,0,0,0,0,0,0
2005,90140,1,1,13,0,20,0,14,24,21,28,11,0
2005,90141,1,1,0,0,0,0,0,0,8,0,6,0
2005,90141,2,1,0,0,0,0,0,0,0,0,0,0
2005,90142,0,1,0,0,0,0,0,0,0,0,0,0
2005,90142,1,1,0,0,0,0,0,0,0,0,0,0
2005,90143,0,1,0,0,0,0,0,0,0,0,0,0
2005,90143,1,1,0,12,16,0,0,0,0,0,0,0
2005,90144,1,1,28,0,0,17,0,0,19,13,0,21
2005,90145,0,1,0,0,0,0,0,0,0,0,0,0
2005,90145,1,1,0,0,0,0,0,0,0,0,0,0
2005,90146,0,1,38,38,38,38,38,38,38,38,38,38
2005,90146,1,1,0,0,0,0,0,0,0,0,0,0
2005,90147,0,1,0,0,0,0,0,0,0,0,0,0
2005,90147,1,1,0,0,0,0,0,0,0,0,0,0
2005,90148,1,1,0,0,0,0,0,0,0,0,0,0
2005,90149,1,1,16,16,16,16,16,16,16,16,16,16
2005,90150,1,1,0,0,0,0,0,0,0,0,0,0
2005,90151,1,1,0,0,0,0,0,0,0,0,0,0
2005,90152,1,1,7,0,0,0,0,0,0,0,12,0
2005,90152,2,1,0,0,0,14,0,0,0,0,0,0
2005,90153,1,1,13,21,18,19,0,0,27,16,0,11
2005,90154,1,1,20,20,20,20,20,20,20,20,20,20
2005,90155,0,1,5,5,5,5,5,5,5,5,5,5
2005,90155,1,1,0,0,0,0,0,0,0,0,0,0
2005,90156,1,1,24,24,24,24,24,24,24,24,24,24
2005,90157,1,1,20,20,20,20,20,20,20,20,20,20
2005,90158,1,1,0,0,0,0,0,0,0,0,0,0
2005,90159,1,1,0,0,18,0,0,0,0,0,0,0
2005,90159,2,1,0,0,19,4,0,0,0,0,0,10
2005,90160,1,1,0,0,0,0,0,0,0,0,0,0
2005,90160,2,1,8,7,7,13,0,23,12,15,20,0
2005,90161,1,1,0,0,0,0,0,0,0,0,0,0
2005,90162,1,1,0,0,0,0,0,0,0,0,0,0
2005,90162,2,1,0,0,0,0,0,0,0,0,0,0
2005,90163,1,1,0,0,0,0,0,0,0,0,0,0
2005,90163,2,1,0,0,0,0,0,0,0,0,0,0
2005,90164,1,1,0,0,0,0,0,0,0,0,0,0
2005,90165,1,1,0,0,0,0,0,0,0,0,0,0
2005,90166,2,1,0,0,0,15,8,0,15,11,18,0
2005,90167,1,1,0,0,0,0,0,0,0,0,0,0
2005,90167,2,1,0,0,0,0,0,0,0,0,0,0
2005,90168,0,1,0,0,0,0,0,0,0,0,0,0
2005,90168,1,1,0,0,0,0,0,0,0,0,0,0
2005,90169,1,1,0,0,0,0,0,0,0,0,0,0
2005,90169,2,1,0,0,0,0,0,0,0,0,0,0
2005,90170,1,1,0,0,0,0,0,0,0,0,0,0
2005,90170,2,1,0,0,0,0,0,0,0,0,0,0
2005,90170,3,1,0,0,0,0,0,0,0,0,0,0
2005,90171,1,1,0,9,0,27,0,0,0,0,5,0
2005,90172,0,1,0,0,0,0,0,0,0,0,0,0
2005,90172,1,1,0,8,18,9,0,0,0,5,0,0
2005,90173,0,1,22,18,13,30,34,8,29,0,12,27
2005,90173,0,2,24,26,12,0,9,28,0,0,17,20
2005,90173,1,1,0,11,0,24,7,19,0,0,18,4
2005,90174,0,1,15,0,0,0,13,28,9,0,32,0
2005,90174,1,1,0,0,0,0,0,0,0,0,0,0
2005,90175,1,1,0,0,0,0,0,0,0,0,0,0
2005,90175,2,1,19,19,19,19,19,19,19,19,19,19
2005,90175,3,1,0,0,0,0,0,26,0,4,0,14
2005,90175,4,1,3,0,0,11,0,0,0,0,0,0
2005,90175,5,1,0,11,15,0,0,11,0,0,5,13
2005,90176,1,1,0,0,0,0,0,0,0,0,0,0
2005,90176,2,1,0,0,0,0,0,0,0,0,0,0
2005,90177,1,1,24,24,24,24,24,24,24,24,24,24