YEAR,ST_CASE,veh_no,per_no,P1,P2,P3,P4,P5,P6,P7,P8,P9,P10
2005,90178,0,1,0,25,26,25,17,29,0,0,20,18
2005,90178,1,1,0,0,0,0,0,0,0,0,0,0
2005,90179,1,1,0,0,0,0,0,0,0,0,0,0
2005,90179,2,1,0,14,0,0,0,0,0,0,0,10
2005,90180,1,1,0,0,0,0,0,0,0,0,0,0
2005,90181,1,1,20,20,20,20,20,20,20,20,20,20
2005,90182,1,1,20,27,15,0,24,37,21,26,16,25
2005,90183,1,1,25,28,7,22,20,17,5,5,15,21
2005,90184,1,1,0,0,0,0,0,0,0,0,0,0
2005,90185,1,1,16,0,0,0,0,0,0,0,0,4
2005,90186,1,1,0,0,0,0,25,0,0,15,0,0
2005,90186,2,1,0,0,0,0,0,0,0,0,0,0
2005,90187,1,1,0,5,5,7,0,12,0,11,8,17
2005,90187,2,1,16,0,0,8,0,0,20,8,0,0
2005,90188,1,1,0,0,0,0,0,0,0,0,0,0
2005,90188,2,1,0,0,0,0,0,0,0,0,0,16
2005,90189,1,1,22,22,22,22,22,22,22,22,22,22
2005,90190,1,1,0,0,0,0,0,0,0,0,0,0
2005,90190,2,1,0,0,0,0,0,0,0,0,0,0
2005,90190,3,1,7,0,0,0,9,0,0,0,0,0
2005,90191,1,1,0,15,0,13,0,0,0,0,14,0
2005,90192,1,1,15,19,25,25,20,13,28,20,26,27
2005,90193,1,1,0,0,0,0,0,0,0,0,0,0
2005,90193,2,1,0,0,0,0,0,0,0,0,0,0
2005,90194,0,1,0,0,0,0,0,0,0,0,0,0
2005,90194,1,1,5,5,5,5,5,5,5,5,5,5
2005,90195,0,1,0,0,0,0,0,0,0,0,0,0
2005,90195,1,1,0,0,0,0,0,0,0,0,0,0
2005,90196,0,1,27,27,27,27,27,27,27,27,27,27
2005,90196,1,1,0,0,0,0,0,0,0,0,0,0
2005,90197,1,1,0,0,0,0,0,0,0,0,0,0
2005,90197,2,1,0,0,0,0,0,0,0,0,0,0
2005,90198,1,1,29,11,16,5,23,33,32,5,27,27
2005,90199,1,1,26,26,26,26,26,26,26,26,26,26
2005,90200,1,1,6,6,6,6,6,6,6,6,6,6
2005,90200,2,1,0,0,0,0,0,0,0,0,0,0
2005,90201,1,1,9,9,9,9,9,9,9,9,9,9
2005,90201,2,1,0,0,0,0,0,0,0,0,0,0
2005,90202,1,1,0,15,22,16,0,4,9,0,13,0
2005,90203,1,1,0,0,0,0,0,0,0,0,0,0
2005,90204,0,1,0,0,0,0,0,0,0,0,0,0
2005,90204,1,1,0,0,0,0,12,0,0,0,0,3
2005,90205,1,1,0,0,0,0,0,0,0,0,0,0
2005,90205,2,1,0,0,0,0,0,0,0,0,0,0
2005,90206,1,1,0,0,0,0,0,0,0,0,0,0
2005,90206,2,1,0,0,0,0,0,0,0,0,0,0
2005,90207,1,1,11,0,0,0,0,0,12,3,0,23
2005,90208,1,1,0,0,0,0,0,0,0,0,0,0
2005,90209,1,1,0,0,0,0,0,0,0,0,0,0
2005,90209,2,1,0,0,0,0,0,0,0,0,0,0
2005,90210,1,1,11,30,15,34,21,0,16,21,23,39
2005,90210,2,1,0,0,0,0,0,0,0,0,0,0
2005,90211,1,1,0,0,0,0,0,0,0,0,0,0
2005,90212,1,1,33,33,33,33,33,33,33,33,33,33
2005,90213,1,1,8,8,8,8,8,8,8,8,8,8
2005,90214,0,1,0,0,0,0,0,0,0,0,0,0
2005,90214,1,1,0,0,0,0,0,0,0,0,0,0
2005,90215,1,1,13,13,13,13,13,13,13,13,13,13
2005,90216,1,1,0,0,0,0,0,0,0,0,0,7
2005,90216,2,1,0,11,0,0,0,0,0,0,0,0
2005,90216,3,1,0,0,0,0,0,0,0,0,0,0
2005,90217,0,1,0,0,0,0,0,0,0,0,0,0
2005,90217,1,1,27,23,15,20,0,0,4,0,0,0
2005,90217,3,1,0,0,0,0,0,0,0,0,0,15
2005,90218,1,1,0,0,0,0,0,0,0,0,0,0
2005,90219,1,1,25,25,25,25,25,25,25,25,25,25
2005,90219,2,1,0,6,0,0,8,0,0,24,17,0
2005,90219,3,1,0,0,0,0,0,8,0,8,0,0
2005,90219,4,1,0,10,0,0,0,0,0,0,0,0
2005,90220,0,1,9,9,9,9,9,9,9,9,9,9
2005,90220,1,1,0,0,0,0,0,0,0,0,0,0
2005,90221,0,1,0,0,0,0,0,0,0,0,0,0
2005,90221,1,1,0,0,14,0,0,0,0,16,0,0
2005,90222,1,1,0,0,0,0,0,0,0,0,0,0
2005,90222,2,1,9,9,9,9,9,9,9,9,9,9
2005,90223,1,1,0,34,12,0,19,0,13,6,0,0
2005,90224,1,1,0,0,0,0,0,0,0,0,0,0
2005,90225,1,1,19,8,5,0,15,7,0,30,14,8
2005,90226,1,1,16,16,16,16,16,16,16,16,16,16
2005,90226,2,1,0,0,0,0,0,0,0,0,0,0
2005,90227,1,1,15,15,15,15,15,15,15,15,15,15
2005,90228,0,1,20,0,0,17,0,0,0,0,0,0
2005,90228,1,1,0,0,0,0,0,13,0,0,0,0
2005,90229,1,1,0,0,0,0,0,0,0,0,0,0
2005,90229,2,1,0,0,0,0,0,0,0,0,0,0
2005,90230,1,1,18,18,18,18,18,18,18,18,18,18
2005,90230,2,1,15,13,0,18,16,15,0,15,16,16
2005,90230,3,1,4,26,25,16,17,6,11,9,13,16
2005,90231,0,1,0,0,0,0,0,0,0,0,0,0
2005,90231,1,1,13,13,13,13,13,13,13,13,13,13
2005,90232,1,1,20,20,20,20,20,20,20,20,20,20
2005,90233,1,1,0,20,0,9,0,14,0,0,17,0
2005,90233,2,1,0,0,0,0,0,10,0,0,0,0
2005,90234,1,1,6,6,6,6,6,6,6,6,6,6
2005,90235,1,1,14,24,14,9,8,0,0,15,0,0
2005,90235,2,1,15,12,11,0,0,13,0,37,0,0
2005,90235,3,1,0,17,0,0,19,0,13,21,6,0
2005,90235,4,1,10,26,13,13,11,16,0,0,0,0
2005,90236,1,1,0,0,0,0,6,14,0,0,0,0
2005,90236,2,1,0,0,0,0,0,0,0,0,0,0
2005,90237,1,1,2,2,2,2,2,2,2,2,2,2
2005,90237,2,1,0,0,0,0,0,0,0,0,0,0
2005,90238,0,1,22,0,27,0,0,14,0,0,0,14
2005,90238,1,1,0,0,0,0,0,0,0,0,0,0
2005,90239,1,1,0,0,0,0,0,0,0,9,0,0
2005,90240,1,1,13,13,13,13,13,13,13,13,13,13
2005,90241,1,1,38,38,38,38,38,38,38,38,38,38
2005,90242,1,1,0,0,0,0,0,0,0,0,0,0
2005,90242,2,1,0,0,0,0,0,0,0,0,0,0
2005,90243,1,1,0,0,0,0,26,0,0,0,0,0
2005,90243,2,1,12,0,0,0,0,17,0,0,0,0
2005,90244,1,1,0,0,0,0,0,0,0,0,0,0
2005,90245,1,1,0,0,0,0,0,0,0,0,0,0
2005,90246,1,1,0,0,0,0,0,0,0,0,0,0
2005,90246,2,1,0,0,0,12,7,0,0,0,0,0
2005,90247,1,1,0,0,22,17,0,0,13,0,0,0
2005,90248,1,1,0,0,0,0,0,0,0,0,0,0
2005,90249,0,1,21,21,21,21,21,21,21,21,21,21
2005,90249,1,1,0,0,0,0,0,0,0,0,0,0
2005,90250,1,1,0,0,0,0,0,0,0,0,0,0
2005,90250,2,1,0,0,0,0,0,0,0,0,0,0
2005,90250,3,1,0,0,0,0,0,0,0,0,0,0
2005,90251,1,1,0,0,0,0,0,0,0,0,0,0
2005,90251,2,1,8,0,0,0,0,0,0,0,0,0
2005,90251,3,1,19,19,19,19,19,19,19,19,19,19
2005,90252,1,1,27,0,0,0,19,25,4,12,14,27
2005,90252,2,1,0,0,0,0,0,0,0,0,20,0
2005,90253,1,1,0,0,0,0,0,0,0,0,0,0
2005,90253,2,1,0,0,0,0,0,0,0,0,0,0
2005,90254,1,1,0,0,0,0,0,0,0,0,0,0
2005,90255,1,1,0,0,0,0,0,0,0,0,0,0
2005,90256,1,1,0,0,0,0,0,0,0,0,0,0
2005,90256,2,1,0,0,0,0,0,0,0,0,0,0
2005,90256,3,1,0,0,0,0,0,0,0,0,0,0
2005,90257,1,1,20,0,0,23,0,9,0,0,0,0
2005,90258,1,1,0,0,0,0,0,0,0,0,0,0
2005,90258,2,1,0,0,0,0,0,0,0,0,0,0
2005,90258,3,1,0,0,0,0,0,0,0,0,0,0
2005,90259,0,1,0,0,0,0,0,0,0,0,0,0
2005,90259,1,1,0,0,0,24,24,0,0,0,0,0
2005,90260,1,1,0,0,0,0,0,0,23,0,0,0
2005,90260,2,1,0,0,0,0,0,0,0,0,0,0
2005,90261,1,1,0,0,0,0,0,0,0,0,0,0
2005,90261,2,1,0,0,0,0,0,0,0,0,16,0
2005,90262,1,1,0,0,0,0,0,0,0,0,0,0
2005,90262,2,1,0,0,0,0,0,0,0,0,0,0
2005,90262,3,1,0,0,0,0,0,0,0,0,0,0
2005,90262,4,1,0,0,0,0,0,0,0,0,0,0
2005,90262,5,1,0,0,0,0,0,0,0,0,0,0
2005,90262,6,1,0,0,0,0,0,0,0,0,0,0
2005,90262,7,1,0,0,0,0,0,0,0,0,0,0
2005,90262,8,1,0,0,0,10,0,0,0,0,3,0
2005,90262,9,1,0,3,0,0,0,0,0,0,0,0
2005,90262,10,1,0,0,0,0,0,14,0,0,14,20
2005,90262,11,1,0,0,0,0,0,0,0,0,0,0
2005,90262,12,1,0,0,0,0,0,0,0,0,0,0
2005,90262,13,1,0,0,0,0,0,0,5,0,0,0
2005,90262,14,1,0,6,0,0,0,0,0,0,0,7
2005,90262,15,1,0,0,0,0,0,0,0,0,0,0
2005,90262,16,1,0,0,0,0,0,0,0,0,0,0
2005,90262,17,1,0,0,0,0,0,0,0,0,0,0
2005,90262,18,1,0,0,0,0,0,0,0,4,0,0
2005,90262,19,1,0,0,0,0,0,0,0,0,0,0
2005,90262,20,1,0,0,0,0,0,0,0,0,0,0
2005,100001,0,1,7,7,7,7,7,7,7,7,7,7
2005,100001,1,1,0,0,0,0,0,0,0,0,0,0
2005,100001,2,1,0,0,0,22,0,0,0,0,21,13
2005,100001,3,1,0,0,0,0,0,10,0,0,0,0
2005,100002,1,1,0,0,0,0,0,0,0,0,0,0
2005,100003,1,1,13,13,13,13,13,13,13,13,13,13
2005,100004,1,1,0,0,0,0,0,0,0,0,0,0
2005,100004,2,1,0,0,0,0,0,0,0,0,0,0
2005,100005,1,1,0,0,0,0,0,0,0,0,0,0
2005,100005,2,1,0,0,23,0,12,0,0,0,0,0
2005,100005,3,1,0,0,0,0,0,0,0,0,0,0
2005,100006,1,1,0,0,0,0,0,0,0,0,0,0
2005,100007,1,1,28,28,28,28,28,28,28,28,28,28
2005,100008,1,1,0,0,17,0,0,0,0,0,0,0
2005,100009,1,1,0,0,0,0,0,0,0,0,0,0
2005,100010,0,1,0,0,0,0,0,0,0,0,0,0
2005,100010,1,1,20,20,20,20,20,20,20,20,20,20
2005,100011,1,1,0,0,0,0,0,0,0,0,0,0
2005,100012,1,1,0,14,0,0,0,0,0,0,0,0
2005,100012,2,1,0,0,0,0,0,0,0,0,0,0
2005,100013,1,1,9,9,9,9,9,9,9,9,9,9
2005,100013,2,1,0,0,0,0,0,0,0,0,0,0
2005,100013,3,1,0,0,0,0,0,0,0,0,0,0
2005,100014,1,1,24,24,24,24,24,24,24,24,24,24
2005,100015,1,1,0,0,0,0,0,0,0,0,0,0
2005,100015,2,1,0,0,0,0,0,0,0,0,0,0
2005,100016,1,1,0,0,0,0,0,19,0,0,0,0
2005,100016,2,1,0,0,0,0,0,0,0,0,0,0
2005,100016,3,1,8,8,8,8,8,8,8,8,8,8
2005,100017,1,1,0,0,0,0,0,0,0,0,0,0
2005,100017,2,1,0,0,0,0,0,0,0,0,0,0
2005,100018,1,1,0,0,0,0,0,0,0,0,0,0
2005,100018,2,1,0,0,0,0,0,17,0,0,0,0
2005,100019,1,1,7,7,7,7,7,7,7,7,7,7
2005,100019,2,1,0,0,0,0,3,0,0,0,0,0
2005,100020,1,1,17,17,17,17,17,17,17,17,17,17
2005,100021,1,1,0,0,0,0,0,8,0,0,0,0
2005,100021,2,1,0,9,0,0,0,0,0,0,0,15
2005,100022,1,1,0,0,0,0,0,0,0,0,0,0
2005,100022,2,1,0,0,0,0,9,0,0,0,0,0
2005,100023,1,1,0,0,0,0,0,0,0,0,0,0
2005,100023,2,1,0,0,0,0,0,0,0,0,0,0
2005,100024,1,1,0,0,0,0,0,0,0,0,0,8
2005,100025,1,1,0,0,0,0,0,0,0,0,0,0
2005,100025,2,1,0,0,0,0,0,0,0,0,0,0
2005,100026,1,1,24,24,24,24,24,24,24,24,24,24
2005,100026,2,1,0,0,0,0,0,0,0,0,0,0
2005,100027,1,1,9,0,0,0,0,0,22,0,0,0
2005,100027,2,1,0,0,0,17,0,0,0,0,0,0
2005,100028,1,1,0,0,0,0,0,0,0,0,0,0
2005,100028,2,1,0,0,0,0,0,0,0,0,0,0
2005,100028,3,1,0,0,0,0,0,0,0,0,0,0
2005,100029,1,1,16,16,16,16,16,16,16,16,16,16
2005,100030,1,1,23,23,23,23,23,23,23,23,23,23
2005,100031,1,1,8,8,8,8,8,8,8,8,8,8
2005,100032,1,1,14,36,17,16,12,19,20,23,26,14
2005,100033,1,1,24,24,24,24,24,24,24,24,24,24
2005,100034,1,1,24,24,24,24,24,24,24,24,24,24
2005,100035,1,1,14,14,14,14,14,14,14,14,14,14
2005,100036,1,1,0,0,31,0,0,0,0,0,0,0
2005,100037,1,1,17,17,17,17,17,17,17,17,17,17
2005,100038,0,1,0,0,0,0,0,0,0,0,0,0
2005,100038,1,1,0,0,0,0,0,0,0,0,0,0
2005,100039,0,1,16,16,16,16,16,16,16,16,16,16
2005,100039,1,1,0,0,0,0,0,0,0,0,0,0
2005,100040,1,1,0,0,0,18,0,0,0,0,0,0
2005,100040,2,1,0,0,0,0,0,0,0,0,0,0
2005,100041,1,1,0,0,0,0,0,0,0,0,0,0
2005,100041,2,1,0,0,0,0,0,0,0,0,0,0
2005,100041,3,1,0,0,0,0,0,0,0,0,0,0
2005,100042,1,1,0,0,0,0,0,0,0,0,0,0
2005,100043,1,1,0,0,0,0,0,0,0,0,0,0
2005,100043,2,1,0,0,0,0,0,0,0,0,0,0
2005,100044,1,1,0,0,0,0,0,0,0,0,0,0
2005,100045,1,1,0,0,0,0,0,0,0,0,0,0
2005,100045,2,1,0,0,0,0,0,0,0,0,0,0
2005,100046,1,1,0,0,0,0,0,0,0,0,0,0
2005,100046,2,1,0,7,0,0,0,0,0,4,0,0
2005,100047,1,1,15,15,15,15,15,15,15,15,15,15
2005,100047,2,1,0,0,0,0,0,0,0,0,0,0
2005,100048,1,1,0,0,0,0,0,0,0,0,0,0
2005,100048,2,1,0,0,0,0,0,0,0,0,0,0
2005,100049,1,1,0,0,0,0,0,0,0,0,0,0
2005,100049,2,1,21,21,21,21,21,21,21,21,21,21
2005,100050,1,1,30,30,30,30,30,30,30,30,30,30
2005,100051,1,1,0,0,0,0,0,0,0,0,0,29
2005,100051,2,1,0,0,16,0,0,0,0,0,0,0
2005,100052,0,1,38,38,38,38,38,38,38,38,38,38
2005,100052,1,1,0,0,0,0,0,0,0,0,0,0
2005,100053,1,1,0,0,0,23,0,0,0,0,0,0
2005,100053,2,1,0,0,0,7,9,0,0,0,0,0
2005,100054,1,1,0,0,0,0,0,0,0,0,0,0
2005,100055,1,1,0,0,0,0,0,0,0,0,0,0
2005,100055,2,1,0,0,0,0,0,0,0,0,0,0
2005,100056,1,1,0,0,0,0,0,0,0,0,0,0
2005,100056,2,1,0,0,0,0,0,0,0,0,0,0
2005,100057,2,1,26,26,26,26,26,26,26,26,26,26
2005,100058,1,1,0,0,0,0,0,0,0,9,16,0
2005,100058,2,1,0,0,0,0,0,0,0,0,0,0
2005,100058,3,1,0,0,0,0,0,0,0,0,0,0
2005,100058,4,1,0,0,0,27,0,0,0,0,0,0
2005,100059,1,1,12,0,0,0,0,0,0,0,0,10
2005,100059,2,1,19,19,19,19,19,19,19,19,19,19
2005,100060,0,1,28,28,28,28,28,28,28,28,28,28
2005,100060,1,1,0,0,0,0,0,0,0,0,0,0
2005,100060,2,1,0,0,0,0,0,0,0,0,0,0
2005,100061,1,1,0,0,0,0,0,6,0,0,0,0
2005,100061,2,1,0,0,0,0,0,0,0,0,0,0
2005,100062,1,1,10,10,10,10,10,10,10,10,10,10
2005,100063,1,1,0,0,0,0,0,0,0,0,0,0
2005,100063,2,1,0,0,0,0,0,0,0,0,0,0
2005,100064,1,1,0,0,0,0,0,0,0,0,0,0
2005,100064,2,1,0,0,0,0,0,0,0,0,5,0
2005,100064,3,1,0,0,0,0,0,0,0,0,0,0
2005,100065,1,1,20,20,20,20,20,20,20,20,20,20
2005,100066,1,1,0,0,0,0,0,0,0,0,0,0
2005,100067,1,1,5,5,5,5,5,5,5,5,5,5
2005,100068,1,1,2,2,2,2,2,2,2,2,2,2
2005,100069,0,1,20,20,20,20,20,20,20,20,20,20
2005,100069,1,1,0,0,0,0,0,0,0,0,0,0
2005,100070,1,1,0,0,0,0,0,0,0,0,0,0
2005,100070,2,1,0,0,0,0,0,0,0,0,0,0
2005,100071,1,1,19,0,0,0,0,0,0,0,0,0
2005,100071,2,1,24,5,11,10,11,21,5,18,19,7
2005,100071,3,1,0,0,0,0,0,0,0,0,0,0
2005,100074,1,1,22,0,0,0,0,0,0,0,0,0
2005,100075,2,1,0,0,0,0,0,0,0,0,0,0
2005,100076,1,1,22,22,22,22,22,22,22,22,22,22
2005,100076,2,1,0,0,0,0,4,0,0,0,0,24
2005,100077,1,1,0,5,0,0,0,0,0,0,0,0
2005,100078,2,1,19,19,19,19,19,19,19,19,19,19
2005,100079,1,1,12,12,12,12,12,12,12,12,12,12
2005,100080,1,1,0,0,0,0,0,0,0,0,0,0
2005,100081,1,1,0,0,0,0,0,0,0,0,0,0
2005,100082,1,1,0,0,0,0,0,0,0,0,0,0
2005,100083,1,1,7,7,7,7,7,7,7,7,7,7
2005,100083,2,1,0,0,0,0,0,0,0,0,0,0
2005,100084,1,1,26,21,24,0,21,5,16,29,14,20
2005,100085,1,1,0,0,0,0,0,0,0,0,0,0
2005,100085,2,1,0,0,32,0,0,0,0,0,0,0
2005,100085,3,1,0,0,0,0,0,0,0,0,0,0
2005,100086,1,1,0,0,0,0,0,0,0,0,0,0
2005,100086,2,1,0,0,0,0,0,0,0,0,0,0
2005,100086,3,1,0,0,0,0,0,0,0,0,0,0
2005,100087,1,1,0,0,0,0,0,0,0,0,0,0
2005,100087,2,1,0,0,0,0,0,0,0,0,0,0
2005,100088,1,1,12,12,12,12,12,12,12,12,12,12
2005,100089,1,1,32,32,32,32,32,32,32,32,32,32
2005,100089,2,1,0,0,0,0,0,0,0,0,0,0
2005,100090,1,1,0,0,0,0,0,11,0,0,0,0
2005,100090,2,1,0,15,9,0,0,0,0,0,26,0
2005,100091,1,1,0,14,0,0,0,0,0,0,0,0
2005,100091,2,1,0,0,0,0,0,0,0,0,0,0
2005,100091,3,1,0,7,0,0,0,0,13,0,0,0
2005,100091,4,1,5,5,5,5,5,5,5,5,5,5
2005,100092,1,1,19,19,19,19,19,19,19,19,19,19
2005,100093,1,1,9,9,9,9,9,9,9,9,9,9
2005,100094,1,1,0,0,0,0,0,0,0,0,0,0
2005,100094,2,1,0,0,0,0,0,0,0,0,0,0
2005,100095,0,1,23,23,23,23,23,23,23,23,23,23
2005,100095,1,1,0,0,0,0,0,0,0,0,0,0
2005,100096,1,1,0,0,0,0,0,0,0,0,0,0
2005,100096,2,1,0,0,0,0,0,0,0,0,0,0
2005,100097,1,1,17,17,17,17,17,17,17,17,17,17
2005,100097,2,1,0,0,0,0,0,0,0,0,0,0
2005,100098,1,1,0,0,0,0,0,0,0,0,0,0
2005,100098,2,1,0,0,0,0,0,0,0,0,0,0
2005,100099,1,1,24,24,24,24,24,24,24,24,24,24
2005,100100,1,1,0,0,0,0,0,0,0,0,0,0
2005,100101,0,1,32,11,13,28,15,13,18,8,25,30
2005,100101,1,1,0,0,0,0,0,0,0,0,0,0
2005,100101,2,1,0,0,0,0,0,0,0,0,0,0
2005,100102,1,1,0,0,0,0,0,0,0,0,0,0
2005,100102,2,1,0,0,0,0,0,0,0,0,0,0
2005,100103,1,1,17,17,17,17,17,17,17,17,17,17
2005,100104,1,1,0,0,0,0,0,0,0,0,0,0
2005,100104,2,1,0,0,0,0,0,0,0,0,0,0
2005,100105,0,1,23,0,29,13,0,23,0,0,7,0
2005,100105,1,1,10,10,10,10,10,10,10,10,10,10
2005,100106,1,1,35,35,35,35,35,35,35,35,35,35
2005,100107,1,1,0,0,0,0,0,0,0,0,0,0
2005,100107,2,1,0,0,0,0,0,0,0,0,0,0
2005,100108,0,1,0,0,0,44,0,0,0,0,15,0
2005,100108,1,1,0,0,0,0,0,0,0,0,0,0
2005,100109,1,1,26,26,26,26,26,26,26,26,26,26
2005,100110,1,1,0,0,0,0,0,0,0,0,0,0
2005,100110,2,1,0,0,0,0,0,0,0,0,0,0
2005,100111,0,1,0,0,0,0,0,0,0,0,0,0
2005,100111,1,1,0,0,0,0,0,0,0,0,0,0
2005,100112,1,1,34,34,34,34,34,34,34,34,34,34
2005,100113,0,1,0,0,0,0,0,0,0,0,0,0
2005,100113,0,2,0,0,0,0,0,0,0,0,0,0
2005,100113,1,1,0,0,0,0,0,0,0,0,0,0
2005,100113,2,1,0,0,0,0,0,5,0,0,0,0
2005,100113,3,1,0,0,0,0,0,0,0,0,0,0
2005,100114,1,1,0,0,0,0,0,0,0,0,0,6
2005,100114,2,1,0,0,0,0,0,0,0,0,0,0
2005,100115,0,1,0,0,0,0,0,0,0,0,0,0
2005,100115,1,1,0,0,0,0,0,0,0,0,0,0
2005,100116,1,1,0,0,0,11,0,0,0,0,0,3
2005,100117,2,1,0,0,0,0,0,0,0,0,0,0
2005,100119,1,1,0,0,0,0,0,0,0,0,0,0
2005,100119,2,1,0,0,0,0,0,0,0,0,0,0
2005,100120,0,1,17,27,0,0,5,11,6,9,0,22
2005,100120,0,2,17,9,13,0,23,0,0,19,0,11
2005,100120,1,1,25,25,25,25,25,25,25,25,25,25
2005,100120,3,1,0,7,0,27,0,0,0,0,0,0
2005,110001,0,1,0,0,0,0,0,0,0,0,0,0
2005,110001,1,1,0,0,0,0,0,0,0,0,0,0
2005,110002,1,1,0,0,0,0,0,0,0,0,0,0
2005,110003,0,1,25,25,25,25,25,25,25,25,25,25
2005,110003,1,1,0,8,0,0,21,0,0,9,33,26
2005,110004,0,1,9,9,9,9,9,9,9,9,9,9
2005,110004,1,1,9,9,9,9,9,9,9,9,9,9
2005,110005,0,1,15,16,16,21,0,43,19,0,0,30
2005,110005,1,1,0,28,0,17,0,24,0,0,19,9
2005,110005,2,1,7,0,0,0,0,0,0,18,0,0
2005,110006,1,1,0,0,0,0,10,0,13,19,22,0
2005,110007,0,1,0,0,0,0,0,0,0,0,0,0
2005,110007,1,1,0,0,0,0,0,0,0,0,0,0
2005,110008,1,1,17,17,17,17,17,17,17,17,17,17
2005,110009,1,1,0,0,0,0,0,0,0,0,0,0
2005,110010,1,1,11,11,11,11,11,11,11,11,11,11
2005,110011,1,1,25,25,25,25,25,25,25,25,25,25
2005,110012,0,1,0,0,0,0,0,0,0,0,0,0
2005,110012,1,1,0,0,0,0,0,0,0,0,0,0
2005,110013,1,1,2,2,2,2,2,2,2,2,2,2
2005,110014,1,1,14,14,14,14,14,14,14,14,14,14
2005,110015,0,1,17,0,0,0,0,0,29,0,0,0
2005,110015,1,1,0,0,0,0,0,0,0,0,0,0
2005,110016,1,1,0,0,0,0,0,0,0,0,0,0
2005,110016,2,1,0,0,0,0,12,0,0,0,0,0
2005,110017,0,1,0,0,10,0,0,0,0,0,0,0
2005,110017,1,1,0,4,0,0,0,0,0,0,0,0
2005,110018,0,1,0,0,0,0,0,0,0,0,0,0
2005,110018,1,1,0,0,0,0,0,0,0,0,0,0
2005,110019,1,1,6,6,6,6,6,6,6,6,6,6
2005,110019,2,1,0,0,0,0,0,0,0,0,0,0
2005,110019,3,1,0,0,0,0,3,0,14,0,13,3
2005,110021,0,1,0,0,0,0,0,0,0,0,0,0
2005,110021,1,1,0,0,0,0,0,0,0,0,0,0
2005,110021,2,1,0,0,0,0,0,0,0,0,0,0
2005,110022,1,1,0,0,0,19,0,0,0,0,0,0
2005,110022,2,1,0,11,0,0,0,0,0,0,0,0
2005,110023,0,1,19,19,19,19,19,19,19,19,19,19
2005,110023,1,1,25,25,25,25,25,25,25,25,25,25
2005,110024,1,1,0,0,0,0,0,13,0,0,0,0
2005,110024,2,1,0,0,0,0,0,0,0,0,0,0
2005,110025,1,1,0,0,0,0,0,8,0,0,0,0
2005,110025,2,1,0,0,14,0,0,0,0,0,0,0
2005,110026,0,1,0,0,0,0,0,0,7,18,20,0
2005,110026,1,1,0,0,0,0,0,0,0,0,0,0
2005,110027,1,1,0,0,0,0,0,0,0,0,0,0
2005,110028,1,1,18,18,18,18,18,18,18,18,18,18
2005,110029,0,1,6,37,0,0,20,12,24,26,19,17
2005,110029,1,1,13,18,0,0,15,0,0,0,0,0
2005,110030,0,1,7,7,7,7,7,7,7,7,7,7
2005,110030,1,1,4,4,4,4,4,4,4,4,4,4
2005,110031,1,1,0,0,0,0,0,0,0,0,0,0
2005,110031,2,1,7,7,7,7,7,7,7,7,7,7
2005,110032,1,1,15,15,15,15,15,15,15,15,15,15
2005,110033,0,1,0,9,0,0,0,0,0,0,0,0
2005,110033,1,1,0,0,0,0,0,0,0,0,0,0
2005,110034,0,1,16,16,16,16,16,16,16,16,16,16
2005,110034,1,1,0,0,0,0,0,0,10,0,18,0
2005,110035,1,1,0,5,20,42,0,37,20,18,22,25
2005,110036,1,1,0,0,0,0,0,0,0,0,0,0
2005,110036,2,1,0,0,0,0,0,22,0,29,0,0
2005,110037,1,1,17,17,17,17,17,17,17,17,17,17
2005,110038,0,1,34,34,34,34,34,34,34,34,34,34
2005,110038,1,1,0,0,0,0,0,0,0,0,0,0
2005,110039,0,1,0,0,0,0,0,0,0,0,0,0
2005,110039,1,1,0,0,0,0,0,0,0,0,0,0
2005,110040,0,1,0,0,0,0,0,0,0,0,0,0
2005,110040,1,1,0,0,0,0,0,0,0,0,0,0
2005,110041,1,1,0,0,0,0,0,0,0,0,0,0
2005,110041,2,1,14,11,15,8,18,30,21,31,13,26
2005,110042,1,1,8,0,15,0,0,0,0,0,0,0
2005,110042,2,1,0,0,0,0,0,0,0,0,0,0
2005,110043,0,1,0,0,0,0,0,0,0,0,0,0
2005,110043,1,1,0,0,0,0,0,0,0,0,0,0
2005,110044,1,1,15,15,15,15,15,15,15,15,15,15
2005,110046,1,1,18,18,18,18,18,18,18,18,18,18
2005,110046,2,1,6,0,0,0,0,0,0,0,0,0
2005,120001,1,1,9,9,9,9,9,9,9,9,9,9
2005,120002,0,1,5,5,5,5,5,5,5,5,5,5
2005,120002,1,1,0,0,0,0,18,0,0,0,0,0
2005,120003,1,1,0,0,0,0,9,0,0,0,0,0
2005,120004,1,1,0,0,21,0,0,0,0,0,13,0
2005,120004,2,1,12,12,12,12,12,12,12,12,12,12
2005,120004,3,1,0,0,0,2,0,0,0,0,0,0
2005,120005,0,1,8,11,27,0,22,18,0,0,6,19
2005,120005,1,1,0,0,0,0,0,0,0,0,0,0
2005,120006,0,1,0,0,0,0,0,0,0,0,0,0
2005,120006,0,2,14,0,18,24,0,7,6,19,0,18
2005,120006,1,1,0,0,0,0,0,0,6,0,0,0
2005,120007,1,1,0,0,0,0,0,0,0,0,0,0
2005,120008,1,1,14,6,15,13,22,0,7,0,19,6
2005,120009,1,1,0,0,0,0,0,0,8,3,0,0