YEAR,ST_CASE,veh_no,per_no,P1,P2,P3,P4,P5,P6,P7,P8,P9,P10
2005,120272,1,1,0,0,0,0,0,0,0,0,0,4
2005,120273,0,1,26,26,26,26,26,26,26,26,26,26
2005,120273,1,1,0,0,0,0,0,0,0,14,0,0
2005,120274,0,1,18,18,18,18,18,18,18,18,18,18
2005,120274,1,1,0,0,0,0,0,0,0,0,0,0
2005,120275,0,1,0,0,0,0,0,0,0,0,0,0
2005,120276,1,1,0,0,0,0,0,0,0,0,0,0
2005,120276,2,1,0,0,0,0,0,0,0,0,0,0
2005,120277,1,1,25,25,25,25,25,25,25,25,25,25
2005,120278,1,1,0,0,0,0,0,0,0,0,0,0
2005,120279,1,1,14,14,14,14,14,14,14,14,14,14
2005,120280,1,1,0,0,0,6,5,0,0,0,10,0
2005,120280,2,1,0,0,22,0,0,0,6,0,5,0
2005,120280,3,1,0,0,0,0,0,0,0,13,0,0
2005,120281,1,1,0,21,0,0,0,0,0,0,0,0
2005,120281,2,1,0,0,0,0,0,0,0,0,0,0
2005,120282,0,1,0,8,0,0,0,0,0,0,19,0
2005,120282,1,1,23,23,23,23,23,23,23,23,23,23
2005,120283,1,1,0,0,0,0,0,0,0,0,0,0
2005,120283,2,1,0,0,0,0,0,0,0,0,0,0
2005,120284,1,1,0,0,0,0,0,0,0,0,0,0
2005,120285,0,1,35,35,35,35,35,35,35,35,35,35
2005,120285,1,1,0,0,0,0,0,0,0,0,0,0
2005,120286,1,1,0,0,13,0,0,0,0,0,0,9
2005,120286,2,1,0,0,0,0,0,0,0,0,0,0
2005,120287,1,1,0,0,0,0,0,0,0,0,0,0
2005,120287,2,1,0,0,0,0,0,0,0,0,0,0
2005,120288,1,1,0,0,0,0,0,0,0,0,0,0
2005,120288,2,1,0,0,0,0,0,0,0,0,0,0
2005,120289,0,1,0,0,0,0,0,0,0,0,0,0
2005,120289,1,1,19,0,0,0,0,0,0,0,0,0
2005,120290,1,1,36,36,36,36,36,36,36,36,36,36
2005,120290,2,1,0,0,0,0,0,0,0,0,0,0
2005,120291,1,1,0,0,0,0,0,0,0,0,0,0
2005,120292,1,1,0,0,0,0,0,0,0,0,0,0
2005,120292,2,1,0,0,0,0,0,0,0,0,0,0
2005,120293,1,1,0,0,0,0,0,0,0,0,0,0
2005,120293,2,1,0,0,0,0,0,0,0,0,0,0
2005,120293,3,1,0,0,0,0,0,0,0,0,0,0
2005,120293,4,1,0,0,0,0,0,0,0,0,0,0
2005,120294,1,1,0,0,0,0,7,0,0,0,0,0
2005,120294,2,1,0,0,0,0,0,0,0,0,0,0
2005,120295,1,1,0,0,0,0,0,0,0,0,0,0
2005,120295,2,1,0,0,0,0,0,0,0,0,0,0
2005,120296,0,1,17,17,17,17,17,17,17,17,17,17
2005,120296,1,1,0,0,8,0,0,0,0,0,0,0
2005,120296,2,1,0,0,0,0,0,0,0,0,0,0
2005,120297,1,1,0,0,0,0,0,0,0,0,0,0
2005,120297,2,1,0,0,0,0,0,0,0,0,0,0
2005,120297,3,1,0,0,0,0,0,0,0,0,0,0
2005,120297,4,1,0,0,0,0,0,0,0,0,0,0
2005,120298,1,1,0,0,10,4,0,0,0,0,0,0
2005,120298,2,1,0,0,14,0,0,8,0,0,25,0
2005,120298,3,1,0,0,0,0,0,0,0,0,0,0
2005,120299,1,1,19,19,19,19,19,19,19,19,19,19
2005,120300,1,1,0,0,0,0,0,0,0,0,0,0
2005,120300,2,1,0,0,0,0,0,0,0,0,0,0
2005,120301,0,1,24,24,24,24,24,24,24,24,24,24
2005,120301,1,1,0,0,0,0,0,0,0,0,0,0
2005,120302,0,1,0,0,0,19,19,0,0,0,0,0
2005,120302,1,1,0,0,0,0,0,0,10,17,0,0
2005,120303,1,1,6,6,6,6,6,6,6,6,6,6
2005,120304,1,1,33,33,33,33,33,33,33,33,33,33
2005,120304,2,1,0,0,0,0,0,0,0,0,0,0
2005,120304,3,1,25,0,21,0,11,16,0,0,28,0
2005,120305,1,1,21,21,21,21,21,21,21,21,21,21
2005,120306,1,1,0,0,0,0,0,0,0,0,0,0
2005,120306,2,1,0,0,0,0,0,0,0,0,0,0
2005,120307,1,1,0,28,21,0,0,14,0,0,12,0
2005,120307,2,1,0,0,0,0,0,0,0,0,0,0
2005,120307,3,1,0,0,0,0,0,0,0,0,0,0
2005,120308,1,1,8,8,8,8,8,8,8,8,8,8
2005,120308,2,1,0,12,0,11,5,19,15,15,22,0
2005,120309,1,1,0,0,0,0,0,8,0,0,0,0
2005,120310,1,1,0,0,0,0,0,0,0,14,0,0
2005,120310,2,1,0,0,0,0,0,0,0,0,0,0
2005,120311,1,1,26,26,26,26,26,26,26,26,26,26
2005,120312,1,1,13,13,13,13,13,13,13,13,13,13
2005,120313,0,1,31,31,31,31,31,31,31,31,31,31
2005,120313,1,1,0,0,0,0,15,0,0,0,0,0
2005,120314,1,1,5,5,5,5,5,5,5,5,5,5
2005,120315,1,1,32,32,32,32,32,32,32,32,32,32
2005,120316,1,1,0,0,0,0,0,0,0,0,0,0
2005,120317,1,1,0,0,0,0,0,0,0,0,0,0
2005,120317,2,1,0,0,0,0,0,0,0,0,0,0
2005,120318,1,1,22,22,22,22,22,22,22,22,22,22
2005,120319,1,1,0,0,0,0,0,0,0,0,0,0
2005,120319,2,1,0,0,0,0,0,0,0,0,6,0
2005,120319,3,1,0,0,0,0,0,0,0,0,0,0
2005,120320,1,1,0,0,0,0,0,0,0,0,0,0
2005,120320,2,1,21,0,0,0,0,0,0,0,0,18
2005,120320,3,1,0,0,0,0,0,0,0,0,0,0
2005,120320,4,1,0,0,0,0,0,0,0,0,0,0
2005,120320,5,1,0,0,0,0,0,0,0,0,0,0
2005,120320,6,1,0,0,0,0,0,0,0,0,0,0
2005,120320,7,1,0,0,0,0,0,0,0,0,0,0
2005,120321,1,1,0,0,0,0,0,0,0,0,0,0
2005,120322,1,1,0,0,0,0,0,0,3,3,5,0
2005,120323,1,1,0,0,0,0,21,0,0,0,0,0
2005,120323,2,1,0,0,0,0,0,0,0,0,0,0
2005,120323,3,1,0,0,0,0,0,0,0,0,0,0
2005,120324,1,1,0,0,0,0,0,0,0,8,0,0
2005,120324,2,1,0,0,0,0,0,0,0,0,0,0
2005,120326,1,1,0,0,0,0,0,0,0,0,0,0
2005,120326,2,1,0,0,0,0,0,0,0,0,32,0
2005,120326,3,1,0,0,0,9,0,0,24,0,0,0
2005,120327,0,1,0,0,23,0,0,0,0,32,0,7
2005,120327,1,1,0,0,0,0,0,0,27,0,0,0
2005,120328,1,1,0,0,0,0,0,0,0,0,0,0
2005,120328,2,1,0,0,0,0,0,0,0,0,0,14
2005,120329,1,1,0,0,0,0,0,0,0,0,0,0
2005,120329,2,1,0,0,0,0,0,0,0,0,0,0
2005,120330,0,1,0,0,0,0,0,0,0,0,0,0
2005,120330,1,1,0,0,0,0,23,0,20,0,0,0
2005,120330,2,1,0,0,0,0,0,0,0,0,0,0
2005,120331,0,1,0,0,0,0,0,0,0,0,0,0
2005,120331,1,1,0,0,0,0,0,0,0,0,0,0
2005,120332,0,1,0,0,0,0,0,0,0,0,0,0
2005,120332,1,1,0,0,0,0,0,0,0,0,0,0
2005,120333,1,1,13,13,13,13,13,13,13,13,13,13
2005,120334,1,1,0,0,0,0,0,0,0,0,0,0
2005,120335,1,1,0,0,0,0,0,0,0,0,0,0
2005,120336,1,1,0,0,0,0,0,0,0,0,0,0
2005,120336,2,1,0,0,0,0,0,0,0,0,0,0
2005,120337,1,1,0,0,12,20,24,18,6,34,14,18
2005,120338,1,1,15,0,0,24,10,0,20,0,0,0
2005,120338,2,1,0,0,0,0,0,0,0,0,0,0
2005,120339,0,1,0,0,0,0,0,0,0,0,0,0
2005,120339,1,1,0,0,0,0,0,0,0,0,0,0
2005,120339,2,1,0,0,0,0,0,0,0,0,0,0
2005,120340,1,1,0,0,0,0,0,0,0,0,0,0
2005,120340,2,1,0,0,0,0,0,0,0,0,0,0
2005,120341,1,1,0,0,0,0,0,0,0,0,0,0
2005,120341,2,1,0,0,0,0,0,0,0,0,0,0
2005,120342,1,1,18,18,18,18,18,18,18,18,18,18
2005,120342,2,1,0,0,0,0,0,0,0,0,0,0
2005,120343,1,1,0,0,0,0,0,0,0,0,0,0
2005,120343,2,1,0,0,0,0,0,0,0,0,0,0
2005,120344,1,1,28,28,28,28,28,28,28,28,28,28
2005,120345,0,1,0,0,0,0,0,0,0,0,0,0
2005,120345,1,1,0,0,0,0,0,0,0,0,0,0
2005,120346,1,1,0,0,0,0,0,0,0,0,0,0
2005,120347,1,1,0,0,0,0,0,0,0,0,0,0
2005,120348,1,1,0,0,0,0,0,0,0,0,0,0
2005,120348,2,1,0,0,0,0,0,0,0,8,0,0
2005,120348,3,1,0,0,0,0,0,0,0,0,0,0
2005,120349,1,1,0,0,0,0,0,0,0,0,0,0
2005,120350,0,1,0,0,0,0,0,0,0,0,0,0
2005,120350,1,1,0,0,0,0,0,0,0,0,0,0
2005,120351,0,1,0,0,0,0,0,0,0,0,0,0
2005,120351,1,1,0,0,0,0,0,0,0,0,0,0
2005,120352,1,1,19,16,10,0,0,0,0,26,11,0
2005,120353,1,1,15,15,15,15,15,15,15,15,15,15
2005,120354,1,1,5,5,5,5,5,5,5,5,5,5
2005,120355,1,1,0,0,0,0,0,0,0,0,0,0
2005,120356,0,1,0,0,0,0,0,0,0,0,0,0
2005,120356,1,1,0,0,0,0,0,0,0,0,14,0
2005,120356,2,1,0,0,0,0,0,0,0,0,0,0
2005,120357,1,1,0,0,0,0,0,0,0,0,0,0
2005,120357,2,1,0,0,0,0,0,0,0,0,0,0
2005,120358,1,1,30,30,30,30,30,30,30,30,30,30
2005,120358,2,1,0,0,0,0,0,0,0,0,0,0
2005,120359,1,1,0,0,0,0,0,0,0,0,0,0
2005,120359,2,1,0,0,0,0,0,0,0,0,0,0
2005,120359,3,1,0,0,0,0,0,11,0,0,0,0
2005,120360,1,1,9,8,9,0,0,8,0,9,11,0
2005,120361,1,1,0,0,0,0,0,0,0,0,0,0
2005,120361,2,1,0,0,0,0,0,0,0,0,0,0
2005,120362,1,1,17,17,17,17,17,17,17,17,17,17
2005,120363,1,1,0,0,0,0,0,0,0,0,0,0
2005,120364,1,1,0,0,0,0,0,0,0,0,0,0
2005,120364,2,1,0,0,0,0,0,0,23,0,11,0
2005,120365,1,1,0,0,0,0,0,0,0,11,0,0
2005,120365,2,1,0,0,0,0,0,12,0,0,0,0
2005,120366,0,1,0,0,0,0,0,0,0,0,0,0
2005,120366,1,1,0,0,0,0,0,0,20,0,0,0
2005,120367,1,1,8,8,8,8,8,8,8,8,8,8
2005,120368,1,1,12,12,12,12,12,12,12,12,12,12
2005,120368,2,1,7,2,15,0,13,14,27,12,0,0
2005,120369,1,1,25,25,25,25,25,25,25,25,25,25
2005,120370,0,1,0,0,0,0,0,0,0,0,0,18
2005,120370,1,1,0,0,0,0,0,0,0,0,0,0
2005,120371,1,1,30,0,26,14,0,0,9,0,37,19
2005,120372,1,1,11,11,11,11,11,11,11,11,11,11
2005,120373,1,1,11,11,11,11,11,11,11,11,11,11
2005,120374,1,1,0,11,0,21,0,0,0,0,0,0
2005,120374,2,1,18,18,18,18,18,18,18,18,18,18
2005,120375,1,1,0,0,0,0,0,0,0,0,0,0
2005,120375,2,1,0,0,0,0,0,0,0,0,0,0
2005,120376,1,1,24,24,24,24,24,24,24,24,24,24
2005,120377,1,1,0,0,0,0,0,0,0,0,32,0
2005,120377,2,1,0,0,0,0,0,0,0,0,0,0
2005,120378,2,1,0,0,0,0,0,0,0,0,0,0
2005,120379,0,1,24,24,24,24,24,24,24,24,24,24
2005,120379,1,1,0,0,0,0,0,0,0,0,0,0
2005,120380,1,1,0,0,0,0,0,0,0,0,0,0
2005,120380,2,1,0,0,0,0,0,0,17,0,0,0
2005,120380,3,1,1,1,1,1,1,1,1,1,1,1
2005,120380,4,1,0,0,0,0,0,0,0,12,0,0
2005,120380,5,1,0,0,0,0,0,0,0,0,0,0
2005,120381,1,1,11,11,11,11,11,11,11,11,11,11
2005,120382,1,1,0,0,0,0,0,0,0,0,0,0
2005,120383,1,1,3,3,3,3,3,3,3,3,3,3
2005,120384,1,1,18,18,18,18,18,18,18,18,18,18
2005,120384,2,1,0,0,0,0,0,0,0,0,0,0
2005,120385,1,1,0,0,0,0,0,0,0,0,0,0
2005,120386,1,1,0,0,0,0,0,0,0,0,0,0
2005,120386,2,1,0,0,0,0,0,0,0,0,0,0
2005,120386,3,1,0,0,0,0,0,0,0,0,0,0
2005,120387,1,1,20,20,20,20,20,20,20,20,20,20
2005,120388,1,1,0,0,0,0,0,0,0,0,0,0
2005,120389,1,1,0,0,9,0,22,0,0,0,0,0
2005,120389,2,1,0,0,0,0,0,0,0,18,0,0
2005,120390,0,1,0,23,0,0,0,0,0,0,0,0
2005,120390,1,1,0,0,0,0,0,0,0,0,0,0
2005,120391,1,1,0,0,0,0,0,0,0,0,0,0
2005,120391,2,1,0,0,0,0,0,0,0,0,0,0
2005,120391,3,1,0,0,0,0,0,0,0,0,0,0
2005,120392,1,1,0,0,0,4,0,0,0,0,0,0
2005,120392,2,1,0,13,0,0,0,0,0,0,0,0
2005,120393,1,1,21,21,21,21,21,21,21,21,21,21
2005,120393,2,1,0,0,0,0,0,0,0,0,0,0
2005,120394,1,1,0,0,0,0,0,0,0,0,0,0
2005,120394,2,1,0,0,0,0,0,0,0,0,0,0
2005,120394,3,1,0,0,0,0,0,0,0,0,0,0
2005,120395,1,1,0,0,0,0,0,0,0,0,0,0
2005,120395,2,1,0,0,0,0,0,0,0,0,0,14
2005,120395,3,1,0,0,0,0,0,0,0,0,0,0
2005,120396,0,1,28,28,28,28,28,28,28,28,28,28
2005,120396,0,2,25,6,0,0,0,0,21,0,27,10
2005,120396,1,1,24,24,24,24,24,24,24,24,24,24
2005,120397,1,1,0,0,0,0,0,0,0,0,0,0
2005,120398,0,1,8,0,0,0,0,0,0,0,0,0
2005,120398,1,1,0,12,0,0,0,0,0,0,0,0
2005,120399,1,1,0,0,0,0,0,0,0,0,0,0
2005,120399,2,1,0,0,0,0,0,0,0,0,0,0
2005,120400,0,1,25,25,25,25,25,25,25,25,25,25
2005,120400,1,1,0,0,0,0,0,0,0,0,0,0
2005,120401,1,1,8,0,0,0,0,0,0,0,0,0
2005,120401,2,1,0,0,0,0,0,0,0,0,0,0
2005,120402,0,1,33,33,33,33,33,33,33,33,33,33
2005,120402,2,1,0,0,0,0,0,0,0,0,0,0
2005,120403,1,1,1,1,1,1,1,1,1,1,1,1
2005,120404,1,1,0,0,0,0,0,0,0,0,0,0
2005,120404,2,1,0,0,0,0,0,0,0,0,0,0
2005,120405,1,1,0,0,0,0,0,0,0,0,0,0
2005,120405,2,1,0,0,0,0,0,0,0,0,0,0
2005,120406,1,1,0,0,0,0,0,0,0,0,0,0
2005,120406,2,1,10,10,10,10,10,10,10,10,10,10
2005,120407,1,1,8,8,8,8,8,8,8,8,8,8
2005,120408,1,1,12,12,12,12,12,12,12,12,12,12
2005,120409,1,1,0,0,0,0,0,0,0,0,0,0
2005,120409,2,1,0,0,0,0,0,0,0,0,0,0
2005,120410,1,1,0,0,0,0,0,0,0,0,0,0
2005,120410,2,1,0,0,0,0,6,0,0,0,0,0
2005,120410,3,1,0,0,0,0,0,0,0,0,0,0
2005,120411,0,1,0,0,0,0,0,0,0,0,0,0
2005,120411,1,1,0,0,0,0,0,0,0,0,0,0
2005,120412,0,1,0,9,0,48,0,0,0,0,0,0
2005,120412,1,1,0,0,0,0,0,0,0,0,0,0
2005,120414,0,1,0,0,0,0,0,0,0,0,0,0
2005,120414,1,1,0,0,0,0,0,0,0,0,0,0
2005,120415,1,1,0,0,0,0,0,0,0,0,0,0
2005,120415,2,1,0,0,0,0,0,0,0,0,0,0
2005,120416,1,1,0,0,0,0,0,0,0,0,0,0
2005,120416,2,1,0,0,0,0,0,0,0,0,0,0
2005,120417,1,1,10,10,10,10,10,10,10,10,10,10
2005,120418,1,1,15,3,11,13,21,0,11,0,18,13
2005,120419,1,1,0,0,0,0,0,0,0,0,0,0
2005,120419,2,1,0,0,0,0,0,0,0,0,0,0
2005,120420,1,1,0,17,0,0,0,11,18,19,0,0
2005,120421,1,1,0,0,0,0,0,0,0,0,0,0
2005,120421,2,1,0,0,0,0,0,0,0,0,0,0
2005,120421,3,1,0,0,0,0,0,0,0,0,0,0
2005,120422,0,1,0,0,10,0,0,9,0,0,0,0
2005,120422,1,1,0,0,0,0,0,5,2,0,0,0
2005,120423,0,1,1,1,1,1,1,1,1,1,1,1
2005,120423,1,1,8,6,0,0,0,0,0,0,0,0
2005,120424,1,1,0,0,0,0,0,0,0,0,0,0
2005,120424,2,1,0,0,0,0,0,0,0,0,0,0
2005,120425,1,1,26,26,26,26,26,26,26,26,26,26
2005,120426,1,1,0,0,0,0,0,0,0,0,0,0
2005,120426,2,1,0,0,0,0,0,0,0,0,0,0
2005,120427,1,1,22,22,22,22,22,22,22,22,22,22
2005,120427,2,1,0,0,0,0,0,0,0,0,0,0
2005,120428,1,1,13,13,13,13,13,13,13,13,13,13
2005,120429,0,1,0,0,0,0,0,0,0,0,0,0
2005,120429,0,2,0,0,0,0,0,0,0,0,0,0
2005,120429,0,3,0,0,0,0,0,0,0,0,0,0
2005,120429,1,1,0,0,0,0,0,22,0,27,0,0
2005,120430,1,1,19,19,19,19,19,19,19,19,19,19
2005,120431,1,1,0,0,0,0,0,0,0,0,0,0
2005,120432,1,1,21,14,18,21,11,14,16,8,11,17
2005,120433,1,1,0,0,0,0,0,0,0,0,0,0
2005,120434,1,1,0,0,0,0,0,0,0,0,0,0
2005,120434,2,1,0,0,0,0,0,0,0,0,0,0
2005,120435,1,1,17,17,17,17,17,17,17,17,17,17
2005,120435,2,1,0,0,0,0,0,0,3,0,0,0
2005,120436,1,1,15,0,32,37,0,0,0,17,0,19
2005,120436,2,1,16,16,16,16,16,16,16,16,16,16
2005,120437,1,1,0,0,0,0,0,0,0,0,0,0
2005,120437,2,1,0,0,0,0,0,0,0,0,0,0
2005,120438,1,1,0,0,0,0,0,0,0,0,0,0
2005,120438,2,1,0,0,0,0,0,13,0,0,0,0
2005,120439,1,1,0,0,0,0,0,0,0,0,0,0
2005,120439,2,1,0,0,0,0,0,0,0,0,0,0
2005,120440,1,1,12,12,12,12,12,12,12,12,12,12
2005,120441,0,1,25,25,25,25,25,25,25,25,25,25
2005,120441,1,1,0,0,0,0,0,0,0,0,0,0
2005,120442,0,1,0,0,0,0,0,0,0,0,0,0
2005,120442,1,1,0,0,0,0,0,20,15,0,0,0
2005,120443,0,1,0,0,8,0,0,0,0,0,0,0
2005,120443,1,1,0,0,0,0,0,0,0,0,0,0
2005,120444,1,1,0,0,0,0,0,0,0,0,0,0
2005,120445,1,1,0,0,0,0,0,0,0,0,0,0
2005,120445,2,1,0,0,0,0,0,0,0,17,0,15
2005,120446,1,1,13,13,13,13,13,13,13,13,13,13
2005,120447,1,1,0,0,0,0,0,0,0,0,0,0
2005,120448,0,1,0,0,0,0,0,0,0,18,0,0
2005,120448,1,1,11,11,11,11,11,11,11,11,11,11
2005,120449,1,1,0,0,0,0,0,0,0,0,0,0
2005,120449,2,1,0,0,0,0,0,0,0,0,0,0
2005,120450,1,1,17,0,15,21,0,13,40,9,21,14
2005,120450,2,1,2,2,2,2,2,2,2,2,2,2
2005,120451,1,1,0,0,0,0,0,0,0,0,0,0
2005,120451,2,1,0,0,0,0,0,0,0,0,0,0
2005,120452,1,1,32,32,32,32,32,32,32,32,32,32
2005,120453,0,1,0,0,0,0,0,0,0,0,0,0
2005,120453,1,1,0,0,0,0,0,0,0,0,0,0
2005,120454,1,1,0,0,0,0,0,0,0,0,0,0
2005,120454,2,1,0,0,0,0,23,0,0,0,0,0
2005,120455,0,1,0,0,0,0,0,0,0,0,0,0
2005,120455,1,1,0,0,0,0,0,12,17,0,0,0
2005,120456,1,1,18,18,18,18,18,18,18,18,18,18
2005,120456,2,1,0,0,0,0,0,0,0,0,0,0
2005,120457,0,1,0,0,0,0,0,0,0,0,0,0
2005,120457,1,1,0,0,0,0,0,0,0,0,0,0
2005,120458,1,1,4,4,4,4,4,4,4,4,4,4
2005,120458,2,1,0,0,0,0,0,0,0,0,0,0
2005,120459,1,1,0,0,0,0,0,0,0,0,0,0
2005,120459,2,1,0,0,0,0,0,0,0,0,0,0
2005,120460,1,1,0,0,0,0,0,0,0,0,0,0
2005,120460,2,1,0,0,0,0,0,0,0,0,0,0
2005,120461,1,1,0,0,0,0,23,0,0,0,0,0
2005,120462,1,1,0,0,0,0,0,0,0,0,0,0
2005,120462,2,1,0,0,0,0,5,0,0,0,0,0
2005,120462,3,1,0,0,0,0,0,0,0,0,0,0
2005,120463,1,1,0,0,0,0,0,0,0,0,0,0
2005,120463,2,1,0,0,0,0,0,0,0,0,0,0
2005,120464,1,1,0,0,0,0,0,0,0,0,0,0
2005,120464,2,1,0,0,0,0,0,0,0,0,0,0
2005,120465,1,1,0,0,0,0,0,0,0,0,0,0
2005,120465,2,1,0,0,0,0,0,0,0,0,0,0
2005,120466,1,1,0,0,0,0,0,0,0,0,0,0
2005,120466,2,1,0,0,0,0,0,0,0,0,0,0
2005,120467,1,1,0,0,0,0,0,0,0,0,0,0
2005,120467,2,1,0,0,0,0,0,0,0,0,0,0
2005,120468,1,1,0,0,0,0,0,0,0,0,0,0
2005,120468,2,1,0,0,0,0,0,0,0,0,0,0
2005,120469,1,1,0,0,0,0,0,0,0,0,0,0
2005,120469,2,1,0,0,0,0,0,0,0,0,0,0
2005,120469,3,1,0,0,0,0,0,0,0,0,0,0
2005,120470,1,1,18,18,18,18,18,18,18,18,18,18
2005,120470,2,1,1,1,1,1,1,1,1,1,1,1
2005,120471,1,1,0,0,0,0,0,0,0,0,0,0
2005,120471,2,1,0,0,0,0,0,0,0,0,0,0
2005,120472,1,1,0,0,0,0,0,0,0,0,0,0
2005,120472,2,1,0,0,0,0,0,0,0,0,0,0
2005,120473,1,1,0,0,0,0,0,0,0,0,0,0
2005,120473,2,1,0,0,0,0,0,0,0,0,0,0
2005,120474,1,1,18,18,18,18,18,18,18,18,18,18
2005,120474,2,1,0,0,0,0,0,0,0,0,0,0
2005,120475,0,1,0,0,0,0,0,21,0,0,0,0
2005,120475,1,1,0,0,0,0,0,0,0,0,0,0
2005,120476,0,1,0,0,0,0,0,0,0,0,0,0
2005,120476,1,1,0,0,0,0,0,0,0,0,0,0
2005,120477,1,1,13,13,13,13,13,13,13,13,13,13
2005,120478,1,1,9,0,24,0,0,12,0,0,0,12
2005,120478,2,1,0,0,0,0,0,0,0,0,0,0
2005,120479,1,1,4,4,4,4,4,4,4,4,4,4
2005,120480,1,1,14,14,14,14,14,14,14,14,14,14
2005,120480,2,1,0,0,0,4,0,0,16,0,0,0
2005,120480,3,1,0,0,0,0,0,0,0,0,0,0
2005,120481,1,1,0,8,0,0,2,0,20,0,14,0
2005,120482,0,1,7,34,24,0,0,0,13,32,23,19
2005,120482,1,1,0,0,0,0,0,0,0,0,0,8
2005,120483,1,1,0,0,0,0,0,0,0,0,0,0
2005,120484,1,1,28,28,28,28,28,28,28,28,28,28
2005,120485,0,1,22,22,22,22,22,22,22,22,22,22
2005,120485,1,1,0,0,0,0,0,0,0,0,0,0
2005,120486,1,1,0,0,9,0,0,0,0,0,0,0
2005,120487,1,1,0,0,0,0,0,0,0,0,0,0
2005,120487,2,1,0,0,0,0,0,0,0,0,0,0
2005,120488,1,1,5,5,5,5,5,5,5,5,5,5
2005,120489,0,1,0,0,0,0,0,0,0,0,15,0
2005,120489,1,1,29,29,29,29,29,29,29,29,29,29
2005,120490,1,1,0,0,0,0,0,0,0,0,0,0
2005,120490,2,1,0,0,0,0,0,0,0,0,26,0
2005,120490,3,1,0,0,0,0,0,0,0,0,0,0
2005,120491,1,1,0,0,0,0,0,0,0,0,0,0
2005,120491,2,1,0,0,0,0,0,0,0,0,0,0
2005,120491,3,1,0,0,0,0,0,0,0,0,0,0
2005,120492,1,1,19,19,19,19,19,19,19,19,19,19
2005,120493,1,1,0,0,0,0,0,0,0,0,0,0
2005,120493,2,1,6,6,6,6,6,6,6,6,6,6
2005,120494,0,1,0,0,0,0,0,0,0,0,0,0
2005,120494,1,1,0,0,0,0,0,0,0,11,0,0
2005,120495,1,1,0,0,0,0,0,0,0,0,0,0
2005,120495,2,1,0,0,0,0,0,0,0,0,0,0
2005,120496,1,1,0,0,0,0,0,0,0,0,0,0
2005,120496,2,1,0,0,0,0,0,0,0,0,0,0
2005,120497,1,1,0,0,0,0,0,0,0,0,0,0
2005,120498,1,1,0,0,0,0,0,0,0,0,0,0
2005,120498,2,1,0,0,0,0,0,0,0,0,0,0
2005,120499,1,1,0,0,0,0,0,0,0,0,4,0
2005,120499,2,1,0,0,0,0,0,0,0,0,0,0
2005,120500,0,1,0,0,0,15,0,0,0,0,0,0
2005,120500,1,1,0,0,0,0,0,0,0,0,0,0
2005,120501,1,1,0,0,0,0,0,0,0,0,0,0
2005,120501,2,1,0,0,0,0,0,0,0,0,0,0
2005,120502,1,1,0,0,0,0,0,0,0,0,0,0
2005,120502,2,1,0,0,0,0,0,0,0,0,0,0
2005,120503,1,1,0,0,0,0,0,0,0,0,0,0
2005,120503,2,1,0,0,0,0,0,0,0,0,0,0
2005,120504,1,1,24,24,24,24,24,24,24,24,24,24
2005,120505,1,1,13,13,13,13,13,13,13,13,13,13
2005,120506,0,1,0,0,0,0,0,0,0,0,0,0
2005,120506,0,2,0,0,0,0,0,0,0,0,0,0
2005,120506,1,1,0,0,0,0,0,0,0,0,0,0
2005,120507,1,1,0,0,0,0,0,0,0,0,0,0
2005,120507,2,1,0,0,0,0,0,0,0,0,0,0
2005,120508,1,1,0,0,0,0,0,0,0,0,0,0
2005,120508,2,1,0,0,0,0,0,0,0,0,0,0
2005,120509,1,1,15,15,15,15,15,15,15,15,15,15
2005,120510,1,1,0,0,0,0,0,0,0,0,0,0
2005,120510,2,1,0,0,0,0,0,0,0,0,0,0
2005,120511,1,1,0,0,0,0,0,0,0,0,0,0
2005,120511,2,1,0,0,0,0,0,0,0,0,0,0
2005,120511,3,1,0,30,0,0,0,0,0,0,0,0
2005,120512,1,1,0,0,0,0,0,0,0,0,0,0
2005,120512,2,1,0,0,0,0,0,0,0,0,0,0
2005,120513,1,2,0,0,0,0,0,0,0,0,0,0
2005,120514,1,1,14,14,14,14,14,14,14,14,14,14
2005,120515,1,1,0,0,0,0,0,0,0,0,0,0
2005,120515,2,1,0,0,0,0,0,0,0,0,0,0
2005,120516,1,1,9,0,14,34,0,0,0,0,0,0
2005,120517,1,1,0,0,0,0,0,0,0,0,0,0
2005,120517,2,1,0,0,0,0,0,0,0,0,0,0
2005,120518,1,1,0,0,0,0,0,0,0,0,0,0
2005,120518,2,1,0,0,0,0,0,0,0,0,0,0
2005,120518,3,1,0,0,0,0,0,0,0,0,0,0
2005,120519,1,1,20,20,20,20,20,20,20,20,20,20
2005,120520,1,1,0,0,0,12,0,9,0,24,11,0
2005,120520,2,1,0,0,20,0,0,0,0,0,0,0
2005,120520,3,1,0,0,0,0,0,0,0,0,11,0
2005,120520,4,1,0,0,17,0,0,0,0,0,0,0
2005,120521,1,1,0,0,0,0,0,0,0,0,0,0
2005,120521,2,1,0,0,0,0,0,0,0,0,0,0
2005,120522,0,1,0,0,0,0,0,0,0,0,0,0
2005,120522,1,1,0,0,0,0,0,0,0,0,0,0
2005,120523,0,1,0,0,0,0,0,0,0,0,0,0
2005,120523,1,1,0,0,0,0,0,0,0,0,0,0
2005,120524,1,1,29,29,29,29,29,29,29,29,29,29
2005,120524,2,1,0,0,0,0,0,0,0,0,0,8