YEAR,ST_CASE,veh_no,per_no,P1,P2,P3,P4,P5,P6,P7,P8,P9,P10
2005,120791,1,1,15,15,15,15,15,15,15,15,15,15
2005,120791,2,1,0,0,0,0,0,0,0,0,0,0
2005,120792,1,1,0,0,0,0,0,0,0,0,0,0
2005,120793,1,1,0,0,0,0,0,0,0,0,0,0
2005,120793,2,1,0,0,0,0,7,15,0,13,0,0
2005,120794,1,1,22,22,22,22,22,22,22,22,22,22
2005,120795,1,1,0,0,0,0,0,0,0,0,0,0
2005,120795,2,1,0,0,0,0,0,0,0,0,0,0
2005,120796,1,1,11,25,9,0,0,0,26,17,0,0
2005,120797,1,1,0,0,16,0,8,0,0,0,0,0
2005,120797,2,1,0,0,0,0,0,0,0,0,0,0
2005,120798,1,1,0,0,0,0,0,0,0,0,0,0
2005,120799,1,1,0,0,0,0,0,0,0,0,0,0
2005,120799,2,1,0,0,0,0,0,0,0,0,0,0
2005,120800,1,1,66,66,66,66,66,66,66,66,66,66
2005,120801,1,1,0,0,0,0,0,0,0,0,0,0
2005,120801,2,1,0,0,0,0,0,0,0,0,0,0
2005,120802,0,1,24,24,24,24,24,24,24,24,24,24
2005,120802,1,1,24,24,24,24,24,24,24,24,24,24
2005,120803,1,1,0,0,0,0,0,0,0,0,0,0
2005,120803,2,1,0,0,12,18,0,0,0,0,0,0
2005,120805,1,1,0,0,0,0,0,0,0,0,0,0
2005,120806,0,1,9,9,9,9,9,9,9,9,9,9
2005,120806,1,1,0,13,6,0,0,18,0,7,0,0
2005,120807,1,1,22,22,22,22,22,22,22,22,22,22
2005,120807,2,1,0,0,17,0,0,0,0,12,0,0
2005,120808,1,1,0,0,0,0,0,0,0,0,0,0
2005,120808,2,1,0,0,0,0,0,0,0,0,0,0
2005,120810,1,1,0,0,0,0,0,0,0,0,0,0
2005,120810,2,1,0,16,0,0,0,0,0,0,0,0
2005,120811,1,1,21,21,21,21,21,21,21,21,21,21
2005,120812,1,1,0,0,0,0,0,0,0,0,0,0
2005,120813,1,1,16,16,16,16,16,16,16,16,16,16
2005,120814,1,1,0,0,0,0,0,0,0,0,0,0
2005,120815,1,1,26,9,0,30,28,13,19,30,14,20
2005,120816,0,1,26,26,26,26,26,26,26,26,26,26
2005,120816,1,1,0,0,0,18,0,0,0,0,0,14
2005,120816,2,1,14,0,0,0,0,43,7,0,23,0
2005,120817,1,1,26,26,26,26,26,26,26,26,26,26
2005,120818,1,1,21,21,21,21,21,21,21,21,21,21
2005,120818,2,1,0,0,0,0,0,0,0,0,0,0
2005,120819,1,1,16,16,16,16,16,16,16,16,16,16
2005,120819,2,1,0,22,0,0,18,9,0,0,0,0
2005,120820,1,1,0,0,0,0,0,0,0,0,0,0
2005,120820,2,1,0,0,0,0,0,0,0,0,0,0
2005,120821,0,1,21,21,21,21,21,21,21,21,21,21
2005,120821,1,1,0,18,0,0,0,2,8,0,0,20
2005,120822,1,1,0,0,0,0,0,0,0,0,0,0
2005,120822,2,1,0,0,0,0,0,0,0,0,0,0
2005,120823,1,1,0,0,0,0,0,0,0,0,0,0
2005,120823,2,1,0,0,12,12,0,0,10,0,0,0
2005,120824,1,1,10,10,10,10,10,10,10,10,10,10
2005,120824,2,1,0,0,0,0,0,0,0,0,0,0
2005,120825,1,1,8,8,8,8,8,8,8,8,8,8
2005,120825,2,1,9,13,0,16,10,11,16,0,21,0
2005,120826,1,1,7,19,16,0,31,15,19,12,19,0
2005,120826,2,1,0,9,0,0,0,0,0,0,0,14
2005,120827,1,1,0,0,0,0,0,0,0,0,0,0
2005,120828,1,1,0,7,9,0,23,20,23,19,18,0
2005,120829,1,1,16,16,16,16,16,16,16,16,16,16
2005,120830,1,1,32,32,32,32,32,32,32,32,32,32
2005,120831,1,1,19,19,19,19,19,19,19,19,19,19
2005,120832,1,1,18,18,18,18,18,18,18,18,18,18
2005,120833,1,1,0,0,0,0,0,0,0,0,0,0
2005,120834,1,1,18,18,18,18,18,18,18,18,18,18
2005,120835,1,1,0,0,0,0,0,0,0,0,0,0
2005,120836,0,1,0,0,0,0,0,0,0,0,0,0
2005,120836,1,1,0,0,0,0,0,0,0,0,0,0
2005,120837,1,1,19,19,19,19,19,19,19,19,19,19
2005,120838,1,1,21,21,21,21,21,21,21,21,21,21
2005,120839,1,1,0,0,0,0,0,0,0,0,0,0
2005,120840,1,1,23,23,23,23,23,23,23,23,23,23
2005,120841,1,1,0,0,0,0,0,0,0,0,0,0
2005,120842,1,1,19,19,19,19,19,19,19,19,19,19
2005,120843,1,1,0,0,0,0,0,0,0,0,0,0
2005,120843,2,1,0,0,0,0,0,0,0,0,0,0
2005,120844,1,1,0,0,0,0,0,0,0,0,0,4
2005,120844,2,1,0,0,0,0,0,0,0,0,0,0
2005,120845,1,1,17,0,0,0,0,0,0,0,9,0
2005,120845,2,1,0,0,0,0,0,0,0,0,0,0
2005,120845,3,1,0,0,0,0,0,0,0,0,0,0
2005,120846,1,1,6,6,6,6,6,6,6,6,6,6
2005,120846,2,1,0,0,0,0,0,0,0,0,0,12
2005,120846,3,1,0,0,0,0,2,0,0,0,0,0
2005,120847,0,1,22,22,22,22,22,22,22,22,22,22
2005,120847,1,1,9,9,9,9,9,9,9,9,9,9
2005,120848,0,1,29,0,0,40,12,37,0,10,0,21
2005,120848,1,1,19,0,0,0,0,27,0,12,0,0
2005,120848,2,1,0,0,6,16,15,19,0,16,8,0
2005,120849,1,1,15,15,15,15,15,15,15,15,15,15
2005,120849,2,1,0,0,0,0,0,0,0,0,0,0
2005,120850,1,1,0,0,0,0,0,0,0,0,0,0
2005,120850,2,1,0,0,0,0,0,0,0,0,0,0
2005,120851,1,1,0,0,0,0,0,0,0,0,0,0
2005,120852,1,1,0,0,0,0,0,0,0,0,0,0
2005,120853,0,1,0,0,0,0,0,0,0,0,0,0
2005,120853,1,1,0,0,0,0,0,0,0,0,0,0
2005,120854,1,1,0,0,0,0,0,0,0,0,0,0
2005,120855,1,1,0,0,0,0,0,0,13,0,0,0
2005,120855,2,1,0,0,0,0,0,0,0,0,0,0
2005,120856,1,1,16,16,16,16,16,16,16,16,16,16
2005,120857,1,1,0,0,0,0,0,0,0,0,0,0
2005,120857,2,1,23,0,0,0,0,0,14,0,0,0
2005,120857,3,1,0,0,0,0,0,0,0,0,0,0
2005,120858,1,1,17,17,17,17,17,17,17,17,17,17
2005,120859,1,1,0,14,0,0,0,0,0,0,0,0
2005,120859,2,1,0,0,0,0,0,0,0,0,0,7
2005,120859,3,1,0,0,0,0,0,0,0,0,0,0
2005,120860,1,1,24,24,24,24,24,24,24,24,24,24
2005,120861,1,1,0,0,0,0,0,0,0,0,0,0
2005,120861,2,1,0,0,0,0,0,0,0,0,0,0
2005,120862,1,1,0,0,0,0,0,0,0,0,0,0
2005,120862,2,1,0,0,0,0,0,0,0,0,0,0
2005,120863,1,1,0,0,0,0,0,0,0,0,0,0
2005,120864,1,1,17,17,17,17,17,17,17,17,17,17
2005,120864,2,1,0,0,0,0,0,0,0,0,0,0
2005,120864,3,1,0,0,0,14,0,13,0,0,0,0
2005,120865,0,1,26,26,26,26,26,26,26,26,26,26
2005,120865,1,1,15,0,25,17,0,0,0,7,0,35
2005,120866,1,1,6,6,6,6,6,6,6,6,6,6
2005,120867,1,1,0,0,0,0,0,0,0,0,0,0
2005,120868,1,1,0,0,0,0,0,0,0,0,0,0
2005,120868,2,1,0,0,0,0,0,0,0,0,0,0
2005,120869,1,1,9,9,9,9,9,9,9,9,9,9
2005,120870,1,1,0,0,0,0,0,0,0,0,0,0
2005,120871,0,1,11,11,11,11,11,11,11,11,11,11
2005,120871,1,1,0,0,0,0,30,0,0,0,0,0
2005,120872,1,1,19,22,25,0,32,0,0,12,11,17
2005,120873,1,1,0,0,0,0,0,0,23,19,19,0
2005,120874,1,1,0,0,0,0,9,0,0,0,0,21
2005,120874,2,1,0,0,0,0,0,0,0,0,0,0
2005,120875,1,1,0,0,0,0,0,0,0,0,0,0
2005,120875,2,1,0,0,0,0,0,0,0,0,0,0
2005,120875,3,1,0,0,0,0,0,0,0,8,0,0
2005,120875,4,1,0,27,0,0,0,0,0,0,0,0
2005,120876,0,1,0,14,15,0,0,0,0,0,0,0
2005,120876,1,1,0,0,0,0,0,0,0,0,0,0
2005,120877,1,1,18,18,18,18,18,18,18,18,18,18
2005,120878,0,1,25,25,25,25,25,25,25,25,25,25
2005,120878,1,1,11,11,11,11,11,11,11,11,11,11
2005,120879,1,1,2,2,2,2,2,2,2,2,2,2
2005,120880,0,1,0,0,0,0,34,0,0,0,0,0
2005,120880,1,1,13,0,9,0,18,21,7,0,0,0
2005,120881,0,1,0,0,0,0,0,0,0,0,0,0
2005,120881,1,1,0,0,0,0,0,0,0,0,22,0
2005,120882,0,1,0,8,6,12,30,0,33,19,0,16
2005,120882,1,1,2,10,0,10,0,15,18,2,0,0
2005,120883,0,1,0,48,41,34,9,0,20,17,31,20
2005,120883,1,1,25,0,30,0,0,5,18,0,0,0
2005,120883,2,1,22,12,0,0,9,0,4,0,0,0
2005,120883,3,1,0,0,0,0,0,0,0,0,0,0
2005,120884,1,1,0,0,0,0,0,0,0,0,0,0
2005,120884,2,1,0,0,7,0,0,14,0,0,0,0
2005,120885,0,1,24,15,0,18,19,0,25,10,0,19
2005,120885,1,1,6,0,0,8,0,0,24,0,0,0
2005,120886,1,1,0,0,0,0,0,0,0,0,0,0
2005,120886,2,1,0,0,0,0,8,0,0,0,0,0
2005,120887,1,1,0,0,0,0,0,0,0,0,0,0
2005,120888,1,1,0,0,0,0,0,0,0,0,0,0
2005,120888,2,1,0,6,0,0,0,0,0,9,0,0
2005,120889,0,1,29,29,29,29,29,29,29,29,29,29
2005,120889,1,1,0,0,0,0,0,0,0,0,0,0
2005,120890,1,1,22,22,22,22,22,22,22,22,22,22
2005,120891,1,1,0,0,0,0,0,0,0,18,0,11
2005,120891,2,1,0,0,0,0,0,0,0,0,0,0
2005,120892,1,1,0,0,0,0,0,0,0,0,0,0
2005,120892,2,1,0,0,0,28,0,0,0,0,0,0
2005,120893,1,1,24,24,24,24,24,24,24,24,24,24
2005,120894,1,1,0,0,0,0,0,0,0,0,0,0
2005,120895,1,1,0,0,0,0,0,0,0,0,0,0
2005,120895,2,1,0,0,0,0,0,0,0,0,0,0
2005,120896,1,1,0,0,0,0,0,0,0,0,0,0
2005,120896,2,1,0,0,0,17,19,0,0,0,0,0
2005,120897,1,1,0,0,28,0,0,32,7,0,0,8
2005,120898,1,1,0,0,0,0,0,0,0,0,0,0
2005,120899,1,1,14,14,14,14,14,14,14,14,14,14
2005,120900,1,1,2,2,2,2,2,2,2,2,2,2
2005,120900,2,1,0,29,0,0,0,0,0,0,0,0
2005,120901,1,1,0,17,0,46,26,19,5,0,23,12
2005,120901,2,1,0,0,0,0,0,0,0,0,0,0
2005,120901,3,1,0,0,0,0,0,0,0,0,0,0
2005,120902,1,1,18,18,18,18,18,18,18,18,18,18
2005,120903,1,1,14,0,0,26,0,0,27,0,0,0
2005,120904,0,1,46,46,46,46,46,46,46,46,46,46
2005,120904,1,1,20,0,0,0,0,23,0,0,0,0
2005,120905,1,1,0,0,0,0,0,0,0,0,0,0
2005,120905,2,1,0,0,0,14,0,0,0,0,0,0
2005,120906,0,1,0,39,0,0,30,12,19,17,0,15
2005,120906,1,1,0,0,0,0,0,0,0,0,13,13
2005,120907,1,1,0,0,0,0,0,0,0,0,0,0
2005,120908,1,1,0,0,0,0,0,0,0,0,0,0
2005,120908,2,1,0,13,0,0,0,0,0,0,0,0
2005,120909,1,1,0,0,0,0,0,0,0,0,0,0
2005,120909,2,1,0,0,0,0,0,0,0,0,0,0
2005,120910,1,1,18,0,0,0,0,26,21,21,0,23
2005,120911,1,1,0,0,0,0,0,0,0,0,0,0
2005,120911,2,1,0,0,0,0,0,0,0,0,0,0
2005,120912,0,1,2,0,15,17,0,15,0,0,0,26
2005,120912,0,2,18,0,0,10,0,16,6,0,0,0
2005,120912,1,1,9,9,9,9,9,9,9,9,9,9
2005,120913,1,1,0,0,0,0,0,0,0,0,0,0
2005,120914,1,1,7,7,7,7,7,7,7,7,7,7
2005,120915,1,1,0,0,0,0,0,0,2,0,0,0
2005,120915,2,1,0,0,0,0,0,0,0,0,0,0
2005,120916,1,1,17,9,19,10,0,16,0,0,7,11
2005,120917,1,1,0,0,0,0,0,0,0,0,13,0
2005,120918,1,1,0,12,0,0,5,4,0,0,0,9
2005,120918,2,1,0,0,15,0,0,0,0,0,0,0
2005,120919,1,1,0,0,0,0,0,0,0,0,0,0
2005,120919,2,1,0,0,0,0,0,0,0,0,0,0
2005,120920,1,1,0,0,0,0,0,0,0,0,0,0
2005,120921,1,1,0,0,0,0,0,13,0,0,0,0
2005,120922,1,1,0,0,0,0,0,0,0,0,0,0
2005,120922,2,1,22,0,0,0,0,0,15,12,0,0
2005,120923,1,1,0,0,0,0,0,0,0,0,0,0
2005,120923,2,1,0,0,0,0,0,0,0,0,0,0
2005,120924,1,1,0,0,0,0,0,0,0,0,0,0
2005,120925,1,1,0,0,11,9,0,0,18,0,0,0
2005,120926,0,1,34,34,34,34,34,34,34,34,34,34
2005,120926,1,1,0,8,0,2,0,0,7,21,10,15
2005,120927,1,1,0,0,0,0,0,0,16,0,0,0
2005,120927,2,1,0,0,0,0,0,18,0,0,0,0
2005,120928,1,1,22,22,22,22,22,22,22,22,22,22
2005,120929,1,1,7,7,7,7,7,7,7,7,7,7
2005,120930,1,1,0,0,0,0,0,0,0,0,0,0
2005,120930,2,1,0,0,0,0,0,0,0,0,9,0
2005,120931,0,1,0,0,0,0,0,0,0,0,0,0
2005,120931,1,1,0,0,10,0,0,12,0,0,0,0
2005,120932,1,1,0,0,0,0,0,0,0,0,0,0
2005,120932,2,1,0,0,0,0,0,0,0,0,0,0
2005,120933,1,1,0,0,0,0,0,0,0,0,0,0
2005,120933,2,1,0,17,0,9,0,0,0,0,0,0
2005,120934,1,1,0,0,0,0,0,0,0,0,0,0
2005,120934,2,1,0,0,0,0,0,0,0,0,0,0
2005,120935,0,1,0,0,0,0,0,0,0,0,0,0
2005,120935,1,1,0,0,0,8,0,21,17,30,0,16
2005,120936,1,1,8,8,8,8,8,8,8,8,8,8
2005,120937,1,1,0,0,0,0,0,0,0,0,0,0
2005,120937,2,1,0,0,0,0,0,0,0,0,0,0
2005,120937,3,1,0,0,0,0,0,0,0,0,0,0
2005,120938,1,1,23,23,23,23,23,23,23,23,23,23
2005,120939,1,1,0,0,31,0,0,0,0,0,0,0
2005,120939,2,1,0,0,0,0,0,0,0,0,0,0
2005,120940,1,1,0,0,0,0,0,0,0,0,0,0
2005,120941,0,1,34,34,34,34,34,34,34,34,34,34
2005,120941,1,1,0,0,0,0,0,0,0,0,0,0
2005,120941,2,1,0,12,0,0,0,0,0,11,0,11
2005,120942,1,1,0,0,0,0,0,0,0,0,0,0
2005,120943,1,1,1,1,1,1,1,1,1,1,1,1
2005,120944,1,1,0,0,0,0,0,0,0,0,0,0
2005,120944,2,1,0,0,0,0,0,0,0,0,0,0
2005,120945,0,1,0,0,0,0,0,0,0,0,0,0
2005,120945,1,1,0,0,0,0,0,0,0,0,0,0
2005,120946,1,1,0,0,0,0,0,0,0,0,0,0
2005,120946,2,1,0,0,0,0,0,0,0,0,0,0
2005,120946,3,1,0,0,0,0,0,0,0,0,6,0
2005,120946,4,1,0,0,16,0,0,0,0,0,0,0
2005,120947,1,1,0,0,0,0,0,0,0,0,0,0
2005,120947,2,1,0,0,0,0,0,0,0,0,0,0
2005,120948,1,1,0,0,0,0,0,0,0,0,0,0
2005,120948,2,1,26,16,11,17,12,21,0,17,13,0
2005,120949,1,1,0,0,24,0,0,0,0,0,0,0
2005,120949,2,1,0,0,0,0,0,0,0,0,0,0
2005,120950,0,1,0,0,0,0,0,0,0,0,0,0
2005,120950,1,1,0,0,0,0,0,0,0,0,0,0
2005,120951,1,1,0,0,0,0,0,0,0,0,0,0
2005,120951,2,1,0,0,0,0,0,10,0,0,0,0
2005,120952,1,1,18,18,18,18,18,18,18,18,18,18
2005,120953,1,1,11,20,16,11,16,26,0,0,26,23
2005,120953,2,1,0,0,0,0,0,0,0,0,0,0
2005,120954,1,1,23,23,23,23,23,23,23,23,23,23
2005,120954,2,1,0,0,0,0,0,0,0,0,0,0
2005,120955,1,1,1,1,1,1,1,1,1,1,1,1
2005,120955,2,1,8,0,20,7,0,0,19,17,0,0
2005,120956,1,1,12,12,12,12,12,12,12,12,12,12
2005,120957,1,1,15,15,15,15,15,15,15,15,15,15
2005,120958,1,1,0,0,0,0,0,0,0,0,0,0
2005,120959,1,1,16,16,16,16,16,16,16,16,16,16
2005,120960,1,1,2,2,2,2,2,2,2,2,2,2
2005,120960,2,1,0,0,0,0,0,0,0,0,0,0
2005,120960,3,1,0,0,0,0,0,0,0,0,0,0
2005,120961,1,1,0,0,0,0,0,0,0,0,0,0
2005,120962,1,1,9,0,18,0,34,16,26,15,24,18
2005,120963,1,1,0,0,0,0,0,0,0,0,0,0
2005,120963,2,1,21,21,21,21,21,21,21,21,21,21
2005,120964,1,1,0,0,0,0,0,0,0,0,0,0
2005,120964,2,1,0,0,0,0,0,0,0,0,0,12
2005,120964,3,1,0,0,0,0,0,0,0,0,0,0
2005,120964,4,1,18,0,0,0,0,0,0,9,0,0
2005,120965,1,1,0,0,0,0,0,0,0,0,0,0
2005,120965,2,1,0,5,0,0,0,0,0,0,0,0
2005,120966,1,1,0,0,0,0,8,0,27,0,0,0
2005,120967,1,1,0,0,0,0,0,0,0,5,0,0
2005,120967,2,1,0,0,0,0,0,0,6,0,0,0
2005,120968,1,1,0,0,0,0,0,0,0,0,0,0
2005,120969,1,1,0,0,0,0,0,0,0,0,0,0
2005,120969,2,1,0,0,0,22,0,0,0,0,5,0
2005,120970,1,1,8,0,0,0,0,9,0,26,37,0
2005,120971,1,1,0,0,0,0,0,0,0,0,0,0
2005,120971,2,1,0,0,0,0,0,0,0,0,0,4
2005,120972,1,1,0,0,12,0,0,0,0,0,0,0
2005,120972,2,1,0,0,12,0,0,0,0,0,0,12
2005,120972,3,1,0,18,10,0,0,0,0,0,0,0
2005,120973,1,1,21,21,21,21,21,21,21,21,21,21
2005,120973,2,1,0,0,0,0,0,0,0,0,0,0
2005,120974,1,1,0,0,0,0,0,0,0,0,0,0
2005,120975,1,1,0,0,0,0,0,0,9,0,0,0
2005,120975,2,1,0,8,0,0,0,0,0,0,0,0
2005,120976,1,1,0,0,0,0,0,0,0,0,0,0
2005,120976,2,1,0,0,0,0,0,0,0,0,0,0
2005,120977,1,1,0,0,0,0,0,0,0,0,0,0
2005,120978,1,1,0,0,0,0,0,0,0,0,0,0
2005,120978,2,1,0,0,0,0,0,0,0,0,0,0
2005,120979,1,1,0,0,5,0,0,0,0,0,0,0
2005,120979,2,1,0,28,0,0,0,0,0,0,0,0
2005,120980,1,1,13,13,13,13,13,13,13,13,13,13
2005,120981,1,1,0,0,0,0,0,5,16,23,0,0
2005,120981,2,1,0,0,0,0,0,0,0,0,0,0
2005,120982,1,1,0,0,0,0,0,0,0,0,0,0
2005,120982,2,1,0,0,0,0,0,0,0,0,0,0
2005,120983,1,1,0,0,0,0,0,0,0,0,0,0
2005,120984,2,1,13,19,26,31,0,11,18,0,16,30
2005,120985,1,1,0,0,0,0,0,0,0,0,0,0
2005,120985,2,1,0,0,0,0,0,0,0,0,0,0
2005,120986,1,1,17,15,0,0,9,19,0,0,29,7
2005,120986,2,1,0,0,0,0,0,0,0,0,0,0
2005,120987,1,1,0,0,0,0,0,0,0,0,0,0
2005,120987,2,1,0,0,0,5,0,0,0,0,0,0
2005,120987,3,1,17,7,0,28,0,0,0,0,0,9
2005,120989,1,1,20,20,20,20,20,20,20,20,20,20
2005,120989,2,1,0,0,0,0,0,0,1,0,0,0
2005,120990,1,1,0,0,0,0,0,0,0,0,0,0
2005,120991,0,1,0,0,0,0,0,0,0,0,0,0
2005,120991,1,1,0,0,0,0,0,0,0,0,0,0
2005,120992,1,1,0,21,0,0,20,0,0,19,5,0
2005,120992,2,1,0,11,6,0,5,0,0,0,8,0
2005,120992,3,1,0,0,0,0,0,0,0,5,0,0
2005,120993,1,1,23,23,23,23,23,23,23,23,23,23
2005,120994,1,1,0,0,8,14,0,9,17,5,0,0
2005,120994,2,1,17,0,0,3,0,0,16,0,18,0
2005,120995,1,1,0,0,0,0,0,0,23,0,0,0
2005,120995,2,1,0,0,0,0,0,0,0,0,0,0
2005,120996,1,1,14,27,12,14,24,8,14,14,11,14
2005,120997,1,1,27,24,29,7,10,16,11,13,15,12
2005,120998,1,1,20,20,20,20,20,20,20,20,20,20
2005,120999,1,1,26,26,26,26,26,26,26,26,26,26
2005,121000,1,1,28,28,28,28,28,28,28,28,28,28
2005,121001,1,1,0,0,0,0,0,0,0,0,0,0
2005,121002,0,1,2,2,2,2,2,2,2,2,2,2
2005,121002,1,1,3,14,16,9,0,0,0,0,15,0
2005,121003,1,1,0,0,0,0,0,0,0,0,0,20
2005,121003,2,1,0,0,0,0,0,4,0,0,0,0
2005,121004,1,1,0,0,0,0,0,0,0,0,0,0
2005,121004,2,1,0,0,0,0,0,0,0,0,0,0
2005,121005,1,1,0,11,26,11,0,0,15,0,8,21
2005,121006,0,1,0,0,0,0,0,0,0,0,0,0
2005,121006,1,1,0,0,10,0,16,14,17,21,16,19
2005,121007,0,1,16,8,0,0,34,0,0,0,0,0
2005,121007,1,1,0,0,0,0,0,0,0,0,0,0
2005,121008,0,1,11,0,0,0,0,0,0,0,0,0
2005,121008,1,1,23,0,0,0,0,0,0,0,0,0
2005,121009,1,1,0,0,0,0,0,0,0,0,0,0
2005,121009,2,1,0,0,0,0,0,0,0,0,0,0
2005,121010,1,1,0,0,0,0,0,0,0,0,0,12
2005,121010,2,1,0,0,0,0,0,0,0,0,0,0
2005,121011,1,1,0,0,0,0,0,0,0,0,0,0
2005,121011,2,1,0,0,0,0,0,0,0,0,0,0
2005,121012,0,1,0,18,0,0,0,0,0,17,0,11
2005,121012,1,1,0,0,0,0,0,0,0,0,0,0
2005,121013,1,1,0,12,30,0,0,0,0,11,0,0
2005,121014,0,1,23,19,0,0,12,15,0,11,33,32
2005,121014,1,1,8,24,14,13,30,0,14,0,10,0
2005,121015,1,1,0,0,0,0,0,0,0,0,0,0
2005,121015,2,1,0,0,0,0,0,0,0,0,0,0
2005,121016,1,1,0,0,0,0,15,5,0,0,0,0
2005,121016,2,1,0,0,0,0,0,0,0,0,0,0
2005,121017,0,1,0,0,0,0,0,0,0,0,0,0
2005,121017,1,1,0,0,0,0,0,0,0,0,0,0
2005,121018,1,1,11,0,20,15,15,11,13,3,0,21
2005,121018,2,1,0,0,0,0,0,28,0,0,0,0
2005,121019,1,1,0,0,0,0,10,0,0,0,0,0
2005,121019,2,1,0,0,0,0,0,0,0,0,0,0
2005,121020,1,1,0,0,0,0,0,0,0,0,0,0
2005,121020,2,1,0,0,0,0,0,0,0,0,0,0
2005,121021,0,1,19,19,19,19,19,19,19,19,19,19
2005,121021,1,1,0,0,0,0,0,0,0,0,11,0
2005,121022,1,1,0,0,0,21,0,0,22,0,27,4
2005,121023,0,1,0,0,0,0,0,0,0,0,0,0
2005,121023,1,1,0,0,0,0,0,0,0,0,0,19
2005,121024,0,1,15,15,15,15,15,15,15,15,15,15
2005,121024,1,1,18,18,18,18,18,18,18,18,18,18
2005,121025,1,1,18,18,18,18,18,18,18,18,18,18
2005,121025,2,1,0,0,14,0,0,0,0,0,10,8
2005,121026,1,1,0,0,0,15,0,0,0,0,0,0
2005,121026,2,1,0,0,0,0,0,0,0,0,0,0
2005,121026,3,1,6,0,0,0,0,0,0,0,0,0
2005,121027,1,1,0,0,0,0,0,0,0,0,0,0
2005,121028,1,1,0,0,0,0,0,0,0,0,0,0
2005,121029,1,1,0,0,0,0,0,0,0,0,0,0
2005,121030,0,1,27,27,27,27,27,27,27,27,27,27
2005,121030,1,1,25,0,12,0,0,0,10,0,0,0
2005,121031,1,1,0,0,0,0,0,0,0,0,0,0
2005,121032,0,1,44,0,0,0,0,0,0,0,0,8
2005,121032,1,1,19,0,0,8,7,0,26,23,9,0
2005,121033,1,1,0,0,0,0,0,34,0,0,0,0
2005,121033,2,1,0,0,0,0,0,0,0,13,0,0
2005,121033,3,1,0,0,0,0,0,0,0,2,0,0
2005,121033,4,1,0,0,0,0,0,0,0,0,0,0
2005,121033,5,1,0,0,0,0,0,0,0,0,0,0
2005,121033,6,1,0,0,6,0,0,0,0,0,0,0
2005,121034,1,1,24,24,24,24,24,24,24,24,24,24
2005,121035,1,1,0,0,0,17,0,13,0,0,7,13
2005,121036,0,1,6,20,0,0,0,0,0,25,23,33
2005,121036,1,1,0,0,0,18,0,16,17,0,9,0
2005,121037,0,1,39,39,39,39,39,39,39,39,39,39
2005,121037,1,1,0,0,0,0,0,0,0,0,0,0
2005,121038,1,1,0,0,0,0,0,0,0,0,0,0
2005,121038,2,1,0,17,0,0,0,5,0,12,0,0
2005,121039,1,1,22,22,22,22,22,22,22,22,22,22
2005,121040,1,1,0,0,0,0,0,0,0,0,0,0
2005,121040,2,1,0,0,0,0,0,0,0,0,0,0
2005,121041,1,1,0,0,0,0,0,0,0,0,0,0
2005,121041,2,1,0,0,0,0,0,0,0,0,0,0
2005,121042,1,1,22,22,22,22,22,22,22,22,22,22
2005,121042,2,1,0,17,0,29,12,0,0,0,18,0
2005,121042,3,1,0,0,0,7,0,0,13,0,0,0
2005,121043,1,1,0,0,0,0,0,0,0,0,0,0
2005,121043,2,1,0,0,0,0,0,0,0,0,0,0
2005,121044,1,1,12,12,12,12,12,12,12,12,12,12
2005,121045,1,1,3,3,3,3,3,3,3,3,3,3
2005,121046,0,1,0,0,0,0,0,0,0,0,0,0
2005,121046,1,1,0,0,0,0,0,0,0,26,0,0
2005,121047,0,1,0,0,0,0,0,0,0,0,0,0
2005,121047,0,2,17,4,33,0,20,13,0,0,25,0
2005,121047,1,1,0,28,0,3,0,0,0,10,7,0
2005,121048,1,1,0,0,0,0,0,0,0,0,0,0
2005,121049,1,1,26,26,26,26,26,26,26,26,26,26
2005,121049,2,1,0,0,0,0,0,0,0,0,0,0
2005,121050,1,1,19,19,19,19,19,19,19,19,19,19
2005,121051,1,1,0,0,0,0,0,0,0,0,0,0
2005,121051,2,1,0,0,12,0,0,0,0,0,0,0
2005,121052,1,1,0,0,0,0,0,0,0,0,0,0
2005,121052,2,1,0,0,0,0,0,0,0,0,0,0
2005,121053,1,1,0,0,0,0,0,0,0,0,0,0
2005,121053,2,1,0,0,0,0,0,0,0,0,0,0
2005,121054,1,1,13,13,13,13,13,13,13,13,13,13
2005,121055,1,1,0,0,0,0,20,0,0,0,0,0
2005,121055,2,1,0,0,0,0,0,13,17,0,0,0
2005,121056,0,1,13,0,0,7,15,0,12,13,0,20
2005,121056,1,1,1,1,1,1,1,1,1,1,1,1
2005,121057,1,1,0,0,0,0,0,0,0,0,0,0
2005,121057,2,1,0,0,0,0,0,0,0,0,0,0
2005,121058,1,1,24,24,24,24,24,24,24,24,24,24
2005,121059,1,1,11,0,0,0,0,0,0,0,0,10
2005,121060,1,1,13,13,13,13,13,13,13,13,13,13
2005,121061,1,1,0,0,0,0,0,0,0,0,0,0
2005,121061,2,1,3,0,0,10,0,0,0,9,0,0