YEAR,ST_CASE,veh_no,per_no,P1,P2,P3,P4,P5,P6,P7,P8,P9,P10
2005,121062,1,1,21,21,21,21,21,21,21,21,21,21
2005,121063,0,1,0,0,0,0,0,0,0,0,0,27
2005,121063,1,1,13,25,0,0,0,0,0,0,9,0
2005,121064,1,1,0,0,0,0,0,0,0,22,0,0
2005,121064,2,1,0,13,0,0,0,8,0,0,0,0
2005,121065,0,1,12,0,0,31,24,0,0,0,0,0
2005,121065,1,1,15,15,15,15,15,15,15,15,15,15
2005,121066,1,1,14,6,0,20,12,21,0,7,0,14
2005,121067,1,1,0,0,0,0,0,0,6,0,0,0
2005,121067,2,1,16,16,16,16,16,16,16,16,16,16
2005,121068,1,1,3,3,3,3,3,3,3,3,3,3
2005,121069,1,1,0,0,0,0,0,0,0,0,0,0
2005,121069,2,1,0,0,2,0,0,0,0,4,0,0
2005,121070,1,1,0,0,0,0,0,0,0,0,0,0
2005,121070,2,1,0,0,0,0,0,0,0,0,0,0
2005,121070,3,1,0,0,0,0,0,0,0,0,0,0
2005,121070,4,1,0,0,0,0,0,0,0,0,0,0
2005,121070,5,1,0,0,0,0,0,0,0,0,0,0
2005,121071,1,1,0,0,0,0,0,0,0,0,0,0
2005,121071,2,1,0,0,26,7,7,0,22,0,0,0
2005,121071,3,1,0,0,0,0,17,7,6,0,22,0
2005,121071,4,1,0,0,0,0,0,11,0,0,0,0
2005,121071,5,1,6,0,0,0,0,0,0,0,0,0
2005,121072,1,1,0,0,0,0,0,0,0,0,0,0
2005,121073,1,1,28,28,28,28,28,28,28,28,28,28
2005,121073,2,1,0,0,0,0,0,0,0,0,0,0
2005,121074,1,1,0,0,0,0,0,0,0,0,0,0
2005,121074,2,1,0,0,0,0,0,0,0,0,0,0
2005,121075,1,1,0,0,0,0,0,0,0,0,0,0
2005,121075,2,1,0,0,0,0,0,0,0,0,0,0
2005,121076,0,1,0,0,0,0,0,0,0,0,0,0
2005,121076,1,1,0,0,0,0,0,0,0,0,0,0
2005,121077,1,1,0,0,0,0,0,0,0,0,0,0
2005,121078,1,1,14,14,14,14,14,14,14,14,14,14
2005,121078,2,1,17,0,0,9,0,0,8,0,0,0
2005,121079,1,1,0,0,0,0,0,0,0,0,0,0
2005,121080,1,1,22,23,5,3,0,21,9,18,0,34
2005,121081,1,1,12,12,12,12,12,12,12,12,12,12
2005,121082,1,1,0,17,0,0,0,11,0,0,0,0
2005,121082,2,1,6,6,6,6,6,6,6,6,6,6
2005,121083,0,1,17,12,16,4,5,0,0,2,0,0
2005,121083,1,1,0,0,0,0,0,0,0,0,0,0
2005,121084,1,1,0,0,0,0,0,0,0,0,0,0
2005,121084,2,1,0,0,0,0,0,0,15,0,0,0
2005,121085,1,1,0,0,0,0,0,0,0,0,0,0
2005,121085,2,1,0,0,0,0,0,0,0,0,0,0
2005,121086,1,1,0,0,0,0,0,0,16,0,6,0
2005,121087,1,1,26,26,26,26,26,26,26,26,26,26
2005,121088,1,1,10,0,0,0,0,0,0,0,0,0
2005,121088,2,1,0,0,0,0,0,0,0,0,0,0
2005,121088,3,1,0,0,0,0,0,0,0,0,0,0
2005,121089,1,1,45,0,0,0,2,0,0,0,1,0
2005,121090,1,1,0,0,0,0,0,0,0,0,0,0
2005,121090,2,1,0,0,0,0,0,0,0,0,0,0
2005,121091,1,1,0,15,0,0,13,19,22,0,0,0
2005,121092,1,1,0,0,0,0,0,0,0,0,0,0
2005,121092,2,1,0,0,0,0,9,0,0,0,0,0
2005,121093,1,1,0,0,0,0,0,0,0,0,0,0
2005,121093,2,1,0,0,0,0,0,0,9,0,17,0
2005,121094,1,1,0,0,0,0,0,0,0,0,0,0
2005,121094,2,1,0,0,0,0,0,0,0,0,0,0
2005,121095,1,1,17,17,17,17,17,17,17,17,17,17
2005,121095,2,1,0,0,0,20,0,0,28,0,0,0
2005,121095,3,1,0,0,0,0,0,0,0,0,0,0
2005,121096,1,1,0,0,0,0,0,0,0,0,0,0
2005,121096,2,1,3,3,3,3,3,3,3,3,3,3
2005,121097,1,1,0,0,34,0,0,0,0,0,0,0
2005,121097,2,1,0,0,0,0,0,0,0,0,0,0
2005,121098,1,1,5,5,5,5,5,5,5,5,5,5
2005,121098,2,1,0,0,0,0,0,0,0,0,0,0
2005,121099,1,1,0,0,0,0,0,0,0,0,0,0
2005,121099,2,1,0,13,0,0,0,0,0,0,0,0
2005,121100,1,1,29,29,29,29,29,29,29,29,29,29
2005,121100,2,1,0,6,0,5,0,0,0,12,0,0
2005,121101,1,1,14,14,14,14,14,14,14,14,14,14
2005,121102,0,1,29,29,29,29,29,29,29,29,29,29
2005,121102,1,1,0,0,0,0,0,0,0,0,0,0
2005,121103,1,1,0,0,0,0,0,0,0,0,0,9
2005,121104,0,1,0,0,0,0,0,0,0,0,0,0
2005,121104,1,1,0,0,0,0,0,0,0,0,0,0
2005,121105,0,1,19,19,19,19,19,19,19,19,19,19
2005,121105,1,1,0,0,0,0,0,0,0,0,32,0
2005,121106,1,1,0,0,0,0,0,0,0,0,0,0
2005,121106,2,1,0,0,0,0,0,0,0,0,0,0
2005,121106,3,1,0,0,0,0,0,0,19,24,0,0
2005,121106,4,1,0,0,7,0,0,0,18,0,0,0
2005,121107,0,1,27,27,27,27,27,27,27,27,27,27
2005,121107,1,1,15,0,7,0,0,17,0,10,36,0
2005,121108,1,1,0,0,0,0,0,0,0,0,0,0
2005,121108,2,1,0,0,0,0,0,0,0,0,0,0
2005,121109,1,1,0,0,0,0,0,0,0,0,0,0
2005,121109,2,1,7,0,0,0,0,0,0,0,0,0
2005,121110,1,1,13,13,13,13,13,13,13,13,13,13
2005,121110,2,1,0,0,0,0,0,0,0,0,0,0
2005,121111,0,1,0,12,0,0,0,0,0,0,0,24
2005,121111,1,1,0,0,0,0,0,0,0,0,0,0
2005,121112,1,1,17,17,17,17,17,17,17,17,17,17
2005,121112,2,1,0,14,0,0,0,0,0,0,0,0
2005,121113,1,1,0,0,0,0,0,0,0,0,0,0
2005,121113,2,1,0,0,0,0,0,0,0,0,0,21
2005,121114,0,1,0,0,0,0,0,0,0,0,0,0
2005,121114,1,1,0,0,0,0,0,0,0,0,0,10
2005,121115,1,1,0,0,0,0,0,0,0,0,0,0
2005,121115,2,1,0,0,0,0,0,0,0,0,0,0
2005,121116,1,1,31,31,31,31,31,31,31,31,31,31
2005,121116,2,1,2,2,2,2,2,2,2,2,2,2
2005,121117,1,1,13,13,13,13,13,13,13,13,13,13
2005,121117,2,1,12,0,0,0,0,23,0,0,0,6
2005,121118,1,1,0,13,0,11,0,0,0,6,0,0
2005,121118,2,1,0,22,16,24,24,21,29,7,27,29
2005,121120,1,1,0,0,0,0,0,0,0,0,0,0
2005,121120,2,1,0,0,0,0,0,0,0,0,0,0
2005,121121,1,1,12,14,3,19,0,0,19,0,0,13
2005,121122,1,1,9,32,24,11,9,27,15,38,0,0
2005,121123,1,1,0,0,0,0,0,0,0,0,0,0
2005,121123,2,1,0,0,0,0,0,0,0,0,0,0
2005,121123,3,1,0,0,0,0,0,0,0,15,0,0
2005,121124,1,1,0,0,0,0,0,0,9,0,0,0
2005,121124,2,1,0,22,0,4,0,0,16,0,21,0
2005,121125,1,1,0,0,19,0,0,0,0,0,0,0
2005,121125,2,1,0,0,0,0,0,0,0,2,0,0
2005,121126,1,1,0,0,0,0,0,0,0,0,0,0
2005,121126,2,1,0,0,0,0,0,0,0,0,0,0
2005,121126,3,1,0,0,0,0,0,0,5,5,0,0
2005,121126,4,1,0,0,0,0,0,0,0,0,0,0
2005,121126,5,1,0,0,0,0,0,5,11,0,0,0
2005,121127,1,1,0,0,0,9,0,0,0,0,0,0
2005,121128,1,1,0,0,0,0,12,9,0,0,0,0
2005,121129,1,1,0,0,0,0,0,0,0,0,0,0
2005,121130,1,1,0,0,0,0,0,0,0,0,0,0
2005,121130,2,1,0,0,0,0,0,0,0,0,0,0
2005,121131,1,1,0,0,0,0,0,0,0,0,0,0
2005,121131,2,1,0,7,0,0,0,0,0,0,0,0
2005,121131,3,1,0,17,20,0,17,16,18,0,3,0
2005,121131,4,1,0,0,0,0,0,0,0,0,0,19
2005,121132,1,1,0,0,0,0,0,0,0,0,0,0
2005,121133,0,1,0,0,0,42,0,0,2,0,24,0
2005,121133,0,2,1,1,1,1,1,1,1,1,1,1
2005,121133,1,1,0,0,0,0,0,0,0,0,0,0
2005,121134,1,1,0,0,0,0,0,0,0,0,0,0
2005,121134,2,1,0,0,0,0,0,0,0,0,0,0
2005,121135,1,1,0,0,0,0,0,0,0,0,0,0
2005,121135,2,1,0,0,0,0,0,0,0,0,0,0
2005,121136,1,1,19,21,25,28,8,0,5,0,0,9
2005,121137,0,1,1,1,1,1,1,1,1,1,1,1
2005,121137,1,1,0,5,13,22,0,12,23,0,0,0
2005,121138,0,1,35,35,35,35,35,35,35,35,35,35
2005,121138,1,1,0,0,0,0,0,12,0,0,0,10
2005,121139,0,1,13,13,13,13,13,13,13,13,13,13
2005,121139,1,1,0,0,17,8,22,30,20,0,0,8
2005,121140,0,1,30,30,30,30,30,30,30,30,30,30
2005,121140,1,1,0,0,0,0,0,0,0,0,0,0
2005,121141,1,1,18,18,18,18,18,18,18,18,18,18
2005,121142,0,1,5,5,5,5,5,5,5,5,5,5
2005,121142,1,1,0,0,0,0,0,0,0,0,0,0
2005,121143,0,1,0,8,24,30,25,0,0,40,17,22
2005,121143,1,1,27,27,27,27,27,27,27,27,27,27
2005,121144,0,1,0,0,0,0,0,0,0,0,0,0
2005,121144,1,1,0,0,0,0,0,0,0,0,0,0
2005,121146,1,1,13,23,0,0,0,0,5,21,0,0
2005,121149,1,1,14,14,14,14,14,14,14,14,14,14
2005,121150,1,1,40,40,40,40,40,40,40,40,40,40
2005,121151,0,1,0,0,0,0,0,0,0,0,0,0
2005,121151,1,1,0,0,0,0,0,0,0,0,0,0
2005,121152,0,1,16,16,16,16,16,16,16,16,16,16
2005,121152,1,1,0,27,0,0,0,16,0,0,0,15
2005,121153,0,1,0,20,0,0,0,16,36,0,0,23
2005,121153,1,1,0,0,0,0,0,0,0,0,0,0
2005,121154,1,1,26,26,26,26,26,26,26,26,26,26
2005,121154,2,1,0,0,0,0,0,0,0,0,0,0
2005,121155,0,1,29,29,29,29,29,29,29,29,29,29
2005,121155,1,1,0,0,0,0,20,0,0,0,0,0
2005,121156,1,1,19,19,19,19,19,19,19,19,19,19
2005,121157,1,1,0,0,0,0,0,0,0,0,0,0
2005,121158,0,1,26,26,26,26,26,26,26,26,26,26
2005,121158,1,1,0,0,0,0,0,19,0,0,0,0
2005,121159,1,1,11,11,11,11,11,11,11,11,11,11
2005,121160,0,1,13,13,13,13,13,13,13,13,13,13
2005,121160,1,1,0,0,0,8,0,0,0,0,0,19
2005,121161,1,1,0,0,0,0,0,0,0,0,0,0
2005,121162,1,1,24,24,24,24,24,24,24,24,24,24
2005,121162,2,1,0,0,0,0,0,0,0,0,0,0
2005,121163,1,1,0,0,0,0,0,0,0,0,0,0
2005,121163,2,1,0,0,0,0,0,0,0,0,0,10
2005,121164,1,1,0,0,0,0,0,0,0,0,0,0
2005,121164,2,1,0,0,0,0,0,0,0,0,0,0
2005,121165,1,1,0,0,0,0,25,0,0,0,0,0
2005,121165,2,1,0,0,0,0,0,0,0,0,0,0
2005,121166,1,1,0,0,0,0,0,0,0,0,0,0
2005,121166,2,1,0,11,8,0,0,0,0,0,0,13
2005,121167,1,1,38,38,38,38,38,38,38,38,38,38
2005,121168,1,1,17,2,0,8,0,0,0,0,0,0
2005,121168,2,1,0,0,0,0,0,0,11,0,0,0
2005,121169,1,1,0,0,0,0,0,0,0,0,0,0
2005,121169,2,1,0,0,0,0,0,0,0,0,0,0
2005,121170,1,1,6,6,6,6,6,6,6,6,6,6
2005,121171,1,1,0,0,16,0,17,0,0,13,0,0
2005,121171,2,1,0,0,0,0,0,0,0,0,0,0
2005,121172,1,1,0,0,0,0,0,0,0,0,0,0
2005,121172,2,1,0,0,0,0,0,0,0,0,0,0
2005,121173,1,1,0,0,0,0,0,0,0,0,0,0
2005,121174,1,1,0,0,0,0,0,0,0,0,0,0
2005,121174,2,1,0,10,0,0,0,0,0,0,0,0
2005,121175,1,1,0,0,0,0,0,0,0,0,0,0
2005,121176,1,1,14,14,14,14,14,14,14,14,14,14
2005,121177,1,1,0,15,0,0,0,0,0,0,0,0
2005,121177,2,1,0,0,0,0,0,0,0,0,0,0
2005,121178,1,1,0,0,0,0,0,0,0,0,0,0
2005,121179,0,1,23,23,23,23,23,23,23,23,23,23
2005,121179,1,1,0,0,0,0,0,0,0,11,8,0
2005,121180,1,1,5,5,5,5,5,5,5,5,5,5
2005,121180,2,1,14,0,0,0,8,13,0,19,0,5
2005,121181,1,1,11,11,11,11,11,11,11,11,11,11
2005,121182,1,1,18,18,18,18,18,18,18,18,18,18
2005,121182,2,1,0,0,0,0,0,0,0,0,0,0
2005,121183,1,1,25,25,25,25,25,25,25,25,25,25
2005,121183,2,1,0,0,0,0,0,0,0,0,0,6
2005,121184,0,1,0,0,0,0,0,0,0,0,0,0
2005,121184,1,1,0,0,11,18,0,0,0,12,6,6
2005,121185,1,1,27,27,27,27,27,27,27,27,27,27
2005,121186,1,1,0,0,0,0,0,0,0,0,0,0
2005,121186,2,1,0,13,0,0,0,0,0,0,0,0
2005,121187,1,1,0,0,0,0,0,0,0,0,0,0
2005,121188,1,1,15,15,15,15,15,15,15,15,15,15
2005,121189,1,1,0,0,0,0,0,0,0,0,0,0
2005,121189,2,1,0,0,0,2,0,0,0,0,0,0
2005,121190,1,1,0,0,0,0,8,0,0,0,8,0
2005,121191,1,1,0,0,0,0,0,0,0,0,0,0
2005,121191,2,1,0,0,0,0,0,0,0,0,0,0
2005,121192,1,1,26,0,27,23,0,0,20,20,16,16
2005,121193,1,1,22,22,22,22,22,22,22,22,22,22
2005,121194,1,1,3,3,3,3,3,3,3,3,3,3
2005,121195,1,1,0,0,0,0,0,0,0,0,0,12
2005,121196,1,1,11,0,0,0,0,12,0,0,0,0
2005,121197,1,1,0,0,0,0,0,20,19,0,0,28
2005,121198,1,1,26,26,26,26,26,26,26,26,26,26
2005,121199,1,1,21,21,21,21,21,21,21,21,21,21
2005,121200,1,1,12,12,12,12,12,12,12,12,12,12
2005,121201,1,1,24,0,0,18,0,20,0,0,0,0
2005,121202,1,1,16,16,16,16,16,16,16,16,16,16
2005,121203,1,1,0,0,0,0,0,0,0,0,0,0
2005,121204,1,1,0,0,0,0,0,0,0,0,0,0
2005,121204,2,1,0,0,0,0,0,0,0,0,0,0
2005,121205,1,1,5,5,5,5,5,5,5,5,5,5
2005,121205,2,1,0,24,14,0,0,4,3,12,18,8
2005,121206,1,1,16,16,16,16,16,16,16,16,16,16
2005,121207,1,1,0,0,21,10,23,0,0,14,22,0
2005,121208,1,1,0,0,0,0,0,0,0,0,21,0
2005,121208,2,1,8,0,0,0,0,0,0,0,0,0
2005,121208,3,1,0,0,0,0,0,0,0,0,0,0
2005,121209,1,1,0,0,0,7,0,0,0,0,0,0
2005,121210,1,1,26,11,0,0,17,16,9,11,11,0
2005,121211,1,1,0,0,0,0,0,0,0,0,0,16
2005,121212,1,1,0,0,0,0,0,0,0,0,0,0
2005,121212,2,1,0,0,0,0,0,0,0,0,0,0
2005,121213,1,1,0,0,0,0,0,0,0,0,0,0
2005,121213,2,1,0,0,0,0,0,0,0,0,0,0
2005,121213,3,1,0,0,0,18,12,0,0,0,0,0
2005,121214,1,1,0,0,0,0,0,0,0,0,0,0
2005,121214,2,1,7,7,7,7,7,7,7,7,7,7
2005,121215,1,1,38,38,38,38,38,38,38,38,38,38
2005,121216,1,1,9,17,20,28,14,32,10,14,9,14
2005,121217,1,1,26,25,10,9,0,15,11,14,55,38
2005,121218,1,1,6,6,6,6,6,6,6,6,6,6
2005,121218,2,1,0,0,0,0,0,0,0,0,8,0
2005,121219,1,1,0,11,15,0,0,7,0,18,11,4
2005,121219,2,1,0,25,8,0,9,11,9,0,14,10
2005,121220,1,1,0,0,0,0,0,0,0,0,0,0
2005,121221,1,1,0,0,0,0,0,0,0,0,0,0
2005,121221,2,1,0,0,0,0,0,0,0,0,0,0
2005,121221,3,1,0,0,8,16,11,0,7,9,0,24
2005,121222,1,1,3,3,3,3,3,3,3,3,3,3
2005,121223,0,1,13,13,13,13,13,13,13,13,13,13
2005,121223,1,1,0,12,0,16,0,12,0,6,0,0
2005,121224,1,1,0,0,14,16,0,0,15,24,28,0
2005,121224,2,1,0,0,0,0,0,0,0,0,0,0
2005,121225,1,1,0,0,0,0,0,0,0,0,0,0
2005,121225,2,1,29,0,0,0,0,0,0,0,0,0
2005,121226,1,1,0,0,6,0,0,0,0,0,0,0
2005,121226,2,1,0,0,0,0,0,0,6,0,0,0
2005,121226,3,1,0,0,0,0,0,0,0,0,0,0
2005,121227,1,1,29,29,29,29,29,29,29,29,29,29
2005,121228,1,1,0,14,0,17,0,0,0,9,10,0
2005,121228,2,1,0,0,0,0,0,0,0,0,0,0
2005,121229,0,1,10,10,10,10,10,10,10,10,10,10
2005,121229,2,1,0,14,0,0,0,0,0,11,10,0
2005,121230,1,1,0,0,0,0,0,0,0,0,0,0
2005,121230,2,1,0,0,0,0,0,0,6,0,0,0
2005,121230,3,1,0,10,0,0,0,0,0,0,0,0
2005,121230,4,1,0,0,0,0,0,0,0,0,0,0
2005,121231,1,1,9,9,9,9,9,9,9,9,9,9
2005,121231,2,1,0,0,0,0,0,0,0,0,0,0
2005,121232,1,1,11,11,11,11,11,11,11,11,11,11
2005,121233,1,1,4,4,4,4,4,4,4,4,4,4
2005,121234,1,1,0,0,0,0,0,0,0,0,0,0
2005,121234,2,1,0,0,0,0,0,0,0,0,0,0
2005,121235,1,1,17,17,17,17,17,17,17,17,17,17
2005,121235,2,1,15,5,12,12,19,6,0,0,0,7
2005,121236,1,1,0,13,0,0,0,0,0,10,0,0
2005,121237,1,1,0,0,0,0,0,0,0,0,0,0
2005,121237,2,1,0,0,0,0,3,0,0,0,0,0
2005,121238,1,1,0,0,0,0,0,0,0,0,0,0
2005,121238,2,1,0,0,0,0,0,0,0,0,17,7
2005,121239,1,1,0,0,0,0,0,0,0,23,0,0
2005,121239,2,1,0,0,0,0,4,0,0,0,0,0
2005,121240,1,1,0,0,0,0,0,0,0,0,0,0
2005,121240,2,1,0,0,6,0,0,0,0,0,0,0
2005,121241,1,1,0,14,0,0,0,0,20,0,0,0
2005,121241,2,1,0,0,7,0,0,0,0,0,0,0
2005,121242,1,1,10,10,10,10,10,10,10,10,10,10
2005,121243,1,1,0,0,0,0,0,0,0,0,0,0
2005,121243,2,1,0,0,0,0,0,0,0,0,0,0
2005,121244,1,1,0,0,0,0,0,0,0,0,0,0
2005,121244,2,1,0,0,0,0,0,0,0,0,0,0
2005,121245,1,1,0,0,0,0,0,0,0,0,0,0
2005,121246,1,1,0,0,0,0,0,0,0,0,0,0
2005,121246,2,1,0,0,0,0,0,0,0,0,0,0
2005,121247,1,1,0,0,0,0,0,0,0,0,0,0
2005,121247,2,1,0,0,0,0,0,0,0,0,0,0
2005,121247,3,1,17,0,0,0,0,0,0,12,0,0
2005,121248,1,1,14,14,14,14,14,14,14,14,14,14
2005,121249,1,1,22,22,22,22,22,22,22,22,22,22
2005,121249,2,1,16,0,0,0,13,0,18,0,0,0
2005,121250,0,1,23,0,15,39,0,8,27,0,34,18
2005,121250,1,1,0,0,0,0,0,0,0,0,0,0
2005,121251,0,1,36,0,15,23,0,4,16,35,0,22
2005,121251,1,1,0,9,0,0,15,0,0,0,12,0
2005,121251,2,1,16,0,0,0,0,35,27,0,0,15
2005,121251,3,1,32,0,0,0,13,0,0,0,7,0
2005,121251,4,1,3,0,0,21,0,0,0,9,0,17
2005,121252,1,1,19,19,19,19,19,19,19,19,19,19
2005,121252,2,1,0,0,0,0,0,0,0,0,0,0
2005,121253,1,1,0,0,0,0,0,0,0,0,0,0
2005,121253,2,1,0,0,0,0,0,0,0,0,0,0
2005,121254,0,1,22,13,0,18,43,51,23,0,0,23
2005,121254,1,1,7,0,0,8,0,0,2,0,0,25
2005,121255,1,1,14,14,14,14,14,14,14,14,14,14
2005,121255,2,1,21,0,0,0,20,0,29,31,0,0
2005,121256,1,1,0,0,0,0,0,0,0,0,8,0
2005,121256,2,1,0,0,0,0,0,0,0,0,0,0
2005,121257,1,1,0,0,0,0,0,0,0,0,0,0
2005,121258,1,1,0,0,0,0,0,0,20,0,0,0
2005,121258,2,1,0,0,0,0,11,0,0,0,0,0
2005,121259,0,1,0,0,0,0,0,0,0,0,0,0
2005,121259,1,1,0,0,0,0,0,0,0,0,0,0
2005,121260,1,1,26,24,18,4,7,20,9,15,35,11
2005,121260,2,1,0,0,0,0,0,0,0,0,0,0
2005,121261,0,1,0,0,9,0,0,0,0,19,0,0
2005,121261,1,1,0,0,0,0,0,0,0,0,0,0
2005,121262,1,1,0,0,0,0,0,0,0,0,0,0
2005,121262,2,1,2,0,0,0,0,0,0,0,0,0
2005,121263,1,1,0,0,0,0,0,0,0,0,0,0
2005,121263,2,1,15,15,15,15,15,15,15,15,15,15
2005,121264,1,1,0,0,0,0,0,0,0,0,0,0
2005,121264,2,1,0,0,15,0,17,0,0,0,0,0
2005,121265,1,1,0,0,0,0,0,0,0,0,0,0
2005,121266,1,1,16,16,16,16,16,16,16,16,16,16
2005,121267,1,1,7,7,7,7,7,7,7,7,7,7
2005,121268,1,1,7,0,11,21,0,0,0,12,11,0
2005,121269,1,1,0,0,0,0,0,0,0,0,0,0
2005,121269,2,1,0,0,0,0,0,0,0,0,7,0
2005,121269,3,1,0,0,0,0,17,0,0,0,5,0
2005,121270,1,1,0,0,0,0,0,0,0,0,0,0
2005,121271,1,1,0,0,0,0,0,0,0,0,0,0
2005,121271,2,1,13,0,0,0,0,0,0,0,0,0
2005,121272,1,1,0,0,0,0,0,0,0,0,0,0
2005,121272,2,1,25,0,0,0,9,0,0,0,20,6
2005,121272,3,1,0,0,0,0,0,0,0,0,0,0
2005,121273,1,1,23,23,23,23,23,23,23,23,23,23
2005,121274,1,1,0,0,0,0,0,0,0,0,0,0
2005,121275,1,1,26,26,26,26,26,26,26,26,26,26
2005,121276,1,1,21,21,21,21,21,21,21,21,21,21
2005,121276,2,1,0,0,0,0,0,0,0,0,0,0
2005,121276,3,1,0,0,0,0,0,14,0,0,0,14
2005,121277,1,1,0,0,0,0,0,0,0,0,0,0
2005,121277,2,1,0,0,0,0,0,0,0,0,0,0
2005,121279,1,1,0,0,0,0,0,6,0,0,0,0
2005,121279,2,1,0,0,3,0,0,0,0,0,0,0
2005,121280,1,1,0,0,0,0,0,0,0,0,0,0
2005,121280,2,1,0,0,0,0,0,0,0,0,0,0
2005,121281,1,1,0,0,0,0,0,0,0,0,0,0
2005,121281,2,1,0,0,0,0,0,12,0,0,0,0
2005,121282,0,1,23,23,23,23,23,23,23,23,23,23
2005,121282,1,1,0,15,11,0,0,11,0,0,3,0
2005,121283,1,1,5,5,5,5,5,5,5,5,5,5
2005,121284,1,1,0,0,0,0,0,17,0,0,0,0
2005,121285,0,1,0,0,0,0,0,0,0,0,0,0
2005,121285,1,1,0,0,0,0,0,0,0,0,0,0
2005,121286,1,1,7,0,0,18,0,9,17,22,0,0
2005,121286,2,1,0,0,0,0,0,0,0,0,0,0
2005,121287,1,1,0,0,0,0,0,0,0,0,0,0
2005,121287,2,1,0,0,9,0,13,0,5,0,0,0
2005,121288,1,1,0,14,0,0,24,0,0,6,0,0
2005,121288,2,1,0,0,0,0,0,0,0,0,0,0
2005,121289,1,1,7,7,7,7,7,7,7,7,7,7
2005,121289,2,1,0,0,0,0,0,0,0,0,0,0
2005,121290,1,1,0,0,0,0,0,0,0,0,0,0
2005,121290,2,1,0,0,0,0,0,0,8,0,0,0
2005,121291,1,1,0,0,0,0,0,0,0,0,0,0
2005,121291,2,1,0,0,0,0,14,0,0,0,0,0
2005,121292,1,1,0,3,0,0,0,9,0,0,10,0
2005,121292,2,1,6,10,0,0,0,14,13,9,0,8
2005,121293,1,1,12,12,12,12,12,12,12,12,12,12
2005,121294,1,1,10,0,11,0,0,8,9,0,13,22
2005,121294,2,1,0,0,7,0,0,0,0,0,0,0
2005,121294,3,1,0,0,0,0,0,10,0,0,0,2
2005,121295,0,1,10,10,10,10,10,10,10,10,10,10
2005,121295,1,1,7,0,0,35,0,19,9,0,0,10
2005,121295,2,1,14,6,0,0,0,8,0,0,11,12
2005,121295,3,1,19,0,0,18,0,9,26,8,0,0
2005,121295,4,1,0,0,0,12,0,0,8,9,14,28
2005,121296,1,1,0,0,0,0,0,0,0,0,0,0
2005,121296,2,1,0,0,0,0,0,0,0,0,0,0
2005,121296,3,1,0,0,0,0,0,0,0,0,0,0
2005,121296,4,1,0,0,0,0,0,0,0,8,0,0
2005,121297,1,1,0,0,0,0,0,0,0,0,0,0
2005,121297,2,1,0,0,0,0,0,0,0,0,0,0
2005,121298,1,1,0,0,0,0,0,0,0,0,0,0
2005,121298,2,1,10,0,0,0,0,0,0,0,0,0
2005,121298,3,1,0,0,0,0,0,0,0,0,0,0
2005,121299,1,1,0,0,0,0,0,0,0,0,0,0
2005,121299,2,1,0,0,0,0,0,0,0,0,0,0
2005,121300,1,1,0,0,0,0,0,0,0,0,0,0
2005,121301,1,1,0,0,0,0,19,0,0,8,0,0
2005,121301,2,1,0,0,13,0,0,0,21,0,0,0
2005,121302,1,1,19,19,19,19,19,19,19,19,19,19
2005,121303,1,1,9,9,9,9,9,9,9,9,9,9
2005,121303,2,1,0,0,0,0,0,0,0,0,0,0
2005,121304,1,1,6,6,6,6,6,6,6,6,6,6
2005,121305,1,1,0,0,0,0,0,0,0,0,0,0
2005,121306,1,1,11,11,11,11,11,11,11,11,11,11
2005,121306,2,1,0,0,0,0,0,0,0,0,0,0
2005,121306,3,1,0,0,0,0,0,0,0,0,0,0
2005,121307,1,1,8,0,0,14,0,0,0,0,0,0
2005,121307,2,1,0,0,10,0,0,14,8,0,8,0
2005,121308,1,1,3,0,0,0,0,0,9,0,0,0
2005,121308,2,1,0,0,0,0,0,0,0,0,0,0
2005,121308,3,1,6,12,0,0,22,17,17,0,0,0
2005,121308,4,1,3,0,0,0,22,18,16,0,10,12
2005,121309,1,1,11,0,0,0,0,0,0,0,0,0
2005,121309,2,1,0,0,0,0,0,0,0,0,0,0
2005,121310,1,1,0,0,0,0,0,0,0,0,0,0
2005,121311,1,1,18,18,18,18,18,18,18,18,18,18
2005,121312,1,1,0,0,0,0,0,0,0,12,0,0
2005,121312,2,1,0,0,0,0,0,0,0,0,0,0
2005,121313,1,1,0,0,0,0,0,0,0,0,0,0
2005,121313,2,1,0,0,0,0,0,0,0,0,0,0
2005,121314,1,1,0,0,0,0,0,0,0,0,0,0
2005,121314,2,1,0,0,0,0,0,0,0,0,0,0
2005,121315,0,1,27,27,27,27,27,27,27,27,27,27
2005,121315,1,1,0,0,0,0,0,0,0,0,0,0
2005,121316,2,1,0,0,0,0,0,0,0,7,0,0
2005,121317,1,1,0,0,0,0,0,0,0,0,9,0
2005,121317,2,1,0,0,0,0,0,4,0,0,0,0
2005,121318,0,1,21,21,21,21,21,21,21,21,21,21
2005,121318,1,1,0,0,0,20,0,12,11,15,19,0
2005,121319,1,1,8,8,8,8,8,8,8,8,8,8
2005,121320,0,1,0,0,0,0,0,0,0,0,0,0
2005,121320,0,2,0,0,0,3,0,0,0,25,0,3