YEAR,ST_CASE,veh_no,per_no,P1,P2,P3,P4,P5,P6,P7,P8,P9,P10
2005,121569,2,1,0,0,0,0,0,0,0,0,0,0
2005,121570,1,1,0,33,0,0,0,0,0,0,0,16
2005,121570,2,1,12,12,12,12,12,12,12,12,12,12
2005,121571,1,1,0,0,0,0,0,0,0,0,0,0
2005,121571,2,1,0,0,0,0,0,0,0,0,0,0
2005,121572,1,1,0,0,0,0,0,18,0,0,0,0
2005,121572,2,1,0,0,0,0,0,0,0,0,0,0
2005,121573,1,1,0,0,0,0,0,0,0,0,0,0
2005,121573,2,1,0,0,0,0,0,0,0,0,0,9
2005,121574,1,1,15,15,15,15,15,15,15,15,15,15
2005,121574,2,1,0,0,0,0,0,0,0,0,0,0
2005,121575,1,1,17,0,0,0,0,0,31,0,0,16
2005,121576,1,1,21,0,23,0,0,0,0,0,0,0
2005,121576,2,1,0,0,0,0,0,0,0,0,0,0
2005,121577,1,1,0,0,0,0,0,0,0,0,0,0
2005,121578,0,1,22,22,22,22,22,22,22,22,22,22
2005,121578,1,1,20,0,20,27,0,22,0,14,8,4
2005,121579,1,1,0,0,22,32,12,20,19,29,0,23
2005,121580,1,1,0,0,0,0,0,0,0,0,8,0
2005,121580,2,1,0,0,0,0,0,0,0,0,21,0
2005,121581,1,1,23,23,23,23,23,23,23,23,23,23
2005,121582,0,1,4,4,4,4,4,4,4,4,4,4
2005,121582,1,1,0,0,0,0,0,22,0,0,0,0
2005,121583,1,1,10,10,10,10,10,10,10,10,10,10
2005,121583,2,1,0,0,0,0,0,0,0,0,0,0
2005,121584,1,1,0,0,0,0,0,0,0,0,0,0
2005,121585,0,1,0,0,0,0,0,0,0,0,0,0
2005,121585,1,1,0,0,18,0,0,0,0,23,11,13
2005,121586,1,1,0,0,15,0,0,0,0,0,0,0
2005,121586,2,1,0,4,0,0,0,0,0,0,0,0
2005,121587,1,1,7,14,0,0,0,0,13,0,0,0
2005,121587,2,1,10,0,19,0,0,0,15,0,0,0
2005,121588,1,1,0,0,0,0,0,0,20,0,0,0
2005,121588,2,1,0,0,0,0,0,0,0,0,0,0
2005,121589,1,1,0,0,0,0,0,0,0,0,0,0
2005,121589,2,1,0,0,0,0,0,0,0,0,0,0
2005,121590,0,1,0,23,0,0,0,12,0,0,15,0
2005,121590,0,2,0,0,22,0,32,7,23,0,13,10
2005,121590,1,1,8,0,0,0,0,0,0,0,0,0
2005,121592,1,1,0,0,0,0,0,0,0,0,0,0
2005,121593,0,1,0,30,0,0,0,0,0,0,0,0
2005,121593,1,1,9,0,15,0,0,0,0,28,0,0
2005,121594,1,1,0,0,0,0,0,0,0,0,0,0
2005,121594,2,1,0,0,0,0,0,0,0,11,0,0
2005,121594,3,1,0,0,0,0,0,0,0,0,0,0
2005,121595,1,1,0,0,0,0,0,0,0,0,0,0
2005,121595,2,1,0,0,0,0,0,0,0,0,0,0
2005,121596,0,1,24,24,24,24,24,24,24,24,24,24
2005,121596,1,1,0,0,0,0,0,0,0,0,0,0
2005,121597,1,1,0,0,17,14,0,0,0,10,0,0
2005,121598,1,1,23,23,23,23,23,23,23,23,23,23
2005,121598,2,1,0,0,0,0,0,0,0,0,0,0
2005,121599,1,1,0,0,0,0,0,0,0,0,0,0
2005,121599,2,1,0,0,0,0,0,0,0,0,0,0
2005,121600,1,1,0,0,0,0,0,0,0,0,0,0
2005,121600,2,1,15,15,15,15,15,15,15,15,15,15
2005,121601,1,1,9,17,0,0,0,0,22,0,0,0
2005,121602,0,1,0,0,0,0,0,0,0,0,0,0
2005,121602,1,1,0,0,0,0,0,0,0,0,0,0
2005,121603,0,1,0,0,0,0,0,0,0,0,0,0
2005,121603,1,1,0,0,0,0,0,0,0,0,0,0
2005,121604,1,1,21,21,21,21,21,21,21,21,21,21
2005,121604,2,1,0,0,0,0,0,0,0,0,0,0
2005,121605,1,1,28,28,28,28,28,28,28,28,28,28
2005,121606,1,1,14,14,14,14,14,14,14,14,14,14
2005,121606,2,1,0,0,0,0,0,0,0,0,0,0
2005,121607,1,1,0,0,0,8,12,0,0,0,0,0
2005,121608,1,1,0,0,0,0,0,0,0,0,14,0
2005,121609,1,1,0,0,0,0,0,0,0,0,9,0
2005,121609,2,1,0,0,0,0,0,0,0,0,0,0
2005,121610,1,1,0,0,0,0,0,0,0,0,0,0
2005,121610,2,1,0,0,0,0,0,0,0,0,0,0
2005,121611,1,1,24,24,24,24,24,24,24,24,24,24
2005,121611,2,1,0,0,0,0,0,0,0,0,0,0
2005,121612,1,1,9,9,9,9,9,9,9,9,9,9
2005,121613,1,1,0,0,0,0,0,0,0,0,0,0
2005,121614,1,1,0,0,0,0,0,0,0,0,0,0
2005,121614,2,1,0,0,19,0,0,0,0,0,0,0
2005,121615,0,1,26,26,26,26,26,26,26,26,26,26
2005,121615,1,1,0,0,0,0,0,0,0,0,12,0
2005,121616,1,1,0,0,0,0,0,0,0,0,0,0
2005,121617,1,1,0,0,0,0,0,0,0,0,0,0
2005,121617,2,1,1,1,1,1,1,1,1,1,1,1
2005,121617,3,1,0,0,0,11,0,0,0,7,0,0
2005,121617,4,1,0,0,0,0,0,0,0,0,0,0
2005,121617,5,1,0,0,23,0,0,0,0,0,0,22
2005,121617,6,1,0,0,0,2,0,0,0,0,0,0
2005,121618,0,1,22,22,22,22,22,22,22,22,22,22
2005,121618,1,1,0,0,0,0,0,0,0,0,0,0
2005,121619,1,1,13,13,13,13,13,13,13,13,13,13
2005,121619,2,1,0,0,0,0,0,0,13,0,0,0
2005,121620,0,1,0,0,0,0,0,0,0,0,0,23
2005,121620,1,1,0,5,0,0,0,0,0,0,0,0
2005,121621,1,1,17,17,17,17,17,17,17,17,17,17
2005,121621,2,1,0,0,0,0,0,0,0,0,0,0
2005,121622,0,1,0,0,0,0,0,0,0,0,0,0
2005,121622,1,1,0,0,4,0,0,0,0,0,13,9
2005,121623,1,1,0,0,0,0,0,0,0,0,0,0
2005,121624,1,1,16,16,16,16,16,16,16,16,16,16
2005,121625,0,1,0,0,0,0,0,0,0,0,0,0
2005,121625,1,1,22,22,22,22,22,22,22,22,22,22
2005,121626,1,1,11,11,11,11,11,11,11,11,11,11
2005,121626,2,1,0,0,0,0,0,0,0,0,0,0
2005,121627,1,1,0,0,3,25,0,29,0,24,0,6
2005,121628,1,1,23,23,23,23,23,23,23,23,23,23
2005,121629,1,1,0,0,0,9,0,0,0,0,0,0
2005,121629,2,1,20,20,20,20,20,20,20,20,20,20
2005,121630,1,1,21,0,0,13,23,0,24,18,0,22
2005,121631,1,1,10,10,10,10,10,10,10,10,10,10
2005,121632,0,1,0,0,0,0,0,0,0,0,0,0
2005,121632,1,1,0,0,0,0,0,0,0,0,0,0
2005,121633,1,1,0,0,0,0,6,0,0,0,0,15
2005,121633,2,1,0,0,0,0,0,0,0,0,0,0
2005,121633,3,1,0,0,0,0,0,0,0,0,0,0
2005,121634,1,1,0,0,0,0,0,0,0,12,0,0
2005,121634,2,1,0,0,0,0,0,0,0,0,0,0
2005,121635,1,1,0,0,0,0,0,0,0,0,0,0
2005,121635,2,1,0,0,0,0,0,0,0,0,0,0
2005,121635,3,1,0,0,0,11,0,0,13,0,0,0
2005,121636,0,1,0,0,0,0,0,0,0,0,0,0
2005,121636,1,1,0,0,0,0,0,0,0,0,0,0
2005,121637,0,1,17,17,17,17,17,17,17,17,17,17
2005,121637,1,1,12,12,12,12,12,12,12,12,12,12
2005,121638,1,1,0,0,0,0,0,0,0,0,0,0
2005,121639,1,1,0,0,0,0,0,0,0,0,0,0
2005,121640,1,1,0,0,0,0,0,0,0,0,0,0
2005,121641,1,1,0,0,0,0,0,0,0,0,0,0
2005,121641,2,1,0,0,0,0,0,0,0,0,0,0
2005,121642,1,1,17,17,17,17,17,17,17,17,17,17
2005,121643,1,1,0,0,0,0,0,0,0,0,0,0
2005,121644,1,1,0,0,0,0,0,0,0,0,0,0
2005,121644,2,1,13,13,13,13,13,13,13,13,13,13
2005,121645,0,1,0,0,0,0,0,0,17,0,0,0
2005,121645,1,1,0,0,0,0,0,0,0,0,0,0
2005,121646,0,1,0,16,24,0,11,12,34,0,25,22
2005,121646,1,1,0,0,0,0,0,0,0,0,0,0
2005,121647,1,1,21,21,21,21,21,21,21,21,21,21
2005,121648,1,1,11,38,0,15,0,0,0,17,0,0
2005,121648,2,1,0,0,0,0,0,0,0,0,0,0
2005,121649,1,1,12,27,21,22,8,15,9,20,20,0
2005,121650,1,1,0,0,0,0,0,0,0,0,0,0
2005,121651,1,1,0,0,0,0,0,0,0,0,0,0
2005,121651,2,1,0,0,0,0,0,0,0,0,0,0
2005,121652,0,1,21,0,25,0,35,31,26,0,0,18
2005,121652,1,1,18,18,18,18,18,18,18,18,18,18
2005,121653,1,1,0,23,8,0,0,0,0,0,34,28
2005,121654,1,1,19,19,19,19,19,19,19,19,19,19
2005,121655,1,1,18,18,18,18,18,18,18,18,18,18
2005,121655,2,1,0,0,0,0,0,0,0,0,0,9
2005,121655,3,1,0,0,0,32,0,0,0,0,0,21
2005,121655,4,1,0,0,0,0,0,0,0,0,0,0
2005,121656,1,1,16,16,16,16,16,16,16,16,16,16
2005,121657,0,1,24,24,24,24,24,24,24,24,24,24
2005,121657,1,1,0,0,0,0,0,0,0,0,25,0
2005,121658,0,1,0,0,0,3,0,6,0,0,0,0
2005,121658,1,1,0,0,7,22,18,0,0,0,13,12
2005,121659,1,1,0,0,0,0,0,0,0,0,0,0
2005,121659,2,1,0,0,0,0,0,0,0,0,0,0
2005,121659,3,1,1,0,0,0,0,0,0,0,0,0
2005,121659,4,1,0,0,16,0,26,0,14,0,15,13
2005,121660,1,1,0,0,0,0,0,0,0,0,0,0
2005,121661,1,1,14,14,14,14,14,14,14,14,14,14
2005,121662,1,1,19,19,19,19,19,19,19,19,19,19
2005,121663,1,1,21,13,0,17,0,0,7,0,38,20
2005,121664,1,1,17,17,17,17,17,17,17,17,17,17
2005,121665,1,1,0,0,0,0,0,0,0,0,0,0
2005,121665,2,1,0,0,0,0,0,0,0,0,0,0
2005,121666,1,1,16,16,16,16,16,16,16,16,16,16
2005,121667,1,1,0,0,0,0,0,0,0,0,0,0
2005,121668,1,1,0,0,0,0,0,0,0,0,0,11
2005,121669,0,1,33,33,33,33,33,33,33,33,33,33
2005,121669,1,1,0,0,15,0,0,0,20,0,0,0
2005,121670,1,1,15,14,0,11,31,0,0,0,0,0
2005,121671,1,1,0,0,0,0,0,0,0,0,0,0
2005,121671,2,1,0,15,18,0,0,0,6,0,0,0
2005,121672,1,1,0,0,0,0,0,0,0,0,0,0
2005,121673,1,1,24,24,24,24,24,24,24,24,24,24
2005,121674,1,1,0,0,0,0,0,0,0,0,0,0
2005,121674,2,1,0,0,0,0,0,0,0,0,0,0
2005,121674,3,1,0,0,0,0,14,0,13,11,0,18
2005,121674,4,1,0,0,0,0,0,0,0,0,0,0
2005,121674,5,1,0,0,0,0,0,0,0,0,0,0
2005,121674,6,1,31,0,0,0,0,0,0,0,0,0
2005,121674,7,1,12,0,0,0,13,0,0,0,0,0
2005,121674,8,1,0,0,0,0,0,0,0,0,0,0
2005,121674,9,1,0,0,0,0,0,0,0,0,0,0
2005,121674,10,1,0,10,0,0,0,0,0,0,0,0
2005,121674,11,1,0,0,0,0,0,0,0,0,0,0
2005,121675,1,1,0,0,24,0,0,0,0,0,0,0
2005,121676,1,1,15,15,15,15,15,15,15,15,15,15
2005,121677,1,1,17,17,17,17,17,17,17,17,17,17
2005,121678,1,1,3,3,3,3,3,3,3,3,3,3
2005,121679,0,1,22,22,22,22,22,22,22,22,22,22
2005,121679,1,1,0,15,0,9,0,0,0,0,0,0
2005,121679,2,1,0,0,21,0,0,0,0,0,0,0
2005,121680,1,1,22,22,22,22,22,22,22,22,22,22
2005,121681,1,1,0,0,0,0,0,0,0,0,0,0
2005,121682,1,1,0,0,0,0,0,0,0,0,0,0
2005,121683,0,1,0,0,0,10,9,0,0,21,17,0
2005,121683,1,1,0,14,0,0,4,15,0,20,23,0
2005,121684,1,1,0,0,0,0,0,0,0,0,0,0
2005,121685,1,1,0,0,0,0,0,0,0,0,0,0
2005,121685,2,1,0,0,0,0,0,0,0,0,0,0
2005,121686,1,1,32,32,32,32,32,32,32,32,32,32
2005,121687,1,1,23,23,23,23,23,23,23,23,23,23
2005,121688,1,1,12,12,12,12,12,12,12,12,12,12
2005,121688,2,1,0,0,0,0,0,0,0,0,0,0
2005,121689,1,1,55,55,55,55,55,55,55,55,55,55
2005,121690,1,1,0,0,0,0,0,0,0,0,0,0
2005,121691,1,1,6,6,6,6,6,6,6,6,6,6
2005,121692,0,1,0,0,0,0,0,0,0,0,0,0
2005,121692,1,1,0,0,0,0,0,0,0,0,0,0
2005,121693,1,1,0,16,19,4,10,0,21,16,7,2
2005,121694,1,1,0,0,0,0,0,0,0,0,16,7
2005,121694,2,1,10,22,20,13,27,0,22,0,10,0
2005,121695,1,1,0,13,3,0,0,0,0,8,0,0
2005,121696,0,1,26,26,26,26,26,26,26,26,26,26
2005,121696,1,1,0,18,0,0,10,0,18,10,0,0
2005,121697,1,1,0,0,0,0,0,0,0,0,0,0
2005,121698,1,1,0,0,0,0,0,0,0,0,0,0
2005,121699,1,1,26,26,26,26,26,26,26,26,26,26
2005,121700,1,1,0,0,14,11,10,14,12,23,10,20
2005,121701,1,1,10,10,10,10,10,10,10,10,10,10
2005,121702,0,1,0,0,0,0,0,0,0,0,0,0
2005,121702,1,1,0,0,0,0,0,0,0,0,0,0
2005,121703,1,1,0,0,0,0,0,0,0,0,0,0
2005,121703,2,1,0,0,0,0,10,0,13,0,21,0
2005,121704,1,1,7,0,23,0,8,10,0,7,0,0
2005,121705,1,1,19,11,22,0,19,20,21,21,12,0
2005,121706,1,1,11,19,18,17,12,0,0,20,0,17
2005,121707,1,1,0,0,0,0,0,0,0,0,0,0
2005,121707,2,1,19,19,19,19,19,19,19,19,19,19
2005,121708,1,1,0,0,0,0,0,0,0,0,0,0
2005,121709,0,1,32,32,32,32,32,32,32,32,32,32
2005,121709,1,1,0,0,0,0,0,0,0,0,0,0
2005,121710,1,1,0,0,0,0,0,0,0,0,0,0
2005,121711,0,1,15,15,15,15,15,15,15,15,15,15
2005,121711,1,1,0,0,0,0,0,0,0,0,0,0
2005,121712,1,1,9,15,0,44,13,0,16,0,16,0
2005,121713,0,1,8,0,0,0,5,0,0,0,9,0
2005,121713,1,1,0,0,0,0,0,0,0,0,0,0
2005,121714,1,1,0,0,0,0,0,0,0,0,0,0
2005,121715,1,1,0,0,0,0,0,0,0,0,0,0
2005,121715,2,1,0,0,0,0,0,0,0,12,0,0
2005,121716,1,1,0,0,0,0,0,0,0,0,0,0
2005,121717,0,1,0,0,0,19,0,0,0,0,0,0
2005,121717,1,1,0,0,0,0,0,0,0,0,0,0
2005,121718,0,1,12,12,12,12,12,12,12,12,12,12
2005,121718,1,1,0,0,0,0,0,0,0,0,0,0
2005,121719,1,1,0,0,0,0,0,0,0,0,0,0
2005,121720,1,1,0,0,0,0,0,0,0,0,0,0
2005,121721,1,1,10,10,10,10,10,10,10,10,10,10
2005,121722,1,1,6,10,15,22,10,24,0,18,29,26
2005,121722,2,1,0,0,0,0,0,0,0,0,0,0
2005,121723,1,1,0,0,0,0,0,27,0,0,0,0
2005,121723,2,1,0,0,0,0,0,0,0,0,0,0
2005,121724,1,1,0,0,0,0,0,0,0,0,0,0
2005,121725,1,1,30,30,30,30,30,30,30,30,30,30
2005,121726,0,1,0,0,0,0,0,0,0,0,0,0
2005,121726,1,1,0,0,0,0,0,0,0,0,0,0
2005,121726,2,1,0,0,0,0,0,0,0,0,0,0
2005,121727,1,1,4,4,4,4,4,4,4,4,4,4
2005,121727,2,1,16,0,0,0,0,0,11,0,0,12
2005,121728,1,1,26,26,26,26,26,26,26,26,26,26
2005,121729,1,1,3,0,10,0,0,33,0,0,7,0
2005,121729,2,1,2,2,2,2,2,2,2,2,2,2
2005,121730,0,1,39,39,39,39,39,39,39,39,39,39
2005,121730,1,1,0,14,0,0,0,0,0,0,0,0
2005,121731,0,1,0,0,0,0,7,19,0,18,0,12
2005,121731,1,1,11,0,6,0,0,21,29,0,0,0
2005,121732,1,1,0,0,0,0,0,0,19,0,0,0
2005,121733,0,1,0,0,0,0,0,0,0,0,0,0
2005,121733,1,1,0,0,0,0,0,0,0,0,0,0
2005,121735,0,1,25,25,25,25,25,25,25,25,25,25
2005,121735,1,1,18,8,0,10,15,0,23,14,6,0
2005,121736,1,1,15,15,15,15,15,15,15,15,15,15
2005,121737,1,1,0,0,0,0,0,0,0,0,0,0
2005,121737,2,1,16,16,16,16,16,16,16,16,16,16
2005,121738,0,1,0,0,0,0,0,0,0,0,0,0
2005,121738,1,1,0,0,0,0,0,0,0,0,0,0
2005,121739,1,1,0,0,0,0,0,0,0,0,0,0
2005,121739,2,1,0,0,0,0,0,0,0,0,0,0
2005,121740,0,1,0,0,0,0,0,0,0,0,0,0
2005,121740,1,1,0,0,0,0,0,0,0,0,0,0
2005,121741,1,1,0,0,0,0,0,0,0,0,0,0
2005,121741,2,1,9,0,0,0,0,0,0,0,0,0
2005,121742,0,1,18,18,18,18,18,18,18,18,18,18
2005,121742,1,1,0,0,16,6,0,0,13,15,12,36
2005,121743,1,1,0,0,0,0,0,0,0,0,0,0
2005,121743,2,1,0,0,0,0,0,0,0,0,0,0
2005,121744,1,1,0,0,0,0,0,0,0,0,0,8
2005,121744,2,1,0,0,0,0,0,0,0,0,0,0
2005,121745,1,1,12,0,0,0,0,0,0,0,0,0
2005,121746,1,1,0,0,0,0,0,0,0,0,0,0
2005,121746,2,1,0,0,0,0,0,0,0,0,0,0
2005,121747,1,1,20,20,20,20,20,20,20,20,20,20
2005,121748,1,1,0,0,0,0,0,0,0,0,0,0
2005,121749,1,1,0,0,0,0,0,0,0,0,0,0
2005,121749,2,1,0,0,0,0,0,0,0,0,0,0
2005,121750,1,1,14,14,14,14,14,14,14,14,14,14
2005,121751,0,1,12,21,8,22,31,13,11,19,42,18
2005,121751,1,1,0,0,20,0,0,0,20,8,16,13
2005,121752,1,1,25,20,0,0,0,13,12,16,19,0
2005,121753,0,1,15,15,15,15,15,15,15,15,15,15
2005,121753,1,1,13,0,0,0,0,0,0,0,0,17
2005,121754,1,1,0,0,0,0,0,0,0,0,0,0
2005,121754,2,1,0,0,0,0,0,0,0,0,0,0
2005,121755,1,1,0,0,0,0,0,0,0,17,0,0
2005,121755,2,1,0,0,0,0,0,0,0,0,0,0
2005,121755,3,1,4,4,4,4,4,4,4,4,4,4
2005,121756,0,1,26,26,26,26,26,26,26,26,26,26
2005,121756,1,1,0,0,0,0,0,0,0,0,0,0
2005,121757,1,1,0,0,0,0,0,0,0,0,0,0
2005,121757,2,1,0,0,0,0,0,0,0,0,0,0
2005,121758,1,1,16,16,16,16,16,16,16,16,16,16
2005,121759,1,1,19,0,12,0,28,19,0,24,23,14
2005,121760,1,1,0,4,6,9,0,0,0,0,15,0
2005,121760,2,1,0,8,0,0,0,0,0,2,0,0
2005,121761,1,1,0,7,0,0,0,6,0,0,0,0
2005,121761,2,1,0,25,0,2,0,13,0,0,2,0
2005,121762,0,1,0,0,0,0,0,0,0,0,0,0
2005,121762,1,1,12,0,0,0,0,0,0,0,0,0
2005,121763,1,1,0,0,0,0,0,0,0,0,0,0
2005,121763,2,1,0,0,0,0,0,0,0,0,0,0
2005,121763,3,1,0,0,0,0,0,0,0,0,0,0
2005,121764,1,1,0,0,0,0,0,0,0,0,0,0
2005,121764,2,1,0,0,0,0,0,0,14,0,0,3
2005,121765,1,1,16,16,16,16,16,16,16,16,16,16
2005,121766,0,1,13,13,13,13,13,13,13,13,13,13
2005,121766,1,1,0,0,0,0,0,0,0,0,0,0
2005,121767,0,1,0,0,21,0,0,25,0,23,27,17
2005,121767,1,1,0,0,0,0,0,0,0,0,0,0
2005,121768,1,1,19,19,19,19,19,19,19,19,19,19
2005,121768,2,1,0,0,0,0,0,0,0,0,0,0
2005,121769,1,1,1,1,1,1,1,1,1,1,1,1
2005,121769,2,1,0,0,0,0,0,0,0,0,0,0
2005,121770,0,1,0,0,0,0,0,0,0,0,0,0
2005,121770,1,1,0,16,0,0,0,0,0,0,0,0
2005,121771,1,1,0,0,0,0,0,0,0,0,0,0
2005,121771,2,1,0,0,0,0,0,0,0,0,0,0
2005,121772,0,1,0,0,0,0,0,0,0,0,0,0
2005,121772,1,1,13,13,13,13,13,13,13,13,13,13
2005,121773,1,1,1,1,1,1,1,1,1,1,1,1
2005,121773,2,1,0,0,0,0,0,0,0,0,0,0
2005,121773,3,1,0,0,0,0,0,0,0,0,0,0
2005,121774,1,1,0,0,0,0,0,0,0,0,0,0
2005,121774,2,1,0,0,0,0,0,0,0,0,0,0
2005,121775,1,1,0,0,0,0,0,0,0,0,0,0
2005,121775,2,1,0,0,0,0,0,0,0,0,0,0
2005,121776,1,1,0,0,0,0,0,0,0,0,0,0
2005,121776,2,1,8,8,8,8,8,8,8,8,8,8
2005,121777,1,1,17,0,0,0,0,14,0,13,0,4
2005,121778,0,1,0,0,0,0,0,0,0,0,0,0
2005,121778,1,1,0,0,0,0,0,0,0,0,0,0
2005,121779,1,1,0,0,0,0,0,0,0,0,0,0
2005,121780,0,1,18,18,18,18,18,18,18,18,18,18
2005,121780,1,1,0,0,0,0,0,0,0,0,0,0
2005,121781,1,1,0,0,0,0,0,0,0,0,0,0
2005,121781,2,1,0,0,0,0,0,0,0,0,0,0
2005,121782,1,1,0,0,0,0,0,0,5,0,0,0
2005,121782,2,1,0,0,0,0,0,0,0,0,0,0
2005,121783,1,1,0,0,0,0,0,0,0,0,0,0
2005,121784,1,1,0,0,0,0,0,0,0,0,0,0
2005,121784,2,1,30,30,30,30,30,30,30,30,30,30
2005,121785,1,1,0,0,0,0,0,0,0,0,0,0
2005,121786,0,1,3,3,3,3,3,3,3,3,3,3
2005,121786,1,1,0,14,24,9,0,0,0,0,0,0
2005,121787,1,1,0,0,1,13,0,5,4,13,15,0
2005,121788,1,1,0,0,0,0,0,0,0,0,0,0
2005,121789,0,1,23,23,23,23,23,23,23,23,23,23
2005,121789,1,1,0,13,0,0,0,0,19,23,0,0
2005,121789,2,1,0,4,0,0,0,0,0,0,0,0
2005,121790,1,1,10,10,10,10,10,10,10,10,10,10
2005,121791,1,1,0,0,0,0,0,0,0,0,0,0
2005,121791,2,1,0,0,0,0,0,0,0,0,0,0
2005,121791,3,1,0,0,0,0,0,0,0,0,0,0
2005,121791,4,1,0,0,0,0,0,0,0,0,0,0
2005,121792,1,1,21,21,21,21,21,21,21,21,21,21
2005,121793,1,1,9,9,9,9,9,9,9,9,9,9
2005,121794,0,1,19,19,19,19,19,19,19,19,19,19
2005,121794,1,1,7,0,0,0,0,0,0,0,0,0
2005,121795,1,1,0,35,0,0,0,0,0,0,0,0
2005,121796,0,1,26,26,26,26,26,26,26,26,26,26
2005,121796,1,1,19,0,0,0,0,8,26,0,13,23
2005,121796,2,1,17,17,17,17,17,17,17,17,17,17
2005,121797,1,1,32,32,32,32,32,32,32,32,32,32
2005,121798,1,1,0,0,0,0,0,0,0,0,0,14
2005,121798,2,1,0,0,0,0,0,0,0,0,0,0
2005,121799,1,1,24,0,0,18,0,0,0,0,0,7
2005,121799,2,1,0,0,9,0,0,0,0,0,11,0
2005,121800,1,1,0,0,0,0,0,0,0,0,0,0
2005,121800,2,1,0,0,0,0,0,0,0,0,0,0
2005,121801,1,1,22,22,22,22,22,22,22,22,22,22
2005,121802,0,1,0,0,0,0,0,0,0,0,0,0
2005,121802,1,1,0,0,0,0,0,0,0,10,0,0
2005,121803,0,1,0,0,0,0,0,0,0,0,0,0
2005,121803,1,1,0,0,0,0,0,0,0,0,0,21
2005,121804,0,1,13,13,13,13,13,13,13,13,13,13
2005,121804,1,1,0,16,0,0,0,0,0,0,12,3
2005,121804,2,1,0,24,15,0,0,14,0,18,0,0
2005,121805,1,1,22,22,22,22,22,22,22,22,22,22
2005,121806,0,1,33,33,33,33,33,33,33,33,33,33
2005,121806,1,1,23,0,0,0,7,24,13,0,0,0
2005,121807,1,1,0,0,0,0,0,0,0,0,0,0
2005,121808,0,1,13,0,0,23,0,42,14,0,0,0
2005,121808,0,2,0,0,0,0,0,0,0,0,0,0
2005,121808,1,1,15,21,20,6,26,13,7,16,9,15
2005,121809,1,1,22,22,22,22,22,22,22,22,22,22
2005,121810,1,1,0,0,0,0,0,0,0,0,0,0
2005,121811,1,1,16,16,16,16,16,16,16,16,16,16
2005,121811,2,1,25,4,9,12,29,14,16,5,6,13
2005,121812,1,1,0,0,0,0,0,0,0,0,0,0
2005,121812,2,1,0,0,0,0,0,0,0,0,0,13
2005,121812,3,1,0,0,0,0,0,0,0,0,0,0
2005,121813,1,1,11,11,11,11,11,11,11,11,11,11
2005,121814,0,1,14,14,14,14,14,14,14,14,14,14
2005,121814,0,2,21,0,0,14,46,20,34,0,0,24
2005,121814,1,1,0,0,0,0,0,0,0,0,15,0
2005,121814,2,1,16,8,0,0,0,0,0,0,30,0
2005,121814,3,1,0,0,0,0,0,0,0,0,0,13
2005,121815,1,1,32,29,31,36,21,10,24,20,25,10
2005,121816,1,1,0,0,0,0,0,0,0,0,0,0
2005,121816,2,1,0,0,0,0,0,0,0,0,0,0
2005,121817,1,1,0,0,0,0,0,0,0,0,0,0
2005,121818,0,1,0,0,0,0,0,0,0,0,0,0
2005,121818,1,1,0,0,23,0,6,0,0,0,0,13
2005,121819,1,1,0,0,0,0,0,0,0,0,0,0
2005,121819,2,1,0,0,0,0,0,0,0,0,0,0
2005,121820,1,1,0,0,0,0,12,0,0,0,17,0
2005,121821,0,1,19,19,19,19,19,19,19,19,19,19
2005,121821,1,1,0,22,18,16,0,0,0,0,0,0
2005,121822,0,1,0,0,0,0,0,0,0,0,0,0
2005,121822,1,1,0,0,20,0,0,0,18,16,23,0
2005,121822,2,1,0,0,0,0,0,0,0,0,0,4
2005,121823,0,1,16,16,16,16,16,16,16,16,16,16
2005,121823,1,1,0,0,0,0,0,0,0,0,0,0
2005,121824,1,1,7,30,0,24,13,0,12,29,24,25
2005,121824,2,1,0,0,0,0,0,0,0,0,0,0
2005,121825,1,1,12,12,12,12,12,12,12,12,12,12
2005,121826,1,1,0,0,0,0,0,0,0,0,0,0
2005,121827,1,1,0,0,0,0,0,0,0,0,0,0
2005,121828,1,1,18,18,18,18,18,18,18,18,18,18
2005,121828,2,1,0,0,0,0,0,0,0,0,0,0
2005,121829,1,1,0,0,0,0,0,0,0,0,0,0
2005,121829,2,1,0,0,0,0,0,0,0,0,13,6
2005,121830,1,1,0,0,0,0,0,0,0,0,0,0
2005,121830,2,1,0,0,0,0,0,6,0,0,0,0
2005,121831,0,1,45,27,14,22,26,0,26,28,31,7
2005,121831,1,1,0,0,0,5,15,5,9,0,0,0
2005,121832,1,1,12,4,8,27,16,0,17,0,18,13
2005,121833,1,1,26,26,26,26,26,26,26,26,26,26
2005,121834,1,1,22,22,22,22,22,22,22,22,22,22