YEAR,ST_CASE,veh_no,per_no,P1,P2,P3,P4,P5,P6,P7,P8,P9,P10
2005,121835,1,1,0,0,0,0,0,0,0,0,0,0
2005,121836,1,1,0,0,0,0,0,0,0,0,0,0
2005,121837,0,1,32,0,55,21,0,0,13,17,4,0
2005,121837,1,1,5,0,0,19,0,0,0,0,0,0
2005,121838,0,1,12,0,0,0,0,0,30,0,25,22
2005,121838,1,1,12,8,0,0,21,19,22,0,0,12
2005,121839,1,1,0,0,0,0,0,0,0,0,0,0
2005,121839,2,1,0,0,0,0,0,0,0,0,0,0
2005,121839,3,1,8,0,0,9,0,9,0,0,0,17
2005,121840,1,1,0,0,0,0,0,0,0,0,0,0
2005,121841,1,1,6,10,18,0,13,0,4,20,35,7
2005,121842,1,1,0,0,0,0,0,0,0,0,0,0
2005,121843,1,1,21,21,21,21,21,21,21,21,21,21
2005,121844,1,1,0,0,0,0,0,0,0,0,0,0
2005,121844,2,1,0,0,0,0,0,0,0,0,0,0
2005,121844,3,1,0,0,0,0,0,0,0,0,0,0
2005,121845,1,1,0,0,0,0,0,0,0,0,0,0
2005,121845,2,1,16,0,0,0,0,0,0,24,18,0
2005,121846,0,1,0,0,0,0,0,0,0,0,0,0
2005,121846,0,2,5,17,0,26,24,0,0,0,0,0
2005,121846,1,1,22,22,22,22,22,22,22,22,22,22
2005,121847,0,1,8,23,16,30,23,0,16,16,0,0
2005,121847,1,1,0,0,0,0,0,0,0,0,0,0
2005,121848,1,1,0,0,0,0,0,0,0,0,0,0
2005,121849,1,1,0,0,0,0,0,0,0,0,0,0
2005,121849,2,1,6,0,0,0,0,0,0,0,0,0
2005,121850,1,1,11,11,11,11,11,11,11,11,11,11
2005,121851,0,1,8,4,0,12,0,10,21,14,10,41
2005,121851,1,1,0,0,0,0,0,0,0,0,0,0
2005,121852,1,1,0,0,0,0,14,0,0,0,0,21
2005,121852,2,1,7,7,7,7,7,7,7,7,7,7
2005,121853,0,1,7,16,0,15,22,8,15,0,12,13
2005,121853,0,2,0,0,0,6,13,0,0,10,0,5
2005,121853,1,1,13,13,13,13,13,13,13,13,13,13
2005,121854,1,1,0,0,0,0,0,0,0,0,0,0
2005,121855,1,1,0,0,0,0,0,0,0,0,0,0
2005,121855,2,1,5,0,0,0,0,0,0,0,0,0
2005,121856,1,1,0,0,0,0,0,0,0,0,0,0
2005,121857,1,1,18,18,18,18,18,18,18,18,18,18
2005,121857,2,1,0,0,0,0,0,0,0,0,0,0
2005,121857,3,1,0,0,0,0,0,0,0,13,0,0
2005,121858,1,1,22,22,22,22,22,22,22,22,22,22
2005,121859,0,1,25,25,25,25,25,25,25,25,25,25
2005,121859,1,1,0,0,0,0,21,20,0,10,38,25
2005,121860,0,1,22,22,22,22,22,22,22,22,22,22
2005,121860,1,1,36,0,28,30,0,0,17,0,8,0
2005,121860,2,1,0,0,0,0,18,0,0,0,0,0
2005,121861,1,1,0,0,0,0,0,21,0,22,0,8
2005,121861,2,1,0,0,0,0,0,0,0,0,0,0
2005,121862,1,1,0,0,0,0,0,0,0,0,0,0
2005,121862,2,1,0,0,0,0,0,0,0,0,0,0
2005,121863,1,1,26,26,26,26,26,26,26,26,26,26
2005,121863,2,1,14,0,0,0,0,0,0,0,0,22
2005,121864,1,1,39,39,39,39,39,39,39,39,39,39
2005,121865,1,1,30,30,30,30,30,30,30,30,30,30
2005,121866,1,1,0,5,5,0,0,0,0,19,0,0
2005,121866,2,1,0,0,0,0,0,0,0,0,0,0
2005,121866,3,1,0,0,0,0,0,0,0,0,0,0
2005,121867,1,1,0,0,0,0,0,0,0,0,0,0
2005,121867,2,1,0,0,0,0,0,0,0,0,0,0
2005,121868,1,1,0,0,0,0,0,0,0,0,0,0
2005,121869,0,1,20,20,20,20,20,20,20,20,20,20
2005,121869,1,1,13,0,0,0,0,0,0,0,15,0
2005,121870,0,1,38,38,38,38,38,38,38,38,38,38
2005,121870,1,1,0,0,0,0,0,0,0,0,0,0
2005,121871,1,1,0,0,0,0,0,0,0,0,0,0
2005,121871,2,1,0,0,0,0,0,0,0,0,0,0
2005,121872,1,1,0,0,0,0,0,0,0,0,0,0
2005,121872,2,1,0,0,0,0,0,0,0,0,0,0
2005,121873,1,1,23,23,23,23,23,23,23,23,23,23
2005,121874,1,1,0,0,0,0,0,0,0,0,0,0
2005,121874,2,1,0,0,0,0,0,0,2,0,0,0
2005,121874,3,1,0,0,0,0,0,0,0,0,0,0
2005,121875,0,1,0,0,0,0,0,0,0,0,0,0
2005,121875,1,1,14,0,32,26,18,0,0,0,0,0
2005,121876,1,1,0,24,12,15,0,34,28,16,6,22
2005,121876,2,1,21,8,0,0,0,0,10,0,0,16
2005,121877,1,1,0,0,0,0,0,0,0,0,0,0
2005,121877,2,1,0,0,0,0,0,0,0,0,0,0
2005,121878,1,1,0,0,19,13,0,0,0,11,0,20
2005,121879,1,1,12,0,0,0,8,0,0,0,0,0
2005,121879,2,1,0,0,0,0,0,0,0,0,0,0
2005,121880,1,1,23,23,23,23,23,23,23,23,23,23
2005,121880,2,1,0,0,0,0,0,0,0,0,0,0
2005,121881,1,1,0,0,4,0,0,0,0,0,0,0
2005,121881,2,1,12,12,12,12,12,12,12,12,12,12
2005,121881,3,1,15,15,15,15,15,15,15,15,15,15
2005,121882,0,1,35,35,35,35,35,35,35,35,35,35
2005,121882,1,1,19,0,0,0,15,0,0,0,0,0
2005,121883,1,1,0,0,0,0,0,0,0,0,0,0
2005,121884,1,1,0,0,0,0,0,0,0,0,0,0
2005,121884,2,1,0,0,16,0,0,0,0,0,0,7
2005,121885,1,1,0,0,0,0,0,0,9,0,0,0
2005,121885,2,1,0,0,0,0,0,0,0,0,0,0
2005,121886,1,1,5,5,5,5,5,5,5,5,5,5
2005,121886,2,1,15,2,10,0,20,17,12,7,0,0
2005,121887,1,1,23,0,0,0,0,0,0,0,0,0
2005,121888,0,1,0,0,0,0,0,0,0,0,0,0
2005,121888,1,1,0,0,0,0,0,0,0,3,0,0
2005,121889,1,1,0,5,0,13,0,0,0,0,0,0
2005,121889,2,1,0,0,0,0,0,0,0,0,0,0
2005,121891,1,1,0,0,0,0,0,0,0,0,0,0
2005,121891,2,1,39,0,0,0,2,0,0,0,0,0
2005,121891,3,1,0,0,0,0,0,0,0,0,11,0
2005,121892,1,1,0,0,0,15,0,0,0,0,0,11
2005,121892,2,1,0,0,0,22,0,0,0,0,0,0
2005,121893,1,1,23,23,23,23,23,23,23,23,23,23
2005,121894,1,1,28,28,28,28,28,28,28,28,28,28
2005,121895,1,1,0,0,0,0,0,0,0,0,0,0
2005,121896,1,1,7,0,0,0,15,0,0,0,0,19
2005,121897,0,1,10,10,10,10,10,10,10,10,10,10
2005,121897,1,1,0,0,0,0,0,0,0,0,0,0
2005,121897,2,1,0,0,0,0,11,0,0,0,0,0
2005,121898,1,1,0,10,0,0,0,0,0,0,0,0
2005,121898,2,1,0,0,0,0,0,0,0,0,0,0
2005,121899,0,1,0,0,0,0,0,0,0,0,0,0
2005,121899,1,1,0,0,0,0,0,0,0,0,0,0
2005,121900,1,1,0,0,0,0,0,0,0,0,0,0
2005,121900,2,1,15,15,15,15,15,15,15,15,15,15
2005,121900,3,1,0,0,0,0,0,0,0,0,0,0
2005,121901,1,1,16,16,16,16,16,16,16,16,16,16
2005,121901,2,1,0,0,0,0,0,0,0,0,0,0
2005,121901,3,1,0,0,0,0,0,0,0,0,0,0
2005,121902,1,1,0,0,0,0,0,0,0,0,0,0
2005,121902,2,1,0,0,0,0,0,0,0,0,0,0
2005,121903,1,1,0,0,0,0,0,0,0,0,0,0
2005,121903,2,1,0,0,0,0,0,0,0,0,0,0
2005,121904,1,1,9,9,9,9,9,9,9,9,9,9
2005,121904,2,1,0,0,0,0,0,0,0,0,0,0
2005,121904,3,1,0,0,0,0,0,0,0,0,23,0
2005,121905,0,1,0,0,0,0,0,0,0,0,0,0
2005,121905,1,1,25,0,0,0,0,0,0,0,0,0
2005,121906,1,1,0,0,0,0,0,0,0,0,0,0
2005,121907,1,1,0,13,17,0,0,0,0,7,0,0
2005,121907,2,1,0,0,0,0,0,0,0,0,0,0
2005,121908,1,1,0,0,0,0,0,0,0,0,0,0
2005,121908,2,1,0,0,0,0,0,0,0,0,0,0
2005,121909,1,1,0,0,0,0,0,0,0,0,0,0
2005,121909,2,1,0,0,0,0,0,0,0,0,0,0
2005,121910,1,1,0,0,0,0,0,0,0,0,0,0
2005,121911,0,1,0,15,0,23,23,18,14,0,24,25
2005,121911,1,1,21,21,21,21,21,21,21,21,21,21
2005,121912,1,1,13,13,13,13,13,13,13,13,13,13
2005,121912,2,1,0,0,0,0,0,0,0,0,0,0
2005,121912,3,1,0,0,0,0,0,0,0,0,0,0
2005,121913,1,1,0,0,0,0,0,0,0,0,0,0
2005,121913,2,1,0,0,0,0,0,0,0,0,0,0
2005,121914,1,1,0,0,0,0,0,0,0,0,0,0
2005,121914,2,1,23,23,23,23,23,23,23,23,23,23
2005,121915,1,1,8,8,8,8,8,8,8,8,8,8
2005,121915,3,1,0,0,0,0,0,0,0,0,0,0
2005,121916,1,1,0,0,0,0,0,0,0,0,0,0
2005,121916,2,1,0,0,0,0,0,0,0,0,0,0
2005,121917,1,1,25,25,25,25,25,25,25,25,25,25
2005,121918,0,1,27,27,27,27,27,27,27,27,27,27
2005,121918,1,1,0,0,0,0,0,0,0,0,0,0
2005,121919,0,1,0,0,0,0,0,0,0,0,0,0
2005,121919,1,1,0,20,0,0,0,0,10,12,13,0
2005,121920,0,1,0,0,0,0,0,0,0,0,0,0
2005,121920,1,1,0,0,0,0,0,0,0,0,0,0
2005,121921,0,1,0,8,0,38,20,0,0,0,17,0
2005,121921,1,1,0,13,0,5,0,0,0,0,0,0
2005,121922,1,1,0,21,19,12,25,14,25,24,8,14
2005,121923,0,1,24,24,24,24,24,24,24,24,24,24
2005,121923,1,1,0,0,0,0,2,10,12,0,0,0
2005,121924,1,1,29,23,16,23,0,0,28,0,0,19
2005,121924,2,1,0,0,21,0,0,6,0,21,12,0
2005,121925,0,1,0,0,0,0,0,0,0,0,0,0
2005,121925,1,1,0,0,0,0,0,0,0,0,0,0
2005,121926,0,1,28,28,28,28,28,28,28,28,28,28
2005,121926,1,1,28,28,28,28,28,28,28,28,28,28
2005,121927,1,1,0,0,0,0,0,6,0,0,7,0
2005,121928,1,1,0,0,0,0,0,0,0,0,0,0
2005,121929,0,1,0,0,0,0,0,0,0,0,0,0
2005,121929,1,1,0,0,0,0,0,0,0,0,0,0
2005,121930,1,1,0,0,0,0,0,0,0,0,0,0
2005,121930,2,1,0,0,22,0,0,0,0,0,33,0
2005,121931,1,1,0,0,0,0,0,0,0,0,0,0
2005,121931,2,1,0,0,0,0,0,0,0,0,0,0
2005,121932,1,1,0,0,0,0,0,0,0,0,0,0
2005,121932,2,1,0,0,0,0,0,0,0,0,25,0
2005,121932,3,1,0,0,0,0,0,0,0,0,0,0
2005,121932,4,1,0,0,0,0,0,0,13,0,0,0
2005,121933,1,1,0,0,0,0,0,0,0,0,0,0
2005,121934,1,1,0,0,0,0,0,0,0,0,0,0
2005,121934,2,1,0,0,0,0,0,0,0,0,0,0
2005,121935,1,1,0,0,0,0,0,0,0,0,0,0
2005,121935,2,1,0,0,0,8,10,17,0,0,0,9
2005,121936,1,1,0,0,0,0,0,7,18,0,0,0
2005,121936,2,1,0,0,0,0,0,0,0,11,0,0
2005,121937,0,1,32,31,43,22,19,17,5,0,21,23
2005,121937,1,1,20,24,16,19,23,13,19,21,16,29
2005,121938,0,1,39,19,25,43,13,36,0,0,0,13
2005,121938,1,1,16,8,11,16,0,13,14,3,13,14
2005,121939,1,1,0,0,0,0,0,0,0,0,0,0
2005,121939,2,1,0,0,0,0,15,0,0,15,14,0
2005,121940,1,1,13,0,22,23,16,0,0,24,9,16
2005,121941,1,1,0,0,0,0,0,0,0,0,0,0
2005,121942,0,1,0,0,0,0,0,0,0,0,0,0
2005,121942,1,1,20,25,0,0,0,28,0,20,0,0
2005,121943,1,1,0,12,0,12,0,7,0,0,0,0
2005,121944,1,1,0,0,0,0,0,0,0,0,0,0
2005,121947,1,1,0,18,14,0,0,0,0,3,10,0
2005,121948,1,1,0,0,0,0,0,0,0,0,0,0
2005,121948,2,1,0,20,27,0,25,0,0,16,1,0
2005,121949,1,1,7,0,0,17,0,0,0,24,0,0
2005,121950,1,1,0,0,0,0,0,0,0,0,0,0
2005,121950,2,1,0,0,0,0,0,0,0,11,0,0
2005,121950,3,1,0,15,10,0,16,0,0,14,0,0
2005,121951,1,1,0,3,0,0,0,0,18,0,0,0
2005,121952,1,1,0,0,0,0,0,0,0,0,0,0
2005,121952,2,1,0,0,0,0,0,0,0,0,0,0
2005,121953,1,1,11,11,11,11,11,11,11,11,11,11
2005,121954,1,1,0,0,0,0,0,0,0,0,0,0
2005,121954,2,1,0,10,0,0,0,0,0,0,0,0
2005,121955,0,1,0,0,0,0,0,0,0,0,0,0
2005,121955,1,1,0,0,0,0,0,0,0,0,0,0
2005,121956,1,1,0,0,0,0,0,0,0,0,0,0
2005,121956,2,1,0,0,0,0,0,0,0,0,9,0
2005,121957,0,1,0,0,0,0,0,0,0,0,0,0
2005,121957,1,1,0,0,0,17,0,8,0,0,0,0
2005,121958,1,1,0,17,0,0,0,0,0,0,0,13
2005,121959,1,1,26,26,26,26,26,26,26,26,26,26
2005,121960,1,1,9,11,17,16,13,28,25,23,21,25
2005,121961,1,1,8,0,12,0,9,0,12,4,0,15
2005,121961,2,1,0,0,0,0,0,0,0,0,0,0
2005,121962,1,1,0,0,0,13,0,0,0,0,0,0
2005,121962,2,1,0,0,0,0,0,0,0,0,0,4
2005,121963,1,1,8,7,14,5,11,0,0,13,23,15
2005,121964,1,1,0,0,0,0,0,0,0,0,0,0
2005,121964,2,1,0,0,0,0,0,0,0,0,0,0
2005,121965,1,1,0,0,0,0,0,0,0,0,0,0
2005,121965,2,1,0,0,0,0,0,0,0,0,0,0
2005,121966,1,1,0,0,0,0,0,0,0,0,0,0
2005,121967,0,1,0,0,0,0,0,0,0,0,0,0
2005,121967,0,2,0,0,0,0,0,0,0,0,0,0
2005,121967,1,1,0,0,0,0,0,0,0,0,0,0
2005,121968,0,1,0,26,0,0,0,29,18,0,0,28
2005,121968,1,1,17,6,18,0,0,13,0,0,0,0
2005,121969,1,1,0,0,0,0,0,0,0,0,0,0
2005,121970,1,1,0,0,0,0,0,0,0,0,0,0
2005,121970,2,1,0,0,0,0,12,0,0,0,0,21
2005,121971,1,1,0,0,0,0,0,0,0,0,0,0
2005,121971,2,1,0,0,0,0,0,15,0,0,0,0
2005,121971,3,1,0,0,0,0,0,0,0,0,0,0
2005,121971,4,1,0,0,0,0,0,0,0,0,0,0
2005,121971,5,1,0,0,0,0,0,0,0,0,0,0
2005,121971,6,1,0,0,0,0,0,0,0,0,0,0
2005,121971,7,1,0,0,0,0,0,0,0,0,0,0
2005,121971,8,1,0,0,0,0,0,0,0,0,0,0
2005,121972,1,1,0,0,0,0,0,0,0,0,0,0
2005,121972,2,1,0,0,0,0,0,0,0,0,0,0
2005,121974,1,1,0,0,0,0,0,0,0,0,0,0
2005,121974,2,1,0,0,16,0,0,0,0,0,0,12
2005,121975,0,1,23,6,0,16,6,22,20,14,8,19
2005,121975,1,1,21,30,16,0,28,47,0,0,15,13
2005,121976,0,1,0,22,8,0,17,0,10,26,30,31
2005,121976,0,2,27,16,36,0,22,0,4,25,0,0
2005,121976,1,1,0,0,0,0,0,4,0,0,0,0
2005,121977,1,1,20,20,20,20,20,20,20,20,20,20
2005,121978,1,1,4,4,4,4,4,4,4,4,4,4
2005,121979,0,1,0,0,0,0,0,0,0,0,0,0
2005,121979,1,1,0,0,0,0,0,0,0,0,0,0
2005,121980,1,1,10,12,22,0,11,0,16,15,14,18
2005,121981,1,1,0,0,0,0,0,0,13,0,0,0
2005,121982,1,1,16,16,16,16,16,16,16,16,16,16
2005,121982,2,1,0,0,13,0,0,0,0,0,0,0
2005,121983,1,1,0,0,0,0,0,0,0,0,0,19
2005,121983,2,1,27,0,0,0,2,0,0,0,0,0
2005,121984,1,1,0,0,20,9,11,36,0,20,26,3
2005,121985,1,1,28,28,28,28,28,28,28,28,28,28
2005,121986,1,1,0,0,0,0,0,0,0,0,0,0
2005,121986,2,1,0,0,0,0,0,0,0,0,0,0
2005,121987,1,1,0,0,0,0,0,0,0,0,0,0
2005,121987,2,1,0,0,0,0,0,0,0,0,0,0
2005,121988,1,1,0,0,0,0,0,0,0,21,0,0
2005,121988,2,1,0,0,0,0,0,8,0,0,0,3
2005,121989,1,1,0,0,15,0,15,27,0,0,0,0
2005,121990,0,1,19,19,19,19,19,19,19,19,19,19
2005,121990,1,1,0,0,0,0,0,0,0,0,0,0
2005,121991,1,1,0,0,0,0,0,0,0,0,0,0
2005,121991,2,1,0,0,0,0,0,0,0,0,15,0
2005,121991,3,1,0,0,0,0,0,0,0,0,0,0
2005,121992,1,1,18,18,18,18,18,18,18,18,18,18
2005,121992,2,1,0,0,0,0,0,0,0,0,0,0
2005,121993,1,1,0,0,0,0,0,0,0,0,0,0
2005,121994,1,1,0,0,0,0,0,0,0,0,0,0
2005,121994,2,1,0,0,0,0,0,0,0,0,0,0
2005,121995,1,1,0,0,0,0,0,0,0,5,17,0
2005,121995,2,1,24,0,0,0,0,0,0,0,0,0
2005,121996,1,1,8,0,0,32,0,0,8,11,10,0
2005,121997,1,1,0,0,0,0,0,0,0,0,0,0
2005,121997,2,1,0,0,0,0,0,0,0,0,0,0
2005,121998,1,1,0,0,0,0,0,0,0,0,0,0
2005,121999,0,1,0,0,0,11,23,0,0,0,0,0
2005,121999,0,2,0,3,0,0,0,5,43,0,6,0
2005,121999,0,3,0,17,11,15,15,11,0,0,8,17
2005,121999,2,1,4,0,0,0,0,0,0,0,21,25
2005,121999,3,1,0,0,0,0,18,0,10,0,15,0
2005,121999,4,1,5,0,0,0,0,0,25,14,0,3
2005,122000,1,1,21,21,21,21,21,21,21,21,21,21
2005,122000,2,1,0,0,0,0,0,0,0,0,0,0
2005,122000,3,1,0,0,0,0,0,0,0,0,0,0
2005,122000,4,1,0,0,0,0,0,0,0,0,0,0
2005,122000,5,1,0,0,0,0,0,0,0,0,0,11
2005,122000,6,1,0,0,0,0,0,0,0,0,0,0
2005,122000,7,1,0,0,0,0,0,0,0,0,0,0
2005,122000,8,1,0,0,0,0,0,0,12,0,0,0
2005,122000,9,1,0,0,0,0,0,0,0,0,0,0
2005,122001,1,1,0,0,0,0,0,0,0,0,0,0
2005,122001,2,1,0,0,0,0,0,0,0,0,0,0
2005,122002,0,1,0,0,0,0,0,0,0,0,0,0
2005,122002,1,1,0,0,0,0,0,0,0,0,0,0
2005,122002,2,1,0,0,0,0,0,0,0,0,8,0
2005,122003,1,1,0,0,0,0,0,0,0,0,0,0
2005,122004,1,1,0,0,0,0,0,0,0,0,0,0
2005,122004,2,1,0,0,0,0,0,0,0,0,0,0
2005,122005,0,1,0,0,0,0,0,0,0,0,0,0
2005,122005,1,1,0,0,0,0,0,0,0,22,0,0
2005,122006,0,1,0,0,0,0,0,15,0,0,0,0
2005,122006,1,1,0,0,0,0,0,0,0,0,0,0
2005,122007,0,1,0,0,0,0,0,0,0,0,0,0
2005,122007,1,1,0,0,0,0,0,0,0,0,0,17
2005,122008,1,1,0,0,0,0,0,0,0,20,0,0
2005,122008,2,1,19,0,0,0,0,0,0,0,0,0
2005,122008,3,1,0,0,0,0,0,0,0,0,0,0
2005,122009,0,1,26,20,5,15,31,24,30,35,30,21
2005,122009,1,1,0,0,0,0,0,0,0,0,0,0
2005,122010,0,1,0,0,0,0,0,0,0,0,0,0
2005,122010,1,1,0,0,0,0,0,11,0,0,0,0
2005,122011,0,1,22,22,22,22,22,22,22,22,22,22
2005,122011,1,1,0,12,0,11,0,0,14,0,0,0
2005,122012,1,1,4,4,4,4,4,4,4,4,4,4
2005,122012,2,1,0,0,0,0,0,0,0,0,0,0
2005,122012,3,1,0,0,0,0,0,0,0,0,0,0
2005,122013,1,1,0,0,0,0,0,0,0,0,0,0
2005,122013,2,1,0,0,0,0,0,0,0,0,0,0
2005,122014,0,1,12,12,12,12,12,12,12,12,12,12
2005,122014,1,1,0,0,0,0,0,0,0,0,0,0
2005,122015,1,1,5,5,5,5,5,5,5,5,5,5
2005,122015,2,1,0,0,0,0,0,0,0,0,0,0
2005,122016,0,1,0,0,0,0,0,0,0,0,0,14
2005,122016,1,1,0,0,0,0,0,0,0,0,0,0
2005,122017,0,1,11,0,0,11,0,18,0,0,21,0
2005,122017,1,1,0,0,0,0,0,0,0,0,0,0
2005,122018,1,1,0,0,0,0,0,0,0,0,0,0
2005,122018,2,1,0,0,0,0,24,0,0,0,0,0
2005,122019,0,1,25,0,0,0,0,0,13,0,0,0
2005,122019,1,1,0,0,0,0,0,0,0,0,0,0
2005,122020,0,1,0,0,0,0,0,0,0,0,0,0
2005,122020,1,1,0,0,0,0,0,0,0,0,0,0
2005,122021,1,1,0,0,0,0,0,0,0,0,0,0
2005,122021,2,1,0,0,0,0,0,0,0,0,0,0
2005,122021,3,1,0,0,0,0,0,0,0,0,0,0
2005,122022,1,1,0,0,0,0,0,0,0,0,0,0
2005,122022,2,1,0,0,0,0,0,0,0,0,0,0
2005,122022,3,1,0,0,0,0,0,0,0,0,0,0
2005,122023,0,1,6,6,6,6,6,6,6,6,6,6
2005,122023,1,1,0,0,0,0,0,0,0,0,0,0
2005,122024,1,1,0,0,0,0,0,0,0,0,0,11
2005,122025,0,1,0,0,0,0,0,0,0,0,0,0
2005,122025,1,1,0,0,0,0,0,0,0,0,0,0
2005,122026,1,1,0,0,0,0,0,0,0,0,0,0
2005,122026,2,1,0,0,0,0,0,0,0,0,0,0
2005,122027,1,1,11,30,0,29,18,0,30,36,18,12
2005,122028,0,1,0,0,0,0,0,0,0,0,0,0
2005,122028,0,2,0,0,0,0,0,0,0,0,0,0
2005,122028,1,1,0,0,0,0,0,0,0,0,0,0
2005,122029,1,1,0,0,0,0,12,0,0,0,15,0
2005,122030,0,1,0,3,0,0,0,0,0,0,0,0
2005,122030,1,1,0,0,0,0,0,0,0,0,0,0
2005,122031,1,1,0,0,0,0,0,0,0,0,0,0
2005,122031,2,1,0,0,0,0,0,0,0,0,0,0
2005,122032,1,1,0,0,0,0,0,0,0,0,0,0
2005,122032,2,1,0,0,0,0,0,0,0,0,0,0
2005,122033,0,1,49,22,11,12,4,22,0,38,0,0
2005,122033,1,1,16,16,8,17,0,0,0,0,0,0
2005,122034,0,1,25,25,25,25,25,25,25,25,25,25
2005,122034,1,1,0,0,0,0,0,0,0,0,0,0
2005,122035,1,1,21,21,21,21,21,21,21,21,21,21
2005,122036,0,1,23,29,20,0,28,20,17,15,0,0
2005,122036,1,1,0,30,0,4,0,0,0,0,23,0
2005,122037,1,1,0,0,0,0,0,0,0,0,0,0
2005,122037,2,1,0,24,0,28,11,0,0,0,0,4
2005,122038,1,1,0,0,0,0,0,0,0,0,0,0
2005,122039,1,1,0,0,0,0,0,0,0,0,0,0
2005,122039,2,1,0,0,0,0,0,0,0,0,0,0
2005,122040,1,1,16,16,16,16,16,16,16,16,16,16
2005,122040,2,1,17,17,17,17,17,17,17,17,17,17
2005,122041,1,1,0,0,0,15,0,0,0,0,0,0
2005,122041,2,1,9,9,9,9,9,9,9,9,9,9
2005,122042,1,1,20,20,20,20,20,20,20,20,20,20
2005,122043,0,1,0,0,0,0,0,0,0,0,0,0
2005,122043,0,2,14,9,14,0,15,30,0,16,19,16
2005,122043,0,3,21,17,13,0,10,0,32,15,16,17
2005,122043,1,1,8,8,8,8,8,8,8,8,8,8
2005,122044,1,1,0,0,0,0,0,0,0,0,0,0
2005,122044,2,1,0,0,0,0,0,0,0,0,0,0
2005,122045,1,1,17,17,17,17,17,17,17,17,17,17
2005,122046,1,1,0,0,0,0,0,0,0,0,0,0
2005,122046,2,1,0,0,0,0,0,0,0,0,0,0
2005,122047,1,1,0,0,0,0,0,0,0,0,0,0
2005,122048,1,1,0,0,0,0,0,0,0,0,0,0
2005,122048,2,1,0,0,0,0,0,0,0,0,0,0
2005,122049,1,1,14,14,14,14,14,14,14,14,14,14
2005,122049,2,1,11,0,0,0,0,0,0,0,0,0
2005,122050,1,1,0,0,0,0,0,0,0,0,15,12
2005,122050,2,1,0,0,17,0,0,0,0,0,0,0
2005,122050,3,1,0,0,0,0,0,0,0,0,0,0
2005,122051,1,1,0,0,0,0,0,0,0,0,0,0
2005,122052,1,1,14,23,22,16,13,0,16,16,14,0
2005,122052,2,1,12,0,5,0,0,25,0,0,0,0
2005,122053,1,1,20,20,20,20,20,20,20,20,20,20
2005,122053,2,1,0,0,0,0,0,0,0,0,0,0
2005,122054,1,3,0,0,0,0,0,0,0,0,0,0
2005,122054,2,1,0,0,0,0,0,0,0,0,0,0
2005,122054,3,1,0,0,0,0,0,0,11,0,0,0
2005,122055,1,1,14,14,14,14,14,14,14,14,14,14
2005,122056,1,1,8,8,8,8,8,8,8,8,8,8
2005,122056,2,1,0,0,11,0,0,0,0,0,0,0
2005,122057,1,1,0,0,0,0,3,0,0,0,0,0
2005,122057,2,1,0,0,0,0,3,0,9,0,0,0
2005,122058,1,1,28,28,28,28,28,28,28,28,28,28
2005,122059,1,1,0,0,0,0,0,0,0,0,0,0
2005,122059,2,1,0,12,0,30,0,16,0,0,0,0
2005,122060,1,1,0,0,0,0,6,0,0,0,0,0
2005,122061,0,1,0,0,0,0,0,0,0,0,0,0
2005,122061,1,1,0,0,0,0,0,0,0,8,7,0
2005,122062,1,1,24,24,24,24,24,24,24,24,24,24
2005,122063,0,1,31,31,31,31,31,31,31,31,31,31
2005,122063,1,1,0,0,0,0,0,0,0,0,0,0
2005,122064,1,1,0,0,0,0,0,0,0,0,0,0
2005,122064,2,1,0,0,0,0,0,0,0,0,0,0
2005,122065,0,1,2,2,2,2,2,2,2,2,2,2
2005,122065,1,1,0,0,0,0,0,0,0,0,0,0
2005,122066,1,1,16,16,16,16,16,16,16,16,16,16
2005,122068,1,1,0,0,0,0,0,0,0,0,10,0
2005,122068,2,1,0,0,0,0,0,0,0,0,0,0
2005,122069,0,1,25,25,25,25,25,25,25,25,25,25
2005,122069,1,1,2,2,2,2,2,2,2,2,2,2
2005,122070,1,1,0,0,0,0,0,0,0,0,0,0
2005,122071,1,1,0,0,9,0,0,0,22,0,0,0
2005,122071,2,1,0,0,0,0,0,0,0,0,0,0
2005,122071,3,1,0,0,0,0,0,0,0,0,0,0
2005,122071,4,1,0,0,0,0,0,0,0,0,0,0
2005,122072,1,1,0,0,0,0,0,0,0,0,0,0
2005,122072,2,1,17,35,17,0,0,0,9,0,0,0
2005,122073,1,1,0,0,0,0,0,0,0,0,0,0
2005,122074,0,1,18,18,18,18,18,18,18,18,18,18
2005,122074,1,1,0,0,0,0,0,0,0,0,0,0
2005,122074,2,1,0,0,0,0,0,0,0,0,0,2
2005,122075,1,1,0,0,0,0,0,24,0,0,0,0
2005,122076,1,1,0,0,0,0,0,0,0,0,0,0
2005,122077,0,1,0,0,0,0,0,0,0,0,7,0
2005,122077,1,1,0,0,0,0,0,0,0,0,0,0
2005,122078,1,1,0,0,0,0,0,0,0,0,0,0
2005,122078,2,1,0,0,0,0,0,0,0,0,0,0
2005,122078,3,1,0,0,0,0,0,0,0,0,0,0
2005,122078,4,1,0,0,0,0,0,0,0,0,0,0
2005,122078,5,1,0,0,0,0,0,0,0,0,0,0
2005,122078,6,1,0,0,0,0,0,0,0,0,0,0