YEAR,ST_CASE,veh_no,per_no,P1,P2,P3,P4,P5,P6,P7,P8,P9,P10
2005,122078,7,1,0,0,0,0,0,0,0,0,0,0
2005,122079,0,1,0,0,0,0,0,0,0,0,0,0
2005,122079,0,2,15,20,0,4,0,0,0,19,0,0
2005,122079,1,1,42,24,10,25,22,11,0,17,15,16
2005,122080,1,1,0,0,0,0,0,0,0,0,0,0
2005,122080,2,1,0,0,0,0,0,0,5,0,0,0
2005,122081,1,1,0,0,0,0,0,0,0,0,0,0
2005,122081,2,1,0,0,0,0,0,0,0,0,0,0
2005,122082,0,1,7,7,7,7,7,7,7,7,7,7
2005,122082,1,1,0,0,0,0,13,0,0,0,0,0
2005,122083,1,1,10,10,10,10,10,10,10,10,10,10
2005,122084,0,1,0,0,0,0,0,0,0,0,0,0
2005,122084,1,1,0,0,0,0,0,0,0,0,0,0
2005,122085,1,1,0,0,0,0,0,0,0,0,0,0
2005,122085,2,1,0,0,0,0,0,0,0,0,0,0
2005,122086,0,1,11,11,11,11,11,11,11,11,11,11
2005,122086,1,1,18,20,7,19,10,15,11,5,5,15
2005,122087,1,1,10,10,10,10,10,10,10,10,10,10
2005,122087,2,1,0,0,0,0,0,0,0,0,0,0
2005,122088,1,1,0,8,8,0,0,0,0,0,0,0
2005,122089,1,1,0,0,0,0,0,15,0,0,14,0
2005,122090,1,1,0,0,0,0,4,0,0,0,0,0
2005,122090,2,1,0,0,0,0,0,0,0,0,0,0
2005,122091,0,1,11,36,29,20,12,14,36,41,20,14
2005,122091,1,1,0,8,12,0,0,24,11,0,23,0
2005,122091,2,1,0,0,0,0,0,0,0,0,0,0
2005,122092,1,1,30,30,30,30,30,30,30,30,30,30
2005,122092,2,1,0,0,0,0,0,0,0,0,0,0
2005,122093,1,1,0,0,0,0,0,0,0,0,0,0
2005,122093,2,1,0,0,0,0,0,0,0,0,0,0
2005,122094,1,1,0,0,0,0,0,0,0,0,0,0
2005,122094,2,1,0,0,0,0,0,0,0,0,0,0
2005,122095,1,1,48,48,48,48,48,48,48,48,48,48
2005,122095,2,1,0,0,0,0,0,0,0,0,0,0
2005,122096,1,1,0,0,0,0,0,0,0,0,0,0
2005,122096,2,1,0,0,0,0,0,0,0,0,0,11
2005,122097,0,1,0,0,7,0,25,0,0,26,0,0
2005,122097,1,1,0,0,0,0,0,0,0,0,0,0
2005,122098,1,1,0,0,0,0,17,0,0,0,0,0
2005,122099,1,1,3,14,21,29,12,9,17,16,7,9
2005,122100,1,1,23,23,23,23,23,23,23,23,23,23
2005,122101,0,1,24,24,24,24,24,24,24,24,24,24
2005,122101,1,1,0,0,0,0,0,0,0,0,0,0
2005,122102,0,1,0,0,0,0,0,0,0,0,0,0
2005,122102,0,2,21,7,0,18,22,0,19,29,25,18
2005,122102,1,1,12,12,12,12,12,12,12,12,12,12
2005,122103,1,1,24,24,24,24,24,24,24,24,24,24
2005,122104,1,1,0,0,0,0,5,0,3,14,5,0
2005,122104,2,1,0,0,0,0,0,0,0,0,0,0
2005,122104,3,1,0,0,18,26,21,0,5,13,18,0
2005,122105,0,1,19,19,19,19,19,19,19,19,19,19
2005,122105,1,1,41,22,15,0,0,14,27,0,26,0
2005,122106,1,1,0,0,0,0,0,0,0,0,0,0
2005,122106,2,1,6,6,6,6,6,6,6,6,6,6
2005,122107,1,1,0,0,0,0,0,0,0,0,0,0
2005,122108,1,1,0,0,0,0,0,0,0,0,0,0
2005,122109,1,1,0,0,0,0,0,0,0,0,0,0
2005,122110,1,1,37,0,0,9,0,15,0,0,0,0
2005,122111,1,1,24,24,24,24,24,24,24,24,24,24
2005,122112,1,1,27,27,27,27,27,27,27,27,27,27
2005,122112,2,1,0,0,0,0,0,0,0,0,0,0
2005,122113,1,1,8,8,8,8,8,8,8,8,8,8
2005,122114,1,1,18,29,26,18,41,28,29,17,22,0
2005,122114,2,1,15,0,0,0,0,22,0,0,16,0
2005,122114,3,1,0,0,0,0,0,0,0,0,11,0
2005,122115,1,1,0,0,0,0,0,0,12,0,0,0
2005,122115,2,1,0,0,0,0,0,0,0,0,0,0
2005,122116,1,1,0,0,0,0,0,0,0,0,0,0
2005,122117,0,1,0,0,0,11,0,0,0,0,0,0
2005,122117,1,1,12,12,12,12,12,12,12,12,12,12
2005,122118,1,1,0,0,0,0,0,0,21,0,0,0
2005,122119,1,1,0,0,0,0,0,0,0,18,0,0
2005,122119,2,1,0,0,0,0,0,0,0,0,0,0
2005,122120,1,1,0,0,0,0,0,0,0,0,0,0
2005,122120,2,1,0,0,0,0,0,0,0,0,0,0
2005,122121,1,1,31,31,31,31,31,31,31,31,31,31
2005,122122,1,1,0,10,10,0,0,4,0,0,0,0
2005,122122,2,1,0,0,0,0,21,0,0,0,0,0
2005,122123,0,1,21,21,21,21,21,21,21,21,21,21
2005,122123,1,1,0,0,0,0,0,0,0,0,0,0
2005,122124,1,1,0,0,0,0,0,0,0,0,0,0
2005,122125,1,1,0,0,0,0,0,0,0,0,0,0
2005,122125,2,1,0,0,0,0,0,0,0,0,0,0
2005,122126,1,1,0,0,0,0,0,0,0,0,0,0
2005,122126,2,1,0,0,0,0,0,0,0,0,0,0
2005,122127,1,1,2,2,2,2,2,2,2,2,2,2
2005,122127,2,1,0,0,0,0,11,0,0,0,0,0
2005,122127,3,1,0,0,0,0,0,0,0,0,0,0
2005,122128,0,1,0,0,0,0,0,0,0,0,0,0
2005,122128,1,1,0,0,10,4,0,0,0,0,0,0
2005,122129,1,1,0,0,0,0,0,0,0,0,0,0
2005,122129,2,1,0,0,0,0,0,0,0,0,0,0
2005,122130,1,1,16,16,16,16,16,16,16,16,16,16
2005,122131,1,1,0,0,0,0,0,0,0,0,0,0
2005,122132,1,1,0,0,0,0,0,0,0,0,0,0
2005,122132,2,1,0,0,20,0,0,0,0,0,23,0
2005,122133,1,1,0,0,0,0,0,0,0,0,0,0
2005,122133,2,1,21,0,3,7,0,0,0,0,0,0
2005,122134,1,1,0,0,0,0,0,0,0,0,0,0
2005,122134,2,1,0,0,0,9,0,0,0,0,0,0
2005,122134,3,1,0,0,0,0,0,0,0,0,0,0
2005,122135,0,1,23,23,23,23,23,23,23,23,23,23
2005,122135,1,1,0,0,0,0,0,0,0,0,0,0
2005,122136,0,1,9,16,17,0,17,0,0,29,22,18
2005,122136,1,1,0,0,0,11,0,0,0,0,0,0
2005,122137,0,1,15,15,15,15,15,15,15,15,15,15
2005,122137,0,2,15,15,15,15,15,15,15,15,15,15
2005,122137,0,3,0,0,0,0,0,0,0,0,0,0
2005,122137,0,4,0,0,0,0,0,0,0,0,0,0
2005,122137,1,1,0,0,0,10,14,12,0,0,5,0
2005,122137,2,1,0,0,21,0,0,0,19,17,0,0
2005,122138,1,1,0,0,0,0,0,0,0,0,0,0
2005,122138,2,1,0,0,0,0,0,0,0,0,0,0
2005,122138,3,1,0,0,0,0,0,0,0,0,0,0
2005,122139,1,1,0,0,0,16,0,16,0,0,0,0
2005,122140,0,1,0,0,0,0,0,0,0,0,0,0
2005,122140,0,2,0,0,0,0,0,0,0,0,0,6
2005,122140,1,1,15,15,15,15,15,15,15,15,15,15
2005,122142,1,1,0,0,0,0,0,0,0,0,0,0
2005,122142,2,1,22,22,22,22,22,22,22,22,22,22
2005,122143,0,1,0,0,0,0,0,36,0,0,0,0
2005,122143,1,1,0,0,0,0,0,0,0,0,0,0
2005,122144,0,1,0,0,0,0,0,0,0,0,0,0
2005,122144,1,1,0,0,0,0,0,0,0,0,0,0
2005,122145,1,1,12,12,12,12,12,12,12,12,12,12
2005,122146,1,1,0,0,0,0,0,0,15,0,20,14
2005,122147,1,1,0,0,0,0,0,0,0,0,0,0
2005,122147,2,1,0,0,0,0,0,0,0,0,0,0
2005,122148,1,1,0,0,0,0,10,29,11,22,19,0
2005,122149,1,1,0,0,0,0,0,0,0,0,0,0
2005,122150,1,1,0,0,0,0,0,0,0,0,0,0
2005,122150,2,1,0,0,0,0,0,0,0,0,0,0
2005,122151,1,1,15,15,15,15,15,15,15,15,15,15
2005,122152,0,1,13,13,13,13,13,13,13,13,13,13
2005,122152,1,1,0,0,0,0,0,0,0,0,0,0
2005,122153,1,1,0,0,0,0,0,0,0,0,0,0
2005,122154,0,1,0,5,0,0,0,0,0,0,0,0
2005,122154,0,2,0,0,0,0,0,0,22,0,0,0
2005,122154,1,1,0,0,0,0,0,0,0,0,0,0
2005,122154,2,1,0,0,0,0,0,0,0,0,0,0
2005,122155,0,1,0,0,0,0,0,0,0,0,0,0
2005,122155,1,1,0,0,0,0,0,0,0,0,0,0
2005,122155,2,1,0,0,0,0,0,0,0,0,0,0
2005,122156,1,1,12,12,12,12,12,12,12,12,12,12
2005,122157,1,1,13,0,0,0,0,0,25,0,0,0
2005,122157,2,1,0,0,0,0,0,0,0,0,0,0
2005,122158,1,1,14,14,14,14,14,14,14,14,14,14
2005,122159,1,1,0,0,0,0,0,0,0,0,0,0
2005,122160,1,1,0,29,5,0,24,0,27,5,0,7
2005,122160,2,1,0,0,0,0,0,0,0,0,0,0
2005,122161,1,1,0,0,0,0,0,0,0,0,0,0
2005,122161,2,1,0,0,0,0,0,0,0,0,0,0
2005,122162,1,1,0,0,0,0,0,0,0,0,0,0
2005,122162,2,1,0,0,0,0,0,0,0,0,0,0
2005,122163,1,1,3,3,3,3,3,3,3,3,3,3
2005,122164,0,1,0,0,0,0,0,0,0,0,0,0
2005,122164,1,1,0,0,0,0,0,0,0,0,11,0
2005,122165,1,1,0,0,0,0,0,0,0,0,0,0
2005,122166,1,1,0,0,0,10,30,32,0,0,24,0
2005,122167,0,1,0,0,0,0,0,0,0,0,0,0
2005,122167,1,1,0,0,0,0,0,0,0,0,0,0
2005,122168,1,1,0,0,0,0,0,0,0,0,0,0
2005,122168,2,1,7,7,7,7,7,7,7,7,7,7
2005,122169,1,1,19,19,19,19,19,19,19,19,19,19
2005,122170,1,1,0,0,0,0,0,0,0,0,0,0
2005,122170,2,1,0,0,0,0,0,0,0,0,0,0
2005,122171,0,1,13,0,0,0,0,28,0,0,0,0
2005,122171,1,1,0,0,0,0,0,0,0,0,0,16
2005,122172,1,1,0,0,0,0,0,0,0,0,0,0
2005,122172,2,1,0,0,0,0,0,0,0,0,0,0
2005,122173,1,1,24,24,24,24,24,24,24,24,24,24
2005,122174,1,1,20,20,20,20,20,20,20,20,20,20
2005,122175,1,1,14,14,14,14,14,14,14,14,14,14
2005,122176,1,1,33,33,33,33,33,33,33,33,33,33
2005,122177,1,1,15,15,15,15,15,15,15,15,15,15
2005,122177,2,1,0,0,0,0,0,0,0,0,0,0
2005,122178,0,1,0,0,0,0,0,0,0,0,0,0
2005,122178,1,1,19,19,19,19,19,19,19,19,19,19
2005,122180,1,1,0,0,0,0,0,0,0,0,0,0
2005,122181,0,1,20,20,20,20,20,20,20,20,20,20
2005,122181,1,1,8,0,0,20,0,0,0,0,20,0
2005,122182,1,1,1,1,1,1,1,1,1,1,1,1
2005,122182,2,1,0,0,0,0,0,0,0,0,0,0
2005,122184,1,1,12,12,12,12,12,12,12,12,12,12
2005,122185,1,1,0,0,0,0,0,0,0,0,0,0
2005,122185,2,1,0,0,0,0,0,0,0,0,0,0
2005,122186,1,1,0,0,0,0,0,0,0,0,0,0
2005,122186,2,1,0,0,0,0,0,0,0,0,0,0
2005,122187,1,1,0,0,0,0,0,0,0,0,0,0
2005,122188,1,1,0,36,0,24,0,0,18,0,11,0
2005,122189,0,1,21,21,21,21,21,21,21,21,21,21
2005,122189,1,1,12,0,13,17,8,0,0,9,9,0
2005,122189,2,1,0,0,12,0,0,0,0,0,0,0
2005,122190,0,1,0,0,0,0,0,0,15,0,0,9
2005,122190,1,1,0,0,0,0,0,0,0,0,0,0
2005,122191,0,1,0,0,0,0,0,0,0,0,0,20
2005,122191,1,1,0,0,0,0,0,0,0,0,0,0
2005,122192,1,1,28,28,28,28,28,28,28,28,28,28
2005,122192,2,1,0,0,0,0,0,0,0,0,0,0
2005,122192,3,1,0,0,0,0,0,0,0,0,0,0
2005,122192,4,1,0,0,0,0,0,0,0,0,0,0
2005,122192,5,1,0,16,0,0,0,0,0,0,0,0
2005,122193,0,1,0,0,0,0,0,0,0,0,0,0
2005,122193,1,1,0,0,0,0,0,0,0,0,0,0
2005,122194,1,1,0,9,0,0,0,0,0,0,0,0
2005,122194,2,1,0,29,0,0,0,0,0,23,0,0
2005,122194,3,1,0,0,0,0,0,0,0,0,0,0
2005,122195,1,1,0,9,0,12,0,14,0,0,25,0
2005,122195,2,1,0,0,0,0,0,0,0,0,0,0
2005,122196,1,1,0,16,0,0,0,0,0,0,0,13
2005,122196,2,1,0,0,0,0,0,0,0,9,0,0
2005,122197,1,1,0,0,0,0,0,0,0,0,0,0
2005,122197,2,1,0,0,0,10,0,0,0,0,0,0
2005,122198,1,1,9,9,9,9,9,9,9,9,9,9
2005,122199,1,1,20,20,20,20,20,20,20,20,20,20
2005,122200,1,1,0,0,0,0,0,0,0,0,0,0
2005,122200,2,1,0,0,0,0,9,0,0,0,0,0
2005,122200,3,1,0,0,0,0,0,0,0,0,0,0
2005,122200,4,1,0,0,0,0,0,0,0,0,0,0
2005,122201,1,1,11,11,11,11,11,11,11,11,11,11
2005,122201,2,1,0,0,0,0,19,0,7,10,0,5
2005,122202,1,1,0,0,0,0,0,0,0,0,0,0
2005,122202,2,1,0,0,8,0,11,0,0,0,0,0
2005,122202,3,1,0,0,0,0,0,0,0,0,0,9
2005,122203,1,1,0,0,0,0,0,0,0,0,0,0
2005,122203,2,1,0,0,0,0,0,0,0,0,0,0
2005,122203,3,1,0,0,0,0,7,0,0,0,0,0
2005,122204,0,1,23,23,23,23,23,23,23,23,23,23
2005,122204,0,2,7,7,7,7,7,7,7,7,7,7
2005,122204,1,1,0,8,0,15,0,0,0,0,0,0
2005,122205,1,1,0,0,0,0,0,0,0,0,0,0
2005,122206,1,1,0,0,0,0,0,0,4,0,0,11
2005,122206,2,1,0,0,0,0,26,0,0,0,0,0
2005,122207,0,1,20,20,20,20,20,20,20,20,20,20
2005,122207,0,2,5,0,23,48,0,14,20,0,0,12
2005,122207,1,1,21,0,31,8,21,26,28,0,0,0
2005,122208,0,1,0,0,0,0,0,0,0,0,0,0
2005,122208,1,1,4,0,0,0,0,0,9,0,0,0
2005,122209,1,1,0,0,0,0,0,0,0,0,0,0
2005,122209,2,1,0,0,0,0,0,0,0,0,0,0
2005,122210,1,1,0,0,0,0,0,0,0,0,0,0
2005,122210,2,1,0,0,0,0,0,0,0,0,0,0
2005,122210,3,1,0,0,0,0,0,0,0,0,0,0
2005,122210,4,1,0,0,0,0,0,0,0,0,0,0
2005,122211,1,1,0,0,0,0,0,0,0,0,0,0
2005,122211,2,1,0,0,0,0,0,0,0,0,0,0
2005,122212,1,1,6,7,0,0,6,0,0,5,18,14
2005,122213,0,1,24,24,24,24,24,24,24,24,24,24
2005,122213,1,1,0,0,0,0,0,0,0,0,0,0
2005,122214,0,1,0,24,8,0,0,0,0,0,2,0
2005,122214,1,1,0,0,0,18,0,0,0,0,17,0
2005,122215,0,1,0,0,0,0,0,0,0,0,0,0
2005,122215,1,1,0,0,0,0,0,0,0,0,0,0
2005,122216,1,1,20,20,20,20,20,20,20,20,20,20
2005,122217,1,1,0,0,0,0,0,0,0,0,0,0
2005,122218,1,1,24,24,24,24,24,24,24,24,24,24
2005,122219,1,1,22,13,23,12,15,8,19,11,10,0
2005,122219,2,1,0,0,10,13,8,0,0,0,16,17
2005,122219,3,1,0,0,14,0,8,0,5,0,0,0
2005,122220,0,1,40,40,40,40,40,40,40,40,40,40
2005,122220,1,1,0,0,0,0,0,0,0,13,0,0
2005,122221,1,1,20,20,20,20,20,20,20,20,20,20
2005,122222,1,1,8,0,0,0,7,0,0,15,0,0
2005,122222,2,1,8,0,0,0,0,0,0,0,6,0
2005,122223,1,1,0,0,0,0,0,0,0,0,0,0
2005,122223,2,1,0,0,0,0,0,0,0,7,11,0
2005,122224,1,1,0,0,0,0,0,0,0,0,0,0
2005,122224,2,1,0,0,0,0,0,0,0,0,0,0
2005,122225,1,1,18,18,18,18,18,18,18,18,18,18
2005,122226,1,1,32,32,32,32,32,32,32,32,32,32
2005,122226,2,1,0,0,12,0,14,10,0,0,0,0
2005,122227,1,1,0,0,0,0,0,0,0,0,0,0
2005,122228,1,1,0,0,0,0,0,0,2,0,0,0
2005,122228,2,1,0,0,0,0,0,0,0,0,0,0
2005,122229,1,1,26,26,26,26,26,26,26,26,26,26
2005,122229,2,1,6,6,6,6,6,6,6,6,6,6
2005,122230,1,1,20,20,20,20,20,20,20,20,20,20
2005,122230,2,1,0,0,0,0,0,0,0,0,0,0
2005,122231,1,1,0,0,0,0,24,0,0,0,0,0
2005,122231,2,1,0,0,0,0,0,0,0,0,0,0
2005,122232,0,1,0,24,0,0,0,0,0,0,0,0
2005,122232,1,1,0,0,0,0,0,0,0,0,11,20
2005,122233,1,1,19,19,19,19,19,19,19,19,19,19
2005,122234,0,1,23,29,0,0,0,26,14,0,0,0
2005,122234,1,1,8,0,0,0,0,0,0,0,0,0
2005,122235,0,1,0,0,0,0,0,0,0,0,0,0
2005,122235,1,1,0,0,0,0,0,0,0,0,0,0
2005,122236,0,1,0,0,0,14,0,0,0,16,0,18
2005,122236,1,1,0,0,0,0,0,0,0,0,0,0
2005,122237,1,1,0,0,0,0,0,0,0,0,0,0
2005,122238,1,1,0,0,0,0,0,0,0,0,0,0
2005,122239,0,1,40,40,40,40,40,40,40,40,40,40
2005,122239,1,1,0,0,0,0,0,0,0,0,0,0
2005,122240,1,1,17,17,17,17,17,17,17,17,17,17
2005,122241,1,1,0,0,0,0,0,0,0,0,0,0
2005,122242,0,1,0,0,0,0,0,0,0,0,0,0
2005,122242,1,1,0,0,0,0,0,0,0,0,0,0
2005,122243,1,1,0,0,0,0,0,0,0,0,0,0
2005,122244,2,1,0,0,0,0,0,0,0,0,0,0
2005,122245,1,1,0,0,0,0,0,0,0,0,0,0
2005,122245,2,1,4,0,0,0,0,0,0,0,0,0
2005,122246,0,1,15,15,15,15,15,15,15,15,15,15
2005,122246,1,1,0,0,0,0,0,0,0,0,0,0
2005,122247,0,1,0,0,0,0,0,0,0,0,0,0
2005,122247,1,1,0,0,0,0,0,0,0,0,0,0
2005,122247,2,1,0,0,0,0,0,0,0,0,11,0
2005,122248,1,1,0,0,0,0,0,0,0,0,0,0
2005,122248,2,1,0,0,0,0,0,0,0,0,0,0
2005,122248,3,1,0,0,0,0,0,0,0,0,0,0
2005,122248,4,1,0,0,0,0,0,0,0,0,0,0
2005,122249,1,1,0,0,0,0,0,0,0,0,0,0
2005,122250,1,1,16,16,16,16,16,16,16,16,16,16
2005,122250,2,1,0,0,0,0,0,0,0,0,0,0
2005,122252,1,1,16,16,16,16,16,16,16,16,16,16
2005,122253,1,1,25,19,0,0,0,6,8,0,0,0
2005,122253,2,1,0,0,0,0,0,0,0,0,0,0
2005,122253,3,1,24,23,20,10,12,24,0,6,9,13
2005,122254,1,1,31,31,31,31,31,31,31,31,31,31
2005,122255,1,1,0,0,0,0,0,0,0,0,0,0
2005,122255,2,1,0,0,0,0,0,0,0,0,0,0
2005,122256,0,1,0,0,0,0,0,12,0,0,0,0
2005,122256,1,1,0,0,0,0,0,0,0,0,0,0
2005,122257,1,1,17,0,0,0,0,0,0,0,0,9
2005,122257,2,1,0,0,0,0,0,0,0,0,0,0
2005,122258,1,1,0,0,0,0,0,0,0,0,0,0
2005,122258,2,1,0,13,0,0,0,0,0,0,0,7
2005,122258,3,1,0,0,0,5,0,0,0,0,0,16
2005,122258,4,1,0,0,0,0,0,0,0,0,0,0
2005,122259,1,1,0,0,0,0,0,0,0,0,0,0
2005,122259,2,1,0,0,0,0,0,15,0,0,0,0
2005,122260,1,1,6,6,6,6,6,6,6,6,6,6
2005,122261,0,1,16,0,19,0,0,0,0,10,0,0
2005,122261,1,1,2,0,22,0,0,0,24,0,13,0
2005,122261,2,1,21,0,5,0,0,22,0,0,0,0
2005,122262,1,1,9,9,9,9,9,9,9,9,9,9
2005,122262,2,1,26,0,30,0,0,0,0,8,0,0
2005,122263,1,1,0,0,0,0,0,0,0,0,0,0
2005,122264,0,1,0,0,0,0,0,0,0,0,0,0
2005,122264,1,1,0,0,0,0,0,0,0,0,0,0
2005,122265,1,1,0,0,0,0,0,0,0,0,0,0
2005,122265,2,1,0,0,0,0,0,0,0,0,0,0
2005,122266,1,1,0,0,8,0,0,0,9,31,21,0
2005,122266,2,1,0,0,0,0,0,0,0,0,0,0
2005,122267,1,1,0,0,0,0,0,0,0,0,0,0
2005,122268,1,1,20,9,0,28,5,6,17,0,8,28
2005,122268,2,1,0,0,0,0,8,0,0,17,0,18
2005,122269,1,1,10,10,10,10,10,10,10,10,10,10
2005,122270,1,1,22,22,22,22,22,22,22,22,22,22
2005,122270,2,1,0,0,0,0,13,9,12,0,0,22
2005,122271,1,1,15,15,15,15,15,15,15,15,15,15
2005,122272,1,1,0,0,0,0,0,0,0,6,0,7
2005,122273,1,1,0,0,0,0,0,0,0,0,0,0
2005,122273,2,1,12,0,15,5,15,10,13,0,17,0
2005,122274,1,1,8,8,8,8,8,8,8,8,8,8
2005,122275,0,1,9,9,9,9,9,9,9,9,9,9
2005,122275,1,1,5,22,0,0,20,15,10,0,0,0
2005,122276,1,1,13,13,13,13,13,13,13,13,13,13
2005,122276,2,1,0,0,0,0,0,0,18,0,0,0
2005,122277,1,1,0,0,0,0,0,0,0,0,0,30
2005,122278,1,1,0,0,0,0,0,0,0,0,0,0
2005,122278,2,1,0,0,0,0,0,0,0,0,0,0
2005,122279,1,1,0,0,0,0,0,0,0,0,0,0
2005,122279,2,1,0,0,0,0,0,0,0,0,0,0
2005,122280,1,1,0,0,0,9,0,0,0,0,20,13
2005,122280,2,1,0,10,0,0,0,6,8,0,3,9
2005,122281,1,1,16,16,16,16,16,16,16,16,16,16
2005,122281,2,1,8,0,0,0,0,0,0,0,0,0
2005,122283,1,1,0,0,0,0,0,0,0,0,0,0
2005,122283,2,1,0,0,0,0,0,0,27,0,16,22
2005,122284,1,1,0,0,0,0,0,0,0,0,0,0
2005,122284,2,1,0,0,0,0,0,0,0,0,0,0
2005,122285,1,1,0,0,0,0,0,22,22,0,0,25
2005,122286,1,1,0,0,0,0,0,0,0,0,0,0
2005,122286,2,1,0,0,5,0,5,0,0,0,0,27
2005,122287,1,1,0,21,0,0,19,16,0,0,0,19
2005,122288,0,1,34,11,0,32,14,16,0,17,0,0
2005,122288,1,1,23,22,22,0,19,24,19,11,31,10
2005,122289,1,1,0,43,0,14,0,0,2,9,0,13
2005,122289,2,1,21,14,12,0,0,17,0,0,10,0
2005,122290,1,1,0,0,0,0,0,0,0,0,0,0
2005,122291,1,1,0,0,0,0,0,0,0,0,3,0
2005,122291,2,1,0,0,0,0,0,0,0,0,0,0
2005,122292,0,1,0,0,0,0,0,0,0,0,0,0
2005,122292,1,1,0,0,0,0,0,0,0,0,0,0
2005,122293,1,1,29,29,29,29,29,29,29,29,29,29
2005,122294,2,1,32,0,19,0,0,0,0,0,18,0
2005,122295,1,1,0,0,0,0,0,0,0,0,0,0
2005,122295,2,1,13,0,0,0,0,0,0,0,0,0
2005,122296,1,1,0,0,0,0,0,0,0,0,0,0
2005,122297,1,1,0,0,0,0,0,0,0,0,0,0
2005,122297,2,1,0,0,0,0,0,0,0,0,0,0
2005,122298,1,1,0,0,0,0,0,0,0,0,0,0
2005,122298,2,1,0,0,0,0,0,0,0,0,0,0
2005,122299,1,1,0,0,0,0,0,0,0,0,0,0
2005,122300,1,1,0,0,0,0,0,0,0,0,0,0
2005,122300,2,1,0,0,0,0,0,0,0,0,0,0
2005,122301,1,1,0,0,0,0,0,0,0,0,0,0
2005,122302,0,1,0,0,0,0,0,0,0,0,0,0
2005,122302,1,1,0,0,0,0,12,0,0,13,13,0
2005,122302,2,1,25,0,0,0,24,0,0,0,27,0
2005,122303,1,1,0,0,0,0,0,0,0,0,0,0
2005,122303,2,1,0,0,0,0,0,0,15,0,0,0
2005,122303,3,1,0,0,0,0,0,0,0,0,0,0
2005,122304,1,1,0,20,20,10,0,26,10,0,10,0
2005,122305,1,1,8,8,8,8,8,8,8,8,8,8
2005,122305,2,1,0,0,0,0,0,0,0,0,0,0
2005,122306,1,1,0,0,0,0,0,0,0,0,0,0
2005,122306,2,1,0,0,0,7,0,0,0,0,0,0
2005,122306,3,1,0,0,4,15,0,0,0,0,0,0
2005,122307,1,1,30,0,0,0,0,0,0,0,0,8
2005,122308,1,1,0,0,0,0,0,0,0,0,0,0
2005,122308,2,1,0,0,0,9,0,0,0,10,0,0
2005,122309,0,1,0,0,0,0,0,0,0,0,0,0
2005,122309,1,1,10,7,16,0,0,0,25,0,0,0
2005,122310,1,1,0,0,0,0,0,0,0,0,0,0
2005,122310,2,1,0,0,0,0,0,0,0,0,0,0
2005,122311,1,1,15,15,15,15,15,15,15,15,15,15
2005,122312,1,1,0,0,0,0,0,0,0,0,0,0
2005,122312,2,1,0,0,0,0,0,0,0,0,0,0
2005,122313,0,1,0,16,10,0,0,0,0,0,0,0
2005,122313,1,1,5,0,0,13,0,0,0,0,0,10
2005,122314,1,1,0,0,0,0,0,0,0,0,0,0
2005,122314,2,1,0,0,0,0,0,0,0,0,0,0
2005,122315,1,1,0,0,0,0,0,0,0,0,0,0
2005,122315,2,1,0,0,0,0,0,0,0,0,9,0
2005,122316,0,1,0,0,0,26,0,0,0,0,0,31
2005,122316,0,2,51,0,23,0,4,5,0,9,0,29
2005,122316,0,3,0,0,11,0,0,17,28,0,0,0
2005,122316,1,1,0,0,0,0,0,0,0,0,0,0
2005,122317,0,1,0,0,0,0,0,0,0,0,0,0
2005,122317,1,1,0,0,12,0,0,0,13,0,0,17
2005,122318,1,1,2,2,2,2,2,2,2,2,2,2
2005,122318,2,1,0,0,14,0,0,17,12,0,10,0
2005,122319,1,1,0,0,0,0,9,0,0,0,0,0
2005,122319,2,1,0,0,0,0,0,0,0,0,0,0
2005,122320,2,1,0,0,0,0,0,0,0,0,0,0
2005,122321,1,1,0,0,0,0,0,0,0,0,0,0
2005,122321,2,1,0,24,0,13,0,0,0,0,0,0
2005,122322,1,1,0,0,0,0,0,0,0,0,0,0
2005,122322,2,1,0,0,0,0,0,0,0,0,0,0
2005,122323,1,1,0,0,0,0,11,0,0,0,0,0
2005,122323,2,1,0,0,0,0,0,0,0,0,0,0
2005,122324,2,1,12,0,0,0,0,14,15,23,0,0
2005,122325,1,1,0,0,0,28,0,0,0,20,0,0
2005,122325,2,1,0,0,0,0,0,0,0,0,0,0
2005,122326,1,1,22,22,22,22,22,22,22,22,22,22
2005,122327,1,1,20,20,20,20,20,20,20,20,20,20
2005,122327,2,1,0,0,20,0,0,0,0,0,0,6
2005,122328,1,1,0,0,0,0,0,0,0,0,0,0
2005,122329,1,1,24,24,24,24,24,24,24,24,24,24
2005,122330,1,1,0,0,0,0,0,0,0,0,0,0
2005,122331,1,1,0,0,0,0,0,0,0,0,0,0
2005,122331,2,1,0,0,0,0,0,0,0,0,0,0
2005,122332,1,1,0,0,0,0,0,0,0,0,0,0
2005,122332,2,1,0,0,0,0,0,0,0,0,0,0
2005,122333,1,1,0,0,0,0,0,0,0,0,0,0
2005,122333,2,1,0,0,0,0,0,0,0,0,0,0
2005,122334,1,1,0,0,0,0,0,0,0,0,0,0
2005,122335,1,1,13,13,13,13,13,13,13,13,13,13