YEAR,ST_CASE,veh_no,per_no,P1,P2,P3,P4,P5,P6,P7,P8,P9,P10
2005,122336,1,1,11,11,11,11,11,11,11,11,11,11
2005,122336,2,1,13,0,8,24,0,0,0,10,18,13
2005,122337,1,1,26,26,26,26,26,26,26,26,26,26
2005,122338,1,1,12,12,12,12,12,12,12,12,12,12
2005,122339,1,1,0,0,0,0,0,0,0,0,0,0
2005,122339,2,1,0,0,0,0,0,0,0,0,0,0
2005,122340,1,1,0,0,0,0,0,0,0,0,0,0
2005,122340,2,1,0,0,0,0,0,0,0,0,0,0
2005,122340,3,1,0,0,0,0,0,0,0,17,0,0
2005,122340,4,1,0,0,0,0,0,0,0,0,0,0
2005,122341,1,1,26,26,26,26,26,26,26,26,26,26
2005,122341,2,1,0,0,0,0,0,0,0,0,0,0
2005,122342,1,1,0,0,0,0,0,0,0,0,0,0
2005,122343,1,1,0,0,12,15,18,0,0,0,0,0
2005,122343,2,1,0,0,7,0,13,0,7,17,0,0
2005,122344,0,1,0,0,0,0,11,26,28,0,0,0
2005,122344,1,1,0,20,0,0,0,0,0,0,0,0
2005,122344,2,1,0,0,0,0,0,33,0,29,33,15
2005,122345,0,1,0,0,33,15,25,0,20,18,25,46
2005,122345,1,1,0,0,0,0,0,0,0,0,0,0
2005,122346,1,1,16,16,16,16,16,16,16,16,16,16
2005,122347,1,1,15,15,15,15,15,15,15,15,15,15
2005,122348,1,1,0,0,0,0,0,0,0,0,0,0
2005,122348,2,1,0,0,0,0,0,0,0,0,0,0
2005,122349,1,1,12,12,12,12,12,12,12,12,12,12
2005,122350,0,1,33,33,33,33,33,33,33,33,33,33
2005,122350,1,1,0,0,9,0,0,0,0,0,0,0
2005,122351,1,1,0,20,0,0,0,15,16,0,8,17
2005,122351,2,1,0,0,0,0,0,14,11,0,0,0
2005,122351,3,1,0,0,0,0,0,0,0,0,0,0
2005,122352,0,1,0,0,0,25,0,0,0,0,0,12
2005,122352,1,1,0,0,0,0,0,0,0,0,0,0
2005,122353,1,1,12,12,12,12,12,12,12,12,12,12
2005,122353,2,1,0,22,0,17,0,0,0,0,12,21
2005,122354,0,1,34,0,22,23,18,20,0,0,38,18
2005,122354,1,1,0,0,12,0,0,0,0,22,0,0
2005,122354,2,1,0,0,0,0,15,0,13,0,0,8
2005,122355,0,1,0,21,22,17,0,0,0,15,0,14
2005,122355,1,1,29,29,29,29,29,29,29,29,29,29
2005,122357,1,1,0,25,0,8,0,0,15,0,0,0
2005,122357,2,1,0,0,0,0,0,0,0,0,0,0
2005,122357,3,1,0,0,0,0,0,0,0,15,0,0
2005,122358,1,1,0,0,0,0,0,0,0,0,0,0
2005,122359,0,1,30,30,30,30,30,30,30,30,30,30
2005,122359,1,1,0,0,0,0,0,0,0,0,0,0
2005,122360,1,1,0,0,0,0,0,0,0,0,0,0
2005,122360,2,1,18,18,18,18,18,18,18,18,18,18
2005,122361,1,1,0,0,0,0,0,0,0,0,0,0
2005,122361,2,1,0,0,0,0,0,0,0,0,0,0
2005,122362,0,1,0,0,0,0,0,0,0,0,0,0
2005,122362,1,1,0,0,0,0,0,6,0,0,0,0
2005,122363,0,1,0,0,0,0,0,0,0,0,0,0
2005,122363,1,1,0,24,0,0,0,0,0,0,8,0
2005,122364,1,1,0,0,0,0,0,0,0,0,0,0
2005,122364,2,1,0,0,10,0,0,0,0,0,0,0
2005,122365,1,1,0,12,17,0,4,20,24,18,22,23
2005,122365,2,1,0,0,0,0,0,0,0,0,0,0
2005,122366,0,1,6,6,6,6,6,6,6,6,6,6
2005,122366,1,1,0,0,0,0,0,0,0,0,0,0
2005,122367,0,1,0,0,0,0,0,0,0,0,0,0
2005,122367,1,1,0,0,0,0,0,0,0,0,0,0
2005,122368,1,1,24,24,24,24,24,24,24,24,24,24
2005,122369,1,1,21,21,21,21,21,21,21,21,21,21
2005,122370,0,1,0,0,0,0,0,0,0,0,0,0
2005,122370,0,2,16,0,0,0,0,11,13,0,17,16
2005,122370,1,1,0,0,0,0,0,0,0,0,0,0
2005,122371,1,1,0,0,0,0,0,0,0,0,0,0
2005,122371,2,1,0,0,0,0,0,0,0,0,0,0
2005,122372,0,1,8,8,8,8,8,8,8,8,8,8
2005,122372,1,1,16,16,16,16,16,16,16,16,16,16
2005,122373,1,1,37,37,37,37,37,37,37,37,37,37
2005,122374,1,1,0,17,3,0,0,11,0,0,0,0
2005,122374,2,1,27,27,27,27,27,27,27,27,27,27
2005,122375,1,1,0,0,0,0,0,0,0,0,0,0
2005,122375,2,1,0,0,0,0,0,0,0,0,0,0
2005,122376,0,1,26,0,9,0,0,19,0,0,0,0
2005,122376,1,1,0,0,0,0,0,0,0,29,0,0
2005,122377,0,1,0,0,0,0,0,0,0,0,0,0
2005,122377,1,1,0,14,0,0,0,0,0,0,0,0
2005,122378,1,1,21,0,20,18,23,31,0,0,0,19
2005,122378,2,1,0,0,0,0,0,0,0,0,0,0
2005,122378,3,1,0,0,0,0,0,0,0,0,0,0
2005,122378,4,1,0,0,0,0,0,0,0,0,0,0
2005,122378,5,1,0,0,0,0,0,0,0,0,0,0
2005,122379,1,1,0,0,0,0,0,0,0,0,0,0
2005,122379,2,1,0,0,0,0,0,0,0,0,0,0
2005,122380,1,1,15,15,15,15,15,15,15,15,15,15
2005,122380,2,1,0,0,0,0,0,0,0,0,0,0
2005,122381,1,1,0,0,0,0,0,0,0,0,0,0
2005,122381,2,1,0,0,0,0,0,0,0,0,0,0
2005,122381,3,1,0,0,0,0,0,0,0,0,0,0
2005,122382,1,1,0,0,0,0,0,0,3,0,0,0
2005,122382,2,1,0,0,0,0,0,0,0,0,0,0
2005,122382,3,1,0,0,0,0,0,0,0,0,0,0
2005,122383,0,1,1,1,1,1,1,1,1,1,1,1
2005,122383,1,1,32,0,0,0,0,31,0,0,0,0
2005,122383,2,1,0,0,0,0,0,0,0,0,0,0
2005,122384,1,1,0,0,0,0,0,0,0,0,0,0
2005,122385,1,1,0,0,0,0,0,0,0,0,0,0
2005,122385,2,1,0,0,0,0,0,0,8,0,0,0
2005,122386,1,1,0,0,0,0,0,0,0,0,0,0
2005,122386,2,1,0,0,0,0,0,0,0,0,0,0
2005,122386,3,1,0,0,0,0,0,0,0,0,0,0
2005,122387,1,1,33,33,33,33,33,33,33,33,33,33
2005,122387,2,1,9,0,0,0,0,0,0,0,0,0
2005,122388,0,1,0,0,0,0,0,0,0,0,0,0
2005,122388,1,1,0,0,0,0,0,0,0,0,0,0
2005,122389,1,1,0,0,0,0,0,0,0,0,0,0
2005,122390,1,1,0,18,0,0,7,0,0,0,0,0
2005,122390,2,1,0,0,0,0,0,0,0,0,0,0
2005,122391,1,1,0,0,0,0,0,0,0,0,0,0
2005,122391,2,1,0,0,0,0,0,0,0,0,0,0
2005,122392,0,1,0,0,0,0,0,0,0,0,0,0
2005,122392,1,1,0,0,0,0,0,0,0,0,0,0
2005,122393,0,1,0,13,0,0,32,0,0,0,0,0
2005,122393,1,1,0,0,0,0,0,0,0,0,0,0
2005,122394,0,1,25,0,14,0,0,0,24,20,14,19
2005,122394,1,1,0,0,0,22,0,0,0,0,0,0
2005,122395,0,1,32,32,32,32,32,32,32,32,32,32
2005,122395,1,1,0,0,0,0,0,0,0,0,0,0
2005,122396,1,1,8,8,8,8,8,8,8,8,8,8
2005,122397,1,1,0,0,0,0,0,0,0,0,0,0
2005,122398,1,1,22,22,22,22,22,22,22,22,22,22
2005,122398,2,1,0,0,0,0,0,0,0,0,0,0
2005,122399,1,1,0,0,0,0,0,0,0,0,0,0
2005,122399,2,1,0,0,0,0,0,0,0,0,0,0
2005,122400,1,1,0,0,0,0,0,0,0,0,0,0
2005,122400,2,1,0,0,0,0,0,0,0,0,0,0
2005,122401,1,1,0,0,0,0,0,0,0,0,0,0
2005,122401,2,1,0,0,0,0,0,0,0,0,0,0
2005,122402,1,1,0,0,0,0,0,0,0,17,0,0
2005,122402,2,1,0,0,0,0,0,0,0,0,0,0
2005,122403,1,1,0,0,0,0,0,0,0,0,0,0
2005,122403,2,1,0,0,0,0,0,0,0,0,0,0
2005,122404,1,1,18,18,18,18,18,18,18,18,18,18
2005,122405,1,1,19,19,19,19,19,19,19,19,19,19
2005,122406,0,1,30,30,30,30,30,30,30,30,30,30
2005,122406,1,1,0,20,10,0,0,0,0,10,0,11
2005,122406,2,1,0,0,0,0,0,0,0,0,0,0
2005,122407,1,1,6,6,6,6,6,6,6,6,6,6
2005,122408,1,1,8,8,8,8,8,8,8,8,8,8
2005,122409,1,1,0,0,0,0,0,0,0,0,0,0
2005,122409,2,1,0,0,0,0,0,0,0,0,0,0
2005,122410,1,1,19,19,19,19,19,19,19,19,19,19
2005,122410,2,1,0,0,0,0,0,0,0,0,0,0
2005,122411,1,1,0,0,0,0,0,0,0,0,0,0
2005,122411,2,1,0,0,0,0,0,0,0,0,0,0
2005,122412,1,1,0,0,0,0,0,0,0,0,0,0
2005,122412,2,1,0,0,0,0,0,0,0,0,0,0
2005,122413,1,1,13,13,13,13,13,13,13,13,13,13
2005,122414,0,1,16,16,16,16,16,16,16,16,16,16
2005,122414,1,1,0,0,0,15,0,0,0,0,12,13
2005,122415,1,1,21,21,21,21,21,21,21,21,21,21
2005,122416,0,1,18,18,18,18,18,18,18,18,18,18
2005,122416,1,1,0,0,0,0,0,0,0,0,9,0
2005,122417,1,1,18,0,15,0,0,0,12,0,0,17
2005,122418,1,1,0,0,0,0,0,0,0,0,0,0
2005,122419,1,1,0,0,0,0,0,0,0,14,0,0
2005,122419,2,1,22,22,22,22,22,22,22,22,22,22
2005,122420,1,1,0,0,0,0,0,18,0,0,0,20
2005,122421,1,1,0,0,0,0,0,0,0,0,0,0
2005,122421,2,1,0,0,0,0,0,0,0,0,0,0
2005,122422,0,1,0,0,27,24,0,0,0,24,0,0
2005,122422,0,2,0,0,0,0,0,0,0,0,0,0
2005,122422,1,1,0,0,0,0,0,0,0,0,0,0
2005,122423,1,1,0,0,0,0,0,0,0,0,0,14
2005,122423,2,1,0,13,0,0,0,0,0,0,0,0
2005,122423,3,1,0,0,0,0,0,0,0,0,0,0
2005,122424,1,1,0,0,0,0,0,0,0,0,0,0
2005,122424,2,1,0,0,0,0,0,0,0,0,0,0
2005,122425,1,1,0,0,0,0,0,0,0,0,0,0
2005,122425,2,1,0,0,0,0,0,0,0,0,0,0
2005,122426,1,1,0,0,0,0,0,0,0,0,0,0
2005,122427,0,1,0,0,0,0,0,0,0,0,0,0
2005,122427,1,1,0,0,0,0,0,0,0,0,0,0
2005,122428,1,1,0,15,13,20,21,3,6,26,0,3
2005,122428,2,1,22,22,22,22,22,22,22,22,22,22
2005,122429,0,1,0,0,0,0,0,0,0,0,0,0
2005,122429,1,1,0,20,5,0,0,14,0,0,0,0
2005,122430,1,1,0,0,0,0,0,0,0,0,0,0
2005,122430,2,1,0,0,0,0,0,0,0,0,0,0
2005,122431,1,1,0,0,0,0,0,0,0,0,0,0
2005,122432,1,1,0,0,0,0,0,0,0,0,0,0
2005,122432,2,1,0,0,0,0,0,0,0,0,0,0
2005,122433,1,1,0,0,0,6,0,0,0,0,0,0
2005,122433,2,1,0,0,0,10,0,0,0,0,0,0
2005,122433,3,1,0,0,0,0,0,0,0,0,0,0
2005,122434,1,1,0,6,0,0,0,0,0,0,0,0
2005,122434,2,1,0,0,0,0,0,0,0,0,0,0
2005,122435,1,1,0,9,21,0,0,0,0,12,14,0
2005,122436,1,1,0,0,0,0,0,0,16,0,0,0
2005,122436,2,1,0,0,0,0,0,0,0,0,0,0
2005,122437,1,1,18,18,18,18,18,18,18,18,18,18
2005,122438,1,1,21,21,21,21,21,21,21,21,21,21
2005,122438,2,1,0,0,0,0,0,0,0,0,0,0
2005,122439,1,1,0,0,0,0,0,0,0,0,0,0
2005,122439,2,1,0,0,0,0,13,0,0,0,0,0
2005,122440,1,1,0,0,0,0,0,0,0,20,3,0
2005,122441,0,1,0,7,0,21,15,0,16,0,0,0
2005,122441,1,1,0,0,0,0,0,0,0,0,0,0
2005,122442,1,1,11,11,11,11,11,11,11,11,11,11
2005,122443,0,1,0,0,0,0,0,0,0,0,0,0
2005,122443,1,1,0,0,0,0,0,0,0,0,0,0
2005,122444,1,1,0,0,0,0,0,0,0,0,0,0
2005,122445,1,1,21,21,21,21,21,21,21,21,21,21
2005,122445,2,1,0,0,0,0,0,0,0,0,0,0
2005,122445,3,1,0,0,0,0,0,0,0,0,0,0
2005,122446,1,1,0,0,0,0,0,0,0,0,0,0
2005,122446,2,1,0,0,0,0,0,0,0,0,0,0
2005,122447,1,1,0,0,0,0,0,0,0,0,0,0
2005,122447,2,1,0,0,0,0,0,0,0,0,0,0
2005,122448,1,1,18,18,18,18,18,18,18,18,18,18
2005,122448,2,1,17,19,17,0,0,22,0,27,0,12
2005,122449,1,1,25,25,25,25,25,25,25,25,25,25
2005,122450,0,1,35,35,35,35,35,35,35,35,35,35
2005,122450,1,1,21,0,7,7,0,0,0,0,0,0
2005,122451,0,1,0,0,0,0,0,0,0,0,0,0
2005,122451,1,1,0,0,0,0,0,0,0,0,0,0
2005,122452,0,1,0,0,0,22,0,0,0,0,0,0
2005,122452,1,1,0,0,0,0,0,0,0,0,0,0
2005,122452,2,1,0,0,0,0,0,0,0,0,0,0
2005,122453,1,1,0,0,0,0,0,0,0,0,0,0
2005,122453,2,1,0,0,0,0,0,0,0,0,0,0
2005,122454,1,1,0,0,0,0,0,0,0,0,0,0
2005,122454,2,1,0,0,0,0,0,0,0,0,0,0
2005,122455,1,1,0,0,0,0,0,0,0,0,0,0
2005,122456,1,1,0,14,0,0,0,0,0,0,0,0
2005,122456,2,1,0,0,0,0,0,0,0,0,0,0
2005,122457,0,1,30,0,31,41,0,27,20,0,0,0
2005,122457,1,1,26,26,26,26,26,26,26,26,26,26
2005,122458,0,1,18,18,18,18,18,18,18,18,18,18
2005,122458,1,1,0,0,0,0,0,0,0,0,0,0
2005,122459,1,1,0,0,0,9,0,24,20,0,0,0
2005,122459,2,1,0,0,0,0,0,5,0,0,14,0
2005,122460,1,1,0,0,0,0,0,0,0,0,0,0
2005,122460,2,1,0,0,0,0,0,0,0,0,0,0
2005,122461,1,1,0,0,0,0,0,0,4,0,0,0
2005,122461,2,1,0,0,9,0,0,11,0,0,11,0
2005,122462,1,1,0,0,0,0,0,0,0,0,0,0
2005,122462,2,1,0,0,0,0,0,0,0,0,0,0
2005,122463,1,1,17,0,0,0,0,0,5,0,0,0
2005,122463,2,1,17,0,0,0,0,0,0,0,9,0
2005,122464,1,1,0,0,0,0,0,0,0,0,0,0
2005,122464,2,1,0,0,0,0,0,0,0,0,0,0
2005,122465,0,1,54,54,54,54,54,54,54,54,54,54
2005,122465,1,1,0,0,0,0,0,19,0,0,0,0
2005,122465,2,1,0,0,0,0,0,0,0,0,0,0
2005,122466,1,1,0,0,0,0,0,0,0,0,0,0
2005,122466,2,1,4,0,0,0,0,0,0,0,0,0
2005,122466,3,1,0,0,0,0,0,0,0,0,0,0
2005,122467,1,1,0,18,0,10,0,0,0,0,0,0
2005,122467,2,1,0,0,0,0,0,0,0,14,0,0
2005,122468,1,1,0,0,0,0,0,0,0,0,0,10
2005,122469,1,1,0,0,0,0,0,0,0,5,0,0
2005,122469,2,1,0,0,0,0,0,0,0,0,0,0
2005,122470,1,1,0,0,0,0,0,0,0,0,0,0
2005,122470,2,1,0,0,0,0,0,0,0,0,0,0
2005,122471,1,1,25,0,0,0,0,0,0,0,0,0
2005,122472,0,1,0,0,0,0,0,0,0,0,0,0
2005,122472,1,1,0,0,0,0,0,0,0,0,0,0
2005,122473,1,1,0,0,0,0,0,0,0,0,0,0
2005,122473,2,1,0,0,0,0,0,0,0,0,0,0
2005,122474,0,1,0,0,0,0,0,0,0,0,0,0
2005,122474,1,1,0,0,0,0,0,0,0,0,0,0
2005,122475,1,1,29,29,29,29,29,29,29,29,29,29
2005,122476,1,1,0,0,0,0,0,0,0,0,0,0
2005,122476,2,1,0,0,0,0,0,0,0,0,0,0
2005,122477,0,1,0,15,0,0,0,24,0,0,0,26
2005,122477,1,1,0,0,0,0,0,0,0,0,0,0
2005,122478,1,1,0,0,0,0,0,0,0,0,0,0
2005,122478,2,1,0,0,0,0,0,0,0,0,0,0
2005,122479,1,1,0,0,0,0,0,0,0,0,0,0
2005,122480,0,1,2,2,2,2,2,2,2,2,2,2
2005,122480,1,1,0,0,0,0,0,21,8,4,6,0
2005,122480,2,1,0,0,0,0,0,0,0,0,0,0
2005,122481,1,1,15,15,15,15,15,15,15,15,15,15
2005,122482,0,1,9,9,9,9,9,9,9,9,9,9
2005,122482,1,1,0,0,0,0,0,0,0,0,0,0
2005,122483,1,1,22,22,22,22,22,22,22,22,22,22
2005,122483,2,1,0,0,0,0,0,0,0,0,0,0
2005,122484,1,1,22,22,15,19,24,16,17,0,20,11
2005,122484,2,1,7,7,7,7,7,7,7,7,7,7
2005,122484,3,1,13,16,19,0,15,0,0,7,0,15
2005,122484,4,1,0,0,0,28,0,0,17,16,0,21
2005,122485,1,1,0,0,0,36,0,12,13,0,0,0
2005,122485,2,1,0,0,0,0,0,0,0,0,0,0
2005,122486,0,1,23,23,23,23,23,23,23,23,23,23
2005,122486,1,1,7,0,28,0,0,0,0,22,0,0
2005,122487,1,1,27,27,27,27,27,27,27,27,27,27
2005,122487,2,1,0,0,5,8,0,0,0,0,0,32
2005,122488,1,1,0,0,0,0,0,0,0,0,0,0
2005,122489,0,1,0,19,20,24,22,0,0,13,12,31
2005,122489,1,1,0,0,0,0,0,10,0,0,0,12
2005,122490,1,1,18,17,35,17,18,10,25,24,16,14
2005,122490,2,1,13,13,13,13,13,13,13,13,13,13
2005,122491,1,1,9,9,9,9,9,9,9,9,9,9
2005,122492,0,1,0,0,0,0,0,0,0,0,29,13
2005,122492,1,1,21,21,21,21,21,21,21,21,21,21
2005,122493,0,1,0,0,0,0,0,0,0,0,0,0
2005,122493,1,1,0,0,0,0,0,0,0,0,0,0
2005,122494,1,1,11,11,11,11,11,11,11,11,11,11
2005,122495,1,1,0,0,0,0,0,0,0,0,0,0
2005,122496,1,1,0,0,0,0,0,0,0,0,0,0
2005,122496,2,1,0,0,0,6,0,0,13,0,0,22
2005,122497,0,1,18,18,18,18,18,18,18,18,18,18
2005,122497,1,1,0,0,0,0,0,0,0,0,0,0
2005,122498,1,1,0,0,0,0,0,0,0,0,0,0
2005,122499,1,1,39,39,39,39,39,39,39,39,39,39
2005,122499,2,1,0,0,0,0,0,0,0,0,0,0
2005,122500,1,1,0,0,0,0,0,0,0,0,0,0
2005,122500,2,1,0,0,0,0,13,0,0,0,0,0
2005,122501,0,1,20,20,20,20,20,20,20,20,20,20
2005,122501,1,1,0,0,0,0,0,0,0,0,23,0
2005,122502,0,1,0,0,0,0,0,0,0,0,0,0
2005,122502,1,1,0,0,0,0,0,0,0,2,0,0
2005,122503,1,1,0,0,0,0,0,0,0,0,0,0
2005,122503,2,1,0,0,0,0,0,0,0,0,0,0
2005,122504,1,1,5,5,5,5,5,5,5,5,5,5
2005,122504,2,1,0,0,8,0,0,0,0,0,10,0
2005,122505,1,1,0,0,5,0,0,0,0,0,0,11
2005,122506,1,1,10,10,10,10,10,10,10,10,10,10
2005,122506,2,1,0,0,0,0,0,0,0,0,0,0
2005,122507,1,1,0,0,0,0,0,0,0,0,0,0
2005,122507,2,1,0,0,0,0,0,0,0,0,0,0
2005,122508,1,1,0,0,0,0,0,0,0,0,0,0
2005,122508,2,1,0,0,0,0,0,0,0,0,0,0
2005,122509,1,1,0,0,0,0,0,0,0,0,0,0
2005,122510,0,1,17,17,17,17,17,17,17,17,17,17
2005,122510,1,1,0,0,0,0,0,0,0,0,0,0
2005,122511,0,1,0,0,0,0,0,0,0,0,0,0
2005,122511,1,1,0,0,0,17,27,14,0,0,0,0
2005,122512,0,1,0,0,0,0,0,0,0,0,0,0
2005,122512,0,2,0,0,0,0,0,0,0,0,0,0
2005,122512,1,1,4,4,4,4,4,4,4,4,4,4
2005,122513,1,1,0,0,0,0,0,0,0,0,0,0
2005,122514,1,1,0,0,0,0,0,0,0,0,0,0
2005,122514,2,1,0,0,0,0,0,0,0,0,0,0
2005,122515,1,1,0,0,0,0,0,0,0,0,0,0
2005,122515,2,1,0,0,0,0,0,0,0,0,0,0
2005,122516,0,1,0,0,0,0,0,0,0,0,0,0
2005,122516,1,1,0,0,9,0,0,0,0,0,0,0
2005,122517,1,1,0,0,0,0,0,0,0,0,9,0
2005,122517,2,1,14,0,10,0,0,0,7,0,14,0
2005,122518,0,1,16,16,16,16,16,16,16,16,16,16
2005,122518,1,1,0,0,0,0,0,0,0,0,0,0
2005,122519,1,1,0,0,0,0,0,0,0,0,0,0
2005,122519,2,1,0,0,0,0,0,0,0,0,0,0
2005,122520,1,1,25,25,25,25,25,25,25,25,25,25
2005,122520,2,1,0,0,0,0,0,0,0,0,0,0
2005,122521,0,1,0,0,0,0,0,0,0,0,0,0
2005,122521,1,1,0,0,0,0,0,0,0,0,0,0
2005,122522,1,1,0,0,0,0,0,0,0,0,0,0
2005,122522,2,1,0,0,0,0,0,0,0,0,0,0
2005,122523,0,1,22,22,22,22,22,22,22,22,22,22
2005,122523,1,1,0,0,0,0,0,0,0,0,0,0
2005,122524,1,1,0,0,0,0,0,0,0,0,0,0
2005,122525,1,1,17,17,17,17,17,17,17,17,17,17
2005,122526,1,1,0,0,0,0,0,0,0,0,0,0
2005,122526,2,1,0,0,0,0,0,0,0,0,0,0
2005,122527,0,1,0,0,0,0,11,0,0,0,11,0
2005,122527,1,1,0,0,0,0,0,0,0,7,0,9
2005,122528,1,1,13,13,13,13,13,13,13,13,13,13
2005,122528,2,1,0,0,0,0,0,0,0,0,0,0
2005,122529,1,1,0,0,0,22,0,23,6,16,11,21
2005,122530,1,1,0,0,0,0,0,0,0,0,0,0
2005,122530,2,1,0,0,0,0,0,0,0,0,0,0
2005,122531,0,1,24,0,14,35,0,3,0,0,27,0
2005,122531,1,1,13,13,13,13,13,13,13,13,13,13
2005,122532,0,1,15,15,15,15,15,15,15,15,15,15
2005,122532,1,1,0,0,0,0,0,0,0,0,0,0
2005,122533,1,1,1,1,1,1,1,1,1,1,1,1
2005,122534,1,1,0,0,0,0,0,0,0,0,0,0
2005,122534,2,1,0,0,0,0,6,0,0,0,0,0
2005,122535,1,1,26,26,26,26,26,26,26,26,26,26
2005,122536,1,1,0,0,0,0,0,0,0,0,0,0
2005,122536,2,1,0,0,0,0,0,0,0,0,0,0
2005,122537,0,1,0,0,0,0,0,0,0,0,0,0
2005,122537,1,1,0,0,0,0,0,0,0,0,0,0
2005,122538,1,1,0,0,3,0,0,0,0,0,0,0
2005,122538,2,1,0,0,0,0,0,0,0,0,0,17
2005,122539,0,1,16,18,0,0,0,0,22,3,0,18
2005,122539,1,1,0,0,0,0,0,0,0,0,0,0
2005,122540,1,1,0,0,0,0,0,0,0,0,0,0
2005,122541,0,1,18,18,18,18,18,18,18,18,18,18
2005,122541,1,1,0,0,22,19,0,16,0,0,8,7
2005,122542,1,1,18,18,18,18,18,18,18,18,18,18
2005,122543,0,1,16,0,0,5,25,14,5,0,14,0
2005,122543,1,1,0,19,13,15,0,0,0,0,0,4
2005,122544,1,1,20,20,20,20,20,20,20,20,20,20
2005,122545,1,1,19,19,19,19,19,19,19,19,19,19
2005,122545,2,1,0,15,0,0,0,0,0,0,0,0
2005,122545,3,1,0,0,7,0,0,0,0,0,0,0
2005,122546,1,1,14,0,6,31,12,26,14,5,9,9
2005,122547,1,1,0,0,0,0,0,0,0,0,0,0
2005,122547,2,1,0,0,0,0,0,0,0,0,0,0
2005,122548,1,1,0,0,0,0,0,0,0,0,0,0
2005,122549,1,1,0,0,0,0,0,0,0,0,0,0
2005,122549,2,1,0,9,0,0,0,0,0,0,0,0
2005,122549,3,1,0,0,0,0,0,0,0,0,0,0
2005,122550,0,1,0,0,0,0,0,14,26,24,10,0
2005,122550,1,1,0,0,0,0,0,0,0,0,0,0
2005,122551,1,1,0,0,0,0,0,0,0,0,0,0
2005,122552,1,1,0,0,0,0,0,0,0,0,0,0
2005,122552,2,1,0,0,0,10,0,0,0,0,13,0
2005,122553,0,1,40,40,40,40,40,40,40,40,40,40
2005,122553,1,1,0,4,0,8,0,0,0,10,5,0
2005,122553,2,1,0,0,0,0,0,0,29,0,27,27
2005,122553,3,1,0,23,0,0,9,0,0,0,4,0
2005,122553,4,1,0,0,0,0,7,0,0,0,0,0
2005,122553,5,1,0,0,0,0,20,15,0,0,2,0
2005,122554,1,1,0,18,26,19,0,25,0,0,29,7
2005,122555,1,1,27,27,27,27,27,27,27,27,27,27
2005,122556,1,1,0,0,0,0,0,0,0,0,0,0
2005,122557,0,1,0,0,0,0,0,0,0,0,0,0
2005,122557,1,1,0,0,0,0,0,0,0,0,7,0
2005,122558,1,1,0,0,0,0,0,0,0,0,0,0
2005,122558,2,1,0,0,0,0,0,0,0,0,0,0
2005,122559,2,1,0,0,0,7,0,0,0,0,4,0
2005,122559,3,1,0,0,0,0,0,0,0,0,0,0
2005,122560,1,1,0,0,9,0,20,0,0,0,22,0
2005,122561,1,1,0,0,0,0,0,0,0,0,0,0
2005,122561,2,1,0,13,0,0,0,13,0,0,0,0
2005,122562,1,1,0,0,0,0,0,0,0,0,0,0
2005,122562,2,1,0,0,0,0,0,0,0,0,7,0
2005,122563,0,1,0,0,0,0,0,0,0,0,0,0
2005,122563,1,1,0,0,0,0,0,0,15,22,0,0
2005,122564,1,1,0,0,0,0,0,0,0,0,0,0
2005,122565,1,1,0,0,0,0,0,0,0,0,0,0
2005,122565,2,1,0,0,0,0,0,0,0,0,0,0
2005,122565,3,1,0,0,0,0,0,0,0,0,0,0
2005,122566,0,1,20,20,20,20,20,20,20,20,20,20
2005,122566,1,1,20,20,20,20,20,20,20,20,20,20
2005,122567,1,1,31,21,16,25,15,12,21,15,0,16
2005,122568,1,1,1,1,1,1,1,1,1,1,1,1
2005,122569,1,1,0,0,0,0,0,0,0,0,0,0
2005,122570,1,1,0,0,0,0,0,0,0,0,0,0
2005,122570,2,1,0,0,0,0,0,0,0,0,0,0
2005,122571,0,1,0,0,0,0,0,0,0,0,0,0
2005,122571,1,1,20,0,0,0,0,0,0,13,19,0
2005,122572,1,1,3,0,30,0,0,0,14,0,14,0
2005,122573,0,1,7,0,37,0,27,17,14,0,26,0
2005,122573,1,1,0,0,0,4,0,15,0,0,9,0
2005,122574,0,1,16,13,0,27,23,0,0,15,22,0
2005,122574,1,1,0,0,0,0,0,0,0,4,0,0
2005,122575,0,1,13,13,13,13,13,13,13,13,13,13
2005,122575,1,1,0,0,0,0,0,0,0,0,0,0
2005,122576,1,1,15,0,22,16,0,7,24,0,0,14
2005,122577,1,1,0,0,0,0,3,0,0,0,6,0
2005,122578,0,1,11,9,0,0,0,0,26,0,21,0
2005,122578,1,1,0,0,0,12,0,9,0,0,0,5
2005,122579,1,1,0,16,0,0,0,0,0,0,0,0
2005,122579,2,1,0,0,0,0,0,0,0,0,0,0
2005,122580,0,1,0,0,0,0,0,0,0,0,0,0
2005,122580,1,1,11,17,0,0,0,0,0,0,0,0
2005,122581,0,1,0,0,0,0,39,5,0,0,0,0
2005,122581,1,1,0,0,0,0,0,0,0,0,0,0
2005,122582,1,1,0,0,0,0,0,0,0,0,0,0
2005,122582,2,1,0,0,0,0,0,0,0,0,0,0
2005,122583,1,1,0,0,0,0,9,0,0,0,0,0
2005,122583,2,1,0,0,0,0,0,0,19,0,0,0