YEAR,ST_CASE,veh_no,per_no,P1,P2,P3,P4,P5,P6,P7,P8,P9,P10
2005,122583,3,1,0,0,0,0,0,0,0,0,0,0
2005,122584,1,1,10,10,10,10,10,10,10,10,10,10
2005,122584,2,1,0,0,0,0,0,0,0,0,0,0
2005,122584,3,1,0,0,8,0,0,0,0,0,16,0
2005,122585,0,1,0,0,0,0,0,0,0,0,0,0
2005,122585,0,2,4,1,0,0,0,0,0,13,0,0
2005,122585,1,1,0,0,0,0,0,0,0,0,0,23
2005,122585,2,1,0,0,0,0,0,0,0,0,0,0
2005,122586,1,1,0,0,0,0,0,0,0,0,0,0
2005,122587,0,1,4,4,4,4,4,4,4,4,4,4
2005,122587,1,1,0,0,0,0,0,0,0,0,0,0
2005,122588,1,1,0,0,0,0,0,0,0,0,0,0
2005,122589,1,1,0,0,0,0,0,0,0,0,0,0
2005,122589,2,1,0,0,0,0,0,0,0,0,0,0
2005,122590,1,1,0,0,0,0,0,0,0,0,0,0
2005,122590,2,1,0,0,0,0,0,0,0,0,0,0
2005,122590,3,1,0,0,0,0,0,0,0,0,0,0
2005,122591,0,1,0,0,0,0,0,0,0,0,0,0
2005,122591,1,1,0,0,0,0,0,0,0,5,0,0
2005,122592,1,1,0,0,0,0,0,0,0,0,0,0
2005,122592,2,1,0,0,0,0,0,0,0,0,0,0
2005,122593,0,1,26,26,26,26,26,26,26,26,26,26
2005,122593,1,1,0,0,0,0,0,0,0,0,0,0
2005,122593,2,1,0,0,0,0,0,0,0,0,0,0
2005,122594,1,1,0,0,0,0,0,0,0,0,0,0
2005,122595,1,1,0,0,0,0,0,0,0,0,0,0
2005,122595,2,1,0,0,0,0,0,0,0,0,0,0
2005,122596,1,1,3,0,0,10,0,14,15,25,0,10
2005,122597,1,1,0,0,0,0,0,0,0,0,0,0
2005,122597,2,1,8,8,8,8,8,8,8,8,8,8
2005,122598,0,1,25,25,25,25,25,25,25,25,25,25
2005,122598,1,1,5,5,5,5,5,5,5,5,5,5
2005,122599,1,1,0,0,0,0,0,0,0,0,25,0
2005,122599,2,1,3,0,0,0,0,28,10,21,0,0
2005,122600,0,1,0,0,0,0,0,0,0,0,11,0
2005,122600,1,1,0,0,0,0,0,0,0,0,0,0
2005,122601,1,1,0,0,0,0,0,0,0,0,0,0
2005,122601,2,1,0,0,0,0,0,0,0,0,0,0
2005,122602,1,1,0,0,0,0,0,0,0,0,0,0
2005,122602,2,1,0,0,0,0,0,0,0,0,0,0
2005,122603,1,1,17,17,17,17,17,17,17,17,17,17
2005,122603,2,1,0,0,0,0,0,0,0,0,0,0
2005,122605,0,1,21,21,21,21,21,21,21,21,21,21
2005,122605,1,1,5,5,5,5,5,5,5,5,5,5
2005,122606,1,1,0,0,0,0,0,0,0,0,0,0
2005,122606,2,1,0,0,0,0,0,0,0,0,0,0
2005,122607,1,1,0,0,0,0,0,0,0,0,0,0
2005,122607,2,1,0,0,0,0,0,0,0,0,0,0
2005,122608,1,2,0,22,11,5,0,0,0,11,0,0
2005,122609,0,1,0,0,0,0,0,0,0,0,0,0
2005,122609,1,1,0,0,0,0,0,0,0,0,0,0
2005,122610,0,1,0,0,0,0,0,0,0,0,0,0
2005,122610,1,1,0,0,0,0,0,0,0,0,0,0
2005,122611,1,1,21,21,21,21,21,21,21,21,21,21
2005,122611,2,1,0,0,0,0,0,0,0,0,0,0
2005,122612,1,1,0,24,0,22,11,12,0,0,0,0
2005,122612,2,1,0,0,0,0,0,0,0,0,0,0
2005,122612,3,1,0,0,0,0,0,0,0,0,0,0
2005,122613,1,1,0,0,0,0,0,0,0,0,0,0
2005,122613,2,1,0,0,0,0,0,0,0,0,0,0
2005,122614,1,1,0,0,13,0,0,0,0,6,0,0
2005,122615,1,1,0,0,0,0,6,0,0,0,0,0
2005,122616,1,1,18,0,0,12,0,0,0,0,0,0
2005,122617,1,1,0,0,0,0,0,0,0,0,0,0
2005,122617,2,1,0,0,0,0,0,0,0,0,0,0
2005,122618,1,1,0,0,0,0,0,0,0,0,0,0
2005,122618,2,1,0,0,0,0,0,0,0,0,0,0
2005,122619,1,1,0,0,0,0,0,0,0,0,0,0
2005,122620,1,1,0,0,0,0,0,0,0,0,0,0
2005,122620,2,1,0,0,0,0,0,0,0,0,0,0
2005,122620,3,1,0,24,0,0,0,0,0,0,0,11
2005,122621,1,1,0,0,0,0,0,0,0,0,0,0
2005,122621,2,1,0,0,0,0,0,0,0,0,0,0
2005,122622,1,1,0,0,6,0,0,0,23,0,0,0
2005,122622,2,1,0,0,0,0,0,0,21,0,0,0
2005,122623,1,1,0,0,0,0,0,0,0,0,0,0
2005,122623,2,1,0,0,0,0,0,0,0,0,0,0
2005,122623,3,1,0,0,0,0,0,0,0,0,0,0
2005,122624,1,1,0,0,0,0,0,0,0,0,0,0
2005,122624,2,1,0,0,0,0,0,0,0,0,0,0
2005,122625,0,1,0,11,0,0,0,15,0,15,16,0
2005,122625,1,1,0,0,0,9,0,0,0,0,0,0
2005,122626,0,1,29,0,0,0,0,0,0,0,0,0
2005,122626,1,1,0,0,0,0,0,0,0,0,0,0
2005,122627,1,1,0,0,0,0,0,0,0,0,0,0
2005,122627,2,1,0,0,0,0,0,0,0,0,0,0
2005,122628,1,1,0,0,0,0,0,0,0,0,0,0
2005,122629,1,1,6,6,6,6,6,6,6,6,6,6
2005,122629,2,1,0,0,0,0,0,0,0,0,0,0
2005,122629,3,1,15,0,0,7,0,0,0,0,0,0
2005,122629,4,1,0,0,0,0,0,0,0,0,0,0
2005,122630,1,1,0,0,0,0,0,0,0,0,0,0
2005,122630,2,1,0,0,0,0,0,0,0,0,0,0
2005,122631,1,1,0,0,0,0,0,0,0,0,0,0
2005,122631,2,1,0,0,0,6,0,0,0,0,0,0
2005,122632,0,1,0,0,0,17,0,0,0,0,13,9
2005,122632,1,1,0,0,0,0,0,9,0,0,0,0
2005,122633,1,1,13,0,28,0,13,12,0,0,14,0
2005,122633,2,1,0,0,0,0,0,0,0,0,0,0
2005,122634,1,1,0,0,0,0,0,0,0,0,0,0
2005,122635,1,1,0,0,0,0,0,16,0,0,0,0
2005,122635,2,1,0,0,0,0,0,0,0,0,0,0
2005,122636,1,1,18,18,18,18,18,18,18,18,18,18
2005,122637,1,1,20,20,20,20,20,20,20,20,20,20
2005,122637,2,1,0,0,0,17,0,0,0,0,0,0
2005,122638,0,1,26,26,26,26,26,26,26,26,26,26
2005,122638,1,1,0,0,0,0,0,11,0,0,0,0
2005,122639,0,1,0,0,0,0,0,0,0,0,0,0
2005,122639,1,1,0,0,0,0,0,0,0,7,0,0
2005,122640,1,1,13,13,13,13,13,13,13,13,13,13
2005,122640,2,1,0,0,0,0,0,0,8,0,0,0
2005,122641,1,1,0,0,0,0,0,0,0,0,0,0
2005,122641,2,1,0,0,7,0,0,0,0,0,0,0
2005,122642,1,1,0,0,0,13,0,0,0,0,0,0
2005,122642,2,1,0,0,0,0,0,0,0,0,0,0
2005,122643,1,1,0,0,0,15,0,0,0,0,0,0
2005,122643,2,1,0,0,0,0,0,0,0,0,0,0
2005,122644,1,1,18,18,18,18,18,18,18,18,18,18
2005,122645,1,1,0,26,14,17,0,16,0,0,7,17
2005,122646,1,1,0,8,0,0,0,0,0,11,0,0
2005,122646,2,1,5,5,5,5,5,5,5,5,5,5
2005,122647,1,1,0,0,0,0,17,0,0,0,0,0
2005,122647,2,1,0,0,0,0,4,0,0,0,0,0
2005,122648,1,1,18,18,18,18,18,18,18,18,18,18
2005,122650,1,1,0,0,0,0,0,0,0,0,0,0
2005,122651,1,1,0,0,0,0,0,0,0,27,0,0
2005,122651,2,1,0,0,0,0,0,0,0,0,0,0
2005,122651,3,1,0,0,0,0,0,0,0,6,0,0
2005,122652,0,1,0,0,0,0,0,0,0,0,0,0
2005,122652,1,1,21,0,12,0,0,0,0,0,18,0
2005,122653,1,1,0,0,0,0,0,0,0,0,0,14
2005,122653,2,1,0,0,0,0,0,0,0,0,0,0
2005,122654,0,1,27,27,27,27,27,27,27,27,27,27
2005,122654,1,1,0,9,28,0,0,0,0,0,0,0
2005,122654,2,1,0,0,0,0,11,0,0,0,12,0
2005,122655,1,1,0,0,0,0,0,0,0,0,0,0
2005,122655,2,1,20,20,20,20,20,20,20,20,20,20
2005,122656,1,1,15,0,0,9,0,7,0,0,0,0
2005,122656,2,1,0,21,0,0,0,0,0,0,19,0
2005,122657,1,1,20,20,20,20,20,20,20,20,20,20
2005,122658,1,1,0,0,0,0,0,0,0,0,0,0
2005,122658,2,1,0,0,0,0,0,0,0,0,0,0
2005,122659,0,1,0,0,0,0,0,0,0,0,0,0
2005,122659,1,1,0,0,0,0,0,0,0,0,0,0
2005,122660,1,1,0,0,0,0,0,0,0,0,0,0
2005,122660,2,1,0,0,0,0,0,0,0,0,0,0
2005,122661,1,1,0,0,0,0,0,0,0,0,0,0
2005,122661,2,1,0,0,0,0,0,0,0,0,0,0
2005,122662,1,1,28,28,28,28,28,28,28,28,28,28
2005,122663,1,1,5,10,17,0,16,15,16,21,21,0
2005,122664,1,1,0,0,0,0,0,0,0,0,0,0
2005,122664,2,1,0,0,0,0,0,25,0,0,28,0
2005,122665,0,1,23,23,23,23,23,23,23,23,23,23
2005,122665,0,2,11,0,17,0,0,0,24,0,21,0
2005,122665,1,1,0,0,0,0,0,0,0,0,0,0
2005,122666,1,1,0,0,0,0,0,0,0,0,0,0
2005,122667,0,1,0,0,0,3,0,0,0,0,0,0
2005,122667,0,2,13,17,36,0,0,17,22,15,28,0
2005,122667,1,1,0,0,0,0,0,0,17,0,0,0
2005,122668,1,1,24,24,24,24,24,24,24,24,24,24
2005,122668,2,1,0,0,0,0,0,0,0,0,0,0
2005,122669,1,1,0,18,0,0,0,0,0,0,0,0
2005,122669,2,1,0,0,0,0,0,0,0,0,0,0
2005,122671,1,1,0,0,0,0,0,0,0,0,0,0
2005,122671,2,1,0,0,7,0,0,0,0,0,0,0
2005,122672,1,1,28,28,28,28,28,28,28,28,28,28
2005,122674,0,1,22,22,22,22,22,22,22,22,22,22
2005,122674,1,1,0,0,0,0,0,0,0,0,0,0
2005,122675,1,1,11,0,20,21,23,0,34,20,31,21
2005,122676,1,1,0,0,0,0,0,0,0,0,0,0
2005,122677,1,1,0,0,0,0,0,0,0,0,0,0
2005,122678,1,1,23,27,19,20,0,36,33,14,22,29
2005,122679,1,1,17,17,17,17,17,17,17,17,17,17
2005,122680,0,1,31,0,0,0,0,0,0,22,9,20
2005,122680,1,1,0,0,0,0,0,0,0,0,0,0
2005,122681,1,1,0,0,9,0,0,0,0,0,0,10
2005,122683,1,1,0,0,0,0,0,0,0,0,0,0
2005,122683,2,1,0,0,0,0,0,0,0,0,0,0
2005,122684,1,1,2,2,2,2,2,2,2,2,2,2
2005,122685,1,1,21,21,21,21,21,21,21,21,21,21
2005,122686,1,1,0,0,15,11,0,0,0,0,0,0
2005,122687,1,1,0,0,0,0,0,0,0,0,0,0
2005,122688,1,1,0,20,21,16,0,0,0,0,21,0
2005,122688,2,1,11,0,0,0,10,0,0,0,0,0
2005,122689,1,1,6,6,6,6,6,6,6,6,6,6
2005,122689,2,1,0,0,0,0,0,0,0,0,0,0
2005,122690,1,1,0,0,0,0,0,0,0,0,0,0
2005,122691,1,1,0,0,0,0,0,0,0,0,0,0
2005,122692,0,1,0,0,0,0,0,0,0,0,0,0
2005,122692,1,1,0,0,0,0,0,0,0,0,0,0
2005,122693,1,1,0,0,0,0,0,0,0,0,0,0
2005,122694,1,1,0,0,0,0,0,0,0,0,0,0
2005,122695,0,1,27,27,27,27,27,27,27,27,27,27
2005,122695,1,1,0,0,0,0,0,0,0,0,0,0
2005,122696,0,1,0,0,0,0,0,0,0,0,0,0
2005,122696,1,1,0,0,0,0,0,0,0,0,0,0
2005,122697,0,1,0,4,0,18,0,0,0,0,0,0
2005,122697,1,1,0,0,0,0,0,0,0,0,0,0
2005,122698,1,1,0,0,0,0,0,0,0,0,0,0
2005,122698,2,1,0,0,0,0,0,0,0,0,0,0
2005,122699,1,1,0,0,0,0,0,0,0,0,0,0
2005,122699,2,1,0,0,0,0,0,0,0,0,0,0
2005,122700,1,1,0,0,0,0,0,0,0,0,0,0
2005,122700,2,1,0,0,0,13,0,0,0,0,0,0
2005,122701,1,1,0,0,0,0,0,0,0,0,0,0
2005,122701,2,1,0,0,0,0,0,0,0,0,0,0
2005,122703,1,1,0,0,0,0,0,0,0,0,0,0
2005,122703,2,1,0,0,0,0,0,0,0,0,0,0
2005,122704,1,1,20,0,0,26,17,18,20,13,20,11
2005,122705,1,1,0,0,0,0,0,0,0,0,0,0
2005,122706,0,1,9,9,9,9,9,9,9,9,9,9
2005,122706,1,1,0,0,0,0,0,0,0,0,0,0
2005,122707,0,1,3,3,3,3,3,3,3,3,3,3
2005,122707,1,1,0,0,0,0,0,0,0,11,0,11
2005,122708,1,1,14,14,14,14,14,14,14,14,14,14
2005,122709,0,1,0,0,0,0,0,0,0,0,0,0
2005,122709,1,1,16,0,0,14,23,0,0,16,0,0
2005,122710,0,1,22,39,0,18,0,11,17,0,0,0
2005,122710,1,1,0,0,0,0,0,0,0,0,0,0
2005,122711,1,1,0,0,0,0,0,0,0,0,0,0
2005,122711,2,1,0,0,0,0,0,0,0,0,0,0
2005,122712,0,1,30,30,30,30,30,30,30,30,30,30
2005,122712,1,1,0,0,0,0,7,0,8,0,0,0
2005,122713,1,1,0,0,0,0,0,23,0,0,0,0
2005,122713,2,1,0,0,0,0,0,0,12,0,0,0
2005,122713,3,1,0,0,0,0,0,0,0,0,0,0
2005,122713,4,1,0,0,0,0,0,0,0,0,0,0
2005,122713,5,1,0,0,0,0,0,0,0,0,0,0
2005,122714,0,1,21,21,21,21,21,21,21,21,21,21
2005,122714,1,1,0,0,0,0,0,0,0,0,0,0
2005,122715,1,1,3,3,3,3,3,3,3,3,3,3
2005,122717,1,1,20,20,20,20,20,20,20,20,20,20
2005,122717,2,1,27,27,27,27,27,27,27,27,27,27
2005,122717,3,1,0,0,6,0,0,0,7,9,0,0
2005,122718,1,1,0,0,0,0,0,0,0,0,0,0
2005,122718,2,1,0,0,0,0,0,0,0,0,0,0
2005,122719,1,1,0,0,0,0,0,0,0,0,0,0
2005,122719,2,1,0,0,0,0,0,0,0,0,0,0
2005,122720,0,1,0,4,0,0,0,0,24,0,0,0
2005,122720,1,1,0,0,0,0,0,0,0,0,0,0
2005,122721,1,1,0,0,0,0,0,0,0,0,15,0
2005,122721,2,1,4,0,0,0,0,0,0,0,0,0
2005,122722,1,1,6,0,7,0,0,0,0,0,0,0
2005,122723,1,1,25,16,31,31,20,19,13,23,12,0
2005,122724,1,1,0,0,0,0,0,0,0,0,10,0
2005,122725,0,1,0,21,0,0,22,0,10,0,0,0
2005,122725,1,1,0,0,0,0,0,0,0,0,0,0
2005,122726,1,1,0,0,0,0,0,0,0,0,0,0
2005,122726,2,1,0,0,0,0,0,0,0,0,0,0
2005,122727,1,1,0,0,0,0,0,0,0,0,0,0
2005,122727,2,1,0,0,0,0,0,0,0,0,0,0
2005,122727,3,1,0,0,0,0,0,0,0,0,0,0
2005,122727,4,1,0,0,0,0,0,0,0,0,0,0
2005,122727,5,1,0,0,0,0,0,0,0,0,0,0
2005,122727,6,1,0,0,0,0,0,0,0,0,0,0
2005,122728,1,1,19,19,19,19,19,19,19,19,19,19
2005,122728,2,1,0,0,0,0,0,0,0,0,0,0
2005,122729,1,1,25,25,25,25,25,25,25,25,25,25
2005,122730,1,1,0,0,0,0,0,0,0,0,0,0
2005,122731,1,1,0,0,0,0,0,0,0,0,0,0
2005,122732,1,1,23,23,23,23,23,23,23,23,23,23
2005,122733,1,1,0,0,0,0,0,0,0,0,0,0
2005,122733,2,1,0,0,0,0,0,13,6,0,0,0
2005,122733,3,1,0,0,0,0,0,0,0,0,0,0
2005,122734,1,1,0,0,0,0,0,0,0,0,0,0
2005,122735,1,1,28,28,28,28,28,28,28,28,28,28
2005,122736,1,1,0,0,0,0,0,0,0,0,0,0
2005,122737,1,1,7,7,7,7,7,7,7,7,7,7
2005,122737,2,1,0,0,0,22,0,0,0,16,6,12
2005,122738,0,1,24,24,24,24,24,24,24,24,24,24
2005,122738,1,1,0,0,0,0,0,0,0,0,0,11
2005,122739,1,1,0,0,0,0,0,0,0,0,0,0
2005,122739,2,1,0,0,0,0,0,0,0,0,0,0
2005,122740,1,1,7,7,7,7,7,7,7,7,7,7
2005,122740,2,1,0,0,0,0,0,0,0,0,0,0
2005,122740,3,1,0,0,0,0,0,0,3,0,0,0
2005,122741,0,1,12,12,12,12,12,12,12,12,12,12
2005,122741,1,1,0,0,0,0,0,0,0,0,0,0
2005,122742,1,1,24,24,24,24,24,24,24,24,24,24
2005,122742,2,1,5,5,5,5,5,5,5,5,5,5
2005,122743,1,1,0,0,0,0,0,0,0,0,0,0
2005,122743,2,1,0,0,0,0,0,0,0,0,0,0
2005,122744,0,1,15,26,24,13,32,0,14,16,0,8
2005,122744,1,1,0,6,0,22,0,0,0,7,0,10
2005,122744,2,1,0,7,11,0,21,0,0,0,12,0
2005,122745,0,1,22,22,22,22,22,22,22,22,22,22
2005,122745,1,1,0,0,0,0,0,0,0,0,0,0
2005,122746,1,1,0,0,0,0,0,0,0,0,0,0
2005,122746,2,1,0,0,0,0,0,0,0,0,0,0
2005,122747,1,1,0,21,0,0,0,0,0,13,0,0
2005,122747,2,1,0,0,0,0,0,0,0,0,0,0
2005,122748,1,1,0,0,0,0,0,0,0,0,0,0
2005,122748,2,1,0,0,0,0,0,0,0,0,0,0
2005,122749,0,1,0,0,0,0,0,0,0,0,0,13
2005,122749,1,1,0,0,0,0,0,0,0,0,0,0
2005,122750,1,1,0,0,0,0,0,0,0,0,0,0
2005,122750,2,1,0,0,0,0,0,0,0,0,0,0
2005,122751,1,1,7,0,26,16,0,9,23,0,20,0
2005,122751,2,1,0,0,0,0,0,0,0,0,0,0
2005,122752,0,1,0,0,0,0,0,0,0,0,0,0
2005,122752,1,1,0,0,0,6,0,0,0,0,0,0
2005,122753,1,1,9,9,9,9,9,9,9,9,9,9
2005,122754,1,1,11,11,11,11,11,11,11,11,11,11
2005,122755,0,1,0,18,0,9,4,0,7,0,0,15
2005,122755,0,2,0,0,7,0,0,0,0,0,0,0
2005,122755,1,1,10,10,10,10,10,10,10,10,10,10
2005,122756,1,1,0,0,0,0,0,0,0,0,0,0
2005,122756,2,1,0,0,0,0,0,10,4,0,0,0
2005,122757,0,1,0,0,0,0,0,0,0,0,17,0
2005,122757,1,1,0,0,0,0,0,0,0,0,0,0
2005,122758,1,1,0,0,0,0,0,0,0,0,0,0
2005,122758,2,1,0,0,0,0,0,0,0,0,0,0
2005,122758,3,1,0,0,0,0,0,0,0,0,0,0
2005,122759,0,1,0,0,0,0,0,0,0,0,0,0
2005,122759,1,1,0,0,0,0,0,0,0,0,0,0
2005,122760,1,1,22,22,22,22,22,22,22,22,22,22
2005,122760,2,1,0,0,0,0,0,0,0,0,0,0
2005,122761,1,1,10,10,10,10,10,10,10,10,10,10
2005,122762,1,1,0,0,0,0,0,0,0,0,0,0
2005,122762,2,1,0,0,0,0,0,0,0,0,0,0
2005,122762,3,1,0,0,0,0,0,0,0,0,0,0
2005,122762,4,1,0,0,0,0,0,0,0,0,0,0
2005,122763,0,1,0,0,0,0,0,0,0,0,0,0
2005,122763,1,1,0,0,0,0,0,0,0,0,0,0
2005,122764,1,1,0,0,0,0,0,0,0,0,0,0
2005,122765,0,1,0,0,0,0,0,0,0,0,0,0
2005,122765,1,1,0,0,0,0,0,19,0,0,0,0
2005,122766,1,1,0,0,0,0,0,0,0,0,0,0
2005,122766,2,1,0,0,0,0,0,0,0,0,0,0
2005,122767,0,1,15,0,29,0,0,0,0,0,0,0
2005,122767,1,1,0,0,0,0,0,0,0,0,0,0
2005,122768,0,1,12,12,12,12,12,12,12,12,12,12
2005,122768,1,1,0,0,0,0,0,0,0,0,0,0
2005,122769,0,1,0,0,0,0,0,0,0,0,0,0
2005,122769,1,1,0,0,0,0,0,0,0,0,0,0
2005,122770,1,1,0,0,0,0,0,0,0,0,0,0
2005,122770,2,1,0,0,0,0,0,0,0,0,0,0
2005,122770,3,1,0,0,0,0,0,0,0,0,0,0
2005,122771,1,1,0,0,0,0,0,0,0,0,0,0
2005,122771,2,1,0,0,0,0,0,0,0,0,0,0
2005,122772,1,1,0,15,0,0,0,17,21,10,0,0
2005,122773,1,1,0,0,0,0,0,0,0,0,0,0
2005,122773,2,1,0,0,0,0,0,0,0,0,0,0
2005,122773,3,1,0,0,0,0,0,0,0,0,0,0
2005,122773,4,1,0,0,0,0,0,0,0,0,0,0
2005,122773,5,1,0,0,0,0,0,0,0,0,0,0
2005,122773,6,1,0,0,0,0,0,0,0,0,0,0
2005,122774,1,1,20,0,0,0,0,0,0,17,20,15
2005,122775,0,1,0,0,0,0,0,0,0,0,0,0
2005,122775,1,1,0,13,0,0,0,0,0,0,0,0
2005,122776,1,1,0,0,0,0,0,0,0,0,0,0
2005,122776,2,1,0,0,0,0,0,0,0,0,0,0
2005,122777,1,1,0,0,0,0,0,0,0,0,0,0
2005,122777,2,1,0,0,0,0,0,0,0,0,0,0
2005,122778,1,1,0,0,0,0,0,0,0,0,0,0
2005,122778,2,1,0,0,0,0,0,0,0,0,0,0
2005,122779,1,1,18,18,18,18,18,18,18,18,18,18
2005,122779,2,1,0,0,0,0,8,0,0,0,0,0
2005,122779,3,1,0,0,0,0,0,12,0,23,0,0
2005,122779,4,1,0,0,0,0,0,0,0,0,0,0
2005,122780,1,1,0,0,0,0,0,0,0,0,0,0
2005,122781,1,1,0,0,0,0,0,0,0,0,0,0
2005,122781,2,1,0,0,0,0,0,0,0,0,0,0
2005,122783,1,1,0,0,0,0,0,0,0,0,0,0
2005,122783,2,1,0,0,0,0,0,0,0,0,0,0
2005,122784,1,1,15,15,15,15,15,15,15,15,15,15
2005,122784,2,1,0,0,0,0,0,0,0,0,0,0
2005,122785,1,1,26,26,26,26,26,26,26,26,26,26
2005,122785,2,1,0,0,0,17,0,14,0,0,0,0
2005,122786,1,1,0,0,0,0,0,0,0,0,0,0
2005,122787,1,1,0,0,13,0,0,0,0,0,0,16
2005,122788,1,1,0,0,29,0,0,0,0,0,0,0
2005,122788,2,1,0,10,0,20,0,24,0,0,9,15
2005,122789,1,1,0,0,24,19,0,0,45,0,0,0
2005,122789,2,1,30,30,30,30,30,30,30,30,30,30
2005,122789,3,1,12,0,0,19,0,0,19,26,24,0
2005,122790,1,1,16,16,16,16,16,16,16,16,16,16
2005,122791,0,1,18,18,18,18,18,18,18,18,18,18
2005,122791,1,1,0,0,0,0,0,0,16,0,23,14
2005,122792,1,1,0,0,0,0,0,0,0,0,0,0
2005,122792,2,1,0,0,0,4,0,0,0,0,6,0
2005,122793,0,1,0,0,0,23,16,0,27,9,0,9
2005,122793,1,1,0,0,0,21,0,27,0,5,29,24
2005,122794,1,1,0,0,0,0,0,0,0,0,0,0
2005,122794,2,1,0,0,0,0,0,0,0,0,0,0
2005,122794,3,1,0,0,0,0,0,0,0,0,0,0
2005,122794,4,1,0,5,0,0,0,0,0,0,0,0
2005,122795,1,1,0,0,0,0,0,0,0,0,20,0
2005,122795,2,1,0,0,0,0,0,0,0,0,0,0
2005,122796,1,1,24,0,35,24,18,0,20,20,32,0
2005,122796,2,1,15,0,14,0,0,0,17,33,24,0
2005,122797,1,1,11,11,11,11,11,11,11,11,11,11
2005,122798,0,1,34,0,16,25,0,0,33,12,0,24
2005,122798,1,1,0,12,0,2,0,17,0,0,14,0
2005,122799,1,1,0,0,0,0,0,0,0,0,0,0
2005,122800,0,1,0,0,12,0,17,28,24,0,24,15
2005,122800,1,1,7,7,7,7,7,7,7,7,7,7
2005,122801,1,1,0,0,0,0,0,0,0,0,0,0
2005,122801,2,1,0,0,0,0,0,0,0,0,0,0
2005,122801,3,1,0,0,0,0,0,7,0,0,0,0
2005,122802,1,1,22,22,22,22,22,22,22,22,22,22
2005,122803,1,1,20,20,20,20,20,20,20,20,20,20
2005,122804,1,1,8,8,8,8,8,8,8,8,8,8
2005,122805,0,1,0,0,0,0,13,12,0,32,22,0
2005,122805,1,1,19,0,9,0,0,0,0,0,0,0
2005,122806,0,1,0,0,0,0,0,0,0,0,0,0
2005,122806,1,1,0,0,0,0,0,0,0,0,0,0
2005,122807,1,1,0,0,0,0,0,0,0,0,0,0
2005,122807,2,1,0,0,0,0,0,0,0,0,0,0
2005,122808,1,1,0,0,0,0,0,0,0,0,0,0
2005,122808,2,1,0,0,0,0,0,0,0,0,0,0
2005,122808,3,1,0,0,0,0,0,0,0,0,0,0
2005,122809,1,1,0,0,0,0,0,0,0,0,0,0
2005,122809,2,1,2,2,2,2,2,2,2,2,2,2
2005,122809,3,1,0,0,0,0,0,0,0,0,0,0
2005,122810,1,1,0,0,0,0,0,0,0,0,0,0
2005,122810,2,1,0,0,0,0,0,0,0,0,0,0
2005,122811,1,1,0,0,0,0,0,0,0,0,0,0
2005,122811,2,1,0,0,0,0,0,0,0,0,0,0
2005,122812,1,1,0,0,0,0,0,0,0,0,0,0
2005,122812,2,1,0,0,0,0,0,0,0,0,0,0
2005,122813,1,1,17,17,17,17,17,17,17,17,17,17
2005,122814,1,1,0,0,0,0,0,0,0,0,0,0
2005,122814,2,1,0,0,0,0,0,0,0,0,0,0
2005,122815,1,1,0,0,0,0,0,0,0,0,0,0
2005,122815,2,1,0,0,0,0,0,0,0,0,0,0
2005,122816,1,1,17,17,17,17,17,17,17,17,17,17
2005,122817,1,1,0,0,0,0,8,0,0,0,0,0
2005,122817,2,1,0,0,0,0,0,0,0,0,0,0
2005,122818,1,1,0,24,0,0,0,23,0,21,0,0
2005,122818,2,1,0,0,0,0,0,0,0,3,32,0
2005,122819,1,1,0,0,0,0,0,0,0,0,0,0
2005,122819,2,1,0,0,0,0,0,0,0,0,0,0
2005,122820,1,1,11,11,11,11,11,11,11,11,11,11
2005,122820,2,1,0,0,0,0,0,0,0,0,0,0
2005,122821,1,1,0,0,0,0,0,0,0,0,0,0
2005,122821,2,1,0,0,0,0,0,0,0,0,19,0
2005,122822,1,1,12,12,12,12,12,12,12,12,12,12
2005,122823,1,1,8,8,8,8,8,8,8,8,8,8
2005,122824,1,1,0,0,0,0,0,0,0,0,0,0
2005,122825,1,1,14,14,14,14,14,14,14,14,14,14
2005,122825,2,1,1,0,0,0,0,0,0,0,0,0
2005,122825,3,1,0,0,0,0,0,0,0,0,0,0
2005,122826,1,1,18,18,18,18,18,18,18,18,18,18
2005,122827,1,1,0,0,0,0,0,0,0,0,0,0
2005,122827,2,1,7,0,13,0,12,0,0,0,13,0
2005,122828,1,1,17,17,17,17,17,17,17,17,17,17
2005,122829,1,1,0,0,0,0,0,0,0,0,0,0
2005,122830,1,1,19,19,19,19,19,19,19,19,19,19
2005,122831,0,1,19,19,19,19,19,19,19,19,19,19
2005,122831,1,1,18,18,18,18,18,18,18,18,18,18
2005,122832,0,1,0,0,0,0,0,19,0,0,0,14
2005,122832,1,1,18,0,0,0,0,0,0,0,0,0
2005,122833,1,1,0,0,10,10,28,23,0,18,14,15
2005,122834,1,1,20,20,20,20,20,20,20,20,20,20
2005,122834,2,1,0,0,0,0,0,0,5,0,0,0
2005,122834,3,1,0,0,0,0,0,0,0,0,0,0
2005,122835,1,1,0,0,0,0,0,0,0,0,0,0
2005,122835,2,1,0,0,0,0,0,0,0,0,0,0
2005,122835,3,1,0,0,0,0,0,0,0,0,0,0
2005,122836,1,1,3,0,0,0,0,0,0,19,0,0
2005,122837,1,1,0,0,0,0,0,0,0,0,0,0
2005,122837,2,1,0,0,0,0,0,0,0,0,0,0