YEAR,ST_CASE,veh_no,per_no,P1,P2,P3,P4,P5,P6,P7,P8,P9,P10
2005,122838,1,1,0,12,0,0,0,12,15,0,17,0
2005,122838,2,1,0,0,8,0,0,11,0,0,0,0
2005,122839,1,1,0,0,0,0,0,0,0,0,0,0
2005,122839,2,1,0,0,0,0,0,0,0,0,0,0
2005,122840,1,1,0,0,0,0,0,0,0,0,0,0
2005,122840,2,1,0,0,0,0,0,0,0,0,0,14
2005,122841,0,1,0,0,0,0,0,0,0,0,0,0
2005,122841,1,1,0,0,0,0,0,0,0,0,0,0
2005,122842,0,1,0,0,0,0,0,0,0,0,0,0
2005,122842,1,1,0,0,0,0,0,0,0,0,0,0
2005,122843,1,1,21,21,21,21,21,21,21,21,21,21
2005,122844,1,1,14,14,14,14,14,14,14,14,14,14
2005,122844,2,1,0,0,0,14,0,0,0,0,0,0
2005,122844,3,1,0,0,18,4,0,0,0,0,0,15
2005,122845,1,1,0,0,0,0,0,0,0,0,0,18
2005,122846,1,1,0,0,0,0,0,0,0,0,0,0
2005,122846,2,1,0,0,10,0,8,0,0,0,0,0
2005,122847,1,1,15,15,15,15,15,15,15,15,15,15
2005,122848,1,1,9,9,9,9,9,9,9,9,9,9
2005,122848,2,1,12,23,0,22,0,0,0,0,0,6
2005,122849,1,1,6,6,6,6,6,6,6,6,6,6
2005,122851,0,1,0,0,0,0,0,0,0,0,0,0
2005,122851,1,1,0,0,0,0,0,0,0,0,0,0
2005,122852,1,1,0,0,0,0,0,0,0,0,0,0
2005,122852,2,1,24,24,24,24,24,24,24,24,24,24
2005,122853,0,1,0,0,31,0,0,0,0,0,0,0
2005,122853,1,1,0,0,0,0,0,0,0,0,0,0
2005,122855,1,1,0,0,0,0,0,0,0,0,0,0
2005,122855,2,1,0,0,0,0,0,0,0,0,0,0
2005,122856,1,1,0,0,0,0,0,0,0,0,0,0
2005,122856,2,1,0,0,0,0,0,0,0,0,0,0
2005,122857,1,1,0,0,0,0,0,0,0,0,0,0
2005,122857,2,1,0,0,0,0,0,0,0,0,0,0
2005,122858,1,1,0,0,0,0,0,0,0,0,0,0
2005,122858,2,1,0,0,0,0,0,0,0,0,0,0
2005,122859,1,1,0,0,0,0,0,5,0,0,0,0
2005,122859,2,1,2,2,2,2,2,2,2,2,2,2
2005,122860,1,1,1,1,1,1,1,1,1,1,1,1
2005,122860,2,1,0,0,0,0,0,0,0,0,0,0
2005,122861,0,1,0,0,0,0,0,15,0,0,0,0
2005,122861,1,1,13,18,0,30,16,0,0,0,0,0
2005,122862,1,1,37,37,37,37,37,37,37,37,37,37
2005,122863,1,1,18,18,18,18,18,18,18,18,18,18
2005,122864,1,1,0,0,0,0,0,0,0,0,0,0
2005,122864,2,1,0,0,0,0,0,0,0,0,0,9
2005,122865,1,1,13,13,13,13,13,13,13,13,13,13
2005,122866,0,1,0,0,0,0,0,0,0,0,0,0
2005,122866,1,1,0,8,12,17,0,0,0,0,0,29
2005,122867,1,1,0,24,12,0,20,0,0,26,0,0
2005,122867,2,1,0,0,0,0,0,28,0,0,15,0
2005,122868,1,1,0,8,23,24,20,12,31,16,20,6
2005,122869,1,1,11,11,11,11,11,11,11,11,11,11
2005,122870,1,1,0,0,0,0,0,0,0,0,0,0
2005,122870,2,1,0,0,0,0,17,0,0,0,0,0
2005,122871,1,1,16,16,16,16,16,16,16,16,16,16
2005,122872,1,1,0,0,0,0,0,0,0,0,0,0
2005,122872,2,1,0,0,0,0,0,0,0,0,0,0
2005,122873,1,1,0,0,0,0,0,0,0,0,0,0
2005,122873,2,1,2,25,6,23,26,18,15,0,0,17
2005,122874,1,1,12,12,12,12,12,12,12,12,12,12
2005,122875,0,1,14,14,14,14,14,14,14,14,14,14
2005,122875,1,1,0,0,0,0,0,0,0,0,0,0
2005,122876,0,1,18,18,18,18,18,18,18,18,18,18
2005,122876,1,1,0,0,0,0,8,0,12,8,27,0
2005,122876,2,1,0,16,0,0,0,11,15,13,0,0
2005,122877,1,1,13,16,13,12,11,0,18,0,14,10
2005,122878,1,1,12,12,12,12,12,12,12,12,12,12
2005,122879,1,1,0,0,2,16,8,0,21,5,0,5
2005,122879,2,1,0,0,0,0,0,0,0,0,0,0
2005,122880,1,1,2,0,17,0,0,0,0,0,0,0
2005,122881,1,1,0,0,0,14,0,0,0,15,0,0
2005,122881,2,1,0,0,0,0,0,0,0,0,13,8
2005,122882,0,1,0,0,0,0,0,0,0,0,0,0
2005,122882,1,1,0,0,0,0,26,0,0,0,0,0
2005,122883,1,1,0,0,0,0,0,0,0,0,0,0
2005,122883,2,1,0,0,0,0,0,0,0,0,0,0
2005,122884,0,1,7,0,0,0,27,0,18,0,15,0
2005,122884,1,1,0,0,0,0,0,0,0,0,0,0
2005,122885,0,1,0,0,20,19,13,0,16,29,0,25
2005,122885,1,1,0,0,0,0,0,0,14,22,0,0
2005,122886,1,1,6,0,29,14,27,0,0,0,0,0
2005,122886,2,1,4,0,0,0,0,0,0,0,0,0
2005,122886,3,1,0,0,0,0,0,0,0,15,0,0
2005,122887,1,1,0,0,0,16,0,0,0,0,12,24
2005,122888,0,1,0,0,0,0,0,0,0,0,0,11
2005,122888,0,2,0,0,0,0,0,0,0,0,0,0
2005,122888,0,3,0,0,0,0,0,17,0,0,0,10
2005,122888,1,1,24,24,24,24,24,24,24,24,24,24
2005,122889,1,1,0,0,0,0,0,0,0,0,0,0
2005,122889,2,1,0,0,0,0,0,0,0,0,0,0
2005,122890,1,1,0,0,0,0,0,0,0,0,0,0
2005,122890,2,1,0,0,0,0,0,0,0,0,0,0
2005,122891,0,1,0,0,0,0,0,0,0,0,0,0
2005,122891,1,1,0,0,0,0,0,0,0,0,7,0
2005,122892,0,1,0,0,0,0,0,0,0,0,0,0
2005,122892,1,1,0,0,0,22,0,0,0,0,0,0
2005,122893,1,1,0,0,0,0,0,17,0,0,0,0
2005,122894,0,1,0,0,0,0,0,0,0,0,0,0
2005,122894,1,1,0,0,0,0,0,0,0,0,0,0
2005,122895,1,1,0,13,0,0,0,0,0,0,7,0
2005,122896,1,1,13,13,13,13,13,13,13,13,13,13
2005,122897,0,1,0,0,0,0,0,0,0,0,0,0
2005,122897,1,1,19,0,35,0,0,0,0,0,2,0
2005,122898,1,1,0,0,0,0,0,0,0,0,0,0
2005,122899,0,1,0,0,0,7,0,0,0,0,0,0
2005,122899,1,1,0,0,0,0,0,0,0,0,0,0
2005,122900,1,1,0,0,0,0,0,0,0,0,0,0
2005,122901,0,1,0,0,0,0,0,0,0,0,0,0
2005,122901,1,1,0,0,0,0,0,0,0,0,0,0
2005,122902,0,1,22,24,30,0,14,13,0,20,0,13
2005,122902,1,1,0,0,0,0,0,0,0,29,0,0
2005,122903,1,1,1,1,1,1,1,1,1,1,1,1
2005,122904,1,1,0,0,0,0,0,0,0,0,0,0
2005,122904,2,1,0,0,0,0,0,0,0,0,0,0
2005,122905,0,1,0,40,17,0,0,21,21,26,7,0
2005,122905,1,1,0,0,0,0,0,7,0,0,0,0
2005,122906,1,1,0,0,36,25,0,0,31,13,5,23
2005,122906,2,1,0,0,0,0,0,0,0,11,0,0
2005,122907,1,1,0,0,0,0,0,0,0,0,0,0
2005,122907,2,1,0,0,0,0,0,0,0,0,0,0
2005,122908,1,1,0,0,0,0,0,0,0,0,0,5
2005,122909,1,1,5,15,21,0,14,23,32,24,17,9
2005,122910,1,1,0,0,0,0,13,0,0,0,0,8
2005,122911,1,1,0,0,0,0,0,0,0,0,0,0
2005,122912,0,1,26,0,0,0,18,29,0,35,0,38
2005,122912,1,1,0,11,2,0,0,0,0,12,18,27
2005,122913,1,1,9,9,9,9,9,9,9,9,9,9
2005,122914,1,1,8,0,0,0,0,16,0,0,0,0
2005,122915,0,1,0,0,0,0,0,0,0,0,0,0
2005,122915,1,1,0,0,0,0,0,0,0,0,0,0
2005,122916,1,1,0,0,5,13,18,27,0,6,16,18
2005,122917,1,1,0,21,22,11,17,22,0,12,14,0
2005,122918,1,1,0,21,0,7,0,0,0,11,0,0
2005,122919,1,1,0,0,0,0,0,0,31,0,0,0
2005,122920,1,1,0,0,0,0,0,0,0,0,0,0
2005,122920,2,1,0,0,19,0,0,0,0,0,0,0
2005,122921,1,1,0,0,0,0,0,0,0,0,0,0
2005,122921,2,1,0,0,0,0,0,0,2,0,0,0
2005,122922,1,1,0,0,0,0,0,0,0,0,0,0
2005,122922,2,1,0,0,0,0,0,0,0,0,0,0
2005,122923,0,1,29,29,29,29,29,29,29,29,29,29
2005,122923,1,1,0,0,0,0,0,0,0,0,0,0
2005,122924,1,1,0,0,0,0,0,0,0,0,0,0
2005,122924,2,1,0,0,0,0,0,0,0,0,0,0
2005,122925,0,1,0,0,8,11,0,0,20,8,0,0
2005,122925,2,1,9,16,20,0,7,0,0,0,13,5
2005,122925,3,1,0,0,0,0,0,0,0,0,0,0
2005,122925,4,1,0,0,0,0,0,0,0,0,0,0
2005,122926,1,1,0,0,0,0,0,0,0,0,0,0
2005,122927,1,1,0,0,0,0,0,0,0,0,0,0
2005,122928,0,1,0,0,0,0,0,28,0,0,0,0
2005,122928,1,1,0,13,19,0,0,13,0,0,0,28
2005,122929,0,1,18,0,33,0,0,0,0,0,0,0
2005,122929,1,1,14,9,17,0,0,22,0,0,26,0
2005,122930,1,1,0,0,0,0,0,0,0,0,0,0
2005,122930,2,1,0,0,0,0,0,0,0,0,0,0
2005,122931,1,1,16,10,0,0,0,0,17,0,0,23
2005,122932,0,1,0,0,0,0,0,0,0,0,0,0
2005,122932,1,1,0,0,0,0,0,0,0,0,0,0
2005,122933,1,1,0,0,0,0,0,8,0,0,0,0
2005,122933,2,1,0,0,0,0,0,0,0,17,0,0
2005,122934,1,1,0,0,0,0,0,0,0,0,0,0
2005,122934,2,1,0,0,0,0,0,0,0,0,0,0
2005,122935,1,1,0,0,0,0,0,0,0,0,0,0
2005,122935,2,1,0,0,0,0,0,0,0,0,0,0
2005,122936,1,1,23,5,32,12,0,19,0,11,24,6
2005,122937,1,1,19,19,19,19,19,19,19,19,19,19
2005,122937,2,1,0,0,0,0,0,0,0,0,0,0
2005,122938,0,1,0,15,0,0,0,0,0,0,0,5
2005,122938,1,1,8,0,0,0,0,0,0,0,0,0
2005,122939,1,1,0,0,0,0,0,0,0,0,4,0
2005,122939,2,1,0,0,4,0,0,0,0,0,0,0
2005,122939,3,1,0,0,0,0,13,0,0,0,0,0
2005,122939,4,1,0,0,0,0,22,0,0,0,0,0
2005,122940,1,1,0,0,0,0,6,0,0,0,0,0
2005,122941,1,1,0,0,0,0,0,0,0,0,0,0
2005,122941,2,1,0,0,0,0,0,0,0,0,0,0
2005,122942,1,1,6,6,6,6,6,6,6,6,6,6
2005,122942,2,1,0,0,0,0,0,0,0,0,0,0
2005,122943,1,1,20,20,20,20,20,20,20,20,20,20
2005,122944,1,1,0,0,0,0,0,0,0,0,0,0
2005,122944,2,1,0,0,0,12,0,0,0,0,0,0
2005,122944,3,1,0,0,0,0,0,0,0,0,0,0
2005,122944,4,1,0,0,0,0,0,0,0,0,0,0
2005,122945,1,1,0,0,0,0,0,0,0,0,0,0
2005,122946,1,1,0,0,0,0,0,0,0,0,0,0
2005,122946,2,1,0,0,0,0,0,0,10,0,0,0
2005,122946,3,1,0,0,0,0,0,0,0,0,0,0
2005,122946,4,1,0,0,0,0,0,0,0,0,0,0
2005,122947,1,1,14,14,14,14,14,14,14,14,14,14
2005,122948,1,1,0,0,0,0,0,0,0,0,0,0
2005,122948,2,1,0,0,0,0,0,0,0,0,4,0
2005,122949,1,1,12,12,12,12,12,12,12,12,12,12
2005,122950,1,1,3,3,3,3,3,3,3,3,3,3
2005,122951,1,1,0,0,0,0,0,0,0,0,0,0
2005,122951,2,1,0,0,0,0,0,0,6,0,7,0
2005,122952,1,1,0,0,0,0,0,5,20,0,0,0
2005,122952,2,1,12,0,0,0,0,0,0,0,0,0
2005,122953,0,1,0,0,0,0,0,0,0,0,0,0
2005,122953,1,1,0,0,0,0,0,0,0,0,0,0
2005,122954,1,1,0,0,0,18,0,0,7,0,0,0
2005,122954,2,1,4,4,4,4,4,4,4,4,4,4
2005,122955,1,1,0,0,0,0,0,0,0,0,0,0
2005,122955,2,1,0,0,0,0,0,0,0,0,0,0
2005,122956,1,1,11,0,0,21,22,0,0,14,15,0
2005,122956,2,1,16,0,0,0,3,0,0,13,0,13
2005,122957,1,1,26,26,26,26,26,26,26,26,26,26
2005,122957,2,1,14,0,0,0,19,16,14,0,13,23
2005,122959,1,1,17,17,17,17,17,17,17,17,17,17
2005,122960,0,1,0,0,0,0,0,0,0,0,0,0
2005,122960,1,1,0,0,0,0,0,0,0,0,0,0
2005,122961,1,1,19,19,19,19,19,19,19,19,19,19
2005,122962,0,1,22,23,0,15,28,0,32,20,28,22
2005,122962,1,1,0,0,0,10,0,0,15,13,0,0
2005,122963,1,2,12,12,0,0,34,6,17,0,0,8
2005,122964,1,1,0,0,0,0,0,20,0,0,0,0
2005,122965,1,1,0,0,0,0,0,0,0,0,0,0
2005,122965,2,1,0,0,0,0,0,0,0,0,0,0
2005,122966,1,1,19,19,19,19,19,19,19,19,19,19
2005,122968,1,1,26,26,26,26,26,26,26,26,26,26
2005,122969,1,1,0,0,0,0,0,0,0,0,0,0
2005,122969,2,1,0,0,0,0,0,0,22,0,0,0
2005,122970,1,1,0,0,0,0,0,0,0,0,0,0
2005,122970,2,1,0,0,0,0,0,0,0,0,0,0
2005,122970,3,1,0,0,0,0,0,0,0,0,0,0
2005,122971,1,1,0,0,0,0,0,0,0,0,0,0
2005,122971,2,1,0,0,0,0,0,0,0,0,0,0
2005,122972,1,1,0,0,0,12,0,0,0,0,0,0
2005,122972,2,1,0,0,33,0,0,0,0,0,0,0
2005,122973,0,1,0,0,0,19,0,0,14,0,0,14
2005,122973,1,1,0,0,0,0,12,0,0,0,0,0
2005,122974,1,1,0,5,16,18,32,14,15,0,29,0
2005,122975,1,1,0,0,0,0,0,0,0,0,2,0
2005,122975,2,1,53,0,0,19,0,14,0,0,9,0
2005,122976,1,1,0,0,0,0,0,0,0,0,0,0
2005,122976,2,1,0,32,21,16,2,16,0,6,9,28
2005,122977,1,1,14,14,14,14,14,14,14,14,14,14
2005,122978,1,1,0,0,24,0,0,0,22,19,0,0
2005,122979,1,1,0,0,0,0,0,0,0,0,0,0
2005,122979,2,1,0,0,0,0,0,0,0,0,13,22
2005,122980,0,1,0,0,0,0,0,0,0,0,0,0
2005,122980,1,1,0,0,0,0,0,0,0,0,0,0
2005,122981,1,1,0,0,0,9,0,0,0,0,0,9
2005,122982,1,1,0,0,0,10,0,0,11,0,24,14
2005,122982,2,1,0,0,0,0,0,20,0,0,0,0
2005,122982,3,1,0,8,0,0,0,0,0,0,11,0
2005,122982,4,1,0,0,0,0,0,0,19,0,0,9
2005,122982,5,1,0,0,0,0,0,0,0,0,0,0
2005,122983,1,1,0,0,0,0,0,0,0,0,0,0
2005,122984,1,1,11,11,11,11,11,11,11,11,11,11
2005,122985,1,1,0,8,0,6,9,0,18,0,9,0
2005,122985,2,1,0,0,0,0,0,0,0,0,0,9
2005,122985,3,1,0,0,9,0,0,0,0,0,0,14
2005,122986,0,1,10,5,22,15,0,14,24,17,0,14
2005,122986,1,1,19,19,0,20,0,0,14,0,0,0
2005,122987,1,1,0,0,6,0,0,15,0,0,0,0
2005,122988,1,1,27,27,27,27,27,27,27,27,27,27
2005,122989,1,1,0,0,9,15,23,6,24,14,0,0
2005,122990,1,1,0,0,0,0,0,0,0,0,0,0
2005,122990,2,1,0,0,0,0,0,0,0,0,0,0
2005,122991,1,1,13,11,18,35,0,12,0,0,7,9
2005,122992,1,1,0,0,0,0,8,0,0,0,0,0
2005,122992,2,1,0,0,0,0,0,0,0,0,0,0
2005,122992,3,1,0,0,0,0,0,0,0,0,0,0
2005,122993,1,1,0,13,13,0,0,0,0,0,0,0
2005,122993,2,1,17,0,29,18,12,0,0,7,9,29
2005,122994,1,1,0,0,0,0,0,0,0,0,0,0
2005,122995,1,1,0,0,0,0,0,5,0,0,0,0
2005,122995,2,1,0,0,0,0,0,0,0,0,0,0
2005,122995,3,1,0,0,0,0,0,0,0,17,0,0
2005,122995,4,1,0,0,6,0,0,0,0,0,0,0
2005,122996,0,1,0,0,0,0,0,0,0,0,0,0
2005,122996,1,1,0,0,0,0,0,0,0,0,0,0
2005,122997,1,1,0,0,0,0,0,0,0,0,0,0
2005,122998,1,1,14,14,14,14,14,14,14,14,14,14
2005,122999,1,1,0,0,0,0,0,0,0,0,0,0
2005,122999,2,1,0,0,0,0,0,0,0,0,0,0
2005,123000,0,1,0,0,0,0,0,0,0,0,0,0
2005,123000,1,1,0,0,0,0,0,0,9,16,0,0
2005,123000,2,1,0,0,0,0,0,0,0,0,0,0
2005,123000,3,1,0,0,0,0,0,0,0,14,0,0
2005,123001,1,1,12,12,12,12,12,12,12,12,12,12
2005,123002,1,1,0,0,0,37,0,0,0,0,0,16
2005,123002,2,1,0,0,0,0,0,0,0,0,0,0
2005,123003,1,1,0,0,22,0,0,0,0,0,0,0
2005,123003,2,1,0,0,0,0,0,0,0,0,0,0
2005,123004,1,1,0,17,8,10,12,20,0,0,16,28
2005,123005,0,1,0,0,0,0,0,0,0,0,0,0
2005,123005,1,1,20,20,20,20,20,20,20,20,20,20
2005,123006,1,1,4,26,0,19,8,0,35,0,0,13
2005,123006,2,1,0,0,0,0,0,0,0,0,0,0
2005,123008,1,1,0,6,0,0,0,0,0,0,0,0
2005,123008,2,1,0,0,0,0,0,0,0,0,0,0
2005,123009,1,1,28,0,10,0,13,0,0,0,0,0
2005,123010,0,1,22,26,0,0,0,0,42,0,18,0
2005,123010,1,1,0,0,0,0,0,0,0,0,14,0
2005,123011,1,1,5,5,5,5,5,5,5,5,5,5
2005,123012,1,1,0,0,0,0,0,0,0,0,0,0
2005,123012,2,1,0,0,0,0,0,0,0,0,0,0
2005,123013,1,1,0,24,0,0,0,0,0,0,0,0
2005,123013,2,1,0,0,0,0,0,0,0,0,0,0
2005,123013,3,1,0,0,0,0,0,0,0,0,0,0
2005,123014,1,1,13,23,0,18,18,17,27,25,21,25
2005,123015,0,1,16,0,0,0,0,0,0,0,0,26
2005,123015,1,1,0,0,0,0,0,0,0,0,0,0
2005,123016,1,1,0,0,0,0,0,0,0,8,0,0
2005,123016,2,1,16,24,7,0,22,29,24,19,0,22
2005,123017,1,1,0,0,0,0,0,0,0,0,0,0
2005,123017,2,1,0,0,0,0,0,0,0,0,19,0
2005,123018,1,1,0,0,0,0,0,0,0,0,0,0
2005,123018,2,1,0,0,0,0,0,0,0,0,0,0
2005,123019,1,1,0,0,0,0,0,0,0,0,0,0
2005,123019,2,1,0,0,0,0,0,0,0,0,0,0
2005,123020,0,1,0,0,0,0,0,0,0,0,0,0
2005,123020,1,1,0,0,0,0,0,0,0,0,0,7
2005,123021,0,1,9,9,9,9,9,9,9,9,9,9
2005,123021,1,1,16,16,16,16,16,16,16,16,16,16
2005,123022,1,1,17,17,17,17,17,17,17,17,17,17
2005,123022,2,1,0,0,0,0,16,0,0,0,0,0
2005,123023,1,1,1,1,1,1,1,1,1,1,1,1
2005,123024,1,1,22,22,22,22,22,22,22,22,22,22
2005,123024,2,1,0,0,0,0,0,0,0,0,0,0
2005,123025,0,1,10,7,16,24,42,26,28,21,21,10
2005,123025,1,1,0,0,0,8,0,13,0,0,17,15
2005,123026,1,1,0,0,0,0,0,0,0,0,0,0
2005,123027,1,1,0,0,0,0,0,0,0,0,0,0
2005,123028,1,1,0,0,0,24,0,0,13,0,0,14
2005,123028,2,1,0,0,0,0,0,0,0,27,0,0
2005,123029,1,1,0,0,0,0,0,0,0,0,0,0
2005,123030,1,1,0,0,0,0,0,0,0,0,0,0
2005,123030,2,1,0,0,0,0,0,0,0,0,0,0
2005,123030,3,1,0,0,0,0,0,0,0,0,0,0
2005,123031,1,1,0,0,0,0,0,0,0,0,9,0
2005,123031,2,1,0,0,0,0,0,0,0,0,0,0
2005,123032,0,1,0,0,0,0,0,0,0,0,0,0
2005,123032,1,1,0,0,0,0,0,0,0,0,0,0
2005,123033,1,1,0,0,0,0,0,0,0,0,0,0
2005,123033,2,1,0,0,0,0,0,0,0,0,0,0
2005,123035,1,1,0,0,0,0,0,0,0,0,0,0
2005,123036,1,1,0,0,0,0,0,0,0,0,0,0
2005,123036,2,1,0,0,0,0,0,0,0,0,0,0
2005,123037,1,1,0,0,0,0,0,0,0,0,0,0
2005,123037,2,1,0,0,0,0,0,0,0,5,0,0
2005,123038,0,1,0,0,0,0,0,0,0,0,0,0
2005,123038,1,1,0,0,0,0,0,0,0,0,0,0
2005,123039,1,1,20,0,0,0,0,0,0,0,0,0
2005,123039,2,1,0,0,0,0,0,0,0,0,0,0
2005,123040,1,1,0,18,0,13,14,12,0,20,0,0
2005,123041,0,1,30,30,30,30,30,30,30,30,30,30
2005,123041,1,1,0,0,34,13,0,0,3,12,0,23
2005,123042,1,1,0,0,0,0,0,0,0,0,0,0
2005,123043,1,1,0,0,0,0,0,0,0,0,0,0
2005,123043,2,1,0,0,0,0,0,0,0,0,0,0
2005,123044,1,1,17,17,17,17,17,17,17,17,17,17
2005,123045,1,1,0,0,0,0,0,0,0,0,0,0
2005,123045,2,1,0,0,0,0,0,0,0,0,0,0
2005,123046,1,1,0,12,23,0,0,17,0,0,0,8
2005,123047,1,1,0,0,0,0,0,0,0,0,0,0
2005,123047,2,1,0,0,0,0,0,0,0,9,0,0
2005,123048,1,1,0,0,0,13,0,0,0,0,0,0
2005,123048,3,1,0,0,0,0,0,0,0,0,0,0
2005,123049,1,1,21,16,40,19,0,4,0,20,32,7
2005,123050,1,1,17,0,0,0,13,0,0,0,0,3
2005,123051,1,1,0,0,0,0,0,0,0,0,6,0
2005,123051,2,1,0,0,0,0,0,0,0,0,0,0
2005,123052,0,1,21,21,21,21,21,21,21,21,21,21
2005,123052,1,1,0,0,0,0,0,0,0,0,0,0
2005,123053,1,1,0,0,0,0,0,0,0,0,0,0
2005,123053,2,1,0,0,0,11,0,0,9,0,0,0
2005,123054,1,1,16,4,19,9,0,8,27,8,13,9
2005,123055,0,1,0,18,0,21,0,0,0,0,13,0
2005,123055,1,1,0,0,7,0,12,0,0,0,4,0
2005,123056,1,1,0,0,0,0,0,0,0,0,0,0
2005,123056,2,1,0,0,0,0,0,0,0,5,0,0
2005,123057,1,1,7,0,18,0,0,0,0,0,8,0
2005,123057,2,1,25,20,7,22,6,21,13,41,14,0
2005,123058,1,1,0,0,0,0,0,0,0,0,0,0
2005,123059,1,1,0,0,0,0,0,0,0,0,0,0
2005,123059,2,1,0,0,0,10,0,0,0,0,0,0
2005,123060,1,1,0,5,13,21,22,14,10,0,0,0
2005,123060,2,1,0,10,9,0,14,0,0,0,0,25
2005,123061,1,1,0,0,0,0,0,0,0,0,0,0
2005,123061,2,1,0,0,0,0,0,0,0,0,0,0
2005,123061,3,1,0,0,0,0,0,0,0,0,12,11
2005,123062,1,1,0,0,0,0,0,0,0,0,0,0
2005,123062,2,1,0,0,0,0,0,0,0,0,0,0
2005,123063,1,1,0,0,0,0,0,0,0,5,0,0
2005,123063,2,1,0,0,0,0,0,0,0,0,0,0
2005,123064,0,1,0,0,0,0,0,0,0,0,0,0
2005,123064,1,1,12,22,19,11,24,6,0,10,0,0
2005,123065,0,1,0,0,0,0,0,25,0,0,0,8
2005,123065,1,1,20,20,20,20,20,20,20,20,20,20
2005,123066,1,1,5,0,0,0,0,0,0,0,0,0
2005,123066,2,1,0,0,0,0,0,0,0,0,0,0
2005,123067,1,1,0,0,0,0,0,0,0,0,0,0
2005,123068,1,1,0,0,0,0,0,0,0,0,0,0
2005,123068,2,1,0,0,0,0,0,0,0,0,0,0
2005,123069,1,1,0,0,0,0,0,0,0,0,0,0
2005,123069,2,1,0,0,0,0,0,0,23,0,0,0
2005,123070,1,1,0,0,0,11,11,0,0,0,0,0
2005,123071,0,1,0,0,0,0,0,0,0,0,0,0
2005,123071,1,1,0,0,0,0,0,0,0,0,0,0
2005,123072,1,1,12,15,19,4,17,4,0,27,0,8
2005,123072,2,1,0,0,0,0,0,0,11,0,0,0
2005,123073,1,1,0,0,0,0,0,0,0,0,0,0
2005,123074,1,1,0,0,0,0,0,0,0,0,0,0
2005,123075,1,1,25,20,13,37,20,27,6,15,18,21
2005,123076,1,1,0,0,0,0,0,0,0,0,0,0
2005,123076,2,1,0,0,0,0,0,0,0,0,0,0
2005,123078,1,1,0,0,0,0,0,0,0,0,0,0
2005,123078,2,1,0,0,0,0,0,0,0,0,2,0
2005,123079,1,1,0,0,0,0,0,0,0,0,0,0
2005,123079,2,1,0,0,0,0,0,0,0,7,0,0
2005,123080,1,1,0,0,0,0,0,0,0,0,0,0
2005,123080,2,1,0,0,0,0,0,0,0,0,0,0
2005,123081,1,1,0,0,0,0,0,0,0,0,0,0
2005,123081,2,1,0,0,0,0,0,0,0,0,0,0
2005,123082,0,1,6,0,0,0,0,0,0,0,0,0
2005,123082,1,1,0,0,0,0,0,0,0,0,0,0
2005,123083,1,1,0,0,0,0,0,0,0,0,19,0
2005,123084,1,1,0,0,0,0,0,0,0,0,0,0
2005,123084,2,1,0,0,0,0,4,0,0,0,0,0
2005,123084,3,1,0,0,0,0,0,0,0,0,0,0
2005,123085,1,1,0,0,0,0,0,0,0,0,0,0
2005,123086,1,1,0,0,0,0,0,0,0,0,0,0
2005,123086,2,1,0,0,0,0,0,0,0,0,0,0
2005,123086,3,1,0,0,0,0,0,0,0,0,0,0
2005,123087,1,1,0,11,0,0,0,0,0,0,0,0
2005,123087,2,1,0,0,0,0,0,0,0,0,0,0
2005,123088,1,1,0,0,0,0,0,0,0,0,0,0
2005,123088,2,1,0,0,0,0,0,0,0,0,0,0
2005,123089,0,1,0,0,0,0,0,0,0,0,10,0
2005,123089,1,1,0,0,0,0,0,0,0,0,0,0
2005,123090,1,1,0,0,0,0,0,0,0,0,0,0
2005,123090,2,1,0,0,0,0,0,0,0,0,0,0
2005,123091,1,1,0,0,0,0,0,0,0,0,0,0
2005,123092,0,1,34,34,34,34,34,34,34,34,34,34
2005,123092,1,1,0,0,0,0,0,0,0,0,0,0
2005,123093,1,1,0,0,0,0,0,0,0,0,0,0
2005,123094,1,1,0,0,0,0,0,0,0,0,0,0
2005,123094,2,1,0,0,0,0,0,0,0,0,0,0
2005,123095,1,1,0,0,31,0,0,0,0,0,16,0
2005,123096,0,1,0,0,0,0,0,0,0,0,0,0
2005,123096,1,1,0,0,0,0,0,0,0,0,0,0
2005,123097,1,1,0,0,0,0,0,0,0,0,0,0
2005,123097,2,1,0,0,0,0,0,0,0,0,0,0
2005,123098,1,1,0,0,0,0,0,0,0,0,0,5
2005,123098,2,1,0,0,23,0,0,0,0,0,0,0
2005,123099,1,1,8,0,7,23,8,20,10,19,26,14
2005,123100,1,1,0,0,0,0,0,0,0,0,0,0
2005,123100,2,1,0,0,0,0,0,0,0,0,0,0
2005,123101,1,1,21,0,0,0,0,0,0,0,0,0
2005,123101,2,1,0,0,0,0,0,0,0,0,0,0
2005,123102,0,1,25,8,15,18,0,11,0,0,23,24
2005,123102,1,1,8,0,0,0,0,0,0,0,0,0
2005,123103,1,1,0,20,12,25,0,0,0,16,0,0
2005,123104,1,1,0,0,0,0,0,0,0,11,0,0
2005,123105,1,1,0,0,0,0,0,0,0,0,0,0
2005,123105,2,1,0,0,0,0,0,0,0,0,0,0
2005,123106,1,1,5,13,0,24,43,0,6,0,0,11
2005,123106,2,1,0,0,0,6,0,0,0,0,0,0
2005,123107,1,1,16,0,0,0,5,14,22,15,16,18
2005,123108,1,1,0,0,13,0,14,0,0,0,0,0
2005,123108,2,1,0,0,9,0,8,7,0,25,0,0
2005,123109,1,1,0,0,0,0,0,0,0,0,0,0