YEAR,ST_CASE,veh_no,per_no,P1,P2,P3,P4,P5,P6,P7,P8,P9,P10
2005,123109,2,1,0,0,0,17,0,0,0,0,0,0
2005,123110,0,1,34,34,34,34,34,34,34,34,34,34
2005,123110,1,1,0,0,0,13,0,0,17,0,0,5
2005,123111,1,1,18,0,0,0,0,8,0,0,0,0
2005,123112,0,1,0,0,0,0,0,0,0,0,0,0
2005,123112,1,1,0,0,0,0,0,0,0,0,0,0
2005,123113,0,1,0,0,0,0,0,0,0,0,0,0
2005,123113,1,1,0,0,0,0,0,0,0,0,0,0
2005,123114,1,1,0,0,0,0,0,0,0,0,0,0
2005,123114,2,1,0,0,0,0,0,0,0,0,0,0
2005,123115,1,1,6,6,6,6,6,6,6,6,6,6
2005,123116,1,1,23,0,0,23,0,0,0,0,0,0
2005,123117,1,1,11,0,0,0,0,0,0,0,0,0
2005,123117,2,1,0,0,0,0,0,0,0,0,0,0
2005,123118,1,1,0,0,0,0,0,0,0,0,0,0
2005,123118,2,1,0,0,0,0,0,0,0,0,0,0
2005,123118,3,1,0,0,0,0,0,0,0,0,0,0
2005,123119,1,1,0,0,0,0,0,0,0,0,0,0
2005,123119,2,1,0,0,0,0,0,0,0,0,0,0
2005,123120,1,1,12,12,12,12,12,12,12,12,12,12
2005,123121,1,1,0,0,0,0,0,0,0,0,0,0
2005,123121,2,1,6,6,6,6,6,6,6,6,6,6
2005,123122,1,1,0,0,0,0,0,8,0,0,0,0
2005,123123,1,1,0,24,0,13,0,0,0,0,5,0
2005,123124,1,1,0,0,0,0,0,0,0,0,0,0
2005,123124,2,1,0,0,0,0,0,0,4,0,0,0
2005,123125,1,1,0,0,15,0,0,0,0,0,0,0
2005,123125,2,1,0,0,0,0,0,0,0,0,0,0
2005,123125,3,1,0,0,0,0,0,0,0,0,0,0
2005,123126,1,1,0,0,0,0,0,0,0,0,0,0
2005,123126,2,1,0,20,0,0,0,0,0,0,0,0
2005,123127,1,1,18,18,18,18,18,18,18,18,18,18
2005,123127,2,1,0,0,0,0,0,0,0,0,0,0
2005,123128,0,1,0,0,0,0,0,0,0,0,0,0
2005,123128,1,1,0,0,0,0,0,0,0,0,0,0
2005,123129,0,1,10,38,0,20,24,0,13,12,10,20
2005,123129,1,1,0,0,0,0,0,0,0,17,0,0
2005,123130,1,1,0,22,23,14,0,0,0,14,0,16
2005,123130,2,1,0,0,0,0,0,0,0,0,0,0
2005,123131,1,1,28,28,28,28,28,28,28,28,28,28
2005,123132,1,1,0,0,0,0,0,0,0,0,0,0
2005,123132,2,1,0,0,0,0,0,0,0,23,0,0
2005,123133,0,1,0,0,0,0,0,0,0,0,0,0
2005,123133,1,1,0,0,0,0,0,0,0,0,0,0
2005,123134,1,1,0,0,0,26,0,13,0,10,16,10
2005,123135,1,1,8,8,8,8,8,8,8,8,8,8
2005,123136,1,1,0,0,0,0,0,0,0,0,0,0
2005,123137,0,1,0,0,0,0,0,0,0,0,0,0
2005,123137,1,1,0,6,0,0,0,0,15,0,0,0
2005,123138,1,1,0,0,10,0,3,0,0,0,0,16
2005,123139,1,1,0,9,7,0,19,0,0,0,0,6
2005,123139,2,1,0,0,0,0,0,0,0,0,0,0
2005,123140,1,1,0,11,0,0,12,0,12,0,19,0
2005,123141,1,1,0,0,0,0,0,0,0,0,0,0
2005,123141,2,1,0,0,0,0,0,0,0,0,0,0
2005,123142,1,1,0,0,0,0,0,0,0,0,0,0
2005,123142,2,1,0,0,0,0,0,0,0,0,0,0
2005,123143,1,1,0,0,0,0,0,0,0,0,0,0
2005,123143,2,1,0,0,0,0,0,0,0,0,0,0
2005,123145,1,1,0,0,0,0,0,0,0,0,0,0
2005,123145,2,1,0,0,0,0,0,0,0,0,0,0
2005,123146,0,1,0,0,0,0,0,0,0,0,0,0
2005,123146,1,1,0,0,0,0,0,0,0,19,0,0
2005,123147,1,1,0,0,0,0,0,0,0,0,0,0
2005,123147,2,1,0,0,0,0,0,0,27,0,30,0
2005,123148,1,1,0,0,0,0,0,0,0,0,0,0
2005,123148,2,1,0,0,0,0,0,0,0,0,0,0
2005,123150,0,1,21,16,0,0,30,0,0,0,28,22
2005,123150,1,1,0,9,0,0,0,16,0,0,0,12
2005,123151,1,1,0,0,0,0,0,0,0,0,0,0
2005,123151,2,1,0,0,0,0,0,0,0,0,0,0
2005,123152,1,1,2,2,2,2,2,2,2,2,2,2
2005,123153,1,1,10,9,13,13,24,11,10,12,25,32
2005,123154,1,1,0,0,0,0,0,0,0,0,0,0
2005,123154,2,1,0,0,0,0,0,0,0,0,0,0
2005,123155,1,1,0,0,0,0,0,0,0,0,0,0
2005,123155,2,1,0,0,0,0,0,0,0,0,0,17
2005,123156,1,1,0,0,0,0,0,0,0,0,0,0
2005,123157,0,1,0,0,4,0,20,0,37,0,0,0
2005,123157,1,1,0,0,0,0,0,0,0,0,0,22
2005,123158,0,1,0,0,0,0,38,0,0,11,0,5
2005,123158,1,1,22,22,22,22,22,22,22,22,22,22
2005,123159,1,1,0,0,0,0,0,0,0,0,0,0
2005,123160,0,1,0,0,0,0,0,0,0,0,0,0
2005,123160,1,1,7,0,5,0,0,0,0,0,0,0
2005,123161,1,1,0,0,0,0,0,0,0,21,14,0
2005,123161,2,1,0,0,0,0,0,0,0,0,0,0
2005,123162,1,1,0,0,0,0,0,0,0,0,0,0
2005,123162,2,1,0,0,0,0,0,0,0,0,0,0
2005,123163,1,1,0,0,0,0,0,0,0,0,0,0
2005,123164,1,1,0,0,0,0,0,10,0,7,16,0
2005,123165,1,1,0,0,0,0,0,0,0,0,0,0
2005,123165,2,1,0,0,0,0,0,0,0,0,0,0
2005,123166,1,1,30,30,30,30,30,30,30,30,30,30
2005,123166,2,1,9,23,0,13,22,7,21,8,7,12
2005,123167,0,1,0,0,0,0,0,0,0,0,0,0
2005,123167,1,1,0,0,0,0,0,0,16,0,5,27
2005,123168,2,1,0,0,0,0,0,0,0,0,0,0
2005,123169,1,2,6,18,0,0,0,26,33,0,22,22
2005,123170,1,1,12,0,11,0,21,0,4,0,12,0
2005,123171,1,1,23,23,23,23,23,23,23,23,23,23
2005,123171,2,1,0,0,0,0,0,0,0,0,0,0
2005,123173,1,1,0,0,24,6,0,0,17,10,0,18
2005,123174,1,1,0,0,0,0,0,0,0,0,0,0
2005,123174,2,1,0,19,0,0,0,0,0,0,0,0
2005,123175,0,1,33,33,33,33,33,33,33,33,33,33
2005,123175,1,1,0,0,0,0,0,0,0,0,0,0
2005,123176,0,1,9,0,21,0,0,5,25,0,0,0
2005,123176,1,1,0,0,0,0,0,0,0,0,0,9
2005,123177,0,1,23,0,0,0,0,0,0,0,18,0
2005,123177,1,1,0,0,0,0,0,0,0,0,0,0
2005,123178,1,1,0,0,0,0,0,0,0,0,0,0
2005,123178,2,1,0,7,0,0,0,0,0,0,0,0
2005,123178,3,1,0,0,9,0,29,0,0,0,0,0
2005,123179,1,2,13,0,0,0,16,16,0,18,0,0
2005,123180,1,1,0,0,0,0,0,0,9,0,0,0
2005,123180,2,1,17,0,0,0,0,39,0,0,0,0
2005,123181,0,1,0,0,0,0,0,7,7,17,41,0
2005,123181,1,1,15,5,12,0,0,27,0,24,15,23
2005,123182,0,1,0,0,0,0,0,0,0,0,0,0
2005,123182,1,1,0,0,0,0,0,0,0,0,0,0
2005,123183,0,1,2,2,2,2,2,2,2,2,2,2
2005,123183,1,1,0,0,0,0,0,19,0,0,0,0
2005,123184,1,1,0,0,0,0,0,0,0,0,0,0
2005,123184,2,1,0,0,0,0,0,0,0,0,0,0
2005,123185,0,1,0,0,0,0,0,0,0,0,0,0
2005,123185,1,1,0,0,0,0,0,0,0,0,0,0
2005,123186,1,1,0,0,0,0,0,0,0,0,0,0
2005,123186,2,1,0,0,0,0,0,0,0,0,0,0
2005,123187,0,1,0,0,0,0,0,0,0,0,0,0
2005,123187,1,1,0,0,0,0,0,0,0,0,0,0
2005,123188,1,1,0,0,0,0,0,0,0,0,0,0
2005,123188,2,1,0,0,0,0,0,0,0,0,0,0
2005,123189,0,1,0,0,0,0,0,0,0,0,0,0
2005,123189,1,1,0,0,0,0,0,0,0,0,0,0
2005,123189,2,1,9,34,0,18,0,0,22,33,7,0
2005,123190,1,1,0,0,0,0,0,0,0,0,0,0
2005,123190,2,1,0,0,0,0,0,0,0,0,0,0
2005,123192,0,1,0,0,0,0,0,10,0,0,0,0
2005,123192,1,1,0,0,0,0,0,0,0,0,0,0
2005,123192,2,1,0,0,0,0,0,0,0,0,0,0
2005,123192,3,1,0,0,0,0,0,0,0,0,0,0
2005,123193,0,1,20,26,25,9,12,0,29,13,0,0
2005,123193,1,1,0,0,0,0,0,0,0,0,0,0
2005,123194,0,1,0,0,0,0,0,0,0,0,0,0
2005,123194,1,1,0,0,0,0,0,0,0,19,0,0
2005,123195,1,1,0,0,0,0,0,0,0,0,0,0
2005,123195,2,1,0,0,0,0,0,0,0,0,0,0
2005,123196,1,1,0,0,0,0,0,0,0,0,0,0
2005,123196,2,1,0,0,0,0,0,0,0,0,0,0
2005,123197,1,1,0,0,0,0,0,0,0,0,0,0
2005,123197,2,1,0,0,0,0,0,0,0,0,0,0
2005,123197,3,1,0,0,0,0,0,0,16,0,0,0
2005,123197,4,1,0,0,0,0,0,0,0,0,0,0
2005,123198,0,1,0,0,0,0,0,0,0,0,29,0
2005,123198,1,1,0,0,0,0,0,0,0,0,0,0
2005,123199,0,1,0,0,0,0,0,0,0,0,0,0
2005,123199,1,1,0,0,0,0,0,0,0,0,0,0
2005,123200,1,1,0,0,0,0,0,0,0,0,6,5
2005,123200,2,1,0,0,11,8,12,0,0,4,11,0
2005,123201,1,1,0,0,0,0,0,0,0,0,0,0
2005,123201,2,1,0,0,0,0,3,7,0,0,0,0
2005,123202,1,1,0,0,0,0,0,0,0,0,0,0
2005,123202,2,1,0,0,0,0,0,0,0,0,0,0
2005,123203,1,1,0,0,0,0,0,0,0,0,0,0
2005,123203,2,1,0,0,0,0,0,0,0,0,0,0
2005,123204,1,1,25,25,25,25,25,25,25,25,25,25
2005,123205,0,1,0,0,0,0,0,35,0,0,0,23
2005,123205,0,2,10,8,0,0,0,0,0,0,0,0
2005,123205,1,1,0,6,0,0,0,0,0,0,0,0
2005,123206,0,1,0,0,0,0,0,0,0,0,0,0
2005,123206,1,1,0,0,12,0,0,16,0,0,0,0
2005,123207,1,1,0,0,0,0,0,0,0,0,0,0
2005,123207,2,1,0,0,0,0,0,0,0,0,0,0
2005,123208,1,1,0,0,0,0,0,0,6,0,0,0
2005,123208,2,1,14,14,14,14,14,14,14,14,14,14
2005,123208,3,1,0,0,10,0,0,0,0,0,0,0
2005,123208,4,1,0,0,0,0,0,0,0,0,0,0
2005,123208,5,1,0,0,0,0,0,0,0,0,0,0
2005,123209,0,1,0,0,0,0,0,0,0,0,0,0
2005,123209,1,1,0,0,0,0,0,0,0,0,0,0
2005,123210,0,1,30,2,0,36,23,21,16,22,21,0
2005,123210,1,1,0,24,0,0,0,0,0,0,18,12
2005,123210,2,1,13,0,0,0,0,0,0,0,10,9
2005,123211,0,1,15,31,0,17,0,28,28,14,20,15
2005,123211,1,1,0,0,0,0,0,0,0,0,0,0
2005,123212,0,1,0,31,12,36,34,0,0,19,0,29
2005,123212,1,1,0,0,12,3,0,0,0,15,25,0
2005,123213,1,1,0,0,0,18,0,0,0,0,0,0
2005,123213,2,1,0,0,0,0,0,0,19,14,0,18
2005,123214,1,1,0,0,0,0,0,0,0,0,0,0
2005,123214,2,1,0,0,0,0,0,0,0,0,0,0
2005,123214,3,1,0,0,0,0,0,0,0,0,0,0
2005,123215,1,1,0,0,0,0,0,0,0,0,0,0
2005,123216,1,1,0,0,0,0,0,0,0,0,0,0
2005,123216,2,1,0,0,0,0,0,0,0,0,0,0
2005,123217,1,1,0,0,0,0,0,0,0,0,0,0
2005,123217,2,1,0,0,0,0,0,0,13,0,0,0
2005,123218,1,1,0,0,0,5,0,0,0,35,0,0
2005,123219,1,1,23,0,0,0,0,0,0,0,0,0
2005,123219,2,1,0,0,0,0,0,0,0,0,0,7
2005,123220,1,1,21,21,21,21,21,21,21,21,21,21
2005,123222,0,1,0,0,0,0,0,0,0,0,0,0
2005,123222,1,1,0,0,0,0,6,0,0,0,0,0
2005,123223,1,1,0,0,0,0,0,0,0,0,0,0
2005,123224,0,1,0,22,33,30,15,0,0,12,4,12
2005,123224,1,1,0,0,0,0,0,0,0,0,0,0
2005,123225,1,1,0,0,0,0,13,0,0,0,0,17
2005,123225,2,1,0,0,0,0,0,0,0,0,0,0
2005,123226,0,1,0,0,0,0,0,0,0,0,0,0
2005,123226,1,1,0,0,0,0,0,0,0,0,0,0
2005,123227,1,1,0,21,0,0,0,0,12,0,4,9
2005,123228,1,1,0,0,0,0,0,0,0,0,0,0
2005,123229,1,1,26,26,26,26,26,26,26,26,26,26
2005,123230,1,1,0,0,0,0,0,0,0,0,0,0
2005,123230,2,1,0,0,0,0,0,0,0,7,0,0
2005,123231,1,1,0,0,17,0,0,0,0,0,9,0
2005,130001,1,1,0,0,0,0,0,0,0,0,0,0
2005,130001,2,1,0,0,19,0,0,0,0,0,0,0
2005,130001,3,1,0,0,0,0,0,0,0,0,0,0
2005,130002,1,1,0,0,0,0,0,0,0,0,0,0
2005,130002,2,1,0,0,0,0,0,0,0,0,0,0
2005,130003,1,1,12,12,12,12,12,12,12,12,12,12
2005,130003,2,1,0,0,0,0,0,0,0,0,0,0
2005,130004,1,1,4,4,4,4,4,4,4,4,4,4
2005,130005,1,1,0,8,22,20,23,13,0,12,0,19
2005,130006,1,1,22,22,22,22,22,22,22,22,22,22
2005,130007,1,1,0,0,0,0,0,0,0,0,0,0
2005,130007,2,1,0,0,0,0,0,0,0,0,0,0
2005,130008,1,1,0,7,0,0,0,0,0,0,0,0
2005,130008,2,1,0,0,0,0,0,0,0,0,0,0
2005,130009,0,1,13,0,0,0,0,22,0,32,0,0
2005,130009,1,1,0,0,0,0,0,0,0,0,0,0
2005,130010,1,1,0,0,0,0,0,0,0,0,25,0
2005,130010,2,1,0,0,0,0,0,0,0,0,0,0
2005,130011,1,1,0,0,0,0,0,0,0,0,0,0
2005,130012,1,1,30,0,0,23,0,0,0,12,0,0
2005,130013,1,1,0,0,0,0,0,15,0,0,0,12
2005,130014,1,1,0,0,0,0,0,0,0,0,0,0
2005,130014,2,1,0,0,0,0,0,0,0,0,0,0
2005,130015,1,1,0,0,0,0,0,0,0,0,0,0
2005,130015,2,1,0,0,0,0,0,0,0,0,0,0
2005,130016,1,1,0,0,0,0,0,0,0,0,0,0
2005,130016,2,1,0,0,0,0,0,0,0,0,0,0
2005,130017,1,1,23,23,23,23,23,23,23,23,23,23
2005,130017,2,1,0,0,0,0,0,0,0,0,0,0
2005,130018,1,1,0,0,0,0,0,0,0,0,0,0
2005,130018,2,1,0,0,0,0,0,0,0,0,0,0
2005,130018,3,1,0,0,0,0,0,0,0,0,0,0
2005,130018,4,1,0,0,0,0,0,0,0,0,0,0
2005,130019,1,1,0,0,0,0,0,0,0,0,0,0
2005,130019,2,1,0,0,0,0,0,0,0,0,0,0
2005,130019,3,1,0,0,0,0,0,0,0,0,0,0
2005,130019,4,1,0,0,0,0,0,0,0,0,0,0
2005,130019,5,1,0,0,0,0,0,0,0,0,0,0
2005,130020,1,1,0,0,0,0,0,0,0,0,0,0
2005,130020,2,1,0,0,0,0,0,0,0,0,0,0
2005,130021,1,1,24,22,20,23,14,35,0,16,0,32
2005,130022,0,1,0,0,0,0,0,0,0,0,0,0
2005,130022,1,1,0,0,0,0,0,0,0,0,0,18
2005,130023,0,1,0,0,0,0,0,0,0,0,0,0
2005,130023,1,1,0,0,0,0,0,0,0,0,0,5
2005,130024,1,1,0,0,0,0,0,0,0,0,0,0
2005,130024,2,1,0,0,0,0,0,0,0,0,0,0
2005,130025,1,1,16,16,16,16,16,16,16,16,16,16
2005,130026,1,1,0,0,0,0,0,0,0,0,0,0
2005,130027,1,1,0,0,0,0,0,0,0,0,0,0
2005,130027,2,1,0,0,0,0,0,0,0,0,0,0
2005,130027,3,1,0,0,0,0,0,0,0,0,0,0
2005,130027,4,1,0,0,0,0,0,14,0,0,0,0
2005,130028,1,1,0,0,0,0,0,0,0,0,0,0
2005,130028,2,1,0,0,0,22,0,0,0,0,0,0
2005,130029,1,1,24,24,24,24,24,24,24,24,24,24
2005,130029,2,1,0,0,3,0,0,0,0,0,0,0
2005,130030,1,1,0,0,10,0,0,17,0,0,0,24
2005,130031,1,1,0,0,0,0,0,0,0,0,0,0
2005,130031,2,1,0,0,0,0,0,0,0,0,0,0
2005,130031,3,1,3,3,3,3,3,3,3,3,3,3
2005,130032,1,1,0,0,0,0,0,0,0,0,0,0
2005,130032,2,1,6,6,6,6,6,6,6,6,6,6
2005,130033,1,1,0,0,0,0,0,0,0,0,0,0
2005,130034,0,1,12,0,20,15,25,22,15,0,0,38
2005,130034,0,2,0,21,11,0,0,28,0,15,31,32
2005,130034,1,1,0,0,11,12,21,10,0,0,8,0
2005,130035,1,1,0,0,0,0,17,2,0,0,19,0
2005,130036,0,1,25,25,25,25,25,25,25,25,25,25
2005,130036,1,1,0,0,25,0,0,8,0,0,0,0
2005,130037,1,1,16,6,0,0,0,0,0,0,25,0
2005,130037,2,1,0,0,0,0,0,0,0,0,0,0
2005,130037,3,1,0,0,0,0,0,0,0,0,0,0
2005,130038,1,1,17,17,17,17,17,17,17,17,17,17
2005,130038,2,1,0,0,0,0,0,0,0,0,0,0
2005,130039,1,1,28,28,28,28,28,28,28,28,28,28
2005,130040,1,1,0,0,0,0,0,0,0,0,0,0
2005,130040,2,1,0,14,0,0,0,0,0,0,0,0
2005,130040,3,1,0,0,0,0,0,0,0,0,0,0
2005,130041,1,1,0,0,6,0,0,0,0,0,0,0
2005,130042,1,1,13,13,13,13,13,13,13,13,13,13
2005,130042,2,1,0,0,0,0,0,0,0,0,0,0
2005,130042,3,1,0,0,0,0,0,0,0,0,0,0
2005,130043,1,1,0,0,0,0,0,0,0,0,0,0
2005,130044,1,1,0,0,0,0,0,0,0,0,0,0
2005,130045,1,1,15,15,15,15,15,15,15,15,15,15
2005,130046,1,1,0,0,0,0,19,0,0,0,0,0
2005,130047,1,1,0,0,0,0,0,0,0,0,0,0
2005,130047,2,1,0,0,0,0,0,0,0,0,0,0
2005,130047,3,1,0,0,0,0,0,0,0,0,0,0
2005,130048,1,1,36,0,0,0,16,0,19,0,0,17
2005,130049,1,1,9,9,9,9,9,9,9,9,9,9
2005,130050,1,1,0,0,0,0,0,0,0,0,0,0
2005,130050,2,1,0,0,0,0,0,0,0,0,0,0
2005,130051,1,1,0,0,0,0,0,0,0,0,0,0
2005,130052,0,1,25,0,56,8,36,26,10,44,28,40
2005,130052,1,1,0,10,9,0,0,10,0,0,0,19
2005,130053,1,1,0,0,0,0,0,0,0,0,0,0
2005,130053,2,1,0,0,0,0,0,0,0,0,0,0
2005,130054,1,1,6,19,0,0,0,0,0,0,9,0
2005,130054,2,1,0,0,0,0,0,0,0,0,0,0
2005,130055,1,1,7,7,7,7,7,7,7,7,7,7
2005,130055,2,1,0,0,0,0,0,0,0,0,0,0
2005,130056,1,1,17,0,0,0,0,0,0,0,0,0
2005,130056,2,1,0,0,0,0,0,0,0,0,0,0
2005,130057,1,1,0,0,0,0,0,0,0,0,0,0
2005,130058,1,1,11,11,11,11,11,11,11,11,11,11
2005,130058,2,1,0,0,0,0,0,0,0,0,0,0
2005,130059,1,1,0,0,0,0,0,0,0,0,14,0
2005,130060,1,1,0,0,0,0,0,0,0,0,0,0
2005,130061,0,1,0,0,0,0,0,0,0,0,0,0
2005,130061,1,1,0,0,0,0,0,0,0,0,0,0
2005,130062,1,1,24,0,13,23,0,27,15,18,11,0
2005,130063,1,1,0,0,0,0,0,0,0,0,0,0
2005,130063,2,1,0,0,0,0,0,0,0,0,0,0
2005,130064,1,1,0,0,0,0,0,0,0,0,0,0
2005,130064,2,1,0,0,0,0,0,0,0,0,0,0
2005,130065,1,1,0,0,0,0,0,0,0,0,0,0
2005,130065,2,1,0,0,0,0,0,0,0,0,0,0
2005,130066,1,1,0,0,0,0,0,0,0,0,0,0
2005,130066,2,1,0,0,0,0,0,0,0,0,0,0
2005,130068,1,1,0,0,0,0,0,0,0,0,0,0
2005,130068,2,1,0,0,0,0,0,13,0,0,0,0
2005,130069,1,1,0,0,0,17,0,0,0,0,0,0
2005,130069,2,1,0,0,0,0,0,0,0,0,0,0
2005,130070,1,1,35,0,0,0,0,0,0,0,14,0
2005,130071,0,1,0,0,0,0,0,0,0,0,0,0
2005,130071,1,1,0,0,0,14,0,0,0,0,0,0
2005,130072,1,1,0,0,0,0,0,0,0,0,0,0
2005,130073,1,1,0,0,0,0,0,0,0,0,0,0
2005,130074,1,1,13,12,0,0,0,0,0,0,0,0
2005,130075,1,1,16,10,16,4,8,10,0,14,12,0
2005,130076,1,1,0,0,0,0,0,0,0,0,0,0
2005,130076,2,1,0,0,0,0,0,0,0,0,0,0
2005,130077,1,1,0,0,0,0,0,18,0,0,0,0
2005,130077,2,1,0,0,0,0,0,0,0,0,0,0
2005,130078,1,1,13,13,13,13,13,13,13,13,13,13
2005,130079,1,1,7,26,14,0,12,12,17,10,14,9
2005,130080,0,1,0,0,0,0,0,0,0,0,0,0
2005,130080,1,1,0,0,0,0,0,11,0,0,0,0
2005,130081,1,1,0,0,0,0,0,0,0,0,0,0
2005,130082,1,1,0,0,0,0,0,0,0,0,0,0
2005,130083,1,1,0,0,0,0,0,0,0,0,0,0
2005,130083,2,1,0,0,0,0,0,0,0,0,0,0
2005,130084,0,1,0,0,0,0,27,7,39,24,0,0
2005,130084,0,2,31,16,0,0,0,0,0,18,13,30
2005,130084,2,1,0,0,0,0,0,0,0,0,0,0
2005,130085,1,1,0,0,0,0,0,0,0,0,0,0
2005,130085,2,1,0,0,0,0,0,0,0,0,0,3
2005,130086,1,1,0,0,0,0,0,0,0,0,0,0
2005,130086,2,1,0,0,0,0,0,0,0,0,0,0
2005,130087,1,1,0,0,0,0,0,0,0,0,0,0
2005,130088,1,1,0,0,0,0,0,0,0,0,0,0
2005,130088,2,1,0,0,0,0,0,0,0,0,0,0
2005,130089,0,1,22,22,22,22,22,22,22,22,22,22
2005,130089,1,1,0,0,0,0,0,0,0,0,0,0
2005,130090,1,1,0,0,0,0,0,0,0,0,0,0
2005,130090,2,1,8,0,0,0,0,0,0,0,0,0
2005,130090,3,1,0,0,0,0,0,0,0,0,0,0
2005,130090,4,1,0,0,0,0,0,0,0,0,0,0
2005,130090,5,1,0,0,0,0,0,0,0,0,0,0
2005,130090,6,1,0,0,0,0,0,0,0,0,0,0
2005,130091,1,1,0,0,0,0,0,0,0,0,0,0
2005,130091,2,1,0,0,0,0,0,0,0,0,0,0
2005,130092,1,1,0,0,0,0,0,0,0,0,0,0
2005,130093,1,1,0,0,0,0,0,0,0,0,0,0
2005,130094,1,1,0,23,20,23,0,21,0,0,4,17
2005,130095,1,1,14,14,14,14,14,14,14,14,14,14
2005,130096,0,1,0,0,0,0,0,0,0,0,0,0
2005,130096,1,1,0,0,0,0,0,0,0,0,0,0
2005,130097,1,1,0,0,0,0,0,0,0,0,0,0
2005,130098,1,1,0,0,0,0,0,0,0,0,0,0
2005,130098,2,1,0,0,0,0,0,0,0,0,0,0
2005,130099,1,1,0,0,0,0,0,0,0,0,0,0
2005,130100,1,1,0,0,12,0,0,0,0,0,0,0
2005,130101,1,1,25,0,0,0,17,0,0,0,22,23
2005,130102,1,1,0,0,0,0,0,0,0,0,0,0
2005,130102,2,1,20,14,12,0,10,0,17,0,13,0
2005,130103,0,1,0,0,0,0,0,0,0,0,0,0
2005,130103,1,1,0,0,0,0,0,0,0,0,0,0
2005,130104,1,1,0,0,0,0,0,14,0,0,0,0
2005,130105,1,1,0,14,25,9,1,26,10,21,0,0
2005,130106,1,1,0,0,0,0,0,0,0,0,0,0
2005,130106,2,1,0,0,0,0,0,0,0,0,0,0
2005,130107,1,1,0,0,0,0,0,0,0,0,0,0
2005,130107,2,1,14,14,14,14,14,14,14,14,14,14
2005,130108,1,1,0,0,0,0,0,0,0,6,0,0
2005,130108,2,1,0,0,0,0,0,0,0,0,0,0
2005,130109,1,1,0,0,0,0,0,0,0,0,8,0
2005,130110,1,1,0,0,0,0,0,0,0,0,0,0
2005,130110,2,1,0,0,0,0,0,0,0,0,0,0
2005,130111,0,1,0,0,0,0,0,0,0,0,0,0
2005,130111,1,1,0,0,0,0,0,0,0,0,0,0
2005,130112,0,1,0,0,9,0,0,0,0,0,0,0
2005,130112,1,1,0,0,0,0,0,0,0,0,0,0
2005,130113,1,1,10,10,10,10,10,10,10,10,10,10
2005,130114,1,1,0,13,0,0,0,0,0,0,0,0
2005,130115,1,1,0,0,0,0,0,0,0,0,0,0
2005,130115,2,1,0,0,0,0,0,0,0,0,0,0
2005,130116,0,1,0,0,0,0,0,0,14,0,0,0
2005,130116,1,1,0,0,0,0,0,0,0,0,0,0
2005,130117,1,1,0,0,0,0,0,0,0,0,0,0
2005,130117,2,1,0,0,0,7,0,0,0,0,0,0
2005,130117,3,1,0,0,0,0,0,0,10,0,0,0
2005,130118,1,1,0,0,0,0,0,0,0,0,0,0
2005,130119,1,1,19,0,26,16,9,17,0,12,13,22
2005,130120,1,1,0,0,0,0,0,0,0,0,0,0
2005,130121,1,1,0,0,0,0,0,0,0,0,0,0
2005,130121,2,1,0,0,0,12,0,0,0,0,0,0
2005,130122,1,1,0,0,0,0,0,0,0,0,0,0
2005,130123,1,1,28,28,28,28,28,28,28,28,28,28
2005,130124,0,1,6,6,6,6,6,6,6,6,6,6
2005,130124,1,1,0,0,0,0,0,0,0,0,0,0
2005,130125,0,1,0,0,7,12,0,15,28,2,18,18
2005,130125,1,1,0,6,0,0,0,0,12,0,29,16
2005,130126,1,1,0,25,0,0,0,8,0,0,0,0
2005,130127,1,1,0,0,0,0,0,0,0,0,0,0
2005,130127,2,1,0,0,0,0,0,0,0,0,0,0
2005,130127,3,1,0,0,0,0,0,0,0,0,0,0
2005,130128,1,1,22,0,0,12,0,0,0,0,10,23
2005,130129,1,1,0,0,0,0,0,0,0,0,0,0
2005,130129,2,1,0,0,0,0,0,0,0,0,0,0
2005,130130,0,1,0,0,0,20,0,0,0,0,0,0
2005,130130,1,1,0,0,0,0,0,0,0,0,0,0
2005,130131,1,1,0,0,0,0,0,0,0,0,19,0
2005,130132,1,1,0,0,0,0,0,0,0,0,0,0
2005,130132,2,1,0,0,0,0,0,0,0,0,0,0
2005,130133,1,1,0,0,0,0,0,0,0,0,0,0
2005,130133,2,1,0,0,0,0,0,0,0,0,0,0
2005,130134,1,1,0,0,0,0,0,0,0,0,15,0
2005,130134,2,1,0,0,0,0,0,0,0,0,0,0
2005,130135,1,1,0,0,0,0,0,0,0,0,0,0
2005,130135,2,1,0,0,0,0,0,0,0,0,0,0
2005,130136,1,1,0,0,0,0,0,0,0,0,0,0
2005,130137,0,1,0,0,0,0,0,0,0,0,0,0
2005,130137,1,1,0,0,0,0,7,0,0,0,0,0
2005,130138,1,1,0,0,0,0,0,0,0,0,0,0
2005,130138,2,1,0,0,0,0,0,0,0,0,0,0
2005,130139,1,1,20,20,20,20,20,20,20,20,20,20
2005,130139,2,1,0,0,0,0,0,0,0,0,0,0
2005,130140,1,1,17,17,17,17,17,17,17,17,17,17
2005,130140,2,1,0,0,0,0,0,0,0,0,0,0
2005,130141,1,1,0,23,0,0,0,0,0,0,0,0
2005,130142,1,1,0,0,0,0,0,0,0,0,0,0
2005,130143,0,1,19,21,32,26,14,0,18,0,0,0
2005,130143,1,1,0,0,0,0,0,0,0,0,0,0
2005,130144,1,1,0,0,19,0,0,0,0,0,13,0
2005,130145,1,1,7,0,0,0,0,0,0,0,0,0
2005,130146,1,1,0,0,11,0,0,0,0,0,0,0
2005,130146,2,1,0,0,0,0,0,0,0,0,0,0
2005,130147,0,1,25,5,29,39,9,19,23,13,0,29
2005,130147,1,1,4,15,0,0,0,17,0,0,9,0