YEAR,ST_CASE,veh_no,per_no,P1,P2,P3,P4,P5,P6,P7,P8,P9,P10
2005,130420,2,1,0,0,0,0,7,0,0,0,0,0
2005,130421,1,1,8,28,22,17,25,19,11,0,20,3
2005,130422,1,1,17,17,17,17,17,17,17,17,17,17
2005,130423,1,1,18,0,33,0,19,14,23,31,0,22
2005,130424,1,1,0,0,0,0,0,0,0,0,0,0
2005,130424,2,1,0,0,0,0,0,0,0,0,0,0
2005,130425,1,1,0,0,0,0,0,0,0,0,0,0
2005,130425,2,1,0,0,0,0,0,0,0,0,0,0
2005,130425,3,1,0,0,0,0,0,0,0,0,0,0
2005,130425,4,1,0,0,0,0,0,0,0,0,0,0
2005,130426,1,1,0,0,0,20,0,15,0,19,0,19
2005,130426,2,1,0,0,0,0,0,0,0,0,0,0
2005,130427,1,1,0,0,9,0,0,0,0,16,0,0
2005,130428,1,1,0,0,17,0,0,0,0,0,0,0
2005,130428,2,1,0,0,0,0,0,0,0,0,0,0
2005,130429,1,1,0,0,28,0,18,0,0,0,7,0
2005,130430,1,1,0,0,0,0,0,0,0,0,0,4
2005,130431,1,1,0,0,0,0,0,0,0,0,0,0
2005,130431,2,1,0,0,0,0,0,0,0,0,0,0
2005,130432,1,1,9,9,9,9,9,9,9,9,9,9
2005,130433,1,1,0,0,0,0,0,13,0,0,0,0
2005,130433,2,1,0,0,0,0,0,0,0,0,0,0
2005,130433,3,1,0,0,0,0,0,0,0,0,0,0
2005,130433,4,1,0,0,16,0,0,0,0,0,0,0
2005,130433,5,1,0,0,0,0,0,0,0,0,0,0
2005,130434,1,1,16,16,16,16,16,16,16,16,16,16
2005,130435,0,1,0,0,0,0,0,0,0,0,0,0
2005,130435,1,1,0,0,0,0,0,0,0,0,0,0
2005,130436,1,1,15,0,0,0,0,0,0,0,0,0
2005,130436,2,1,0,0,0,0,0,0,0,0,0,0
2005,130437,1,1,10,10,10,10,10,10,10,10,10,10
2005,130437,2,1,14,0,0,24,19,16,0,0,20,0
2005,130438,1,1,0,0,0,0,0,0,0,0,0,0
2005,130438,2,1,0,0,0,0,0,0,0,0,0,0
2005,130439,1,1,0,0,0,0,25,12,0,0,27,10
2005,130439,2,1,0,0,0,0,0,0,0,0,0,0
2005,130440,1,1,0,0,0,0,0,0,0,0,0,0
2005,130441,1,1,0,0,0,0,0,0,0,0,0,0
2005,130441,2,1,0,0,0,0,0,0,0,0,0,0
2005,130442,1,1,2,2,2,2,2,2,2,2,2,2
2005,130443,1,1,0,0,0,0,0,0,0,0,0,0
2005,130444,1,1,0,0,0,0,0,0,0,0,0,0
2005,130444,2,1,0,0,0,0,0,0,0,0,0,0
2005,130445,1,1,14,0,17,0,0,0,0,0,0,0
2005,130445,2,1,0,0,0,0,0,0,0,0,0,0
2005,130446,1,1,0,0,0,0,0,0,0,0,0,0
2005,130447,0,1,20,20,20,20,20,20,20,20,20,20
2005,130447,1,1,0,0,0,0,0,0,0,0,0,0
2005,130448,1,1,0,0,0,0,0,0,0,0,0,0
2005,130448,2,1,0,0,0,0,0,0,0,0,0,0
2005,130449,1,1,0,0,0,10,0,0,10,0,0,0
2005,130450,1,1,7,7,7,7,7,7,7,7,7,7
2005,130450,2,1,0,0,15,15,0,0,0,0,0,0
2005,130451,1,1,14,14,14,14,14,14,14,14,14,14
2005,130452,1,1,0,0,0,0,0,0,0,0,0,0
2005,130452,2,1,0,0,0,0,0,0,0,0,0,0
2005,130452,3,1,0,0,0,0,0,0,0,0,0,0
2005,130453,1,1,0,0,0,0,0,0,0,0,0,0
2005,130453,2,1,0,0,0,9,0,5,0,0,0,0
2005,130454,1,1,22,22,22,22,22,22,22,22,22,22
2005,130455,0,1,0,0,0,0,0,0,0,0,0,0
2005,130455,1,1,0,0,0,0,0,0,0,0,0,0
2005,130456,0,1,24,24,24,24,24,24,24,24,24,24
2005,130456,1,1,0,0,0,0,0,0,2,0,0,0
2005,130457,1,1,15,15,15,15,15,15,15,15,15,15
2005,130458,1,1,0,0,0,0,0,0,0,0,0,0
2005,130459,0,1,0,0,0,0,0,0,0,0,0,0
2005,130459,1,1,0,0,0,0,0,0,0,0,0,0
2005,130460,0,1,0,0,0,0,0,0,0,0,0,0
2005,130460,1,1,0,0,0,0,0,0,0,0,0,0
2005,130461,1,1,3,3,3,3,3,3,3,3,3,3
2005,130462,1,1,0,0,0,0,0,0,0,0,0,0
2005,130463,1,1,0,0,0,0,0,0,0,0,0,0
2005,130464,1,1,0,0,0,0,0,0,0,0,0,0
2005,130464,2,1,0,0,0,0,0,0,0,0,0,0
2005,130464,3,1,0,0,0,0,0,0,0,0,0,0
2005,130464,4,1,0,0,0,0,0,17,0,0,0,0
2005,130465,1,1,9,0,5,4,0,17,0,0,14,0
2005,130466,1,1,0,0,0,0,0,0,0,0,0,0
2005,130467,1,1,20,0,8,24,0,0,0,0,0,0
2005,130468,1,1,0,0,0,0,0,0,0,0,0,0
2005,130468,2,1,0,0,0,0,0,0,0,0,0,0
2005,130469,1,1,0,0,0,0,0,0,0,0,0,0
2005,130469,2,1,0,0,0,0,0,0,0,0,0,0
2005,130470,1,1,0,18,0,0,17,19,0,15,0,0
2005,130471,1,1,0,0,0,0,0,0,0,0,0,0
2005,130471,2,1,0,0,0,0,0,0,0,0,0,0
2005,130472,1,1,18,18,18,18,18,18,18,18,18,18
2005,130473,1,1,0,0,0,0,0,0,0,0,0,0
2005,130474,0,1,0,0,0,0,0,0,0,0,0,0
2005,130474,1,1,0,0,0,0,0,0,0,0,0,0
2005,130475,1,1,0,0,0,0,0,0,0,0,0,0
2005,130475,2,1,0,15,0,0,0,0,0,0,0,0
2005,130476,1,1,0,0,0,0,0,0,0,0,0,0
2005,130476,2,1,0,0,0,0,0,0,0,0,0,0
2005,130477,1,1,0,0,0,0,0,8,0,0,8,0
2005,130478,1,1,20,15,10,0,11,3,3,0,0,0
2005,130479,0,1,26,24,35,15,36,12,29,15,16,28
2005,130479,1,1,17,19,0,0,0,0,0,8,0,0
2005,130480,1,1,25,25,25,25,25,25,25,25,25,25
2005,130480,2,1,0,0,0,0,0,0,0,0,0,0
2005,130481,1,1,0,0,0,0,0,0,0,0,0,0
2005,130482,1,1,21,21,21,21,21,21,21,21,21,21
2005,130482,2,1,9,0,0,0,0,0,0,0,0,0
2005,130482,3,1,0,0,0,0,0,0,0,0,0,0
2005,130483,1,1,25,25,25,25,25,25,25,25,25,25
2005,130483,2,1,0,0,0,0,0,0,0,0,0,0
2005,130484,1,1,0,0,0,0,0,0,0,0,0,0
2005,130484,2,1,0,0,0,0,0,0,0,0,0,0
2005,130485,1,1,17,17,17,17,17,17,17,17,17,17
2005,130485,2,1,0,0,0,0,0,0,0,0,0,0
2005,130486,1,1,19,19,19,19,19,19,19,19,19,19
2005,130487,1,1,0,0,0,0,0,10,6,0,0,0
2005,130487,2,1,0,0,0,0,0,0,0,0,0,0
2005,130488,1,1,0,0,0,0,10,0,0,0,0,0
2005,130488,2,1,3,0,0,0,0,0,0,0,12,0
2005,130489,1,1,0,0,0,0,0,0,0,0,0,0
2005,130489,2,1,0,0,0,7,0,0,0,0,0,0
2005,130489,3,1,0,0,0,0,0,7,0,0,0,0
2005,130490,1,1,0,0,0,0,0,0,0,0,0,0
2005,130491,1,1,0,0,0,0,0,0,0,0,0,0
2005,130491,2,1,0,0,0,0,0,0,0,0,0,0
2005,130492,1,1,4,4,4,4,4,4,4,4,4,4
2005,130493,1,1,4,0,12,12,27,23,26,22,8,10
2005,130494,1,1,0,7,8,0,0,12,22,0,26,29
2005,130495,1,1,19,19,19,19,19,19,19,19,19,19
2005,130495,2,1,0,0,0,0,0,0,0,0,0,0
2005,130496,1,1,0,0,0,0,0,0,0,0,0,0
2005,130496,2,1,0,0,0,0,0,0,0,0,0,0
2005,130497,1,1,17,17,17,17,17,17,17,17,17,17
2005,130498,1,1,0,0,0,0,0,0,0,0,0,0
2005,130499,1,1,12,0,0,0,23,0,0,24,0,0
2005,130500,1,1,0,0,0,0,0,3,0,0,0,0
2005,130500,2,1,0,0,0,0,0,0,0,0,0,0
2005,130501,1,1,0,0,0,0,0,0,0,0,0,0
2005,130502,1,1,0,0,0,0,0,0,0,0,0,0
2005,130502,2,1,0,0,0,0,0,0,0,0,0,0
2005,130503,1,1,0,0,0,0,0,0,0,0,0,0
2005,130503,2,1,0,0,0,0,0,0,0,0,0,0
2005,130503,3,1,0,0,0,0,0,0,0,0,0,0
2005,130504,1,1,0,0,0,0,0,0,0,0,9,0
2005,130504,2,1,0,0,0,0,0,0,0,0,0,0
2005,130505,1,1,0,0,33,0,31,13,26,15,35,15
2005,130506,0,1,0,0,0,0,0,0,0,0,0,0
2005,130506,1,1,0,0,0,0,0,0,0,0,0,0
2005,130506,2,1,0,0,0,0,0,0,0,0,0,0
2005,130507,1,1,0,0,0,0,0,11,0,7,0,0
2005,130508,1,1,0,0,0,0,0,0,0,0,0,0
2005,130509,0,1,9,9,9,9,9,9,9,9,9,9
2005,130509,1,1,0,0,0,0,0,0,0,0,0,0
2005,130510,1,1,0,0,14,20,0,0,12,17,0,18
2005,130511,1,1,0,0,0,0,0,0,0,0,0,0
2005,130511,2,1,0,0,0,0,0,0,0,0,0,0
2005,130512,1,1,0,0,0,0,0,0,0,0,0,0
2005,130513,1,1,0,0,0,25,0,0,15,0,15,0
2005,130514,1,1,16,16,16,16,16,16,16,16,16,16
2005,130515,1,1,17,3,20,16,7,19,0,0,3,0
2005,130515,2,1,0,0,0,0,0,0,0,0,0,0
2005,130515,3,1,0,0,0,0,0,0,0,0,0,0
2005,130516,1,1,12,0,10,22,0,0,0,0,0,23
2005,130517,1,1,0,0,0,0,0,0,0,0,0,0
2005,130517,2,1,0,0,0,0,0,0,0,0,0,0
2005,130518,1,1,19,19,19,19,19,19,19,19,19,19
2005,130519,1,1,9,13,14,14,17,10,17,9,24,7
2005,130519,2,1,0,0,0,0,0,0,0,0,0,0
2005,130519,3,1,0,0,0,0,0,0,0,0,0,0
2005,130520,1,1,3,3,3,3,3,3,3,3,3,3
2005,130521,1,1,0,0,0,0,0,0,0,0,0,0
2005,130521,2,1,0,0,0,6,0,0,0,0,0,12
2005,130522,0,1,0,12,0,0,12,29,0,0,0,0
2005,130522,1,1,17,19,16,26,11,0,20,8,12,17
2005,130523,1,1,0,0,0,0,0,0,0,0,0,0
2005,130523,2,1,0,0,0,0,0,0,0,0,0,0
2005,130523,3,1,0,0,0,0,0,0,0,0,0,0
2005,130524,1,1,0,0,0,0,0,0,0,0,0,0
2005,130524,2,1,0,0,0,0,0,0,0,0,0,0
2005,130525,1,1,0,0,0,0,0,0,0,0,0,0
2005,130525,2,1,0,0,0,0,0,0,0,0,0,0
2005,130526,1,1,0,0,0,0,0,0,0,0,0,0
2005,130526,2,1,0,0,0,0,0,12,0,0,0,0
2005,130527,1,1,0,0,0,0,0,0,0,0,0,0
2005,130527,2,1,0,0,0,0,0,0,0,0,0,0
2005,130528,1,1,0,0,0,0,0,0,0,0,0,0
2005,130528,2,1,13,3,28,11,7,17,6,17,10,76
2005,130529,1,1,20,20,20,20,20,20,20,20,20,20
2005,130529,2,1,0,0,0,0,0,0,0,0,0,0
2005,130529,3,1,0,0,0,0,0,0,0,0,0,0
2005,130530,1,1,30,0,0,0,22,19,0,0,25,12
2005,130531,1,1,0,0,0,0,0,0,0,0,0,0
2005,130532,1,1,0,0,0,0,0,0,0,0,0,0
2005,130533,1,1,0,0,11,0,0,0,0,0,0,25
2005,130533,2,1,0,0,0,0,0,0,0,0,0,0
2005,130534,1,1,23,23,23,23,23,23,23,23,23,23
2005,130534,2,1,0,0,0,0,0,0,0,0,0,0
2005,130535,1,1,0,0,0,0,0,0,0,0,0,0
2005,130535,2,1,0,0,0,0,0,0,0,0,0,0
2005,130536,1,1,16,16,16,16,16,16,16,16,16,16
2005,130537,1,1,0,0,0,0,0,0,0,0,0,0
2005,130537,2,1,0,0,0,0,0,0,0,0,0,0
2005,130537,3,1,0,0,0,0,0,0,0,0,0,0
2005,130538,1,1,0,0,0,0,0,6,0,0,0,0
2005,130538,2,1,0,0,0,0,0,0,0,0,0,0
2005,130538,3,1,0,0,0,0,0,0,0,0,0,0
2005,130538,4,1,0,0,0,0,0,0,0,0,0,0
2005,130538,5,1,0,0,0,0,0,0,0,0,0,0
2005,130538,6,1,0,0,0,0,0,0,0,0,0,0
2005,130539,1,1,0,0,0,0,0,0,0,0,0,0
2005,130540,1,1,0,0,0,0,0,0,0,0,0,0
2005,130540,2,1,0,0,0,0,0,0,0,0,0,0
2005,130541,0,1,0,19,0,0,0,0,0,16,0,0
2005,130542,1,1,0,0,0,0,0,0,0,0,0,0
2005,130542,2,1,0,0,0,0,0,0,0,0,0,0
2005,130543,1,1,16,16,16,16,16,16,16,16,16,16
2005,130544,1,1,0,0,0,0,0,0,0,0,0,0
2005,130544,2,1,0,0,0,0,0,0,0,0,0,0
2005,130545,1,1,0,0,0,0,0,0,0,0,0,0
2005,130545,2,1,0,0,0,0,0,0,0,0,0,0
2005,130546,1,1,11,11,11,11,11,11,11,11,11,11
2005,130546,2,1,0,0,0,0,0,0,0,0,0,0
2005,130547,1,1,0,0,0,0,0,0,0,0,0,0
2005,130547,2,1,0,0,0,0,0,0,0,0,0,0
2005,130547,3,1,0,0,0,0,0,0,0,0,0,0
2005,130547,4,1,0,0,0,0,0,0,0,0,0,0
2005,130548,1,1,12,12,12,12,12,12,12,12,12,12
2005,130549,1,1,17,17,17,17,17,17,17,17,17,17
2005,130549,2,1,0,0,0,0,0,0,0,0,0,0
2005,130550,1,1,0,0,0,0,0,0,0,0,0,0
2005,130551,1,1,0,0,0,0,0,0,0,0,0,0
2005,130552,1,1,0,0,0,0,0,0,0,0,0,0
2005,130553,1,1,13,15,9,6,22,9,9,13,0,12
2005,130553,2,1,0,0,0,0,17,35,0,5,0,0
2005,130554,1,1,0,0,0,0,0,0,0,0,0,0
2005,130555,1,1,23,20,0,6,9,18,18,11,0,23
2005,130556,1,1,0,0,0,0,0,0,0,0,0,0
2005,130557,1,1,0,0,0,0,0,0,0,0,0,0
2005,130557,2,1,16,16,16,16,16,16,16,16,16,16
2005,130558,1,1,0,0,0,0,0,0,0,0,0,0
2005,130559,1,1,0,0,0,0,0,0,0,0,0,0
2005,130560,0,1,17,12,24,20,18,0,31,5,0,29
2005,130560,1,1,0,0,0,0,0,0,0,0,0,0
2005,130561,1,1,27,25,12,35,0,0,0,16,16,19
2005,130562,1,1,20,11,19,12,22,22,28,12,31,25
2005,130563,1,1,18,0,23,0,0,11,25,19,28,14
2005,130564,1,1,17,39,14,19,19,20,35,15,0,21
2005,130565,1,1,0,0,0,0,0,0,0,0,0,0
2005,130565,2,1,0,0,0,0,0,0,0,0,0,0
2005,130566,1,1,14,0,0,0,0,0,0,0,0,0
2005,130567,1,1,21,21,21,21,21,21,21,21,21,21
2005,130567,2,1,0,0,0,0,0,0,0,0,0,0
2005,130568,1,1,0,0,0,0,0,0,0,0,0,0
2005,130568,2,1,0,0,0,0,0,0,0,0,0,0
2005,130569,1,1,22,22,22,22,22,22,22,22,22,22
2005,130570,1,1,0,0,0,0,0,0,0,0,0,0
2005,130570,2,1,0,0,0,0,6,0,0,0,0,0
2005,130571,1,1,0,0,0,0,0,0,0,0,0,0
2005,130571,2,1,0,0,0,0,0,0,0,0,0,0
2005,130572,1,1,0,0,0,0,0,0,0,0,0,0
2005,130572,2,1,0,0,0,0,0,0,0,0,0,0
2005,130573,1,1,0,0,0,0,0,0,0,0,0,0
2005,130573,2,1,0,0,0,0,0,0,0,0,0,0
2005,130574,1,1,0,0,0,0,0,0,0,0,0,0
2005,130574,2,1,0,0,0,0,0,0,0,0,0,0
2005,130575,1,1,0,0,0,0,0,0,0,0,0,0
2005,130575,2,1,0,0,0,0,0,0,0,0,0,0
2005,130576,1,1,0,0,0,0,0,0,0,0,0,0
2005,130576,2,1,0,0,0,0,0,0,0,13,0,0
2005,130577,1,1,0,0,0,0,0,0,0,0,0,0
2005,130578,1,1,0,0,0,9,0,0,0,0,0,0
2005,130578,2,1,0,0,0,0,0,0,0,0,0,0
2005,130579,1,1,0,0,0,0,0,0,0,0,0,0
2005,130580,1,1,0,0,0,0,0,0,0,0,0,0
2005,130580,2,1,0,0,9,0,0,0,0,0,0,0
2005,130581,1,1,0,0,0,0,0,0,0,0,0,0
2005,130581,2,1,0,0,0,0,0,0,0,0,0,0
2005,130582,1,1,0,0,0,0,0,0,0,0,0,0
2005,130582,2,1,0,0,0,0,0,0,0,0,0,0
2005,130583,1,1,0,0,0,0,0,0,0,0,0,0
2005,130584,1,1,0,0,0,0,0,0,0,0,0,0
2005,130584,2,1,0,0,0,0,0,0,0,0,0,0
2005,130585,1,1,0,0,4,10,0,0,9,6,0,0
2005,130586,1,1,18,0,12,0,11,0,0,0,0,0
2005,130587,1,1,0,0,0,0,0,0,0,0,0,0
2005,130587,2,1,0,0,0,0,0,0,0,0,0,0
2005,130588,1,1,0,0,0,0,0,0,0,0,0,0
2005,130589,1,1,0,0,0,0,0,0,0,0,0,0
2005,130589,2,1,0,0,0,0,0,0,0,0,0,0
2005,130590,1,1,0,0,0,0,0,0,0,0,0,0
2005,130590,2,1,0,0,0,0,0,0,0,0,0,0
2005,130591,1,1,37,37,37,37,37,37,37,37,37,37
2005,130591,2,1,0,0,0,0,0,0,0,0,0,0
2005,130592,1,1,0,0,0,0,0,0,0,0,0,0
2005,130592,2,1,0,0,0,0,0,0,0,0,0,0
2005,130593,1,1,0,0,0,0,0,0,0,0,0,0
2005,130593,2,1,0,0,0,0,0,0,0,0,0,0
2005,130594,1,1,10,5,7,11,15,0,0,14,13,0
2005,130594,2,1,0,0,0,0,0,0,0,0,0,0
2005,130595,1,1,0,0,0,0,0,0,0,0,0,0
2005,130595,2,1,0,0,0,0,0,0,0,0,0,0
2005,130596,1,1,0,0,0,0,0,0,11,0,0,0
2005,130597,1,1,0,0,0,0,0,0,0,0,0,18
2005,130598,1,1,0,0,0,0,0,0,0,9,0,0
2005,130598,2,1,0,0,0,0,0,0,0,0,0,0
2005,130599,1,1,0,0,0,0,0,0,0,0,0,0
2005,130599,2,1,0,0,0,0,0,0,0,0,0,0
2005,130600,1,1,9,9,9,9,9,9,9,9,9,9
2005,130601,1,1,0,0,0,0,17,0,0,23,0,0
2005,130602,1,1,0,0,0,0,0,0,0,0,0,0
2005,130603,1,1,9,0,0,3,14,0,14,0,0,0
2005,130604,1,1,0,0,0,0,0,0,0,0,0,0
2005,130604,2,1,0,0,0,0,0,0,0,0,0,0
2005,130605,1,1,24,19,25,13,43,25,17,33,0,10
2005,130606,1,1,0,0,0,0,6,0,0,0,0,0
2005,130606,2,1,0,0,0,0,0,0,0,0,14,0
2005,130607,1,1,0,0,16,0,0,0,0,0,0,0
2005,130607,2,1,0,0,0,0,0,0,0,0,0,0
2005,130608,1,1,0,0,0,0,0,0,0,0,0,0
2005,130609,1,1,21,27,0,0,15,28,15,0,0,36
2005,130610,1,1,0,0,0,0,0,0,0,0,0,0
2005,130610,2,1,0,0,0,0,0,0,0,0,0,0
2005,130611,1,1,0,0,0,0,0,0,0,0,0,0
2005,130611,2,1,5,5,5,5,5,5,5,5,5,5
2005,130612,1,1,0,0,0,0,0,0,0,0,0,0
2005,130613,1,1,0,0,0,0,0,0,0,0,0,0
2005,130613,2,1,0,0,0,0,0,0,0,0,0,0
2005,130614,1,1,13,13,13,13,13,13,13,13,13,13
2005,130615,1,1,7,0,5,0,0,0,0,0,6,12
2005,130616,0,1,2,2,2,2,2,2,2,2,2,2
2005,130616,1,1,0,17,0,0,0,19,22,9,0,26
2005,130617,1,1,31,31,31,31,31,31,31,31,31,31
2005,130618,1,1,0,0,16,0,0,0,0,0,0,0
2005,130619,1,1,0,0,0,0,0,0,0,0,0,0
2005,130619,2,1,0,0,0,0,0,0,16,0,0,0
2005,130620,1,1,8,8,8,8,8,8,8,8,8,8
2005,130621,0,1,9,0,0,8,0,17,15,0,23,17
2005,130621,1,1,0,0,0,0,0,0,0,0,0,8
2005,130622,1,1,0,0,0,0,0,0,0,0,0,0
2005,130622,2,1,0,0,0,0,0,0,0,0,0,0
2005,130623,1,1,7,7,7,7,7,7,7,7,7,7
2005,130624,1,1,14,0,0,0,0,16,17,19,0,0
2005,130625,1,1,0,0,0,0,0,0,16,0,8,18
2005,130625,2,1,0,0,0,0,0,0,0,0,0,0
2005,130626,1,1,0,0,0,7,0,0,0,0,0,0
2005,130627,1,1,2,2,2,2,2,2,2,2,2,2
2005,130628,1,1,2,0,13,0,0,18,0,0,0,0
2005,130629,1,1,0,0,0,0,0,0,0,0,0,0
2005,130629,2,1,0,0,0,0,0,0,0,0,0,0
2005,130630,1,1,0,0,0,0,0,0,0,0,0,0
2005,130631,1,1,0,0,0,0,0,0,0,0,0,0
2005,130632,1,1,0,0,0,0,0,0,0,0,0,0
2005,130633,1,1,0,0,0,0,0,0,0,0,0,0
2005,130633,2,1,0,0,0,0,0,0,0,0,0,0
2005,130634,1,1,20,20,20,20,20,20,20,20,20,20
2005,130635,1,1,0,0,0,0,0,0,0,0,0,0
2005,130636,1,1,0,0,0,0,0,0,0,0,0,0
2005,130636,2,1,0,0,0,0,0,0,0,0,0,0
2005,130636,3,1,0,0,0,0,0,0,0,0,0,0
2005,130637,1,1,0,0,0,0,0,0,0,0,0,0
2005,130637,2,1,0,0,0,0,0,0,0,0,0,0
2005,130638,1,1,0,0,0,0,0,0,0,0,0,0
2005,130638,2,1,0,0,0,0,0,0,0,0,0,0
2005,130639,1,1,27,27,27,27,27,27,27,27,27,27
2005,130639,2,1,0,0,0,0,0,0,0,0,0,0
2005,130640,1,1,0,0,0,0,0,0,0,0,0,0
2005,130641,1,1,0,0,0,0,0,0,0,0,0,0
2005,130641,2,1,0,0,0,0,0,0,0,0,0,0
2005,130642,1,1,0,0,0,0,0,0,0,0,0,0
2005,130642,2,1,0,0,0,0,0,0,0,0,0,0
2005,130643,1,1,18,30,25,11,25,26,12,12,33,33
2005,130644,1,1,0,0,16,0,0,0,0,0,0,0
2005,130644,2,1,0,0,0,0,3,0,10,0,0,18
2005,130645,1,1,14,14,14,14,14,14,14,14,14,14
2005,130646,1,1,13,0,0,0,0,0,0,0,0,0
2005,130647,1,1,0,0,0,0,0,0,0,0,0,19
2005,130648,0,1,0,0,0,0,0,0,0,0,0,0
2005,130648,1,1,0,0,0,0,0,0,0,0,0,0
2005,130649,1,1,0,0,0,0,0,0,0,0,0,0
2005,130650,1,1,0,0,0,0,0,0,0,0,0,0
2005,130650,2,1,0,0,0,0,0,0,0,0,0,0
2005,130651,1,1,0,0,0,0,0,0,0,0,0,0
2005,130651,2,1,0,0,0,0,0,0,0,0,0,0
2005,130652,1,1,0,0,0,0,0,0,0,0,0,0
2005,130653,1,1,16,0,20,33,18,11,13,9,9,7
2005,130653,2,1,33,21,19,21,14,10,11,14,21,3
2005,130654,1,1,14,14,14,14,14,14,14,14,14,14
2005,130655,1,1,0,0,0,0,0,9,0,0,0,17
2005,130656,0,1,17,17,17,17,17,17,17,17,17,17
2005,130656,1,1,8,0,0,0,0,0,0,0,0,0
2005,130657,1,1,0,0,0,0,0,0,0,0,0,0
2005,130658,0,1,0,0,0,0,0,0,0,0,0,0
2005,130658,1,1,0,0,0,0,0,0,0,0,0,9
2005,130659,1,1,0,0,13,12,15,15,28,13,27,33
2005,130659,2,1,0,0,0,0,0,0,0,0,0,0
2005,130660,1,1,3,0,25,0,0,0,0,11,0,0
2005,130661,1,1,0,0,21,0,0,0,0,0,0,0
2005,130662,1,1,0,0,0,0,0,0,0,0,0,0
2005,130662,2,1,0,0,0,0,0,0,0,0,0,0
2005,130663,1,1,0,0,0,0,0,0,0,0,0,0
2005,130663,2,1,0,0,0,0,0,0,0,0,0,0
2005,130664,1,1,0,0,0,0,0,0,0,0,0,0
2005,130664,2,1,0,0,0,0,2,0,0,0,0,0
2005,130664,3,1,0,0,0,0,0,0,15,0,0,0
2005,130664,4,1,0,0,0,0,0,0,0,0,0,0
2005,130664,5,1,0,0,0,0,0,0,0,0,0,0
2005,130664,6,1,0,0,0,0,0,0,2,0,0,0
2005,130664,7,1,0,0,0,0,0,0,0,0,0,0
2005,130665,1,1,0,0,0,0,0,0,0,0,0,0
2005,130666,1,1,0,0,0,0,0,0,0,13,0,0
2005,130667,1,1,13,13,13,13,13,13,13,13,13,13
2005,130668,1,1,0,0,0,0,0,0,0,0,0,0
2005,130669,1,1,0,0,0,0,0,0,0,0,0,0
2005,130670,1,1,0,0,0,0,0,0,0,0,0,0
2005,130671,1,1,11,11,11,11,11,11,11,11,11,11
2005,130672,1,1,0,0,0,0,0,0,0,0,0,0
2005,130672,2,1,0,0,0,0,0,0,0,0,0,0
2005,130673,1,1,20,0,0,0,0,0,0,0,0,0
2005,130674,0,1,24,24,24,24,24,24,24,24,24,24
2005,130674,1,1,0,0,0,0,0,0,0,0,0,0
2005,130675,1,1,18,18,18,18,18,18,18,18,18,18
2005,130676,0,1,21,21,21,21,21,21,21,21,21,21
2005,130676,1,1,0,0,25,24,0,0,0,0,0,18
2005,130677,1,1,0,18,0,0,36,18,5,21,0,22
2005,130677,2,1,0,0,0,0,0,0,0,0,0,0
2005,130678,1,1,0,0,0,0,0,0,0,0,17,0
2005,130679,1,1,12,12,12,12,12,12,12,12,12,12
2005,130680,1,1,0,0,0,0,0,0,0,0,0,0
2005,130680,2,1,0,0,0,0,0,0,0,0,0,0
2005,130681,1,1,0,0,0,0,0,0,0,0,0,0
2005,130682,1,1,20,15,4,16,0,13,10,28,10,17
2005,130683,0,1,5,5,5,5,5,5,5,5,5,5
2005,130683,1,1,15,25,0,19,7,20,0,0,0,0
2005,130684,1,1,0,0,0,0,0,0,0,0,0,0
2005,130684,2,1,0,0,0,0,0,0,0,0,0,0
2005,130685,0,1,0,13,0,0,0,0,0,0,0,0
2005,130685,1,1,0,0,0,0,0,0,0,0,0,0
2005,130686,1,1,0,0,0,0,0,17,0,12,16,0
2005,130687,1,1,14,4,10,21,31,0,15,25,37,25
2005,130688,1,1,20,19,28,18,37,30,31,18,33,21
2005,130689,1,1,0,0,0,0,0,0,0,0,0,0
2005,130689,2,1,0,0,0,0,0,0,0,0,0,0
2005,130690,1,1,0,0,0,0,0,0,0,8,0,0
2005,130690,2,1,0,0,0,0,0,0,0,0,0,0
2005,130691,1,1,17,17,17,17,17,17,17,17,17,17
2005,130691,2,1,0,0,0,0,0,0,0,0,0,0
2005,130692,1,1,0,0,0,4,0,0,0,13,0,0
2005,130693,1,1,0,0,0,0,0,0,0,0,0,0
2005,130694,0,1,0,0,0,0,0,0,0,0,0,0
2005,130694,0,2,20,6,0,6,16,19,27,5,0,14
2005,130694,1,1,0,0,0,32,0,0,0,0,0,0
2005,130695,1,1,0,0,0,0,0,0,0,0,0,0
2005,130695,2,1,0,0,0,15,0,0,0,0,0,0
2005,130696,1,1,17,12,20,12,13,8,7,2,7,9
2005,130696,2,1,11,0,15,22,24,0,8,19,19,15
2005,130697,1,1,0,0,0,4,0,0,0,0,0,0
2005,130698,1,1,0,0,0,0,0,0,0,0,0,0
2005,130698,2,1,0,0,0,0,0,0,0,0,0,0
2005,130699,1,1,0,0,0,0,0,0,0,0,0,0
2005,130699,2,1,0,0,0,0,0,0,0,0,0,0
2005,130700,1,1,0,0,0,0,0,0,0,0,3,0
2005,130701,1,1,0,0,0,0,0,0,0,0,0,0
2005,130702,1,1,0,0,0,0,0,0,0,0,0,0
2005,130702,2,1,0,0,0,0,0,0,0,0,0,0
2005,130703,1,1,0,0,0,0,0,0,0,0,0,0
2005,130703,2,1,0,0,0,0,0,0,0,0,0,0
2005,130704,1,1,3,0,0,0,0,0,0,0,27,0
2005,130705,1,1,21,21,21,21,21,21,21,21,21,21
2005,130705,2,1,0,0,0,0,0,0,0,0,0,0