YEAR,ST_CASE,veh_no,per_no,P1,P2,P3,P4,P5,P6,P7,P8,P9,P10
2005,130705,3,1,0,0,0,0,0,0,0,0,0,0
2005,130705,4,1,0,0,0,0,25,0,0,0,0,0
2005,130705,5,1,0,0,0,0,0,0,0,0,0,0
2005,130706,1,1,0,0,0,0,0,0,0,0,0,0
2005,130706,2,1,0,0,0,0,0,0,0,0,0,0
2005,130707,1,1,0,0,0,0,0,0,0,0,0,0
2005,130707,2,1,0,0,0,0,0,0,0,0,0,0
2005,130708,1,1,0,0,0,0,0,0,0,0,0,0
2005,130708,2,1,0,0,0,0,0,0,0,0,0,0
2005,130709,1,1,0,0,0,0,0,0,0,0,0,0
2005,130709,2,1,0,0,0,0,0,0,0,0,0,0
2005,130710,1,1,25,0,27,23,14,15,0,16,0,4
2005,130711,1,1,0,0,0,0,0,0,0,0,0,0
2005,130711,2,1,0,0,0,0,0,0,0,0,0,0
2005,130712,1,1,3,3,3,3,3,3,3,3,3,3
2005,130713,1,1,0,0,0,0,0,0,0,0,0,0
2005,130713,2,1,0,0,0,0,0,0,0,0,0,0
2005,130713,3,1,0,0,0,0,0,0,0,0,0,0
2005,130714,1,1,0,0,0,0,0,8,0,0,0,15
2005,130714,2,1,0,0,0,0,0,0,0,0,0,0
2005,130715,1,1,17,17,17,17,17,17,17,17,17,17
2005,130716,1,1,4,21,9,26,12,11,21,26,28,23
2005,130717,1,1,12,12,12,12,12,12,12,12,12,12
2005,130718,1,1,26,0,10,18,0,35,0,0,16,25
2005,130719,0,1,2,2,2,2,2,2,2,2,2,2
2005,130719,1,1,0,0,0,11,0,22,0,6,26,13
2005,130720,1,1,0,0,0,0,0,0,0,0,0,0
2005,130720,2,1,0,0,0,0,0,0,0,0,0,0
2005,130721,1,1,0,0,0,0,0,0,0,0,0,0
2005,130721,2,1,0,0,0,17,0,0,0,0,0,0
2005,130722,1,1,0,0,0,0,16,0,0,0,0,0
2005,130723,1,1,17,17,17,17,17,17,17,17,17,17
2005,130724,1,1,15,15,15,15,15,15,15,15,15,15
2005,130725,1,1,0,0,0,0,0,0,0,0,0,0
2005,130726,1,1,12,12,12,12,12,12,12,12,12,12
2005,130727,1,1,20,0,0,0,0,2,0,0,0,8
2005,130727,2,1,0,0,0,0,0,0,0,0,0,0
2005,130728,1,1,0,0,0,0,0,0,0,0,0,0
2005,130728,2,1,0,0,0,0,0,0,5,0,0,0
2005,130729,1,1,10,13,7,0,14,39,21,11,28,16
2005,130730,1,1,0,0,0,0,0,0,0,0,0,0
2005,130730,2,1,0,0,0,0,0,0,0,0,0,0
2005,130730,3,1,0,0,0,0,0,0,0,0,4,0
2005,130731,1,1,22,22,22,22,22,22,22,22,22,22
2005,130732,1,1,0,0,0,0,0,0,0,0,0,0
2005,130733,1,1,13,13,13,13,13,13,13,13,13,13
2005,130734,1,1,0,0,0,0,0,0,0,0,0,0
2005,130735,1,1,0,0,0,0,0,0,0,0,0,0
2005,130735,2,1,0,0,0,0,0,0,0,0,0,0
2005,130736,1,1,0,0,0,0,0,0,0,0,0,0
2005,130736,2,1,0,0,0,0,0,0,0,0,0,0
2005,130737,1,1,0,0,0,0,0,0,0,0,0,0
2005,130737,2,1,0,0,0,0,0,0,0,0,0,0
2005,130738,1,1,0,0,0,0,0,0,0,0,0,0
2005,130739,1,1,12,21,5,17,13,11,16,16,9,16
2005,130740,1,1,17,27,19,7,0,0,0,27,0,0
2005,130741,1,1,0,0,0,0,0,0,0,0,0,0
2005,130742,1,1,0,0,0,0,0,0,0,0,0,0
2005,130742,2,1,0,0,0,0,0,0,0,0,0,0
2005,130742,3,1,0,0,0,0,0,0,0,0,0,0
2005,130743,0,1,0,0,0,0,0,0,0,0,0,0
2005,130743,1,1,0,0,0,0,1,0,0,0,0,0
2005,130744,1,1,0,10,0,0,0,0,0,0,0,0
2005,130745,1,1,0,0,0,0,0,0,0,0,0,0
2005,130745,2,1,0,0,0,0,0,0,0,0,0,0
2005,130745,3,1,0,0,0,0,0,0,0,0,0,0
2005,130746,1,1,9,9,9,9,9,9,9,9,9,9
2005,130747,1,1,0,0,0,0,0,0,0,0,0,0
2005,130748,1,1,20,20,20,20,20,20,20,20,20,20
2005,130749,1,1,3,3,3,3,3,3,3,3,3,3
2005,130750,1,1,0,0,0,0,0,0,0,0,0,0
2005,130751,1,1,22,22,22,22,22,22,22,22,22,22
2005,130752,0,1,12,12,12,12,12,12,12,12,12,12
2005,130752,1,1,0,0,0,0,0,0,0,0,0,12
2005,130753,1,1,0,0,0,0,0,0,0,0,0,0
2005,130753,2,1,0,0,0,0,0,0,0,0,0,0
2005,130754,1,1,0,0,32,0,0,0,0,0,0,13
2005,130755,1,1,0,0,0,0,0,0,0,0,0,0
2005,130756,1,1,9,0,0,0,21,0,0,16,0,0
2005,130756,2,1,11,0,0,0,15,0,0,0,0,0
2005,130756,3,1,0,0,0,0,0,0,0,0,0,0
2005,130757,1,1,0,0,0,0,0,0,0,0,0,0
2005,130757,2,1,0,0,0,0,0,0,0,0,0,0
2005,130758,1,1,0,0,0,0,0,0,0,0,0,0
2005,130758,2,1,0,0,0,0,0,0,0,0,0,0
2005,130759,1,1,0,0,0,0,16,0,0,0,0,0
2005,130759,2,1,23,23,23,23,23,23,23,23,23,23
2005,130760,1,1,0,0,0,0,0,0,0,15,4,15
2005,130761,1,1,0,0,0,0,0,0,0,0,0,0
2005,130761,2,1,0,0,0,0,0,0,0,0,0,0
2005,130761,3,1,0,0,0,0,0,0,0,0,0,0
2005,130762,1,1,0,0,0,0,0,0,0,0,6,0
2005,130762,2,1,0,0,0,0,0,0,0,0,0,0
2005,130763,1,1,0,0,0,0,0,0,0,0,0,0
2005,130763,2,1,0,0,0,0,0,0,0,0,0,0
2005,130764,0,1,22,22,22,22,22,22,22,22,22,22
2005,130764,1,1,0,0,0,0,0,0,0,0,0,0
2005,130765,1,1,0,0,0,0,0,0,0,0,0,0
2005,130765,2,1,0,0,0,0,0,0,0,0,0,0
2005,130766,1,1,20,20,20,20,20,20,20,20,20,20
2005,130766,2,1,0,0,0,0,0,0,0,0,0,0
2005,130767,1,1,0,0,12,0,0,0,0,0,0,0
2005,130768,1,1,0,0,0,0,0,0,0,0,0,0
2005,130768,2,1,0,0,0,0,0,0,0,13,0,0
2005,130769,1,1,24,24,24,24,24,24,24,24,24,24
2005,130770,1,1,0,0,12,0,0,0,0,23,0,21
2005,130770,2,1,0,0,0,0,0,0,0,0,0,0
2005,130771,1,1,0,0,0,0,0,0,0,0,0,0
2005,130772,1,1,0,0,0,0,0,0,0,0,0,0
2005,130773,0,1,17,17,17,17,17,17,17,17,17,17
2005,130773,1,1,0,0,0,0,0,0,0,0,0,0
2005,130774,1,1,0,0,0,0,0,0,0,0,0,0
2005,130775,1,1,0,0,19,13,0,0,0,0,0,0
2005,130776,1,1,0,0,20,0,0,0,0,0,0,0
2005,130777,1,1,20,20,20,20,20,20,20,20,20,20
2005,130777,2,1,0,0,0,0,0,0,0,0,0,0
2005,130778,1,1,0,0,0,0,0,0,0,0,0,0
2005,130778,2,1,0,0,0,0,0,0,0,0,0,0
2005,130779,0,1,0,0,0,0,0,0,0,0,0,0
2005,130779,1,1,22,4,0,0,0,0,0,0,17,27
2005,130779,2,1,0,0,0,0,0,0,0,0,0,0
2005,130779,3,1,0,0,0,0,0,0,0,0,0,0
2005,130780,1,1,0,0,0,0,0,0,0,5,0,0
2005,130780,2,1,0,0,0,0,0,0,0,0,0,0
2005,130781,1,1,10,29,0,5,0,0,0,0,21,0
2005,130782,0,1,0,0,0,0,11,0,0,0,0,0
2005,130782,0,2,0,0,0,0,0,0,0,0,0,0
2005,130782,1,1,0,0,0,0,0,0,0,0,0,0
2005,130783,1,1,0,0,0,0,0,0,0,0,0,0
2005,130783,2,1,0,0,0,0,0,0,0,0,0,0
2005,130784,1,1,0,0,0,0,0,0,0,0,0,0
2005,130784,2,1,24,24,24,24,24,24,24,24,24,24
2005,130785,1,1,0,0,0,0,0,0,0,0,0,0
2005,130786,1,1,4,4,4,4,4,4,4,4,4,4
2005,130787,0,1,15,4,0,0,0,0,0,0,10,0
2005,130787,1,1,43,4,10,6,0,0,0,17,0,0
2005,130788,1,1,0,0,0,0,0,0,0,0,0,7
2005,130788,2,1,0,0,0,0,0,0,0,0,0,0
2005,130789,1,1,0,0,9,8,0,0,0,0,0,5
2005,130789,2,1,0,0,0,0,0,0,0,0,0,0
2005,130790,1,1,11,0,0,10,0,0,0,17,0,0
2005,130791,1,1,0,0,0,0,0,0,0,0,0,0
2005,130791,2,1,0,0,0,0,0,0,0,0,0,0
2005,130792,0,1,12,12,12,12,12,12,12,12,12,12
2005,130792,1,1,0,0,0,0,0,0,0,0,0,0
2005,130793,1,1,0,0,0,0,0,0,0,0,39,0
2005,130794,1,1,9,16,7,24,14,14,8,7,14,11
2005,130794,2,1,0,0,0,0,0,0,0,0,0,0
2005,130795,1,1,0,0,0,0,0,0,0,0,0,0
2005,130796,1,1,0,0,0,0,3,0,12,0,8,4
2005,130797,1,1,0,0,0,0,11,0,0,0,0,0
2005,130797,2,1,0,0,11,0,15,0,0,0,22,0
2005,130798,1,1,2,0,0,0,21,0,17,0,0,0
2005,130799,1,1,0,0,0,0,0,0,0,0,37,17
2005,130800,1,1,0,0,0,0,0,0,0,0,0,0
2005,130801,1,1,0,0,0,0,0,0,0,0,0,0
2005,130802,1,1,20,20,25,15,13,34,12,10,32,27
2005,130802,2,1,0,0,0,0,0,0,0,0,0,0
2005,130803,1,1,0,0,0,0,14,0,0,0,0,0
2005,130803,2,1,0,0,0,0,0,0,0,0,0,0
2005,130804,1,1,0,0,0,0,0,0,0,0,0,0
2005,130804,2,1,0,0,0,0,0,0,0,0,0,0
2005,130805,1,1,11,11,11,11,11,11,11,11,11,11
2005,130806,0,1,0,0,0,0,0,0,0,0,0,0
2005,130806,1,1,0,22,31,0,29,0,0,0,0,20
2005,130807,1,1,0,0,0,0,0,0,0,0,0,0
2005,130807,2,1,0,0,0,0,0,0,0,0,0,0
2005,130808,1,1,0,0,0,0,0,0,0,0,0,0
2005,130808,2,1,0,13,0,0,0,0,0,14,0,0
2005,130809,1,1,0,0,0,0,0,0,0,0,0,0
2005,130809,2,1,0,0,0,0,0,0,0,0,7,0
2005,130810,1,1,0,0,0,0,0,0,0,0,0,0
2005,130810,2,1,0,0,0,0,0,0,0,0,0,0
2005,130810,3,1,0,0,0,0,0,0,0,0,0,0
2005,130810,4,1,0,0,0,0,0,0,0,0,0,0
2005,130810,5,1,0,0,0,0,0,0,0,0,0,0
2005,130810,6,1,0,0,0,0,0,0,0,0,0,0
2005,130810,7,1,0,0,0,0,0,0,0,0,0,0
2005,130811,1,1,0,0,0,0,0,0,0,0,0,0
2005,130812,1,1,0,0,0,0,0,0,0,0,0,0
2005,130813,1,1,15,15,15,15,15,15,15,15,15,15
2005,130813,2,1,0,0,0,0,2,0,3,0,0,0
2005,130813,3,1,0,0,0,9,0,0,0,0,0,0
2005,130814,1,1,0,0,0,0,0,0,0,0,0,0
2005,130815,1,1,0,0,0,0,0,0,0,0,0,0
2005,130815,2,1,0,0,0,0,0,0,0,0,0,0
2005,130816,1,1,0,0,0,0,0,0,14,0,0,0
2005,130816,2,1,0,0,0,0,0,0,0,0,0,0
2005,130817,1,1,0,0,0,0,0,0,0,13,0,0
2005,130817,2,1,0,0,0,0,0,0,0,0,0,0
2005,130818,1,1,0,0,0,0,0,0,0,0,0,0
2005,130819,1,1,22,27,0,17,0,0,17,0,0,0
2005,130819,2,1,0,0,0,0,0,0,0,0,0,0
2005,130820,1,1,25,25,25,25,25,25,25,25,25,25
2005,130820,2,1,0,0,0,0,0,0,0,0,0,0
2005,130821,1,1,19,19,19,19,19,19,19,19,19,19
2005,130822,1,1,0,0,0,0,0,0,0,0,19,0
2005,130823,1,1,0,0,0,0,0,0,0,0,0,0
2005,130824,1,1,0,0,8,0,0,0,0,18,0,24
2005,130826,1,1,0,0,0,0,9,0,0,0,0,0
2005,130826,2,1,0,0,0,0,0,0,0,0,0,0
2005,130827,1,1,7,12,0,10,9,8,10,5,15,28
2005,130827,2,1,0,0,0,0,0,0,0,0,0,0
2005,130828,1,1,22,22,22,22,22,22,22,22,22,22
2005,130829,1,1,7,21,0,0,0,0,0,0,0,2
2005,130829,2,1,0,0,0,0,0,0,0,0,0,0
2005,130830,1,1,0,0,0,0,0,0,0,0,0,0
2005,130831,1,1,0,0,0,0,0,0,0,0,0,0
2005,130831,2,1,0,0,0,0,0,0,0,0,0,0
2005,130831,3,1,0,0,0,0,0,0,0,0,0,0
2005,130831,4,1,0,0,0,0,0,0,0,0,7,0
2005,130832,1,1,19,19,19,19,19,19,19,19,19,19
2005,130832,2,1,0,0,0,0,0,0,0,0,0,0
2005,130833,0,1,28,0,0,0,0,0,0,0,0,0
2005,130833,1,1,0,0,0,0,0,0,0,0,0,0
2005,130833,2,1,3,0,0,0,0,0,0,0,0,12
2005,130834,1,1,29,29,29,29,29,29,29,29,29,29
2005,130835,0,1,26,26,26,26,26,26,26,26,26,26
2005,130835,1,1,8,0,20,0,0,0,0,0,0,0
2005,130836,1,1,0,0,0,0,0,0,0,0,0,0
2005,130837,1,1,0,0,0,0,0,0,0,0,0,0
2005,130837,2,1,0,0,0,0,0,0,11,0,0,0
2005,130838,1,1,14,14,14,14,14,14,14,14,14,14
2005,130839,1,1,0,0,0,0,0,0,0,0,0,0
2005,130839,2,1,0,0,0,0,0,0,0,0,0,0
2005,130839,3,1,0,0,0,0,0,0,0,0,0,0
2005,130840,1,1,0,0,0,0,0,0,0,0,0,0
2005,130841,0,1,2,2,2,2,2,2,2,2,2,2
2005,130841,1,1,0,0,0,0,0,0,0,0,0,0
2005,130842,1,1,27,27,27,27,27,27,27,27,27,27
2005,130842,2,1,0,0,0,0,0,0,0,0,0,0
2005,130842,3,1,0,0,26,0,7,0,0,0,0,10
2005,130843,1,1,0,0,0,0,0,0,0,0,0,0
2005,130844,1,1,0,0,0,0,0,0,0,0,0,0
2005,130844,2,1,0,0,0,0,0,0,0,0,0,0
2005,130845,1,1,0,0,0,0,0,0,0,0,0,3
2005,130846,0,1,2,2,2,2,2,2,2,2,2,2
2005,130846,1,1,0,0,0,0,0,0,0,0,0,0
2005,130847,1,1,4,0,12,23,0,0,4,0,6,0
2005,130848,1,1,0,0,0,0,0,0,0,0,0,0
2005,130848,2,1,0,0,0,0,0,0,0,0,0,0
2005,130849,1,1,0,0,0,0,0,0,0,0,0,0
2005,130849,2,1,0,0,0,0,0,0,0,0,0,0
2005,130850,1,1,27,27,27,27,27,27,27,27,27,27
2005,130851,1,1,14,14,14,14,14,14,14,14,14,14
2005,130851,2,1,0,0,0,2,0,0,0,0,0,0
2005,130851,3,1,0,0,0,0,0,0,0,0,0,0
2005,130851,4,1,14,0,0,0,0,0,0,0,0,0
2005,130852,1,1,0,0,0,0,0,0,0,0,0,0
2005,130852,2,1,0,0,0,0,0,6,0,0,0,0
2005,130852,3,1,0,0,0,0,0,0,0,0,0,0
2005,130853,1,1,11,11,11,11,11,11,11,11,11,11
2005,130854,1,1,0,0,0,0,0,0,0,0,0,0
2005,130854,2,1,0,0,0,0,0,0,0,0,0,0
2005,130855,1,1,0,0,0,0,0,0,0,0,0,0
2005,130856,1,1,0,0,0,0,0,0,0,0,0,0
2005,130857,1,1,0,0,0,0,0,0,0,0,0,0
2005,130857,2,1,0,0,0,0,0,0,0,0,0,0
2005,130857,3,1,0,0,0,0,0,0,0,15,0,0
2005,130857,4,1,0,0,0,0,0,0,0,0,0,0
2005,130857,5,1,0,0,0,0,0,0,0,0,0,0
2005,130858,1,1,0,0,0,0,0,0,0,0,0,0
2005,130858,2,1,0,0,0,0,0,0,0,0,0,0
2005,130859,1,1,0,0,0,0,0,0,0,0,0,0
2005,130859,2,1,0,0,0,0,0,0,0,0,0,0
2005,130860,0,1,21,0,16,20,18,11,0,44,10,23
2005,130860,1,1,0,0,0,0,0,0,0,0,0,0
2005,130861,1,1,7,7,7,7,7,7,7,7,7,7
2005,130861,2,1,0,0,0,0,0,0,6,0,0,0
2005,130862,1,1,0,0,0,0,0,0,0,0,0,0
2005,130862,2,1,0,0,0,0,0,0,0,0,0,0
2005,130863,1,1,0,0,0,0,0,0,0,0,0,0
2005,130863,2,1,0,0,0,0,0,0,0,0,0,0
2005,130864,1,1,0,0,0,0,0,0,0,0,24,0
2005,130865,1,1,0,0,0,0,4,0,0,0,0,0
2005,130865,2,1,0,0,0,0,0,0,0,0,0,0
2005,130866,1,1,6,6,6,6,6,6,6,6,6,6
2005,130867,1,1,0,0,0,0,0,0,0,0,0,0
2005,130868,1,1,0,0,0,4,0,0,0,0,0,0
2005,130868,2,1,0,0,0,0,0,0,0,0,0,0
2005,130869,1,1,0,0,0,0,0,20,0,0,0,0
2005,130870,1,1,0,0,0,0,0,0,0,0,0,0
2005,130870,2,1,0,0,0,0,0,0,31,0,0,0
2005,130871,1,1,24,24,24,24,24,24,24,24,24,24
2005,130871,2,1,22,0,12,0,0,0,0,0,0,0
2005,130872,1,1,2,2,2,2,2,2,2,2,2,2
2005,130872,2,1,0,0,0,21,0,0,0,0,0,0
2005,130872,3,1,0,0,13,0,13,0,0,0,0,0
2005,130873,1,1,0,0,0,0,0,0,11,0,18,0
2005,130874,1,1,0,0,0,0,0,0,0,0,0,0
2005,130874,2,1,0,0,0,0,0,0,0,0,0,0
2005,130875,1,1,0,0,0,0,0,0,0,0,0,0
2005,130876,0,1,0,0,0,0,0,0,0,0,0,0
2005,130876,1,1,0,0,0,0,0,0,0,0,0,0
2005,130877,1,1,0,0,0,22,0,0,18,0,0,0
2005,130878,1,1,0,0,0,0,0,0,0,0,0,0
2005,130878,2,1,0,0,0,0,0,0,0,0,0,0
2005,130879,1,1,0,0,0,0,0,0,0,0,0,0
2005,130880,1,1,0,0,0,0,0,0,0,0,0,0
2005,130880,2,1,0,0,0,0,0,0,0,0,0,0
2005,130881,1,1,0,0,0,0,0,0,0,0,0,0
2005,130881,2,1,0,0,0,0,0,0,0,0,0,0
2005,130882,1,1,0,0,0,0,0,0,0,0,0,0
2005,130882,2,1,0,0,0,0,0,0,0,0,0,0
2005,130883,1,1,0,0,6,22,13,0,8,0,0,13
2005,130884,1,1,0,0,0,0,0,0,0,0,0,0
2005,130885,1,1,0,0,0,0,2,0,0,0,0,0
2005,130885,2,1,0,0,0,0,0,0,0,0,0,0
2005,130886,1,1,0,0,0,0,0,0,16,11,0,18
2005,130887,1,1,0,0,0,0,0,0,0,0,0,0
2005,130888,1,1,0,0,0,0,0,0,0,15,10,4
2005,130889,1,1,0,0,0,0,0,0,0,0,0,0
2005,130889,2,1,5,5,5,5,5,5,5,5,5,5
2005,130889,3,1,0,0,0,0,0,0,0,0,0,0
2005,130890,0,1,0,0,0,0,0,0,0,0,0,0
2005,130890,1,1,0,0,0,0,0,0,0,0,0,0
2005,130891,1,1,0,0,0,0,0,0,0,0,0,0
2005,130892,1,1,0,10,0,0,0,0,0,0,0,11
2005,130893,1,1,26,26,26,26,26,26,26,26,26,26
2005,130894,1,1,0,0,0,0,0,0,0,0,0,0
2005,130895,1,1,0,0,0,0,0,0,0,0,0,0
2005,130895,2,1,0,0,0,0,0,0,0,0,0,0
2005,130896,1,1,0,0,0,0,0,0,0,0,0,0
2005,130896,2,1,22,0,0,0,0,0,0,0,7,0
2005,130897,1,1,22,22,22,22,22,22,22,22,22,22
2005,130898,1,1,0,0,0,0,0,0,0,0,5,0
2005,130898,2,1,0,0,0,0,0,0,0,0,0,0
2005,130899,1,1,0,7,0,0,0,0,0,0,0,0
2005,130899,2,1,6,0,0,0,0,0,0,0,0,0
2005,130900,1,1,0,0,0,0,0,0,0,0,0,0
2005,130900,2,1,0,0,0,0,0,0,0,0,0,0
2005,130901,1,1,0,0,0,0,0,0,0,0,0,0
2005,130902,1,1,0,0,0,0,0,0,0,0,0,0
2005,130902,2,1,0,0,0,0,0,0,0,0,0,0
2005,130903,0,1,33,0,5,0,14,21,13,32,0,0
2005,130903,1,1,0,0,0,0,0,0,19,0,0,0
2005,130904,1,1,9,9,9,9,9,9,9,9,9,9
2005,130904,2,1,14,5,27,11,15,32,10,7,5,7
2005,130905,1,1,23,25,0,0,0,26,16,0,8,35
2005,130905,2,1,10,0,0,0,10,0,0,0,0,0
2005,130906,0,1,11,11,11,11,11,11,11,11,11,11
2005,130906,1,1,0,0,0,0,0,0,0,0,0,0
2005,130907,1,1,13,13,13,13,13,13,13,13,13,13
2005,130907,2,1,0,0,0,0,0,0,0,0,0,0
2005,130908,1,1,9,9,9,9,9,9,9,9,9,9
2005,130909,1,1,0,0,0,0,0,0,0,0,0,0
2005,130909,2,1,0,0,0,0,0,0,0,0,0,0
2005,130910,1,1,0,0,0,0,0,0,0,0,0,0
2005,130911,1,1,0,0,0,0,0,0,0,0,0,0
2005,130911,2,1,0,0,0,0,0,0,0,0,0,0
2005,130912,1,1,0,0,0,0,0,0,0,0,12,0
2005,130913,0,1,0,0,0,0,0,0,0,0,0,0
2005,130913,1,1,0,0,0,0,0,0,0,0,0,0
2005,130914,1,1,0,0,0,0,0,0,0,0,0,0
2005,130914,2,1,0,0,0,0,0,0,0,0,0,0
2005,130914,3,1,0,0,11,0,0,0,0,0,0,0
2005,130915,1,1,0,0,0,0,0,0,0,0,0,0
2005,130916,1,1,0,0,0,0,0,0,0,0,0,0
2005,130917,1,1,0,0,0,0,0,0,0,0,0,0
2005,130918,1,1,15,13,12,30,38,9,22,22,21,4
2005,130919,1,1,0,0,0,0,0,0,0,0,0,0
2005,130919,2,1,0,0,0,0,0,0,0,0,0,0
2005,130919,3,1,0,0,0,0,0,0,0,0,0,0
2005,130920,1,1,0,0,0,0,0,0,0,0,0,0
2005,130921,1,1,0,0,0,0,0,0,0,0,0,0
2005,130921,2,1,0,0,0,0,0,0,0,0,0,0
2005,130922,1,1,22,22,22,22,22,22,22,22,22,22
2005,130923,1,1,23,23,23,23,23,23,23,23,23,23
2005,130924,0,1,21,21,21,21,21,21,21,21,21,21
2005,130924,1,1,12,0,18,0,0,0,0,0,0,0
2005,130924,2,1,0,15,0,0,14,0,0,14,0,0
2005,130925,1,1,0,0,0,0,0,0,0,0,0,0
2005,130925,2,1,0,0,0,0,0,0,0,0,0,0
2005,130926,1,1,19,20,0,12,14,0,0,7,19,39
2005,130927,1,1,6,19,21,8,15,17,6,12,23,18
2005,130927,2,1,0,0,0,0,0,0,0,0,21,0
2005,130928,0,1,0,0,0,0,0,0,0,0,0,0
2005,130928,1,1,0,20,0,0,0,0,0,0,0,0
2005,130929,1,1,12,12,0,19,0,15,15,0,11,12
2005,130930,1,1,7,7,7,7,7,7,7,7,7,7
2005,130931,1,1,0,0,0,0,0,0,0,0,0,0
2005,130931,2,1,0,0,0,0,0,0,0,0,0,0
2005,130932,1,1,0,0,0,0,0,0,0,0,0,0
2005,130933,1,1,0,0,0,0,0,0,0,0,0,0
2005,130933,2,1,0,0,0,0,0,0,0,0,0,0
2005,130934,1,1,29,29,29,29,29,29,29,29,29,29
2005,130935,1,1,0,0,0,0,0,0,0,0,0,0
2005,130936,1,1,10,0,0,0,0,0,12,0,0,0
2005,130936,2,1,0,0,0,0,0,0,0,0,0,0
2005,130937,1,1,0,0,0,0,0,0,0,0,0,0
2005,130937,2,1,0,0,0,0,0,0,0,0,0,0
2005,130938,1,1,0,0,0,14,0,0,0,0,0,0
2005,130939,1,1,0,0,0,0,0,0,0,0,0,0
2005,130939,2,1,0,0,0,0,0,0,0,0,0,0
2005,130940,1,1,0,0,0,0,0,0,0,0,0,0
2005,130940,2,1,0,0,0,0,0,0,0,0,0,0
2005,130941,1,1,0,0,0,0,0,0,0,0,0,0
2005,130941,2,1,0,0,0,0,14,0,0,0,0,0
2005,130942,1,1,0,0,0,0,0,0,0,0,0,0
2005,130942,2,1,0,0,0,0,0,0,0,0,0,0
2005,130943,1,1,0,0,0,12,0,0,0,0,0,0
2005,130943,2,1,0,0,0,0,0,0,0,0,0,0
2005,130944,1,1,0,0,0,0,0,0,0,0,0,0
2005,130944,2,1,0,0,0,0,0,10,0,0,0,0
2005,130945,1,1,10,9,13,0,17,4,16,9,16,9
2005,130945,2,1,0,0,0,0,0,0,0,0,15,8
2005,130946,1,1,0,0,0,0,0,0,0,0,0,0
2005,130947,1,1,0,0,0,0,0,0,0,0,0,0
2005,130948,1,1,14,14,14,14,14,14,14,14,14,14
2005,130948,2,1,0,0,0,0,0,17,7,0,0,0
2005,130949,1,1,17,17,17,17,17,17,17,17,17,17
2005,130950,1,1,0,0,27,0,0,29,0,17,0,0
2005,130951,0,1,0,0,0,0,0,0,0,0,0,0
2005,130951,1,1,0,11,33,17,12,0,19,0,12,0
2005,130952,1,1,0,0,0,0,0,0,0,0,0,0
2005,130952,2,1,0,0,0,0,0,0,0,0,0,0
2005,130953,1,1,19,15,40,26,21,32,19,17,0,13
2005,130954,1,1,0,0,0,0,0,0,0,0,0,0
2005,130954,2,1,0,0,0,0,0,0,0,0,0,0
2005,130954,3,1,0,0,0,0,0,0,0,0,0,0
2005,130954,4,1,0,0,0,0,0,0,0,0,0,0
2005,130955,1,1,0,0,0,0,0,0,0,0,0,0
2005,130955,2,1,0,0,0,0,0,0,0,0,0,0
2005,130956,0,1,0,0,0,0,0,0,0,0,0,0
2005,130956,1,1,0,0,0,0,0,40,19,0,7,18
2005,130957,1,1,0,0,0,0,0,0,0,0,0,0
2005,130957,2,1,0,0,0,0,0,0,0,0,0,0
2005,130958,1,1,0,0,0,0,0,0,0,0,0,0
2005,130958,2,1,0,0,0,0,0,0,0,0,0,0
2005,130959,1,1,0,0,0,0,0,0,0,0,0,0
2005,130959,2,1,0,0,0,0,0,0,0,0,0,9
2005,130960,0,1,0,0,0,0,0,0,0,0,0,0
2005,130960,1,1,0,0,0,0,0,0,0,0,0,0
2005,130961,1,1,3,3,3,3,3,3,3,3,3,3
2005,130961,2,1,0,0,0,0,0,0,0,0,0,0
2005,130961,3,1,0,0,0,0,0,0,0,0,0,0
2005,130961,4,1,0,0,0,0,0,11,0,0,0,0
2005,130961,5,1,0,0,0,0,0,0,16,0,0,0
2005,130961,6,1,0,0,0,0,0,0,0,0,0,0
2005,130962,1,1,0,0,0,0,0,0,0,0,0,0
2005,130962,2,1,0,0,0,0,0,0,0,0,0,0
2005,130962,3,1,0,0,0,0,0,0,0,0,0,0
2005,130963,0,1,0,33,0,23,22,10,0,0,27,0
2005,130963,1,1,0,0,0,0,0,0,0,0,0,0
2005,130964,1,1,12,0,0,0,12,0,13,0,0,0
2005,130965,1,1,8,0,9,0,0,0,0,0,0,0
2005,130965,2,1,0,0,0,0,0,0,9,0,22,0
2005,130966,1,1,0,0,0,0,0,0,18,0,0,0
2005,130967,1,1,10,10,10,10,10,10,10,10,10,10
2005,130968,1,1,0,0,0,0,16,0,0,0,0,0
2005,130969,1,1,11,13,0,0,25,0,7,6,14,0
2005,130970,1,1,0,0,0,0,0,0,0,0,0,0
2005,130970,2,1,0,0,34,0,0,0,0,0,0,0
2005,130971,1,1,8,25,18,20,0,0,11,15,20,14
2005,130972,1,1,0,0,0,0,0,0,0,0,0,0
2005,130972,2,1,6,0,0,0,0,0,0,0,0,0
2005,130972,3,1,0,0,0,0,0,0,0,0,0,0
2005,130973,1,1,0,0,0,0,0,0,0,3,0,0
2005,130973,2,1,0,0,0,0,0,0,0,0,0,0
2005,130973,3,1,0,0,6,0,0,0,0,0,0,0
2005,130974,1,1,20,20,20,20,20,20,20,20,20,20
2005,130975,1,1,0,0,0,0,0,23,0,0,16,0
2005,130976,1,1,0,0,0,0,0,0,0,0,0,0
2005,130977,1,1,0,0,0,0,0,0,0,0,0,0
2005,130977,2,1,0,0,0,0,0,0,0,0,0,0
2005,130978,1,1,12,0,0,0,0,0,0,0,0,0
2005,130978,2,1,0,0,0,0,0,0,0,0,0,0
2005,130978,3,1,0,0,0,0,0,0,0,0,0,0