YEAR,ST_CASE,veh_no,per_no,P1,P2,P3,P4,P5,P6,P7,P8,P9,P10
2005,130979,1,1,6,6,6,6,6,6,6,6,6,6
2005,130979,2,1,0,0,0,0,0,0,0,0,0,0
2005,130980,1,1,0,0,0,0,0,0,0,0,0,0
2005,130981,1,1,0,0,0,0,0,0,0,0,0,0
2005,130981,2,1,0,0,0,0,0,0,0,0,0,0
2005,130982,1,1,0,0,0,0,0,13,0,0,0,0
2005,130983,1,1,0,0,0,0,0,0,0,0,0,0
2005,130984,1,1,0,0,0,0,0,0,0,0,0,0
2005,130984,2,1,0,0,0,0,0,0,0,0,0,0
2005,130984,3,1,0,0,0,0,0,0,0,0,0,0
2005,130985,1,1,0,0,0,0,0,0,0,0,0,0
2005,130985,2,1,0,0,0,0,0,0,0,0,0,0
2005,130986,1,1,0,0,0,0,0,0,0,0,0,0
2005,130986,2,1,0,0,0,0,0,0,0,0,0,0
2005,130987,0,1,0,0,0,0,0,0,0,0,0,0
2005,130987,1,1,0,0,0,0,0,0,0,0,0,0
2005,130988,1,1,0,0,0,0,0,0,0,0,0,0
2005,130988,2,1,0,0,0,0,0,21,0,0,0,13
2005,130988,3,1,0,0,0,0,0,0,0,0,0,0
2005,130989,1,1,0,0,0,0,0,0,0,0,0,0
2005,130989,2,1,0,0,0,0,0,0,0,0,0,0
2005,130990,1,1,0,12,37,0,0,24,0,0,0,0
2005,130991,1,1,30,30,30,30,30,30,30,30,30,30
2005,130992,1,1,16,0,0,0,0,12,0,0,0,0
2005,130993,1,1,0,0,0,0,0,0,0,0,0,0
2005,130994,1,1,16,32,13,0,0,0,0,0,0,0
2005,130994,2,1,0,0,0,0,0,0,0,0,0,0
2005,130995,1,1,0,0,0,0,0,0,0,0,0,0
2005,130996,1,1,6,17,11,0,0,0,0,0,11,0
2005,130997,0,1,29,29,29,29,29,29,29,29,29,29
2005,130997,1,1,0,0,0,22,0,0,0,10,0,25
2005,130998,1,1,0,0,0,0,0,0,0,0,0,0
2005,130998,2,1,0,0,0,0,0,0,0,0,0,9
2005,130999,1,1,0,0,0,0,0,0,0,0,0,0
2005,130999,2,1,0,0,0,0,0,0,0,0,0,0
2005,131000,1,1,0,0,0,0,0,0,0,0,0,0
2005,131001,1,1,0,0,0,0,0,0,0,0,0,0
2005,131001,2,1,0,0,0,0,0,0,0,0,0,0
2005,131002,1,1,16,16,16,16,16,16,16,16,16,16
2005,131003,0,1,0,0,0,0,0,0,0,0,0,0
2005,131003,1,1,12,12,12,12,12,12,12,12,12,12
2005,131004,0,1,0,0,0,0,0,0,0,0,0,0
2005,131004,1,1,0,0,0,0,0,0,0,0,0,0
2005,131005,1,1,0,0,0,0,0,0,0,0,0,0
2005,131006,1,1,0,0,0,0,0,0,0,0,0,0
2005,131007,1,1,0,0,0,0,0,0,0,0,0,0
2005,131007,2,1,0,0,0,0,0,0,0,0,0,0
2005,131007,3,1,0,0,0,0,0,0,0,0,0,0
2005,131008,1,1,0,0,0,0,0,0,0,0,0,0
2005,131009,1,1,11,11,11,11,11,11,11,11,11,11
2005,131009,2,1,0,0,0,0,0,0,13,10,0,0
2005,131010,1,1,6,18,7,28,15,30,19,5,12,0
2005,131011,1,1,0,0,0,0,0,0,0,0,0,0
2005,131011,2,1,0,0,0,0,0,0,0,0,0,0
2005,131012,1,1,0,0,0,0,0,0,0,0,0,0
2005,131013,1,1,10,22,0,0,13,0,25,30,30,27
2005,131014,1,1,0,0,0,0,0,0,0,0,0,0
2005,131015,1,1,14,14,14,14,14,14,14,14,14,14
2005,131015,2,1,0,0,0,0,0,0,0,0,0,0
2005,131016,1,1,6,0,5,0,0,0,0,0,0,0
2005,131016,2,1,0,0,0,19,0,0,0,0,0,0
2005,131017,1,1,24,24,24,24,24,24,24,24,24,24
2005,131018,1,1,0,0,0,0,0,0,0,0,0,0
2005,131019,0,1,0,0,0,0,0,0,0,0,0,0
2005,131019,1,1,0,0,0,2,0,2,13,0,0,0
2005,131020,1,1,15,23,0,0,0,0,0,0,0,7
2005,131021,1,1,0,0,0,0,0,5,0,0,0,0
2005,131021,2,1,17,0,0,0,0,0,0,0,0,7
2005,131022,1,1,18,18,18,18,18,18,18,18,18,18
2005,131023,1,1,7,0,0,0,0,0,0,0,0,0
2005,131023,2,1,0,0,0,0,0,0,0,0,0,0
2005,131024,0,1,0,0,0,0,0,0,0,0,0,0
2005,131024,1,1,0,0,0,0,0,0,0,0,0,0
2005,131025,1,1,0,0,0,0,0,0,0,0,0,0
2005,131026,0,1,0,11,0,0,0,0,0,0,0,0
2005,131026,0,2,6,17,3,21,0,21,0,23,38,0
2005,131026,1,1,0,0,0,0,0,0,0,0,24,0
2005,131027,1,1,0,0,0,0,0,0,0,0,0,0
2005,131028,1,1,22,0,0,0,0,0,0,0,0,0
2005,131028,2,1,0,0,0,13,0,0,0,7,18,0
2005,131029,1,1,0,0,0,0,0,0,0,0,0,0
2005,131029,2,1,0,0,0,0,0,0,0,0,0,0
2005,131030,1,1,0,0,0,0,0,0,0,0,0,0
2005,131031,1,1,0,0,0,0,0,0,0,0,0,0
2005,131032,1,1,2,2,2,2,2,2,2,2,2,2
2005,131033,1,1,0,0,0,0,0,0,0,0,0,0
2005,131033,2,1,0,0,0,0,0,0,0,20,0,0
2005,131034,1,1,0,0,0,0,0,0,0,0,0,0
2005,131034,2,1,0,0,0,0,0,0,0,0,0,0
2005,131035,1,1,8,12,27,7,15,17,34,23,17,0
2005,131036,1,1,0,22,0,0,11,16,0,0,0,0
2005,131036,2,1,0,0,0,0,0,0,0,0,0,0
2005,131037,0,1,0,0,0,0,0,0,0,0,0,0
2005,131037,0,2,0,0,0,0,0,0,0,0,0,0
2005,131037,1,1,0,0,0,0,0,0,0,0,0,0
2005,131038,1,1,9,9,9,9,9,9,9,9,9,9
2005,131039,1,1,15,0,0,10,0,0,0,0,29,0
2005,131040,1,1,31,0,0,0,0,0,15,0,0,0
2005,131041,0,1,22,22,22,22,22,22,22,22,22,22
2005,131041,1,1,0,0,0,0,10,0,0,0,0,12
2005,131042,1,1,32,48,17,5,17,15,29,32,20,29
2005,131043,1,1,19,19,19,19,19,19,19,19,19,19
2005,131043,2,1,0,0,0,0,0,0,0,0,0,0
2005,131044,1,1,0,0,0,9,5,0,0,6,12,13
2005,131044,2,1,0,0,0,0,0,0,0,0,0,0
2005,131045,1,1,0,0,0,0,0,0,0,0,0,0
2005,131045,2,1,0,13,0,0,0,0,0,0,0,0
2005,131046,1,1,23,23,23,23,23,23,23,23,23,23
2005,131047,1,1,17,9,21,0,0,20,10,13,20,6
2005,131048,1,1,0,0,0,0,0,0,0,0,0,0
2005,131048,2,1,0,0,0,0,0,0,0,0,0,0
2005,131049,1,1,0,0,0,0,0,0,0,0,0,0
2005,131049,2,1,0,0,0,0,0,0,0,0,0,0
2005,131050,1,1,0,0,0,0,0,0,0,0,0,0
2005,131050,2,1,0,0,0,0,0,0,0,0,0,0
2005,131051,1,1,0,0,0,0,0,0,0,0,0,0
2005,131051,2,1,0,0,0,0,0,0,0,0,0,0
2005,131052,1,1,25,26,6,26,18,22,18,14,42,16
2005,131053,1,1,22,15,0,0,14,14,0,13,0,7
2005,131054,1,1,0,0,0,0,0,0,0,0,0,0
2005,131054,2,1,0,0,0,16,0,0,0,0,0,0
2005,131055,0,1,0,0,0,0,0,0,0,0,0,0
2005,131055,1,1,0,0,0,0,0,0,0,0,0,0
2005,131056,1,1,36,0,17,0,26,20,0,0,0,16
2005,131057,1,1,0,10,0,0,0,0,17,0,10,0
2005,131057,2,1,0,0,0,0,0,0,0,0,0,0
2005,131058,1,1,2,2,2,2,2,2,2,2,2,2
2005,131058,2,1,0,0,0,0,0,0,0,0,15,0
2005,131059,1,1,0,0,0,0,0,0,0,0,0,0
2005,131060,1,1,0,0,0,0,0,0,0,0,0,0
2005,131060,2,1,0,0,0,0,0,0,0,0,0,0
2005,131061,1,1,0,0,0,0,0,0,0,0,0,0
2005,131061,2,1,0,0,0,0,0,0,0,0,0,0
2005,131062,1,1,0,0,0,0,0,0,0,0,0,0
2005,131062,2,1,0,0,0,0,0,0,0,0,0,0
2005,131063,1,1,4,4,4,4,4,4,4,4,4,4
2005,131064,1,1,0,0,0,0,0,0,0,0,0,0
2005,131065,1,1,0,0,0,0,0,0,0,0,0,0
2005,131066,1,1,0,0,0,0,0,0,0,18,0,0
2005,131066,2,1,0,0,0,0,0,0,0,0,0,0
2005,131067,1,1,0,0,0,0,0,0,0,0,0,0
2005,131067,2,1,22,27,19,0,10,12,14,0,19,22
2005,131068,1,1,0,0,0,0,0,0,0,0,0,11
2005,131068,2,1,0,0,0,0,0,0,0,0,0,0
2005,131069,0,1,0,0,0,0,0,0,0,0,0,0
2005,131069,0,2,0,0,0,0,0,0,0,0,0,0
2005,131069,1,1,0,0,0,0,0,0,0,0,0,0
2005,131070,1,1,0,0,0,0,0,0,0,0,0,0
2005,131071,1,1,26,26,26,26,26,26,26,26,26,26
2005,131071,2,1,0,0,0,0,0,0,0,0,0,0
2005,131071,3,1,0,13,17,0,0,0,0,5,0,0
2005,131071,4,1,0,12,0,0,0,0,0,0,0,0
2005,131072,1,1,16,0,0,0,0,0,0,0,0,0
2005,131073,1,1,0,0,0,0,0,0,0,0,8,0
2005,131073,2,1,0,0,0,0,0,0,0,0,0,0
2005,131073,3,1,0,0,0,0,0,0,0,0,0,0
2005,131073,4,1,0,0,0,0,2,0,0,0,0,0
2005,131074,0,1,0,0,26,20,27,0,24,0,0,18
2005,131074,1,1,0,0,0,0,0,0,0,0,0,0
2005,131075,1,1,0,0,12,0,0,0,0,0,19,0
2005,131076,1,1,2,0,0,0,0,10,0,0,0,25
2005,131076,2,1,0,0,0,13,12,0,27,0,0,0
2005,131077,1,1,4,0,0,0,0,0,0,0,12,0
2005,131077,2,1,0,0,0,0,0,0,0,0,0,0
2005,131078,1,1,0,0,0,0,0,0,0,0,0,0
2005,131078,2,1,0,0,0,0,0,0,0,0,0,0
2005,131078,3,1,0,0,0,4,0,0,0,0,0,0
2005,131079,1,1,0,0,0,0,0,0,0,0,0,0
2005,131080,1,1,23,0,0,0,0,0,0,0,0,0
2005,131080,2,1,0,0,0,0,0,0,0,0,0,0
2005,131081,1,1,0,0,0,0,0,17,0,0,0,0
2005,131081,2,1,0,0,0,0,0,0,0,0,0,0
2005,131082,1,1,0,0,0,0,0,0,0,0,0,0
2005,131082,2,1,0,9,0,0,0,0,0,23,21,0
2005,131083,1,1,0,0,0,0,0,0,0,0,0,0
2005,131083,2,1,0,0,0,0,0,0,0,0,0,0
2005,131083,3,1,0,0,0,0,0,0,0,0,0,0
2005,131083,4,1,0,0,0,0,0,0,0,0,0,0
2005,131083,5,1,0,0,0,0,0,0,0,0,0,0
2005,131083,6,1,0,0,0,0,0,0,0,0,0,0
2005,131083,7,1,0,0,0,0,0,0,0,0,0,0
2005,131083,8,1,0,0,0,0,0,0,0,0,0,0
2005,131084,1,1,25,0,0,0,0,0,0,0,0,0
2005,131085,1,1,0,0,22,0,0,10,0,0,0,0
2005,131085,2,1,0,0,2,0,0,0,0,0,0,0
2005,131086,1,1,0,0,0,0,0,25,0,0,0,24
2005,131087,1,1,0,0,0,0,0,0,0,0,0,0
2005,131087,2,1,0,12,0,0,0,0,0,0,0,0
2005,131088,1,1,0,0,0,0,0,0,0,0,0,0
2005,131089,1,1,27,27,27,27,27,27,27,27,27,27
2005,131089,2,1,0,0,0,0,0,0,0,0,0,0
2005,131090,1,1,0,0,0,0,0,0,0,0,0,0
2005,131090,2,1,0,0,0,0,0,0,11,0,0,0
2005,131091,1,1,0,0,0,0,9,0,8,11,12,0
2005,131091,2,1,0,0,0,20,0,0,0,13,20,0
2005,131092,1,1,0,0,0,0,0,4,0,0,0,0
2005,131092,2,1,0,0,0,0,0,0,0,0,0,0
2005,131093,1,1,0,0,0,0,0,0,0,0,0,0
2005,131093,2,1,0,0,0,0,0,0,0,0,0,0
2005,131094,1,1,0,0,0,0,0,0,0,0,0,0
2005,131095,1,1,0,0,18,0,0,0,0,0,0,0
2005,131095,2,1,0,0,0,0,0,7,0,5,0,0
2005,131096,1,1,0,0,0,0,0,0,0,0,0,0
2005,131096,2,1,0,0,0,0,0,0,0,0,0,0
2005,131097,1,1,0,0,0,0,0,0,0,0,0,0
2005,131098,1,1,0,0,0,0,0,0,0,0,0,0
2005,131099,0,1,28,0,0,0,0,0,0,19,0,0
2005,131099,0,2,0,0,0,0,0,0,0,0,0,0
2005,131099,1,1,0,0,0,0,0,0,0,0,0,0
2005,131100,1,1,0,10,26,3,27,0,3,0,28,39
2005,131101,1,1,0,0,0,0,0,0,0,0,0,0
2005,131102,0,1,13,13,13,13,13,13,13,13,13,13
2005,131102,1,1,22,12,18,8,15,6,15,6,13,7
2005,131103,0,1,0,0,0,0,0,0,0,0,0,0
2005,131103,1,1,12,12,12,12,12,12,12,12,12,12
2005,131104,0,1,0,0,0,0,0,0,0,0,5,0
2005,131104,1,1,0,0,0,0,0,0,0,0,0,0
2005,131105,1,1,0,0,0,0,0,0,0,0,0,18
2005,131106,1,1,0,0,0,0,0,0,0,0,0,0
2005,131106,2,1,0,0,0,0,0,0,0,0,0,0
2005,131107,1,1,0,0,0,0,0,0,0,0,0,0
2005,131108,1,1,0,0,0,0,0,0,0,0,0,0
2005,131109,1,1,0,0,0,0,0,0,0,0,0,0
2005,131110,1,1,0,15,0,0,0,0,22,0,0,0
2005,131110,2,1,0,0,0,0,0,0,0,0,0,0
2005,131111,1,1,0,0,0,0,0,0,0,0,0,0
2005,131112,1,1,0,0,0,0,0,0,0,0,0,0
2005,131113,1,1,0,0,0,0,0,0,0,0,0,0
2005,131114,1,1,0,0,0,0,0,0,0,0,0,0
2005,131114,2,1,0,0,0,0,0,0,0,0,0,0
2005,131115,1,1,0,0,0,19,0,0,0,0,0,0
2005,131116,1,1,0,0,0,0,0,0,0,0,0,0
2005,131116,2,1,0,0,0,0,0,0,0,0,0,0
2005,131117,0,1,0,19,0,12,0,0,0,14,9,15
2005,131117,1,1,0,19,0,8,0,0,14,0,7,0
2005,131118,1,1,10,10,10,10,10,10,10,10,10,10
2005,131119,1,1,0,0,0,0,0,0,0,0,0,0
2005,131120,1,1,0,0,0,0,0,0,0,0,0,0
2005,131121,1,1,23,0,8,16,16,31,0,0,0,13
2005,131122,1,1,0,0,0,0,0,0,0,0,0,0
2005,131123,0,1,0,0,0,0,0,0,0,0,0,0
2005,131123,1,1,0,0,0,0,0,0,0,0,0,0
2005,131124,1,1,0,0,0,0,0,0,0,0,0,0
2005,131125,1,1,0,0,0,7,0,0,0,14,0,0
2005,131125,2,1,0,0,0,0,0,0,0,0,0,0
2005,131126,1,1,0,0,0,0,0,0,0,0,0,0
2005,131126,2,1,0,0,0,0,0,0,0,6,0,0
2005,131126,3,1,0,0,0,0,0,8,0,0,0,0
2005,131127,1,1,21,0,16,34,32,8,16,20,32,13
2005,131128,1,1,0,25,15,16,11,0,7,24,9,15
2005,131129,0,1,14,14,14,14,14,14,14,14,14,14
2005,131129,1,1,0,10,0,16,0,14,19,32,0,0
2005,131130,1,1,0,0,0,0,0,0,0,0,0,0
2005,131130,2,1,0,0,0,0,0,0,0,0,0,0
2005,131130,3,1,0,0,0,0,0,0,0,0,0,0
2005,131131,0,1,0,0,0,0,0,0,0,0,0,0
2005,131131,1,1,0,0,11,0,0,0,0,0,0,0
2005,131132,1,1,0,0,0,0,7,0,0,6,0,0
2005,131133,1,1,0,23,0,3,0,0,0,0,0,7
2005,131134,1,1,17,15,23,20,19,0,13,5,12,24
2005,131135,1,1,0,0,0,0,0,21,0,0,0,0
2005,131136,1,1,0,0,0,0,0,0,0,0,0,0
2005,131136,2,1,0,0,0,0,0,0,0,0,0,0
2005,131137,1,1,0,25,0,0,3,0,0,4,0,0
2005,131137,2,1,0,0,0,0,0,0,0,0,0,0
2005,131138,1,1,0,0,0,0,0,0,4,11,0,0
2005,131138,2,1,0,0,0,0,0,0,0,0,0,0
2005,131139,1,1,19,0,0,10,0,0,0,0,0,0
2005,131139,2,1,0,0,0,0,0,0,0,0,0,0
2005,131140,1,1,0,0,0,0,0,0,0,20,0,0
2005,131141,0,1,0,0,0,0,0,0,0,0,0,0
2005,131141,1,1,0,0,0,0,0,0,0,0,0,0
2005,131142,1,1,14,26,0,18,0,21,14,13,21,19
2005,131143,1,1,0,0,0,0,0,0,0,0,0,0
2005,131143,2,1,0,0,0,0,0,0,0,0,0,0
2005,131144,0,1,0,0,0,0,0,0,7,0,0,0
2005,131144,1,1,0,0,0,0,0,0,0,0,0,0
2005,131145,1,1,0,0,0,0,0,0,0,0,0,0
2005,131145,2,1,0,0,0,0,0,0,0,0,0,0
2005,131146,1,1,0,0,0,0,0,0,0,0,0,0
2005,131146,2,1,0,0,0,0,0,0,0,0,0,0
2005,131147,1,1,0,0,0,0,0,0,0,0,0,0
2005,131147,2,1,0,0,0,0,0,0,0,0,0,0
2005,131148,1,1,0,0,0,0,0,0,0,0,0,0
2005,131149,1,1,0,0,0,0,0,0,0,0,0,0
2005,131150,1,1,0,0,0,0,0,0,27,0,0,0
2005,131150,2,1,0,12,0,0,0,0,0,0,0,0
2005,131151,1,1,0,0,0,0,0,0,0,0,0,0
2005,131151,2,1,0,0,0,0,0,0,0,0,0,0
2005,131152,1,1,20,0,15,12,0,10,0,0,0,5
2005,131152,2,1,0,0,0,0,0,6,0,0,0,0
2005,131153,0,1,28,0,0,0,21,8,0,0,17,0
2005,131153,1,1,0,0,0,0,0,0,0,0,0,0
2005,131154,1,1,18,18,18,18,18,18,18,18,18,18
2005,131155,1,1,0,0,0,0,0,0,0,0,0,0
2005,131156,1,1,7,7,7,7,7,7,7,7,7,7
2005,131156,2,1,9,9,9,9,9,9,9,9,9,9
2005,131157,1,1,0,5,0,0,0,0,0,0,0,0
2005,131157,2,1,0,0,0,0,0,0,0,0,0,0
2005,131158,1,1,0,0,0,0,0,0,0,0,0,0
2005,131158,2,1,17,3,0,0,11,21,5,7,28,9
2005,131159,1,1,0,0,0,0,0,0,0,0,0,0
2005,131160,1,1,14,0,19,0,15,0,0,22,0,0
2005,131160,2,1,0,0,10,0,0,0,0,0,0,0
2005,131161,1,1,0,0,0,0,0,0,0,0,0,0
2005,131161,2,1,0,0,0,0,0,0,0,11,0,0
2005,131161,3,1,0,0,0,0,9,0,0,0,0,0
2005,131162,1,1,11,11,11,11,11,11,11,11,11,11
2005,131162,2,1,0,14,0,0,0,0,0,0,0,0
2005,131163,1,1,0,0,0,0,0,0,0,0,0,0
2005,131163,2,1,5,0,4,0,25,5,8,19,4,17
2005,131164,1,1,0,0,0,0,0,0,0,0,0,0
2005,131164,2,1,0,0,0,0,0,0,0,0,0,0
2005,131165,1,1,13,13,13,13,13,13,13,13,13,13
2005,131165,2,1,0,0,0,0,0,0,0,0,0,0
2005,131166,1,1,0,0,0,0,0,0,0,0,0,0
2005,131166,2,1,0,0,0,0,22,0,0,0,0,0
2005,131167,1,1,0,0,0,0,0,0,0,0,0,0
2005,131167,2,1,0,0,0,0,0,0,0,0,0,0
2005,131168,1,1,22,22,22,22,22,22,22,22,22,22
2005,131169,1,1,0,0,0,0,0,0,0,0,0,0
2005,131169,2,1,0,0,0,0,0,0,0,0,0,0
2005,131170,1,1,8,8,8,8,8,8,8,8,8,8
2005,131171,1,1,19,19,19,19,19,19,19,19,19,19
2005,131171,2,1,0,0,0,0,0,0,0,0,0,0
2005,131172,1,1,0,0,0,0,0,0,0,0,0,0
2005,131172,2,1,0,0,0,0,0,0,0,0,0,0
2005,131173,1,1,0,0,0,0,0,0,0,0,0,0
2005,131174,1,1,12,15,10,0,33,0,0,13,20,11
2005,131175,1,1,0,0,0,0,0,0,0,0,0,0
2005,131175,2,1,0,0,0,0,0,0,0,0,0,0
2005,131175,3,1,0,0,0,0,0,0,0,0,0,0
2005,131176,1,1,0,0,0,0,0,0,0,0,0,0
2005,131177,1,1,15,15,15,15,15,15,15,15,15,15
2005,131178,1,1,0,0,0,0,0,0,0,0,0,0
2005,131179,1,1,2,2,2,2,2,2,2,2,2,2
2005,131180,0,1,0,0,0,0,0,0,0,0,0,0
2005,131180,1,1,0,0,0,0,0,0,0,0,0,0
2005,131181,1,1,0,0,0,0,0,0,0,0,0,0
2005,131181,2,1,0,0,0,0,0,0,0,0,0,0
2005,131181,3,1,0,0,0,0,0,0,0,0,0,0
2005,131182,1,1,0,8,0,15,10,0,21,0,8,24
2005,131183,1,1,0,12,0,0,0,0,0,0,0,0
2005,131184,1,1,0,0,0,0,0,0,0,0,0,0
2005,131184,2,1,0,0,0,0,0,0,0,0,0,0
2005,131184,3,1,0,0,0,0,0,0,0,0,0,0
2005,131185,1,1,0,0,0,0,0,0,0,0,0,0
2005,131185,2,1,0,0,0,0,0,0,0,0,0,0
2005,131185,3,1,0,0,0,0,0,2,0,0,0,0
2005,131186,0,1,0,0,0,0,0,0,0,0,0,0
2005,131186,0,2,0,0,0,0,0,0,0,0,0,0
2005,131186,1,1,31,31,31,31,31,31,31,31,31,31
2005,131187,0,1,0,0,0,0,0,0,0,0,0,0
2005,131187,1,1,0,0,0,0,0,0,0,0,0,0
2005,131188,1,1,0,0,0,0,0,0,0,0,0,0
2005,131188,2,1,0,0,0,0,0,0,0,0,0,0
2005,131189,1,1,0,0,0,0,0,0,0,0,0,0
2005,131189,2,1,0,0,0,0,0,0,0,0,0,0
2005,131190,1,1,0,0,0,0,0,0,0,0,0,0
2005,131191,1,1,0,0,0,0,0,0,0,0,0,0
2005,131192,1,1,0,0,11,4,0,10,0,0,0,0
2005,131193,1,1,0,0,0,0,0,0,0,0,0,0
2005,131193,2,1,0,0,0,0,0,0,0,0,0,0
2005,131193,3,1,0,0,0,0,0,0,0,0,0,0
2005,131194,1,1,0,0,0,0,0,0,0,0,0,0
2005,131194,2,1,0,0,0,0,0,0,0,0,0,0
2005,131195,1,1,25,31,18,10,13,0,19,20,12,13
2005,131195,2,1,0,0,0,0,0,0,0,0,0,0
2005,131195,3,1,0,0,0,0,0,0,0,0,0,0
2005,131196,1,1,0,0,0,0,0,0,0,0,0,0
2005,131197,1,1,0,0,0,0,0,0,0,0,0,0
2005,131197,2,1,0,0,0,0,21,0,0,0,0,0
2005,131198,1,1,15,15,15,15,15,15,15,15,15,15
2005,131199,1,1,0,0,0,0,0,0,0,0,0,0
2005,131200,1,1,0,0,0,0,0,0,0,0,0,0
2005,131200,2,1,0,0,0,0,0,0,0,0,0,0
2005,131201,1,1,0,24,34,17,30,38,15,9,23,14
2005,131202,1,1,0,0,0,0,0,0,0,0,0,0
2005,131202,2,1,0,0,0,0,0,0,0,0,0,0
2005,131202,3,1,0,0,0,0,0,0,0,0,0,0
2005,131202,4,1,0,0,0,0,0,0,0,0,0,0
2005,131203,0,1,0,0,0,0,0,0,0,0,0,0
2005,131203,1,1,0,0,0,0,0,0,0,0,0,0
2005,131203,2,1,0,0,0,0,0,0,0,0,0,0
2005,131204,1,1,0,0,0,11,0,0,8,0,20,0
2005,131204,2,1,0,0,0,0,0,0,0,0,0,0
2005,131204,3,1,0,0,0,0,0,0,0,0,0,0
2005,131205,0,1,0,6,0,0,0,0,0,0,0,0
2005,131205,2,1,0,0,0,10,8,0,0,0,0,0
2005,131206,1,1,0,0,0,0,0,0,0,0,0,0
2005,131206,2,1,0,0,0,0,0,0,0,0,0,0
2005,131206,3,1,0,0,0,0,0,0,0,0,0,0
2005,131207,0,1,0,0,0,0,0,0,0,0,0,0
2005,131207,1,1,0,0,0,0,0,0,0,0,0,0
2005,131208,1,1,0,0,0,0,0,0,0,0,0,0
2005,131209,1,1,21,12,9,0,23,0,14,0,14,24
2005,131210,1,1,0,0,0,0,0,0,0,0,0,0
2005,131211,1,1,0,0,0,0,0,0,0,0,0,0
2005,131211,2,1,0,0,0,0,0,0,0,0,0,0
2005,131212,1,1,0,18,0,9,0,0,0,0,37,15
2005,131212,2,1,0,27,8,0,0,0,0,0,0,0
2005,131213,2,1,0,0,0,0,0,0,0,0,0,0
2005,131214,1,1,7,7,7,7,7,7,7,7,7,7
2005,131215,0,1,0,0,0,0,0,0,0,0,0,0
2005,131215,1,1,0,0,0,0,0,0,0,0,0,0
2005,131216,1,1,0,0,0,0,0,0,0,0,0,0
2005,131216,2,1,0,0,0,0,0,0,0,0,0,0
2005,131217,1,1,0,0,0,0,0,0,0,0,0,0
2005,131217,2,1,0,0,0,0,0,0,0,0,0,0
2005,131218,1,1,0,0,0,0,0,0,0,0,0,0
2005,131218,2,1,0,0,0,0,7,0,0,0,0,0
2005,131219,1,1,0,0,0,0,0,0,0,0,0,0
2005,131219,2,1,0,0,0,0,0,0,0,0,0,0
2005,131220,1,1,9,9,9,9,9,9,9,9,9,9
2005,131220,2,1,13,13,13,13,13,13,13,13,13,13
2005,131221,1,1,6,5,0,11,14,3,18,0,0,0
2005,131221,2,1,0,0,0,0,0,21,0,0,0,0
2005,131222,0,1,0,0,0,0,0,0,0,0,0,0
2005,131222,1,1,0,0,0,0,0,0,0,0,0,0
2005,131223,1,1,3,3,3,3,3,3,3,3,3,3
2005,131224,1,1,0,0,0,0,0,0,0,0,0,0
2005,131225,1,1,0,0,0,0,0,0,0,0,18,0
2005,131226,1,1,8,8,8,8,8,8,8,8,8,8
2005,131227,0,1,0,0,0,0,0,0,0,0,0,0
2005,131227,1,1,0,0,0,0,0,0,0,0,10,15
2005,131228,0,1,0,0,0,0,0,0,0,0,0,0
2005,131228,1,1,0,0,10,0,11,0,0,0,0,21
2005,131229,1,1,19,13,7,25,30,22,16,8,49,18
2005,131230,1,1,0,0,0,0,0,0,0,0,0,0
2005,131230,2,1,0,0,0,0,0,0,0,0,0,0
2005,131231,0,1,0,23,10,0,9,8,0,26,18,16
2005,131231,1,1,0,0,0,0,0,0,0,0,0,0
2005,131231,2,1,0,0,0,0,0,0,0,0,0,0
2005,131232,1,1,14,14,14,14,14,14,14,14,14,14
2005,131232,2,1,0,0,0,0,0,0,0,0,0,0
2005,131233,1,1,0,0,0,0,0,0,0,0,0,0
2005,131233,2,1,0,0,0,0,0,0,0,0,0,0
2005,131233,3,1,0,0,0,0,0,0,0,0,0,0
2005,131234,1,1,0,0,0,0,0,0,0,0,0,0
2005,131234,2,1,0,0,0,0,0,0,0,0,0,0
2005,131235,0,1,0,0,0,0,0,0,0,0,0,0
2005,131235,1,1,0,0,0,0,0,0,0,0,0,0
2005,131236,1,1,20,21,33,15,0,21,12,18,9,0
2005,131236,2,1,0,0,0,0,0,0,0,0,0,0
2005,131237,1,1,17,23,15,0,10,6,7,10,36,5
2005,131238,0,1,0,0,0,0,0,9,0,0,12,0
2005,131238,1,1,14,0,0,0,0,0,0,0,0,0
2005,131239,1,1,20,20,20,20,20,20,20,20,20,20
2005,131239,2,1,0,0,0,0,0,0,0,0,0,0
2005,131239,3,1,0,0,0,0,0,0,0,0,0,0
2005,131240,1,1,0,0,0,0,0,0,0,0,0,0
2005,131240,2,1,0,0,0,0,0,0,0,11,0,0
2005,131241,1,1,0,0,0,3,0,0,0,0,0,0
2005,131241,2,1,0,0,0,0,0,10,0,0,0,0
2005,131242,1,1,0,0,0,0,0,0,0,0,0,0
2005,131242,2,1,0,0,0,0,0,0,0,0,0,0
2005,131243,1,1,19,19,19,19,19,19,19,19,19,19
2005,131244,0,1,0,0,0,0,0,0,0,0,0,0
2005,131244,1,1,0,0,0,0,0,0,0,0,0,0
2005,131245,1,1,17,17,17,17,17,17,17,17,17,17
2005,131246,1,1,26,26,26,26,26,26,26,26,26,26
2005,131246,2,1,0,0,0,0,0,0,0,0,0,0
2005,131247,1,1,0,0,0,0,0,0,0,0,0,0
2005,131247,2,1,0,0,0,0,0,0,0,0,0,0
2005,131248,1,1,0,0,0,0,0,0,0,0,20,0
2005,131248,2,1,0,0,0,0,0,0,0,0,0,0
2005,131249,1,1,0,0,0,0,0,0,0,0,0,0
2005,131249,2,1,0,0,0,0,0,0,0,0,0,0
2005,131249,3,1,0,0,0,0,0,0,0,0,0,0
2005,131250,1,1,0,0,0,0,0,0,0,0,0,0