YEAR,ST_CASE,veh_no,per_no,P1,P2,P3,P4,P5,P6,P7,P8,P9,P10
2005,131251,1,1,0,0,0,0,0,0,0,0,0,0
2005,131251,2,1,0,0,0,0,0,0,0,0,0,0
2005,131252,1,1,0,0,0,0,0,0,0,0,0,0
2005,131252,2,1,0,0,0,0,0,0,0,0,0,0
2005,131252,3,1,0,5,0,0,0,0,0,0,0,0
2005,131252,4,1,0,0,0,0,0,0,0,0,0,0
2005,131252,5,1,0,0,0,0,0,0,0,0,0,0
2005,131253,1,1,24,24,24,24,24,24,24,24,24,24
2005,131254,1,1,7,0,0,0,0,0,0,0,0,0
2005,131254,2,1,0,2,0,0,0,0,0,0,0,0
2005,131254,3,1,0,0,0,0,0,0,0,0,0,0
2005,131255,1,1,11,11,11,11,11,11,11,11,11,11
2005,131256,1,1,10,0,29,0,0,0,26,26,3,6
2005,131256,2,1,0,0,12,0,0,0,0,9,4,0
2005,131257,1,1,14,24,0,0,0,16,17,23,0,30
2005,131258,1,1,0,0,0,0,0,0,0,0,0,0
2005,131259,1,1,0,0,0,0,12,0,0,0,0,0
2005,131259,2,1,0,0,0,0,0,0,0,0,0,0
2005,131260,1,1,0,0,0,0,0,0,12,0,0,0
2005,131260,2,1,0,0,0,0,0,0,0,0,0,0
2005,131261,1,1,0,0,0,0,0,0,0,0,0,0
2005,131261,2,1,0,0,0,0,0,0,0,0,0,0
2005,131262,1,1,0,0,0,0,0,0,0,0,0,0
2005,131262,2,1,7,24,18,0,4,11,2,0,4,4
2005,131263,1,1,5,5,5,5,5,5,5,5,5,5
2005,131263,2,1,0,0,0,0,0,0,0,0,0,0
2005,131264,0,1,0,0,26,0,0,0,0,0,0,0
2005,131264,1,1,0,0,0,0,0,0,0,0,0,0
2005,131265,1,1,0,0,0,0,0,0,0,0,0,0
2005,131265,2,1,0,0,19,0,0,0,12,0,0,0
2005,131265,3,1,14,26,21,17,7,7,12,26,6,6
2005,131266,1,1,0,0,0,0,0,9,18,0,3,0
2005,131266,2,1,0,0,0,0,0,0,2,0,0,0
2005,131267,1,1,0,0,0,19,0,0,0,0,0,0
2005,131267,2,1,0,0,0,0,0,0,0,0,0,0
2005,131268,1,1,15,15,15,15,15,15,15,15,15,15
2005,131268,2,1,0,0,0,0,0,0,0,0,0,0
2005,131269,1,1,0,0,0,0,0,0,0,0,0,0
2005,131270,1,1,0,0,0,0,0,0,0,0,0,0
2005,131270,2,1,0,0,0,0,0,0,0,0,0,0
2005,131270,3,1,0,0,0,0,0,0,0,0,0,0
2005,131270,4,1,0,0,0,0,0,0,0,0,0,0
2005,131271,0,1,19,19,19,19,19,19,19,19,19,19
2005,131271,1,1,0,0,0,0,0,0,0,0,0,0
2005,131272,1,1,0,0,0,0,0,0,0,0,0,0
2005,131273,1,1,0,0,0,0,0,0,0,0,0,0
2005,131273,2,1,0,0,0,0,0,0,0,0,0,0
2005,131274,1,1,0,0,0,0,0,0,0,0,0,0
2005,131274,2,1,0,0,0,0,0,0,0,0,0,0
2005,131274,3,1,0,0,0,0,0,0,0,10,0,0
2005,131275,1,1,0,0,0,0,0,0,0,0,0,0
2005,131276,1,1,0,0,0,0,0,0,0,0,0,0
2005,131277,1,1,0,0,0,0,0,0,0,0,0,0
2005,131277,2,1,0,0,0,0,0,0,0,0,0,0
2005,131278,1,1,0,10,16,24,0,0,11,18,0,0
2005,131279,1,1,0,0,0,0,0,20,0,0,0,0
2005,131280,1,1,0,0,0,0,0,0,0,0,0,0
2005,131281,1,1,0,13,0,13,9,24,0,0,0,18
2005,131282,1,1,31,31,31,31,31,31,31,31,31,31
2005,131282,2,1,0,0,0,0,0,0,0,0,0,0
2005,131283,1,1,0,16,33,0,0,16,0,0,0,7
2005,131284,1,1,24,24,24,24,24,24,24,24,24,24
2005,131285,1,1,18,18,18,18,18,18,18,18,18,18
2005,131286,1,1,17,17,17,17,17,17,17,17,17,17
2005,131287,1,1,0,0,0,0,0,0,0,3,0,0
2005,131288,1,1,22,6,18,19,28,18,16,8,0,10
2005,131289,1,1,14,14,14,14,14,14,14,14,14,14
2005,131289,2,1,0,0,0,0,0,0,0,0,0,0
2005,131290,1,1,0,0,0,0,0,0,0,0,0,0
2005,131290,2,1,0,0,0,0,8,0,0,0,0,7
2005,131291,1,1,0,0,0,0,0,0,0,11,0,0
2005,131292,1,1,3,3,3,3,3,3,3,3,3,3
2005,131293,1,1,0,0,0,0,0,0,0,0,10,0
2005,131294,1,1,8,8,8,8,8,8,8,8,8,8
2005,131295,1,1,0,0,0,0,0,0,0,0,0,0
2005,131296,1,1,0,0,0,0,0,0,0,0,0,19
2005,131297,1,1,0,0,0,0,0,0,0,0,0,0
2005,131297,2,1,0,8,21,0,0,0,3,0,0,0
2005,131297,3,1,0,0,0,0,0,0,11,0,0,0
2005,131298,1,1,12,0,0,0,0,0,0,0,0,0
2005,131298,2,1,8,0,0,12,0,31,0,0,14,0
2005,131299,1,1,0,0,0,0,0,0,0,0,0,0
2005,131299,2,1,0,0,0,0,0,0,0,0,5,0
2005,131300,1,1,0,0,0,0,0,0,0,0,0,0
2005,131301,0,1,0,0,0,0,0,0,0,0,0,0
2005,131301,1,1,0,0,0,0,0,0,0,0,0,0
2005,131302,1,1,0,0,0,0,0,0,0,0,0,0
2005,131302,2,1,0,0,0,0,0,0,0,0,0,0
2005,131303,1,1,0,0,0,0,0,0,0,0,0,0
2005,131304,1,1,0,0,0,0,0,0,0,0,0,0
2005,131304,2,1,0,0,0,0,0,0,0,0,0,0
2005,131304,3,1,0,0,0,0,0,0,0,0,0,0
2005,131305,1,1,0,0,0,0,0,5,0,12,0,0
2005,131305,2,1,0,0,0,0,0,0,0,0,0,0
2005,131306,1,1,0,0,0,0,0,0,0,0,0,0
2005,131306,2,1,0,0,0,0,0,0,0,0,0,0
2005,131307,1,1,0,0,0,0,0,0,0,0,0,0
2005,131307,2,1,0,0,0,0,0,0,0,0,0,0
2005,131308,1,1,0,0,0,13,0,15,12,0,0,0
2005,131309,1,1,0,0,0,0,0,0,0,0,0,0
2005,131309,2,1,0,0,0,0,0,0,0,0,0,0
2005,131309,3,1,0,0,0,0,0,0,0,0,0,0
2005,131310,0,1,0,0,0,0,0,0,0,0,0,0
2005,131310,1,1,0,0,0,0,2,0,0,0,0,0
2005,131311,1,1,0,0,0,0,0,0,0,0,0,0
2005,131311,2,1,0,0,0,0,6,12,0,0,18,11
2005,131312,1,1,0,0,0,0,0,0,0,0,0,0
2005,131312,2,1,0,0,0,0,0,0,0,0,0,0
2005,131312,3,1,0,0,0,0,0,0,0,0,0,0
2005,131312,4,1,0,0,0,0,0,0,0,0,0,0
2005,131312,5,1,0,0,0,0,0,0,0,0,0,0
2005,131312,6,1,0,0,0,0,0,0,0,0,0,0
2005,131313,1,1,0,0,21,19,0,0,0,0,0,0
2005,131314,1,1,29,29,29,29,29,29,29,29,29,29
2005,131315,1,1,0,0,0,0,0,0,0,0,0,0
2005,131316,1,1,0,0,0,0,0,0,0,28,0,0
2005,131317,1,1,13,0,24,0,8,20,20,29,30,18
2005,131318,1,1,0,0,0,0,0,0,0,0,0,0
2005,131318,2,1,0,0,0,0,0,0,0,0,0,0
2005,131319,1,1,0,0,0,0,0,0,0,0,0,0
2005,131319,2,1,0,0,0,0,0,0,0,0,0,0
2005,131320,1,1,0,0,0,0,0,0,0,0,0,0
2005,131321,1,1,0,0,0,0,0,0,0,0,0,0
2005,131321,2,1,0,0,0,0,0,0,0,0,0,0
2005,131322,0,1,17,0,0,0,0,15,0,0,0,0
2005,131322,1,1,0,0,23,0,0,0,0,0,0,0
2005,131323,1,1,6,6,6,6,6,6,6,6,6,6
2005,131324,1,1,0,0,0,0,0,0,0,0,0,0
2005,131324,2,1,0,0,0,0,9,0,0,30,8,0
2005,131325,1,1,0,0,0,0,0,0,0,0,0,0
2005,131325,2,1,20,0,0,0,0,0,0,0,0,0
2005,131326,0,1,0,0,0,0,0,0,0,0,0,0
2005,131326,1,1,0,0,0,0,0,0,0,0,0,0
2005,131327,1,1,0,0,0,0,0,0,18,0,0,0
2005,131328,1,1,0,0,0,0,0,0,0,0,0,0
2005,131328,2,1,0,0,0,0,0,0,0,0,0,0
2005,131329,1,1,0,0,0,0,8,0,0,11,0,0
2005,131330,1,1,0,0,0,0,0,0,0,0,0,0
2005,131331,0,1,18,23,19,21,36,37,0,21,15,17
2005,131331,1,1,0,0,0,0,0,0,0,0,0,0
2005,131332,1,1,0,0,0,0,0,0,0,0,0,0
2005,131332,2,1,0,0,0,0,0,0,0,0,0,0
2005,131333,1,1,0,0,0,0,16,0,0,0,0,0
2005,131334,1,1,28,28,28,28,28,28,28,28,28,28
2005,131335,1,1,0,0,0,0,0,0,0,0,0,0
2005,131335,2,1,0,0,0,0,4,0,0,0,0,0
2005,131336,1,1,26,26,26,26,26,26,26,26,26,26
2005,131337,1,1,0,0,0,0,0,0,0,0,0,0
2005,131337,2,1,0,0,0,0,0,0,0,0,0,0
2005,131338,0,1,0,0,0,0,0,0,0,0,0,0
2005,131338,0,2,0,0,0,0,0,0,0,0,0,0
2005,131338,0,3,31,15,0,0,25,0,15,13,0,6
2005,131338,1,1,0,0,0,0,0,0,0,0,0,0
2005,131339,1,1,0,0,0,0,9,0,0,17,0,0
2005,131340,1,1,0,0,0,0,0,0,0,0,0,0
2005,131341,1,1,0,0,0,0,13,0,0,0,0,0
2005,131342,1,1,11,0,0,0,0,11,0,0,0,0
2005,131342,2,1,0,0,0,0,0,0,0,0,0,0
2005,131342,3,1,0,0,0,0,0,0,0,0,0,0
2005,131343,1,1,0,0,0,0,0,0,0,0,0,0
2005,131343,2,1,0,0,0,0,0,0,0,0,0,0
2005,131343,3,1,0,0,0,0,0,0,0,0,0,0
2005,131343,4,1,0,0,0,0,0,0,0,0,0,0
2005,131344,1,1,0,0,0,0,0,0,0,0,0,0
2005,131344,2,1,0,0,0,0,0,0,0,0,0,0
2005,131345,1,1,0,0,0,0,0,0,0,0,0,0
2005,131346,1,1,15,15,15,15,15,15,15,15,15,15
2005,131347,1,1,21,16,19,17,17,18,13,13,32,16
2005,131348,1,1,0,0,0,0,0,0,0,0,0,0
2005,131348,2,1,0,0,0,0,0,0,0,0,0,0
2005,131349,1,1,0,0,0,0,0,0,0,0,0,0
2005,131350,0,1,0,3,10,0,0,0,0,0,0,0
2005,131350,1,1,0,0,0,0,0,0,0,0,0,0
2005,131351,1,1,23,23,23,23,23,23,23,23,23,23
2005,131351,2,1,0,0,11,0,0,0,0,0,0,0
2005,131352,1,1,0,0,0,0,0,0,0,0,0,0
2005,131352,2,1,0,0,0,0,0,0,0,0,0,0
2005,131353,1,1,0,0,0,0,0,0,0,0,0,0
2005,131353,2,1,0,0,0,0,0,0,0,0,0,0
2005,131354,1,1,16,10,13,0,0,26,0,14,25,18
2005,131354,2,1,0,0,0,0,0,0,0,0,0,0
2005,131355,0,1,0,0,0,0,41,0,21,0,0,0
2005,131355,1,1,0,0,0,0,4,0,0,0,0,0
2005,131356,1,1,0,0,0,0,0,0,0,0,0,0
2005,131356,2,1,0,0,13,0,0,0,0,0,9,0
2005,131357,1,1,0,0,0,0,0,0,0,0,0,0
2005,131358,1,1,0,21,0,0,0,0,17,0,0,0
2005,131359,1,1,0,0,0,0,0,0,0,0,0,0
2005,131359,2,1,0,0,0,0,0,0,0,0,0,0
2005,131359,3,1,0,0,0,0,0,0,0,0,0,0
2005,131359,4,1,0,0,0,0,0,0,0,0,0,0
2005,131360,1,1,0,0,0,0,0,0,0,0,0,0
2005,131361,1,1,17,17,17,17,17,17,17,17,17,17
2005,131362,1,1,0,24,0,0,0,0,0,0,14,0
2005,131363,1,1,0,0,0,0,0,0,0,0,0,0
2005,131363,2,1,0,0,0,0,0,0,0,0,0,0
2005,131363,3,1,0,0,0,0,0,0,0,0,0,0
2005,131364,1,1,0,0,0,0,0,0,0,0,0,0
2005,131364,2,1,0,15,0,0,0,0,0,0,0,0
2005,131365,0,1,12,12,12,12,12,12,12,12,12,12
2005,131365,1,1,0,0,0,13,16,0,3,0,10,20
2005,131366,1,1,0,0,0,0,0,0,0,0,0,0
2005,131366,2,1,0,0,0,0,0,0,0,0,0,0
2005,131367,0,1,3,0,12,0,0,0,0,0,0,0
2005,131367,1,1,13,0,0,0,0,0,0,0,0,0
2005,131368,0,1,0,0,0,0,0,0,0,0,0,0
2005,131368,1,1,13,0,0,0,0,0,0,0,0,0
2005,131369,1,1,27,27,27,27,27,27,27,27,27,27
2005,131370,1,1,20,20,20,20,20,20,20,20,20,20
2005,131371,1,1,0,0,0,0,0,0,0,0,0,0
2005,131371,2,1,0,0,0,0,0,0,0,0,0,0
2005,131372,1,1,0,0,15,0,0,0,0,0,0,0
2005,131373,1,1,12,19,0,0,12,20,0,0,3,0
2005,131374,0,1,0,0,0,12,0,0,0,0,0,0
2005,131374,1,1,8,16,9,0,0,12,0,0,0,0
2005,131375,1,1,0,0,0,0,24,0,0,0,0,0
2005,131376,0,1,0,0,0,0,0,0,0,0,0,0
2005,131376,1,1,0,0,0,0,0,0,0,0,0,0
2005,131377,1,1,0,0,0,0,0,0,0,0,0,0
2005,131378,1,1,0,0,0,0,0,0,0,0,0,0
2005,131379,1,1,0,15,10,15,22,30,12,25,12,23
2005,131380,1,1,11,11,11,11,11,11,11,11,11,11
2005,131381,1,1,18,18,18,18,18,18,18,18,18,18
2005,131381,2,1,0,0,0,0,0,0,0,0,0,0
2005,131382,1,1,8,5,0,0,0,7,15,0,0,19
2005,131382,2,1,0,0,0,8,0,0,0,0,0,0
2005,131383,1,1,21,54,0,13,10,0,25,0,0,0
2005,131384,1,1,0,0,0,0,0,0,0,0,0,0
2005,131385,1,1,0,0,0,0,0,0,0,0,0,0
2005,131386,1,1,24,24,24,24,24,24,24,24,24,24
2005,131387,1,1,0,0,0,0,0,0,0,0,0,0
2005,131387,2,1,0,0,0,0,0,0,0,0,0,0
2005,131388,0,1,0,0,0,0,0,0,0,0,0,0
2005,131388,1,1,0,0,0,0,0,0,0,0,0,0
2005,131389,1,1,21,21,21,21,21,21,21,21,21,21
2005,131390,1,1,0,0,0,0,0,0,0,0,0,0
2005,131390,2,1,0,0,0,0,0,0,0,0,0,0
2005,131391,1,1,28,28,28,28,28,28,28,28,28,28
2005,131391,2,1,0,0,0,0,0,0,0,0,0,0
2005,131392,0,1,0,0,0,0,0,0,0,0,0,0
2005,131392,1,1,0,0,0,0,0,0,0,0,0,0
2005,131393,1,1,0,0,0,0,0,0,0,0,0,0
2005,131393,2,1,0,0,0,0,0,0,0,0,0,0
2005,131394,1,1,0,0,0,0,0,0,0,0,0,0
2005,131395,1,1,0,0,18,0,27,0,0,0,0,0
2005,131395,2,1,0,0,0,0,0,0,0,0,0,0
2005,131396,0,1,40,40,40,40,40,40,40,40,40,40
2005,131396,1,1,9,21,12,10,0,38,7,9,12,22
2005,131397,1,1,0,0,0,0,0,0,0,0,0,0
2005,131398,1,1,8,8,8,8,8,8,8,8,8,8
2005,131399,1,1,0,0,0,0,0,0,0,0,0,0
2005,131400,1,1,0,0,0,0,0,0,0,0,0,0
2005,131400,2,1,0,0,0,0,0,0,8,0,7,0
2005,131401,1,1,0,0,0,0,0,0,0,0,0,0
2005,131401,2,1,0,0,0,0,0,0,0,0,0,0
2005,131402,1,1,0,0,0,0,0,0,0,0,0,0
2005,131402,2,1,0,0,0,0,0,10,0,0,0,0
2005,131403,1,1,16,16,16,16,16,16,16,16,16,16
2005,131404,1,1,27,27,27,27,27,27,27,27,27,27
2005,131405,1,1,23,0,0,20,0,14,0,0,10,0
2005,131405,2,1,0,0,0,0,0,0,0,0,0,0
2005,131406,1,1,0,0,0,0,0,0,0,0,0,0
2005,131407,1,1,29,29,29,29,29,29,29,29,29,29
2005,131408,1,1,0,0,0,0,0,0,0,0,0,0
2005,131408,2,1,0,0,0,0,0,0,0,0,0,0
2005,131409,1,1,0,0,0,0,0,0,0,0,0,34
2005,131410,1,1,21,21,21,21,21,21,21,21,21,21
2005,131411,1,1,0,0,0,0,0,0,0,0,0,0
2005,131412,1,1,0,0,0,0,0,0,0,0,0,0
2005,131412,2,1,0,0,0,0,0,0,0,0,0,0
2005,131413,1,1,5,5,5,5,5,5,5,5,5,5
2005,131414,1,1,0,0,0,0,0,0,0,0,0,0
2005,131414,2,1,0,0,0,0,0,0,0,0,0,0
2005,131415,1,1,0,0,0,0,0,0,0,0,0,0
2005,131416,1,1,0,0,0,0,0,0,0,0,0,0
2005,131416,2,1,13,0,0,0,0,25,7,0,15,0
2005,131416,3,1,0,0,0,0,0,0,0,0,0,0
2005,131417,1,1,0,0,0,0,0,0,0,0,0,0
2005,131417,2,1,0,0,0,0,0,0,0,0,0,0
2005,131418,1,1,0,24,0,0,0,0,30,16,0,0
2005,131419,1,1,33,9,18,14,24,18,24,18,6,27
2005,131420,0,1,0,0,0,0,0,0,0,0,0,0
2005,131420,1,1,0,0,0,0,0,0,0,38,0,0
2005,131421,1,1,0,0,0,0,0,0,0,0,0,0
2005,131422,1,1,10,10,10,10,10,10,10,10,10,10
2005,131423,1,1,9,9,9,9,9,9,9,9,9,9
2005,131424,1,1,7,0,0,0,0,12,26,0,11,0
2005,131425,1,1,0,0,0,0,0,0,0,0,0,0
2005,131425,2,1,0,0,0,0,0,0,0,0,0,0
2005,131426,1,1,2,2,2,2,2,2,2,2,2,2
2005,131426,2,1,0,0,0,0,0,0,0,0,0,0
2005,131427,1,1,0,0,0,0,0,0,0,0,0,0
2005,131427,2,1,0,0,0,0,0,0,0,0,0,0
2005,131428,1,1,0,0,0,0,0,0,0,0,0,0
2005,131429,1,1,0,0,0,0,0,13,0,0,0,0
2005,131429,2,1,0,0,0,0,0,0,0,0,0,0
2005,131429,3,1,0,0,0,0,0,0,0,0,0,0
2005,131430,0,1,0,0,0,0,0,0,0,0,0,0
2005,131430,1,1,0,0,0,0,0,0,0,0,0,0
2005,131431,1,1,0,0,0,0,0,0,0,0,14,0
2005,131432,1,1,23,23,23,23,23,23,23,23,23,23
2005,131433,1,1,0,0,0,0,0,0,0,0,0,6
2005,131433,2,1,13,13,13,13,13,13,13,13,13,13
2005,131434,1,1,31,10,11,23,46,23,9,26,26,23
2005,131435,1,1,0,0,0,0,0,0,0,0,0,0
2005,131435,2,1,0,0,0,0,0,0,0,0,0,0
2005,131436,1,1,0,0,0,0,0,0,0,0,0,0
2005,131437,1,1,0,0,0,0,0,0,0,0,0,0
2005,131438,1,1,0,0,0,0,0,0,0,0,0,0
2005,131438,2,1,0,0,0,0,0,0,0,0,0,0
2005,131439,1,1,0,0,0,0,0,0,0,0,30,0
2005,131440,1,1,0,0,0,0,0,0,0,0,0,0
2005,131441,1,1,0,0,0,0,0,0,0,0,0,0
2005,131442,1,1,0,0,0,0,0,0,0,0,0,0
2005,131442,2,1,0,0,0,0,0,0,0,0,0,0
2005,131442,3,1,0,0,0,0,0,0,0,0,0,0
2005,131443,1,1,0,0,0,0,0,0,0,0,0,0
2005,131444,1,1,15,15,15,15,15,15,15,15,15,15
2005,131445,1,1,28,25,28,0,13,0,18,12,11,0
2005,131446,1,1,0,0,0,0,0,0,0,0,0,0
2005,131446,2,1,0,0,0,0,0,0,0,0,0,0
2005,131447,1,1,0,17,0,0,0,0,7,0,0,18
2005,131447,2,1,0,0,0,0,0,0,0,0,0,0
2005,131448,1,1,0,0,0,0,15,0,13,0,11,0
2005,131448,2,1,0,0,0,0,0,0,0,0,0,0
2005,131449,1,1,0,0,0,0,0,0,0,0,0,0
2005,131449,2,1,0,0,0,0,0,9,0,0,0,0
2005,131450,1,1,0,0,31,8,44,12,0,12,18,0
2005,131451,1,1,0,0,0,0,0,0,0,0,0,0
2005,131451,2,1,0,0,0,0,0,0,7,0,0,0
2005,131452,1,1,0,0,0,0,0,0,13,3,0,0
2005,131452,2,1,0,0,0,0,0,0,0,0,0,5
2005,131453,1,1,10,0,0,6,0,0,0,0,0,0
2005,131454,1,1,18,18,18,18,18,18,18,18,18,18
2005,131454,2,1,0,0,0,0,0,0,0,0,0,0
2005,131455,1,1,0,0,0,0,0,0,0,0,0,0
2005,131455,2,1,0,0,0,0,0,0,0,0,0,0
2005,131456,0,1,20,20,20,20,20,20,20,20,20,20
2005,131456,1,1,0,0,0,0,0,0,0,0,0,0
2005,131457,0,1,22,23,24,0,8,0,0,33,13,32
2005,131457,1,1,0,0,0,0,0,0,0,0,0,0
2005,131458,1,1,0,0,8,0,0,0,0,0,0,0
2005,131459,0,1,0,25,0,0,0,11,14,0,0,0
2005,131459,1,1,0,0,0,0,0,15,0,0,0,0
2005,131460,1,1,0,0,0,0,0,0,0,0,0,0
2005,131460,2,1,0,0,0,0,16,0,0,0,0,0
2005,131461,1,1,0,0,0,0,0,0,0,0,0,0
2005,131462,0,1,0,0,0,0,0,0,0,0,0,0
2005,131462,1,1,0,0,0,0,0,0,0,0,0,0
2005,131463,1,1,0,0,0,0,0,0,0,0,0,0
2005,131463,2,1,0,0,0,0,0,0,0,0,14,0
2005,131464,1,1,0,0,0,0,0,0,0,0,0,0
2005,131464,2,1,0,0,0,0,0,0,0,0,0,0
2005,131465,1,1,0,0,0,0,0,0,0,0,0,0
2005,131465,2,1,0,0,0,0,0,0,0,0,0,0
2005,131466,1,1,3,3,3,3,3,3,3,3,3,3
2005,131467,1,1,0,0,14,0,0,0,0,0,0,0
2005,131468,1,1,0,0,0,0,0,0,0,0,0,0
2005,131468,2,1,0,0,0,0,0,0,0,0,0,0
2005,131468,3,1,0,0,0,0,0,0,0,0,0,0
2005,131468,4,1,0,0,0,0,0,0,0,0,0,0
2005,131468,5,1,0,0,0,0,0,0,0,0,0,0
2005,131469,1,1,0,0,0,0,0,0,19,0,0,0
2005,131469,2,1,0,0,0,0,0,0,0,0,0,0
2005,131470,1,1,0,0,0,0,0,0,0,0,0,0
2005,131470,2,1,0,0,0,0,0,0,0,0,0,0
2005,131470,3,1,0,0,0,0,0,0,0,0,0,0
2005,131471,0,1,0,0,0,0,0,0,0,33,23,0
2005,131471,1,1,0,0,14,0,0,0,0,0,0,0
2005,131472,1,1,6,6,6,6,6,6,6,6,6,6
2005,131473,0,1,17,17,17,17,17,17,17,17,17,17
2005,131473,1,1,10,10,10,10,10,10,10,10,10,10
2005,131474,1,1,0,0,0,0,0,0,0,0,0,0
2005,131474,2,1,0,0,0,0,0,0,0,0,0,0
2005,131475,1,1,0,18,0,10,19,17,0,0,8,0
2005,131475,2,1,0,0,0,0,0,0,0,0,0,0
2005,131476,1,1,0,0,0,0,0,0,0,0,0,0
2005,131477,0,1,0,0,0,0,0,0,0,0,0,0
2005,131477,1,1,11,0,0,0,13,0,0,0,0,0
2005,131478,1,1,0,0,0,0,0,0,0,0,0,0
2005,131478,2,1,0,0,0,0,0,0,0,0,15,0
2005,131479,1,1,0,0,0,0,0,0,0,0,0,0
2005,131480,1,1,8,0,0,23,0,0,0,0,0,18
2005,131480,2,1,6,6,6,6,6,6,6,6,6,6
2005,131480,3,1,0,0,0,0,0,0,0,0,13,0
2005,131481,1,1,0,0,0,0,0,0,0,0,0,0
2005,131481,2,1,0,0,0,0,0,0,0,0,0,0
2005,131482,1,1,6,13,33,14,22,14,0,25,15,27
2005,131483,1,1,0,0,0,0,0,0,0,0,0,0
2005,131483,2,1,0,0,0,0,0,0,0,0,0,0
2005,131484,0,1,0,0,0,0,0,0,0,0,0,0
2005,131484,1,1,0,0,0,0,0,0,0,0,0,0
2005,131485,1,1,0,0,0,0,0,0,0,0,14,0
2005,131485,2,1,14,14,14,14,14,14,14,14,14,14
2005,131486,1,1,18,18,18,18,18,18,18,18,18,18
2005,131486,2,1,0,0,0,0,0,0,0,0,0,0
2005,131486,3,1,0,0,0,0,0,0,18,0,0,0
2005,131487,1,1,0,0,0,0,0,0,0,0,0,12
2005,131487,2,1,0,0,0,0,0,0,0,0,0,0
2005,131488,1,1,21,28,0,0,0,18,0,0,14,0
2005,131489,1,1,0,0,0,0,0,0,0,0,0,0
2005,131489,2,1,0,0,0,0,0,0,0,0,0,0
2005,131490,1,1,17,17,17,17,17,17,17,17,17,17
2005,131490,2,1,0,0,0,0,0,0,0,0,10,0
2005,131491,1,1,28,26,14,15,16,0,8,36,0,5
2005,131492,1,1,0,0,0,0,0,0,0,0,0,0
2005,131492,2,1,0,0,0,0,0,0,0,0,0,0
2005,131493,1,1,9,14,0,7,0,26,30,9,19,34
2005,131494,1,1,0,11,17,5,14,15,17,14,19,16
2005,131495,1,1,0,0,0,0,0,0,0,0,0,0
2005,131495,2,1,0,0,0,0,0,0,0,0,0,0
2005,131496,1,1,26,30,18,5,32,21,21,11,17,16
2005,131497,1,1,0,0,0,0,0,0,0,0,0,0
2005,131497,2,1,0,0,0,0,0,0,0,0,0,0
2005,131498,1,1,0,0,0,0,0,0,0,0,0,0
2005,131499,0,1,23,23,23,23,23,23,23,23,23,23
2005,131499,1,1,0,0,0,0,0,0,0,0,0,0
2005,131500,1,1,0,0,0,0,0,0,0,0,0,0
2005,131500,2,1,0,0,0,0,0,0,0,0,0,0
2005,131501,1,1,0,0,0,0,0,0,0,0,20,0
2005,131501,2,1,0,0,0,0,0,0,0,0,0,0
2005,131502,1,1,0,0,0,0,0,0,0,0,0,0
2005,131502,2,1,0,0,0,0,0,0,0,0,0,0
2005,131503,1,1,12,0,0,0,18,0,0,0,0,0
2005,131503,2,1,0,0,0,0,0,0,0,0,0,0
2005,131504,1,1,0,0,0,0,0,0,0,0,0,0
2005,131504,2,1,0,0,0,0,0,0,0,0,0,0
2005,131504,3,1,0,0,0,0,0,0,0,0,0,0
2005,131505,1,1,0,0,0,0,0,0,0,0,0,0
2005,131505,2,1,0,0,0,0,0,0,0,2,0,0
2005,131506,1,1,0,0,0,0,0,8,0,0,0,0
2005,131507,1,1,0,0,0,0,0,0,0,0,0,0
2005,131507,2,1,0,0,0,0,0,0,0,0,0,0
2005,131508,1,1,0,0,0,0,0,0,0,0,0,0
2005,131508,2,1,0,10,0,0,0,0,0,0,0,0
2005,131508,3,1,0,0,0,0,0,0,0,0,0,0
2005,131509,0,1,0,0,11,0,5,0,0,0,23,0
2005,131509,1,1,5,0,29,17,0,3,0,0,28,0
2005,131510,1,1,0,0,0,14,6,0,0,0,13,6
2005,131511,1,1,0,7,29,0,12,10,40,12,10,0
2005,131512,0,1,0,0,0,0,0,0,0,0,0,0
2005,131512,1,1,0,0,0,0,0,0,0,0,0,0
2005,131513,1,1,0,0,0,0,0,0,0,0,0,0
2005,131514,1,1,0,0,0,0,0,0,0,0,0,0
2005,131514,2,1,0,0,0,0,0,0,0,0,0,0
2005,131514,3,1,0,0,0,0,0,0,0,0,0,0
2005,131515,1,1,0,0,0,0,0,0,0,0,0,0
2005,131515,2,1,0,0,0,0,0,0,0,0,0,0
2005,131516,1,1,0,0,0,0,0,0,0,0,0,0
2005,131516,2,1,0,0,0,0,0,0,0,0,0,0
2005,131517,1,1,18,18,18,18,18,18,18,18,18,18
2005,131517,2,1,0,0,0,0,0,0,0,0,0,0
2005,131518,1,1,0,0,0,0,0,0,0,0,0,0
2005,131518,2,1,9,0,0,26,0,30,0,0,0,0
2005,131518,3,1,0,0,0,0,0,0,0,0,6,0
2005,131518,4,1,0,0,0,0,0,0,0,0,0,0
2005,131518,5,1,0,0,0,0,0,0,0,0,0,0
2005,131519,0,1,0,10,0,0,31,22,15,0,18,0
2005,131519,1,1,0,0,0,0,15,0,16,0,10,7
2005,131520,1,1,0,0,0,0,14,0,0,0,0,0
2005,131520,2,1,0,0,0,0,0,0,0,0,0,0
2005,131521,1,1,6,0,0,0,16,0,0,16,0,17
2005,131522,1,1,0,0,0,0,0,0,0,0,0,0
2005,131523,1,1,0,0,0,0,0,0,0,0,0,0
2005,131523,2,1,0,0,0,0,0,0,0,0,0,0
2005,131524,1,1,0,0,0,0,0,0,0,0,0,0
2005,131524,2,1,0,0,0,0,0,0,0,0,0,0