YEAR,ST_CASE,veh_no,per_no,P1,P2,P3,P4,P5,P6,P7,P8,P9,P10
2005,131525,1,1,10,10,10,10,10,10,10,10,10,10
2005,131526,0,1,12,0,23,0,0,0,0,0,0,0
2005,131526,1,1,0,0,0,0,0,0,0,0,0,0
2005,131527,1,1,0,0,0,0,0,0,0,0,0,0
2005,131527,2,1,0,0,0,0,0,0,0,0,0,0
2005,131527,3,1,0,0,0,0,0,0,0,0,0,0
2005,131528,0,1,0,0,0,0,0,0,0,0,0,0
2005,131528,1,1,0,0,0,0,0,0,0,0,0,0
2005,131529,1,1,0,8,0,0,0,0,10,0,0,0
2005,131530,1,1,0,0,0,0,25,0,0,0,0,0
2005,131530,2,1,0,0,0,0,0,0,0,0,0,0
2005,131531,1,1,0,0,0,0,0,0,0,0,0,0
2005,131531,2,1,0,0,0,0,0,0,0,0,0,0
2005,131532,1,1,24,24,24,24,24,24,24,24,24,24
2005,131533,0,1,0,0,0,0,0,0,0,0,0,0
2005,131533,1,1,0,0,0,0,0,0,0,0,0,0
2005,131534,0,1,9,9,22,18,31,17,19,0,17,0
2005,131534,1,1,0,0,0,4,0,0,0,0,0,0
2005,131535,1,1,13,13,13,13,13,13,13,13,13,13
2005,131536,1,1,0,0,0,0,0,0,0,0,0,0
2005,131537,1,1,0,0,0,4,0,0,0,0,0,0
2005,131537,2,1,0,0,0,0,0,0,0,0,0,0
2005,131538,0,1,11,0,0,4,0,0,18,0,0,0
2005,131538,1,1,0,0,0,0,0,0,0,0,0,0
2005,131538,2,1,0,0,0,0,0,0,0,0,0,0
2005,131539,1,1,12,12,12,12,12,12,12,12,12,12
2005,131539,2,1,22,16,0,0,0,0,0,0,10,0
2005,131540,1,1,0,0,0,0,0,0,0,0,0,0
2005,131540,2,1,0,0,0,0,0,0,0,0,0,11
2005,131541,1,1,18,0,0,14,0,0,0,16,0,0
2005,131542,1,1,0,0,0,0,0,0,0,0,0,0
2005,131542,2,1,0,0,0,0,0,0,0,0,0,0
2005,131543,1,1,0,0,0,0,0,0,0,0,0,0
2005,131543,2,1,0,0,0,0,0,0,0,0,0,0
2005,131544,1,1,0,0,0,0,0,0,20,0,0,0
2005,131545,1,1,13,10,20,24,18,23,12,28,9,20
2005,131546,1,1,19,19,19,19,19,19,19,19,19,19
2005,131547,1,1,0,0,0,0,0,0,0,0,0,0
2005,131547,2,1,0,0,0,0,0,0,0,0,0,0
2005,131547,3,1,0,0,0,0,0,0,0,0,0,0
2005,131548,1,1,0,0,0,0,0,0,0,9,0,0
2005,131548,2,1,0,0,0,0,0,0,0,0,0,0
2005,131549,1,1,28,28,28,28,28,28,28,28,28,28
2005,131549,2,1,0,0,0,0,0,0,0,0,0,0
2005,131550,1,1,0,0,0,0,0,0,0,0,0,0
2005,131550,2,1,0,0,0,0,0,0,0,0,0,0
2005,131551,1,1,0,0,0,0,0,0,0,16,0,0
2005,131551,2,1,0,0,0,0,0,0,0,0,0,0
2005,131552,0,1,0,0,0,0,0,0,0,0,0,0
2005,131552,1,1,0,0,0,0,0,0,0,0,0,0
2005,131553,1,1,0,0,0,0,11,0,0,0,0,0
2005,131553,2,1,0,0,0,0,0,0,0,0,0,0
2005,131553,3,1,9,8,10,20,4,17,13,0,23,17
2005,131554,1,1,19,13,11,0,0,0,0,0,0,14
2005,131555,1,1,0,0,0,0,0,0,0,0,0,0
2005,131555,2,1,0,0,0,0,0,0,0,0,0,0
2005,131556,1,1,17,17,17,17,17,17,17,17,17,17
2005,131557,1,1,11,19,0,0,0,0,0,13,0,0
2005,131557,2,1,0,0,0,0,0,0,13,0,0,0
2005,131557,3,1,0,0,0,0,0,0,0,0,7,0
2005,131558,1,1,25,25,25,25,25,25,25,25,25,25
2005,131559,1,1,7,0,0,0,0,0,0,0,24,0
2005,131560,1,1,0,0,0,0,0,0,0,0,5,0
2005,131561,1,1,0,0,0,0,0,0,0,0,0,20
2005,131562,1,1,0,0,0,0,0,0,0,0,0,0
2005,131562,2,1,0,0,0,0,0,0,0,0,0,0
2005,131563,1,1,0,0,0,0,0,0,0,0,0,0
2005,131564,1,1,29,29,29,29,29,29,29,29,29,29
2005,131565,1,1,0,0,0,9,0,13,17,12,0,21
2005,131566,1,1,0,0,0,0,0,0,0,0,0,0
2005,131566,2,1,0,0,0,0,0,0,0,0,0,0
2005,131567,1,1,0,0,0,0,0,0,0,0,0,0
2005,131567,2,1,0,0,0,0,0,9,0,0,0,0
2005,131568,1,1,0,0,0,16,0,0,0,0,0,12
2005,131569,1,1,0,0,0,0,0,0,11,0,0,0
2005,131570,1,1,0,0,0,0,0,0,0,0,0,0
2005,131570,2,1,0,0,0,0,0,0,0,0,0,0
2005,131571,0,1,0,17,18,12,0,0,19,0,0,24
2005,131571,1,1,0,0,0,0,0,0,0,0,0,0
2005,131572,0,1,0,0,0,0,0,0,0,0,0,0
2005,131572,1,1,30,0,3,0,0,12,0,30,0,0
2005,131573,0,1,0,0,0,0,0,0,0,0,0,0
2005,131573,1,1,0,0,0,0,0,0,0,0,0,0
2005,131574,1,1,0,0,0,0,0,0,0,0,0,0
2005,131574,2,1,0,0,0,0,0,0,0,0,0,0
2005,131575,1,1,0,0,0,0,0,0,0,0,0,0
2005,131575,2,1,0,0,0,0,0,0,0,0,0,0
2005,131576,1,1,0,0,0,0,0,8,0,0,0,0
2005,131576,2,1,0,0,0,0,0,0,0,0,0,0
2005,131577,1,1,0,0,0,0,0,0,0,0,0,0
2005,131578,1,1,23,41,0,4,0,0,13,20,12,0
2005,131578,2,1,0,0,0,0,0,0,0,0,0,0
2005,131579,0,1,0,0,0,0,0,0,4,0,0,0
2005,131579,1,1,25,0,0,0,0,8,0,0,18,0
2005,131580,1,1,16,9,24,0,32,20,18,25,14,29
2005,131581,1,1,10,0,0,13,0,0,0,0,2,0
2005,131582,1,1,0,0,0,0,0,0,0,0,0,0
2005,131582,2,1,0,0,0,0,0,0,0,0,0,0
2005,131583,1,1,0,0,0,0,0,0,0,0,0,0
2005,131584,0,1,11,0,0,0,0,0,11,0,0,5
2005,131584,1,1,13,0,19,0,0,0,22,0,0,0
2005,131585,1,1,0,0,0,0,0,0,0,0,0,0
2005,131585,2,1,0,0,0,0,0,0,0,0,0,0
2005,150001,1,1,0,0,0,0,0,0,0,0,0,0
2005,150002,0,1,0,0,0,0,0,0,0,0,0,0
2005,150002,1,1,14,14,14,14,14,14,14,14,14,14
2005,150003,1,1,1,1,1,1,1,1,1,1,1,1
2005,150003,2,1,14,14,14,14,14,14,14,14,14,14
2005,150004,1,1,9,9,9,9,9,9,9,9,9,9
2005,150005,0,1,0,0,0,0,0,0,0,0,0,0
2005,150005,1,1,0,0,0,0,0,0,0,0,0,0
2005,150006,1,1,2,2,2,2,2,2,2,2,2,2
2005,150007,1,1,2,2,2,2,2,2,2,2,2,2
2005,150007,2,1,0,0,0,0,0,0,0,0,0,0
2005,150008,0,1,0,0,0,0,0,0,0,0,0,0
2005,150008,1,1,0,0,0,0,0,0,0,0,0,0
2005,150009,1,1,8,8,8,8,8,8,8,8,8,8
2005,150010,0,1,17,17,17,17,17,17,17,17,17,17
2005,150010,1,1,0,0,0,0,0,0,0,0,0,0
2005,150011,1,1,17,17,17,17,17,17,17,17,17,17
2005,150012,1,1,0,0,0,0,0,0,0,0,0,0
2005,150013,0,1,0,0,0,0,0,0,0,0,0,0
2005,150013,1,1,0,0,0,0,0,0,0,0,0,0
2005,150014,0,1,0,0,0,0,0,0,0,0,0,0
2005,150014,1,1,0,0,0,27,27,22,0,0,10,24
2005,150015,1,1,17,17,17,17,17,17,17,17,17,17
2005,150016,1,1,24,24,24,24,24,24,24,24,24,24
2005,150017,0,1,0,0,0,0,0,0,0,0,0,0
2005,150017,1,1,0,0,0,0,0,0,0,0,0,0
2005,150018,0,1,24,24,24,24,24,24,24,24,24,24
2005,150018,1,1,11,0,0,0,0,2,0,0,4,0
2005,150019,1,1,0,0,0,0,0,0,0,0,0,0
2005,150019,2,1,0,0,0,0,0,0,0,0,0,0
2005,150020,1,1,0,15,0,0,0,0,0,0,0,0
2005,150020,2,3,0,0,0,0,0,0,0,0,0,0
2005,150021,0,1,0,0,0,0,0,0,0,0,0,0
2005,150021,1,1,0,0,0,0,0,0,0,0,0,0
2005,150022,1,1,18,18,18,18,18,18,18,18,18,18
2005,150023,1,1,0,0,0,0,0,0,0,0,0,0
2005,150024,1,1,12,12,12,12,12,12,12,12,12,12
2005,150025,1,1,0,0,0,0,0,0,0,0,0,0
2005,150025,2,1,0,0,0,0,0,0,0,0,0,0
2005,150026,1,1,2,2,2,2,2,2,2,2,2,2
2005,150026,2,1,0,0,0,0,0,0,0,0,0,0
2005,150027,1,1,0,0,0,0,0,0,8,0,0,0
2005,150027,2,1,0,0,0,0,0,0,0,0,0,0
2005,150028,1,1,0,0,0,0,0,0,0,0,0,0
2005,150029,1,1,31,31,31,31,31,31,31,31,31,31
2005,150029,2,1,0,0,0,0,0,0,0,0,0,0
2005,150029,3,1,0,0,0,0,0,0,0,0,0,0
2005,150029,4,1,0,0,0,0,0,0,0,0,22,0
2005,150030,0,1,0,0,0,0,0,0,0,0,0,0
2005,150030,1,1,0,0,0,0,0,0,0,0,0,0
2005,150031,1,1,19,19,19,19,19,19,19,19,19,19
2005,150031,2,1,5,5,5,5,5,5,5,5,5,5
2005,150031,3,1,21,33,0,0,0,0,17,0,0,0
2005,150032,1,1,14,14,14,14,14,14,14,14,14,14
2005,150032,2,1,0,0,0,0,0,0,0,0,0,0
2005,150033,0,1,0,0,0,0,0,0,0,0,0,0
2005,150033,1,1,8,24,0,11,0,15,14,17,0,15
2005,150034,1,1,17,17,17,17,17,17,17,17,17,17
2005,150034,2,1,0,0,0,0,0,0,0,0,0,0
2005,150035,1,1,3,3,3,3,3,3,3,3,3,3
2005,150036,1,1,28,28,28,28,28,28,28,28,28,28
2005,150036,2,1,0,0,0,0,0,0,0,0,0,0
2005,150037,1,1,39,39,39,39,39,39,39,39,39,39
2005,150037,2,1,0,0,0,0,0,0,0,0,0,0
2005,150037,3,1,0,0,0,0,0,0,0,0,0,0
2005,150038,0,1,32,32,32,32,32,32,32,32,32,32
2005,150038,1,1,11,0,0,12,0,0,17,0,14,0
2005,150039,0,1,16,16,16,16,16,16,16,16,16,16
2005,150039,1,1,11,11,11,11,11,11,11,11,11,11
2005,150040,0,1,24,24,24,24,24,24,24,24,24,24
2005,150040,1,1,8,8,8,8,8,8,8,8,8,8
2005,150041,1,1,0,0,0,0,0,0,0,0,0,0
2005,150041,2,1,0,0,0,0,0,0,0,0,0,0
2005,150042,0,1,0,33,13,0,35,34,0,34,16,26
2005,150042,1,1,25,25,25,25,25,25,25,25,25,25
2005,150043,1,1,15,15,15,15,15,15,15,15,15,15
2005,150043,2,1,0,0,0,0,0,0,0,0,0,0
2005,150044,1,1,10,10,10,10,10,10,10,10,10,10
2005,150045,0,1,0,0,0,0,0,0,0,0,0,0
2005,150045,1,1,0,10,0,0,0,0,0,0,0,0
2005,150046,0,1,0,0,0,0,0,0,0,0,0,0
2005,150047,1,1,16,16,16,16,16,16,16,16,16,16
2005,150048,0,1,0,0,0,0,0,0,0,0,0,0
2005,150048,1,1,0,0,0,0,0,0,0,0,0,0
2005,150049,1,1,15,15,15,15,15,15,15,15,15,15
2005,150050,1,1,0,0,0,0,0,0,0,0,0,0
2005,150050,2,1,0,0,0,9,0,0,0,0,0,0
2005,150051,1,1,11,11,11,11,11,11,11,11,11,11
2005,150052,1,1,13,13,13,13,13,13,13,13,13,13
2005,150053,1,1,15,15,15,15,15,15,15,15,15,15
2005,150053,2,1,0,0,0,0,0,0,0,0,0,0
2005,150054,1,1,0,0,0,0,0,0,0,0,0,0
2005,150054,2,1,0,0,0,0,0,0,0,0,0,0
2005,150055,1,1,0,0,0,0,0,0,0,0,0,0
2005,150055,2,1,0,0,0,0,0,0,0,0,0,0
2005,150056,1,1,0,0,0,0,0,0,0,0,0,0
2005,150056,2,1,0,0,0,0,0,0,0,0,0,0
2005,150057,1,1,0,0,0,0,0,0,0,0,0,0
2005,150058,1,1,0,0,0,0,0,0,0,0,0,0
2005,150059,1,1,28,28,28,28,28,28,28,28,28,28
2005,150060,0,1,0,0,0,0,0,0,0,0,0,0
2005,150060,1,1,0,0,6,0,0,0,0,0,0,0
2005,150061,1,1,0,0,0,0,0,0,0,0,0,0
2005,150062,0,1,0,0,0,0,0,0,0,0,0,0
2005,150062,1,1,0,0,0,0,0,0,0,0,0,0
2005,150063,1,1,0,0,0,0,0,25,0,0,0,0
2005,150063,2,1,1,1,1,1,1,1,1,1,1,1
2005,150064,1,1,4,4,4,4,4,4,4,4,4,4
2005,150065,1,1,20,20,20,20,20,20,20,20,20,20
2005,150066,1,1,0,0,0,0,0,0,0,0,0,0
2005,150066,2,1,0,0,0,0,0,0,0,0,0,0
2005,150067,1,1,14,14,14,14,14,14,14,14,14,14
2005,150068,0,1,0,0,0,0,0,0,0,0,0,0
2005,150068,1,1,0,0,0,8,0,0,0,0,0,0
2005,150069,0,1,0,0,0,0,0,0,0,0,0,0
2005,150069,1,1,8,6,14,28,0,24,11,0,0,0
2005,150070,0,1,19,19,19,19,19,19,19,19,19,19
2005,150070,1,1,0,0,0,0,0,0,0,0,0,0
2005,150071,0,1,0,0,0,0,0,0,0,0,0,0
2005,150071,1,1,0,0,0,0,0,0,0,0,0,0
2005,150072,1,1,0,0,0,0,0,0,0,0,0,0
2005,150073,1,1,0,0,0,0,0,0,0,0,0,0
2005,150073,2,1,0,0,0,0,0,0,0,0,0,0
2005,150074,0,1,0,0,0,0,0,0,0,0,0,0
2005,150074,1,1,0,0,0,0,0,0,0,0,0,0
2005,150075,0,1,0,0,0,0,0,0,0,0,0,0
2005,150075,1,1,0,0,0,0,0,0,0,0,0,0
2005,150076,1,1,0,0,0,0,0,0,0,0,0,0
2005,150076,2,1,0,0,0,0,0,0,0,0,0,0
2005,150078,1,1,6,6,6,6,6,6,6,6,6,6
2005,150078,2,1,12,0,0,0,18,11,18,0,0,5
2005,150079,1,1,16,16,16,16,16,16,16,16,16,16
2005,150079,2,1,0,0,0,0,0,0,0,0,0,0
2005,150080,0,1,0,0,0,0,0,0,0,0,0,0
2005,150080,1,1,0,0,0,0,0,0,0,0,0,0
2005,150081,1,1,0,0,0,0,0,0,0,0,0,0
2005,150081,2,1,0,0,0,0,0,0,0,24,0,0
2005,150082,1,1,0,0,0,0,0,0,0,0,0,0
2005,150082,2,1,0,0,0,0,0,0,0,11,0,0
2005,150083,1,1,19,19,19,19,19,19,19,19,19,19
2005,150084,1,1,6,6,6,6,6,6,6,6,6,6
2005,150085,1,1,0,0,0,0,0,0,0,0,0,0
2005,150085,2,1,0,0,0,0,0,0,0,0,0,0
2005,150086,1,1,23,23,23,23,23,23,23,23,23,23
2005,150086,2,1,0,0,0,0,0,0,0,0,0,0
2005,150087,1,1,14,14,14,14,14,14,14,14,14,14
2005,150087,2,1,0,0,0,0,0,0,0,0,0,0
2005,150088,1,1,0,0,0,0,0,0,0,0,0,0
2005,150088,2,1,0,0,0,0,0,0,0,0,0,0
2005,150089,1,1,11,11,11,11,11,11,11,11,11,11
2005,150090,1,1,0,0,0,0,0,0,0,0,0,0
2005,150091,0,1,0,0,0,0,0,0,0,0,0,0
2005,150091,1,1,16,0,0,0,0,0,0,0,0,0
2005,150092,1,1,5,5,5,5,5,5,5,5,5,5
2005,150092,2,1,0,0,0,0,0,0,0,0,0,0
2005,150093,0,1,0,0,0,0,0,0,0,0,0,0
2005,150093,1,1,0,0,0,0,0,0,0,0,0,0
2005,150094,0,1,12,12,12,12,12,12,12,12,12,12
2005,150094,1,1,0,0,33,12,11,0,0,9,0,0
2005,150095,0,1,0,0,0,0,0,0,0,0,0,0
2005,150095,1,1,0,5,2,0,0,0,0,0,0,25
2005,150096,1,1,18,18,18,18,18,18,18,18,18,18
2005,150097,1,1,0,0,0,0,0,0,0,0,0,0
2005,150097,2,1,0,0,0,0,0,0,0,0,0,0
2005,150098,0,1,25,25,25,25,25,25,25,25,25,25
2005,150098,1,1,0,0,0,0,0,0,0,0,0,0
2005,150099,0,1,0,0,0,0,0,0,0,0,0,0
2005,150099,1,1,0,0,0,0,0,0,22,0,5,0
2005,150100,1,1,8,10,21,39,20,0,32,20,0,13
2005,150101,0,1,0,0,0,0,0,0,0,0,0,0
2005,150101,1,1,0,33,0,0,0,0,0,0,0,13
2005,150102,1,1,0,0,0,0,0,0,0,0,0,0
2005,150102,2,1,0,0,0,0,0,0,0,0,0,0
2005,150103,1,1,27,27,27,27,27,27,27,27,27,27
2005,150104,0,1,0,0,0,0,0,0,0,0,0,0
2005,150104,1,1,0,0,0,0,0,0,0,0,0,0
2005,150105,1,1,0,0,0,0,0,0,0,0,0,0
2005,150106,1,1,0,0,0,0,0,0,0,0,0,0
2005,150107,1,1,43,43,43,43,43,43,43,43,43,43
2005,150107,2,1,0,0,0,0,0,0,0,0,0,0
2005,150108,1,1,0,0,0,0,0,0,0,0,0,0
2005,150108,2,1,0,0,0,0,0,0,0,0,0,0
2005,150109,1,1,0,0,0,0,0,0,0,0,0,0
2005,150110,1,1,17,17,17,17,17,17,17,17,17,17
2005,150111,1,1,22,22,22,22,22,22,22,22,22,22
2005,150112,1,1,31,31,31,31,31,31,31,31,31,31
2005,150112,2,1,0,0,0,0,0,0,0,0,0,0
2005,150112,3,1,0,0,9,0,0,0,0,0,0,0
2005,150112,4,1,0,0,0,0,0,0,0,0,0,0
2005,150113,1,1,0,0,0,0,0,0,0,0,0,0
2005,150113,2,1,0,0,0,0,0,0,0,0,0,0
2005,150114,0,1,0,0,7,0,40,17,18,26,0,0
2005,150114,1,1,4,0,0,0,0,0,0,0,0,0
2005,150115,1,1,0,0,0,0,0,0,0,0,0,0
2005,150115,2,1,0,0,0,0,0,0,0,0,0,0
2005,150116,0,1,0,0,0,0,0,0,0,0,0,0
2005,150116,1,1,0,0,0,0,0,0,0,0,0,0
2005,150117,1,1,20,20,20,20,20,20,20,20,20,20
2005,150118,1,1,0,0,0,0,0,0,0,0,0,0
2005,150119,1,1,0,0,0,0,0,0,0,0,0,0
2005,150119,2,1,0,0,0,0,0,0,0,0,0,0
2005,150120,1,1,21,21,21,21,21,21,21,21,21,21
2005,150121,1,1,0,0,35,0,0,0,0,0,0,11
2005,150122,1,1,21,21,21,21,21,21,21,21,21,21
2005,150123,1,1,32,32,32,32,32,32,32,32,32,32
2005,150123,2,1,0,0,0,0,0,0,0,0,0,0
2005,150124,1,1,0,0,0,0,0,0,0,0,0,0
2005,150125,0,1,0,0,0,0,0,0,0,0,0,0
2005,150125,1,1,0,0,0,0,0,0,0,0,0,0
2005,150126,1,1,0,0,0,0,0,0,0,0,0,0
2005,150127,0,1,0,0,0,0,0,0,0,0,0,0
2005,150127,1,1,0,0,0,0,0,0,0,0,0,0
2005,150128,1,1,14,14,14,14,14,14,14,14,14,14
2005,150129,1,1,0,0,0,0,0,0,0,0,0,0
2005,150130,0,1,0,0,0,0,0,0,0,0,0,0
2005,150130,1,1,0,0,0,0,0,0,0,0,0,0
2005,160001,1,1,0,0,0,0,0,0,0,0,0,0
2005,160002,1,1,15,15,15,15,15,15,15,15,15,15
2005,160003,1,1,0,0,0,0,0,0,0,0,0,0
2005,160004,1,1,0,0,0,0,0,0,0,0,0,0
2005,160004,2,1,0,0,0,0,0,0,0,0,0,0
2005,160005,1,1,0,0,0,0,0,0,0,0,0,0
2005,160006,1,1,29,29,29,29,29,29,29,29,29,29
2005,160007,1,1,0,0,0,0,0,0,0,0,0,0
2005,160007,2,1,0,0,0,0,0,0,0,0,0,0
2005,160007,3,1,0,0,0,0,0,0,0,0,0,0
2005,160008,1,1,8,8,8,8,8,8,8,8,8,8
2005,160009,1,1,0,0,0,0,0,0,0,0,0,0
2005,160009,2,1,0,0,0,16,0,0,0,0,0,0
2005,160010,1,1,23,23,23,23,23,23,23,23,23,23
2005,160011,1,1,0,0,0,0,0,0,0,0,0,0
2005,160011,2,1,0,0,0,0,0,0,0,0,0,0
2005,160012,1,1,0,0,0,0,0,0,0,0,0,0
2005,160013,1,1,0,0,0,0,0,0,0,0,0,0
2005,160013,2,1,0,0,0,0,0,0,0,0,0,0
2005,160014,0,1,0,0,0,0,0,0,0,0,0,0
2005,160014,1,1,0,0,0,0,0,0,0,0,0,0
2005,160015,0,1,0,0,0,0,0,0,0,0,0,0
2005,160015,1,1,0,0,0,0,0,0,0,0,0,0
2005,160016,1,1,0,0,0,0,0,0,0,0,0,0
2005,160017,1,1,15,20,14,15,17,0,0,0,0,0
2005,160018,1,1,12,12,12,12,12,12,12,12,12,12
2005,160019,0,1,0,0,0,0,0,0,0,0,0,0
2005,160019,1,1,0,0,0,0,0,0,0,0,0,0
2005,160020,1,1,0,0,0,0,0,0,0,0,0,0
2005,160021,1,1,0,0,0,0,0,0,0,0,0,0
2005,160022,1,1,18,18,18,18,18,18,18,18,18,18
2005,160023,1,1,0,0,0,0,0,0,0,0,0,0
2005,160023,2,1,10,0,0,0,0,0,0,0,0,0
2005,160024,1,1,0,0,0,0,0,0,0,0,0,0
2005,160025,1,1,0,0,0,0,0,0,0,0,0,0
2005,160026,1,1,12,25,7,6,8,9,25,17,24,12
2005,160026,2,1,0,0,0,0,0,0,0,0,0,0
2005,160027,1,1,0,0,0,0,0,0,0,0,0,0
2005,160028,1,1,0,0,27,0,0,0,0,14,0,24
2005,160029,1,1,0,0,0,0,0,0,0,0,0,0
2005,160029,2,1,0,0,0,0,0,0,0,0,0,0
2005,160030,1,1,0,0,0,0,0,0,0,0,0,0
2005,160030,2,1,0,0,0,0,0,0,0,0,0,0
2005,160031,1,1,0,0,0,0,0,0,0,0,0,0
2005,160032,1,1,0,0,0,0,0,0,0,0,0,0
2005,160032,2,1,0,0,0,0,0,0,0,0,0,0
2005,160032,3,1,12,0,0,0,22,0,0,0,0,0
2005,160033,1,1,0,0,0,0,0,0,0,0,0,0
2005,160033,2,1,0,0,0,0,0,0,0,0,0,0
2005,160034,0,1,0,0,0,0,0,0,0,0,0,0
2005,160034,1,1,8,8,8,8,8,8,8,8,8,8
2005,160035,1,1,0,0,0,0,0,0,0,0,0,0
2005,160035,2,1,0,0,0,0,0,0,0,0,0,0
2005,160036,1,1,0,0,0,0,0,0,0,0,0,0
2005,160036,2,1,0,0,0,0,0,0,0,0,0,0
2005,160037,1,1,0,0,0,0,0,0,0,0,0,0
2005,160037,2,1,0,0,0,0,0,0,0,0,0,0
2005,160038,1,1,9,9,9,9,9,9,9,9,9,9
2005,160039,1,1,0,0,0,0,0,0,0,0,0,0
2005,160039,2,1,0,0,0,0,0,0,0,0,0,0
2005,160040,1,1,14,9,20,11,0,16,0,0,0,0
2005,160041,1,1,0,0,0,0,0,0,0,0,0,0
2005,160041,2,1,0,0,0,0,0,0,0,8,0,3
2005,160042,1,1,0,0,0,0,0,0,0,0,0,0
2005,160042,2,1,0,0,0,0,0,0,0,0,0,0
2005,160043,1,1,25,25,25,25,25,25,25,25,25,25
2005,160044,1,1,0,0,0,0,0,0,0,0,0,0
2005,160045,1,1,0,0,6,0,0,0,0,0,0,0
2005,160045,2,1,0,0,0,0,0,0,0,0,0,0
2005,160046,1,1,26,26,26,26,26,26,26,26,26,26
2005,160047,1,1,0,0,0,0,0,0,0,0,0,0
2005,160047,2,1,0,0,0,0,0,0,0,0,0,0
2005,160048,1,1,0,5,0,0,0,0,13,0,0,0
2005,160049,1,1,0,0,0,0,0,0,0,0,0,0
2005,160050,1,1,0,0,0,0,0,0,0,0,0,0
2005,160051,1,1,0,0,0,0,9,19,0,14,0,0
2005,160052,1,1,0,0,0,0,12,0,0,0,12,0
2005,160053,1,1,14,16,11,11,29,13,36,11,19,23
2005,160054,1,1,0,0,0,0,0,0,0,0,0,0
2005,160054,2,1,0,0,0,0,0,0,0,0,0,0
2005,160055,1,1,0,0,0,0,0,0,0,0,0,0
2005,160056,1,1,0,0,0,0,0,0,0,0,0,0
2005,160057,1,1,0,0,0,0,0,0,0,0,0,0
2005,160057,2,1,0,0,0,0,0,0,0,0,0,0
2005,160057,3,1,0,0,0,0,0,0,0,0,0,0
2005,160058,1,1,0,0,0,0,0,0,0,0,0,0
2005,160058,2,1,0,0,0,0,0,0,0,0,0,0
2005,160059,1,1,0,0,0,0,0,0,0,0,0,0
2005,160059,2,1,0,16,0,0,0,0,0,0,0,0
2005,160060,1,1,0,0,0,0,0,0,0,0,0,0
2005,160061,1,1,0,0,0,0,12,0,0,0,0,0
2005,160061,2,1,0,0,0,0,0,0,0,0,0,0
2005,160061,3,1,0,0,0,0,0,0,0,0,0,0
2005,160062,1,1,32,15,5,0,0,5,33,13,27,10
2005,160063,1,1,0,0,0,0,0,0,0,0,0,0
2005,160064,1,1,28,28,28,28,28,28,28,28,28,28
2005,160064,2,1,0,0,0,0,0,0,0,0,0,0
2005,160065,1,1,0,0,0,0,0,0,0,0,0,0
2005,160065,2,1,0,0,0,0,0,0,0,0,0,0
2005,160066,1,1,0,0,0,0,0,12,0,0,41,0
2005,160066,2,1,0,0,0,0,0,0,0,0,0,0
2005,160067,1,1,0,0,0,0,0,0,0,0,0,0
2005,160067,2,1,0,0,0,0,0,0,0,0,0,0
2005,160068,1,1,0,0,0,0,0,0,0,0,0,0
2005,160069,1,1,0,0,0,0,0,0,0,18,0,0
2005,160069,2,1,0,0,0,0,0,0,0,0,0,0
2005,160070,1,1,0,0,0,0,0,0,0,0,0,0
2005,160070,2,1,0,0,0,0,0,0,0,0,0,0
2005,160071,1,1,0,0,0,0,0,0,0,0,0,0
2005,160072,1,1,13,13,13,13,13,13,13,13,13,13
2005,160073,1,1,22,22,22,22,22,22,22,22,22,22
2005,160074,1,1,15,15,15,15,15,15,15,15,15,15
2005,160074,2,1,9,9,9,9,9,9,9,9,9,9
2005,160075,1,1,0,0,0,0,0,0,15,0,0,0
2005,160076,1,1,0,0,0,0,0,0,0,0,0,0
2005,160077,1,1,20,20,20,20,20,20,20,20,20,20
2005,160078,1,1,13,13,13,13,13,13,13,13,13,13
2005,160079,1,1,12,12,12,12,12,12,12,12,12,12
2005,160080,1,1,0,0,0,0,0,0,0,0,0,0
2005,160081,1,1,0,0,0,0,17,0,0,0,0,0
2005,160082,1,1,0,0,0,0,0,0,0,0,0,0
2005,160082,2,1,0,0,0,0,0,0,0,0,0,0
2005,160083,1,1,13,13,13,13,13,13,13,13,13,13
2005,160084,1,1,0,0,0,0,0,0,0,0,0,0
2005,160085,1,1,0,0,0,0,0,0,0,0,0,0
2005,160085,2,1,10,0,0,0,0,11,0,0,0,0
2005,160086,1,1,18,18,18,18,18,18,18,18,18,18
2005,160087,1,1,0,0,0,0,0,0,0,0,0,0
2005,160087,2,1,0,0,0,0,0,0,0,0,0,0
2005,160087,3,1,0,0,0,0,0,0,0,0,0,0
2005,160088,1,1,0,0,0,0,0,0,0,0,0,0
2005,160089,0,1,0,0,0,0,0,0,0,0,0,0
2005,160089,1,1,0,0,0,0,0,0,0,0,0,0
2005,160090,1,1,0,0,0,0,0,0,0,0,0,0
2005,160091,1,1,18,18,18,18,18,18,18,18,18,18
2005,160092,1,1,0,0,0,0,0,11,12,0,0,0
2005,160092,2,1,0,0,0,0,0,0,0,0,0,0
2005,160093,1,1,10,10,10,10,10,10,10,10,10,10
2005,160093,2,1,0,16,0,0,14,0,3,0,0,0
2005,160094,1,1,0,0,0,0,0,0,0,0,0,0
2005,160095,1,1,11,11,11,11,11,11,11,11,11,11
2005,160096,1,1,0,0,0,0,0,0,0,0,0,0