YEAR,ST_CASE,veh_no,per_no,P1,P2,P3,P4,P5,P6,P7,P8,P9,P10
2005,160096,2,1,0,0,0,0,0,0,0,0,0,0
2005,160097,1,1,0,0,0,0,0,0,0,0,0,0
2005,160097,2,1,0,0,0,0,0,0,0,0,0,0
2005,160098,1,1,0,0,0,0,0,0,19,16,0,14
2005,160099,1,1,0,0,0,0,0,0,0,0,11,0
2005,160099,2,1,0,0,0,0,0,0,0,0,0,0
2005,160100,1,1,0,0,0,0,0,0,0,0,0,0
2005,160100,2,1,0,0,0,0,0,0,0,0,0,0
2005,160101,1,1,3,3,3,3,3,3,3,3,3,3
2005,160102,1,1,0,0,0,0,0,0,0,0,0,0
2005,160103,1,1,0,0,0,0,0,0,0,0,0,0
2005,160104,1,1,0,0,0,0,0,0,0,0,0,0
2005,160104,2,1,0,0,0,0,0,0,0,0,0,0
2005,160105,1,1,25,25,25,25,25,25,25,25,25,25
2005,160106,1,1,0,0,0,0,0,0,0,0,0,0
2005,160106,2,1,0,0,0,0,0,0,0,0,0,0
2005,160107,1,1,0,0,0,0,0,0,0,0,0,0
2005,160108,1,1,0,0,0,0,0,0,0,0,0,0
2005,160109,1,1,14,14,14,14,14,14,14,14,14,14
2005,160109,2,1,0,0,0,0,0,0,0,0,0,0
2005,160110,1,1,23,23,23,23,23,23,23,23,23,23
2005,160111,1,1,0,0,0,0,0,0,0,0,0,0
2005,160111,2,1,13,0,0,0,0,5,0,0,0,0
2005,160111,3,1,0,0,0,0,0,0,0,0,0,0
2005,160112,1,1,0,0,0,0,0,0,0,0,0,0
2005,160112,2,1,0,0,0,0,0,0,0,0,0,0
2005,160113,1,1,33,14,15,25,8,11,9,14,12,4
2005,160113,2,1,0,0,0,0,19,0,18,6,0,0
2005,160114,1,1,33,33,33,33,33,33,33,33,33,33
2005,160114,2,1,0,0,0,0,0,0,0,0,0,0
2005,160115,1,1,29,29,29,29,29,29,29,29,29,29
2005,160116,1,1,0,0,0,0,0,0,0,0,0,0
2005,160117,1,1,19,19,19,19,19,19,19,19,19,19
2005,160118,1,1,0,0,0,0,0,0,0,0,0,0
2005,160118,2,1,9,9,9,9,9,9,9,9,9,9
2005,160119,1,1,28,28,28,28,28,28,28,28,28,28
2005,160120,1,1,28,28,28,28,28,28,28,28,28,28
2005,160121,1,1,0,0,0,0,0,0,0,0,0,0
2005,160121,2,1,0,0,0,0,0,0,0,0,0,0
2005,160121,3,1,0,0,0,0,0,0,0,0,0,0
2005,160122,1,1,2,2,2,2,2,2,2,2,2,2
2005,160123,1,1,0,0,0,0,0,0,0,0,0,0
2005,160123,2,1,0,0,0,0,0,0,0,0,0,0
2005,160124,1,1,31,31,31,31,31,31,31,31,31,31
2005,160125,1,1,0,0,0,0,0,0,0,0,0,0
2005,160126,1,1,10,10,10,10,10,10,10,10,10,10
2005,160127,1,1,28,28,28,28,28,28,28,28,28,28
2005,160128,1,1,0,0,0,0,0,0,0,0,0,0
2005,160129,1,1,0,0,0,0,0,0,0,0,0,0
2005,160129,2,1,0,0,0,0,0,7,0,0,0,0
2005,160130,1,1,0,0,0,0,15,6,0,0,0,0
2005,160131,1,1,0,0,0,0,0,0,0,0,0,0
2005,160132,1,1,0,0,0,0,0,0,0,0,0,0
2005,160132,2,1,0,0,0,0,0,0,0,0,0,0
2005,160133,1,1,0,0,0,0,0,0,0,0,0,0
2005,160134,1,1,34,34,34,34,34,34,34,34,34,34
2005,160135,1,1,0,0,0,0,0,0,0,0,0,0
2005,160136,1,1,0,0,0,6,0,0,0,0,0,0
2005,160136,2,1,0,0,0,0,0,0,0,0,0,0
2005,160137,1,1,0,0,0,0,0,0,0,0,0,0
2005,160137,2,1,0,0,0,0,0,0,0,0,0,0
2005,160138,1,1,0,0,0,0,0,0,0,0,0,0
2005,160139,1,1,0,0,0,0,0,0,0,0,0,0
2005,160140,1,1,33,33,33,33,33,33,33,33,33,33
2005,160141,1,1,11,11,11,11,11,11,11,11,11,11
2005,160142,1,1,16,16,16,16,16,16,16,16,16,16
2005,160142,2,1,0,3,0,3,5,0,7,0,10,0
2005,160143,1,1,15,0,0,25,0,0,0,0,0,0
2005,160144,1,1,0,0,0,0,0,3,0,0,0,0
2005,160144,2,1,0,0,0,0,0,0,0,0,0,0
2005,160145,1,1,3,12,0,0,16,23,0,23,0,2
2005,160146,1,1,0,0,0,0,0,0,0,0,0,0
2005,160147,1,1,0,0,0,0,0,0,0,0,0,0
2005,160147,2,1,0,0,0,0,0,0,0,0,0,0
2005,160147,3,1,0,0,0,0,0,0,0,0,0,0
2005,160148,1,1,0,0,0,0,0,0,0,0,0,0
2005,160149,1,1,0,0,0,0,0,0,0,0,0,0
2005,160150,1,1,0,0,0,0,0,0,0,0,0,0
2005,160150,2,1,0,0,26,0,0,0,0,0,0,24
2005,160151,1,1,23,17,15,39,18,33,8,28,27,16
2005,160152,1,1,9,9,9,9,9,9,9,9,9,9
2005,160153,0,1,0,0,0,0,0,0,0,0,0,0
2005,160153,1,1,0,0,0,0,0,0,0,0,0,0
2005,160154,1,1,0,0,0,0,0,0,0,0,0,0
2005,160155,0,1,0,0,0,0,0,0,0,0,0,0
2005,160155,1,1,0,0,0,0,0,0,0,0,0,0
2005,160156,1,1,0,0,0,0,0,0,0,0,0,0
2005,160157,1,1,0,0,0,0,0,0,0,0,0,0
2005,160158,1,1,24,24,24,24,24,24,24,24,24,24
2005,160159,1,1,0,0,0,0,0,0,0,0,0,0
2005,160159,2,1,0,0,0,0,0,0,0,0,0,0
2005,160160,1,1,0,0,0,0,0,0,0,0,0,0
2005,160160,2,1,0,0,0,0,0,0,0,0,0,0
2005,160161,1,1,0,0,0,0,0,0,0,0,0,0
2005,160162,0,1,0,0,0,0,0,0,0,0,0,0
2005,160162,1,1,0,0,0,0,0,0,0,0,0,0
2005,160163,1,1,29,29,29,29,29,29,29,29,29,29
2005,160164,1,1,0,0,0,0,26,0,0,0,0,17
2005,160165,1,1,0,0,0,0,0,0,0,0,0,0
2005,160166,1,1,0,0,0,0,0,0,0,0,0,0
2005,160166,2,1,0,0,0,0,0,0,0,0,0,0
2005,160167,1,1,11,11,11,11,11,11,11,11,11,11
2005,160168,1,1,0,0,0,0,0,0,0,0,0,0
2005,160169,1,1,0,0,0,0,0,0,0,0,0,0
2005,160170,1,1,19,0,0,0,0,0,0,0,13,0
2005,160171,1,1,13,13,13,13,13,13,13,13,13,13
2005,160172,0,1,0,0,0,0,0,0,0,0,0,0
2005,160172,1,1,0,0,0,0,0,0,0,0,0,0
2005,160173,1,1,0,0,0,0,0,0,0,0,0,0
2005,160173,2,1,0,0,0,0,0,0,0,0,0,0
2005,160174,1,1,0,0,0,0,0,0,0,0,0,0
2005,160174,2,1,0,0,0,0,0,0,0,0,0,0
2005,160175,1,1,0,0,29,21,18,0,0,0,0,16
2005,160176,1,1,0,0,0,0,0,0,0,0,0,0
2005,160176,2,1,0,0,0,0,0,0,0,0,0,0
2005,160177,1,1,0,0,0,0,0,0,0,0,0,0
2005,160178,1,1,0,0,0,0,0,0,0,0,0,0
2005,160179,1,1,0,0,0,0,0,0,0,0,0,0
2005,160179,2,1,0,0,0,0,0,0,0,0,0,0
2005,160180,1,1,14,14,14,14,14,14,14,14,14,14
2005,160181,1,1,15,27,0,13,22,18,14,7,17,29
2005,160182,1,1,0,0,0,0,0,0,0,0,0,0
2005,160183,1,1,0,0,0,0,0,0,0,0,0,0
2005,160183,2,1,0,0,0,0,0,0,0,0,0,0
2005,160184,1,1,8,0,0,0,0,0,0,0,0,14
2005,160185,1,1,22,22,22,22,22,22,22,22,22,22
2005,160186,0,1,8,8,8,8,8,8,8,8,8,8
2005,160186,1,1,0,13,0,0,0,0,15,0,24,0
2005,160187,1,1,0,0,0,0,0,0,0,0,0,0
2005,160187,2,1,0,0,0,0,0,0,0,0,0,0
2005,160188,1,1,0,0,0,0,0,0,0,0,0,0
2005,160188,2,1,0,0,0,0,0,0,0,19,0,0
2005,160189,1,1,0,26,0,0,0,0,0,0,0,0
2005,160190,1,1,16,16,16,16,16,16,16,16,16,16
2005,160191,1,1,0,0,0,0,0,0,0,0,0,0
2005,160192,0,1,0,0,0,0,0,0,0,0,0,0
2005,160192,1,1,4,0,0,0,0,0,0,0,0,0
2005,160193,1,1,14,14,14,14,14,14,14,14,14,14
2005,160194,1,1,0,0,0,0,0,0,0,0,0,0
2005,160195,1,1,0,0,0,0,0,0,0,0,0,0
2005,160195,2,1,0,0,0,0,0,0,0,0,0,0
2005,160196,1,1,33,33,33,33,33,33,33,33,33,33
2005,160197,1,1,0,0,0,0,0,0,0,0,0,0
2005,160198,1,1,0,0,0,0,0,0,0,0,0,0
2005,160198,2,1,0,0,0,0,0,0,0,0,0,0
2005,160199,1,1,0,0,0,0,0,0,0,0,0,0
2005,160200,1,1,0,0,0,0,0,0,0,0,0,0
2005,160201,1,1,0,0,0,0,0,0,0,0,0,0
2005,160201,2,1,0,0,0,0,0,0,0,0,0,0
2005,160202,1,1,17,17,17,17,17,17,17,17,17,17
2005,160203,1,1,0,0,0,0,0,0,0,0,0,0
2005,160204,1,1,0,0,0,0,0,0,0,0,0,0
2005,160204,2,1,0,0,0,0,0,0,0,0,0,0
2005,160205,1,1,9,9,9,9,9,9,9,9,9,9
2005,160206,1,1,0,0,0,0,0,0,0,0,0,0
2005,160207,1,1,10,26,16,26,19,12,0,0,16,19
2005,160208,1,1,25,25,25,25,25,25,25,25,25,25
2005,160209,1,1,0,0,0,0,0,0,0,0,0,0
2005,160209,2,1,0,0,0,0,0,0,0,0,0,0
2005,160210,1,1,0,0,0,0,0,0,0,0,0,0
2005,160210,2,1,0,0,0,0,0,0,0,0,0,0
2005,160211,1,1,0,0,0,0,0,18,0,0,0,0
2005,160212,0,1,14,14,14,14,14,14,14,14,14,14
2005,160212,1,1,0,11,0,0,0,0,0,0,0,0
2005,160213,1,1,0,0,0,0,0,0,0,0,0,0
2005,160214,1,1,15,15,15,15,15,15,15,15,15,15
2005,160215,1,1,0,0,0,0,0,0,0,0,0,0
2005,160216,1,1,0,0,0,0,0,0,0,0,0,0
2005,160217,1,1,0,0,0,0,0,0,0,0,0,0
2005,160217,2,1,0,0,0,0,0,0,0,0,0,0
2005,160218,1,1,0,0,0,0,0,0,0,0,0,0
2005,160219,1,1,0,0,0,0,0,0,0,0,0,0
2005,160219,2,1,0,0,0,0,0,0,0,0,0,0
2005,160220,1,1,0,3,0,0,0,0,15,0,0,17
2005,160220,2,1,0,0,0,0,0,0,0,0,0,0
2005,160221,1,1,0,0,0,0,0,0,0,0,0,0
2005,160222,1,1,0,0,0,0,0,0,0,0,0,0
2005,160223,1,1,16,0,10,0,3,20,13,0,16,0
2005,160224,1,1,0,0,0,0,0,0,0,0,0,0
2005,160224,2,1,0,0,0,0,0,0,0,0,0,0
2005,160225,1,1,0,0,0,0,0,0,0,0,0,0
2005,160226,1,1,0,0,0,0,0,0,0,0,0,0
2005,160227,1,1,0,25,0,0,0,0,0,14,0,0
2005,160228,1,1,28,28,28,28,28,28,28,28,28,28
2005,160228,2,1,0,0,0,0,0,0,0,0,4,0
2005,160229,1,1,0,0,0,0,0,0,0,0,0,0
2005,160229,2,1,0,0,0,0,0,0,0,0,0,0
2005,160230,1,1,18,18,18,18,18,18,18,18,18,18
2005,160231,1,1,0,0,0,0,0,0,0,0,0,0
2005,160232,1,1,0,0,0,0,0,0,0,0,0,0
2005,160232,2,1,0,0,0,0,14,0,0,0,0,0
2005,160233,1,1,0,0,0,0,0,0,0,0,0,0
2005,160233,2,1,0,0,0,0,0,0,0,0,0,0
2005,160234,1,1,0,0,0,0,0,0,0,0,0,0
2005,160234,2,1,0,0,0,0,0,0,0,0,0,0
2005,160235,1,1,0,0,0,0,0,0,0,0,0,0
2005,160236,1,1,0,0,0,0,0,0,0,0,0,0
2005,160237,1,1,0,0,0,0,0,0,0,0,0,0
2005,160238,1,1,0,0,0,0,0,0,0,0,0,0
2005,160239,1,1,0,0,0,0,0,0,0,0,0,0
2005,160240,1,1,0,0,0,0,0,0,0,0,0,0
2005,160240,2,1,0,11,0,0,0,0,0,0,0,0
2005,160240,3,1,0,0,0,0,0,0,0,0,0,11
2005,160241,1,1,0,0,0,0,0,0,0,0,0,0
2005,160241,2,1,0,0,0,0,0,0,0,0,0,0
2005,160242,1,1,0,0,0,0,0,0,0,0,0,0
2005,160242,2,1,0,0,0,0,0,0,0,0,0,0
2005,160243,1,1,31,31,31,31,31,31,31,31,31,31
2005,170001,1,1,0,0,0,0,0,0,0,0,0,0
2005,170002,1,1,0,0,0,0,0,0,0,0,0,0
2005,170003,1,1,0,0,0,0,0,0,0,0,0,0
2005,170003,2,1,0,0,0,0,0,0,0,0,0,0
2005,170004,1,1,0,0,0,0,0,0,0,0,0,0
2005,170005,1,1,0,0,0,0,0,0,0,0,0,0
2005,170006,1,1,0,0,0,0,0,0,0,0,0,0
2005,170007,1,1,0,0,0,0,0,17,0,0,0,0
2005,170007,2,1,0,0,0,0,0,0,0,0,0,0
2005,170008,0,1,0,0,0,0,0,0,0,0,0,0
2005,170008,1,1,0,0,0,0,0,0,0,0,0,0
2005,170009,1,1,0,0,0,0,0,0,0,0,0,0
2005,170009,2,1,0,0,0,0,0,0,0,0,0,0
2005,170010,0,1,0,0,0,0,0,0,0,0,0,0
2005,170010,1,1,0,0,0,0,0,0,0,0,0,0
2005,170011,0,1,0,0,0,7,0,0,0,0,0,0
2005,170011,1,1,0,0,0,0,0,0,0,0,0,0
2005,170012,1,1,0,0,0,0,0,0,0,0,0,0
2005,170013,1,1,0,0,0,0,0,0,0,0,0,0
2005,170013,2,1,0,0,0,0,0,0,0,0,0,0
2005,170014,0,1,10,10,10,10,10,10,10,10,10,10
2005,170014,1,1,0,0,0,0,0,0,0,0,0,0
2005,170015,1,1,0,0,0,0,0,0,0,0,0,0
2005,170015,2,1,0,0,0,0,0,0,0,0,0,0
2005,170015,3,1,0,0,0,0,0,0,0,0,0,0
2005,170016,1,1,0,0,0,0,0,0,0,0,0,0
2005,170016,2,1,0,0,0,0,0,0,0,0,0,0
2005,170017,1,1,0,0,0,0,0,0,0,0,0,0
2005,170018,1,1,5,18,11,31,4,0,6,11,4,10
2005,170018,2,1,0,0,0,0,0,0,0,0,0,0
2005,170019,1,1,0,0,0,0,0,0,0,0,0,0
2005,170019,2,1,0,0,0,0,0,0,0,0,0,0
2005,170020,1,1,0,0,0,0,0,0,0,0,0,0
2005,170020,2,1,0,0,0,0,0,0,0,0,0,0
2005,170021,1,1,21,21,21,21,21,21,21,21,21,21
2005,170022,1,1,23,23,23,23,23,23,23,23,23,23
2005,170023,1,1,0,0,0,0,0,0,0,0,0,0
2005,170023,2,1,0,0,0,0,0,0,0,0,0,0
2005,170023,3,1,0,0,0,2,0,0,0,0,0,0
2005,170024,1,1,0,0,5,0,5,9,0,18,15,0
2005,170025,0,1,27,27,27,27,27,27,27,27,27,27
2005,170025,1,1,17,0,0,0,0,24,0,0,0,0
2005,170026,1,1,0,0,0,0,0,0,0,0,0,0
2005,170026,2,1,0,0,0,0,0,0,0,0,0,0
2005,170027,1,1,0,0,0,0,0,0,0,0,0,0
2005,170027,2,1,0,0,0,0,0,0,0,0,0,0
2005,170028,1,1,0,0,0,0,0,0,0,0,0,0
2005,170028,2,1,0,0,0,0,0,0,0,0,0,0
2005,170029,1,1,0,0,0,0,0,0,0,0,0,0
2005,170029,2,1,0,0,0,0,0,0,0,0,0,0
2005,170030,1,1,0,0,0,0,0,0,3,0,0,0
2005,170031,1,1,0,0,0,0,0,0,0,0,0,0
2005,170031,2,1,0,0,0,0,0,0,0,0,0,0
2005,170032,1,1,19,19,19,19,19,19,19,19,19,19
2005,170032,2,1,0,0,0,0,0,0,0,0,0,0
2005,170032,3,1,0,0,0,0,0,0,0,0,0,0
2005,170033,1,1,0,0,0,0,0,0,0,0,0,0
2005,170033,2,1,0,0,0,0,0,0,0,0,0,0
2005,170034,1,1,0,0,0,0,0,0,0,0,0,0
2005,170034,2,1,0,0,0,0,0,16,0,0,12,0
2005,170035,1,1,0,0,0,0,0,0,0,0,0,0
2005,170035,2,1,0,0,0,0,0,0,0,0,0,0
2005,170036,1,1,13,13,13,13,13,13,13,13,13,13
2005,170037,1,1,0,0,0,0,0,0,0,0,0,0
2005,170037,2,1,0,0,0,0,0,0,0,0,0,0
2005,170038,1,1,0,0,0,0,0,0,0,0,0,0
2005,170038,2,1,0,0,0,21,0,0,0,0,0,0
2005,170039,1,1,0,0,0,0,0,0,0,0,0,0
2005,170039,2,1,0,0,0,0,0,0,0,0,0,0
2005,170039,3,1,0,0,0,0,0,0,0,0,0,0
2005,170040,1,1,17,17,17,17,17,17,17,17,17,17
2005,170040,2,1,0,0,0,0,0,0,0,0,0,0
2005,170040,3,1,0,0,0,0,0,0,0,0,0,0
2005,170041,1,1,0,0,0,0,0,0,0,0,0,0
2005,170041,2,1,0,0,0,0,0,0,0,0,0,0
2005,170042,1,1,0,0,0,0,0,0,0,0,0,0
2005,170043,1,1,0,0,0,0,0,0,0,0,0,0
2005,170043,2,1,9,9,9,9,9,9,9,9,9,9
2005,170044,0,1,0,0,0,0,0,0,0,0,0,0
2005,170044,1,1,0,0,0,0,0,0,0,0,0,0
2005,170045,1,1,0,0,0,0,0,0,0,0,0,0
2005,170045,2,1,0,0,0,0,0,0,0,0,0,0
2005,170046,1,1,23,23,23,23,23,23,23,23,23,23
2005,170047,1,1,4,4,4,4,4,4,4,4,4,4
2005,170047,2,1,12,12,12,12,12,12,12,12,12,12
2005,170048,1,1,0,0,0,0,0,0,0,0,0,0
2005,170049,1,1,0,0,0,0,0,0,0,0,0,0
2005,170050,1,1,24,24,24,24,24,24,24,24,24,24
2005,170050,2,1,4,4,4,4,4,4,4,4,4,4
2005,170050,3,1,0,0,0,0,0,0,0,0,0,0
2005,170051,1,1,0,0,0,0,0,0,0,0,0,0
2005,170052,1,1,0,0,0,0,0,0,0,0,0,0
2005,170052,2,1,0,0,0,0,0,0,0,0,0,0
2005,170053,1,1,0,0,0,0,0,0,0,0,0,0
2005,170053,2,1,0,0,0,0,0,0,0,0,0,0
2005,170054,1,1,11,11,11,11,11,11,11,11,11,11
2005,170054,2,1,0,0,0,0,0,0,0,0,0,0
2005,170055,1,1,0,0,0,0,0,0,0,0,0,0
2005,170055,2,1,0,0,0,0,0,0,0,0,0,0
2005,170056,1,1,0,0,0,0,0,0,0,0,0,0
2005,170056,2,1,0,0,0,0,0,0,0,0,0,0
2005,170057,1,1,0,0,0,0,0,0,0,0,0,0
2005,170058,1,1,0,0,0,0,0,0,0,0,0,0
2005,170059,1,1,0,0,0,0,0,0,0,0,0,0
2005,170059,2,1,0,0,0,0,0,0,0,0,0,0
2005,170060,1,1,0,0,0,0,0,0,0,0,0,0
2005,170061,1,1,0,0,0,0,0,0,0,0,0,0
2005,170062,1,1,0,0,0,0,0,0,0,0,0,0
2005,170062,2,1,0,0,0,0,0,0,0,0,0,0
2005,170062,3,1,0,0,0,0,0,0,0,0,0,0
2005,170063,1,1,24,24,24,24,24,24,24,24,24,24
2005,170064,1,1,0,0,0,0,0,0,0,0,0,0
2005,170065,1,1,9,0,0,0,0,0,0,0,0,0
2005,170066,1,1,0,0,0,0,0,0,0,0,0,0
2005,170067,1,1,40,40,40,40,40,40,40,40,40,40
2005,170068,1,1,0,27,0,9,28,0,0,0,0,12
2005,170068,2,1,5,0,10,0,0,0,0,0,0,0
2005,170069,1,1,8,8,8,8,8,8,8,8,8,8
2005,170070,1,1,10,10,10,10,10,10,10,10,10,10
2005,170070,2,1,0,0,0,0,0,0,0,0,0,0
2005,170071,0,1,0,0,0,0,0,0,0,0,0,0
2005,170071,1,1,21,2,21,17,11,8,13,11,17,11
2005,170072,1,1,0,0,0,0,0,0,0,0,0,0
2005,170072,2,1,0,0,0,0,0,0,0,0,0,0
2005,170073,0,1,12,12,12,12,12,12,12,12,12,12
2005,170073,1,1,0,0,31,11,0,0,0,0,24,0
2005,170074,1,1,0,0,0,0,0,0,0,0,0,0
2005,170074,2,1,0,0,0,0,0,0,0,0,0,0
2005,170075,1,1,3,3,3,3,3,3,3,3,3,3
2005,170076,1,1,0,0,0,0,0,0,0,0,0,0
2005,170076,2,1,0,0,0,0,0,0,0,0,0,0
2005,170077,1,1,23,23,23,23,23,23,23,23,23,23
2005,170078,1,1,0,0,0,0,0,0,0,0,0,0
2005,170079,1,1,0,0,0,0,0,0,0,0,0,0
2005,170080,1,1,0,0,0,0,0,0,0,0,0,0
2005,170081,0,1,0,0,0,0,0,0,0,0,0,0
2005,170081,1,1,0,0,0,0,0,0,0,0,0,0
2005,170081,2,1,0,0,0,0,0,0,0,0,0,0
2005,170082,0,1,0,0,0,0,0,0,0,19,24,0
2005,170082,1,1,0,0,0,0,0,0,0,0,0,0
2005,170083,1,1,0,0,0,0,0,0,0,0,0,0
2005,170083,2,1,0,0,0,0,0,0,0,0,0,0
2005,170083,3,1,0,0,0,0,0,0,0,0,0,0
2005,170084,1,1,0,0,0,0,7,0,0,0,0,0
2005,170085,1,1,23,23,23,23,23,23,23,23,23,23
2005,170086,1,1,0,0,0,0,0,0,0,0,0,0
2005,170087,1,1,0,0,0,0,0,0,0,0,0,0
2005,170088,1,1,0,0,0,0,0,0,0,0,0,0
2005,170089,1,1,12,12,12,12,12,12,12,12,12,12
2005,170090,1,1,0,0,0,0,0,0,0,0,0,0
2005,170090,2,1,0,0,0,0,0,0,0,0,0,0
2005,170090,3,1,0,0,0,0,0,0,0,0,0,0
2005,170090,4,1,0,0,0,0,0,0,0,0,0,0
2005,170090,5,1,0,0,0,0,0,0,0,0,0,3
2005,170091,0,1,0,0,0,0,0,0,0,0,0,0
2005,170091,1,1,0,0,0,0,0,0,0,0,0,0
2005,170092,0,1,0,0,0,0,0,0,0,0,0,0
2005,170092,0,2,0,0,0,0,0,4,0,0,7,0
2005,170092,1,1,0,0,0,0,0,0,0,0,0,0
2005,170093,1,1,0,0,0,0,0,0,0,0,0,0
2005,170093,2,1,0,0,0,0,0,0,0,0,0,0
2005,170094,1,1,0,0,0,0,0,0,0,0,0,0
2005,170094,2,1,0,0,0,0,0,0,0,0,0,0
2005,170094,3,1,0,0,0,0,0,0,0,0,0,0
2005,170094,4,1,0,0,0,0,0,0,0,0,0,0
2005,170094,5,1,0,0,0,0,0,0,0,0,0,0
2005,170095,1,1,0,13,0,0,0,0,0,0,0,0
2005,170096,0,1,0,0,0,0,0,0,0,0,0,0
2005,170096,1,1,0,0,0,0,0,0,0,0,0,0
2005,170097,0,1,0,0,0,0,0,0,0,0,0,0
2005,170097,1,1,0,0,0,0,0,0,0,0,0,0
2005,170097,2,1,0,0,0,0,0,0,0,0,0,0
2005,170098,1,1,0,0,0,0,0,0,0,0,0,0
2005,170099,1,1,25,25,25,25,25,25,25,25,25,25
2005,170100,0,1,0,0,0,0,0,0,0,0,0,0
2005,170100,1,1,0,0,0,0,0,0,0,0,0,0
2005,170101,1,1,16,16,16,16,16,16,16,16,16,16
2005,170101,2,1,0,0,0,2,0,0,0,0,0,0
2005,170101,3,1,0,0,0,0,0,0,0,0,0,0
2005,170102,1,1,0,0,0,0,0,12,0,0,0,6
2005,170103,1,1,22,22,22,22,22,22,22,22,22,22
2005,170103,2,1,0,0,0,0,0,0,0,0,0,0
2005,170103,3,1,0,0,0,0,0,0,0,0,0,0
2005,170103,4,1,0,0,0,0,0,0,0,0,0,0
2005,170104,1,1,0,0,0,0,0,0,0,0,0,0
2005,170105,1,1,0,0,0,0,0,0,0,0,0,0
2005,170105,2,1,0,0,0,0,0,0,0,0,0,0
2005,170106,1,1,22,22,22,22,22,22,22,22,22,22
2005,170107,1,1,15,18,14,6,24,19,22,11,8,35
2005,170108,1,1,0,0,0,0,0,0,0,0,0,0
2005,170109,1,1,14,14,14,14,14,14,14,14,14,14
2005,170110,1,1,0,0,0,2,0,0,0,2,15,0
2005,170110,3,1,0,0,0,20,0,0,0,0,0,0
2005,170111,1,1,0,0,0,0,0,0,0,0,0,0
2005,170111,2,1,0,0,0,0,0,0,0,0,0,0
2005,170112,1,1,12,11,18,12,0,0,0,0,0,11
2005,170113,1,1,0,0,0,0,0,0,0,0,0,0
2005,170113,2,1,0,0,0,0,0,0,0,0,0,0
2005,170114,1,1,0,0,0,0,0,0,0,0,0,0
2005,170115,1,1,0,0,0,0,0,0,0,0,0,0
2005,170116,1,1,0,0,0,0,0,0,0,0,0,0
2005,170117,1,1,0,0,0,0,0,0,0,0,0,0
2005,170118,1,1,11,11,11,11,11,11,11,11,11,11
2005,170119,1,1,9,0,0,12,0,11,0,22,0,0
2005,170120,1,1,0,0,0,0,0,0,0,0,0,0
2005,170120,2,1,0,0,0,0,0,0,0,0,0,0
2005,170121,1,1,25,25,25,25,25,25,25,25,25,25
2005,170121,2,1,0,0,0,0,0,0,0,0,0,0
2005,170122,1,1,11,11,11,11,11,11,11,11,11,11
2005,170122,2,1,0,0,0,0,0,0,0,0,0,0
2005,170123,1,1,16,16,16,16,16,16,16,16,16,16
2005,170124,1,1,0,0,0,0,0,0,0,0,0,0
2005,170125,1,1,0,0,0,0,0,0,0,0,0,0
2005,170126,2,1,0,0,0,0,0,0,0,0,0,0
2005,170127,1,1,15,0,11,0,0,0,11,22,17,0
2005,170127,2,1,2,2,2,2,2,2,2,2,2,2
2005,170128,1,1,15,15,15,15,15,15,15,15,15,15
2005,170129,1,1,3,3,3,3,3,3,3,3,3,3
2005,170130,1,1,22,22,22,22,22,22,22,22,22,22
2005,170131,1,1,16,16,16,16,16,16,16,16,16,16
2005,170131,2,1,0,0,0,0,0,0,0,0,0,0
2005,170132,1,1,4,4,4,4,4,4,4,4,4,4
2005,170132,2,1,12,0,0,0,0,0,13,0,0,0
2005,170132,3,1,0,0,0,0,0,0,0,0,0,0
2005,170133,1,1,0,0,0,0,0,0,0,0,0,0
2005,170133,2,1,0,0,0,0,0,0,0,0,0,0
2005,170133,3,1,0,0,0,0,0,0,0,0,0,0
2005,170134,1,1,0,0,0,0,0,0,0,0,0,0
2005,170134,2,1,0,0,0,0,0,0,0,0,0,0
2005,170134,3,1,0,0,3,20,0,0,0,0,0,0
2005,170135,1,1,10,10,10,10,10,10,10,10,10,10
2005,170135,2,1,0,0,0,0,0,0,0,0,0,0
2005,170136,1,1,0,0,0,0,0,0,0,0,0,0
2005,170137,1,1,0,0,0,0,0,0,0,0,0,0
2005,170138,1,1,0,0,0,0,0,0,18,0,0,0
2005,170139,1,1,28,28,28,28,28,28,28,28,28,28
2005,170140,0,1,0,26,19,0,0,15,31,27,19,19
2005,170140,2,1,6,6,6,6,6,6,6,6,6,6
2005,170141,1,1,0,0,0,0,0,0,0,0,0,0
2005,170142,1,1,4,4,4,4,4,4,4,4,4,4
2005,170144,1,1,0,0,0,0,0,0,0,0,0,0
2005,170144,2,1,0,0,0,0,0,0,0,0,0,0
2005,170144,3,1,0,0,0,0,0,6,0,0,0,0
2005,170145,1,1,0,0,0,0,0,0,0,0,0,0
2005,170146,1,1,0,0,0,0,0,0,0,0,0,0
2005,170146,2,1,3,3,3,3,3,3,3,3,3,3
2005,170147,1,1,0,0,0,0,0,0,0,0,0,0
2005,170147,2,1,0,0,0,0,0,0,0,0,0,0
2005,170149,1,1,6,28,20,8,20,26,7,15,15,18
2005,170149,2,1,0,0,0,0,0,0,0,0,0,0
2005,170150,1,1,21,21,21,21,21,21,21,21,21,21
2005,170150,2,1,0,0,0,0,0,0,0,0,0,0
2005,170150,3,1,0,0,0,0,0,0,0,0,0,0
2005,170151,1,1,0,0,0,0,0,0,0,0,0,0
2005,170151,2,1,17,0,0,0,0,0,0,0,0,0
2005,170152,1,1,0,0,0,0,0,0,0,0,0,0
2005,170152,2,1,0,0,0,0,0,0,0,0,0,0
2005,170153,1,1,0,0,0,0,0,0,0,0,0,0