YEAR,ST_CASE,veh_no,per_no,P1,P2,P3,P4,P5,P6,P7,P8,P9,P10
2005,170154,1,1,0,0,0,0,0,0,0,0,0,0
2005,170154,2,1,0,0,0,0,0,0,0,0,0,0
2005,170155,0,1,0,0,0,0,0,0,0,0,0,0
2005,170155,1,1,0,0,0,0,0,0,0,0,0,0
2005,170156,1,1,0,0,0,0,0,0,0,0,0,0
2005,170156,2,1,0,0,6,8,0,0,0,22,0,0
2005,170157,1,1,27,27,27,27,27,27,27,27,27,27
2005,170158,0,1,0,0,0,0,0,0,0,0,0,0
2005,170158,1,1,0,0,0,0,0,0,0,0,0,0
2005,170159,1,1,20,20,20,20,20,20,20,20,20,20
2005,170160,1,1,0,0,0,0,0,0,0,0,0,0
2005,170160,2,1,0,0,0,0,0,0,0,0,0,0
2005,170161,1,1,11,11,11,11,11,11,11,11,11,11
2005,170161,2,1,0,0,0,0,0,0,0,0,0,0
2005,170162,1,1,23,23,23,23,23,23,23,23,23,23
2005,170163,1,1,0,0,0,0,0,0,0,0,0,0
2005,170163,2,1,0,0,0,0,0,0,0,0,0,0
2005,170164,2,1,13,13,13,13,13,13,13,13,13,13
2005,170165,1,1,0,0,0,0,0,0,0,0,0,0
2005,170166,1,1,0,0,0,0,0,0,0,0,0,0
2005,170166,2,1,0,0,0,0,0,0,0,0,0,0
2005,170167,1,1,0,0,0,0,0,0,0,0,0,0
2005,170168,1,1,0,0,0,0,0,0,0,6,0,0
2005,170168,2,1,0,0,0,0,0,0,0,0,0,0
2005,170169,1,1,0,0,0,0,0,0,0,0,0,0
2005,170170,1,1,14,21,11,19,32,11,12,22,12,10
2005,170171,1,1,25,25,25,25,25,25,25,25,25,25
2005,170171,2,1,0,0,0,0,0,0,0,0,0,0
2005,170172,1,1,8,8,8,8,8,8,8,8,8,8
2005,170173,1,1,27,27,27,27,27,27,27,27,27,27
2005,170174,1,1,0,0,0,17,0,0,0,0,0,0
2005,170174,2,1,0,0,0,0,0,0,0,0,0,0
2005,170175,1,1,0,0,0,0,0,0,0,0,0,0
2005,170176,0,1,27,10,21,21,3,0,13,0,31,13
2005,170176,1,1,0,0,0,0,0,0,0,0,0,0
2005,170177,1,1,0,0,0,0,0,0,0,0,0,0
2005,170177,2,1,0,0,0,0,0,0,0,0,0,0
2005,170178,1,1,13,13,13,13,13,13,13,13,13,13
2005,170179,1,1,0,0,0,0,0,0,0,0,0,0
2005,170180,1,1,0,0,0,0,0,0,0,0,0,0
2005,170180,2,1,0,0,0,0,0,0,0,0,0,0
2005,170181,0,1,29,29,29,29,29,29,29,29,29,29
2005,170181,1,1,0,0,5,14,0,0,0,0,0,0
2005,170182,1,1,0,0,0,0,0,0,0,0,0,0
2005,170183,1,1,10,0,0,14,28,0,0,11,0,0
2005,170183,2,1,0,0,0,0,0,0,0,0,0,0
2005,170183,3,1,0,0,0,0,0,0,0,0,0,0
2005,170184,1,1,26,26,26,26,26,26,26,26,26,26
2005,170185,1,1,0,0,0,0,0,0,0,0,0,0
2005,170186,1,1,0,0,0,0,0,0,0,0,0,0
2005,170186,2,1,0,0,0,0,0,0,0,0,0,0
2005,170187,0,1,21,21,21,21,21,21,21,21,21,21
2005,170187,1,1,0,0,0,0,0,0,0,0,0,0
2005,170188,1,1,0,0,0,0,0,0,0,0,0,0
2005,170188,2,1,0,0,0,0,0,0,0,0,0,0
2005,170189,1,1,0,0,0,0,0,0,0,0,0,0
2005,170189,2,1,0,0,0,0,0,0,0,0,0,0
2005,170190,1,1,0,0,0,0,0,23,17,0,17,0
2005,170190,2,1,0,0,0,0,0,0,0,0,0,0
2005,170191,1,1,0,0,0,0,0,0,0,0,0,0
2005,170191,2,1,0,0,0,0,0,0,0,0,0,0
2005,170192,1,1,0,0,0,0,0,0,0,0,0,0
2005,170193,0,1,0,0,0,0,0,0,0,0,0,17
2005,170193,1,1,0,0,0,0,0,0,0,0,0,15
2005,170194,1,1,1,1,1,1,1,1,1,1,1,1
2005,170195,1,1,10,10,10,10,10,10,10,10,10,10
2005,170196,1,1,0,0,0,0,0,0,0,0,0,0
2005,170197,1,1,0,0,0,0,0,0,0,0,0,0
2005,170197,2,1,0,0,0,0,0,0,0,0,0,0
2005,170198,1,1,0,0,0,0,0,0,0,0,0,0
2005,170198,2,1,0,0,0,0,0,0,0,0,0,0
2005,170198,3,1,0,0,0,0,0,0,0,0,0,0
2005,170198,4,1,0,0,14,0,0,0,5,0,0,0
2005,170198,5,1,0,0,0,0,3,0,0,0,0,0
2005,170199,1,1,0,0,0,0,0,0,0,0,0,0
2005,170199,2,1,0,0,0,0,0,0,0,0,0,0
2005,170200,1,1,16,16,16,16,16,16,16,16,16,16
2005,170200,2,1,0,0,0,0,0,0,0,0,0,0
2005,170200,3,1,0,0,0,0,0,0,0,0,0,0
2005,170200,4,1,0,0,0,0,0,9,0,0,0,0
2005,170200,5,1,0,0,0,0,0,0,0,0,0,0
2005,170200,6,1,0,0,0,0,0,0,0,0,0,0
2005,170201,1,1,0,0,0,0,0,0,0,0,0,0
2005,170201,2,1,0,0,0,0,2,0,0,0,0,0
2005,170202,1,1,0,0,0,0,0,0,0,0,0,0
2005,170202,2,1,0,0,0,0,0,0,0,0,0,0
2005,170202,3,1,0,0,0,0,0,0,0,0,0,0
2005,170202,4,1,0,0,0,0,0,26,0,15,0,0
2005,170203,1,1,0,0,0,0,0,0,0,0,0,0
2005,170204,1,1,25,25,25,25,25,25,25,25,25,25
2005,170205,1,1,0,0,0,0,0,0,0,0,0,0
2005,170205,2,1,0,0,0,0,0,0,0,0,0,0
2005,170207,1,1,0,0,0,0,0,0,0,0,0,0
2005,170208,1,1,13,13,13,13,13,13,13,13,13,13
2005,170209,1,1,13,13,13,13,13,13,13,13,13,13
2005,170210,1,1,0,0,0,0,0,0,0,0,0,0
2005,170210,2,1,0,0,0,0,0,0,0,0,0,0
2005,170210,3,1,10,0,0,0,0,0,8,9,0,0
2005,170210,4,1,0,6,0,0,0,0,0,0,0,0
2005,170211,1,1,16,16,16,16,16,16,16,16,16,16
2005,170211,2,1,0,0,0,0,0,0,0,0,0,0
2005,170212,1,1,0,0,0,0,0,0,0,0,0,0
2005,170212,2,1,0,0,0,0,0,0,0,0,0,0
2005,170213,1,1,16,16,16,16,16,16,16,16,16,16
2005,170214,1,1,16,16,16,16,16,16,16,16,16,16
2005,170214,2,1,14,5,0,0,0,0,3,0,0,0
2005,170215,1,1,0,0,0,0,0,0,0,0,0,0
2005,170215,2,1,0,0,0,0,0,0,0,0,0,0
2005,170216,1,1,0,0,0,0,19,0,0,0,0,0
2005,170216,2,1,0,0,0,0,0,0,0,0,0,0
2005,170216,3,1,0,0,0,0,0,0,0,0,0,0
2005,170217,1,1,8,8,8,8,8,8,8,8,8,8
2005,170217,2,1,0,0,0,0,0,0,0,0,0,0
2005,170218,1,1,0,0,0,15,0,0,0,0,0,0
2005,170218,2,1,0,0,0,17,0,0,0,0,0,0
2005,170218,3,1,0,0,0,0,4,0,0,0,0,0
2005,170219,1,1,0,0,0,0,0,0,0,0,0,6
2005,170219,2,1,0,0,0,0,0,0,0,0,0,0
2005,170220,1,1,0,0,0,0,0,0,0,0,0,0
2005,170220,2,1,0,0,0,0,0,0,0,0,0,0
2005,170221,1,1,0,0,0,0,0,0,0,0,0,0
2005,170221,2,1,0,0,0,0,0,0,0,0,0,0
2005,170222,1,1,23,23,23,23,23,23,23,23,23,23
2005,170223,1,1,0,0,0,0,0,0,0,0,0,0
2005,170224,1,1,8,8,8,8,8,8,8,8,8,8
2005,170224,2,1,0,0,0,0,0,0,0,0,0,0
2005,170225,1,1,20,20,20,20,20,20,20,20,20,20
2005,170226,0,1,0,0,0,0,0,0,0,0,0,0
2005,170226,1,1,0,0,0,0,0,0,0,0,0,0
2005,170227,1,1,9,0,0,0,0,0,0,0,0,0
2005,170227,2,1,0,0,0,0,0,0,0,0,0,0
2005,170228,1,1,17,0,0,0,15,0,12,37,0,0
2005,170229,0,1,0,0,0,0,0,0,0,0,0,0
2005,170229,1,1,0,0,0,0,0,0,0,0,0,0
2005,170230,1,1,0,0,0,0,0,0,0,0,0,0
2005,170230,2,1,0,0,0,0,0,0,0,0,0,0
2005,170230,3,1,0,0,0,0,0,0,0,0,0,0
2005,170231,1,1,0,0,0,0,0,0,0,0,0,0
2005,170231,2,1,0,0,0,0,0,0,0,0,0,0
2005,170232,1,1,0,0,0,0,0,0,0,0,0,0
2005,170232,2,1,0,0,0,0,0,0,0,0,0,0
2005,170232,3,1,0,0,0,0,0,0,0,0,0,0
2005,170233,0,1,0,0,0,0,0,0,0,0,0,0
2005,170233,1,1,0,0,0,0,0,0,0,0,0,0
2005,170234,1,1,2,2,2,2,2,2,2,2,2,2
2005,170234,2,1,0,0,0,0,0,0,0,0,0,0
2005,170235,1,1,18,18,18,18,18,18,18,18,18,18
2005,170237,1,1,22,22,22,22,22,22,22,22,22,22
2005,170237,2,1,0,0,0,0,17,0,5,0,27,0
2005,170238,1,1,16,16,16,16,16,16,16,16,16,16
2005,170239,1,1,0,0,0,0,0,0,0,0,0,0
2005,170239,2,1,0,0,0,0,0,0,0,0,0,0
2005,170240,1,1,0,0,0,0,0,0,0,0,0,0
2005,170240,2,1,0,0,0,0,0,0,0,0,0,0
2005,170241,0,1,0,0,0,0,0,0,0,0,0,0
2005,170241,1,1,0,0,0,0,0,0,0,0,0,0
2005,170241,2,1,0,0,0,0,0,0,0,0,0,0
2005,170242,1,1,42,42,42,42,42,42,42,42,42,42
2005,170243,1,1,5,5,5,5,5,5,5,5,5,5
2005,170244,0,1,24,24,24,24,24,24,24,24,24,24
2005,170244,1,1,15,15,15,15,15,15,15,15,15,15
2005,170245,1,1,12,12,12,12,12,12,12,12,12,12
2005,170246,1,1,18,18,18,18,18,18,18,18,18,18
2005,170247,0,1,29,29,29,29,29,29,29,29,29,29
2005,170247,1,1,0,0,0,0,0,0,0,0,0,0
2005,170248,0,1,7,7,7,7,7,7,7,7,7,7
2005,170248,1,1,0,0,0,0,0,0,0,0,0,0
2005,170249,1,1,0,0,0,0,0,0,0,0,0,0
2005,170250,1,1,0,0,0,0,0,0,0,0,0,0
2005,170251,1,1,0,0,0,0,0,0,0,0,0,0
2005,170252,1,1,0,0,0,0,0,0,0,0,0,0
2005,170252,2,1,0,0,0,0,0,0,0,0,0,0
2005,170252,3,1,0,0,0,0,3,0,0,0,0,0
2005,170253,1,1,27,27,27,27,27,27,27,27,27,27
2005,170254,0,1,0,0,0,0,0,0,0,0,0,0
2005,170254,1,1,5,5,5,5,5,5,5,5,5,5
2005,170255,1,1,0,0,0,0,0,0,0,0,0,0
2005,170255,2,1,0,0,0,0,0,0,0,0,0,0
2005,170255,3,1,0,2,16,0,15,0,0,0,0,0
2005,170256,1,1,0,0,0,0,0,0,0,0,0,0
2005,170258,1,1,0,0,0,0,0,0,0,0,0,0
2005,170258,2,1,0,0,0,0,0,0,0,0,0,0
2005,170259,1,1,0,0,0,0,0,0,0,0,0,0
2005,170260,1,1,20,20,20,20,20,20,20,20,20,20
2005,170261,1,1,24,24,24,24,24,24,24,24,24,24
2005,170262,1,1,21,21,21,21,21,21,21,21,21,21
2005,170263,1,1,14,14,14,14,14,14,14,14,14,14
2005,170264,1,1,26,26,26,26,26,26,26,26,26,26
2005,170265,0,1,0,0,0,0,0,0,0,0,0,0
2005,170265,0,2,0,0,0,0,0,0,0,26,19,23
2005,170265,1,1,0,0,0,0,0,0,0,0,0,0
2005,170266,1,1,21,21,21,21,21,21,21,21,21,21
2005,170266,2,1,5,5,5,5,5,5,5,5,5,5
2005,170267,1,1,0,0,0,0,0,0,0,0,0,0
2005,170267,2,1,0,0,0,0,0,0,0,0,0,0
2005,170267,3,1,0,0,0,0,0,0,0,0,0,0
2005,170267,4,1,0,0,0,0,0,0,0,0,0,0
2005,170268,1,1,34,34,34,34,34,34,34,34,34,34
2005,170269,1,1,16,0,28,22,15,0,0,0,0,0
2005,170271,1,1,17,17,17,17,17,17,17,17,17,17
2005,170272,1,1,28,28,28,28,28,28,28,28,28,28
2005,170273,1,1,22,22,22,22,22,22,22,22,22,22
2005,170273,2,1,0,0,0,0,0,0,17,0,0,0
2005,170274,1,1,0,0,0,0,0,0,0,0,0,0
2005,170275,1,1,12,19,17,16,17,12,11,11,16,9
2005,170275,2,1,0,0,0,0,0,0,0,0,0,0
2005,170276,1,1,16,16,16,16,16,16,16,16,16,16
2005,170277,1,1,0,0,0,0,0,0,0,0,0,0
2005,170277,2,1,0,0,0,0,0,0,0,0,0,0
2005,170277,3,1,0,0,0,0,0,0,0,0,0,0
2005,170278,0,1,0,0,0,0,0,0,0,0,0,0
2005,170278,1,1,0,0,0,0,0,0,0,0,0,0
2005,170279,1,1,16,16,16,16,16,16,16,16,16,16
2005,170280,1,1,0,0,0,0,0,0,0,0,0,0
2005,170280,2,1,0,0,0,0,0,0,0,0,0,0
2005,170280,3,1,0,0,0,0,0,12,0,8,0,0
2005,170281,1,1,8,8,8,8,8,8,8,8,8,8
2005,170281,2,1,0,0,0,0,0,0,0,0,0,0
2005,170282,1,1,4,4,4,4,4,4,4,4,4,4
2005,170283,1,1,22,22,22,22,22,22,22,22,22,22
2005,170284,1,1,21,21,21,21,21,21,21,21,21,21
2005,170285,0,1,0,0,0,0,0,0,0,0,0,0
2005,170285,1,1,0,0,0,0,0,0,0,0,0,0
2005,170286,1,1,0,0,0,0,0,0,0,0,0,0
2005,170287,1,1,11,11,11,11,11,11,11,11,11,11
2005,170287,2,1,0,0,0,0,0,0,0,0,0,0
2005,170289,1,1,0,0,0,0,0,0,0,0,0,0
2005,170289,2,1,0,0,0,0,0,0,0,0,0,0
2005,170290,1,1,0,0,0,0,0,0,0,0,0,0
2005,170290,2,1,0,0,0,0,0,0,0,0,0,0
2005,170291,1,1,9,9,9,9,9,9,9,9,9,9
2005,170292,1,1,21,21,21,21,21,21,21,21,21,21
2005,170293,1,1,0,0,0,0,0,0,0,0,0,0
2005,170294,1,1,0,0,0,0,0,0,0,0,0,0
2005,170295,1,1,0,0,0,0,0,0,0,0,0,0
2005,170295,2,1,0,0,0,0,0,0,0,0,0,0
2005,170296,0,1,24,13,31,10,9,0,11,0,14,12
2005,170296,0,2,22,22,22,22,22,22,22,22,22,22
2005,170296,1,1,0,0,11,12,28,0,0,0,0,0
2005,170297,1,1,0,13,0,0,0,0,0,0,0,12
2005,170298,0,1,0,0,0,0,0,0,0,0,0,0
2005,170299,1,1,28,28,28,28,28,28,28,28,28,28
2005,170300,0,1,0,0,0,0,0,0,0,0,0,0
2005,170300,1,1,0,0,0,0,0,0,0,0,0,0
2005,170301,1,1,0,0,0,0,0,0,0,0,0,0
2005,170301,2,1,0,0,0,0,0,0,0,0,0,0
2005,170302,1,1,0,0,0,0,0,0,0,0,0,0
2005,170302,2,1,0,0,0,0,0,0,0,0,0,0
2005,170304,1,1,0,0,0,0,0,0,0,0,0,0
2005,170304,2,1,0,0,0,0,0,0,0,0,0,0
2005,170304,3,1,0,0,0,0,0,0,0,0,0,0
2005,170305,1,1,1,1,1,1,1,1,1,1,1,1
2005,170306,1,1,0,0,0,0,0,0,0,0,0,0
2005,170306,2,1,0,0,0,0,0,0,0,0,0,0
2005,170307,0,1,0,0,0,0,0,0,0,0,0,0
2005,170307,1,1,0,0,0,0,0,0,0,0,0,0
2005,170308,1,1,0,0,0,0,0,0,0,0,0,0
2005,170309,1,1,0,0,0,0,0,0,0,0,0,0
2005,170309,2,1,0,0,0,0,0,0,0,0,0,0
2005,170310,1,1,0,0,0,0,0,0,0,0,0,0
2005,170310,2,1,0,0,0,0,0,0,0,0,0,0
2005,170310,3,1,0,0,0,0,0,0,0,0,0,0
2005,170311,1,1,20,20,20,20,20,20,20,20,20,20
2005,170312,1,1,18,0,0,35,35,7,0,27,0,0
2005,170312,2,1,16,16,16,16,16,16,16,16,16,16
2005,170313,1,1,0,0,0,0,0,0,0,0,0,0
2005,170314,1,1,0,0,0,0,6,0,0,0,0,0
2005,170315,0,1,0,0,0,0,0,0,0,0,0,0
2005,170315,1,1,0,0,0,0,0,0,20,0,13,0
2005,170316,1,1,0,0,0,0,0,0,0,0,0,0
2005,170316,2,1,0,0,0,0,0,0,0,0,0,0
2005,170317,1,1,15,15,15,15,15,15,15,15,15,15
2005,170317,2,1,0,0,0,0,0,0,0,0,0,0
2005,170318,1,1,0,0,0,0,0,0,0,0,0,0
2005,170319,1,1,0,0,0,0,0,0,0,0,0,0
2005,170319,2,1,0,0,0,0,0,0,0,0,0,0
2005,170319,3,1,0,0,3,0,0,0,0,0,0,0
2005,170319,4,1,0,0,0,0,0,0,0,0,0,0
2005,170319,5,1,0,0,0,0,0,0,0,0,0,0
2005,170320,1,1,0,0,0,0,0,0,0,0,0,0
2005,170320,2,1,2,0,0,0,0,0,0,0,0,0
2005,170321,1,1,0,0,0,0,0,0,0,0,0,0
2005,170322,1,1,0,0,0,0,0,0,0,0,0,0
2005,170322,2,1,1,1,1,1,1,1,1,1,1,1
2005,170323,1,1,13,13,13,13,13,13,13,13,13,13
2005,170323,2,1,0,0,0,0,0,0,0,5,0,0
2005,170323,3,1,0,0,0,0,0,0,0,0,0,0
2005,170324,0,1,0,0,0,0,0,0,0,0,0,0
2005,170324,1,1,0,0,0,0,0,9,0,0,12,0
2005,170325,1,1,0,0,0,0,0,0,0,0,0,0
2005,170325,2,1,0,0,0,0,0,0,0,0,0,0
2005,170326,1,1,0,0,0,0,0,0,0,0,0,0
2005,170326,2,1,0,0,0,0,0,0,0,0,0,0
2005,170327,1,1,16,16,16,16,16,16,16,16,16,16
2005,170328,1,1,0,0,0,0,0,0,0,0,0,0
2005,170328,2,1,0,0,0,0,0,0,0,0,0,0
2005,170329,1,1,0,0,0,0,0,0,0,0,0,0
2005,170330,1,1,18,18,18,18,18,18,18,18,18,18
2005,170331,1,1,0,0,0,0,0,0,0,0,0,0
2005,170331,2,1,0,0,0,0,0,0,0,0,0,0
2005,170332,1,1,0,0,0,0,0,0,0,0,0,0
2005,170332,2,1,0,0,0,0,0,0,0,0,8,0
2005,170332,3,1,0,0,0,0,0,0,0,0,0,0
2005,170332,4,1,0,0,0,0,0,0,0,0,0,0
2005,170332,5,1,0,0,0,0,0,0,0,0,0,0
2005,170332,6,1,0,0,0,0,0,0,0,0,0,0
2005,170333,1,1,0,0,0,0,0,0,0,0,0,0
2005,170333,2,1,0,0,0,0,0,0,0,0,0,0
2005,170334,1,1,0,0,0,0,0,0,0,0,0,0
2005,170335,1,1,10,10,10,10,10,10,10,10,10,10
2005,170335,2,1,0,0,0,0,0,0,0,0,0,0
2005,170336,1,1,0,0,0,0,0,0,0,0,0,0
2005,170337,1,1,0,0,0,0,0,0,0,0,0,0
2005,170338,1,1,0,0,0,0,0,0,0,0,0,0
2005,170339,0,1,25,25,25,25,25,25,25,25,25,25
2005,170339,1,1,11,21,37,17,6,12,16,23,10,18
2005,170340,1,1,0,0,0,0,0,13,0,14,7,4
2005,170340,2,1,0,0,0,0,0,0,0,0,0,0
2005,170341,0,1,0,0,0,0,0,0,0,0,0,0
2005,170341,1,1,0,0,0,0,0,16,0,0,0,0
2005,170341,2,1,0,0,0,0,0,0,0,0,0,0
2005,170342,1,1,4,4,4,4,4,4,4,4,4,4
2005,170342,2,1,0,0,0,0,0,0,0,0,0,0
2005,170342,3,1,0,0,0,0,0,0,0,0,0,0
2005,170343,1,1,9,11,19,18,18,18,17,26,12,18
2005,170343,2,1,0,0,0,0,0,0,0,0,0,0
2005,170344,0,1,0,0,0,0,0,0,0,0,0,0
2005,170344,1,1,0,0,0,0,0,0,0,0,0,0
2005,170345,1,1,0,0,0,0,0,0,0,0,0,0
2005,170345,2,1,0,0,0,0,0,0,0,0,0,0
2005,170346,0,1,0,0,0,0,0,0,0,0,0,0
2005,170346,1,1,0,0,0,0,0,0,0,0,0,0
2005,170347,1,1,0,0,0,0,0,0,0,0,0,0
2005,170347,2,1,0,0,0,0,0,0,0,0,0,0
2005,170348,1,1,0,0,0,0,0,0,0,0,0,0
2005,170349,1,1,0,0,0,0,0,0,0,0,0,0
2005,170349,2,1,0,0,0,0,0,0,0,0,0,0
2005,170350,1,1,0,0,0,0,0,0,0,0,0,0
2005,170351,1,1,0,0,0,0,0,0,0,0,0,0
2005,170352,1,1,0,56,10,8,0,10,8,17,0,26
2005,170353,1,1,0,0,0,0,0,0,0,0,0,0
2005,170354,1,1,24,24,24,24,24,24,24,24,24,24
2005,170355,1,1,15,21,0,0,0,0,17,0,0,6
2005,170356,1,1,0,0,0,0,0,0,0,0,0,0
2005,170356,2,1,0,0,0,0,0,0,0,0,0,0
2005,170357,1,1,0,0,0,0,0,0,0,0,0,0
2005,170357,2,1,0,0,0,0,0,0,0,0,0,0
2005,170358,1,1,25,25,25,25,25,25,25,25,25,25
2005,170359,1,1,0,0,0,0,0,0,0,0,0,0
2005,170360,1,1,27,27,27,27,27,27,27,27,27,27
2005,170361,1,1,0,0,0,0,0,0,0,0,0,0
2005,170361,2,1,15,15,15,15,15,15,15,15,15,15
2005,170362,1,1,0,0,0,0,0,0,0,0,0,0
2005,170362,2,1,0,0,0,0,0,0,0,0,0,0
2005,170363,1,1,12,18,10,28,8,16,19,12,16,23
2005,170364,1,1,0,0,0,0,0,0,0,0,0,0
2005,170365,1,1,0,0,0,0,0,0,0,0,0,0
2005,170365,2,1,0,0,0,0,0,0,0,0,0,0
2005,170367,1,1,10,0,16,8,25,31,11,11,14,27
2005,170367,2,1,0,0,0,0,0,0,0,0,0,0
2005,170368,1,1,3,3,3,3,3,3,3,3,3,3
2005,170368,2,1,0,0,0,0,0,0,0,0,0,0
2005,170369,1,1,0,0,0,0,0,0,0,0,0,0
2005,170369,2,1,0,0,0,0,0,0,0,0,0,0
2005,170369,3,1,0,0,0,0,0,0,0,0,0,0
2005,170370,1,1,0,0,0,0,0,0,0,0,0,0
2005,170370,2,1,0,0,0,0,0,0,0,0,0,0
2005,170371,1,1,26,26,26,26,26,26,26,26,26,26
2005,170372,1,1,0,0,0,0,0,0,0,0,0,0
2005,170373,1,1,0,0,0,0,0,0,0,0,0,0
2005,170374,1,1,6,0,11,4,0,9,13,0,0,17
2005,170374,2,1,23,0,0,0,0,0,0,0,0,0
2005,170374,3,1,0,0,0,0,0,0,0,0,0,0
2005,170375,1,1,12,12,12,12,12,12,12,12,12,12
2005,170375,2,1,0,0,0,0,0,0,0,0,0,0
2005,170376,1,1,23,17,23,26,0,14,15,29,17,13
2005,170377,1,1,0,0,0,0,0,0,0,0,0,0
2005,170377,2,1,0,0,0,0,0,0,0,0,0,0
2005,170379,0,1,0,0,0,0,0,0,0,0,0,0
2005,170379,0,2,0,0,0,0,0,0,0,0,0,0
2005,170379,1,1,0,0,0,0,0,0,0,16,0,0
2005,170380,1,1,0,0,0,0,0,0,0,0,0,0
2005,170380,2,1,14,0,0,0,0,0,0,0,0,0
2005,170381,1,1,0,0,0,0,0,0,0,0,0,0
2005,170381,2,1,0,0,0,0,0,0,0,0,4,0
2005,170382,1,1,1,1,1,1,1,1,1,1,1,1
2005,170382,2,1,0,0,0,0,0,0,0,0,0,0
2005,170383,1,1,26,26,26,26,26,26,26,26,26,26
2005,170384,1,1,20,20,20,20,20,20,20,20,20,20
2005,170385,0,1,0,0,0,0,0,0,0,0,16,0
2005,170385,1,1,0,0,0,0,15,0,0,0,0,0
2005,170386,1,1,14,13,35,44,13,7,17,13,15,10
2005,170386,2,1,0,0,0,0,0,0,0,0,0,0
2005,170387,1,1,0,0,0,0,0,0,0,0,0,0
2005,170387,2,1,0,0,0,0,0,0,0,0,0,0
2005,170388,1,1,0,0,0,0,0,0,0,0,0,0
2005,170388,2,1,0,0,0,0,0,0,0,0,0,0
2005,170389,1,1,21,21,21,21,21,21,21,21,21,21
2005,170390,1,1,0,0,0,0,0,0,0,0,0,0
2005,170391,1,1,17,17,17,17,17,17,17,17,17,17
2005,170391,2,1,0,0,0,0,0,0,19,0,0,0
2005,170392,0,1,23,0,21,0,0,0,0,0,0,0
2005,170392,1,1,0,0,0,0,0,0,0,0,0,0
2005,170393,1,1,21,21,21,21,21,21,21,21,21,21
2005,170394,1,1,28,28,28,28,28,28,28,28,28,28
2005,170394,2,1,0,0,0,0,0,0,0,0,0,0
2005,170394,3,1,0,0,0,0,0,0,0,0,0,0
2005,170395,1,1,0,0,0,0,0,0,0,0,0,0
2005,170396,1,1,0,0,0,0,0,0,0,0,0,0
2005,170397,0,1,0,0,0,0,0,0,0,0,0,0
2005,170397,1,1,0,0,0,0,0,0,0,0,0,0
2005,170398,1,1,10,10,10,10,10,10,10,10,10,10
2005,170399,1,1,0,0,0,0,0,0,0,0,0,0
2005,170399,2,1,0,0,0,0,0,0,0,0,0,0
2005,170400,1,1,15,15,15,15,15,15,15,15,15,15
2005,170401,1,1,0,0,0,0,0,0,0,0,0,0
2005,170401,2,1,0,0,0,0,0,0,0,0,0,0
2005,170402,1,1,24,24,24,24,24,24,24,24,24,24
2005,170402,2,1,0,0,0,0,0,0,0,0,0,0
2005,170403,1,1,28,9,21,9,28,16,18,10,6,26
2005,170405,1,1,0,0,0,0,0,0,0,0,0,0
2005,170405,2,1,0,0,0,0,0,0,0,0,0,0
2005,170406,0,1,0,0,0,0,0,0,0,0,0,0
2005,170406,1,1,16,6,22,3,16,0,0,0,25,9
2005,170407,1,1,0,0,0,0,0,0,0,0,0,0
2005,170407,2,1,0,0,0,0,0,0,0,0,0,0
2005,170409,1,1,0,0,0,0,0,0,0,0,0,0
2005,170410,1,1,8,8,8,8,8,8,8,8,8,8
2005,170410,2,1,0,0,0,0,0,0,0,0,0,0
2005,170411,1,1,24,24,24,24,24,24,24,24,24,24
2005,170412,1,1,0,0,0,0,0,0,0,0,0,0
2005,170412,2,1,0,12,10,0,0,0,0,0,0,21
2005,170412,3,1,17,0,18,0,0,0,20,24,0,0
2005,170413,1,1,7,0,0,0,0,0,0,0,0,0
2005,170413,2,1,0,0,0,0,0,0,0,0,0,0
2005,170414,1,1,7,7,7,7,7,7,7,7,7,7
2005,170415,1,1,0,0,0,0,0,0,0,0,0,0
2005,170415,2,1,0,0,0,0,0,0,0,0,0,0
2005,170416,1,1,0,0,0,0,0,0,0,0,0,0
2005,170417,1,1,0,0,0,0,0,0,0,0,0,0
2005,170418,1,1,0,0,0,0,0,0,0,0,0,0
2005,170418,2,1,0,0,0,0,0,0,0,0,0,0
2005,170418,3,1,0,0,0,0,0,0,0,0,0,0
2005,170418,4,1,0,0,0,0,0,0,0,0,0,0
2005,170419,1,1,0,0,0,0,0,0,0,0,0,0
2005,170419,2,1,0,0,0,0,0,0,0,0,0,0
2005,170420,1,1,16,16,16,16,16,16,16,16,16,16
2005,170421,1,1,2,2,2,2,2,2,2,2,2,2
2005,170421,2,1,0,0,0,0,0,0,0,0,0,0
2005,170422,1,1,0,5,0,0,0,0,0,0,0,11
2005,170423,1,1,19,19,19,19,19,19,19,19,19,19
2005,170424,1,1,0,0,0,0,0,0,0,0,0,0
2005,170425,1,1,0,0,0,0,0,0,0,0,0,0
2005,170425,2,1,0,0,0,0,0,0,0,0,0,0
2005,170425,3,1,0,0,0,0,0,0,0,0,0,0
2005,170425,4,1,0,0,0,0,0,0,0,0,0,0
2005,170426,1,1,0,0,0,0,9,0,0,2,0,20
2005,170426,2,1,0,20,0,0,0,0,0,0,0,0
2005,170427,0,1,0,0,0,0,0,0,0,0,0,0
2005,170427,1,1,0,15,0,0,22,8,0,0,0,0
2005,170428,1,1,0,0,0,0,0,0,0,0,0,0
2005,170428,2,1,0,0,0,0,0,0,0,0,0,0