YEAR,ST_CASE,veh_no,per_no,P1,P2,P3,P4,P5,P6,P7,P8,P9,P10
2005,170429,1,1,0,0,0,0,0,0,0,0,0,0
2005,170430,1,1,0,0,0,0,15,0,0,0,0,0
2005,170431,1,1,0,0,0,0,0,0,0,0,0,0
2005,170431,2,1,0,0,0,0,0,0,0,0,0,0
2005,170431,3,1,0,0,0,0,0,0,0,0,0,0
2005,170432,1,1,24,24,24,24,24,24,24,24,24,24
2005,170432,2,1,0,0,0,0,0,0,0,0,0,0
2005,170433,0,1,0,0,0,0,0,0,0,0,0,0
2005,170433,1,1,0,0,0,0,0,0,0,0,0,0
2005,170434,1,1,0,0,0,0,0,0,0,0,0,0
2005,170435,1,1,0,0,0,0,0,0,0,0,0,0
2005,170436,1,1,17,17,17,17,17,17,17,17,17,17
2005,170437,0,1,0,0,0,0,0,0,0,0,0,0
2005,170437,1,1,0,0,0,0,0,0,0,0,0,0
2005,170438,1,1,27,29,20,28,13,17,16,6,23,23
2005,170439,1,1,17,17,17,17,17,17,17,17,17,17
2005,170440,1,1,4,4,4,4,4,4,4,4,4,4
2005,170440,2,1,0,0,8,0,0,0,0,0,0,0
2005,170441,0,1,19,19,19,19,19,19,19,19,19,19
2005,170441,1,1,18,9,18,16,14,2,20,4,8,23
2005,170442,1,1,0,0,0,0,0,0,0,0,0,0
2005,170442,2,1,12,12,12,12,12,12,12,12,12,12
2005,170443,1,1,0,0,0,0,0,0,0,0,0,0
2005,170443,2,1,0,0,0,0,0,0,0,0,0,0
2005,170444,1,1,0,0,0,0,0,0,0,0,0,0
2005,170444,2,1,0,0,0,0,0,0,0,9,0,0
2005,170445,1,1,0,0,0,0,0,0,0,0,0,0
2005,170446,1,1,2,2,2,2,2,2,2,2,2,2
2005,170446,2,1,0,0,0,0,0,0,0,0,0,0
2005,170447,1,1,0,0,0,0,0,0,0,0,0,0
2005,170447,2,1,0,0,0,0,0,0,0,0,0,0
2005,170448,1,1,0,6,0,10,0,9,10,0,5,15
2005,170449,1,1,0,0,0,0,0,0,0,0,0,0
2005,170449,2,1,0,0,0,0,0,0,0,0,0,0
2005,170450,1,1,0,0,0,0,0,0,0,0,0,0
2005,170450,2,1,0,0,0,0,0,0,0,0,0,0
2005,170451,1,1,0,0,0,0,0,0,0,0,0,0
2005,170451,2,1,0,0,0,0,0,0,0,0,0,0
2005,170451,3,1,0,15,0,0,0,0,0,0,0,0
2005,170452,1,1,0,0,0,0,0,0,0,0,0,0
2005,170452,2,1,0,0,0,0,0,0,0,0,0,0
2005,170453,1,1,0,0,0,0,0,0,0,0,0,0
2005,170454,1,1,12,12,12,12,12,12,12,12,12,12
2005,170456,0,1,0,0,0,0,0,0,0,0,0,0
2005,170456,1,1,0,0,0,0,0,0,0,0,0,0
2005,170457,1,1,0,0,0,0,0,0,0,0,0,0
2005,170458,1,1,17,14,13,4,16,28,18,5,14,9
2005,170460,1,1,0,0,0,0,0,0,0,0,0,0
2005,170461,1,1,0,0,0,0,0,0,0,0,0,0
2005,170461,2,1,0,0,0,0,0,0,0,0,0,0
2005,170462,1,1,0,0,0,0,0,0,0,0,0,0
2005,170462,2,1,0,0,0,0,0,0,0,0,0,0
2005,170463,1,1,0,0,0,0,0,0,0,0,0,0
2005,170464,1,1,19,19,19,19,19,19,19,19,19,19
2005,170464,2,1,0,0,0,0,0,0,0,0,0,0
2005,170465,1,1,0,0,0,0,0,0,0,0,0,0
2005,170465,2,1,0,0,0,0,0,0,0,0,0,0
2005,170466,1,1,0,0,0,0,0,0,0,0,0,0
2005,170467,1,1,0,0,0,0,0,0,0,0,0,0
2005,170467,2,1,0,0,0,0,7,0,11,0,0,0
2005,170468,1,1,17,17,17,17,17,17,17,17,17,17
2005,170469,0,1,18,18,18,18,18,18,18,18,18,18
2005,170469,1,1,1,1,1,1,1,1,1,1,1,1
2005,170470,0,1,0,0,0,0,0,0,0,0,0,0
2005,170470,1,1,0,0,0,0,0,0,0,0,0,0
2005,170471,1,1,0,0,0,0,0,0,0,0,0,0
2005,170471,2,1,0,0,0,0,0,0,0,0,0,0
2005,170472,1,1,0,0,0,0,0,0,0,0,0,0
2005,170472,2,1,0,0,0,0,0,0,0,0,0,0
2005,170472,3,1,0,0,0,0,0,0,0,0,0,0
2005,170473,1,1,0,0,0,0,0,0,0,0,0,0
2005,170474,1,1,25,25,25,25,25,25,25,25,25,25
2005,170474,2,1,0,0,0,0,0,0,0,0,0,0
2005,170475,1,1,12,12,12,12,12,12,12,12,12,12
2005,170475,2,1,0,0,0,0,0,0,0,0,0,0
2005,170476,1,1,0,0,0,0,0,0,0,0,0,0
2005,170477,0,1,0,0,0,0,0,0,0,0,0,0
2005,170477,1,1,0,0,17,0,0,0,0,0,0,0
2005,170478,1,1,28,28,28,28,28,28,28,28,28,28
2005,170479,0,1,0,0,0,0,0,0,0,0,0,0
2005,170479,1,1,0,0,0,0,0,0,0,0,0,0
2005,170480,1,1,0,0,0,0,0,0,0,0,0,0
2005,170481,1,1,0,0,0,0,0,0,0,0,0,0
2005,170481,2,1,0,0,0,0,0,0,0,0,0,0
2005,170482,1,1,0,0,0,0,0,0,0,0,0,0
2005,170482,2,1,0,0,0,0,0,0,0,0,0,0
2005,170483,1,1,0,0,0,0,0,0,0,0,0,0
2005,170484,1,1,13,13,13,13,13,13,13,13,13,13
2005,170485,1,1,0,0,0,0,0,0,0,0,0,0
2005,170485,2,1,0,0,0,0,0,0,0,0,0,0
2005,170485,3,1,0,0,0,0,0,0,0,0,0,0
2005,170486,1,1,0,0,0,0,0,0,0,0,0,0
2005,170486,2,1,0,0,0,0,0,0,0,0,0,0
2005,170487,1,1,0,0,0,0,0,0,0,0,0,0
2005,170487,2,1,0,0,0,0,0,0,0,11,0,0
2005,170487,3,1,0,0,0,0,8,0,0,0,0,0
2005,170487,4,1,5,0,0,0,0,0,0,0,0,0
2005,170488,1,1,0,0,0,0,0,0,0,0,0,0
2005,170488,2,1,0,0,0,0,0,0,0,0,0,0
2005,170489,1,1,9,9,9,9,9,9,9,9,9,9
2005,170490,1,1,9,23,0,0,0,19,17,21,8,12
2005,170491,1,1,0,0,0,0,0,0,0,0,0,0
2005,170491,2,1,0,0,0,0,0,0,0,0,0,0
2005,170491,3,1,0,0,0,0,0,0,11,0,0,0
2005,170492,1,1,0,0,0,0,0,0,17,0,22,0
2005,170492,2,1,0,0,0,0,0,0,0,0,0,0
2005,170492,3,1,0,7,0,0,0,0,0,0,0,0
2005,170493,1,1,0,0,0,16,0,0,0,0,0,0
2005,170493,2,1,0,0,0,0,0,0,0,0,0,0
2005,170494,1,1,0,0,0,0,0,0,0,0,0,0
2005,170494,2,1,0,0,0,0,0,0,0,0,0,0
2005,170494,3,1,0,0,0,0,0,0,0,0,0,0
2005,170495,1,1,0,0,0,0,0,0,0,0,0,0
2005,170495,2,1,0,0,0,0,0,0,0,0,0,0
2005,170496,1,1,0,0,0,0,0,0,0,0,0,0
2005,170497,1,1,32,5,18,14,24,21,23,14,17,21
2005,170498,1,1,0,0,0,0,0,0,0,0,0,0
2005,170499,1,1,8,8,8,8,8,8,8,8,8,8
2005,170500,1,1,23,23,23,23,23,23,23,23,23,23
2005,170501,1,1,16,16,16,16,16,16,16,16,16,16
2005,170501,2,1,0,0,0,0,0,0,0,0,0,0
2005,170502,1,1,0,0,0,0,0,0,0,0,0,0
2005,170502,2,1,0,0,0,0,0,0,0,0,0,0
2005,170503,1,1,22,22,22,22,22,22,22,22,22,22
2005,170504,1,1,12,12,12,12,12,12,12,12,12,12
2005,170505,0,1,2,2,2,2,2,2,2,2,2,2
2005,170505,1,1,0,21,0,12,24,12,0,0,16,0
2005,170506,0,1,0,0,0,0,0,0,0,0,0,0
2005,170506,1,1,0,0,0,0,0,0,0,0,0,0
2005,170507,1,1,0,0,0,0,0,0,0,0,0,0
2005,170508,0,1,0,0,0,0,0,0,0,0,0,0
2005,170508,1,1,0,0,0,0,0,0,0,0,0,0
2005,170509,1,1,0,0,0,0,0,0,0,0,0,0
2005,170509,2,1,0,0,0,0,0,0,0,0,0,0
2005,170510,1,1,18,18,18,18,18,18,18,18,18,18
2005,170511,1,1,0,0,0,0,0,0,0,0,0,0
2005,170511,2,1,0,0,0,0,0,0,0,0,0,0
2005,170511,3,1,0,0,0,0,0,0,0,0,0,0
2005,170512,1,1,10,10,10,10,10,10,10,10,10,10
2005,170513,1,1,23,23,23,23,23,23,23,23,23,23
2005,170514,1,1,0,0,0,0,0,0,0,0,0,0
2005,170515,1,1,0,0,0,0,0,0,0,0,0,0
2005,170516,1,1,22,22,22,22,22,22,22,22,22,22
2005,170517,1,1,0,0,0,0,0,0,0,0,0,0
2005,170517,2,1,0,0,0,0,0,0,0,0,0,0
2005,170518,1,1,22,22,22,22,22,22,22,22,22,22
2005,170519,1,1,0,0,0,0,0,0,0,0,0,0
2005,170520,1,1,0,0,0,0,0,0,0,0,0,0
2005,170520,2,1,0,0,0,0,0,0,0,0,0,0
2005,170521,1,1,14,14,14,14,14,14,14,14,14,14
2005,170522,1,1,0,8,0,0,0,0,0,0,0,12
2005,170522,2,1,0,0,0,0,0,0,0,0,0,0
2005,170523,1,1,13,13,13,13,13,13,13,13,13,13
2005,170523,2,1,15,15,15,15,15,15,15,15,15,15
2005,170524,1,1,14,14,14,14,14,14,14,14,14,14
2005,170524,2,1,0,0,0,0,0,0,0,0,0,0
2005,170525,1,1,8,8,8,8,8,8,8,8,8,8
2005,170526,1,1,0,0,0,0,0,0,6,0,0,0
2005,170526,2,1,0,0,0,0,0,0,0,0,0,0
2005,170527,1,1,0,0,0,0,0,0,0,0,0,0
2005,170527,2,1,0,0,0,0,0,0,1,0,0,0
2005,170528,1,1,22,22,22,22,22,22,22,22,22,22
2005,170529,1,1,22,22,22,22,22,22,22,22,22,22
2005,170530,1,1,0,0,0,0,0,0,0,0,0,0
2005,170531,1,1,0,0,0,0,0,0,0,0,0,0
2005,170532,1,1,0,0,0,0,0,0,0,0,0,0
2005,170532,2,1,0,0,0,0,0,0,0,0,0,0
2005,170533,1,1,0,0,0,0,0,0,0,0,0,0
2005,170535,1,1,0,0,0,0,0,0,0,0,0,0
2005,170536,1,1,0,10,0,0,0,0,0,0,0,0
2005,170537,1,1,10,10,10,10,10,10,10,10,10,10
2005,170537,2,1,0,0,0,0,0,0,0,0,0,0
2005,170538,1,1,0,0,0,0,0,0,0,0,0,0
2005,170538,2,1,0,0,0,0,0,0,0,0,0,0
2005,170539,1,1,14,16,0,22,0,0,0,12,0,0
2005,170540,1,1,23,23,23,23,23,23,23,23,23,23
2005,170541,1,1,0,0,0,0,0,0,0,0,0,0
2005,170541,2,1,0,0,0,0,0,0,0,0,0,0
2005,170541,3,1,0,0,0,0,0,0,0,0,0,0
2005,170541,4,1,0,0,0,0,0,0,0,0,0,0
2005,170542,1,1,0,0,0,0,0,0,0,0,0,0
2005,170544,1,1,16,16,16,16,16,16,16,16,16,16
2005,170545,1,1,0,0,0,0,0,0,0,0,0,0
2005,170545,2,1,0,0,0,0,0,0,0,0,0,0
2005,170547,1,1,0,0,0,0,0,0,0,0,0,0
2005,170547,2,1,0,0,0,0,0,0,0,0,0,0
2005,170548,1,1,9,9,9,9,9,9,9,9,9,9
2005,170549,1,1,23,23,23,23,23,23,23,23,23,23
2005,170551,0,1,6,6,6,6,6,6,6,6,6,6
2005,170551,1,1,0,0,0,0,0,0,0,0,0,0
2005,170552,1,1,14,14,14,14,14,14,14,14,14,14
2005,170553,1,1,0,0,0,0,0,0,20,0,0,0
2005,170553,2,1,0,0,0,0,0,0,0,0,0,0
2005,170554,1,1,11,11,11,11,11,11,11,11,11,11
2005,170554,2,1,0,0,0,0,0,0,0,0,0,0
2005,170555,1,1,6,0,0,10,5,35,0,30,4,7
2005,170555,2,1,0,0,0,0,0,0,0,0,0,0
2005,170556,1,1,13,13,13,13,13,13,13,13,13,13
2005,170556,2,1,0,0,0,0,0,0,0,0,0,0
2005,170557,1,1,0,0,0,0,0,0,0,0,0,0
2005,170557,2,1,0,0,0,0,0,0,0,0,0,11
2005,170558,1,1,34,34,34,34,34,34,34,34,34,34
2005,170558,2,1,0,0,0,0,0,0,0,0,0,0
2005,170559,0,1,0,0,0,0,0,0,0,0,0,0
2005,170559,1,1,0,0,0,0,0,0,0,0,0,0
2005,170560,1,1,0,0,0,0,0,0,0,0,0,0
2005,170561,1,1,0,0,0,0,0,0,0,0,0,0
2005,170561,2,1,0,0,0,0,0,0,0,0,0,0
2005,170562,1,1,0,0,0,0,0,0,0,0,0,0
2005,170562,2,1,0,0,0,0,0,0,0,0,0,0
2005,170563,1,1,0,0,0,0,0,0,0,0,0,0
2005,170563,2,1,0,0,0,0,0,0,0,0,0,0
2005,170564,1,1,0,0,0,0,0,0,0,0,0,0
2005,170565,0,1,0,0,0,0,0,0,0,0,0,0
2005,170565,1,1,0,0,0,0,0,0,0,8,0,0
2005,170566,0,1,0,0,0,0,0,0,0,0,0,0
2005,170566,1,1,28,0,0,0,0,0,0,0,0,0
2005,170567,0,1,0,0,0,0,0,0,0,0,0,0
2005,170567,1,1,0,0,0,0,6,0,0,0,0,11
2005,170568,1,1,15,15,15,15,15,15,15,15,15,15
2005,170569,1,1,0,0,0,0,0,0,0,0,0,0
2005,170569,2,1,0,0,0,0,0,0,0,0,0,0
2005,170569,3,1,0,0,0,0,0,0,0,0,0,0
2005,170570,0,1,0,0,0,0,0,0,0,0,0,0
2005,170570,1,1,0,0,0,0,0,0,0,0,0,0
2005,170571,1,1,0,0,0,0,0,0,0,0,0,0
2005,170571,2,1,0,0,0,0,0,0,0,0,0,0
2005,170572,1,1,0,0,0,0,0,0,0,0,0,0
2005,170573,1,1,2,2,2,2,2,2,2,2,2,2
2005,170573,2,1,24,0,0,0,6,0,0,0,0,5
2005,170574,1,1,0,0,0,0,0,0,0,0,0,0
2005,170574,2,1,0,0,0,0,0,0,0,0,0,0
2005,170574,3,1,0,0,0,0,0,0,0,0,0,0
2005,170575,1,1,13,13,13,13,13,13,13,13,13,13
2005,170575,2,1,0,0,0,0,0,0,0,0,0,0
2005,170576,1,1,0,0,0,0,0,0,0,0,0,0
2005,170576,2,1,0,0,0,0,0,0,0,0,0,0
2005,170577,1,1,0,0,0,0,0,0,0,0,0,0
2005,170577,2,1,0,0,0,0,0,11,0,0,0,0
2005,170578,1,1,0,0,0,0,0,0,0,0,0,0
2005,170578,2,1,0,0,0,0,0,0,0,0,0,0
2005,170579,1,1,0,0,0,0,0,0,0,0,0,0
2005,170579,2,1,0,17,0,0,0,0,0,0,0,0
2005,170581,1,1,0,3,0,0,0,0,0,0,0,0
2005,170582,1,1,11,11,11,11,11,11,11,11,11,11
2005,170583,1,1,12,12,12,12,12,12,12,12,12,12
2005,170584,1,1,29,0,14,29,0,0,0,12,7,21
2005,170585,1,1,39,39,39,39,39,39,39,39,39,39
2005,170585,2,1,0,0,0,0,0,0,0,0,0,0
2005,170586,1,1,0,0,0,0,0,0,0,0,0,0
2005,170586,2,1,0,0,0,0,0,0,0,0,0,0
2005,170586,3,1,0,0,0,0,0,0,0,0,0,0
2005,170587,1,1,11,18,26,15,48,14,26,0,0,15
2005,170587,2,1,0,0,0,0,0,0,0,0,0,0
2005,170588,1,1,0,0,0,0,0,0,0,0,0,0
2005,170588,2,1,0,0,0,0,0,0,0,0,0,0
2005,170588,3,1,0,0,0,0,0,16,18,0,0,0
2005,170589,1,1,0,0,0,0,0,0,0,0,0,0
2005,170590,0,1,0,0,0,0,0,0,0,0,0,0
2005,170590,1,1,0,0,0,0,0,0,0,0,0,0
2005,170591,1,1,0,0,0,0,0,0,0,0,0,0
2005,170592,1,1,0,0,0,0,0,0,0,0,0,0
2005,170592,2,1,0,9,0,0,0,0,0,0,0,0
2005,170592,3,1,0,0,0,0,16,0,0,0,0,0
2005,170592,4,1,0,0,0,0,0,0,0,0,0,0
2005,170593,1,1,3,3,3,3,3,3,3,3,3,3
2005,170593,2,1,0,0,0,0,0,0,0,0,0,0
2005,170594,1,1,15,15,15,15,15,15,15,15,15,15
2005,170594,2,1,0,0,0,0,0,0,0,0,0,0
2005,170595,1,1,0,0,0,0,0,0,0,0,0,0
2005,170595,2,1,0,0,0,0,0,0,0,0,0,0
2005,170596,1,1,3,3,3,3,3,3,3,3,3,3
2005,170596,2,1,0,0,7,0,0,0,0,0,0,0
2005,170597,1,1,14,0,0,6,0,7,0,0,15,0
2005,170598,1,1,14,14,14,14,14,14,14,14,14,14
2005,170599,1,1,26,26,26,26,26,26,26,26,26,26
2005,170599,2,1,0,0,0,0,0,0,0,0,0,0
2005,170600,1,1,27,27,27,27,27,27,27,27,27,27
2005,170600,2,1,8,0,0,0,0,0,0,0,0,0
2005,170601,1,1,0,0,0,0,0,0,0,0,0,0
2005,170601,2,1,0,0,0,0,0,0,0,0,0,0
2005,170602,1,1,0,0,0,0,0,0,0,0,0,0
2005,170602,2,1,0,0,0,0,0,0,0,0,0,0
2005,170603,1,1,13,11,21,36,9,29,0,15,17,17
2005,170604,0,1,0,0,0,0,0,0,0,0,0,0
2005,170604,1,1,5,5,5,5,5,5,5,5,5,5
2005,170605,1,1,21,21,21,21,21,21,21,21,21,21
2005,170606,1,1,0,0,0,0,0,0,0,0,0,0
2005,170607,1,1,0,0,0,0,0,0,0,0,0,0
2005,170607,2,1,5,0,0,0,0,0,0,0,0,0
2005,170607,3,1,0,0,0,0,0,0,0,0,0,0
2005,170607,4,1,0,0,0,0,0,0,0,0,0,0
2005,170608,1,1,0,0,0,0,0,0,0,0,0,0
2005,170609,1,1,0,0,0,0,0,0,0,0,0,0
2005,170609,2,1,0,0,0,0,0,0,0,0,0,0
2005,170610,1,1,0,7,0,0,0,0,0,0,0,0
2005,170610,2,1,0,0,0,0,0,0,0,0,0,0
2005,170611,1,1,10,10,10,10,10,10,10,10,10,10
2005,170611,2,1,0,0,0,0,0,0,0,0,0,0
2005,170612,1,1,13,13,13,13,13,13,13,13,13,13
2005,170613,1,1,7,7,7,7,7,7,7,7,7,7
2005,170614,1,1,7,7,7,7,7,7,7,7,7,7
2005,170615,1,1,0,9,0,0,0,0,0,0,0,0
2005,170615,2,1,0,0,0,0,0,0,0,0,0,0
2005,170616,1,1,14,14,14,14,14,14,14,14,14,14
2005,170617,1,1,0,0,0,0,0,0,0,0,0,0
2005,170618,1,1,29,29,29,29,29,29,29,29,29,29
2005,170619,1,1,15,15,15,15,15,15,15,15,15,15
2005,170620,1,1,0,0,0,0,0,0,0,0,0,0
2005,170620,2,1,0,5,0,31,0,16,0,0,0,0
2005,170620,3,1,0,0,0,0,4,0,0,0,0,0
2005,170621,0,1,0,0,0,0,0,0,0,0,0,0
2005,170621,1,1,23,0,0,0,0,0,7,0,0,0
2005,170622,1,1,0,0,0,0,0,0,0,0,0,0
2005,170623,1,1,4,4,4,4,4,4,4,4,4,4
2005,170624,1,1,0,0,0,0,0,0,0,0,0,0
2005,170624,2,1,0,0,0,0,0,0,0,0,0,0
2005,170625,1,1,0,0,0,0,0,0,0,0,0,0
2005,170626,1,1,3,3,3,3,3,3,3,3,3,3
2005,170626,2,1,19,19,19,19,19,19,19,19,19,19
2005,170627,1,1,21,17,11,17,22,11,12,30,16,22
2005,170627,2,1,0,0,0,0,0,9,0,0,0,0
2005,170628,1,1,17,17,17,17,17,17,17,17,17,17
2005,170629,1,1,23,23,23,23,23,23,23,23,23,23
2005,170629,2,1,0,0,0,0,0,0,0,0,0,0
2005,170630,1,1,25,25,25,25,25,25,25,25,25,25
2005,170630,2,1,0,0,0,0,0,0,0,0,0,0
2005,170631,1,1,22,22,22,22,22,22,22,22,22,22
2005,170632,1,1,2,2,2,2,2,2,2,2,2,2
2005,170632,2,1,0,0,16,0,0,0,0,0,0,0
2005,170633,1,1,19,24,11,14,16,14,17,15,13,8
2005,170634,1,1,16,16,16,16,16,16,16,16,16,16
2005,170634,2,1,0,0,0,0,0,0,0,0,0,0
2005,170634,3,1,0,0,0,0,0,0,0,0,0,0
2005,170635,1,1,0,0,0,0,0,0,0,0,0,0
2005,170636,1,1,0,0,0,0,0,0,0,0,0,0
2005,170636,2,1,0,0,0,0,0,0,0,0,0,0
2005,170636,3,1,0,0,0,0,0,0,0,0,0,0
2005,170637,1,1,6,0,28,0,0,0,0,0,0,0
2005,170637,2,1,0,0,0,0,0,0,0,0,0,0
2005,170638,1,1,10,0,0,0,0,0,0,12,0,0
2005,170639,1,1,0,0,0,0,0,0,0,0,0,0
2005,170639,2,1,4,4,4,4,4,4,4,4,4,4
2005,170639,3,1,0,0,17,18,0,0,0,0,0,0
2005,170640,1,1,0,0,0,0,0,0,0,0,0,0
2005,170641,1,1,0,0,0,0,0,0,0,0,0,0
2005,170641,2,1,0,16,0,0,16,0,0,0,0,0
2005,170642,1,1,0,0,0,0,0,0,0,0,0,0
2005,170643,1,1,0,0,0,0,0,0,0,0,0,0
2005,170643,2,1,1,1,1,1,1,1,1,1,1,1
2005,170644,1,1,0,0,0,0,0,0,0,0,0,0
2005,170644,2,1,0,0,0,0,0,0,0,0,0,0
2005,170645,1,1,0,0,0,0,0,0,0,0,0,0
2005,170647,1,1,0,0,0,0,0,0,0,0,0,0
2005,170648,1,1,0,0,0,0,0,0,0,0,0,0
2005,170649,1,1,0,0,0,0,20,9,0,16,26,0
2005,170650,1,1,0,0,0,0,0,0,0,0,0,0
2005,170650,2,1,0,0,0,0,0,0,0,11,0,0
2005,170651,1,1,24,24,24,24,24,24,24,24,24,24
2005,170652,1,1,0,0,0,0,0,0,0,0,0,0
2005,170652,2,1,0,0,0,0,0,0,0,0,0,0
2005,170653,1,1,0,0,0,0,0,0,0,0,0,0
2005,170653,2,1,0,0,0,0,0,0,0,0,0,0
2005,170655,1,1,0,0,0,0,0,0,0,0,0,0
2005,170655,2,1,0,0,0,0,0,0,0,0,0,0
2005,170656,1,1,0,0,0,0,0,0,0,0,0,0
2005,170658,1,1,4,4,4,4,4,4,4,4,4,4
2005,170658,2,1,0,0,0,0,0,0,0,0,0,0
2005,170659,1,1,0,0,0,0,0,0,0,0,0,0
2005,170659,2,1,0,0,0,0,0,0,0,0,0,0
2005,170660,1,1,0,0,0,0,0,0,0,0,0,0
2005,170661,1,1,0,0,0,0,0,0,0,0,0,0
2005,170661,2,1,0,0,0,0,0,0,0,0,0,0
2005,170661,3,1,0,0,0,0,0,0,0,0,0,0
2005,170661,4,1,0,0,0,0,0,0,0,0,0,0
2005,170662,1,1,0,0,0,0,0,0,0,0,0,0
2005,170663,1,1,21,21,21,21,21,21,21,21,21,21
2005,170664,1,1,0,0,0,0,0,0,0,0,0,0
2005,170664,2,1,22,22,22,22,22,22,22,22,22,22
2005,170665,0,1,0,16,0,0,0,0,0,0,11,0
2005,170665,0,2,18,18,18,18,18,18,18,18,18,18
2005,170665,0,3,0,13,26,0,3,9,0,0,0,0
2005,170665,1,1,0,0,23,0,36,16,0,7,27,10
2005,170666,0,1,8,8,8,8,8,8,8,8,8,8
2005,170666,0,2,0,22,18,13,25,15,0,17,0,6
2005,170666,1,1,0,0,15,0,0,0,0,0,0,0
2005,170667,0,1,0,0,0,26,0,0,7,0,0,0
2005,170667,1,1,19,19,19,19,19,19,19,19,19,19
2005,170668,1,1,0,0,0,0,0,0,0,0,0,0
2005,170668,2,1,0,0,0,0,0,0,0,0,0,0
2005,170669,1,1,0,0,0,15,0,0,0,13,3,24
2005,170669,2,1,0,0,0,0,0,0,0,0,0,0
2005,170670,1,1,20,20,20,20,20,20,20,20,20,20
2005,170670,2,1,0,0,0,0,0,0,0,0,0,0
2005,170670,3,1,0,0,0,0,0,0,0,0,0,0
2005,170671,1,1,2,2,2,2,2,2,2,2,2,2
2005,170672,1,1,16,16,16,16,16,16,16,16,16,16
2005,170673,1,1,0,0,9,7,22,0,0,0,0,0
2005,170673,2,1,0,0,0,0,0,0,0,0,0,0
2005,170674,1,1,28,28,28,28,28,28,28,28,28,28
2005,170674,2,1,0,0,0,0,0,0,0,0,0,0
2005,170675,0,1,0,0,0,0,0,0,0,0,0,0
2005,170675,1,1,7,0,7,0,14,9,26,0,0,0
2005,170676,1,1,0,22,12,0,0,0,0,0,17,29
2005,170677,1,1,0,0,0,0,0,0,0,0,0,0
2005,170677,2,1,0,0,0,0,0,0,10,0,0,0
2005,170678,1,1,0,0,0,0,0,0,0,0,0,0
2005,170678,2,1,0,0,0,0,0,0,0,0,0,0
2005,170679,0,1,15,15,15,15,15,15,15,15,15,15
2005,170679,1,1,0,0,0,0,0,0,0,0,0,0
2005,170680,1,1,6,9,20,12,9,13,10,8,16,13
2005,170680,2,1,0,0,7,0,0,0,0,0,0,0
2005,170681,1,1,0,0,0,0,0,0,0,0,0,0
2005,170682,1,1,20,20,20,20,20,20,20,20,20,20
2005,170684,1,1,0,0,0,0,0,0,0,0,0,0
2005,170685,1,1,0,0,0,0,0,0,0,0,0,0
2005,170686,1,1,0,0,0,0,0,0,0,0,0,0
2005,170686,2,1,0,0,0,0,0,0,0,0,0,0
2005,170687,1,1,11,11,11,11,11,11,11,11,11,11
2005,170688,1,1,26,26,26,26,26,26,26,26,26,26
2005,170688,2,1,0,0,0,0,0,0,0,0,0,0
2005,170689,1,1,29,29,29,29,29,29,29,29,29,29
2005,170690,1,1,0,0,0,0,0,0,0,0,0,0
2005,170690,2,1,0,0,0,0,0,0,0,0,0,0
2005,170690,3,1,0,0,0,0,0,0,0,0,0,0
2005,170691,1,1,0,0,0,0,0,0,0,0,0,0
2005,170691,2,1,7,7,7,7,7,7,7,7,7,7
2005,170692,1,1,26,26,26,26,26,26,26,26,26,26
2005,170692,2,1,0,0,10,0,0,0,0,0,0,0
2005,170693,1,1,22,22,22,22,22,22,22,22,22,22
2005,170694,1,1,0,0,13,0,0,0,0,18,0,0
2005,170695,1,1,0,0,0,0,0,21,0,0,0,0
2005,170695,2,1,0,0,0,0,0,0,0,0,0,0
2005,170696,1,1,0,0,0,0,0,0,0,0,0,0
2005,170697,1,1,0,0,0,0,0,0,0,0,0,0
2005,170697,2,1,0,0,0,0,0,0,0,0,0,0
2005,170697,3,1,0,0,0,0,0,0,0,0,0,0
2005,170698,1,1,0,0,0,0,0,0,0,0,0,0
2005,170698,2,1,0,0,0,0,0,0,16,0,0,15
2005,170699,1,1,0,0,0,0,0,0,0,0,0,0
2005,170699,2,1,0,0,0,0,0,0,0,0,0,0
2005,170700,1,1,0,0,0,0,0,0,0,0,0,0
2005,170701,1,1,2,2,2,2,2,2,2,2,2,2
2005,170701,2,1,0,0,0,0,0,0,0,0,0,0
2005,170701,3,1,0,0,0,0,0,0,0,0,0,0
2005,170702,0,1,6,6,6,6,6,6,6,6,6,6
2005,170702,1,1,0,0,0,0,0,0,0,0,0,0
2005,170703,1,1,0,0,0,0,0,0,0,0,0,0
2005,170703,2,1,0,0,0,0,0,0,0,0,0,0
2005,170704,1,1,0,0,0,0,0,0,0,0,0,0
2005,170704,2,1,4,0,0,0,0,0,3,0,0,0
2005,170704,3,1,0,0,0,0,0,0,0,0,0,0
2005,170705,0,1,9,9,9,9,9,9,9,9,9,9
2005,170705,1,1,12,12,12,12,12,12,12,12,12,12
2005,170706,1,1,29,29,29,29,29,29,29,29,29,29
2005,170707,1,1,0,0,0,0,0,0,0,0,0,0
2005,170707,2,1,0,0,0,0,0,0,0,0,0,0
2005,170708,1,1,0,0,0,0,0,0,0,0,0,0
2005,170709,1,1,0,0,0,0,0,0,0,0,0,0
2005,170709,2,1,0,0,0,0,0,0,0,0,0,0
2005,170710,1,1,0,0,0,0,0,0,0,0,0,0
2005,170710,2,1,0,0,0,0,0,0,0,0,0,0