YEAR,ST_CASE,veh_no,per_no,P1,P2,P3,P4,P5,P6,P7,P8,P9,P10
2005,170711,1,1,0,0,0,0,0,0,0,0,0,0
2005,170712,1,1,20,20,20,20,20,20,20,20,20,20
2005,170712,2,1,0,0,0,0,0,0,13,8,14,0
2005,170713,1,1,22,22,22,22,22,22,22,22,22,22
2005,170714,1,1,0,0,0,0,0,0,0,0,0,0
2005,170714,2,1,0,0,0,0,0,0,0,0,0,0
2005,170715,0,1,0,0,0,0,0,0,0,0,0,0
2005,170715,1,1,14,0,0,0,7,0,17,0,0,0
2005,170716,1,1,0,0,0,0,0,0,0,0,0,0
2005,170717,1,1,24,24,24,24,24,24,24,24,24,24
2005,170718,0,1,0,0,0,0,0,0,0,0,0,0
2005,170718,1,1,0,0,0,0,0,0,0,0,0,0
2005,170719,1,1,0,0,0,0,0,0,0,0,0,0
2005,170719,2,1,0,0,0,0,0,0,0,0,0,0
2005,170720,1,1,8,8,8,8,8,8,8,8,8,8
2005,170720,2,1,0,0,0,0,0,0,0,0,0,0
2005,170721,1,1,0,0,0,0,0,0,0,0,0,0
2005,170721,2,1,0,0,0,0,0,0,0,0,0,0
2005,170722,0,1,21,21,21,21,21,21,21,21,21,21
2005,170722,1,1,0,0,0,0,0,0,0,0,0,0
2005,170723,1,1,27,27,27,27,27,27,27,27,27,27
2005,170724,1,1,17,17,17,17,17,17,17,17,17,17
2005,170724,2,1,0,0,0,0,0,0,0,0,0,0
2005,170725,0,1,0,0,0,0,0,0,0,0,0,0
2005,170725,1,1,0,0,0,0,0,0,0,0,0,0
2005,170726,1,1,0,0,0,0,0,0,0,0,0,0
2005,170726,2,1,0,0,0,0,0,0,0,0,0,0
2005,170727,1,1,0,0,0,0,0,0,0,0,0,0
2005,170727,2,1,0,0,0,0,0,0,0,0,0,0
2005,170728,1,1,0,0,0,0,0,0,0,0,0,0
2005,170729,1,1,0,0,0,0,0,0,0,0,0,0
2005,170729,2,1,0,0,0,0,0,0,0,0,0,0
2005,170730,1,1,3,3,3,3,3,3,3,3,3,3
2005,170731,1,1,13,13,13,13,13,13,13,13,13,13
2005,170732,1,1,4,0,0,0,0,0,0,0,5,0
2005,170732,2,1,0,0,0,0,0,0,0,0,0,0
2005,170733,0,1,11,11,11,11,11,11,11,11,11,11
2005,170733,1,1,0,0,0,0,0,0,0,0,0,0
2005,170734,0,1,0,0,0,0,0,0,0,0,0,0
2005,170734,1,1,0,0,0,0,0,0,0,0,0,0
2005,170735,1,1,0,0,0,0,0,0,0,0,0,0
2005,170735,2,1,13,13,13,13,13,13,13,13,13,13
2005,170736,1,1,0,0,0,0,0,0,0,0,0,0
2005,170736,2,1,0,0,0,0,0,0,7,0,0,0
2005,170737,1,1,0,0,0,0,0,0,0,0,0,0
2005,170738,1,1,0,0,0,0,0,0,0,0,0,0
2005,170739,1,1,0,0,0,0,0,0,0,0,0,0
2005,170740,1,1,0,0,0,0,0,0,0,0,0,0
2005,170741,1,1,19,19,19,19,19,19,19,19,19,19
2005,170741,2,1,0,0,7,0,16,0,0,0,0,0
2005,170741,3,1,0,0,0,0,10,0,0,0,0,0
2005,170742,1,1,0,0,0,0,0,0,0,0,0,0
2005,170742,2,1,0,0,0,0,0,0,0,0,0,0
2005,170743,1,1,5,5,5,5,5,5,5,5,5,5
2005,170744,1,1,14,14,14,14,14,14,14,14,14,14
2005,170744,2,1,0,0,0,0,0,0,0,0,0,0
2005,170745,1,1,0,0,0,0,0,0,0,0,0,0
2005,170746,1,1,19,19,19,19,19,19,19,19,19,19
2005,170747,1,1,13,13,13,13,13,13,13,13,13,13
2005,170747,2,1,0,0,0,0,0,0,0,0,0,0
2005,170748,1,1,19,19,19,19,19,19,19,19,19,19
2005,170749,1,1,0,0,0,0,0,0,0,0,0,0
2005,170750,1,1,19,19,19,19,19,19,19,19,19,19
2005,170751,1,1,0,0,0,0,0,0,0,0,0,0
2005,170751,2,1,0,0,0,0,0,0,0,0,0,0
2005,170752,0,1,2,2,2,2,2,2,2,2,2,2
2005,170752,1,1,0,0,0,6,0,0,0,0,0,0
2005,170753,1,1,19,19,19,19,19,19,19,19,19,19
2005,170754,1,1,0,0,0,0,0,0,0,0,0,0
2005,170754,2,1,0,0,0,0,0,0,0,0,0,0
2005,170755,1,1,0,0,0,0,0,0,0,0,0,0
2005,170755,2,1,0,0,0,0,0,0,0,0,0,0
2005,170756,1,1,0,0,0,0,0,0,0,0,0,0
2005,170756,2,1,0,0,0,0,0,0,0,0,0,0
2005,170757,1,1,2,8,24,19,25,11,17,23,5,5
2005,170758,1,1,22,22,22,22,22,22,22,22,22,22
2005,170759,0,1,0,0,0,0,0,0,0,0,0,0
2005,170759,1,1,0,0,0,0,0,0,0,0,0,0
2005,170760,1,1,0,0,0,0,0,0,0,0,0,0
2005,170761,0,1,0,0,0,0,0,0,0,0,0,0
2005,170761,1,1,0,0,0,0,11,0,0,0,0,0
2005,170762,1,1,8,8,8,8,8,8,8,8,8,8
2005,170762,2,1,0,0,0,0,0,0,0,0,0,0
2005,170763,1,1,12,12,12,12,12,12,12,12,12,12
2005,170763,2,1,0,0,0,0,0,0,0,0,0,0
2005,170764,0,1,0,0,0,0,0,0,0,0,0,0
2005,170764,1,1,0,0,0,0,0,0,0,0,0,0
2005,170765,1,1,0,0,0,0,0,0,0,0,0,0
2005,170765,2,1,7,0,0,0,0,0,0,0,0,0
2005,170765,3,1,0,0,0,0,0,0,0,0,0,0
2005,170766,1,1,0,0,0,0,0,0,0,8,0,0
2005,170766,2,1,3,3,3,3,3,3,3,3,3,3
2005,170767,0,1,0,0,0,0,0,0,0,0,0,0
2005,170767,1,1,0,0,0,0,0,0,8,0,0,0
2005,170768,1,1,18,18,18,18,18,18,18,18,18,18
2005,170769,1,1,0,0,0,0,0,0,0,0,0,0
2005,170770,1,1,0,0,0,0,0,0,0,0,0,0
2005,170770,2,1,0,0,0,0,0,0,0,0,0,0
2005,170770,3,1,0,0,0,0,0,0,0,0,0,0
2005,170771,1,1,14,14,14,14,14,14,14,14,14,14
2005,170772,1,1,24,24,24,24,24,24,24,24,24,24
2005,170773,1,1,17,17,17,17,17,17,17,17,17,17
2005,170774,1,1,0,0,0,0,0,0,0,0,0,0
2005,170774,2,1,0,0,0,0,0,0,0,0,0,0
2005,170775,1,1,0,0,0,0,0,0,0,0,0,0
2005,170775,2,1,0,0,0,0,0,0,0,0,0,0
2005,170776,1,1,12,12,12,12,12,12,12,12,12,12
2005,170777,0,1,0,0,0,0,0,0,0,0,0,0
2005,170777,1,1,0,0,0,0,0,0,0,0,0,0
2005,170778,1,1,0,0,0,0,0,0,0,0,0,0
2005,170779,0,1,0,0,0,0,0,0,0,0,0,0
2005,170779,1,1,0,0,0,0,0,0,0,0,0,0
2005,170780,1,1,1,1,1,1,1,1,1,1,1,1
2005,170780,2,1,0,0,0,0,0,0,0,0,0,0
2005,170781,1,1,7,7,7,7,7,7,7,7,7,7
2005,170781,2,1,0,0,0,0,0,0,0,0,0,0
2005,170781,3,1,0,0,0,0,0,0,0,0,0,0
2005,170782,0,1,0,0,0,0,0,0,0,0,0,0
2005,170782,1,1,0,0,0,0,0,0,0,0,0,0
2005,170783,0,1,0,0,0,0,0,30,0,0,0,0
2005,170783,1,1,0,0,0,18,0,0,0,0,0,0
2005,170783,2,1,0,0,0,0,0,0,0,0,0,0
2005,170783,3,1,0,0,0,0,0,0,0,0,0,0
2005,170783,4,1,0,0,0,0,0,0,0,0,0,0
2005,170783,5,1,0,0,0,0,0,0,0,0,0,0
2005,170783,6,1,0,0,0,0,10,0,0,0,0,0
2005,170784,1,1,24,12,13,0,2,27,17,9,9,20
2005,170784,2,1,0,0,0,0,0,0,0,0,0,0
2005,170785,1,1,0,0,0,0,0,0,0,0,0,0
2005,170785,2,1,6,6,6,6,6,6,6,6,6,6
2005,170786,1,1,0,12,0,14,0,0,0,43,0,0
2005,170787,1,1,20,20,20,20,20,20,20,20,20,20
2005,170788,1,1,0,0,0,0,0,0,0,0,0,0
2005,170788,2,1,0,0,0,0,0,0,0,0,0,0
2005,170789,1,1,0,0,0,0,0,0,0,0,0,0
2005,170789,2,1,0,0,0,0,0,0,0,0,0,0
2005,170790,1,1,14,14,14,14,14,14,14,14,14,14
2005,170791,1,1,0,0,0,0,0,0,0,0,0,0
2005,170791,2,1,0,0,0,0,0,0,0,0,0,0
2005,170792,1,1,29,29,29,29,29,29,29,29,29,29
2005,170792,2,1,0,0,0,0,0,0,0,0,0,0
2005,170793,1,1,0,0,0,0,0,0,0,0,0,0
2005,170793,2,1,0,0,0,0,0,0,0,0,0,0
2005,170794,1,1,20,20,20,20,20,20,20,20,20,20
2005,170794,2,1,0,0,0,0,0,0,0,0,0,0
2005,170795,1,1,1,1,1,1,1,1,1,1,1,1
2005,170796,1,1,1,1,1,1,1,1,1,1,1,1
2005,170797,1,1,19,19,19,19,19,19,19,19,19,19
2005,170797,2,1,0,0,0,0,0,0,0,0,0,0
2005,170798,0,1,0,0,0,0,0,0,0,0,0,0
2005,170798,1,1,0,0,0,0,0,0,0,0,0,0
2005,170799,1,1,17,17,17,17,17,17,17,17,17,17
2005,170800,0,1,23,23,23,23,23,23,23,23,23,23
2005,170800,1,1,0,0,0,0,0,0,0,0,0,0
2005,170801,1,1,0,0,0,0,0,0,0,0,0,0
2005,170802,1,1,0,0,0,0,0,13,0,17,0,0
2005,170802,2,1,0,0,0,0,0,0,0,0,0,0
2005,170803,0,1,0,0,0,0,0,0,0,0,0,0
2005,170803,1,1,0,0,0,0,0,0,0,0,0,0
2005,170804,1,1,0,0,0,0,0,0,0,0,0,0
2005,170804,2,1,4,4,4,4,4,4,4,4,4,4
2005,170805,1,1,21,21,21,21,21,21,21,21,21,21
2005,170806,1,1,24,24,24,24,24,24,24,24,24,24
2005,170808,1,1,11,11,11,11,11,11,11,11,11,11
2005,170809,0,1,20,20,20,20,20,20,20,20,20,20
2005,170809,1,1,0,0,0,0,0,0,0,0,0,0
2005,170810,1,1,11,0,0,0,35,15,12,18,12,19
2005,170811,1,1,18,18,18,18,18,18,18,18,18,18
2005,170813,1,1,0,0,0,0,0,0,0,0,0,0
2005,170813,2,1,0,0,0,0,0,0,0,0,0,0
2005,170814,1,1,14,14,14,14,14,14,14,14,14,14
2005,170815,1,1,0,0,0,0,0,0,0,0,0,0
2005,170816,1,1,0,0,0,0,0,0,0,0,0,0
2005,170816,2,1,0,0,0,0,0,0,8,0,0,0
2005,170817,1,1,0,0,0,0,0,0,0,0,0,0
2005,170818,1,1,0,0,0,0,0,0,0,0,0,0
2005,170818,2,1,0,0,0,0,0,0,0,0,0,0
2005,170819,1,1,0,0,16,0,0,0,0,0,46,0
2005,170819,2,1,0,0,0,14,0,0,0,0,9,0
2005,170820,1,1,14,14,14,14,14,14,14,14,14,14
2005,170820,2,1,0,0,0,0,0,0,19,0,0,0
2005,170821,0,1,4,4,4,4,4,4,4,4,4,4
2005,170821,1,1,0,0,0,0,0,0,0,0,0,0
2005,170822,1,1,0,0,0,0,0,0,0,0,0,0
2005,170823,1,1,0,0,12,0,16,0,15,0,0,0
2005,170824,1,1,17,17,17,17,17,17,17,17,17,17
2005,170824,2,1,0,0,0,0,0,0,0,0,0,0
2005,170825,1,1,18,18,18,18,18,18,18,18,18,18
2005,170826,1,1,0,0,0,0,0,0,0,0,0,0
2005,170826,2,1,5,5,5,5,5,5,5,5,5,5
2005,170827,0,1,13,13,13,13,13,13,13,13,13,13
2005,170827,1,1,0,0,0,0,6,0,0,0,0,0
2005,170828,1,1,9,9,9,9,9,9,9,9,9,9
2005,170829,0,1,0,0,0,0,0,0,0,0,0,0
2005,170829,1,1,0,0,0,0,0,0,0,0,0,0
2005,170830,1,1,0,0,0,0,0,0,0,0,0,0
2005,170830,2,1,0,0,0,0,0,0,0,0,0,0
2005,170831,1,1,2,2,2,2,2,2,2,2,2,2
2005,170831,2,1,0,7,0,0,0,0,0,0,0,0
2005,170832,1,1,17,17,17,17,17,17,17,17,17,17
2005,170833,1,1,0,0,0,0,0,0,0,0,0,0
2005,170833,2,1,0,0,0,0,0,0,0,0,0,0
2005,170834,1,1,14,14,14,14,14,14,14,14,14,14
2005,170835,1,1,7,7,7,7,7,7,7,7,7,7
2005,170836,1,1,0,0,0,0,0,0,0,0,0,0
2005,170836,2,1,0,0,0,0,0,0,0,0,0,0
2005,170837,1,1,0,0,0,13,11,0,0,13,31,30
2005,170838,0,1,15,15,15,15,15,15,15,15,15,15
2005,170838,1,1,0,0,0,0,0,0,0,0,0,0
2005,170839,1,1,17,17,17,17,17,17,17,17,17,17
2005,170840,1,1,0,0,0,0,0,13,8,0,0,0
2005,170841,1,1,0,0,0,0,0,0,0,0,0,0
2005,170842,1,1,0,0,0,0,0,0,0,0,0,0
2005,170842,2,1,0,0,21,0,0,0,0,0,0,0
2005,170843,1,1,0,0,0,0,0,0,0,0,0,0
2005,170843,2,1,0,0,0,0,0,0,8,0,0,0
2005,170844,1,1,0,0,0,0,0,0,0,0,0,0
2005,170844,2,1,0,0,0,0,0,0,0,0,0,0
2005,170845,1,1,13,13,13,13,13,13,13,13,13,13
2005,170846,1,1,16,16,16,16,16,16,16,16,16,16
2005,170847,0,1,0,0,0,0,0,0,0,0,0,0
2005,170847,1,1,0,0,0,21,0,0,8,0,30,0
2005,170848,1,1,0,0,0,0,0,0,0,0,0,0
2005,170848,2,1,0,0,0,0,0,0,0,0,0,0
2005,170849,1,1,0,0,0,0,0,0,0,0,0,0
2005,170849,2,1,0,0,0,0,0,0,0,0,0,0
2005,170850,1,1,0,0,0,0,0,0,0,0,0,0
2005,170850,2,1,0,0,0,0,0,0,0,0,0,0
2005,170850,3,1,0,0,0,0,0,0,0,0,0,0
2005,170851,1,1,31,31,31,31,31,31,31,31,31,31
2005,170853,1,1,0,0,0,0,0,0,0,0,0,0
2005,170853,2,1,0,0,0,0,0,0,0,0,0,0
2005,170854,0,1,0,0,0,0,0,0,0,0,0,0
2005,170854,1,1,0,0,0,0,0,0,0,0,5,0
2005,170855,1,1,20,20,20,20,20,20,20,20,20,20
2005,170856,1,1,0,0,0,0,0,0,0,0,0,0
2005,170856,2,1,0,0,0,0,0,0,0,0,0,0
2005,170857,1,1,25,25,25,25,25,25,25,25,25,25
2005,170857,2,1,12,12,12,12,12,12,12,12,12,12
2005,170859,1,1,29,0,0,0,0,0,0,0,0,0
2005,170859,2,1,0,0,0,0,0,0,0,0,0,0
2005,170860,1,1,19,19,19,19,19,19,19,19,19,19
2005,170861,0,1,0,0,0,0,0,0,0,0,0,0
2005,170861,1,1,0,0,0,0,0,0,0,0,0,0
2005,170862,0,1,0,0,0,0,0,0,0,0,0,0
2005,170862,1,1,0,23,8,13,0,0,13,0,8,0
2005,170863,1,1,12,12,12,12,12,12,12,12,12,12
2005,170863,2,1,0,0,0,0,0,0,0,0,0,0
2005,170864,1,1,17,17,17,17,17,17,17,17,17,17
2005,170865,0,1,0,0,0,0,0,0,0,0,0,0
2005,170865,1,1,21,21,21,21,21,21,21,21,21,21
2005,170866,0,1,0,0,0,0,0,0,0,0,0,0
2005,170866,1,1,0,0,0,0,0,0,0,0,0,0
2005,170867,1,1,4,8,4,13,5,21,15,6,12,8
2005,170867,2,1,0,0,0,0,0,0,0,0,0,0
2005,170868,1,1,0,0,0,0,0,0,0,0,0,0
2005,170868,2,1,0,0,0,0,0,0,0,0,0,0
2005,170869,1,1,24,24,24,24,24,24,24,24,24,24
2005,170870,1,1,20,20,20,20,20,20,20,20,20,20
2005,170871,1,1,0,0,0,0,0,0,0,0,0,0
2005,170871,2,1,0,0,0,0,0,0,0,0,0,0
2005,170871,3,1,0,0,0,18,0,0,0,0,0,0
2005,170872,1,1,24,24,24,24,24,24,24,24,24,24
2005,170872,2,1,0,0,0,0,0,0,0,0,0,0
2005,170873,1,1,27,27,27,27,27,27,27,27,27,27
2005,170874,1,1,0,0,0,0,0,0,0,0,0,0
2005,170874,2,1,0,0,0,0,0,0,0,0,0,0
2005,170874,3,1,0,0,0,0,0,0,0,0,0,0
2005,170875,1,1,0,0,0,0,0,0,0,0,0,0
2005,170875,2,1,0,0,0,0,0,0,0,0,0,0
2005,170876,1,1,0,0,0,0,0,0,0,0,0,0
2005,170876,2,1,0,0,0,0,0,0,0,0,0,0
2005,170877,1,1,1,1,1,1,1,1,1,1,1,1
2005,170878,0,1,10,10,10,10,10,10,10,10,10,10
2005,170878,1,1,0,0,0,0,0,11,0,0,0,27
2005,170878,2,1,0,0,0,0,0,0,0,0,0,0
2005,170879,0,1,32,32,32,32,32,32,32,32,32,32
2005,170879,1,1,0,0,0,0,0,0,0,0,0,0
2005,170880,0,1,0,0,0,0,0,0,0,0,0,0
2005,170880,1,1,0,0,0,0,0,0,7,0,0,0
2005,170881,1,1,20,20,20,20,20,20,20,20,20,20
2005,170882,1,1,0,0,0,0,0,0,0,0,0,0
2005,170883,0,1,10,10,10,10,10,10,10,10,10,10
2005,170883,1,1,0,0,0,15,0,0,8,0,0,0
2005,170884,1,1,9,9,9,9,9,9,9,9,9,9
2005,170885,1,1,0,0,0,0,0,0,0,0,0,0
2005,170886,1,1,0,0,0,0,0,0,0,0,0,0
2005,170886,2,1,0,0,0,0,0,0,0,0,0,0
2005,170887,1,1,6,6,6,6,6,6,6,6,6,6
2005,170888,1,1,0,0,0,0,0,0,0,0,0,0
2005,170888,2,1,0,0,0,0,0,0,0,0,0,0
2005,170889,1,1,0,0,0,0,0,0,0,0,0,0
2005,170889,2,1,0,0,0,0,0,0,0,0,0,0
2005,170890,1,1,4,4,4,4,4,4,4,4,4,4
2005,170891,1,1,18,18,18,18,18,18,18,18,18,18
2005,170892,1,1,6,6,6,6,6,6,6,6,6,6
2005,170892,2,1,0,0,0,0,0,0,0,0,0,0
2005,170893,1,1,11,11,11,11,11,11,11,11,11,11
2005,170893,2,1,0,0,0,0,23,0,0,0,0,0
2005,170894,1,1,0,0,0,0,0,0,0,0,0,0
2005,170895,0,1,0,0,0,0,0,0,0,0,0,0
2005,170895,1,1,0,0,0,0,29,0,0,0,0,0
2005,170895,2,1,0,0,0,0,0,0,0,0,0,0
2005,170896,1,1,0,0,0,0,0,0,0,0,0,0
2005,170896,2,1,0,0,0,0,0,0,0,0,0,0
2005,170898,0,1,0,0,0,0,0,0,0,0,0,0
2005,170898,1,1,0,0,0,0,0,0,0,0,0,0
2005,170899,1,1,0,0,0,0,0,0,0,0,0,0
2005,170899,2,1,0,0,0,0,0,0,0,0,0,0
2005,170900,1,1,0,0,0,0,0,0,0,0,0,0
2005,170902,1,1,28,28,28,28,28,28,28,28,28,28
2005,170903,1,1,0,0,0,0,0,0,0,0,0,0
2005,170905,1,1,15,15,15,15,15,15,15,15,15,15
2005,170906,1,1,14,14,14,14,14,14,14,14,14,14
2005,170906,2,1,0,0,0,0,0,16,0,0,0,0
2005,170906,3,1,0,0,0,0,0,0,0,0,0,0
2005,170906,4,1,0,0,0,0,0,0,0,0,0,0
2005,170907,1,1,0,0,0,0,0,0,0,0,0,0
2005,170908,1,1,0,0,0,0,0,0,0,0,0,0
2005,170908,2,1,14,14,14,14,14,14,14,14,14,14
2005,170909,1,1,17,17,17,17,17,17,17,17,17,17
2005,170909,2,1,0,0,0,0,0,0,0,0,0,0
2005,170909,3,1,0,0,0,0,0,0,0,0,0,0
2005,170910,1,1,8,8,8,8,8,8,8,8,8,8
2005,170911,1,1,6,6,6,6,6,6,6,6,6,6
2005,170912,1,1,23,23,23,23,23,23,23,23,23,23
2005,170913,1,1,0,0,0,0,0,0,0,0,0,0
2005,170913,2,1,0,0,0,0,0,0,0,0,0,0
2005,170913,3,1,0,0,0,0,0,0,0,0,0,0
2005,170914,1,1,14,14,14,14,14,14,14,14,14,14
2005,170914,2,1,0,0,0,0,0,0,0,0,0,0
2005,170915,1,1,0,0,0,0,0,0,0,0,0,0
2005,170915,2,1,0,0,0,0,0,0,0,0,0,0
2005,170916,1,1,17,17,17,17,17,17,17,17,17,17
2005,170917,0,1,0,0,0,0,0,0,0,0,0,0
2005,170917,1,1,0,0,0,0,0,0,0,0,0,0
2005,170918,1,1,0,0,0,0,0,0,0,0,0,0
2005,170918,2,1,0,0,0,12,0,0,0,0,0,0
2005,170919,0,1,0,0,0,0,0,0,0,0,0,0
2005,170919,1,1,0,0,0,0,0,0,0,0,0,0
2005,170920,1,1,9,9,9,9,9,9,9,9,9,9
2005,170921,1,1,0,0,0,0,0,0,0,0,0,0
2005,170921,2,1,0,0,0,0,0,0,0,0,0,0
2005,170921,3,1,0,0,0,0,0,0,0,0,0,0
2005,170921,4,1,0,0,0,0,0,0,0,0,0,0
2005,170922,1,1,0,0,0,0,0,0,0,0,0,0
2005,170922,2,1,0,0,0,0,0,0,0,0,0,0
2005,170923,1,1,0,0,0,0,0,0,0,0,0,0
2005,170923,2,1,0,0,0,0,0,0,0,0,0,0
2005,170924,1,1,0,0,0,0,0,0,0,0,0,0
2005,170924,2,1,0,0,0,0,0,0,0,0,14,0
2005,170925,1,1,0,0,0,0,0,0,0,0,0,0
2005,170925,2,1,0,0,0,0,0,0,0,0,0,0
2005,170925,3,1,0,0,0,0,0,0,0,0,0,0
2005,170926,0,1,0,0,0,0,0,0,0,0,0,0
2005,170926,1,1,16,0,30,0,11,2,6,11,0,0
2005,170927,0,1,0,0,0,0,0,0,0,0,0,0
2005,170927,1,1,20,0,0,10,0,0,0,0,0,0
2005,170928,1,1,0,0,0,0,0,0,0,0,0,0
2005,170928,2,1,0,0,0,0,0,0,0,0,0,0
2005,170929,1,1,0,0,0,32,17,0,6,12,0,13
2005,170930,1,1,0,0,0,0,0,0,0,0,0,0
2005,170931,1,1,0,0,0,0,0,0,0,0,0,0
2005,170931,2,1,0,0,0,0,0,0,0,0,0,0
2005,170931,3,1,0,0,0,0,0,0,0,0,0,0
2005,170931,4,1,0,3,0,0,0,0,0,0,0,0
2005,170931,5,1,0,0,0,0,0,0,0,0,0,0
2005,170932,0,1,4,4,4,4,4,4,4,4,4,4
2005,170932,1,1,0,0,0,0,0,0,16,0,16,29
2005,170933,1,1,4,4,4,4,4,4,4,4,4,4
2005,170934,0,1,0,0,0,0,0,0,0,0,0,0
2005,170934,1,1,0,0,0,0,0,0,0,0,0,0
2005,170936,1,1,15,15,15,15,15,15,15,15,15,15
2005,170937,1,1,0,0,0,0,0,0,0,0,0,0
2005,170937,2,1,0,0,0,0,0,0,0,0,0,0
2005,170937,3,1,0,0,0,0,0,0,11,6,0,0
2005,170938,1,1,0,0,0,0,0,0,0,0,0,0
2005,170939,1,1,21,21,21,21,21,21,21,21,21,21
2005,170940,1,1,0,0,0,0,0,0,0,0,0,0
2005,170940,2,1,0,0,0,0,0,0,0,0,0,0
2005,170941,1,1,0,0,0,0,0,0,0,0,0,0
2005,170941,2,1,0,0,0,0,0,0,0,0,0,0
2005,170942,1,1,23,23,23,23,23,23,23,23,23,23
2005,170943,0,1,0,0,0,0,0,0,0,0,0,0
2005,170943,1,1,0,0,0,0,0,0,15,0,0,0
2005,170943,2,1,0,0,0,0,0,0,0,14,0,0
2005,170943,3,1,0,0,0,10,0,0,0,0,0,0
2005,170943,4,1,0,0,0,0,0,0,0,0,0,0
2005,170944,1,1,0,0,0,0,0,0,0,0,0,0
2005,170944,2,1,0,0,0,0,0,0,0,0,0,0
2005,170945,1,1,14,21,0,0,0,0,0,0,0,0
2005,170946,1,1,16,16,16,16,16,16,16,16,16,16
2005,170946,2,1,0,0,0,0,0,0,0,0,0,0
2005,170947,1,1,0,0,0,0,0,0,0,0,0,0
2005,170947,2,1,0,0,0,0,0,0,0,0,0,0
2005,170948,1,1,24,24,24,24,24,24,24,24,24,24
2005,170948,2,1,0,0,0,0,0,0,0,0,0,0
2005,170948,3,1,0,0,0,0,0,0,0,0,6,0
2005,170948,4,1,0,0,0,0,0,0,0,25,0,0
2005,170949,1,1,0,0,3,0,0,0,0,0,0,0
2005,170950,1,1,0,0,35,0,0,0,0,0,0,0
2005,170951,1,1,14,13,24,15,7,23,25,15,19,10
2005,170951,2,1,10,0,14,0,0,0,0,0,0,17
2005,170952,1,1,8,8,8,8,8,8,8,8,8,8
2005,170953,1,1,0,0,17,0,0,0,0,0,0,0
2005,170954,0,1,0,0,0,0,0,0,0,0,0,0
2005,170954,0,2,0,0,0,0,0,0,0,0,0,0
2005,170954,1,1,0,0,0,0,0,0,0,0,0,0
2005,170954,2,1,0,0,0,0,0,0,0,0,0,0
2005,170955,0,1,0,0,17,10,13,22,0,17,8,0
2005,170955,0,2,0,0,0,0,0,0,0,0,0,0
2005,170955,1,1,4,20,12,9,16,36,0,23,16,34
2005,170956,0,1,0,0,0,0,0,0,0,0,0,0
2005,170956,1,1,0,0,0,0,0,0,0,0,0,0
2005,170957,1,1,0,0,0,0,0,0,0,0,0,0
2005,170957,2,1,0,0,0,0,0,5,0,13,0,0
2005,170958,0,1,0,0,0,0,0,0,0,0,0,0
2005,170958,1,1,12,13,8,5,6,13,14,6,8,13
2005,170959,0,1,0,0,0,0,0,0,0,0,0,0
2005,170959,1,1,14,0,0,0,0,19,0,11,0,0
2005,170960,0,1,0,0,0,0,0,0,0,0,0,0
2005,170960,1,1,0,0,0,0,0,0,0,0,0,0
2005,170961,1,1,8,8,8,8,8,8,8,8,8,8
2005,170962,1,1,0,0,0,0,0,0,0,0,0,0
2005,170962,2,1,0,0,0,0,0,0,0,0,0,0
2005,170963,0,1,6,6,6,6,6,6,6,6,6,6
2005,170963,1,1,0,0,0,0,0,0,0,0,0,0
2005,170964,0,1,0,0,0,0,0,0,0,0,0,0
2005,170964,1,1,0,0,0,0,0,0,0,0,0,0
2005,170965,0,1,0,0,0,0,0,0,0,0,0,0
2005,170965,1,1,0,0,0,0,0,0,0,0,0,0
2005,170966,1,1,25,25,25,25,25,25,25,25,25,25
2005,170966,2,1,23,23,23,23,23,23,23,23,23,23
2005,170967,0,1,0,0,0,0,0,0,0,0,0,0
2005,170967,1,1,23,0,0,14,15,0,0,0,0,20
2005,170968,0,1,0,0,0,0,0,0,0,0,0,0
2005,170968,1,1,0,0,0,0,0,0,0,0,0,0
2005,170969,1,1,18,18,18,18,18,18,18,18,18,18
2005,170970,1,1,14,14,14,14,14,14,14,14,14,14
2005,170970,2,1,0,0,0,0,0,0,0,0,0,0
2005,170971,1,1,11,11,11,11,11,11,11,11,11,11
2005,170972,1,1,0,0,0,0,0,0,0,0,0,0
2005,170973,1,1,0,0,0,0,0,0,0,0,0,0
2005,170973,2,1,0,0,0,0,0,0,0,0,0,0
2005,170974,1,1,0,0,0,0,0,0,0,0,0,0
2005,170975,1,1,0,0,0,0,0,0,0,0,0,0
2005,170976,1,1,14,14,14,14,14,14,14,14,14,14
2005,170977,1,1,0,0,0,0,0,0,0,0,0,0
2005,170977,2,1,0,0,0,0,0,0,0,0,0,0
2005,170978,1,1,24,24,24,24,24,24,24,24,24,24
2005,170978,2,1,0,0,0,0,0,0,0,0,0,0
2005,170979,0,1,37,37,37,37,37,37,37,37,37,37
2005,170979,1,1,0,0,0,0,0,0,0,0,0,0
2005,170980,1,1,0,0,0,0,0,0,0,0,0,0
2005,170980,2,1,0,0,0,0,0,0,0,0,0,0
2005,170980,3,1,0,0,0,0,0,0,0,0,0,0
2005,170981,0,1,0,0,0,0,0,0,0,0,0,0
2005,170981,1,1,0,0,0,0,0,0,0,0,0,0
2005,170981,2,1,0,0,0,0,0,0,0,0,0,0
2005,170982,1,1,0,0,0,0,0,0,0,0,0,0
2005,170982,2,1,0,0,0,0,0,0,0,0,0,0