YEAR,ST_CASE,veh_no,per_no,P1,P2,P3,P4,P5,P6,P7,P8,P9,P10
2005,170983,1,1,29,15,14,13,24,26,0,30,11,11
2005,170984,1,1,0,0,0,0,0,0,0,0,0,0
2005,170984,2,1,0,0,0,0,0,0,0,0,0,0
2005,170985,1,1,0,0,0,0,0,18,15,0,0,0
2005,170986,0,1,0,0,0,0,0,0,0,0,0,0
2005,170986,1,1,14,14,14,14,14,14,14,14,14,14
2005,170987,0,1,0,0,0,27,0,29,0,0,0,0
2005,170987,1,1,0,25,0,0,0,0,0,10,17,0
2005,170989,1,1,5,0,0,0,0,2,0,0,0,0
2005,170989,2,1,0,0,0,0,0,0,0,0,0,0
2005,170990,1,1,15,15,15,15,15,15,15,15,15,15
2005,170991,1,1,22,22,22,22,22,22,22,22,22,22
2005,170992,1,1,12,12,12,12,12,12,12,12,12,12
2005,170993,1,1,19,19,19,19,19,19,19,19,19,19
2005,170994,0,1,0,0,0,0,0,0,0,0,0,0
2005,170994,1,1,0,0,0,0,0,0,0,0,0,0
2005,170995,0,1,23,23,23,23,23,23,23,23,23,23
2005,170995,1,1,3,18,17,14,31,3,26,18,7,13
2005,170996,1,1,0,0,0,0,0,0,0,0,0,0
2005,170997,1,1,0,0,0,0,0,0,0,0,0,0
2005,170997,2,1,0,0,0,0,0,0,0,0,0,0
2005,170998,1,1,14,14,14,14,14,14,14,14,14,14
2005,170998,2,1,0,0,0,0,0,0,0,0,0,0
2005,170999,1,1,0,0,0,0,0,0,0,0,0,0
2005,171000,1,1,8,0,0,18,0,24,0,0,0,11
2005,171000,2,1,0,0,0,0,0,0,0,0,0,0
2005,171000,3,1,1,1,1,1,1,1,1,1,1,1
2005,171001,1,1,21,0,11,6,15,42,17,17,25,15
2005,171003,1,1,0,0,0,0,0,0,0,0,0,0
2005,171005,1,1,13,13,13,13,13,13,13,13,13,13
2005,171006,1,1,8,8,8,8,8,8,8,8,8,8
2005,171006,2,1,0,0,0,0,0,0,0,0,0,0
2005,171007,1,1,12,12,12,12,12,12,12,12,12,12
2005,171008,0,1,0,0,0,0,0,0,0,0,0,0
2005,171008,1,1,0,0,0,0,0,0,0,0,0,0
2005,171009,1,1,0,0,0,0,0,0,0,0,0,0
2005,171009,2,1,0,0,0,25,0,0,0,0,0,0
2005,171010,0,1,0,0,0,0,0,0,0,0,0,0
2005,171010,1,1,0,0,0,0,0,0,0,0,0,0
2005,171011,1,1,16,16,16,16,16,16,16,16,16,16
2005,171011,2,1,0,0,0,0,0,0,0,0,0,0
2005,171012,1,1,22,22,22,22,22,22,22,22,22,22
2005,171013,1,1,19,19,19,19,19,19,19,19,19,19
2005,171013,2,1,0,17,0,13,0,0,10,0,28,0
2005,171013,3,1,0,0,0,0,5,9,0,0,0,0
2005,171014,1,1,0,0,0,0,0,0,0,0,0,0
2005,171014,2,1,0,0,0,0,0,0,0,0,0,0
2005,171015,1,1,0,0,0,0,0,0,0,0,0,0
2005,171016,1,1,35,0,6,15,13,8,0,0,19,21
2005,171017,0,1,17,17,17,17,17,17,17,17,17,17
2005,171017,1,1,19,19,19,19,19,19,19,19,19,19
2005,171018,1,1,19,19,19,19,19,19,19,19,19,19
2005,171018,2,1,0,0,0,0,0,0,0,0,0,0
2005,171019,1,1,0,0,0,0,0,0,0,0,0,0
2005,171019,2,1,0,0,0,0,0,0,0,0,0,0
2005,171020,1,1,5,29,28,13,16,0,8,5,0,15
2005,171020,2,1,0,0,0,0,0,0,0,0,0,0
2005,171021,0,1,0,0,0,0,0,0,0,0,0,0
2005,171021,1,1,18,24,0,17,22,0,0,19,0,11
2005,171022,0,1,0,0,0,0,0,0,0,0,0,0
2005,171022,1,1,20,27,0,0,0,12,0,0,0,0
2005,171023,1,1,3,3,3,3,3,3,3,3,3,3
2005,171024,1,1,16,16,16,16,16,16,16,16,16,16
2005,171025,1,1,20,20,20,20,20,20,20,20,20,20
2005,171026,1,1,0,0,0,0,0,0,0,0,0,0
2005,171026,2,1,0,0,0,0,0,0,0,0,0,0
2005,171027,1,1,0,0,0,0,0,0,0,0,0,0
2005,171028,0,1,18,18,18,18,18,18,18,18,18,18
2005,171028,1,1,0,0,0,0,27,30,0,0,0,0
2005,171029,1,1,20,20,20,20,20,20,20,20,20,20
2005,171030,1,1,0,0,0,0,0,0,0,0,0,0
2005,171030,2,1,0,0,17,0,17,0,0,0,0,0
2005,171031,1,1,27,27,13,17,21,13,13,28,14,13
2005,171032,1,1,18,18,18,18,18,18,18,18,18,18
2005,171033,1,1,0,0,0,0,0,0,0,0,0,0
2005,171033,2,1,0,0,0,0,0,0,0,0,0,0
2005,171034,1,1,11,11,11,11,11,11,11,11,11,11
2005,171035,1,1,0,0,0,0,0,0,0,0,0,0
2005,171036,1,1,0,0,0,0,0,0,0,0,0,0
2005,171036,2,1,0,0,0,0,0,0,0,0,0,0
2005,171037,1,1,0,0,0,0,0,0,0,0,0,0
2005,171038,1,1,0,0,0,0,0,0,0,0,0,0
2005,171039,1,1,12,12,12,12,12,12,12,12,12,12
2005,171039,2,1,0,0,0,0,8,16,12,0,0,11
2005,171040,0,1,10,10,10,10,10,10,10,10,10,10
2005,171040,1,1,0,9,0,0,26,0,5,0,0,0
2005,171040,2,1,0,0,0,0,0,0,0,0,0,0
2005,171040,3,1,0,0,0,0,0,0,0,0,0,0
2005,171041,1,1,9,9,9,9,9,9,9,9,9,9
2005,171041,2,1,0,0,0,0,0,0,0,0,0,0
2005,171041,3,1,0,0,0,0,0,0,0,0,0,0
2005,171041,4,1,0,0,0,0,0,0,0,0,0,0
2005,171041,5,1,0,0,0,0,0,0,0,0,0,0
2005,171042,0,1,12,12,12,12,12,12,12,12,12,12
2005,171042,1,1,14,14,14,14,14,14,14,14,14,14
2005,171043,0,1,17,17,17,17,17,17,17,17,17,17
2005,171043,1,1,0,3,0,0,0,0,0,0,0,0
2005,171044,0,1,0,0,0,0,0,0,0,0,0,0
2005,171044,1,1,0,0,0,0,0,0,0,0,0,0
2005,171045,1,1,0,0,0,0,0,0,0,0,0,0
2005,171045,2,1,0,0,0,0,0,0,0,0,0,0
2005,171046,1,1,0,0,0,0,0,0,0,0,0,0
2005,171046,2,1,0,0,16,0,0,0,0,0,0,0
2005,171047,1,1,0,0,6,0,0,0,0,14,12,0
2005,171048,1,1,0,0,0,0,0,0,0,0,0,0
2005,171048,2,1,0,0,0,0,0,0,0,0,0,0
2005,171049,0,1,0,0,0,0,0,0,0,0,0,0
2005,171049,1,1,0,0,10,0,0,0,0,0,0,0
2005,171050,1,1,29,29,29,29,29,29,29,29,29,29
2005,171051,1,1,0,0,0,0,0,0,0,0,0,0
2005,171052,1,1,0,0,0,0,0,0,0,0,0,0
2005,171052,2,1,0,0,0,0,0,0,0,0,0,0
2005,171053,1,1,26,26,26,26,26,26,26,26,26,26
2005,171054,1,1,0,0,0,0,0,0,0,0,0,0
2005,171055,1,1,0,0,6,14,0,0,0,0,17,5
2005,171055,2,1,0,0,0,0,0,0,0,0,0,0
2005,171056,1,1,15,0,0,0,0,0,0,0,0,0
2005,171056,2,1,0,0,0,0,0,0,0,0,0,0
2005,171056,3,1,0,0,0,0,0,0,0,0,0,0
2005,171056,4,1,0,0,0,0,0,0,0,0,0,0
2005,171057,0,1,15,15,15,15,15,15,15,15,15,15
2005,171057,1,1,0,0,0,0,0,0,0,0,0,0
2005,171058,1,1,0,0,0,0,0,0,0,0,0,0
2005,171058,2,1,6,6,6,6,6,6,6,6,6,6
2005,171059,1,1,0,0,0,0,0,0,0,0,0,0
2005,171060,0,1,0,0,0,0,0,0,0,0,0,0
2005,171060,1,1,0,0,0,0,0,0,0,0,0,0
2005,171061,1,1,0,0,0,0,0,0,0,0,0,0
2005,171062,1,1,22,22,22,22,22,22,22,22,22,22
2005,171063,0,1,0,0,0,0,0,0,0,0,0,0
2005,171063,1,1,0,0,20,0,0,0,14,0,0,0
2005,171064,1,1,0,0,0,0,0,0,0,0,0,0
2005,171065,1,1,0,0,0,0,0,0,0,0,0,0
2005,171066,1,1,0,0,0,0,0,0,0,0,0,0
2005,171066,2,1,0,0,0,0,0,0,0,0,0,4
2005,171067,1,1,0,0,0,0,0,0,0,0,0,0
2005,171067,2,1,0,0,0,0,0,0,14,0,0,0
2005,171068,1,1,0,0,0,0,0,0,0,0,0,0
2005,171069,1,1,0,0,0,0,0,8,0,0,0,0
2005,171069,2,1,0,0,0,0,0,0,0,0,0,0
2005,171070,1,1,0,0,0,0,0,0,0,0,0,0
2005,171071,1,1,0,0,0,0,0,0,0,0,0,0
2005,171071,2,1,0,0,0,0,0,0,0,0,0,0
2005,171072,1,1,14,14,14,14,14,14,14,14,14,14
2005,171073,1,1,0,0,0,0,0,0,0,0,0,0
2005,171073,2,1,0,0,0,0,0,0,0,0,0,0
2005,171074,1,1,0,0,0,0,0,0,0,5,18,0
2005,171075,1,1,0,0,0,0,0,0,0,0,0,0
2005,171075,2,1,12,0,34,27,14,0,0,26,29,0
2005,171076,0,1,0,0,0,0,0,0,0,0,0,0
2005,171076,1,1,0,27,14,0,13,0,3,0,0,0
2005,171077,1,1,0,0,0,0,0,0,0,0,0,0
2005,171077,2,1,0,0,0,0,0,0,0,0,0,0
2005,171078,0,1,0,0,0,0,0,0,0,0,0,0
2005,171078,1,1,0,0,0,0,0,0,0,0,0,0
2005,171079,1,1,8,8,8,8,8,8,8,8,8,8
2005,171081,1,1,0,0,0,0,0,0,0,0,0,0
2005,171081,2,1,0,0,0,0,0,0,0,0,0,0
2005,171081,3,1,0,0,0,0,0,0,0,0,0,0
2005,171082,1,1,0,0,0,0,0,0,0,0,0,0
2005,171082,2,1,0,0,0,0,0,0,0,0,0,0
2005,171083,1,1,0,0,0,0,0,0,0,0,0,0
2005,171083,2,1,0,0,0,0,0,0,0,0,0,0
2005,171084,1,1,17,17,12,18,12,14,0,13,49,25
2005,171084,2,1,0,5,0,0,0,0,12,10,0,0
2005,171085,0,1,0,0,0,0,0,0,0,0,0,0
2005,171085,1,1,0,0,0,0,0,0,0,0,0,0
2005,171086,1,1,0,14,0,0,0,19,13,0,0,0
2005,171087,1,1,27,27,27,27,27,27,27,27,27,27
2005,171087,2,1,0,0,0,0,0,0,0,0,0,0
2005,171088,1,1,17,17,17,17,17,17,17,17,17,17
2005,171088,2,1,9,10,6,10,10,2,3,20,8,0
2005,171089,0,1,4,4,4,4,4,4,4,4,4,4
2005,171089,1,1,0,0,0,0,21,0,19,19,18,0
2005,171090,1,1,0,0,0,0,0,0,0,0,0,0
2005,171090,2,1,0,0,0,0,0,0,0,0,0,0
2005,171091,1,1,0,0,0,0,0,0,0,0,0,0
2005,171092,1,1,13,13,13,13,13,13,13,13,13,13
2005,171093,1,1,0,0,0,0,0,14,0,0,0,0
2005,171093,2,1,0,0,0,0,0,0,0,0,0,0
2005,171094,0,1,40,0,0,0,0,0,0,0,0,0
2005,171094,1,1,0,0,0,0,0,0,0,0,0,0
2005,171095,1,1,13,13,13,13,13,13,13,13,13,13
2005,171095,2,1,0,0,0,0,0,0,0,0,0,0
2005,171096,0,1,0,0,0,19,17,0,0,0,10,0
2005,171096,1,1,0,0,0,0,0,0,0,0,0,0
2005,171097,1,1,16,16,16,16,16,16,16,16,16,16
2005,171098,0,1,0,0,0,0,0,0,0,0,0,0
2005,171098,1,1,0,0,6,0,0,8,0,0,0,0
2005,171099,1,1,9,9,9,9,9,9,9,9,9,9
2005,171100,1,1,0,0,0,0,0,0,0,0,0,0
2005,171101,1,1,16,16,16,16,16,16,16,16,16,16
2005,171102,1,1,0,0,0,0,0,0,0,0,0,0
2005,171102,2,1,0,0,0,0,0,0,0,0,0,0
2005,171103,0,1,0,0,0,0,0,0,0,0,0,0
2005,171103,1,1,0,0,0,0,0,0,0,0,0,0
2005,171104,1,1,0,0,0,0,0,0,0,0,0,0
2005,171105,0,1,0,0,0,0,0,0,0,0,0,0
2005,171105,1,1,0,0,0,0,0,0,0,0,0,0
2005,171106,1,1,0,0,0,0,0,0,0,0,0,0
2005,171107,0,1,0,0,0,0,0,0,0,0,0,0
2005,171107,1,1,0,0,0,0,0,0,0,0,0,0
2005,171108,1,1,18,18,18,18,18,18,18,18,18,18
2005,171109,1,1,0,0,0,0,0,0,0,0,0,0
2005,171109,2,1,0,0,0,0,0,0,0,0,0,0
2005,171110,0,1,22,22,22,22,22,22,22,22,22,22
2005,171110,1,1,13,25,19,9,13,6,9,12,9,7
2005,171111,0,1,19,19,19,19,19,19,19,19,19,19
2005,171111,1,1,0,0,0,0,0,0,0,0,0,0
2005,171112,1,1,21,21,21,21,21,21,21,21,21,21
2005,171113,1,1,0,0,0,0,0,0,0,0,0,0
2005,171114,1,1,23,25,0,13,0,8,11,7,26,5
2005,171115,1,1,0,0,0,0,0,0,0,0,0,0
2005,171115,2,1,0,0,0,0,0,0,0,0,0,0
2005,171116,0,1,0,0,0,0,0,0,0,0,0,0
2005,171116,1,1,0,0,0,0,0,0,0,0,0,0
2005,171117,1,1,9,9,9,9,9,9,9,9,9,9
2005,171118,1,1,0,0,0,0,0,0,0,0,0,0
2005,171118,2,1,25,0,0,0,0,0,0,0,0,0
2005,171119,1,1,0,0,0,0,0,0,0,0,0,0
2005,171119,2,1,0,0,0,0,0,0,0,0,0,0
2005,171119,3,1,0,0,0,0,0,0,0,0,0,0
2005,171120,1,1,9,9,9,9,9,9,9,9,9,9
2005,171121,1,1,0,0,0,0,0,0,0,0,0,0
2005,171123,1,1,17,17,17,17,17,17,17,17,17,17
2005,171124,1,1,0,0,0,0,0,0,0,0,0,0
2005,171125,1,1,0,0,0,0,0,0,0,0,0,0
2005,171126,1,1,17,17,17,17,17,17,17,17,17,17
2005,171127,1,1,0,0,0,0,0,0,0,0,0,0
2005,171128,1,1,20,20,20,20,20,20,20,20,20,20
2005,171129,1,1,7,7,7,7,7,7,7,7,7,7
2005,171130,1,1,0,0,0,0,0,0,0,0,0,0
2005,171130,2,1,0,0,0,0,0,0,0,0,0,0
2005,171131,1,1,0,0,0,0,0,0,0,0,0,0
2005,171131,2,1,0,0,0,0,0,0,0,0,0,0
2005,171132,1,1,5,5,5,5,5,5,5,5,5,5
2005,171133,1,1,0,0,0,0,0,0,0,0,0,0
2005,171134,1,1,14,14,14,14,14,14,14,14,14,14
2005,171134,2,1,11,0,0,0,0,0,0,0,0,0
2005,171135,1,1,27,27,27,27,27,27,27,27,27,27
2005,171135,2,1,0,0,0,0,0,0,0,0,0,0
2005,171135,3,1,0,0,0,0,0,0,0,0,11,0
2005,171136,1,1,11,11,11,11,11,11,11,11,11,11
2005,171137,1,1,0,0,0,0,0,0,0,0,0,0
2005,171137,2,1,16,10,14,17,21,13,13,4,13,0
2005,171138,1,1,0,0,0,0,0,0,0,0,0,0
2005,171139,1,1,12,12,12,12,12,12,12,12,12,12
2005,171140,1,1,15,15,15,15,15,15,15,15,15,15
2005,171140,2,1,0,0,0,0,0,0,0,0,0,0
2005,171141,1,1,0,0,0,0,0,0,0,0,0,0
2005,171142,0,1,0,0,0,0,0,0,0,0,0,0
2005,171142,1,1,0,0,0,0,0,0,0,0,0,0
2005,171143,1,1,21,21,21,21,21,21,21,21,21,21
2005,171144,1,1,1,1,1,1,1,1,1,1,1,1
2005,171145,0,1,0,0,0,0,0,0,0,0,0,0
2005,171145,1,1,0,0,0,0,0,0,0,0,0,0
2005,171146,1,1,0,0,0,0,0,0,0,0,0,0
2005,171146,2,1,0,0,0,0,0,0,0,0,0,0
2005,171147,0,1,0,0,0,0,0,0,0,0,0,0
2005,171147,1,1,0,0,0,0,14,0,0,0,0,0
2005,171148,1,1,25,25,25,25,25,25,25,25,25,25
2005,171149,1,1,0,0,0,0,0,0,0,0,0,0
2005,171149,2,1,0,0,0,0,0,0,0,0,0,0
2005,171150,1,1,28,24,11,22,13,0,23,13,29,14
2005,171152,1,1,9,9,9,9,9,9,9,9,9,9
2005,171153,1,1,2,2,2,2,2,2,2,2,2,2
2005,171153,2,1,0,0,0,0,0,0,0,0,0,0
2005,171154,1,1,16,16,16,16,16,16,16,16,16,16
2005,171155,1,1,0,0,0,0,0,0,0,0,0,0
2005,171155,2,1,0,0,0,0,0,0,0,0,0,0
2005,171155,3,1,0,0,0,0,0,0,0,0,0,0
2005,171155,4,1,0,0,0,0,0,0,0,0,0,0
2005,171155,5,1,0,16,0,0,0,0,0,0,0,0
2005,171156,1,1,14,13,23,12,13,20,29,8,15,0
2005,171157,0,1,0,0,0,0,0,0,0,0,0,0
2005,171157,1,1,0,0,0,9,17,0,0,19,0,20
2005,171158,1,1,0,0,0,0,0,0,0,0,0,0
2005,171158,2,1,0,0,0,0,0,0,0,0,0,10
2005,171158,3,1,0,0,0,0,0,0,0,0,0,0
2005,171158,4,1,0,0,0,0,0,0,0,0,0,0
2005,171159,0,1,0,0,0,0,0,0,0,0,0,0
2005,171159,1,1,30,0,16,17,0,0,0,0,0,0
2005,171159,2,1,0,0,0,0,0,0,0,9,0,0
2005,171160,0,1,0,0,0,0,0,0,0,0,0,0
2005,171160,1,1,0,0,0,0,0,0,0,0,0,0
2005,171160,2,1,0,0,0,0,0,0,0,0,0,0
2005,171161,0,1,19,19,19,19,19,19,19,19,19,19
2005,171161,1,1,0,0,0,0,0,0,0,0,0,0
2005,171162,1,1,26,26,26,26,26,26,26,26,26,26
2005,171162,2,1,0,7,0,0,0,0,0,0,0,0
2005,171163,1,1,18,18,18,18,18,18,18,18,18,18
2005,171163,2,1,0,0,14,0,0,0,0,0,0,0
2005,171164,1,1,31,18,20,8,38,25,17,10,6,14
2005,171165,1,1,0,0,0,0,0,0,0,0,0,0
2005,171165,2,1,0,0,0,0,0,0,0,0,0,0
2005,171166,1,1,0,0,0,0,0,26,27,12,24,28
2005,171167,1,1,0,0,0,0,0,0,0,0,0,0
2005,171167,2,1,0,0,0,0,0,0,0,0,0,0
2005,171169,0,1,20,20,20,20,20,20,20,20,20,20
2005,171169,1,1,0,0,0,0,0,0,0,0,0,0
2005,171170,1,1,0,0,0,0,0,0,0,0,0,0
2005,171170,2,1,0,0,0,0,0,0,0,0,0,0
2005,171171,1,1,0,0,0,0,0,0,0,0,0,0
2005,171171,2,1,0,0,0,0,0,0,0,0,0,0
2005,171172,1,1,0,0,0,0,0,0,0,0,0,0
2005,171172,2,1,0,0,0,0,0,0,0,0,0,0
2005,171173,1,1,9,0,0,0,0,0,0,0,0,0
2005,171173,2,1,0,0,0,0,0,0,0,0,0,0
2005,171174,1,1,0,0,0,0,0,0,0,0,0,0
2005,171174,2,1,0,0,0,0,0,0,0,0,0,0
2005,171174,3,1,0,0,0,0,0,0,0,0,0,0
2005,171174,4,1,0,0,0,0,0,0,0,0,0,0
2005,171174,5,1,0,0,0,0,0,0,0,0,0,0
2005,171174,6,1,0,0,0,0,0,0,0,0,0,0
2005,171174,7,1,0,0,0,0,0,0,0,0,0,0
2005,171174,8,1,0,0,0,0,0,0,0,0,0,0
2005,171174,9,1,0,0,0,0,0,0,0,0,0,0
2005,171174,10,1,0,0,0,0,0,0,0,0,0,0
2005,171175,1,1,0,0,0,0,0,0,0,0,0,0
2005,171175,2,1,0,0,0,0,0,0,0,0,0,0
2005,171176,1,1,0,0,0,0,0,0,0,0,0,0
2005,171176,2,1,0,0,0,0,0,0,0,0,0,0
2005,171177,1,1,24,15,11,9,16,2,11,14,23,13
2005,171178,1,1,0,0,0,0,0,0,0,0,0,0
2005,171178,2,1,0,0,0,0,0,0,0,0,0,0
2005,171178,3,1,0,0,0,0,0,0,0,0,0,0
2005,171179,1,1,0,0,0,0,0,0,0,0,0,0
2005,171179,2,1,0,0,0,0,0,0,0,0,0,0
2005,171180,1,1,0,0,0,0,0,0,0,0,0,0
2005,171180,2,1,0,0,0,0,0,0,0,0,0,0
2005,171181,1,1,0,0,0,0,0,0,0,0,0,0
2005,171181,2,1,0,0,0,0,0,0,0,0,0,0
2005,171182,1,1,17,18,11,11,0,26,15,15,17,12
2005,171183,1,1,0,0,0,0,0,0,0,0,0,0
2005,171183,2,1,0,0,0,0,0,0,0,0,0,0
2005,171183,3,1,0,0,0,0,0,0,7,0,0,0
2005,171184,0,1,0,0,0,5,0,0,0,0,0,0
2005,171184,1,1,0,0,0,0,0,0,0,0,0,0
2005,171185,0,1,0,0,0,0,0,0,0,0,0,0
2005,171185,1,1,22,22,22,22,22,22,22,22,22,22
2005,171186,0,1,0,0,0,0,0,0,0,0,0,0
2005,171186,1,1,0,0,0,0,0,0,0,0,0,0
2005,171187,1,1,0,0,0,0,0,0,0,0,0,0
2005,171187,2,1,0,0,0,0,0,0,0,0,0,0
2005,171188,1,1,0,0,0,0,0,0,0,0,0,0
2005,171188,2,1,0,0,0,0,0,0,0,0,0,0
2005,171189,1,1,0,0,0,0,0,0,0,6,0,0
2005,171189,2,1,2,2,2,2,2,2,2,2,2,2
2005,171190,0,1,17,17,17,17,17,17,17,17,17,17
2005,171190,1,1,0,0,0,0,0,0,0,0,0,0
2005,171191,0,1,0,0,0,0,0,0,0,0,0,0
2005,171191,1,1,0,0,0,0,0,0,0,0,0,0
2005,171192,1,1,25,25,25,25,25,25,25,25,25,25
2005,171192,2,1,0,14,0,0,0,14,0,0,0,0
2005,171192,3,1,0,0,0,9,0,0,0,0,0,0
2005,171192,4,1,0,0,0,0,0,0,0,0,0,0
2005,171192,5,1,0,0,0,0,0,0,0,0,0,0
2005,171193,1,1,16,0,0,0,0,0,10,13,0,10
2005,171194,1,1,0,0,0,0,0,0,0,0,0,0
2005,171194,2,1,0,0,0,0,0,0,0,0,0,0
2005,171195,1,1,0,0,0,0,0,0,0,0,0,0
2005,171195,2,1,0,0,0,0,0,0,0,0,0,0
2005,171195,3,1,0,0,0,0,0,0,0,0,0,0
2005,171196,0,1,0,0,0,0,0,0,0,0,0,0
2005,171196,1,1,0,0,0,0,0,0,0,0,0,0
2005,171197,1,1,14,14,14,14,14,14,14,14,14,14
2005,171198,0,1,0,0,0,0,0,0,0,0,0,0
2005,171198,1,1,0,0,0,0,7,0,0,0,0,0
2005,171199,1,1,0,0,0,0,0,0,0,0,0,0
2005,171199,2,1,0,0,0,0,0,0,0,0,0,0
2005,171199,3,1,0,0,0,0,0,0,0,0,0,0
2005,171200,1,1,6,6,6,6,6,6,6,6,6,6
2005,171201,0,1,0,0,0,0,0,0,0,0,0,0
2005,171201,1,1,0,0,0,0,0,0,0,0,0,0
2005,171202,1,1,0,0,0,0,0,0,0,0,0,0
2005,171202,2,1,0,0,0,0,0,0,0,0,0,0
2005,171203,1,1,0,0,0,0,0,0,0,0,0,0
2005,171204,1,1,0,0,0,0,0,0,0,0,0,0
2005,171204,2,1,0,0,0,0,0,0,0,0,0,0
2005,171205,1,1,0,14,31,0,0,6,0,0,22,0
2005,171206,1,1,0,0,0,0,0,0,0,0,0,0
2005,171207,1,1,0,0,0,0,0,0,0,0,0,0
2005,171208,1,1,22,5,18,0,36,0,0,22,27,17
2005,171209,1,1,19,19,19,19,19,19,19,19,19,19
2005,171209,2,1,0,0,0,0,0,0,0,0,0,0
2005,171210,0,1,27,27,27,27,27,27,27,27,27,27
2005,171210,1,1,0,0,0,0,0,0,0,0,0,0
2005,171211,0,1,0,0,0,0,0,0,0,0,0,0
2005,171212,1,1,18,5,9,41,10,19,8,16,4,4
2005,171212,2,1,0,0,0,0,0,0,0,0,0,0
2005,171213,1,1,0,0,0,0,0,0,0,0,0,0
2005,171213,2,1,0,0,0,0,0,0,0,0,0,0
2005,171214,1,1,0,0,0,0,0,0,0,0,0,0
2005,171214,2,1,0,0,0,0,0,0,0,0,0,0
2005,171215,1,1,27,16,17,0,0,0,0,9,19,0
2005,171215,2,1,0,0,0,0,0,0,0,0,0,0
2005,171215,3,1,0,0,0,0,0,0,0,0,0,0
2005,171216,0,1,0,0,0,0,0,0,0,0,0,0
2005,171216,1,1,0,0,0,0,0,0,0,0,0,0
2005,171217,1,1,4,4,4,4,4,4,4,4,4,4
2005,171218,0,1,0,0,0,0,0,0,0,0,0,0
2005,171218,1,1,22,0,0,0,0,0,0,0,0,0
2005,171219,1,1,0,0,0,0,0,0,0,0,0,0
2005,171219,2,1,0,0,0,0,0,0,0,0,0,0
2005,171220,1,1,0,0,0,0,0,0,0,0,0,0
2005,171220,2,1,0,0,0,0,0,0,0,0,0,0
2005,171221,1,1,12,0,0,25,23,11,14,0,17,2
2005,171222,1,1,0,0,0,0,0,0,0,0,0,0
2005,171222,2,1,0,0,0,0,0,0,0,0,0,0
2005,171222,3,1,0,0,0,0,0,0,0,0,0,0
2005,171223,1,1,0,0,0,0,0,0,0,0,0,0
2005,171223,2,1,0,0,0,0,0,0,0,0,0,0
2005,171223,3,1,0,0,0,0,0,0,0,0,0,0
2005,171224,1,1,13,13,13,13,13,13,13,13,13,13
2005,171224,2,1,0,0,0,10,0,0,0,0,0,0
2005,171225,0,1,0,0,0,0,0,0,18,0,0,0
2005,171225,1,1,4,0,0,0,0,0,0,0,0,0
2005,171226,0,1,0,0,0,0,0,0,0,0,0,0
2005,171226,1,1,0,0,0,0,0,0,0,0,0,10
2005,171228,1,1,0,0,0,0,0,0,0,20,0,0
2005,171228,2,1,0,0,0,10,0,0,0,0,0,0
2005,171230,0,1,27,27,27,27,27,27,27,27,27,27
2005,171230,1,1,0,0,0,0,0,0,0,0,0,0
2005,171231,0,1,36,36,36,36,36,36,36,36,36,36
2005,171231,1,1,0,0,2,0,0,0,0,0,0,0
2005,171232,1,1,0,0,0,0,0,0,0,0,0,0
2005,171232,2,1,0,0,0,0,0,0,0,0,0,0
2005,171232,3,1,0,0,0,0,0,0,0,0,0,0
2005,171232,4,1,0,0,0,7,8,0,0,0,0,0
2005,171233,1,1,6,6,6,6,6,6,6,6,6,6
2005,171234,1,1,0,0,0,0,0,0,0,0,0,0
2005,171234,2,1,0,0,0,0,0,0,0,0,0,0
2005,171234,3,1,0,0,0,0,0,0,0,0,0,0
2005,171235,1,1,14,14,14,14,14,14,14,14,14,14
2005,171236,1,1,0,0,0,0,0,0,0,0,0,0
2005,171237,1,1,0,0,0,0,0,0,0,0,0,0
2005,171237,2,1,0,0,0,0,0,0,0,0,0,0
2005,171238,1,1,0,0,0,0,0,0,0,0,0,0
2005,171238,2,1,0,0,0,0,0,0,0,0,0,0
2005,171238,3,1,0,0,0,0,0,0,0,0,0,0
2005,171239,1,1,11,13,11,0,17,0,9,6,31,11
2005,171239,2,1,0,0,0,0,0,0,0,0,0,0
2005,171240,1,1,24,24,24,24,24,24,24,24,24,24
2005,171240,2,1,0,0,4,0,0,0,0,0,0,0
2005,171241,1,1,19,19,19,19,19,19,19,19,19,19
2005,171242,1,1,13,9,19,16,7,18,20,10,16,14
2005,171242,2,1,8,0,17,20,40,21,6,11,14,18
2005,171243,1,1,11,31,15,12,11,0,16,24,28,18
2005,171243,2,1,0,0,0,0,0,0,0,0,0,0
2005,171244,0,1,0,13,25,0,25,12,0,22,0,0
2005,171244,1,1,0,25,0,0,28,11,0,0,0,0
2005,171245,1,1,0,0,0,0,0,0,0,0,12,4
2005,171245,2,1,0,2,0,0,0,0,0,0,0,0
2005,171246,1,1,23,23,23,23,23,23,23,23,23,23
2005,171247,0,1,0,0,0,0,0,0,0,0,0,0
2005,171247,1,1,17,0,25,0,0,0,0,0,14,0
2005,171248,1,1,0,8,0,0,0,0,0,0,0,0
2005,171248,2,1,0,0,0,0,0,0,21,0,0,0
2005,171249,1,1,0,0,0,0,0,0,0,0,0,0
2005,171249,2,1,0,0,0,0,0,0,0,0,0,0
2005,171250,0,1,19,19,19,19,19,19,19,19,19,19