YEAR,ST_CASE,veh_no,per_no,P1,P2,P3,P4,P5,P6,P7,P8,P9,P10
2005,171250,1,1,23,0,0,15,0,18,0,0,0,12
2005,171251,1,1,26,0,22,0,0,24,22,12,0,5
2005,171252,1,1,0,0,0,0,0,0,0,0,0,0
2005,171253,0,1,0,0,5,0,0,7,0,0,0,0
2005,171253,0,2,0,0,0,0,0,0,0,0,0,0
2005,171253,0,3,0,0,0,0,0,0,0,0,0,0
2005,171253,1,1,0,0,0,0,0,0,0,0,0,0
2005,171254,1,1,0,0,0,0,0,0,0,0,0,0
2005,171255,1,1,22,3,9,8,0,0,13,0,21,30
2005,171255,2,1,0,0,0,0,0,0,0,0,0,0
2005,171256,1,1,0,0,18,18,0,0,7,13,22,17
2005,171257,0,1,10,10,10,10,10,10,10,10,10,10
2005,171257,1,1,7,0,0,24,0,0,0,0,0,3
2005,171258,0,1,21,21,21,21,21,21,21,21,21,21
2005,171258,1,1,0,0,0,0,0,0,0,0,0,0
2005,171259,1,1,0,0,0,0,0,0,0,0,0,0
2005,171259,2,1,0,0,0,0,0,0,0,0,0,0
2005,171260,1,1,0,0,0,0,0,0,0,0,0,0
2005,171260,2,1,0,0,0,0,0,0,0,0,0,0
2005,171261,1,1,15,15,15,15,15,15,15,15,15,15
2005,171261,2,1,0,0,0,0,0,0,0,0,0,0
2005,171262,0,1,0,0,0,0,0,0,0,0,0,0
2005,171262,1,1,0,0,0,0,0,0,0,0,0,0
2005,171263,0,1,0,0,0,0,0,0,0,0,0,0
2005,171263,1,1,0,0,0,0,0,0,0,0,0,0
2005,171264,1,1,1,1,1,1,1,1,1,1,1,1
2005,171264,2,1,0,15,17,17,16,0,11,15,0,0
2005,171265,1,1,17,23,19,22,10,23,31,25,24,13
2005,171265,2,1,0,10,25,0,0,0,0,16,0,0
2005,171266,1,1,0,0,0,0,0,0,0,0,0,0
2005,171267,1,1,0,36,0,0,0,0,25,0,0,13
2005,171268,0,1,0,0,0,0,0,0,0,0,0,0
2005,171268,1,1,0,0,0,0,0,0,0,0,0,0
2005,171269,1,1,0,0,0,0,17,0,0,0,0,0
2005,171270,1,1,6,0,0,17,0,26,0,20,15,0
2005,171271,1,1,0,10,0,0,0,0,0,0,0,3
2005,171272,1,1,0,0,0,0,0,0,0,0,0,0
2005,171272,2,1,0,0,0,0,0,0,0,0,0,0
2005,171273,1,1,0,0,0,0,0,0,0,0,0,0
2005,171273,2,1,0,0,0,0,0,0,0,0,0,0
2005,180001,1,1,0,0,0,0,3,16,0,0,0,0
2005,180001,2,1,0,0,0,0,0,0,0,0,0,0
2005,180001,3,1,0,0,0,0,0,0,0,0,0,0
2005,180001,4,1,0,0,0,0,0,0,5,0,0,0
2005,180001,5,1,0,0,0,0,0,0,0,0,0,0
2005,180002,0,1,0,0,0,0,0,0,0,0,0,0
2005,180002,1,1,0,0,0,0,0,0,0,0,0,0
2005,180004,1,1,0,0,0,0,0,0,0,0,0,0
2005,180004,2,1,0,0,0,0,0,0,0,0,0,0
2005,180005,1,1,0,0,0,0,0,0,0,0,0,0
2005,180005,2,1,0,0,0,0,0,0,0,0,0,0
2005,180006,1,1,0,0,0,0,0,0,0,9,0,0
2005,180007,1,1,0,0,0,4,0,0,0,0,0,0
2005,180007,2,1,0,0,0,0,0,0,0,0,0,0
2005,180008,1,1,0,0,0,0,0,0,0,0,0,0
2005,180008,2,1,0,0,0,0,0,0,0,0,0,0
2005,180009,1,1,0,0,0,0,0,0,0,0,0,0
2005,180010,1,1,26,26,26,26,26,26,26,26,26,26
2005,180010,2,1,0,0,0,0,0,0,0,0,0,0
2005,180011,1,1,25,25,25,25,25,25,25,25,25,25
2005,180011,2,1,0,0,0,0,0,0,0,0,0,0
2005,180011,3,1,0,0,0,0,0,0,0,0,0,0
2005,180012,1,1,23,24,0,28,0,13,30,20,7,21
2005,180012,2,1,0,0,0,0,0,0,0,0,0,0
2005,180013,1,1,0,0,0,0,0,0,0,0,0,0
2005,180013,2,1,0,0,0,0,0,0,0,0,0,0
2005,180014,1,1,0,0,0,0,0,0,0,0,0,0
2005,180014,2,1,0,0,0,0,0,0,0,0,0,0
2005,180014,3,1,0,0,0,0,0,0,0,0,0,0
2005,180015,1,1,0,0,0,0,0,0,0,0,0,0
2005,180015,2,1,0,0,0,0,0,0,0,0,0,0
2005,180016,0,1,44,44,44,44,44,44,44,44,44,44
2005,180016,1,1,0,0,0,0,0,0,0,0,0,0
2005,180017,1,1,0,0,0,0,0,0,0,0,0,0
2005,180017,2,1,0,0,0,0,0,0,0,0,0,0
2005,180018,1,1,0,0,0,0,0,0,0,0,0,0
2005,180018,2,1,0,0,0,0,0,0,0,0,0,0
2005,180019,1,1,21,21,21,21,21,21,21,21,21,21
2005,180020,1,1,0,0,0,0,0,0,0,0,0,0
2005,180021,1,1,0,0,0,13,0,0,0,0,0,0
2005,180021,2,1,5,5,5,5,5,5,5,5,5,5
2005,180022,1,1,0,11,0,0,0,0,6,8,0,0
2005,180023,1,1,23,0,0,0,9,0,0,0,0,0
2005,180024,1,1,0,10,8,0,0,0,0,3,0,0
2005,180025,1,1,0,0,0,0,0,0,0,0,0,0
2005,180025,2,1,0,0,0,0,0,0,0,0,0,0
2005,180026,1,1,0,0,0,0,0,0,0,0,0,0
2005,180026,2,1,0,0,0,13,0,0,0,0,0,0
2005,180027,1,1,0,0,0,0,0,0,0,0,0,0
2005,180027,2,1,0,0,0,0,0,0,0,0,0,0
2005,180028,1,1,0,0,0,0,0,0,0,26,0,0
2005,180029,1,1,0,0,0,0,0,0,0,0,0,0
2005,180029,2,1,0,0,0,0,0,0,0,0,0,0
2005,180030,1,1,0,0,0,0,0,0,0,0,0,0
2005,180030,2,1,0,0,0,0,0,0,0,0,0,0
2005,180031,1,1,3,3,3,3,3,3,3,3,3,3
2005,180031,2,1,0,0,0,0,14,0,0,0,0,0
2005,180032,1,1,0,0,0,0,0,0,0,0,0,0
2005,180033,1,1,0,0,0,0,0,0,0,0,0,0
2005,180033,2,1,0,0,0,0,0,0,0,0,0,0
2005,180034,1,1,3,3,3,3,3,3,3,3,3,3
2005,180034,2,1,0,0,0,0,0,0,0,0,0,0
2005,180035,1,1,0,0,0,0,0,0,0,0,0,0
2005,180036,1,1,17,17,17,17,17,17,17,17,17,17
2005,180036,2,1,0,0,0,0,0,0,0,0,0,0
2005,180037,1,1,0,0,0,0,0,0,0,0,0,0
2005,180037,2,1,27,27,27,27,27,27,27,27,27,27
2005,180038,1,1,8,18,0,0,0,0,12,0,30,0
2005,180039,1,1,0,0,0,0,0,0,0,0,0,0
2005,180040,1,1,0,0,0,0,0,0,0,0,0,0
2005,180040,2,1,0,0,0,0,0,0,0,0,0,0
2005,180041,1,1,0,0,0,0,0,0,0,0,0,0
2005,180041,2,1,0,0,0,0,0,0,0,0,0,0
2005,180042,1,1,0,0,0,0,0,0,0,0,0,0
2005,180042,2,1,0,0,0,0,0,0,0,0,0,0
2005,180043,1,1,0,0,0,0,0,0,0,0,0,0
2005,180043,2,1,0,0,0,0,0,0,0,0,0,0
2005,180044,1,1,0,0,0,0,0,0,0,0,0,0
2005,180044,2,1,0,0,0,0,0,0,0,0,0,0
2005,180045,1,1,0,21,0,0,0,0,0,0,0,0
2005,180046,1,1,0,0,0,0,0,0,0,0,0,0
2005,180047,1,1,20,20,20,20,20,20,20,20,20,20
2005,180048,1,1,0,0,0,0,0,0,0,0,0,0
2005,180048,2,1,0,0,0,0,0,0,0,0,0,0
2005,180049,1,1,0,0,0,0,0,0,0,0,0,0
2005,180049,2,1,0,0,0,0,0,0,0,0,0,0
2005,180050,1,1,31,0,0,0,0,0,0,32,0,25
2005,180051,1,1,0,13,0,0,0,0,0,0,0,0
2005,180052,1,1,24,24,24,24,24,24,24,24,24,24
2005,180052,2,1,0,0,0,0,0,0,29,0,0,0
2005,180052,3,1,0,0,0,0,0,0,0,0,0,0
2005,180053,1,1,0,0,0,0,0,0,0,0,0,0
2005,180053,2,1,0,0,0,0,0,0,0,0,0,0
2005,180054,1,1,0,0,0,0,0,0,0,0,0,0
2005,180055,1,1,0,0,0,0,0,0,0,0,0,0
2005,180055,2,1,0,0,0,0,0,0,0,0,0,0
2005,180056,1,1,0,0,0,0,0,0,0,0,0,0
2005,180057,0,1,0,0,0,0,0,0,0,0,0,0
2005,180057,1,1,0,10,0,0,0,0,0,0,0,0
2005,180057,2,1,0,0,0,0,0,0,0,0,0,0
2005,180058,1,1,5,5,5,5,5,5,5,5,5,5
2005,180059,1,1,0,0,0,0,0,0,0,0,0,0
2005,180059,2,1,0,0,0,0,0,0,0,0,0,0
2005,180060,1,1,22,22,22,22,22,22,22,22,22,22
2005,180061,1,1,0,0,0,0,0,0,0,0,0,0
2005,180062,1,1,47,47,47,47,47,47,47,47,47,47
2005,180063,1,1,0,0,0,0,0,0,0,0,0,0
2005,180064,1,1,0,0,0,0,0,20,0,17,0,0
2005,180064,2,1,0,0,0,0,0,0,0,0,0,0
2005,180065,1,1,0,0,5,0,0,0,0,0,0,0
2005,180066,1,1,0,0,0,0,0,0,0,0,0,0
2005,180067,1,1,0,0,0,0,0,0,0,0,0,0
2005,180068,1,1,26,26,26,26,26,26,26,26,26,26
2005,180069,1,1,0,0,0,0,0,0,0,0,0,0
2005,180070,1,1,5,5,5,5,5,5,5,5,5,5
2005,180070,2,1,0,0,20,0,0,16,0,6,0,0
2005,180071,0,1,2,2,2,2,2,2,2,2,2,2
2005,180071,1,1,2,2,2,2,2,2,2,2,2,2
2005,180072,1,1,0,0,0,0,0,0,0,0,0,0
2005,180072,2,1,0,0,0,0,0,0,0,0,0,0
2005,180073,1,1,0,0,0,0,0,0,0,0,0,0
2005,180073,2,1,0,0,0,0,0,0,0,0,0,0
2005,180074,1,1,0,0,0,0,0,0,0,0,0,0
2005,180074,2,1,0,0,0,0,0,0,0,0,0,0
2005,180075,1,1,0,0,0,0,0,0,0,0,0,0
2005,180075,2,1,0,0,0,0,0,0,0,0,0,0
2005,180076,1,1,0,0,0,0,0,0,0,0,0,0
2005,180077,1,1,0,0,0,0,0,0,0,0,0,0
2005,180077,2,1,0,0,0,0,0,0,0,0,0,0
2005,180078,1,1,0,0,0,0,0,0,0,0,0,0
2005,180078,2,1,0,0,0,0,0,0,0,0,0,0
2005,180079,1,1,0,0,0,0,0,0,0,0,0,0
2005,180079,2,1,0,0,0,0,0,0,0,0,0,0
2005,180079,3,1,0,0,0,0,0,0,0,0,0,0
2005,180080,1,1,0,0,0,0,0,20,0,0,0,0
2005,180081,1,1,0,0,0,12,0,3,0,0,0,0
2005,180082,1,1,0,0,0,0,0,0,0,0,5,0
2005,180082,2,1,0,0,0,0,0,0,0,0,0,0
2005,180083,1,1,0,17,0,0,0,0,0,0,0,0
2005,180083,2,1,0,0,0,0,0,0,0,0,0,0
2005,180084,1,1,19,19,19,19,19,19,19,19,19,19
2005,180084,2,1,0,0,0,0,0,0,0,0,0,0
2005,180085,0,1,0,0,0,0,0,0,0,0,0,0
2005,180085,1,1,0,0,19,0,0,10,0,0,0,0
2005,180086,1,1,0,0,0,0,0,0,0,0,0,0
2005,180086,2,1,0,0,0,0,0,0,0,0,0,0
2005,180087,1,1,30,30,30,30,30,30,30,30,30,30
2005,180088,1,1,0,0,0,0,0,0,0,0,0,0
2005,180088,2,1,0,0,0,0,0,0,0,0,0,0
2005,180089,1,1,0,0,0,0,0,0,0,0,0,0
2005,180089,2,1,0,0,0,0,0,0,0,0,0,0
2005,180090,1,1,0,0,0,0,0,0,0,0,0,0
2005,180090,2,1,0,0,0,0,0,0,0,0,0,0
2005,180091,1,1,0,0,0,0,0,0,0,0,0,0
2005,180091,2,1,0,0,0,0,0,0,0,0,0,0
2005,180092,1,1,0,0,0,0,0,0,0,0,0,0
2005,180093,1,1,0,0,0,0,0,0,0,0,0,0
2005,180093,2,1,0,0,0,0,0,0,0,0,0,0
2005,180094,0,1,0,0,0,13,0,0,0,0,0,0
2005,180094,1,1,0,0,0,0,0,0,0,0,0,0
2005,180095,1,1,24,24,24,24,24,24,24,24,24,24
2005,180096,1,1,0,0,0,0,0,0,0,0,0,0
2005,180097,1,1,0,0,0,0,0,0,0,0,0,0
2005,180098,1,1,15,15,15,15,15,15,15,15,15,15
2005,180098,2,1,0,0,0,0,0,0,0,0,0,0
2005,180099,1,1,0,0,0,0,0,0,0,0,0,0
2005,180100,1,1,0,0,0,0,0,0,0,0,0,0
2005,180101,1,1,0,0,0,0,0,0,0,0,0,0
2005,180102,1,1,0,4,0,0,0,0,0,0,0,0
2005,180102,2,1,0,0,0,0,0,0,0,0,0,0
2005,180103,1,1,0,0,0,0,0,0,0,0,0,0
2005,180103,2,1,0,0,0,0,0,0,0,0,0,0
2005,180104,1,1,0,0,0,0,0,0,0,0,0,0
2005,180104,2,1,0,0,0,0,0,0,0,0,0,0
2005,180105,1,1,0,0,0,0,0,0,0,0,0,0
2005,180106,1,1,0,0,0,0,0,0,0,0,0,0
2005,180106,2,1,0,0,0,0,0,0,0,0,0,0
2005,180106,3,1,0,0,0,0,0,0,0,0,0,0
2005,180107,1,1,0,0,0,0,0,0,0,0,0,0
2005,180108,1,1,0,0,0,0,0,0,0,0,0,0
2005,180108,2,1,0,0,0,0,0,0,0,0,0,0
2005,180109,1,1,0,0,0,0,0,0,0,0,0,0
2005,180109,2,1,0,0,0,0,0,0,0,0,0,0
2005,180110,1,1,0,0,0,0,0,0,0,0,0,0
2005,180111,1,1,28,28,28,28,28,28,28,28,28,28
2005,180112,1,1,0,0,0,0,0,0,0,0,0,0
2005,180113,1,1,0,0,0,0,0,0,0,0,0,0
2005,180114,1,1,0,0,0,0,0,0,0,0,0,0
2005,180115,1,1,0,0,0,0,0,0,0,0,0,0
2005,180115,2,1,0,0,0,0,0,0,0,0,0,0
2005,180116,1,1,0,0,0,0,0,0,0,0,0,0
2005,180116,2,1,0,0,0,0,0,0,0,0,0,0
2005,180117,1,1,0,0,0,0,0,0,0,0,0,0
2005,180117,2,1,0,0,0,0,0,0,0,0,0,0
2005,180118,1,1,0,0,0,0,0,0,0,0,12,0
2005,180118,2,1,26,0,16,27,0,0,0,0,0,0
2005,180118,3,1,0,0,0,0,0,0,0,0,0,0
2005,180119,1,1,0,0,0,0,0,0,0,0,0,0
2005,180120,1,1,0,0,0,0,0,0,0,0,0,0
2005,180121,1,1,13,13,13,13,13,13,13,13,13,13
2005,180122,1,1,0,0,0,0,0,0,0,0,0,0
2005,180123,1,1,0,0,0,0,0,0,0,0,0,0
2005,180123,2,1,0,0,0,0,0,0,0,0,0,0
2005,180124,1,1,0,9,0,15,10,0,0,0,12,0
2005,180125,1,1,0,0,0,0,0,0,0,0,0,0
2005,180125,2,1,0,0,0,0,0,0,0,0,0,0
2005,180126,1,1,0,0,0,0,0,0,0,0,0,0
2005,180126,2,1,0,0,0,0,0,0,0,0,0,0
2005,180127,1,1,12,0,10,0,0,0,0,0,0,0
2005,180127,2,1,0,0,0,0,0,0,0,0,0,0
2005,180128,1,1,0,0,0,0,0,0,0,0,0,0
2005,180128,2,1,0,0,0,6,0,0,0,0,0,0
2005,180128,3,1,0,0,0,0,0,0,0,0,0,0
2005,180129,0,1,0,0,0,0,0,0,0,0,0,0
2005,180129,1,1,0,0,0,0,0,0,0,0,0,0
2005,180130,1,1,9,9,9,9,9,9,9,9,9,9
2005,180130,2,1,0,0,0,0,0,0,0,0,0,0
2005,180131,1,1,19,19,19,19,19,19,19,19,19,19
2005,180131,2,1,0,0,0,0,0,0,0,0,0,0
2005,180132,1,1,0,0,0,0,0,0,0,0,17,0
2005,180133,1,1,0,0,0,0,0,0,0,0,0,0
2005,180133,2,1,0,0,0,14,0,12,0,0,0,0
2005,180134,1,1,0,0,0,0,0,0,0,0,0,0
2005,180135,0,1,0,0,0,0,0,0,0,0,0,0
2005,180135,1,1,0,0,0,0,0,0,0,0,0,0
2005,180136,1,1,19,19,19,19,19,19,19,19,19,19
2005,180137,1,1,15,15,15,15,15,15,15,15,15,15
2005,180138,1,1,15,0,0,0,0,0,0,9,0,18
2005,180139,1,1,0,0,0,0,0,0,0,0,0,0
2005,180139,2,1,0,0,0,0,0,0,0,0,0,0
2005,180140,1,1,0,0,0,0,0,0,0,0,0,0
2005,180141,1,1,0,0,0,0,0,0,0,0,0,0
2005,180141,2,1,0,0,0,0,0,0,0,0,0,0
2005,180142,1,1,0,0,40,0,0,0,0,0,0,0
2005,180143,0,1,0,0,0,0,0,0,0,0,0,0
2005,180143,1,1,0,0,0,0,0,0,0,0,0,0
2005,180144,1,1,0,0,0,0,0,0,0,0,0,0
2005,180145,1,1,14,14,14,14,14,14,14,14,14,14
2005,180146,0,1,6,40,20,24,0,10,13,0,0,23
2005,180146,1,1,0,0,0,0,0,0,0,0,0,0
2005,180147,1,1,13,0,11,11,12,0,0,16,0,13
2005,180148,1,1,0,0,0,0,0,0,0,0,0,0
2005,180148,2,1,0,0,0,0,0,0,0,0,0,0
2005,180149,0,1,16,16,16,16,16,16,16,16,16,16
2005,180149,1,1,0,0,0,0,0,0,0,0,0,0
2005,180150,1,1,7,7,7,7,7,7,7,7,7,7
2005,180151,1,1,0,0,0,0,0,0,0,0,0,0
2005,180152,1,1,0,0,0,0,0,0,0,0,0,0
2005,180152,2,1,0,0,0,0,0,0,0,0,0,0
2005,180152,3,1,0,0,0,0,0,0,0,3,0,0
2005,180153,1,1,15,15,15,15,15,15,15,15,15,15
2005,180154,1,1,13,13,13,13,13,13,13,13,13,13
2005,180155,1,1,0,0,0,0,0,0,0,0,0,0
2005,180156,0,1,27,27,27,27,27,27,27,27,27,27
2005,180156,1,1,3,3,3,3,3,3,3,3,3,3
2005,180157,0,1,0,0,0,0,0,0,0,0,0,0
2005,180157,1,1,0,0,0,0,0,0,0,0,0,0
2005,180158,1,1,20,0,0,0,0,10,0,0,0,0
2005,180159,1,1,0,0,0,0,0,0,0,0,0,0
2005,180159,2,1,0,0,0,0,0,0,0,0,0,6
2005,180160,1,1,0,0,0,0,0,0,0,0,0,0
2005,180160,2,1,0,0,0,0,0,0,0,0,0,0
2005,180161,1,1,20,20,20,20,20,20,20,20,20,20
2005,180162,1,1,26,26,26,26,26,26,26,26,26,26
2005,180162,2,1,0,0,0,0,0,0,0,0,0,0
2005,180163,1,1,31,31,31,31,31,31,31,31,31,31
2005,180164,1,1,0,0,0,0,0,0,0,0,0,0
2005,180164,2,1,0,0,0,0,0,0,0,0,0,0
2005,180165,1,1,17,17,17,17,17,17,17,17,17,17
2005,180166,1,1,12,12,12,12,12,12,12,12,12,12
2005,180167,1,1,29,29,29,29,29,29,29,29,29,29
2005,180167,2,1,0,0,0,0,0,0,0,0,0,0
2005,180168,1,1,19,19,19,19,19,19,19,19,19,19
2005,180169,1,1,2,2,2,2,2,2,2,2,2,2
2005,180170,1,1,10,10,10,10,10,10,10,10,10,10
2005,180170,2,1,0,0,0,0,0,0,10,0,0,0
2005,180171,1,1,33,33,33,33,33,33,33,33,33,33
2005,180172,1,1,0,0,0,0,0,0,0,0,0,0
2005,180172,2,1,0,0,0,0,0,0,0,0,0,0
2005,180173,1,1,25,25,25,25,25,25,25,25,25,25
2005,180173,2,1,0,0,0,0,0,0,0,0,0,0
2005,180174,0,1,6,0,19,7,19,8,6,0,0,0
2005,180174,1,1,0,0,0,0,0,0,0,0,0,0
2005,180175,1,1,30,23,0,0,0,0,0,0,0,0
2005,180176,1,1,11,0,0,0,0,0,0,0,0,0
2005,180176,2,1,0,0,0,0,0,0,0,0,0,0
2005,180177,1,1,0,0,0,0,0,0,0,0,0,0
2005,180177,2,1,0,0,0,0,0,0,0,0,0,0
2005,180178,1,1,26,26,26,26,26,26,26,26,26,26
2005,180179,1,1,12,12,12,12,12,12,12,12,12,12
2005,180180,1,1,0,0,0,0,0,0,0,0,0,0
2005,180181,1,1,0,0,0,0,0,0,0,0,0,0
2005,180182,1,1,0,0,0,0,0,0,0,0,0,0
2005,180182,2,1,0,0,0,0,0,0,0,0,0,0
2005,180183,1,1,4,0,0,0,0,0,0,0,0,0
2005,180183,2,1,0,0,0,0,0,0,0,0,0,0
2005,180184,1,1,9,9,9,9,9,9,9,9,9,9
2005,180184,2,1,0,0,0,0,0,0,0,0,0,0
2005,180185,1,1,0,0,0,0,0,0,0,0,0,0
2005,180186,1,1,0,0,0,0,0,0,0,0,0,0
2005,180186,2,1,0,0,0,0,0,0,0,0,0,0
2005,180187,1,1,28,28,28,28,28,28,28,28,28,28
2005,180188,1,1,0,0,0,0,0,0,0,0,0,0
2005,180188,2,1,0,0,0,0,0,0,0,0,0,0
2005,180189,1,1,0,0,0,0,0,0,0,0,0,0
2005,180189,2,1,0,0,0,0,0,0,0,0,0,0
2005,180190,0,1,19,19,19,19,19,19,19,19,19,19
2005,180190,1,1,0,0,0,0,0,0,0,0,0,0
2005,180191,1,1,0,3,0,0,0,0,0,0,0,0
2005,180191,2,1,0,0,0,0,0,0,0,0,0,0
2005,180191,3,1,0,0,0,0,0,0,0,0,0,0
2005,180192,1,1,0,0,20,0,0,0,0,0,0,0
2005,180193,1,1,0,0,0,0,0,0,0,0,0,0
2005,180193,2,1,0,0,0,0,0,0,0,0,0,0
2005,180194,1,1,0,0,0,0,0,0,0,9,0,0
2005,180194,2,1,0,0,0,0,0,0,0,0,0,0
2005,180195,1,1,0,0,0,0,0,0,0,0,0,0
2005,180196,1,1,5,5,5,5,5,5,5,5,5,5
2005,180197,1,1,27,27,27,27,27,27,27,27,27,27
2005,180198,1,1,11,11,11,11,11,11,11,11,11,11
2005,180199,1,1,0,0,0,0,0,0,0,0,0,0
2005,180200,1,1,0,0,0,0,0,0,0,6,0,0
2005,180201,0,1,9,0,0,7,0,0,0,0,0,0
2005,180201,1,1,0,0,0,0,0,0,2,0,17,0
2005,180202,1,1,0,0,0,0,0,0,0,0,0,0
2005,180202,2,1,0,0,0,0,0,0,0,0,0,0
2005,180202,3,1,0,0,0,0,0,0,0,0,0,0
2005,180202,4,1,0,0,0,0,0,0,0,0,0,0
2005,180203,0,1,0,0,0,0,0,0,0,0,0,0
2005,180203,1,1,0,0,0,0,0,0,0,0,0,0
2005,180204,1,1,19,19,19,19,19,19,19,19,19,19
2005,180204,2,1,0,0,0,0,0,0,0,0,0,0
2005,180205,1,1,0,0,0,0,0,0,0,0,0,0
2005,180205,2,1,0,0,5,0,0,9,0,0,10,0
2005,180205,3,1,0,0,0,0,0,0,0,0,0,0
2005,180206,1,1,14,14,14,14,14,14,14,14,14,14
2005,180207,1,1,24,0,27,5,24,27,27,11,27,27
2005,180208,1,1,0,0,0,0,0,0,0,0,0,0
2005,180208,2,1,0,0,0,0,0,0,0,0,0,0
2005,180209,1,1,0,0,0,0,0,0,0,0,0,0
2005,180210,1,1,0,0,0,0,0,0,0,0,0,0
2005,180210,2,1,0,0,0,0,0,0,0,0,0,0
2005,180210,3,1,0,0,0,0,0,0,0,0,0,0
2005,180211,1,1,14,14,14,14,14,14,14,14,14,14
2005,180212,1,1,0,0,0,0,0,0,0,0,0,0
2005,180213,0,1,0,0,0,0,0,0,0,0,0,0
2005,180213,1,1,0,0,0,0,0,0,0,0,0,0
2005,180214,1,1,21,21,21,21,21,21,21,21,21,21
2005,180214,2,1,0,0,0,0,0,0,0,0,0,0
2005,180215,1,1,16,16,16,16,16,16,16,16,16,16
2005,180216,1,1,0,0,0,0,0,0,0,0,0,0
2005,180217,1,1,0,0,0,0,0,0,0,0,0,0
2005,180217,2,1,0,0,0,0,1,0,0,0,0,0
2005,180218,1,1,0,0,0,0,0,0,0,0,0,0
2005,180218,2,1,0,0,0,0,0,0,0,0,0,0
2005,180219,1,1,0,0,0,0,0,0,0,0,0,0
2005,180219,2,1,0,0,0,0,0,11,0,0,0,0
2005,180220,1,1,0,0,0,0,0,0,0,0,0,0
2005,180221,1,1,0,0,0,0,0,0,0,0,0,0
2005,180221,2,1,0,0,0,0,0,0,0,0,0,0
2005,180222,1,1,0,0,0,0,0,0,0,0,0,0
2005,180223,1,1,0,0,0,0,0,0,0,0,0,0
2005,180223,2,1,0,0,0,0,0,0,0,0,0,0
2005,180224,1,1,0,0,0,0,0,0,0,0,0,0
2005,180225,1,1,0,0,0,0,0,0,0,0,0,0
2005,180226,0,1,0,0,0,0,0,0,0,0,0,0
2005,180226,1,1,8,8,8,8,8,8,8,8,8,8
2005,180227,1,1,0,0,0,0,0,0,0,0,0,0
2005,180228,1,1,0,0,0,0,0,0,0,0,0,0
2005,180228,2,1,0,0,0,0,0,0,0,14,0,0
2005,180229,1,1,0,0,0,0,0,0,0,0,0,0
2005,180230,1,1,0,0,0,0,0,0,0,0,0,0
2005,180230,2,1,8,0,0,0,0,0,0,0,0,0
2005,180231,1,1,16,16,16,16,16,16,16,16,16,16
2005,180232,1,1,15,15,15,15,15,15,15,15,15,15
2005,180232,2,1,0,0,0,0,0,0,0,0,0,0
2005,180233,1,1,27,0,0,0,0,0,0,0,0,22
2005,180234,1,1,0,0,0,0,0,0,0,0,0,0
2005,180234,2,1,0,0,0,0,0,0,0,0,0,0
2005,180235,1,1,0,0,0,0,0,0,0,0,0,0
2005,180236,1,1,0,0,0,0,0,0,0,0,5,0
2005,180237,1,1,0,0,0,0,0,0,0,0,0,0
2005,180237,2,1,0,0,0,0,0,0,0,0,0,0
2005,180238,1,1,11,0,12,0,0,0,0,0,0,0
2005,180239,1,1,0,0,9,19,0,0,6,0,0,0
2005,180239,2,1,0,17,0,0,0,0,0,0,0,0
2005,180240,1,1,13,13,13,13,13,13,13,13,13,13
2005,180240,2,1,0,0,0,0,0,0,0,0,0,0
2005,180240,3,1,0,0,0,0,0,0,0,0,0,0
2005,180241,1,1,0,0,0,0,0,0,0,0,0,0
2005,180241,2,1,0,13,0,0,0,0,0,0,0,0
2005,180242,1,1,21,21,21,21,21,21,21,21,21,21
2005,180242,2,1,0,0,0,0,0,0,0,0,0,0
2005,180243,1,1,7,7,7,7,7,7,7,7,7,7
2005,180243,2,1,4,4,4,4,4,4,4,4,4,4
2005,180244,1,1,0,0,0,0,0,0,0,0,0,0
2005,180245,1,1,27,27,27,27,27,27,27,27,27,27
2005,180246,1,1,14,14,14,14,14,14,14,14,14,14
2005,180247,1,1,0,0,0,0,0,0,0,0,0,0
2005,180247,2,1,0,0,0,0,0,0,0,0,0,0
2005,180248,1,1,0,0,9,0,0,0,0,0,0,0
2005,180249,1,1,0,0,0,0,0,0,0,0,0,0
2005,180250,1,1,0,0,0,0,0,0,0,0,0,0
2005,180250,2,1,0,0,0,0,0,0,0,0,0,0
2005,180251,1,1,7,0,0,0,0,9,13,15,16,0
2005,180252,1,1,0,0,13,0,0,0,2,0,0,0
2005,180253,1,1,25,25,25,25,25,25,25,25,25,25
2005,180253,2,1,21,28,0,0,20,0,0,19,13,19
2005,180254,1,1,0,0,0,0,0,0,0,0,0,0
2005,180255,1,1,22,22,22,22,22,22,22,22,22,22
2005,180256,1,1,20,20,20,20,20,20,20,20,20,20
2005,180256,2,1,0,0,0,0,0,0,0,0,0,0
2005,180256,3,1,0,0,0,0,0,0,13,6,0,0
2005,180257,1,1,0,0,0,0,0,0,0,0,0,0
2005,180258,1,1,0,0,22,0,20,0,0,0,0,12
2005,180259,1,1,0,0,0,0,0,0,0,0,0,0
2005,180260,1,1,0,0,0,0,0,0,0,0,0,0
2005,180261,1,1,0,0,0,0,0,0,0,0,0,0
2005,180261,2,1,0,0,0,0,0,0,0,0,0,0
2005,180262,1,1,0,0,0,0,0,0,0,0,0,0
2005,180262,2,1,0,0,0,0,0,0,0,0,0,0
2005,180263,0,1,0,0,0,0,0,0,0,0,0,0
2005,180263,1,1,0,0,0,0,0,0,0,0,0,0
2005,180264,1,1,0,0,0,0,0,0,0,0,0,0
2005,180265,1,1,7,7,7,7,7,7,7,7,7,7
2005,180266,1,1,0,0,0,0,0,0,0,0,0,0
2005,180267,1,1,0,0,0,0,0,0,0,0,0,0