YEAR,ST_CASE,veh_no,per_no,P1,P2,P3,P4,P5,P6,P7,P8,P9,P10
2005,180267,2,1,0,0,0,0,0,0,0,0,0,0
2005,180268,1,1,0,0,0,0,0,0,0,0,0,0
2005,180269,1,1,0,0,0,0,0,0,0,0,0,0
2005,180270,1,1,0,0,11,0,0,0,8,0,0,0
2005,180271,1,1,11,11,11,11,11,11,11,11,11,11
2005,180272,1,1,20,20,20,20,20,20,20,20,20,20
2005,180273,1,1,0,0,0,0,0,0,0,0,0,0
2005,180273,2,1,0,0,0,0,0,0,0,0,0,0
2005,180274,1,1,12,14,37,31,2,9,6,7,10,10
2005,180274,2,1,0,0,0,0,0,0,0,0,0,0
2005,180275,1,1,0,0,0,0,0,0,0,0,0,0
2005,180275,2,1,0,0,0,0,0,0,0,0,0,0
2005,180276,1,1,14,27,15,23,15,12,15,12,10,17
2005,180276,2,1,0,0,0,0,0,0,0,0,0,0
2005,180277,1,1,14,14,14,14,14,14,14,14,14,14
2005,180278,1,1,0,0,0,0,0,0,0,0,0,0
2005,180278,2,1,0,0,0,0,0,0,0,0,0,0
2005,180279,0,1,0,0,0,0,0,0,0,40,0,0
2005,180279,1,1,0,0,0,0,0,0,0,0,0,0
2005,180280,1,1,0,0,0,0,0,0,0,0,0,0
2005,180281,1,1,0,0,0,0,0,0,0,0,0,0
2005,180282,1,1,0,0,0,0,0,0,0,0,0,0
2005,180283,1,1,0,0,0,0,0,0,0,0,0,0
2005,180284,1,1,11,0,24,0,0,5,0,0,0,12
2005,180285,1,1,0,0,0,0,0,0,0,0,0,0
2005,180286,1,1,0,0,0,0,0,0,0,0,0,0
2005,180286,2,1,0,0,0,0,0,0,0,0,0,0
2005,180287,1,1,0,0,0,0,0,0,0,0,0,0
2005,180287,2,1,0,0,0,0,0,0,8,0,15,0
2005,180288,1,1,0,0,0,0,0,0,0,0,0,0
2005,180288,2,1,0,0,0,0,0,0,0,0,0,0
2005,180288,3,1,0,0,0,0,0,0,0,0,0,0
2005,180289,1,1,0,0,0,0,0,0,0,0,0,0
2005,180289,2,1,0,0,0,0,0,0,0,0,0,0
2005,180290,1,1,0,0,0,0,0,0,0,0,0,0
2005,180291,1,1,13,0,0,0,0,12,0,19,3,0
2005,180292,1,1,16,16,16,16,16,16,16,16,16,16
2005,180293,1,1,21,21,21,21,21,21,21,21,21,21
2005,180293,2,1,0,0,0,0,0,0,0,0,0,0
2005,180294,0,1,0,0,0,0,0,0,0,0,0,0
2005,180294,1,1,2,2,2,2,2,2,2,2,2,2
2005,180295,1,1,0,0,0,0,0,0,0,0,0,0
2005,180295,2,1,0,0,0,0,0,0,0,0,0,0
2005,180296,1,1,0,0,0,0,0,0,0,0,0,0
2005,180297,1,1,0,0,0,0,0,0,0,0,0,0
2005,180297,2,1,0,0,0,0,0,0,0,0,0,0
2005,180298,1,1,0,0,0,0,0,0,0,12,0,9
2005,180299,1,1,0,0,0,0,0,0,0,0,0,0
2005,180299,2,1,0,0,0,0,0,0,0,0,0,0
2005,180300,0,1,0,16,0,0,0,0,6,0,0,0
2005,180300,1,1,0,0,0,0,0,0,0,0,0,0
2005,180301,1,1,0,0,0,0,0,0,0,0,0,0
2005,180302,0,1,0,0,0,0,0,0,0,0,16,0
2005,180302,1,1,0,0,0,0,0,0,0,0,0,0
2005,180303,1,1,16,16,16,16,16,16,16,16,16,16
2005,180305,1,1,17,0,7,0,0,0,0,16,0,20
2005,180305,2,1,0,0,0,0,0,0,0,0,0,0
2005,180306,1,2,18,0,0,21,0,0,21,0,0,0
2005,180307,1,1,0,0,0,0,0,0,0,0,0,0
2005,180308,1,1,28,28,28,28,28,28,28,28,28,28
2005,180309,0,1,0,0,0,0,0,0,0,0,0,0
2005,180309,1,1,0,0,0,0,0,0,0,0,0,0
2005,180310,1,1,0,0,0,0,0,0,0,0,0,0
2005,180310,2,1,0,0,0,0,0,0,0,0,0,0
2005,180310,3,1,0,0,0,0,0,0,0,0,0,0
2005,180311,1,1,0,0,0,0,0,0,0,0,0,0
2005,180311,2,1,0,0,0,0,0,0,0,0,0,0
2005,180311,3,1,0,0,0,0,0,0,0,0,0,0
2005,180312,1,1,0,0,0,0,0,0,0,0,0,0
2005,180312,2,1,0,0,0,0,0,0,0,0,0,0
2005,180313,1,1,3,3,3,3,3,3,3,3,3,3
2005,180313,2,1,12,12,12,12,12,12,12,12,12,12
2005,180314,1,1,0,0,0,0,0,0,0,0,0,0
2005,180315,1,1,28,28,28,28,28,28,28,28,28,28
2005,180315,2,1,0,0,0,0,0,0,0,0,0,0
2005,180316,1,1,0,15,0,0,0,0,0,0,21,3
2005,180316,2,1,0,0,0,10,0,0,0,0,0,0
2005,180317,1,1,0,0,7,0,0,0,0,0,0,0
2005,180318,1,1,16,16,16,16,16,16,16,16,16,16
2005,180319,1,1,23,23,23,23,23,23,23,23,23,23
2005,180319,2,1,0,0,0,0,0,0,0,0,0,0
2005,180320,1,1,0,0,0,0,0,0,0,0,0,0
2005,180321,1,1,0,0,0,0,0,0,0,0,0,0
2005,180321,2,1,0,0,0,0,0,0,0,0,0,0
2005,180321,3,1,0,0,0,0,0,0,0,0,0,0
2005,180322,1,1,0,0,0,0,0,0,0,0,0,0
2005,180322,2,1,0,0,0,0,0,0,0,0,0,0
2005,180323,1,1,0,0,0,0,0,0,0,0,0,0
2005,180323,2,1,0,0,0,0,0,0,0,0,0,0
2005,180324,1,1,0,0,0,0,0,0,0,0,0,0
2005,180325,1,1,0,0,0,0,0,0,0,0,0,0
2005,180325,2,1,0,0,0,0,0,0,0,0,0,0
2005,180326,1,1,27,27,27,27,27,27,27,27,27,27
2005,180327,1,1,0,0,0,0,0,0,0,0,0,0
2005,180328,1,1,3,3,3,3,3,3,3,3,3,3
2005,180329,0,1,0,0,0,0,0,0,0,0,0,0
2005,180329,1,1,0,0,0,0,0,0,0,0,0,0
2005,180330,1,1,0,0,0,0,0,0,0,0,10,0
2005,180330,2,1,29,0,0,0,0,0,0,0,0,0
2005,180331,1,1,20,20,20,20,20,20,20,20,20,20
2005,180332,1,1,22,22,22,22,22,22,22,22,22,22
2005,180333,0,1,26,0,17,0,0,0,15,0,22,0
2005,180333,1,1,0,0,0,0,0,0,0,0,0,0
2005,180333,2,1,16,0,0,0,0,0,18,0,0,0
2005,180334,1,1,0,0,0,0,0,0,0,0,0,0
2005,180335,1,1,7,7,7,7,7,7,7,7,7,7
2005,180335,2,1,0,0,0,0,0,0,0,0,0,0
2005,180336,1,1,7,24,0,0,0,0,0,0,20,24
2005,180337,1,1,0,22,0,0,25,33,0,30,0,0
2005,180338,1,1,0,0,0,0,0,0,0,0,0,0
2005,180338,2,1,0,0,0,0,0,0,0,0,0,0
2005,180339,1,1,0,0,0,0,0,0,0,0,0,0
2005,180339,2,1,32,32,32,32,32,32,32,32,32,32
2005,180340,1,1,12,12,12,12,12,12,12,12,12,12
2005,180341,1,1,0,0,0,0,0,0,0,0,0,0
2005,180341,2,1,0,0,0,0,0,0,0,0,0,0
2005,180342,1,1,0,0,0,0,0,0,0,0,0,0
2005,180342,2,1,17,0,0,0,0,0,0,0,0,0
2005,180343,0,1,0,0,0,0,0,0,0,0,0,0
2005,180343,1,1,0,0,0,0,0,0,0,0,0,0
2005,180344,1,1,0,0,0,0,0,0,0,0,0,0
2005,180344,2,1,0,0,0,0,0,0,0,0,0,0
2005,180344,3,1,0,0,0,0,0,0,0,0,0,0
2005,180345,1,1,0,0,0,0,0,0,0,0,0,0
2005,180346,1,1,0,0,0,0,0,0,0,0,0,0
2005,180347,1,1,0,0,0,0,0,0,0,0,0,11
2005,180347,2,1,8,8,8,8,8,8,8,8,8,8
2005,180348,0,1,0,0,0,34,0,0,18,0,18,0
2005,180348,1,1,27,27,27,27,27,27,27,27,27,27
2005,180349,1,1,0,0,0,0,0,0,0,0,0,0
2005,180349,2,1,0,0,0,0,0,0,0,0,0,0
2005,180350,1,1,0,0,0,0,0,0,0,0,0,0
2005,180350,2,1,0,0,0,0,0,0,0,0,0,0
2005,180352,1,1,0,0,0,0,0,0,0,0,0,0
2005,180352,2,1,0,0,0,0,0,0,0,0,0,0
2005,180353,1,1,0,0,0,0,0,0,0,0,0,0
2005,180353,2,1,19,0,0,0,0,11,0,0,0,0
2005,180353,3,1,0,0,0,0,0,0,0,0,0,0
2005,180354,1,1,0,0,0,0,0,0,0,0,0,0
2005,180355,1,1,0,0,0,0,0,0,0,0,0,0
2005,180355,2,1,0,0,0,0,0,0,0,0,0,0
2005,180357,1,1,26,26,26,26,26,26,26,26,26,26
2005,180358,1,1,0,0,0,0,0,0,0,0,0,0
2005,180358,2,1,0,0,0,0,0,0,0,0,0,0
2005,180358,3,1,0,0,0,0,0,0,0,0,0,0
2005,180359,1,1,0,0,0,0,0,0,0,0,0,0
2005,180359,2,1,0,0,0,0,0,0,0,0,0,0
2005,180360,1,1,0,41,0,25,0,0,0,0,0,0
2005,180361,1,1,0,0,0,0,0,0,0,13,0,0
2005,180361,2,1,0,0,0,0,0,0,0,0,0,0
2005,180362,1,1,24,24,24,24,24,24,24,24,24,24
2005,180362,2,1,0,0,0,0,0,0,0,0,0,0
2005,180363,1,1,0,0,0,0,0,0,0,0,0,0
2005,180364,1,1,0,0,0,0,0,0,0,0,0,0
2005,180364,2,1,0,0,0,0,0,0,0,0,0,0
2005,180365,1,1,0,0,0,0,0,0,0,0,0,0
2005,180365,2,1,0,0,0,0,0,0,0,0,0,0
2005,180366,1,1,0,0,0,0,0,0,0,0,0,0
2005,180367,0,1,0,0,0,0,0,0,0,0,0,0
2005,180367,1,1,0,0,0,0,0,0,0,0,0,0
2005,180368,1,1,0,0,0,0,0,0,0,0,0,0
2005,180369,1,1,0,0,0,0,0,0,0,0,0,0
2005,180369,2,1,0,0,0,0,0,0,0,0,0,0
2005,180369,3,1,0,0,0,0,0,0,0,0,0,0
2005,180370,1,1,0,0,0,0,0,0,0,0,0,0
2005,180370,2,1,0,0,0,0,0,0,0,0,0,0
2005,180371,1,1,15,15,15,15,15,15,15,15,15,15
2005,180372,1,1,0,0,0,0,0,0,0,0,0,0
2005,180373,1,1,0,0,0,0,0,0,0,0,0,0
2005,180374,1,1,0,22,0,0,0,8,0,0,0,0
2005,180375,1,1,0,0,0,0,0,0,0,0,0,0
2005,180376,1,1,6,6,6,6,6,6,6,6,6,6
2005,180377,1,1,0,0,0,0,0,0,0,0,0,0
2005,180377,2,1,0,0,0,0,0,0,0,0,0,0
2005,180378,1,1,0,6,13,23,27,0,11,22,0,14
2005,180379,1,1,0,0,20,11,0,10,9,0,0,0
2005,180380,1,1,0,0,0,0,0,0,0,0,0,0
2005,180381,1,1,16,0,24,0,14,0,30,0,0,12
2005,180382,1,1,18,0,0,0,0,0,6,0,0,0
2005,180382,2,1,0,0,0,0,10,0,0,0,0,0
2005,180383,0,1,0,0,0,0,0,0,0,0,0,0
2005,180383,1,1,0,0,0,0,0,0,0,0,0,0
2005,180384,1,1,0,0,0,0,0,0,0,0,0,0
2005,180384,2,1,0,0,0,0,0,0,0,0,0,0
2005,180385,1,1,0,0,0,0,0,0,0,0,0,0
2005,180385,2,1,0,0,0,0,0,0,0,0,0,0
2005,180386,0,1,0,25,0,0,0,0,0,0,0,0
2005,180386,1,1,0,0,0,0,0,0,0,0,0,0
2005,180387,1,1,0,0,0,0,0,0,0,0,0,0
2005,180388,1,1,0,0,0,0,0,0,25,0,24,15
2005,180389,1,1,0,0,0,0,0,0,0,0,0,0
2005,180390,1,1,0,7,0,0,0,10,0,16,13,0
2005,180390,2,1,0,0,0,0,0,0,0,0,0,0
2005,180391,1,1,0,0,0,0,0,0,0,0,0,0
2005,180391,2,1,0,0,0,0,0,0,0,0,0,0
2005,180392,1,1,0,5,6,5,5,10,0,0,7,0
2005,180393,1,1,12,12,12,12,12,12,12,12,12,12
2005,180393,2,1,0,0,0,0,0,0,0,0,0,0
2005,180393,3,1,0,0,0,0,0,0,0,0,0,0
2005,180394,1,1,0,0,0,0,0,0,0,0,0,0
2005,180394,2,1,0,0,0,0,0,0,0,0,0,0
2005,180395,1,1,0,0,0,0,0,0,0,0,0,0
2005,180395,2,1,0,0,0,0,0,0,0,0,0,0
2005,180396,1,1,20,20,20,20,20,20,20,20,20,20
2005,180396,2,1,0,0,0,0,0,0,0,0,0,0
2005,180397,0,1,0,0,0,0,0,0,0,0,0,0
2005,180397,1,1,0,0,0,0,0,0,0,0,0,8
2005,180398,1,1,0,0,0,0,0,0,0,0,0,0
2005,180398,2,1,0,0,0,0,0,0,0,0,0,0
2005,180399,1,1,0,0,0,0,0,0,0,0,0,0
2005,180400,0,1,0,0,0,0,20,12,0,0,0,0
2005,180400,1,1,0,22,0,0,0,0,0,0,0,0
2005,180401,1,1,0,0,0,0,0,0,0,0,0,0
2005,180401,2,1,0,0,0,0,0,0,0,0,0,0
2005,180402,1,1,0,0,0,12,0,0,0,0,0,0
2005,180403,1,1,12,12,12,12,12,12,12,12,12,12
2005,180404,1,1,23,23,23,23,23,23,23,23,23,23
2005,180405,1,1,0,0,0,0,0,0,0,0,0,0
2005,180406,1,1,0,0,0,0,0,0,0,0,0,0
2005,180407,1,1,0,0,0,0,0,0,0,0,0,0
2005,180407,2,1,0,0,0,0,0,0,0,0,0,0
2005,180408,1,1,19,19,19,19,19,19,19,19,19,19
2005,180409,1,1,0,0,0,0,0,0,0,0,0,0
2005,180410,1,1,16,16,16,16,16,16,16,16,16,16
2005,180411,1,1,10,10,10,10,10,10,10,10,10,10
2005,180411,2,1,0,0,0,0,0,0,0,0,0,0
2005,180411,3,1,0,0,0,0,0,0,0,0,0,0
2005,180411,4,1,0,0,0,0,0,0,0,0,0,0
2005,180412,1,1,10,9,14,8,7,7,0,21,16,4
2005,180413,1,1,0,0,0,0,0,0,0,0,0,0
2005,180413,2,1,0,0,0,0,0,0,0,18,0,0
2005,180413,3,1,0,0,0,0,0,0,0,8,0,0
2005,180414,1,1,0,9,0,0,0,0,0,0,0,3
2005,180414,2,1,0,0,0,0,0,0,0,0,0,0
2005,180415,1,1,7,7,7,7,7,7,7,7,7,7
2005,180415,2,1,0,0,0,0,0,0,0,0,0,0
2005,180416,1,1,0,0,0,7,0,0,8,0,0,0
2005,180416,2,1,9,13,11,0,18,0,15,0,13,5
2005,180417,1,1,19,19,19,19,19,19,19,19,19,19
2005,180417,2,1,0,0,0,0,0,0,0,0,0,0
2005,180418,1,1,23,23,23,23,23,23,23,23,23,23
2005,180419,1,1,19,19,19,19,19,19,19,19,19,19
2005,180420,1,1,0,0,0,0,0,0,0,0,0,0
2005,180420,2,1,0,0,0,0,0,0,0,0,0,0
2005,180420,3,1,0,0,0,0,0,0,0,0,0,0
2005,180421,1,1,37,0,0,0,7,0,0,0,0,0
2005,180421,2,1,0,0,0,0,0,0,0,0,0,0
2005,180422,1,1,0,0,8,0,0,0,0,0,0,0
2005,180422,2,1,27,27,27,27,27,27,27,27,27,27
2005,180423,1,1,0,0,0,0,0,0,0,0,0,0
2005,180423,2,1,0,0,0,0,0,0,0,0,0,0
2005,180424,1,1,0,0,0,0,0,0,0,0,0,0
2005,180425,1,1,0,0,0,0,0,0,0,0,0,0
2005,180425,2,1,0,0,0,0,0,0,0,0,0,0
2005,180426,1,1,0,0,0,0,0,0,0,0,0,0
2005,180426,2,1,0,0,0,0,0,0,0,0,0,0
2005,180427,1,1,0,0,0,0,0,0,0,0,0,0
2005,180428,1,1,0,0,0,0,0,0,0,23,0,0
2005,180428,2,1,0,0,0,0,0,0,0,0,23,0
2005,180429,1,1,0,0,0,0,0,0,0,0,0,0
2005,180429,2,1,0,0,0,0,0,0,0,0,0,0
2005,180430,1,1,3,3,3,3,3,3,3,3,3,3
2005,180431,1,1,0,0,0,0,0,0,0,0,0,0
2005,180431,2,1,0,0,0,0,0,0,0,0,0,0
2005,180431,3,1,0,0,16,0,0,0,0,0,0,0
2005,180432,1,1,14,14,14,14,14,14,14,14,14,14
2005,180433,1,1,0,0,0,0,0,0,0,0,0,0
2005,180433,2,1,0,0,0,0,0,0,0,0,0,0
2005,180433,3,1,0,0,0,0,0,0,0,0,0,0
2005,180434,1,1,23,17,25,22,13,33,54,0,11,16
2005,180435,1,1,17,28,28,29,21,33,20,30,19,14
2005,180435,2,1,0,0,0,0,0,0,0,0,0,0
2005,180436,1,1,21,21,21,21,21,21,21,21,21,21
2005,180437,1,1,0,0,0,0,0,0,0,0,0,0
2005,180437,2,1,0,0,0,0,0,0,0,0,0,0
2005,180438,1,1,0,0,0,0,0,13,0,0,0,0
2005,180439,1,1,10,10,10,10,10,10,10,10,10,10
2005,180440,1,1,0,0,0,0,0,0,0,0,0,0
2005,180441,1,1,0,0,0,0,0,0,0,0,0,0
2005,180441,2,1,0,0,0,0,0,0,0,0,0,0
2005,180442,1,1,12,43,20,0,20,0,9,20,0,33
2005,180443,1,1,0,0,0,0,0,0,0,0,0,0
2005,180443,2,1,0,0,0,0,0,0,0,0,0,0
2005,180444,1,1,0,0,0,0,0,0,0,0,0,0
2005,180444,2,1,0,0,0,0,0,0,0,0,0,0
2005,180445,1,1,0,0,0,0,0,0,0,0,0,0
2005,180445,2,1,0,0,0,0,0,0,0,0,0,0
2005,180446,1,1,32,32,32,32,32,32,32,32,32,32
2005,180447,1,1,0,0,0,11,29,0,25,50,19,12
2005,180448,1,1,0,0,0,0,0,0,0,0,0,0
2005,180448,2,1,0,0,0,0,0,0,0,0,0,0
2005,180449,1,1,0,0,0,0,0,0,0,0,0,0
2005,180449,2,1,0,0,0,0,0,0,0,0,0,0
2005,180450,1,1,23,7,11,10,21,7,14,12,11,15
2005,180450,2,1,14,10,16,22,12,8,23,19,17,20
2005,180451,0,1,0,26,0,0,0,0,30,0,0,15
2005,180451,1,1,0,0,0,0,0,0,0,0,0,0
2005,180452,0,1,0,0,0,53,11,0,0,22,0,0
2005,180452,1,1,0,0,0,0,0,0,0,0,0,0
2005,180453,1,1,0,0,0,17,0,0,0,0,0,0
2005,180453,2,1,0,0,0,0,0,0,0,0,0,0
2005,180454,1,1,0,0,0,0,0,0,0,0,0,0
2005,180455,1,1,21,21,21,21,21,21,21,21,21,21
2005,180455,2,1,0,0,0,0,0,0,0,0,0,0
2005,180456,1,1,14,14,14,14,14,14,14,14,14,14
2005,180457,1,1,0,0,0,0,0,0,0,0,0,0
2005,180457,2,1,0,0,0,0,0,0,0,0,0,0
2005,180458,1,1,0,0,0,0,0,0,0,0,0,0
2005,180459,0,1,0,0,0,0,0,27,0,0,0,0
2005,180459,1,1,0,0,0,0,0,0,0,0,0,0
2005,180460,1,1,24,24,24,24,24,24,24,24,24,24
2005,180461,1,1,0,0,0,0,0,0,0,0,0,0
2005,180461,2,1,19,19,19,19,19,19,19,19,19,19
2005,180462,1,1,0,0,0,0,0,0,0,0,0,0
2005,180463,1,1,9,9,9,9,9,9,9,9,9,9
2005,180464,1,1,0,0,0,0,0,0,0,0,0,0
2005,180465,1,1,13,13,13,13,13,13,13,13,13,13
2005,180465,2,1,11,11,11,11,11,11,11,11,11,11
2005,180466,1,1,13,13,13,13,13,13,13,13,13,13
2005,180466,2,1,0,0,0,0,0,0,0,0,0,0
2005,180467,1,1,14,14,14,14,14,14,14,14,14,14
2005,180468,1,1,13,13,13,13,13,13,13,13,13,13
2005,180469,1,1,0,0,0,0,0,0,0,0,0,0
2005,180469,2,1,0,0,0,0,0,0,0,0,7,0
2005,180470,1,1,0,0,0,0,0,0,0,0,0,0
2005,180471,1,1,9,9,9,9,9,9,9,9,9,9
2005,180471,2,1,0,0,0,0,0,0,0,0,0,0
2005,180472,1,1,0,0,0,0,0,0,0,0,0,0
2005,180473,1,1,16,16,16,16,16,16,16,16,16,16
2005,180473,2,1,0,0,0,0,0,0,0,0,0,0
2005,180474,1,1,0,0,0,0,0,0,0,0,0,0
2005,180474,2,1,0,0,0,0,0,0,0,0,0,0
2005,180475,0,1,0,0,0,0,0,0,0,0,0,0
2005,180475,1,1,0,0,0,0,0,0,0,0,0,0
2005,180476,0,1,0,0,0,0,0,0,0,0,0,0
2005,180476,1,1,0,7,0,0,4,0,0,0,0,0
2005,180476,2,1,0,0,0,0,0,0,0,0,0,0
2005,180477,1,1,0,0,0,0,0,0,0,0,0,0
2005,180477,2,1,0,0,0,0,0,0,0,0,0,0
2005,180478,1,1,14,14,14,14,14,14,14,14,14,14
2005,180479,1,1,0,0,0,0,0,0,0,0,0,0
2005,180479,2,1,0,0,0,0,0,0,0,0,0,0
2005,180479,3,1,0,0,0,0,0,0,0,0,0,0
2005,180479,4,1,0,0,0,0,0,0,0,0,0,0
2005,180480,1,1,0,0,0,0,0,0,0,0,0,0
2005,180481,1,1,11,3,18,10,11,18,7,9,15,5
2005,180482,0,1,0,0,0,0,0,0,0,0,0,0
2005,180482,1,1,0,0,0,0,0,0,0,0,0,0
2005,180483,1,1,0,0,0,0,0,16,0,0,0,0
2005,180483,2,1,0,0,0,0,0,0,0,0,0,0
2005,180484,1,1,0,0,0,0,0,0,0,0,0,0
2005,180484,2,1,0,0,0,0,0,0,0,0,0,0
2005,180485,1,1,0,0,0,0,6,14,0,0,0,0
2005,180486,1,1,6,6,6,6,6,6,6,6,6,6
2005,180487,1,1,12,0,0,10,10,0,0,0,0,0
2005,180487,2,1,0,0,0,0,0,0,0,0,0,0
2005,180488,1,1,0,0,0,0,0,0,0,0,0,0
2005,180489,1,1,10,10,10,10,10,10,10,10,10,10
2005,180490,1,1,0,0,0,0,0,0,0,0,0,0
2005,180490,2,1,0,0,0,0,0,0,0,0,0,0
2005,180491,1,1,0,0,0,0,0,0,0,0,0,0
2005,180491,2,1,0,0,0,0,0,0,0,0,0,0
2005,180492,1,1,24,24,24,24,24,24,24,24,24,24
2005,180492,2,1,2,2,2,2,2,2,2,2,2,2
2005,180492,3,1,0,0,0,0,0,0,0,0,0,0
2005,180493,1,1,4,0,0,0,0,0,0,0,0,0
2005,180493,2,1,0,0,0,0,0,0,0,0,11,0
2005,180493,3,1,0,0,0,0,0,0,0,0,0,0
2005,180494,1,1,0,0,0,0,0,0,0,0,0,0
2005,180494,2,1,0,0,0,0,0,0,0,0,0,0
2005,180495,1,1,11,11,11,11,11,11,11,11,11,11
2005,180495,2,1,0,0,0,0,0,0,0,0,0,0
2005,180495,3,1,0,0,0,23,0,0,15,0,0,0
2005,180496,1,1,23,23,23,23,23,23,23,23,23,23
2005,180497,1,1,0,0,0,0,0,0,0,0,0,0
2005,180497,2,1,0,0,0,0,0,0,0,0,0,0
2005,180497,3,1,0,0,18,11,0,0,14,0,0,0
2005,180497,4,1,0,0,0,8,0,0,19,0,0,0
2005,180498,1,1,0,0,0,0,0,0,0,0,0,0
2005,180498,2,1,0,0,0,0,0,0,0,0,0,0
2005,180499,1,1,20,20,20,20,20,20,20,20,20,20
2005,180499,2,1,0,0,0,0,0,0,0,0,0,0
2005,180500,1,1,0,0,0,0,0,0,0,17,0,0
2005,180501,1,1,8,8,8,8,8,8,8,8,8,8
2005,180502,1,1,1,1,1,1,1,1,1,1,1,1
2005,180502,2,1,0,0,0,0,0,4,0,0,0,0
2005,180502,3,1,0,0,0,0,0,0,0,0,13,0
2005,180503,1,1,0,0,0,0,0,0,0,0,0,0
2005,180504,1,1,0,0,0,0,0,0,0,0,0,0
2005,180505,1,1,0,0,0,0,0,0,0,0,0,0
2005,180505,2,1,0,0,0,0,0,0,0,0,0,0
2005,180506,1,1,0,0,0,0,0,0,0,0,0,0
2005,180506,2,1,0,0,0,0,0,0,0,0,0,0
2005,180506,3,1,0,0,0,0,0,0,0,0,0,0
2005,180506,4,1,0,0,0,0,0,0,0,0,0,0
2005,180506,5,1,0,0,11,0,0,0,0,7,0,0
2005,180506,6,1,0,0,0,0,0,0,0,0,0,0
2005,180506,7,1,0,0,0,0,0,0,0,0,0,0
2005,180507,1,1,0,0,10,0,0,0,6,0,0,0
2005,180507,2,1,0,0,0,0,0,0,0,0,0,0
2005,180508,1,1,0,0,0,0,0,0,0,0,0,0
2005,180508,2,1,5,5,5,5,5,5,5,5,5,5
2005,180509,1,1,0,0,0,0,0,0,0,0,0,0
2005,180509,2,1,0,0,0,0,0,0,0,0,0,0
2005,180510,1,1,9,9,9,9,9,9,9,9,9,9
2005,180510,2,1,24,24,24,24,24,24,24,24,24,24
2005,180511,1,1,0,0,0,0,0,0,0,0,0,0
2005,180512,0,1,0,0,0,0,0,0,0,0,0,0
2005,180512,0,2,30,14,0,0,0,0,14,0,0,9
2005,180512,0,3,0,0,0,0,0,0,0,0,0,28
2005,180512,1,1,12,12,12,12,12,12,12,12,12,12
2005,180513,1,1,0,0,0,0,0,0,0,0,0,0
2005,180514,1,1,21,21,21,21,21,21,21,21,21,21
2005,180514,2,1,0,0,0,0,0,0,0,0,0,0
2005,180515,1,1,0,0,0,0,0,0,0,0,0,0
2005,180516,1,1,0,0,0,0,0,0,0,0,0,0
2005,180516,2,1,0,0,0,0,0,0,0,0,0,0
2005,180517,1,1,0,0,0,0,0,5,0,0,0,0
2005,180517,2,1,0,0,0,0,0,0,0,0,0,0
2005,180518,1,1,0,0,0,0,0,0,0,0,0,0
2005,180519,1,1,3,3,3,3,3,3,3,3,3,3
2005,180520,1,1,0,0,0,0,0,0,0,0,0,0
2005,180521,1,1,0,0,0,0,0,0,0,0,0,0
2005,180521,2,1,0,0,0,0,0,0,0,0,0,0
2005,180522,1,1,3,3,3,3,3,3,3,3,3,3
2005,180522,2,1,0,0,7,0,0,0,0,0,0,0
2005,180522,3,1,0,0,0,0,0,11,0,0,0,0
2005,180522,4,1,0,14,0,0,0,0,16,0,0,0
2005,180522,5,1,0,0,0,0,0,0,0,0,0,0
2005,180522,6,1,0,0,0,0,0,0,0,0,0,0
2005,180523,1,1,10,10,10,10,10,10,10,10,10,10
2005,180523,2,1,0,0,0,0,0,0,0,0,0,0
2005,180524,1,1,0,0,0,0,0,0,0,0,10,0
2005,180525,1,1,0,0,0,0,0,0,0,0,0,0
2005,180525,2,1,0,0,0,0,0,0,0,0,0,0
2005,180526,1,1,0,0,0,0,0,0,0,0,0,0
2005,180526,2,1,0,0,0,0,0,0,0,0,0,0
2005,180527,1,1,19,19,19,19,19,19,19,19,19,19
2005,180528,1,1,20,20,20,20,20,20,20,20,20,20
2005,180529,1,1,0,0,0,0,0,0,0,0,0,0
2005,180530,1,1,0,0,0,0,0,0,0,0,0,0
2005,180530,2,1,17,17,17,17,17,17,17,17,17,17
2005,180531,1,1,0,0,0,0,0,0,0,0,0,0
2005,180531,2,1,0,0,0,0,0,0,0,0,0,0
2005,180532,1,1,0,0,0,0,0,0,0,0,0,0
2005,180533,1,1,0,0,0,0,0,0,0,0,0,0
2005,180533,2,1,0,0,0,0,0,0,0,0,0,0
2005,180533,3,1,0,0,0,0,0,0,0,0,0,0
2005,180534,1,1,0,0,0,0,0,0,0,0,0,0
2005,180534,2,1,0,0,0,0,0,0,0,0,0,17
2005,180535,1,1,26,26,26,26,26,26,26,26,26,26
2005,180535,2,1,2,2,2,2,2,2,2,2,2,2
2005,180536,1,1,17,17,17,17,17,17,17,17,17,17
2005,180536,2,1,0,0,0,0,0,0,0,0,0,0
2005,180537,1,1,21,21,21,21,21,21,21,21,21,21
2005,180537,2,1,0,0,0,0,0,0,0,0,0,0
2005,180538,1,1,12,12,12,12,12,12,12,12,12,12
2005,180538,2,1,0,0,0,0,0,0,11,0,0,0
2005,180539,1,1,0,0,0,0,0,0,0,0,0,0
2005,180539,2,1,0,0,0,0,0,0,0,0,0,0
2005,180540,1,1,14,14,14,14,14,14,14,14,14,14
2005,180541,1,1,5,5,5,5,5,5,5,5,5,5
2005,180542,1,1,18,18,18,18,18,18,18,18,18,18
2005,180543,1,1,0,0,0,0,0,0,0,0,0,0
2005,180544,1,1,11,11,11,11,11,11,11,11,11,11