YEAR,ST_CASE,veh_no,per_no,P1,P2,P3,P4,P5,P6,P7,P8,P9,P10
2005,180544,2,1,0,0,0,28,0,0,10,0,0,0
2005,180545,1,1,0,0,0,0,0,0,0,0,0,0
2005,180546,1,1,16,16,16,16,16,16,16,16,16,16
2005,180547,1,1,0,0,0,0,0,0,0,0,0,0
2005,180547,2,1,0,0,0,0,0,0,0,0,0,0
2005,180548,1,1,17,17,17,17,17,17,17,17,17,17
2005,180549,0,1,19,19,19,19,19,19,19,19,19,19
2005,180549,1,1,0,0,0,0,0,0,0,0,0,0
2005,180550,1,1,11,11,11,11,11,11,11,11,11,11
2005,180550,2,1,1,1,1,1,1,1,1,1,1,1
2005,180551,1,1,0,0,0,0,5,0,0,0,0,0
2005,180552,1,1,0,0,0,0,0,0,0,0,0,0
2005,180552,2,1,0,0,0,0,0,0,0,0,0,0
2005,180552,3,1,0,0,0,0,0,0,0,0,0,0
2005,180553,1,1,0,11,0,9,13,0,15,28,0,15
2005,180554,0,1,0,0,0,0,0,0,0,0,0,0
2005,180554,1,1,0,0,0,0,0,16,0,0,0,10
2005,180555,1,1,0,0,0,0,0,0,0,0,0,0
2005,180555,2,1,0,0,0,0,0,0,0,0,0,0
2005,180556,1,1,0,0,0,0,0,0,0,0,0,0
2005,180556,2,1,0,0,0,0,0,0,20,0,22,0
2005,180557,1,1,22,22,22,22,22,22,22,22,22,22
2005,180558,1,1,0,0,0,0,0,0,0,0,0,0
2005,180558,2,1,0,0,0,0,0,0,0,0,0,0
2005,180559,1,1,13,13,13,13,13,13,13,13,13,13
2005,180560,1,1,13,0,0,0,0,29,0,0,0,0
2005,180560,2,1,0,0,0,0,0,0,0,8,0,0
2005,180561,1,1,0,0,0,0,0,0,0,0,0,0
2005,180562,1,1,0,0,0,0,0,0,0,0,0,0
2005,180562,2,1,0,0,0,0,0,10,0,0,0,0
2005,180563,1,1,0,15,11,0,14,0,21,5,0,0
2005,180563,2,1,0,0,0,0,0,0,0,0,0,0
2005,180563,3,1,0,0,0,0,12,0,0,0,0,0
2005,180563,4,1,0,0,0,0,0,0,0,0,0,0
2005,180563,5,1,0,14,0,0,0,0,0,0,0,0
2005,180564,1,1,0,0,0,0,0,0,0,0,0,0
2005,180564,2,1,0,0,0,0,0,0,0,0,0,0
2005,180565,0,1,19,19,19,19,19,19,19,19,19,19
2005,180565,1,1,0,0,0,0,0,0,0,0,0,0
2005,180566,1,1,0,0,0,0,17,0,0,0,21,0
2005,180567,1,1,9,9,9,9,9,9,9,9,9,9
2005,180568,0,1,17,0,0,29,0,23,0,0,27,0
2005,180568,1,1,0,0,0,0,0,0,0,0,0,0
2005,180569,1,1,0,0,0,0,0,0,0,0,0,0
2005,180570,1,1,0,0,0,0,0,0,0,0,0,0
2005,180570,2,1,0,0,0,21,0,0,0,13,0,0
2005,180571,1,1,0,0,0,0,0,0,0,0,0,0
2005,180571,2,1,0,0,0,0,0,0,0,0,0,0
2005,180572,1,1,0,0,0,0,0,0,0,0,0,0
2005,180573,1,1,0,0,0,0,0,0,0,0,0,0
2005,180574,1,1,0,0,0,0,0,0,0,0,0,0
2005,180574,2,1,0,0,0,0,0,0,0,0,0,0
2005,180575,1,1,0,0,0,0,0,0,0,0,0,0
2005,180576,1,1,0,0,0,0,0,0,0,0,0,0
2005,180576,2,1,0,0,0,0,0,0,0,0,0,0
2005,180577,1,1,31,31,31,31,31,31,31,31,31,31
2005,180577,2,1,0,0,0,0,0,0,0,0,0,0
2005,180578,1,1,0,0,20,0,0,0,0,0,0,0
2005,180579,1,1,31,37,24,18,0,0,12,15,0,0
2005,180580,1,1,0,0,0,0,0,0,0,0,0,0
2005,180581,0,1,9,9,9,9,9,9,9,9,9,9
2005,180581,1,1,0,0,0,0,0,0,0,0,0,0
2005,180582,1,1,0,0,0,0,0,0,0,0,0,0
2005,180583,1,1,0,0,0,0,0,0,0,0,0,0
2005,180583,2,1,0,0,0,0,0,0,0,0,0,0
2005,180584,1,1,0,0,0,0,0,0,0,0,0,0
2005,180585,1,1,29,35,12,21,22,10,26,10,12,5
2005,180586,1,1,0,0,0,0,0,0,0,0,0,0
2005,180586,2,1,0,0,0,0,0,0,0,0,0,0
2005,180587,1,1,15,15,15,15,15,15,15,15,15,15
2005,180588,1,1,2,2,2,2,2,2,2,2,2,2
2005,180589,1,1,22,22,22,22,22,22,22,22,22,22
2005,180591,0,1,0,0,0,0,0,0,0,0,0,0
2005,180591,1,1,0,0,0,0,13,0,0,0,0,0
2005,180592,1,1,0,0,0,0,0,0,0,0,0,0
2005,180592,2,1,0,0,0,0,0,0,0,0,0,0
2005,180593,1,1,16,16,16,16,16,16,16,16,16,16
2005,180594,1,1,16,16,16,16,16,16,16,16,16,16
2005,180595,1,1,12,12,12,12,12,12,12,12,12,12
2005,180595,2,1,0,8,0,0,0,0,13,0,0,0
2005,180596,1,1,0,0,0,0,0,0,0,0,0,0
2005,180596,2,1,0,0,0,0,0,0,0,0,0,0
2005,180597,1,1,0,0,0,0,0,0,0,0,0,0
2005,180597,2,1,0,0,0,0,0,0,0,0,0,0
2005,180598,1,1,0,0,0,0,0,0,0,0,0,0
2005,180599,1,1,30,30,30,30,30,30,30,30,30,30
2005,180599,2,1,13,0,8,0,0,0,0,0,0,0
2005,180600,1,1,0,0,29,0,15,22,16,0,17,6
2005,180601,1,1,3,3,3,3,3,3,3,3,3,3
2005,180602,1,1,0,0,0,0,0,0,0,0,0,0
2005,180603,1,1,0,0,0,0,0,0,0,0,0,0
2005,180604,0,1,0,0,0,0,0,0,0,0,0,0
2005,180604,0,2,0,0,0,0,0,0,0,0,0,0
2005,180604,1,1,0,0,0,0,0,0,0,0,0,0
2005,180605,0,1,0,0,2,13,0,0,0,0,16,0
2005,180605,0,2,14,14,14,14,14,14,14,14,14,14
2005,180605,0,3,15,19,12,14,14,0,35,28,9,0
2005,180605,1,1,0,0,0,0,8,0,0,0,0,0
2005,180606,1,1,0,0,0,0,0,0,10,0,41,17
2005,180607,1,1,0,0,0,0,0,0,0,0,0,0
2005,180608,1,1,22,22,22,22,22,22,22,22,22,22
2005,180608,2,1,0,0,0,0,0,0,0,0,0,0
2005,180609,1,1,0,0,0,0,0,6,0,0,23,0
2005,180610,1,1,26,26,26,26,26,26,26,26,26,26
2005,180610,2,1,7,0,0,0,0,0,0,0,0,0
2005,180611,1,1,10,10,10,10,10,10,10,10,10,10
2005,180612,0,1,25,24,0,0,0,0,15,0,25,12
2005,180612,0,2,0,0,0,9,0,0,0,17,0,28
2005,180612,1,1,0,0,0,0,0,0,0,0,0,0
2005,180613,1,1,24,24,24,24,24,24,24,24,24,24
2005,180614,1,1,29,29,29,29,29,29,29,29,29,29
2005,180614,2,1,0,0,0,0,0,0,0,0,0,0
2005,180614,3,1,0,0,0,0,0,0,0,0,0,0
2005,180615,1,1,13,13,13,13,13,13,13,13,13,13
2005,180616,1,1,4,0,0,0,0,0,0,0,0,0
2005,180616,2,1,0,0,0,0,0,0,0,0,0,0
2005,180617,1,1,16,16,16,16,16,16,16,16,16,16
2005,180618,1,1,0,0,0,0,0,0,0,0,0,0
2005,180618,2,1,0,0,0,0,0,0,0,0,0,0
2005,180618,3,1,0,0,0,0,0,0,0,0,0,0
2005,180619,1,1,0,0,0,0,0,0,0,0,0,0
2005,180619,2,1,0,0,0,0,0,0,0,0,0,0
2005,180620,1,1,13,13,13,13,13,13,13,13,13,13
2005,180621,1,1,18,18,18,18,18,18,18,18,18,18
2005,180622,1,1,19,19,19,19,19,19,19,19,19,19
2005,180623,1,1,0,0,0,0,0,0,0,0,0,0
2005,180623,2,1,0,0,0,0,0,0,0,0,0,0
2005,180624,1,1,0,0,0,0,0,0,0,0,0,0
2005,180624,2,1,0,0,0,0,0,0,0,0,0,0
2005,180625,1,1,5,5,5,5,5,5,5,5,5,5
2005,180625,2,1,0,0,0,0,0,0,0,0,0,0
2005,180626,1,1,8,35,9,15,37,15,14,15,13,21
2005,180627,1,1,0,16,0,0,36,0,0,0,0,22
2005,180628,1,1,21,21,21,21,21,21,21,21,21,21
2005,180629,1,1,0,0,0,0,0,0,0,0,0,0
2005,180629,2,1,0,0,0,0,0,0,0,0,0,0
2005,180630,1,1,0,0,0,0,0,0,0,0,0,0
2005,180630,2,1,0,0,0,0,0,0,0,0,0,0
2005,180631,1,1,0,0,0,0,17,0,0,18,0,0
2005,180632,1,1,0,0,0,0,0,0,0,0,0,0
2005,180632,2,1,0,0,0,0,0,0,0,0,0,0
2005,180633,1,1,0,0,0,0,0,0,0,0,0,0
2005,180633,2,1,0,0,0,0,0,0,0,0,0,0
2005,180634,1,1,0,0,0,0,0,0,0,0,0,0
2005,180635,1,1,14,14,14,14,14,14,14,14,14,14
2005,180636,1,1,0,0,0,0,0,0,0,0,0,0
2005,180636,2,1,0,0,0,0,0,0,0,0,0,0
2005,180637,1,2,23,29,41,9,16,32,0,23,31,26
2005,180639,1,1,0,0,0,0,0,0,0,0,0,0
2005,180639,2,1,0,0,0,0,0,0,0,0,0,0
2005,180640,1,1,0,0,0,10,11,0,9,13,24,6
2005,180641,0,1,0,0,0,0,0,0,0,0,0,0
2005,180641,1,1,0,0,0,0,0,0,0,0,0,0
2005,180642,1,1,0,0,0,0,0,0,0,0,0,0
2005,180642,2,1,0,0,0,0,0,0,0,0,0,0
2005,180643,1,1,0,0,0,0,0,0,0,0,0,0
2005,180644,1,1,18,18,18,18,18,18,18,18,18,18
2005,180644,2,1,0,0,0,0,0,0,0,0,0,0
2005,180645,1,1,0,0,0,0,0,0,0,0,0,0
2005,180646,1,1,0,0,0,0,0,0,0,0,0,0
2005,180647,1,1,0,0,0,0,0,16,9,0,0,24
2005,180648,1,1,0,0,0,0,0,0,29,0,0,0
2005,180649,1,1,0,0,0,0,0,0,0,0,0,0
2005,180649,2,1,0,0,0,0,8,0,0,0,0,0
2005,180650,1,1,0,0,0,0,0,0,0,0,0,0
2005,180650,2,1,0,0,0,0,0,0,16,0,24,0
2005,180651,1,1,0,0,0,0,0,0,0,0,0,0
2005,180651,2,1,0,0,0,0,0,0,0,0,0,0
2005,180652,0,1,0,0,0,0,0,0,0,0,0,0
2005,180652,1,1,0,0,0,0,0,0,0,0,0,0
2005,180653,1,1,0,7,0,0,0,0,0,21,0,0
2005,180653,2,1,0,0,0,0,0,0,0,0,0,0
2005,180654,0,1,13,13,13,13,13,13,13,13,13,13
2005,180654,1,1,0,0,0,0,0,0,0,0,0,0
2005,180655,1,1,0,0,0,0,0,0,0,0,0,0
2005,180655,2,1,0,0,0,0,0,0,0,0,0,0
2005,180656,0,1,5,0,0,0,0,0,0,0,31,0
2005,180656,1,1,0,0,0,0,0,0,0,0,0,0
2005,180657,1,1,0,0,0,0,0,0,0,0,0,0
2005,180658,1,1,0,0,0,0,0,0,0,0,0,0
2005,180658,2,1,0,0,0,0,13,0,0,12,0,0
2005,180659,1,1,10,10,10,10,10,10,10,10,10,10
2005,180660,1,1,0,0,0,0,0,0,0,0,0,0
2005,180660,2,1,0,0,0,0,0,0,0,0,0,0
2005,180661,1,1,45,45,45,45,45,45,45,45,45,45
2005,180661,2,1,0,0,0,0,0,0,0,0,0,0
2005,180662,1,1,0,0,0,12,0,16,0,0,0,14
2005,180663,1,1,27,7,10,14,4,10,13,7,35,5
2005,180663,2,1,0,0,0,11,0,0,0,0,0,0
2005,180664,1,1,0,0,0,0,0,0,0,0,0,0
2005,180664,2,1,0,0,0,0,0,0,0,0,0,0
2005,180665,1,1,20,20,20,20,20,20,20,20,20,20
2005,180666,1,1,0,0,0,0,0,0,0,0,0,0
2005,180667,1,1,16,10,13,8,23,15,26,32,2,17
2005,180668,1,1,0,0,0,0,0,0,0,0,0,0
2005,180668,2,1,0,0,0,0,0,0,0,0,0,0
2005,180669,1,1,0,0,0,0,0,0,0,0,0,0
2005,180669,2,1,0,0,0,0,0,0,0,0,0,0
2005,180670,0,1,12,12,12,12,12,12,12,12,12,12
2005,180670,1,1,12,12,12,12,12,12,12,12,12,12
2005,180671,1,1,30,17,18,0,22,8,23,18,21,18
2005,180672,1,1,0,0,0,0,22,0,0,0,8,0
2005,180673,1,1,21,0,0,21,0,0,0,7,0,0
2005,180674,1,1,0,0,0,0,0,0,0,0,0,0
2005,180675,1,1,0,0,0,0,0,0,0,0,0,0
2005,180675,2,1,0,0,0,0,0,0,0,0,0,0
2005,180676,1,1,0,0,0,0,0,0,0,0,0,0
2005,180676,2,1,0,0,0,0,0,5,6,0,0,0
2005,180676,3,1,0,0,0,0,0,0,0,0,0,0
2005,180677,1,1,16,16,16,16,16,16,16,16,16,16
2005,180678,1,1,0,0,0,0,0,0,0,0,0,0
2005,180678,2,1,0,0,0,0,0,0,0,0,0,0
2005,180679,1,1,0,0,0,0,0,0,0,0,0,0
2005,180679,2,1,0,0,0,0,0,0,0,0,0,0
2005,180680,1,1,0,0,0,0,0,0,0,0,0,0
2005,180681,1,1,17,17,17,17,17,17,17,17,17,17
2005,180681,2,1,0,0,0,0,0,0,0,0,0,0
2005,180682,1,1,0,0,5,0,0,0,0,0,0,0
2005,180682,2,1,0,0,0,0,0,0,0,0,0,0
2005,180683,1,1,0,0,0,0,0,0,0,0,0,0
2005,180683,2,1,0,0,0,0,0,0,0,0,0,0
2005,180684,1,1,0,0,0,0,0,0,0,0,0,0
2005,180685,0,1,0,0,0,0,0,0,0,0,0,0
2005,180685,1,1,0,0,0,0,0,0,0,0,0,0
2005,180686,1,1,0,0,0,5,0,0,0,0,0,0
2005,180686,2,1,0,0,0,0,0,0,0,0,0,0
2005,180687,1,1,19,19,19,19,19,19,19,19,19,19
2005,180688,1,1,0,0,0,0,0,0,0,0,0,0
2005,180689,1,1,0,0,0,0,0,0,0,0,0,0
2005,180690,1,1,0,0,0,0,0,0,0,0,0,0
2005,180690,2,1,0,0,0,0,0,0,0,0,0,0
2005,180691,1,1,0,0,0,0,0,0,0,0,0,0
2005,180691,2,1,0,0,5,0,0,0,0,0,0,0
2005,180692,1,1,0,0,11,0,0,0,0,0,0,0
2005,180692,2,1,0,0,0,0,0,0,0,0,0,0
2005,180693,1,1,0,0,0,0,0,0,0,0,0,0
2005,180693,2,1,0,0,0,0,0,0,0,0,0,0
2005,180693,3,1,0,0,0,0,0,0,0,0,0,0
2005,180693,4,1,0,0,0,0,0,0,0,0,0,0
2005,180694,1,1,0,0,0,0,0,0,0,0,0,0
2005,180694,2,1,0,0,0,14,0,0,0,0,0,0
2005,180695,1,1,0,0,0,0,0,0,0,0,0,0
2005,180696,1,1,20,20,20,20,20,20,20,20,20,20
2005,180696,2,1,0,0,0,0,0,0,0,0,0,0
2005,180697,1,1,0,0,0,0,0,0,0,0,0,0
2005,180698,1,1,0,0,0,0,0,0,0,0,0,0
2005,180699,1,1,0,0,0,0,0,0,0,0,0,0
2005,180700,1,1,22,22,22,22,22,22,22,22,22,22
2005,180701,1,1,0,0,0,0,0,0,0,0,0,0
2005,180702,1,1,10,10,10,10,10,10,10,10,10,10
2005,180703,0,1,0,0,0,0,0,0,0,0,0,0
2005,180703,2,1,0,0,0,0,0,0,0,0,0,0
2005,180704,1,1,18,18,18,18,18,18,18,18,18,18
2005,180705,0,1,0,0,0,0,0,0,0,0,0,0
2005,180705,1,1,0,0,0,0,0,0,0,0,0,0
2005,180706,1,1,0,0,0,0,0,0,0,0,0,0
2005,180707,1,1,0,0,0,0,0,0,0,0,0,0
2005,180708,1,1,0,0,0,0,0,0,0,0,0,0
2005,180709,1,1,0,0,0,0,0,0,0,0,1,0
2005,180709,2,1,0,0,0,0,0,0,0,0,0,0
2005,180710,1,1,1,1,1,1,1,1,1,1,1,1
2005,180711,1,1,0,0,0,0,0,0,0,0,0,0
2005,180712,1,1,0,0,0,0,0,0,0,0,0,0
2005,180712,2,1,0,0,0,0,0,0,0,0,0,0
2005,180713,1,1,0,0,0,0,0,0,0,0,0,0
2005,180714,1,1,0,0,0,0,0,0,0,0,0,0
2005,180714,2,1,0,0,0,0,0,0,0,0,0,0
2005,180715,1,1,0,0,0,0,0,0,0,0,0,0
2005,180715,2,1,0,0,0,0,0,0,0,0,0,0
2005,180715,3,1,0,0,0,0,0,0,0,0,0,0
2005,180716,1,1,0,0,0,0,0,0,0,0,0,0
2005,180717,1,1,0,0,0,0,0,0,0,0,0,0
2005,180717,2,1,0,0,0,0,0,0,0,0,0,0
2005,180718,1,1,18,18,18,18,18,18,18,18,18,18
2005,180718,2,1,0,0,0,0,0,0,0,0,0,0
2005,180719,1,1,0,0,0,0,0,0,0,0,0,0
2005,180720,1,1,20,20,20,20,20,20,20,20,20,20
2005,180720,2,1,0,0,0,0,0,0,0,0,0,0
2005,180721,0,1,0,0,0,0,0,0,0,0,0,0
2005,180721,1,1,0,0,0,0,0,0,0,0,0,0
2005,180722,1,1,0,0,0,0,0,0,0,0,0,0
2005,180722,2,1,0,0,0,0,0,0,0,0,0,0
2005,180723,0,1,0,0,0,0,0,0,0,0,0,0
2005,180723,1,1,0,0,0,0,0,0,0,0,0,0
2005,180724,1,1,20,9,0,24,24,0,0,25,28,0
2005,180725,1,1,0,0,0,0,0,0,0,0,0,0
2005,180725,2,1,0,0,0,0,0,0,0,0,0,0
2005,180726,1,1,0,0,0,0,0,0,0,0,0,0
2005,180726,2,1,7,7,7,7,7,7,7,7,7,7
2005,180727,1,1,8,8,8,8,8,8,8,8,8,8
2005,180728,1,1,0,0,0,0,0,0,0,0,0,0
2005,180728,2,1,0,0,0,0,0,0,0,0,0,0
2005,180729,1,1,0,0,0,0,0,0,0,0,0,0
2005,180729,2,1,0,0,0,0,0,0,0,0,0,0
2005,180730,1,1,0,0,0,0,0,0,0,0,0,0
2005,180730,2,1,0,0,0,0,0,0,0,0,0,0
2005,180731,1,1,1,1,1,1,1,1,1,1,1,1
2005,180732,1,1,0,0,0,0,14,2,0,0,0,0
2005,180733,1,1,15,0,0,0,0,0,0,0,0,0
2005,180735,0,1,0,0,0,0,0,0,0,18,0,16
2005,180735,1,1,36,18,0,0,0,0,0,0,0,0
2005,180736,1,1,0,0,0,0,0,0,0,0,0,0
2005,180737,1,1,0,0,0,0,0,0,0,0,0,0
2005,180737,2,1,0,0,0,0,0,0,0,0,0,0
2005,180738,1,1,0,0,0,0,0,0,0,0,0,0
2005,180739,1,1,14,14,14,14,14,14,14,14,14,14
2005,180739,2,1,0,0,0,0,0,0,0,0,0,0
2005,180740,1,1,0,0,0,0,0,0,0,0,0,0
2005,180740,2,1,0,0,0,0,0,0,0,0,0,0
2005,180741,0,1,0,0,0,0,0,0,0,0,0,0
2005,180741,1,1,0,0,0,0,0,0,0,0,0,0
2005,180742,1,1,9,9,9,9,9,9,9,9,9,9
2005,180743,1,1,2,2,2,2,2,2,2,2,2,2
2005,180744,1,1,17,0,5,0,0,10,0,16,0,0
2005,180745,1,1,0,0,0,0,0,0,0,0,0,3
2005,180745,2,1,0,0,0,0,0,0,0,0,0,0
2005,180746,1,1,0,0,0,0,0,0,0,0,0,0
2005,180746,2,1,0,0,0,0,0,0,0,0,0,0
2005,180747,1,1,0,0,0,0,0,0,0,0,0,0
2005,180747,2,1,0,0,0,0,0,0,0,0,0,0
2005,180748,1,1,0,0,0,0,0,0,0,0,0,0
2005,180749,1,1,0,0,0,0,0,0,0,0,0,0
2005,180750,1,1,0,0,0,0,0,0,0,0,0,0
2005,180750,2,1,0,0,0,0,0,0,0,0,0,0
2005,180751,1,1,0,0,0,0,0,0,0,0,0,0
2005,180751,2,1,0,0,0,0,0,0,0,0,0,0
2005,180752,1,1,0,0,0,0,10,24,0,0,8,0
2005,180754,1,1,0,0,0,0,0,0,21,0,0,0
2005,180754,2,1,0,0,0,0,0,0,0,0,0,0
2005,180755,1,1,8,8,8,8,8,8,8,8,8,8
2005,180756,1,1,0,0,0,0,0,0,0,0,0,0
2005,180756,2,1,0,0,0,0,0,0,0,0,0,0
2005,180757,1,1,0,0,0,0,0,0,0,0,0,0
2005,180758,1,1,0,5,15,0,0,0,0,0,0,0
2005,180759,1,1,0,0,0,0,0,0,0,0,0,0
2005,180760,1,1,0,0,0,0,0,0,0,0,0,0
2005,180761,1,1,0,0,0,0,0,0,0,0,0,0
2005,180762,1,1,21,21,21,21,21,21,21,21,21,21
2005,180763,1,1,0,0,0,0,0,0,0,0,0,0
2005,180763,2,1,0,0,0,0,0,0,0,0,0,0
2005,180764,1,1,0,0,0,0,0,0,0,0,0,0
2005,180764,2,1,0,0,0,0,0,0,0,0,0,0
2005,180765,0,1,0,17,0,0,0,0,0,0,0,0
2005,180765,0,2,0,17,0,25,5,0,33,7,27,0
2005,180765,0,3,35,0,0,0,0,0,11,10,28,16
2005,180765,2,1,0,0,0,0,0,0,0,0,0,0
2005,180766,0,1,0,0,0,10,0,0,0,0,25,0
2005,180766,1,1,0,0,0,0,0,0,0,0,0,0
2005,180767,0,1,0,0,0,0,0,0,0,0,0,0
2005,180767,1,1,0,0,0,0,0,0,0,0,0,0
2005,180768,1,1,11,11,11,11,11,11,11,11,11,11
2005,180768,2,1,0,0,0,0,0,0,0,0,0,0
2005,180769,1,1,0,0,0,0,0,0,0,0,0,0
2005,180769,2,1,20,20,20,20,20,20,20,20,20,20
2005,180770,1,1,27,27,27,27,27,27,27,27,27,27
2005,180771,1,1,6,6,6,6,6,6,6,6,6,6
2005,180772,1,1,13,13,13,13,13,13,13,13,13,13
2005,180773,1,1,0,0,0,0,0,0,0,0,0,0
2005,180774,1,1,0,0,0,0,0,0,0,0,0,0
2005,180775,1,1,0,0,0,0,0,0,0,0,0,0
2005,180776,1,1,0,0,0,14,0,0,0,0,0,0
2005,180777,1,1,8,25,14,0,22,20,5,4,25,0
2005,180778,1,1,0,0,0,0,0,0,0,0,0,0
2005,180779,1,1,0,0,0,0,0,0,0,0,0,0
2005,180779,2,1,0,0,0,0,0,0,0,0,0,0
2005,180779,3,1,0,0,0,0,0,0,0,0,0,0
2005,180780,1,1,27,0,12,17,0,0,7,0,0,0
2005,180781,0,1,0,0,0,0,0,0,0,0,0,0
2005,180781,0,2,0,0,0,29,12,39,11,26,11,15
2005,180781,1,1,0,0,0,0,0,13,0,0,13,0
2005,180782,1,1,0,0,0,0,0,0,0,0,0,0
2005,180782,2,1,0,0,0,0,0,0,0,0,0,0
2005,180783,1,1,0,0,0,0,0,0,0,0,0,0
2005,180784,1,1,40,40,40,40,40,40,40,40,40,40
2005,180785,1,1,0,0,0,0,0,0,0,0,0,0
2005,180786,1,1,0,0,0,0,0,0,0,0,0,0
2005,180786,2,1,12,12,12,12,12,12,12,12,12,12
2005,180787,1,1,0,0,0,0,0,0,0,0,0,0
2005,180788,1,1,0,0,0,0,0,0,0,0,0,0
2005,180788,2,1,0,0,0,0,0,0,0,0,0,0
2005,180789,1,1,3,3,3,3,3,3,3,3,3,3
2005,180790,1,1,32,32,32,32,32,32,32,32,32,32
2005,180791,1,1,0,0,0,0,0,0,0,0,0,0
2005,180791,2,1,0,0,0,0,0,0,0,0,0,0
2005,180792,1,1,0,0,0,0,0,0,0,0,0,0
2005,180792,2,1,0,0,0,0,0,0,0,0,0,0
2005,180792,3,1,0,0,0,0,0,0,0,0,0,0
2005,180793,1,1,0,0,0,0,0,0,0,0,0,0
2005,180793,2,1,0,0,0,0,0,22,0,0,0,0
2005,180794,1,1,0,0,0,0,0,0,0,0,0,0
2005,180794,2,1,0,0,0,0,0,0,0,0,0,0
2005,180795,1,1,0,0,0,0,0,0,0,0,0,0
2005,180796,0,1,19,19,19,19,19,19,19,19,19,19
2005,180796,1,1,0,0,0,0,0,0,0,0,0,0
2005,180797,1,1,0,0,0,0,4,0,18,0,0,0
2005,180798,1,1,0,0,0,0,0,0,0,0,0,0
2005,180798,2,1,0,0,0,0,0,0,0,0,0,0
2005,180799,1,1,0,0,0,0,0,0,0,0,0,0
2005,180800,1,1,0,0,0,0,0,0,0,0,0,0
2005,180800,2,1,0,0,6,0,8,0,0,0,5,0
2005,180801,1,1,12,12,12,12,12,12,12,12,12,12
2005,180802,1,1,0,0,0,0,0,7,0,0,0,0
2005,180802,2,1,0,0,0,0,0,0,0,0,0,0
2005,180803,1,1,21,21,21,21,21,21,21,21,21,21
2005,180804,1,1,0,0,0,0,0,0,0,0,0,0
2005,180805,1,1,0,0,0,0,0,0,16,0,0,0
2005,180805,2,1,0,0,0,0,0,0,0,0,0,0
2005,180806,1,1,0,0,0,0,0,0,0,0,0,0
2005,180806,2,1,0,0,0,0,0,0,0,0,0,0
2005,180807,0,1,18,18,18,18,18,18,18,18,18,18
2005,180807,1,1,0,0,0,0,0,0,0,0,0,0
2005,180808,1,1,19,19,19,19,19,19,19,19,19,19
2005,180809,1,1,0,0,0,0,0,0,0,0,0,0
2005,180809,2,1,0,0,0,0,0,0,0,0,0,0
2005,180809,3,1,0,0,0,0,0,0,0,0,0,0
2005,180810,0,1,0,0,0,0,0,0,0,0,0,0
2005,180810,1,1,0,0,0,0,0,0,0,0,0,0
2005,180811,1,1,0,0,10,0,0,0,0,0,0,0
2005,180811,2,1,0,0,0,4,0,0,0,0,0,0
2005,180812,1,1,11,11,11,11,11,11,11,11,11,11
2005,180812,2,1,0,0,0,0,0,0,0,0,0,0
2005,180813,1,1,0,0,0,0,0,0,0,0,0,0
2005,180814,1,1,9,9,9,9,9,9,9,9,9,9
2005,180815,1,1,0,0,0,0,0,0,0,0,0,0
2005,180816,0,1,0,0,0,0,0,0,0,0,0,0
2005,180816,1,1,0,0,0,0,0,0,0,0,0,0
2005,180817,1,1,0,0,0,0,0,0,0,0,0,0
2005,180817,2,1,0,0,0,0,0,0,0,0,0,0
2005,180818,1,1,0,17,0,0,0,0,0,8,0,0
2005,180818,2,1,0,0,0,0,0,0,0,0,0,0
2005,180819,1,1,0,0,0,0,0,0,0,0,0,0
2005,180819,2,1,0,0,0,0,0,0,0,0,0,0
2005,180820,1,1,0,0,0,0,0,0,0,0,0,0
2005,180820,2,1,0,0,0,0,0,0,0,0,0,0
2005,180820,3,1,0,0,0,0,0,0,0,0,0,0
2005,180821,1,1,0,0,0,0,0,0,0,0,0,0
2005,180821,2,1,0,0,0,0,0,0,0,0,0,0
2005,180822,1,1,0,0,0,0,0,0,0,0,0,0
2005,180822,2,1,0,0,0,0,0,0,0,0,0,0
2005,180823,1,1,0,0,8,0,0,0,0,0,0,0
2005,180823,2,1,0,0,0,0,0,0,0,0,0,0
2005,180824,1,1,22,22,22,22,22,22,22,22,22,22
2005,180825,1,1,0,0,0,0,0,0,0,0,0,0
2005,180825,2,1,0,0,0,0,0,0,0,0,0,0
2005,180826,1,1,0,0,0,0,0,0,0,0,0,0
2005,180826,2,1,0,0,0,0,0,0,0,0,0,0
2005,180826,3,1,0,0,0,0,0,0,0,0,0,0
2005,180827,1,1,0,0,0,0,17,0,0,0,0,0
2005,180827,2,1,0,0,0,0,0,0,0,0,0,0
2005,180828,1,1,22,22,22,22,22,22,22,22,22,22
2005,180829,0,1,0,0,0,0,0,0,0,0,0,0
2005,180829,1,1,0,0,0,0,0,0,0,0,0,0
2005,180830,0,1,16,33,42,25,14,0,0,15,25,26
2005,180830,1,1,0,0,0,0,0,0,0,0,0,0
2005,180831,1,1,0,0,0,0,0,0,0,0,0,0
2005,180832,1,1,0,0,0,0,0,0,0,0,0,0
2005,180832,2,1,0,0,0,0,0,0,0,0,0,0
2005,180833,1,1,10,0,21,13,14,22,24,4,9,19
2005,180834,1,1,0,0,0,0,0,0,0,0,0,0
2005,180834,2,1,0,0,0,0,0,0,0,0,0,0
2005,180835,1,1,21,21,21,21,21,21,21,21,21,21
2005,180836,1,1,22,22,22,22,22,22,22,22,22,22
2005,180837,1,1,0,0,0,17,0,0,6,0,0,0
2005,180838,1,1,18,0,0,0,0,0,0,0,0,0