YEAR,ST_CASE,veh_no,per_no,P1,P2,P3,P4,P5,P6,P7,P8,P9,P10
2005,180838,2,1,0,0,0,0,0,0,0,0,0,0
2005,180839,1,1,0,0,0,0,0,0,0,0,0,0
2005,180839,2,1,0,0,0,0,0,0,0,0,0,0
2005,180840,1,1,0,0,0,0,0,0,0,0,0,0
2005,180840,2,1,0,0,0,0,0,0,0,0,0,0
2005,180841,1,1,0,0,0,0,0,0,0,0,0,0
2005,180841,2,1,0,0,0,0,0,0,0,0,0,0
2005,180842,1,1,0,0,0,0,0,0,0,0,0,0
2005,180842,2,1,0,0,0,0,0,0,0,0,0,0
2005,180843,1,1,0,0,0,0,0,0,0,0,0,0
2005,180844,1,1,0,0,0,0,0,0,0,0,0,0
2005,180844,2,1,0,0,0,0,0,0,0,0,0,0
2005,180845,1,1,16,20,39,24,14,32,25,11,23,13
2005,180846,1,1,0,0,0,0,0,0,0,0,0,0
2005,180846,2,1,0,0,0,0,0,0,0,0,0,0
2005,180847,1,1,19,2,0,0,0,0,0,0,0,0
2005,180847,2,1,0,0,0,0,0,0,0,0,0,0
2005,180848,1,1,0,0,0,0,0,0,0,0,0,0
2005,180848,2,1,7,7,7,7,7,7,7,7,7,7
2005,180849,1,1,27,26,29,14,7,20,21,17,31,11
2005,180850,1,1,0,0,0,0,0,0,0,0,0,0
2005,180851,1,1,20,20,20,20,20,20,20,20,20,20
2005,180851,2,1,0,0,0,0,0,0,0,0,0,0
2005,180852,1,1,0,0,0,0,0,0,0,0,0,0
2005,180852,2,1,0,0,0,0,0,12,0,0,0,0
2005,180853,1,1,0,0,0,0,0,0,0,0,0,0
2005,180853,2,1,0,0,0,0,0,0,0,0,0,0
2005,180853,3,1,0,0,0,0,0,0,0,0,0,0
2005,180854,1,1,0,0,20,0,0,0,0,0,21,0
2005,180855,1,1,0,0,0,0,0,0,0,0,0,0
2005,180856,1,1,8,8,8,8,8,8,8,8,8,8
2005,180857,1,1,9,9,9,9,9,9,9,9,9,9
2005,180858,1,1,0,0,0,0,0,0,0,0,0,0
2005,180859,1,1,0,0,0,0,0,0,0,0,0,0
2005,180859,2,1,0,0,0,0,0,0,0,0,0,0
2005,180860,1,1,0,0,0,0,0,0,0,0,0,0
2005,180860,2,1,0,0,0,0,0,0,0,0,0,0
2005,180861,0,1,0,0,0,0,0,0,0,0,0,0
2005,180861,1,1,0,0,0,0,0,0,0,0,0,0
2005,180862,1,1,0,0,0,0,0,0,0,0,0,0
2005,180862,2,1,0,0,0,0,0,0,0,0,0,0
2005,180863,0,1,0,0,0,5,0,0,0,26,0,0
2005,180863,1,1,0,0,0,0,0,0,0,0,0,0
2005,190001,1,1,0,0,0,0,0,0,0,0,0,0
2005,190002,1,1,0,0,0,0,0,0,0,0,0,0
2005,190003,1,1,20,20,20,20,20,20,20,20,20,20
2005,190004,1,1,1,1,1,1,1,1,1,1,1,1
2005,190005,1,1,0,16,0,0,0,0,0,20,0,0
2005,190006,1,1,0,0,0,0,0,0,0,0,13,0
2005,190007,1,1,0,0,0,0,0,0,0,0,0,0
2005,190007,2,1,0,0,0,0,0,0,0,0,0,0
2005,190008,1,1,0,0,0,0,0,0,0,0,0,0
2005,190009,1,1,0,0,0,0,0,0,0,0,0,0
2005,190009,2,1,0,0,0,0,0,0,0,0,0,0
2005,190010,1,1,15,15,15,15,15,15,15,15,15,15
2005,190010,2,1,0,0,0,0,10,0,0,0,0,0
2005,190011,0,1,0,0,0,0,0,29,0,0,0,0
2005,190011,0,2,0,0,0,0,0,0,0,0,0,0
2005,190011,1,1,0,0,15,0,0,0,0,0,0,0
2005,190012,1,1,0,0,18,0,0,0,0,0,0,0
2005,190013,1,1,0,0,0,0,0,0,0,0,0,0
2005,190013,2,1,0,0,0,0,0,0,0,0,0,0
2005,190014,1,1,0,0,0,0,0,0,0,0,0,0
2005,190014,2,1,0,0,0,0,0,0,0,0,0,0
2005,190015,1,1,25,25,25,25,25,25,25,25,25,25
2005,190016,1,1,0,0,0,0,0,0,0,0,0,0
2005,190016,2,1,0,0,0,0,0,0,0,0,0,0
2005,190017,1,1,26,26,26,26,26,26,26,26,26,26
2005,190018,1,1,27,27,27,27,27,27,27,27,27,27
2005,190019,1,1,0,0,0,0,0,0,0,0,0,0
2005,190019,2,1,0,0,0,0,0,0,0,0,0,0
2005,190020,1,1,0,0,0,0,0,0,0,0,0,0
2005,190020,2,1,0,0,0,0,0,0,0,0,0,0
2005,190021,1,1,0,0,0,0,0,0,0,0,0,0
2005,190022,1,1,25,25,25,25,25,25,25,25,25,25
2005,190022,2,1,0,0,0,0,0,0,0,0,0,0
2005,190023,1,1,0,0,0,0,0,8,0,0,0,0
2005,190023,2,1,0,0,0,0,0,0,0,0,0,0
2005,190024,1,1,0,0,0,0,0,0,0,0,0,0
2005,190024,2,1,0,0,0,0,0,0,0,0,0,0
2005,190025,1,1,0,0,0,0,0,0,0,0,0,0
2005,190026,1,1,0,0,0,0,0,0,0,0,0,0
2005,190026,2,1,0,0,0,0,0,0,0,0,0,0
2005,190027,1,1,0,0,0,0,0,0,0,0,0,0
2005,190027,2,1,0,0,0,0,0,0,0,0,0,0
2005,190028,0,1,0,0,0,0,0,0,0,0,0,0
2005,190028,1,1,0,0,0,0,0,0,0,0,0,0
2005,190029,0,1,0,0,0,0,0,0,0,0,0,0
2005,190030,1,1,0,0,0,0,0,0,0,0,0,0
2005,190031,1,1,30,30,30,30,30,30,30,30,30,30
2005,190032,1,1,0,0,0,0,0,0,0,0,0,0
2005,190032,2,1,0,0,0,0,0,0,0,0,0,0
2005,190033,1,1,16,16,16,16,16,16,16,16,16,16
2005,190034,1,1,18,18,18,18,18,18,18,18,18,18
2005,190035,1,1,0,0,0,0,0,0,0,0,0,0
2005,190035,2,1,0,0,0,0,0,0,0,0,0,0
2005,190036,1,1,8,8,8,8,8,8,8,8,8,8
2005,190037,1,1,0,0,0,0,0,0,0,0,0,0
2005,190037,2,1,0,0,0,0,0,0,0,0,0,0
2005,190038,1,1,21,21,21,21,21,21,21,21,21,21
2005,190038,2,1,0,0,0,0,0,0,0,0,0,0
2005,190039,1,1,0,0,0,0,0,0,0,0,0,0
2005,190039,2,1,0,0,0,0,0,0,0,0,0,0
2005,190040,0,1,0,0,0,0,0,0,0,0,0,0
2005,190040,1,1,0,0,0,0,0,0,0,0,0,0
2005,190041,1,1,0,7,0,0,0,0,0,0,0,0
2005,190041,2,1,0,0,0,0,0,0,0,0,0,0
2005,190042,1,1,0,0,0,20,0,0,0,26,23,0
2005,190043,1,1,24,24,24,24,24,24,24,24,24,24
2005,190044,1,1,0,0,0,0,0,0,0,0,0,0
2005,190044,2,1,0,0,0,0,0,0,0,0,0,0
2005,190044,3,1,0,0,0,0,0,0,0,0,0,0
2005,190044,4,1,0,0,0,0,0,0,0,0,0,15
2005,190045,1,1,0,0,0,0,0,0,0,0,0,0
2005,190046,1,1,0,0,0,0,0,0,0,0,0,0
2005,190047,1,1,0,0,0,0,0,0,0,0,0,0
2005,190047,2,1,0,0,0,0,0,0,0,0,0,0
2005,190048,1,1,0,0,0,0,0,0,0,0,0,0
2005,190048,2,1,0,0,0,0,0,0,0,0,0,0
2005,190049,1,1,0,0,0,0,0,10,0,0,0,0
2005,190050,1,1,0,0,0,0,0,0,0,0,8,0
2005,190050,2,1,0,0,0,0,7,0,0,0,0,0
2005,190050,3,1,0,0,0,0,0,0,0,0,0,0
2005,190051,1,1,0,0,0,0,0,0,0,0,0,0
2005,190051,2,1,0,0,0,0,0,0,0,0,0,0
2005,190051,3,1,0,0,0,0,0,0,0,0,0,0
2005,190052,1,1,0,0,9,0,0,23,0,0,0,0
2005,190053,1,1,0,0,0,0,0,0,0,0,0,0
2005,190053,2,1,0,0,0,0,0,0,0,0,0,0
2005,190054,1,1,0,0,0,0,0,0,0,0,0,0
2005,190054,2,1,0,0,0,0,0,0,0,0,0,0
2005,190054,3,1,0,0,0,0,0,0,0,0,0,0
2005,190055,1,1,0,22,0,0,0,0,0,0,0,0
2005,190055,2,1,29,0,0,0,0,0,0,0,0,0
2005,190055,3,1,0,0,0,0,0,0,0,0,0,0
2005,190057,1,1,0,0,17,0,14,0,0,21,0,0
2005,190058,1,1,0,0,0,0,0,0,0,0,0,0
2005,190059,1,1,0,0,0,0,0,17,0,9,0,0
2005,190060,1,1,0,7,0,10,0,0,14,0,0,0
2005,190061,1,1,14,14,14,14,14,14,14,14,14,14
2005,190062,1,1,21,21,21,21,21,21,21,21,21,21
2005,190063,1,1,1,1,1,1,1,1,1,1,1,1
2005,190064,1,1,0,0,0,0,0,0,0,0,0,0
2005,190064,2,1,0,0,0,0,0,0,0,0,0,0
2005,190065,1,1,0,0,0,0,0,0,0,0,0,0
2005,190065,2,1,0,0,0,0,0,0,0,0,0,0
2005,190066,1,1,0,0,0,0,0,0,0,0,0,0
2005,190066,2,1,0,0,0,0,6,0,0,0,0,0
2005,190067,1,1,0,0,0,0,0,0,0,0,0,0
2005,190067,2,1,0,0,0,0,0,0,0,0,0,0
2005,190069,1,1,0,0,0,0,0,0,0,0,0,9
2005,190069,2,1,0,0,0,0,0,0,10,0,0,0
2005,190070,1,1,0,0,0,0,0,0,0,0,0,0
2005,190071,1,1,19,24,13,17,13,30,29,11,22,0
2005,190072,1,1,0,0,0,0,0,0,0,0,0,0
2005,190072,2,1,0,0,0,0,0,0,0,0,0,0
2005,190073,1,1,0,0,0,0,0,0,0,0,0,0
2005,190073,2,1,14,14,14,14,14,14,14,14,14,14
2005,190074,1,1,0,0,0,0,0,0,0,0,0,0
2005,190075,1,1,0,0,0,0,0,0,0,0,0,0
2005,190075,2,1,0,0,0,0,0,0,0,0,0,0
2005,190076,1,1,0,0,0,0,0,0,13,0,0,0
2005,190076,2,1,0,0,0,0,0,0,0,0,0,0
2005,190077,1,1,28,28,28,28,28,28,28,28,28,28
2005,190078,1,1,0,0,0,0,0,0,0,0,0,0
2005,190079,1,1,0,0,0,0,0,0,0,0,0,0
2005,190079,2,1,0,0,0,0,0,0,0,0,0,0
2005,190080,1,1,0,0,0,0,0,0,0,0,0,0
2005,190081,1,1,10,10,10,10,10,10,10,10,10,10
2005,190081,2,1,0,0,0,0,0,0,0,0,0,0
2005,190082,1,1,0,0,0,0,0,0,0,0,0,0
2005,190082,2,1,0,0,0,0,0,0,0,0,0,0
2005,190083,1,1,0,0,0,0,0,0,21,0,0,0
2005,190083,2,1,0,0,0,34,0,0,0,0,0,0
2005,190084,1,1,0,0,0,0,0,0,0,0,0,0
2005,190084,2,1,0,0,0,0,0,0,0,0,0,0
2005,190085,1,1,29,29,29,29,29,29,29,29,29,29
2005,190086,1,1,0,0,0,0,0,0,0,0,0,0
2005,190086,2,1,0,0,0,0,0,0,0,0,0,0
2005,190087,1,1,0,0,0,0,0,0,0,0,0,0
2005,190088,1,1,0,26,18,0,0,0,7,0,0,0
2005,190089,1,1,33,0,6,0,0,0,12,9,0,0
2005,190089,2,1,7,0,0,0,0,0,10,0,0,0
2005,190090,1,1,0,0,0,0,0,0,0,0,0,0
2005,190090,2,1,0,0,0,0,0,0,0,0,0,0
2005,190091,1,1,10,0,9,0,0,0,0,0,0,0
2005,190092,1,1,0,0,0,0,0,0,0,0,0,0
2005,190092,2,1,0,0,0,0,0,0,0,0,0,0
2005,190093,1,1,0,0,0,0,0,0,0,0,0,0
2005,190093,2,1,0,0,0,0,0,0,0,0,0,0
2005,190094,1,1,0,0,0,0,0,0,0,0,0,0
2005,190095,1,1,0,0,0,0,9,0,0,0,0,0
2005,190096,1,1,0,19,0,0,0,0,0,0,0,0
2005,190097,1,1,0,0,0,0,0,0,0,0,0,0
2005,190098,1,1,0,0,0,0,0,0,0,0,0,0
2005,190098,2,1,0,0,0,0,0,0,0,0,0,0
2005,190099,1,1,0,0,0,0,0,0,0,0,0,0
2005,190100,1,1,26,26,26,26,26,26,26,26,26,26
2005,190100,2,1,0,0,0,0,0,0,0,0,0,0
2005,190101,1,1,0,0,0,0,25,0,0,0,0,27
2005,190102,1,1,0,0,0,0,0,0,0,0,0,0
2005,190102,2,1,17,17,17,17,17,17,17,17,17,17
2005,190103,1,1,34,34,34,34,34,34,34,34,34,34
2005,190104,1,1,18,0,9,12,0,0,0,0,0,0
2005,190105,0,1,0,0,0,0,0,0,0,0,0,0
2005,190105,1,1,0,0,0,0,0,0,0,0,0,19
2005,190106,1,1,0,0,0,0,0,0,0,0,0,0
2005,190106,2,1,0,0,0,0,0,0,0,0,0,0
2005,190107,0,1,0,0,0,0,0,0,0,0,0,0
2005,190107,1,1,4,4,4,4,4,4,4,4,4,4
2005,190108,1,1,15,15,15,15,15,15,15,15,15,15
2005,190108,2,1,0,0,0,0,0,0,0,0,0,0
2005,190108,3,1,0,0,0,0,0,0,0,0,0,0
2005,190109,1,1,0,0,0,0,0,0,0,0,0,0
2005,190110,1,1,0,0,0,0,0,0,0,0,0,0
2005,190110,2,1,0,0,0,0,0,0,0,0,0,0
2005,190111,1,1,14,14,14,14,14,14,14,14,14,14
2005,190112,1,1,0,0,0,0,0,0,0,0,0,0
2005,190113,0,1,0,0,0,0,0,0,0,0,0,0
2005,190113,1,1,0,0,0,0,0,0,0,0,0,0
2005,190114,1,1,20,20,20,20,20,20,20,20,20,20
2005,190115,1,1,0,0,0,0,0,0,0,0,0,0
2005,190115,2,1,0,0,0,0,0,0,0,0,0,0
2005,190115,3,1,0,0,0,0,0,0,0,0,0,0
2005,190116,1,1,8,0,0,0,0,0,0,0,0,0
2005,190116,2,1,0,0,0,0,10,0,0,0,0,0
2005,190117,1,1,0,0,0,0,13,0,0,0,0,0
2005,190118,1,1,0,0,0,0,0,0,0,0,0,0
2005,190118,2,1,0,0,0,0,0,0,0,0,0,0
2005,190119,1,1,0,0,0,15,0,0,0,0,0,0
2005,190119,2,1,0,0,0,0,15,0,6,0,0,0
2005,190120,1,1,9,0,0,0,0,9,0,0,0,7
2005,190121,1,1,27,27,27,27,27,27,27,27,27,27
2005,190122,1,1,0,0,0,0,0,0,0,0,0,0
2005,190122,2,1,0,10,0,0,0,0,0,0,0,0
2005,190123,1,1,0,0,0,24,0,0,0,0,0,11
2005,190124,1,1,0,0,0,0,0,0,0,0,0,0
2005,190125,1,1,0,0,0,0,0,0,0,0,7,0
2005,190125,2,1,0,0,0,0,0,0,0,0,0,0
2005,190126,1,1,0,0,0,0,0,0,0,0,0,0
2005,190126,2,1,0,0,0,0,6,0,0,0,6,0
2005,190127,1,1,0,0,0,0,0,0,0,0,0,0
2005,190129,1,1,9,14,18,0,20,15,16,0,0,0
2005,190130,1,1,0,0,0,0,0,0,0,0,0,0
2005,190130,2,1,9,9,9,9,9,9,9,9,9,9
2005,190131,1,1,0,0,0,0,0,0,0,0,0,0
2005,190131,2,1,0,0,0,0,0,0,0,0,0,0
2005,190132,0,1,0,0,0,0,0,0,0,0,0,0
2005,190132,1,1,0,0,0,0,0,0,0,0,0,0
2005,190133,1,1,0,0,0,0,0,0,0,0,0,0
2005,190133,2,1,0,0,0,0,0,0,6,0,0,0
2005,190134,1,1,0,0,0,0,0,3,0,0,0,0
2005,190135,1,1,12,12,12,12,12,12,12,12,12,12
2005,190136,1,1,13,13,13,13,13,13,13,13,13,13
2005,190137,1,1,0,0,0,0,0,0,0,0,0,0
2005,190137,2,1,0,0,0,0,0,8,0,0,0,10
2005,190138,1,1,0,0,0,0,0,0,0,0,0,0
2005,190138,2,1,0,0,0,0,0,0,0,0,0,0
2005,190139,1,1,0,0,0,0,0,0,0,0,0,0
2005,190139,2,1,0,0,0,0,0,0,0,0,0,0
2005,190140,1,1,0,0,0,0,0,0,0,0,0,0
2005,190141,1,1,11,11,11,11,11,11,11,11,11,11
2005,190141,2,1,0,0,0,0,0,0,0,0,0,0
2005,190142,1,1,9,9,9,9,9,9,9,9,9,9
2005,190143,0,1,0,0,19,0,0,0,0,0,0,0
2005,190143,1,1,0,0,0,0,0,0,0,0,0,0
2005,190144,1,1,0,0,0,0,0,0,0,0,0,36
2005,190144,2,1,0,3,0,0,0,0,0,0,0,0
2005,190145,1,1,0,0,0,0,10,0,0,0,0,0
2005,190145,2,1,0,0,0,0,0,0,0,0,0,0
2005,190146,1,1,14,14,14,14,14,14,14,14,14,14
2005,190147,1,1,0,0,0,0,0,0,0,0,0,0
2005,190147,2,1,0,0,0,0,0,0,0,0,0,0
2005,190148,1,1,0,0,0,0,5,0,0,0,0,0
2005,190149,1,1,0,0,10,0,0,0,17,15,0,0
2005,190150,1,1,20,20,20,20,20,20,20,20,20,20
2005,190151,1,1,0,0,0,0,0,0,0,0,0,0
2005,190151,2,1,0,0,0,0,0,0,0,0,0,5
2005,190152,1,1,0,24,0,0,0,0,0,0,0,0
2005,190153,1,1,16,16,16,16,16,16,16,16,16,16
2005,190154,0,1,0,0,0,0,0,0,0,0,0,0
2005,190154,1,1,12,16,19,10,16,6,8,22,10,18
2005,190155,1,1,0,0,0,0,0,0,0,0,0,0
2005,190156,1,1,0,0,0,0,0,0,0,0,0,0
2005,190156,2,1,0,0,0,0,0,0,0,0,0,0
2005,190157,1,1,0,0,0,0,0,0,0,0,0,0
2005,190157,2,1,0,0,0,0,0,0,0,0,0,0
2005,190158,1,1,0,0,0,0,0,0,0,0,0,0
2005,190159,1,1,0,0,0,0,0,0,0,0,0,0
2005,190159,2,1,0,0,0,0,0,0,0,0,0,0
2005,190160,0,1,0,0,0,0,0,0,0,0,0,0
2005,190160,1,1,0,0,0,0,0,0,0,0,0,0
2005,190161,1,1,13,13,13,13,13,13,13,13,13,13
2005,190161,2,1,18,18,18,18,18,18,18,18,18,18
2005,190161,3,1,0,0,0,0,0,0,0,0,0,0
2005,190162,1,1,0,0,0,0,0,0,0,0,0,0
2005,190163,1,1,0,0,0,0,0,0,0,0,7,0
2005,190164,1,1,0,0,0,0,0,0,0,0,0,0
2005,190165,1,1,10,10,10,10,10,10,10,10,10,10
2005,190165,2,1,0,0,0,0,0,0,0,0,0,0
2005,190165,3,1,0,0,0,0,0,0,0,9,0,0
2005,190166,0,1,0,0,0,0,0,0,0,0,0,0
2005,190166,1,1,0,0,0,0,0,0,0,0,0,0
2005,190167,1,1,0,0,0,0,0,0,0,0,8,0
2005,190168,1,1,0,0,0,0,0,0,0,0,0,0
2005,190169,1,1,0,0,0,0,0,0,0,0,0,0
2005,190170,1,1,0,0,0,0,0,0,0,0,0,0
2005,190171,1,1,0,0,0,0,0,0,0,0,0,0
2005,190171,2,1,0,0,0,0,0,0,0,0,0,0
2005,190172,1,1,0,0,0,0,0,0,0,0,0,0
2005,190173,1,1,0,0,0,0,0,0,0,0,0,0
2005,190174,1,1,0,0,0,0,0,0,0,0,0,0
2005,190175,1,1,0,26,0,16,0,0,0,0,5,29
2005,190176,1,1,24,24,24,24,24,24,24,24,24,24
2005,190177,0,1,23,23,23,23,23,23,23,23,23,23
2005,190177,1,1,0,0,0,0,0,0,0,0,0,0
2005,190178,1,1,0,0,0,0,0,0,0,0,0,0
2005,190179,1,1,12,12,12,12,12,12,12,12,12,12
2005,190180,1,1,0,0,0,0,0,12,0,0,0,0
2005,190180,2,1,0,0,0,0,0,0,0,0,0,0
2005,190181,1,1,3,3,3,3,3,3,3,3,3,3
2005,190182,1,1,14,14,14,14,14,14,14,14,14,14
2005,190183,1,1,0,0,0,0,0,0,0,0,0,0
2005,190183,2,1,8,0,0,0,0,0,0,0,0,0
2005,190184,1,1,0,0,0,0,0,0,0,0,0,0
2005,190184,2,1,0,0,9,0,0,0,0,0,0,0
2005,190185,1,1,0,0,0,0,0,0,0,0,0,0
2005,190185,2,1,0,14,0,0,0,0,0,7,0,0
2005,190186,1,1,19,17,25,0,9,16,28,11,0,19
2005,190187,1,1,0,0,0,0,0,0,0,0,0,0
2005,190187,2,1,0,0,0,0,0,0,0,0,0,0
2005,190188,1,1,0,0,0,0,0,0,0,0,0,0
2005,190189,1,1,0,0,0,0,0,0,0,0,0,0
2005,190189,2,1,0,0,0,0,0,0,0,0,0,0
2005,190190,1,1,0,0,0,0,0,0,0,0,0,0
2005,190191,1,1,0,0,0,0,0,0,0,0,0,0
2005,190191,2,1,0,0,0,0,0,0,0,0,0,0
2005,190192,1,1,0,0,0,0,0,0,0,0,0,0
2005,190193,1,1,0,0,0,0,0,0,0,0,0,0
2005,190194,1,1,0,0,0,0,0,0,0,0,0,0
2005,190194,2,1,0,0,0,0,0,0,0,0,0,0
2005,190194,3,1,0,0,0,13,0,0,0,0,8,0
2005,190194,4,1,0,0,0,0,0,0,0,0,0,0
2005,190195,1,1,0,0,0,0,15,0,0,0,0,0
2005,190195,2,1,0,0,0,0,0,0,0,0,0,0
2005,190196,1,1,0,0,0,0,0,0,0,0,0,0
2005,190196,2,1,0,0,0,0,0,0,0,0,0,0
2005,190197,1,1,0,0,17,0,0,0,0,0,0,0
2005,190197,2,1,0,0,0,0,0,0,0,0,0,0
2005,190198,1,1,14,14,14,14,14,14,14,14,14,14
2005,190199,1,1,0,0,0,0,0,0,0,0,0,0
2005,190199,2,1,0,0,0,0,0,0,0,0,0,0
2005,190200,1,1,0,0,0,0,0,0,0,0,0,0
2005,190201,1,1,0,0,0,0,0,0,0,0,32,0
2005,190201,2,1,0,0,0,0,0,0,0,0,0,0
2005,190202,1,1,1,1,1,1,1,1,1,1,1,1
2005,190202,2,1,0,0,0,0,0,0,0,0,0,0
2005,190202,3,1,0,0,0,0,0,0,0,0,0,0
2005,190203,1,1,0,0,0,0,0,0,0,0,0,0
2005,190204,1,1,0,0,0,0,0,0,0,0,0,0
2005,190204,2,1,0,0,0,0,0,0,0,0,0,0
2005,190205,1,1,0,0,0,0,0,0,0,0,0,0
2005,190205,2,1,0,0,0,0,0,0,0,0,0,0
2005,190206,1,1,0,0,0,0,2,0,21,0,0,0
2005,190206,2,1,0,0,0,0,0,0,0,0,0,0
2005,190207,1,1,0,0,0,0,0,0,0,0,0,0
2005,190208,1,1,0,0,0,0,0,0,0,0,0,0
2005,190209,1,1,11,0,12,0,0,0,0,0,0,0
2005,190210,1,1,0,0,0,0,0,0,0,0,0,0
2005,190210,2,1,0,0,0,0,0,0,0,0,0,0
2005,190211,1,1,0,0,0,0,0,0,0,0,0,0
2005,190212,0,1,0,0,0,0,0,0,0,0,0,0
2005,190212,0,2,0,9,0,0,0,0,0,0,0,18
2005,190212,1,1,0,0,0,0,0,0,0,0,0,0
2005,190213,1,1,0,0,0,0,0,0,0,0,0,0
2005,190213,2,1,0,0,0,0,0,0,15,0,0,0
2005,190214,1,1,0,0,0,0,0,0,0,0,0,0
2005,190214,2,1,0,0,0,0,0,0,0,0,0,0
2005,190215,1,1,14,14,14,14,14,14,14,14,14,14
2005,190216,1,1,0,0,0,0,0,0,0,0,0,0
2005,190216,2,1,0,0,0,0,0,0,0,0,0,0
2005,190217,1,1,29,29,29,29,29,29,29,29,29,29
2005,190218,1,1,0,0,0,0,0,0,8,0,0,0
2005,190218,2,1,0,0,0,0,0,0,0,0,0,0
2005,190219,1,1,0,0,0,0,0,0,0,0,0,0
2005,190219,2,1,0,0,0,0,0,0,0,0,0,0
2005,190220,1,1,0,0,0,0,0,0,0,0,0,0
2005,190220,2,1,0,0,0,0,0,0,0,0,0,0
2005,190221,1,1,0,0,0,0,0,0,0,0,0,0
2005,190222,1,1,0,0,0,0,0,0,0,0,0,0
2005,190222,2,1,0,0,0,0,0,7,0,0,0,0
2005,190222,3,1,0,0,0,0,0,0,0,0,0,0
2005,190223,1,1,17,0,0,0,0,0,0,0,0,0
2005,190224,0,1,0,0,0,0,0,0,0,0,0,0
2005,190224,1,1,14,0,0,21,23,9,0,34,0,0
2005,190225,1,1,0,0,0,0,0,0,0,0,0,0
2005,190225,2,1,0,0,0,0,0,0,0,0,0,0
2005,190226,1,1,0,0,0,0,0,0,0,0,0,0
2005,190226,2,1,0,0,0,0,0,0,0,0,0,0
2005,190227,1,1,0,0,0,0,0,0,0,0,0,0
2005,190227,2,1,0,0,0,0,0,0,0,0,0,0
2005,190228,1,1,0,0,0,0,0,0,0,0,0,0
2005,190228,2,1,0,0,0,0,0,0,0,0,0,0
2005,190229,1,1,22,22,22,22,22,22,22,22,22,22
2005,190230,1,1,16,2,0,11,14,0,21,0,0,24
2005,190231,1,1,0,0,0,0,0,0,0,0,0,0
2005,190231,2,1,0,0,0,0,0,0,0,0,0,0
2005,190232,1,1,0,0,0,20,0,0,3,0,0,0
2005,190232,2,1,0,0,0,0,0,0,0,0,0,0
2005,190233,1,1,0,0,0,0,0,0,11,0,0,0
2005,190233,2,1,0,0,0,0,7,0,0,0,0,0
2005,190234,1,1,0,7,0,0,0,8,15,29,0,12
2005,190235,1,1,0,0,0,0,11,7,0,0,0,0
2005,190236,1,1,0,0,0,0,0,0,0,0,0,0
2005,190236,2,1,30,30,30,30,30,30,30,30,30,30
2005,190237,1,1,20,20,20,20,20,20,20,20,20,20
2005,190237,2,1,0,4,0,0,0,0,0,0,0,0
2005,190238,1,1,0,0,0,0,0,0,0,0,0,0
2005,190238,2,1,0,0,0,0,0,0,0,0,0,0
2005,190239,1,1,0,0,0,0,0,0,0,0,0,0
2005,190240,1,1,20,20,20,20,20,20,20,20,20,20
2005,190241,1,1,0,0,0,0,0,8,0,19,0,0
2005,190242,0,1,0,12,0,0,0,0,0,0,0,0
2005,190242,1,1,0,0,0,0,0,0,0,0,0,0
2005,190243,1,1,18,18,18,18,18,18,18,18,18,18
2005,190243,2,1,0,0,0,0,0,0,0,0,0,0
2005,190244,0,1,0,0,31,0,0,23,0,0,0,0
2005,190244,1,1,0,0,0,0,0,0,0,0,0,0
2005,190245,1,1,0,0,0,5,0,0,0,0,0,0
2005,190246,1,1,0,0,0,0,0,0,0,0,0,0
2005,190247,1,1,0,0,0,0,0,0,0,0,0,0
2005,190247,2,1,0,0,0,0,0,0,0,0,0,0
2005,190248,1,1,0,0,0,0,0,0,0,22,0,0
2005,190249,1,1,15,15,15,15,15,15,15,15,15,15
2005,190250,1,1,0,0,0,0,0,0,0,0,0,0
2005,190250,2,1,0,0,0,0,0,0,0,0,0,0
2005,190251,1,1,0,0,0,0,0,0,0,0,0,0
2005,190252,1,1,0,0,0,0,5,0,0,0,0,8
2005,190253,1,1,0,0,0,0,0,0,0,0,0,0
2005,190253,2,1,0,29,0,0,20,0,0,0,0,0
2005,190253,3,1,0,0,0,0,0,31,0,0,0,0
2005,190254,1,1,0,0,0,0,0,0,0,0,0,0
2005,190254,2,1,0,0,0,0,0,0,0,0,0,0
2005,190255,1,1,0,0,0,0,19,9,0,0,5,0
2005,190256,1,1,0,0,0,0,0,0,0,0,0,0
2005,190257,1,1,0,0,0,0,0,0,0,0,0,0
2005,190257,2,1,0,0,0,0,0,0,0,0,0,0
2005,190258,0,1,0,0,0,0,0,0,0,0,0,0
2005,190258,1,1,0,0,0,0,0,0,0,0,0,0
2005,190260,1,1,0,0,0,0,0,0,0,0,0,0
2005,190260,2,1,0,0,0,0,0,0,0,0,0,0
2005,190261,1,1,9,9,9,9,9,9,9,9,9,9
2005,190262,1,1,9,9,9,9,9,9,9,9,9,9
2005,190262,2,1,0,0,0,0,0,0,0,0,0,0
2005,190262,3,1,0,0,0,0,5,0,0,0,0,0
2005,190263,1,1,0,0,0,0,0,0,0,0,0,0
2005,190263,2,1,0,0,0,0,0,0,0,0,0,0
2005,190264,0,1,0,0,0,7,22,0,0,37,0,0
2005,190264,1,1,0,0,0,0,0,0,0,0,0,0
2005,190265,1,1,0,8,0,24,0,23,0,0,0,0
2005,190266,1,1,0,0,0,0,0,0,0,0,0,0
2005,190266,2,1,0,0,0,0,0,0,0,0,0,0
2005,190267,1,1,0,0,0,0,0,0,0,0,0,12
2005,190267,2,1,0,0,0,0,0,0,0,0,0,0
2005,190268,1,1,10,4,0,0,0,0,0,0,20,0
2005,190269,1,1,0,0,0,0,0,0,0,0,0,0
2005,190270,1,1,0,0,10,0,0,0,0,0,23,0
2005,190271,1,1,0,0,0,0,0,0,0,0,0,0
2005,190272,1,1,0,0,0,0,0,0,0,0,0,0
2005,190272,2,1,0,0,0,0,0,0,0,0,0,0
2005,190273,1,1,0,0,0,0,0,0,0,0,0,0