YEAR,ST_CASE,veh_no,per_no,P1,P2,P3,P4,P5,P6,P7,P8,P9,P10
2005,190273,2,1,0,0,0,0,0,0,0,0,0,0
2005,190274,1,1,20,20,20,20,20,20,20,20,20,20
2005,190275,1,1,9,9,9,9,9,9,9,9,9,9
2005,190276,1,1,0,0,0,0,0,0,0,0,0,0
2005,190277,1,1,3,3,3,3,3,3,3,3,3,3
2005,190277,2,1,0,0,0,0,0,0,0,0,0,0
2005,190278,1,1,0,0,10,0,0,0,0,0,0,0
2005,190279,0,1,0,0,0,8,0,0,0,0,0,0
2005,190279,1,1,0,8,0,0,0,11,0,0,0,5
2005,190280,1,1,8,8,8,8,8,8,8,8,8,8
2005,190280,2,1,0,0,0,0,0,0,0,0,0,0
2005,190281,1,1,47,0,0,0,0,0,0,0,0,0
2005,190282,1,1,0,0,0,0,0,0,0,0,0,0
2005,190282,2,1,0,0,0,0,0,0,0,0,0,0
2005,190283,1,1,12,12,12,12,12,12,12,12,12,12
2005,190284,1,1,0,0,0,0,0,0,0,0,0,0
2005,190284,2,1,0,0,16,0,0,0,0,0,9,0
2005,190285,1,1,4,4,4,4,4,4,4,4,4,4
2005,190285,2,1,0,0,0,0,0,0,0,0,0,0
2005,190286,1,1,21,21,21,21,21,21,21,21,21,21
2005,190287,1,1,0,0,0,0,0,0,0,0,0,0
2005,190288,1,1,13,0,0,0,13,0,0,0,0,0
2005,190289,1,1,27,27,27,27,27,27,27,27,27,27
2005,190290,1,1,0,0,0,19,0,0,0,0,23,0
2005,190290,2,1,0,0,0,0,0,0,0,0,0,0
2005,190291,0,1,0,0,0,0,0,0,0,0,0,0
2005,190291,1,1,0,0,0,0,0,0,0,0,0,0
2005,190292,1,1,0,0,0,0,0,0,0,0,0,0
2005,190292,2,1,0,0,0,0,0,0,0,0,0,0
2005,190293,1,1,0,17,15,0,0,0,0,23,13,0
2005,190293,2,1,0,0,0,0,0,0,0,0,0,0
2005,190295,1,1,5,0,10,14,0,0,0,0,0,0
2005,190296,1,1,9,0,0,0,0,0,0,0,0,0
2005,190297,0,1,0,0,0,0,0,0,0,0,0,0
2005,190297,1,1,0,0,0,0,0,0,14,0,0,0
2005,190298,1,1,0,0,0,0,0,0,0,0,0,0
2005,190298,2,1,0,0,0,0,0,0,0,0,0,0
2005,190299,1,1,0,0,0,0,0,0,0,0,0,0
2005,190299,2,1,0,0,0,0,0,0,0,0,0,0
2005,190300,0,1,0,0,0,0,0,0,0,0,0,0
2005,190300,1,1,0,0,0,0,0,0,0,0,0,0
2005,190301,1,1,0,0,0,0,0,0,0,0,2,5
2005,190301,2,1,0,0,0,0,0,0,0,0,0,0
2005,190302,1,1,0,0,0,0,0,0,0,0,0,0
2005,190302,2,1,0,0,12,0,0,0,0,0,0,0
2005,190303,1,1,0,0,0,0,0,0,0,0,0,0
2005,190304,1,1,0,0,0,0,0,0,0,0,0,0
2005,190304,2,1,0,0,0,0,0,3,0,0,0,0
2005,190305,1,1,0,0,0,0,0,0,0,0,0,0
2005,190305,2,1,0,0,0,0,0,0,0,0,0,0
2005,190306,1,1,0,0,0,0,0,0,0,0,0,0
2005,190307,1,1,0,0,0,0,0,0,0,0,0,0
2005,190307,2,1,0,0,0,0,0,0,0,0,0,0
2005,190308,1,1,9,9,9,9,9,9,9,9,9,9
2005,190308,2,1,2,2,2,2,2,2,2,2,2,2
2005,190309,1,1,13,0,24,0,0,0,0,0,0,13
2005,190310,1,1,0,0,0,0,0,0,0,0,0,0
2005,190310,2,1,0,0,0,0,0,0,0,0,0,0
2005,190311,1,1,0,0,0,0,0,0,0,0,0,0
2005,190311,2,1,0,0,0,0,0,0,0,0,0,0
2005,190312,1,1,0,0,0,0,0,0,0,7,0,0
2005,190313,1,1,0,0,0,0,0,0,0,0,0,0
2005,190314,1,1,0,17,0,0,0,17,0,0,0,0
2005,190315,1,1,0,16,17,0,0,0,0,0,0,0
2005,190316,1,1,0,0,0,0,0,0,0,0,0,0
2005,190316,2,1,0,0,0,0,0,0,0,0,0,0
2005,190317,1,1,29,26,17,8,39,28,19,0,14,31
2005,190318,1,1,11,11,11,11,11,11,11,11,11,11
2005,190319,1,1,0,0,0,0,0,20,0,0,0,0
2005,190320,1,1,0,0,0,0,0,0,0,0,0,0
2005,190320,2,1,0,0,0,0,0,0,0,0,0,5
2005,190321,1,1,0,0,0,0,0,0,0,0,9,0
2005,190321,2,1,0,0,0,0,0,0,0,0,0,0
2005,190321,3,1,0,0,0,0,0,0,0,0,0,0
2005,190322,1,1,0,0,0,0,0,0,0,0,0,0
2005,190322,2,1,2,2,2,2,2,2,2,2,2,2
2005,190323,1,1,0,0,0,0,0,0,0,0,0,0
2005,190325,1,1,0,0,0,0,0,0,0,0,0,0
2005,190325,2,1,0,0,0,0,0,0,0,0,0,0
2005,190326,1,1,0,0,0,0,0,25,0,0,0,0
2005,190327,1,1,12,0,0,0,12,0,0,0,0,0
2005,190328,1,1,0,0,0,0,0,0,0,0,0,0
2005,190328,2,1,0,0,0,0,0,0,0,0,0,0
2005,190329,1,1,24,0,0,0,0,7,0,30,0,0
2005,190330,1,1,0,0,0,0,0,0,0,0,0,0
2005,190330,2,1,0,0,0,0,0,0,0,0,0,0
2005,190331,1,1,0,0,0,0,0,0,0,0,0,0
2005,190331,2,1,0,0,0,0,0,0,0,0,0,0
2005,190332,1,1,9,0,0,0,0,0,0,0,0,0
2005,190332,2,1,0,0,0,0,0,0,0,0,0,0
2005,190333,1,1,0,17,0,0,0,0,0,0,0,0
2005,190334,1,1,13,13,13,13,13,13,13,13,13,13
2005,190335,0,1,8,16,0,19,0,0,0,0,0,16
2005,190335,1,1,0,0,0,0,0,40,0,0,0,0
2005,190336,0,1,0,0,7,0,0,0,11,0,0,0
2005,190337,1,1,0,0,0,0,0,0,0,0,0,0
2005,190338,1,1,20,20,20,20,20,20,20,20,20,20
2005,190339,0,1,12,0,21,28,0,0,19,12,0,15
2005,190339,1,1,0,18,15,0,22,16,23,0,16,0
2005,190340,0,1,0,0,0,0,0,0,0,0,0,0
2005,190340,1,1,0,0,0,0,7,0,0,0,0,0
2005,190341,1,1,0,0,0,0,40,0,15,0,0,0
2005,190341,2,1,0,0,0,0,0,0,0,0,0,0
2005,190342,1,1,0,0,0,0,0,0,0,0,0,0
2005,190343,1,1,0,0,0,0,0,0,0,0,0,0
2005,190343,2,1,0,0,0,0,0,0,0,0,0,0
2005,190344,1,1,0,0,0,0,0,0,0,0,0,0
2005,190345,1,1,0,0,0,0,0,0,0,0,0,0
2005,190345,2,1,0,0,0,0,0,0,0,0,0,0
2005,190346,0,1,0,0,0,0,0,0,0,0,0,0
2005,190346,1,1,0,0,0,0,0,0,0,0,0,0
2005,190347,1,1,0,0,0,0,0,0,0,0,0,0
2005,190347,2,1,0,0,0,0,0,0,0,0,0,0
2005,190348,1,1,6,6,6,6,6,6,6,6,6,6
2005,190349,1,1,0,0,0,0,0,6,0,0,0,0
2005,190350,1,1,0,0,0,0,0,0,0,0,0,0
2005,190350,2,1,0,0,0,0,0,0,0,0,0,0
2005,190351,1,1,0,0,0,0,0,0,0,0,0,0
2005,190352,0,1,29,17,32,35,25,27,40,32,15,0
2005,190352,1,1,0,0,0,0,0,0,3,0,13,0
2005,190353,1,1,0,0,0,0,0,0,0,0,0,0
2005,190353,2,1,0,0,0,0,0,0,0,0,0,0
2005,190354,1,1,34,0,0,0,0,0,0,0,0,0
2005,190355,1,1,0,0,0,0,0,0,0,0,0,0
2005,190355,2,1,0,0,0,0,0,0,0,0,0,0
2005,190356,0,1,0,0,0,0,0,7,0,0,0,11
2005,190356,1,1,0,0,0,0,0,0,0,0,0,0
2005,190357,1,1,0,0,0,0,0,0,0,0,0,0
2005,190358,1,1,0,18,0,10,0,0,0,0,0,0
2005,190359,0,1,0,0,0,0,0,0,0,0,0,0
2005,190359,1,1,0,0,0,0,0,0,0,0,0,0
2005,190360,1,1,0,0,0,0,0,0,0,0,9,0
2005,190360,2,1,0,0,0,0,0,0,0,0,0,0
2005,190361,1,1,17,17,17,17,17,17,17,17,17,17
2005,190362,1,1,0,9,0,0,0,0,0,30,0,0
2005,190363,1,1,0,0,0,0,0,0,0,0,0,0
2005,190363,2,1,25,18,0,10,0,0,28,0,0,4
2005,190364,1,1,15,15,15,15,15,15,15,15,15,15
2005,190364,2,1,0,0,0,8,0,0,0,0,0,4
2005,190365,1,1,0,0,0,0,0,0,0,0,0,0
2005,190365,2,1,0,0,0,0,0,0,0,0,0,0
2005,190366,0,1,14,14,14,14,14,14,14,14,14,14
2005,190366,1,1,0,0,0,0,0,17,0,9,11,0
2005,190367,1,1,0,0,0,0,0,0,0,0,0,0
2005,190367,2,1,0,0,0,0,0,0,0,0,0,0
2005,190368,0,1,0,0,0,0,0,0,5,0,0,8
2005,190368,1,1,0,0,0,0,36,0,0,0,0,0
2005,190369,1,1,0,0,0,0,0,0,0,0,0,0
2005,190369,2,1,0,0,0,0,0,0,0,0,0,0
2005,190370,1,1,0,0,0,0,0,0,0,0,0,0
2005,190370,2,1,0,0,0,0,0,0,0,0,0,0
2005,190371,1,1,0,0,0,0,0,0,0,0,0,0
2005,190372,1,1,0,0,0,0,0,0,0,0,0,0
2005,190372,2,1,0,16,0,0,0,0,0,0,0,0
2005,190373,1,1,0,0,0,0,0,0,0,0,0,0
2005,190374,1,1,0,0,0,0,0,0,0,0,0,0
2005,190374,2,1,0,0,0,0,0,0,0,0,0,0
2005,190375,1,1,0,0,0,0,0,0,18,0,0,0
2005,190375,2,1,0,0,0,0,0,0,0,0,0,0
2005,190376,0,1,8,31,31,0,9,20,28,31,37,26
2005,190376,1,1,0,0,0,0,8,0,0,0,0,0
2005,190377,1,1,24,24,24,24,24,24,24,24,24,24
2005,190378,1,1,0,0,15,0,0,0,0,0,0,0
2005,190379,1,1,0,0,0,0,0,0,0,0,0,0
2005,190379,2,1,0,0,0,0,0,0,0,0,0,0
2005,190380,1,1,0,0,0,0,11,0,0,0,0,0
2005,190380,2,1,0,0,0,10,0,0,0,0,0,0
2005,190381,1,1,0,0,0,0,0,0,0,0,0,0
2005,190381,2,1,0,0,0,0,0,0,0,0,0,0
2005,190381,3,1,0,0,0,0,0,0,5,0,0,0
2005,190381,4,1,0,0,0,0,0,0,0,0,0,0
2005,190383,1,1,0,0,0,0,0,0,0,0,0,0
2005,190383,2,1,0,0,0,0,0,0,0,0,0,0
2005,190384,1,1,0,0,0,0,0,0,0,0,0,0
2005,190385,1,1,0,0,0,0,0,0,0,0,0,0
2005,190385,2,1,0,0,0,0,0,0,0,0,0,0
2005,190386,1,1,0,0,0,0,0,0,0,0,0,0
2005,190386,2,1,0,0,0,0,0,0,0,0,0,0
2005,190387,1,1,0,0,0,0,0,0,0,0,0,0
2005,190387,2,1,0,0,0,0,0,0,0,0,0,0
2005,190388,1,1,0,0,0,0,0,0,0,0,0,0
2005,190388,2,1,5,0,0,0,0,0,0,0,0,0
2005,190389,1,1,0,0,0,5,0,0,0,0,0,0
2005,190389,2,1,0,0,0,0,0,0,0,0,0,0
2005,190390,1,1,0,0,0,0,0,0,0,0,0,0
2005,190392,1,1,0,0,0,0,0,0,0,0,0,0
2005,190392,2,1,0,0,0,0,0,0,0,0,0,0
2005,190393,1,1,0,0,5,0,0,0,0,0,0,0
2005,190394,1,1,0,0,0,0,0,0,0,0,0,0
2005,190395,1,1,0,0,0,0,0,0,0,0,0,0
2005,190395,2,1,12,12,12,12,12,12,12,12,12,12
2005,190396,1,1,0,0,0,0,0,0,0,0,0,0
2005,190397,1,1,0,0,0,0,0,0,0,0,0,0
2005,190397,2,1,0,0,0,0,0,0,0,0,0,0
2005,190398,1,1,35,35,35,35,35,35,35,35,35,35
2005,190399,0,1,0,0,0,0,0,0,0,0,0,0
2005,190399,1,1,0,0,0,0,0,0,0,0,0,0
2005,190400,1,1,13,13,13,13,13,13,13,13,13,13
2005,190401,1,1,0,0,0,0,0,0,0,0,0,0
2005,190401,2,1,0,0,0,0,0,0,0,0,0,0
2005,190402,1,1,25,25,25,25,25,25,25,25,25,25
2005,190403,1,1,0,0,0,0,0,0,0,0,0,0
2005,190403,2,1,19,19,19,19,19,19,19,19,19,19
2005,190404,1,1,8,0,9,0,0,0,0,0,11,11
2005,190405,1,1,0,0,11,0,0,0,0,0,3,0
2005,190406,1,1,0,0,0,0,0,0,0,0,0,0
2005,200001,1,1,0,0,0,0,7,0,0,4,0,0
2005,200002,1,1,18,18,18,18,18,18,18,18,18,18
2005,200003,1,1,16,16,16,16,16,16,16,16,16,16
2005,200004,1,1,16,16,16,16,16,16,16,16,16,16
2005,200005,1,1,0,0,0,0,0,0,0,0,0,0
2005,200006,1,1,0,0,0,25,0,0,0,0,27,3
2005,200007,1,1,0,0,0,0,0,0,0,0,0,0
2005,200008,1,1,0,0,0,0,0,0,0,0,0,0
2005,200008,2,1,0,0,0,0,0,0,0,0,0,0
2005,200009,1,1,0,0,0,0,0,0,0,0,0,0
2005,200010,1,1,0,0,0,0,0,0,0,0,0,0
2005,200010,2,1,0,0,0,0,0,0,0,0,0,0
2005,200011,1,1,1,1,1,1,1,1,1,1,1,1
2005,200012,1,1,1,1,1,1,1,1,1,1,1,1
2005,200012,2,1,8,0,0,0,0,0,12,5,0,12
2005,200013,1,1,0,0,0,0,0,0,0,0,0,0
2005,200013,2,1,0,0,0,0,0,0,0,0,0,0
2005,200014,1,1,0,0,0,0,0,0,0,0,0,0
2005,200014,2,1,0,0,0,0,0,0,0,0,0,5
2005,200015,1,1,10,0,0,0,0,0,0,0,0,0
2005,200016,0,1,0,0,0,0,0,0,0,0,0,0
2005,200016,1,1,0,0,0,0,0,0,0,0,0,0
2005,200017,1,1,0,0,0,0,0,0,0,0,0,0
2005,200018,1,1,6,6,6,6,6,6,6,6,6,6
2005,200019,1,1,0,0,0,0,0,0,0,0,0,0
2005,200020,1,1,0,0,0,0,0,0,0,0,0,0
2005,200021,1,1,0,0,0,0,0,0,0,0,0,0
2005,200021,2,1,0,0,0,0,0,0,0,0,0,0
2005,200022,1,1,18,18,18,18,18,18,18,18,18,18
2005,200023,1,1,0,0,5,0,0,0,0,0,0,0
2005,200024,1,1,0,0,0,0,0,0,0,0,0,0
2005,200024,2,1,0,0,0,0,0,0,0,0,0,0
2005,200025,1,1,0,0,0,0,0,0,0,0,0,0
2005,200025,2,1,0,0,0,0,0,0,0,0,0,0
2005,200026,1,1,0,0,0,0,0,0,0,0,0,0
2005,200026,2,1,26,26,26,26,26,26,26,26,26,26
2005,200027,1,1,0,0,0,0,0,0,0,0,0,0
2005,200028,1,1,0,0,0,0,0,0,0,0,0,0
2005,200028,2,1,0,0,0,0,7,0,0,0,0,0
2005,200029,1,1,0,0,0,0,0,0,0,0,0,0
2005,200029,2,1,0,0,0,0,0,0,0,0,0,0
2005,200030,1,1,0,0,0,0,0,0,0,0,0,0
2005,200030,2,1,0,0,0,0,0,0,0,0,0,0
2005,200031,1,1,1,1,1,1,1,1,1,1,1,1
2005,200031,2,1,3,3,3,3,3,3,3,3,3,3
2005,200032,1,1,6,6,6,6,6,6,6,6,6,6
2005,200032,2,1,0,0,0,0,0,0,0,0,0,0
2005,200033,1,1,0,0,0,0,0,0,0,0,0,0
2005,200034,1,1,0,0,0,10,0,0,0,0,0,0
2005,200034,2,1,0,0,0,0,0,0,0,0,0,0
2005,200035,1,1,18,18,18,18,18,18,18,18,18,18
2005,200035,2,1,0,0,0,0,0,0,0,0,0,0
2005,200036,1,1,0,0,0,0,0,0,0,0,0,0
2005,200036,2,1,0,0,0,0,0,0,0,0,0,0
2005,200037,1,1,0,0,0,0,0,0,0,0,0,0
2005,200037,2,1,0,0,0,0,0,0,0,0,0,0
2005,200038,1,1,0,5,0,0,9,0,0,0,0,0
2005,200038,2,1,10,10,10,10,10,10,10,10,10,10
2005,200039,1,1,0,0,0,0,0,0,0,0,0,0
2005,200040,1,1,24,27,24,17,23,0,13,31,22,16
2005,200041,1,1,9,9,9,9,9,9,9,9,9,9
2005,200042,1,1,0,0,0,0,0,0,0,0,0,0
2005,200043,1,1,0,0,0,0,0,0,0,0,0,0
2005,200043,2,1,0,0,0,0,0,0,0,0,0,0
2005,200043,3,1,0,0,0,0,0,0,0,0,0,0
2005,200044,0,1,0,0,0,0,0,0,0,0,0,0
2005,200044,1,1,11,11,11,11,11,11,11,11,11,11
2005,200045,1,1,0,0,0,0,0,0,0,0,0,0
2005,200046,1,1,0,21,0,0,0,0,0,5,12,0
2005,200047,1,1,0,0,0,0,0,0,0,0,0,0
2005,200047,2,1,0,0,0,0,0,0,0,0,0,0
2005,200048,1,1,0,0,0,0,0,0,0,0,0,0
2005,200049,1,1,0,0,0,0,0,0,0,0,0,0
2005,200049,2,1,0,0,0,0,0,0,0,0,0,0
2005,200050,1,1,0,0,0,0,0,0,0,0,0,0
2005,200050,2,1,0,0,0,0,0,0,0,0,0,0
2005,200051,1,1,28,28,28,28,28,28,28,28,28,28
2005,200052,1,1,22,22,22,22,22,22,22,22,22,22
2005,200053,1,1,5,5,5,5,5,5,5,5,5,5
2005,200053,2,1,0,0,0,0,0,0,0,0,0,0
2005,200054,1,1,0,0,0,0,0,0,0,0,0,0
2005,200054,2,1,0,0,0,0,0,0,0,0,0,0
2005,200055,1,1,10,10,10,10,10,10,10,10,10,10
2005,200056,1,1,12,12,12,12,12,12,12,12,12,12
2005,200057,1,1,0,0,0,0,0,0,0,0,0,0
2005,200058,1,1,0,0,0,0,0,0,0,0,0,0
2005,200058,2,1,0,0,0,0,0,0,0,0,0,0
2005,200059,1,1,29,29,29,29,29,29,29,29,29,29
2005,200060,1,1,14,14,7,7,9,9,20,24,12,5
2005,200061,1,1,0,0,0,0,0,0,0,0,0,0
2005,200061,2,1,21,0,0,0,0,0,16,0,0,0
2005,200062,1,1,13,13,13,13,13,13,13,13,13,13
2005,200062,2,1,9,0,0,9,0,0,0,11,0,0
2005,200063,0,1,0,0,0,0,0,0,0,0,0,0
2005,200063,1,1,0,0,0,0,0,0,0,0,0,0
2005,200064,1,1,15,15,15,15,15,15,15,15,15,15
2005,200065,0,1,0,0,0,0,0,0,0,0,0,0
2005,200065,1,1,0,0,0,0,0,0,0,0,0,0
2005,200066,1,1,0,0,0,0,0,0,0,0,0,0
2005,200066,2,1,0,0,0,0,0,0,0,0,0,0
2005,200066,3,1,0,0,0,0,0,0,0,0,0,0
2005,200067,1,1,0,0,0,0,0,0,0,0,0,0
2005,200069,0,1,0,0,0,0,0,0,0,0,0,0
2005,200069,1,1,0,7,0,0,0,0,0,0,0,0
2005,200070,1,1,0,0,0,0,0,0,0,0,0,0
2005,200070,2,1,0,0,0,0,0,0,0,0,0,0
2005,200071,1,1,0,0,0,0,0,0,0,0,0,0
2005,200071,2,1,0,0,0,0,0,0,0,0,0,0
2005,200072,1,1,32,5,14,0,4,0,0,8,3,0
2005,200073,1,1,11,11,11,11,11,11,11,11,11,11
2005,200073,2,1,9,9,9,9,9,9,9,9,9,9
2005,200074,1,1,1,1,1,1,1,1,1,1,1,1
2005,200075,1,1,0,0,0,0,0,0,0,0,0,0
2005,200075,2,1,0,0,0,0,0,0,0,0,0,0
2005,200075,3,1,0,0,0,0,0,0,0,0,0,0
2005,200076,1,1,0,0,0,0,0,0,0,0,0,0
2005,200076,2,1,0,0,0,0,0,0,0,0,0,0
2005,200077,0,1,0,0,0,0,0,0,0,0,0,0
2005,200077,1,1,0,0,0,0,0,0,0,0,0,0
2005,200078,1,1,0,0,0,0,0,0,0,0,0,0
2005,200079,1,1,0,0,0,0,0,0,0,0,0,0
2005,200080,1,1,0,12,0,0,0,0,0,0,0,14
2005,200081,1,1,0,0,0,0,0,0,0,0,0,0
2005,200081,2,1,0,0,0,0,0,0,0,0,0,0
2005,200081,3,1,0,0,0,0,0,0,0,0,0,0
2005,200083,1,1,0,11,0,0,0,0,0,0,5,0
2005,200084,1,1,0,0,0,0,0,0,0,0,0,0
2005,200084,2,1,0,0,0,0,0,0,0,0,0,0
2005,200085,1,1,0,0,0,0,0,0,0,0,0,0
2005,200086,1,1,0,0,0,0,0,0,0,15,11,6
2005,200087,1,1,0,0,0,0,0,0,0,0,0,0
2005,200088,1,1,5,27,26,16,19,18,13,39,17,21
2005,200089,0,1,11,10,5,29,39,20,20,10,15,16
2005,200089,1,1,15,15,15,15,15,15,15,15,15,15
2005,200090,1,1,0,0,0,0,0,0,0,0,0,0
2005,200090,2,1,0,0,0,0,7,0,0,0,0,0
2005,200091,1,1,5,5,5,5,5,5,5,5,5,5
2005,200092,0,1,0,0,0,0,0,0,0,0,0,0
2005,200092,1,1,0,0,0,0,0,0,0,0,0,0
2005,200093,1,1,0,0,0,0,0,0,0,0,0,0
2005,200094,0,1,0,0,0,0,0,0,0,0,0,0
2005,200094,1,1,0,0,0,0,0,0,0,0,0,0
2005,200095,1,1,0,0,0,0,0,0,0,0,0,0
2005,200095,2,1,0,0,0,0,0,0,0,0,0,0
2005,200096,1,1,17,0,0,0,0,0,0,4,16,0
2005,200096,2,1,20,0,0,0,0,0,0,0,0,0
2005,200097,1,1,0,0,0,0,0,0,0,0,0,0
2005,200097,2,1,0,0,0,0,0,0,0,0,0,0
2005,200098,1,1,0,0,0,0,0,0,0,0,0,0
2005,200098,2,1,0,0,0,0,0,0,0,0,0,0
2005,200099,1,1,0,0,0,0,0,0,0,0,0,0
2005,200100,1,1,0,0,0,0,0,0,0,0,0,0
2005,200100,2,1,22,22,22,22,22,22,22,22,22,22
2005,200100,3,1,0,0,0,0,0,0,0,0,0,0
2005,200101,1,1,13,13,13,13,13,13,13,13,13,13
2005,200102,1,1,0,0,0,0,0,0,0,0,0,0
2005,200104,0,1,0,0,0,0,0,0,0,0,0,0
2005,200104,1,1,19,19,16,0,19,6,20,2,32,0
2005,200105,1,1,0,0,0,0,0,0,0,0,0,0
2005,200106,1,1,0,0,0,0,0,0,0,0,0,0
2005,200106,2,1,1,1,1,1,1,1,1,1,1,1
2005,200107,1,1,0,0,0,0,0,0,0,0,0,0
2005,200107,2,1,0,0,0,0,0,0,0,0,0,0
2005,200108,1,1,6,6,6,6,6,6,6,6,6,6
2005,200109,1,1,28,28,28,28,28,28,28,28,28,28
2005,200110,1,1,11,11,11,11,11,11,11,11,11,11
2005,200111,1,1,5,5,5,5,5,5,5,5,5,5
2005,200112,1,1,0,0,0,0,0,0,0,0,0,0
2005,200112,2,1,0,0,0,0,0,0,0,0,0,0
2005,200113,1,1,27,27,27,27,27,27,27,27,27,27
2005,200114,1,1,0,0,0,0,0,0,0,0,0,0
2005,200115,1,1,0,0,0,0,0,0,0,0,0,0
2005,200115,2,1,0,0,0,0,0,0,0,0,0,0
2005,200116,1,1,24,24,24,24,24,24,24,24,24,24
2005,200117,1,1,0,0,0,0,0,0,0,0,0,0
2005,200117,2,1,0,0,0,0,0,0,0,0,0,0
2005,200118,1,1,0,0,0,0,0,0,0,0,0,0
2005,200118,2,1,0,8,0,0,0,0,0,0,0,0
2005,200119,1,1,30,30,30,30,30,30,30,30,30,30
2005,200119,2,1,0,0,0,0,0,0,0,0,0,0
2005,200119,3,1,0,0,0,0,0,0,0,0,0,0
2005,200120,1,1,0,0,0,0,0,0,0,0,0,0
2005,200120,2,1,0,0,0,0,0,0,0,0,0,0
2005,200121,1,1,7,7,7,7,7,7,7,7,7,7
2005,200121,2,1,0,0,0,0,0,0,0,0,0,0
2005,200122,1,1,0,0,0,0,0,0,0,0,0,0
2005,200123,1,1,10,17,8,18,7,22,0,5,13,19
2005,200124,1,1,0,0,0,0,0,0,0,0,0,0
2005,200124,2,1,0,0,0,0,0,0,0,0,0,0
2005,200125,1,1,0,0,0,0,0,0,0,0,0,0
2005,200125,2,1,0,0,0,0,0,0,0,0,0,0
2005,200126,1,1,0,0,27,0,0,0,0,0,0,0
2005,200127,1,1,0,0,0,0,0,0,0,0,0,0
2005,200128,1,1,0,0,0,0,0,0,0,0,0,0
2005,200129,1,1,0,0,0,0,0,0,0,0,0,0
2005,200129,2,1,0,0,0,0,0,0,0,0,0,0
2005,200130,1,1,0,0,0,0,0,0,0,0,0,0
2005,200131,1,1,19,19,19,19,19,19,19,19,19,19
2005,200132,1,1,0,15,16,0,0,17,8,0,0,0
2005,200133,1,1,18,18,18,18,18,18,18,18,18,18
2005,200133,2,1,0,0,0,0,0,0,0,0,0,0
2005,200134,1,1,0,0,0,0,0,0,0,0,0,0
2005,200134,2,1,0,0,0,0,0,0,0,0,0,0
2005,200135,1,1,25,25,25,25,25,25,25,25,25,25
2005,200135,2,1,0,0,0,0,0,0,0,0,0,0
2005,200136,1,1,0,0,0,0,0,0,0,0,0,0
2005,200137,1,1,4,29,5,14,24,13,27,29,20,41
2005,200138,1,1,5,5,5,5,5,5,5,5,5,5
2005,200139,1,1,0,15,0,0,0,0,0,0,0,5
2005,200140,1,1,0,0,0,0,0,0,0,0,0,0
2005,200140,2,1,0,0,0,0,0,0,0,0,0,0
2005,200141,1,1,0,0,0,0,0,0,0,0,0,0
2005,200141,2,1,0,0,0,0,0,0,0,0,0,0
2005,200141,3,1,0,0,0,0,0,0,0,0,0,0
2005,200142,1,1,0,0,0,0,0,0,0,0,0,0
2005,200142,2,1,0,0,0,0,0,0,0,0,0,0
2005,200143,1,1,3,3,3,3,3,3,3,3,3,3
2005,200144,1,1,0,0,0,0,0,0,0,0,14,0
2005,200145,1,1,0,0,0,0,0,11,0,0,0,0
2005,200145,2,1,6,6,6,6,6,6,6,6,6,6
2005,200146,1,1,9,9,9,9,9,9,9,9,9,9
2005,200146,2,1,0,0,0,0,0,0,0,0,0,0
2005,200147,1,1,30,30,30,30,30,30,30,30,30,30
2005,200147,2,1,0,0,0,0,0,0,0,0,0,0
2005,200149,1,1,0,0,0,0,0,22,0,0,0,0
2005,200150,1,1,0,0,0,0,0,0,0,0,0,0
2005,200150,2,1,0,0,0,0,0,0,0,0,0,0
2005,200151,1,1,14,14,14,14,14,14,14,14,14,14
2005,200152,1,1,0,0,0,0,0,0,0,0,0,0
2005,200152,2,1,0,0,0,0,0,0,0,0,0,0
2005,200153,1,1,0,15,0,0,0,0,0,7,7,0
2005,200154,1,1,0,0,0,0,0,0,0,0,0,0
2005,200154,2,1,0,0,0,0,0,0,0,0,0,0
2005,200155,1,1,0,0,0,0,0,0,0,0,0,0
2005,200155,2,1,0,0,0,0,0,0,0,0,0,0
2005,200156,1,1,0,0,0,0,0,0,23,0,0,23
2005,200157,1,1,22,22,22,22,22,22,22,22,22,22
2005,200157,2,1,0,0,0,0,0,0,0,0,0,0
2005,200158,0,1,25,25,25,25,25,25,25,25,25,25
2005,200158,1,1,0,0,6,0,0,0,0,0,0,0
2005,200159,1,1,0,0,0,0,0,0,0,0,0,0
2005,200160,1,1,18,0,0,0,0,0,0,0,0,0
2005,200161,1,1,4,0,0,0,0,0,0,0,0,0
2005,200161,2,1,0,0,0,17,0,0,0,0,0,0
2005,200161,3,1,0,0,0,0,0,0,0,0,0,0
2005,200162,1,1,0,0,0,0,0,0,0,0,0,0
2005,200162,2,1,0,0,0,0,0,0,0,0,0,0
2005,200163,1,1,0,0,3,0,0,0,0,15,0,4
2005,200164,1,1,0,0,0,0,0,0,0,0,0,0
2005,200164,2,1,0,0,0,0,0,0,0,0,0,0
2005,200165,1,1,0,0,0,0,0,0,0,0,0,0
2005,200165,2,1,0,0,0,0,0,0,0,0,0,0
2005,200165,3,1,0,0,0,0,0,0,0,0,0,0
2005,200166,1,1,24,24,24,24,24,24,24,24,24,24
2005,200167,1,1,0,0,0,0,0,0,0,0,0,0
2005,200167,2,1,0,0,0,0,0,0,0,0,0,0
2005,200168,1,1,12,12,12,12,12,12,12,12,12,12
2005,200169,1,1,0,0,0,0,0,0,0,0,0,0
2005,200169,2,1,0,0,0,0,0,0,0,0,0,0
2005,200170,1,1,0,0,6,0,0,0,0,0,0,0
2005,200170,2,1,0,0,0,0,0,0,0,0,0,0
2005,200171,1,1,0,0,0,0,0,0,0,0,0,0
2005,200171,2,1,0,0,0,0,0,0,0,0,0,0