YEAR,ST_CASE,veh_no,per_no,P1,P2,P3,P4,P5,P6,P7,P8,P9,P10
2005,200172,1,1,0,0,0,0,0,0,0,0,0,0
2005,200173,1,1,0,0,0,0,0,0,0,0,0,0
2005,200174,1,1,0,0,0,0,0,0,0,0,0,0
2005,200174,2,1,0,0,0,0,0,0,0,0,0,0
2005,200175,1,1,0,17,0,4,0,0,0,0,0,0
2005,200176,1,1,0,0,0,0,0,0,0,0,0,0
2005,200177,0,1,0,0,0,0,0,0,0,0,0,0
2005,200177,1,1,0,0,0,0,0,0,0,0,0,0
2005,200178,1,1,0,8,0,0,0,0,0,18,0,0
2005,200179,1,1,11,11,11,11,11,11,11,11,11,11
2005,200179,2,1,0,0,0,0,0,0,0,0,0,0
2005,200180,1,1,4,4,4,4,4,4,4,4,4,4
2005,200181,1,1,0,0,0,0,0,0,0,0,0,0
2005,200181,2,1,0,0,0,0,0,0,0,0,0,0
2005,200182,1,1,20,20,20,20,20,20,20,20,20,20
2005,200183,1,1,0,0,0,0,0,0,0,0,0,0
2005,200184,1,1,0,0,0,0,0,5,0,0,0,6
2005,200185,1,1,0,0,0,0,0,0,0,0,0,0
2005,200186,1,1,0,0,13,0,0,5,0,0,4,0
2005,200186,2,1,0,0,0,2,0,8,0,0,0,0
2005,200187,0,1,0,0,0,0,0,0,0,0,0,0
2005,200187,1,1,0,0,0,0,0,0,0,0,0,0
2005,200188,1,1,0,0,0,0,0,0,0,0,0,0
2005,200188,2,1,0,0,0,0,0,0,0,0,0,0
2005,200189,1,1,0,0,0,0,0,0,0,0,0,0
2005,200190,1,1,0,0,0,0,0,0,0,0,0,0
2005,200191,1,1,20,20,20,20,20,20,20,20,20,20
2005,200192,1,1,6,26,14,22,13,18,28,24,19,16
2005,200192,2,1,0,0,0,0,0,0,0,0,0,0
2005,200193,1,1,0,0,0,0,0,0,0,0,0,0
2005,200194,1,1,0,0,0,0,0,0,0,0,0,0
2005,200194,2,1,0,0,0,0,0,0,0,0,0,0
2005,200195,1,1,18,18,18,18,18,18,18,18,18,18
2005,200196,1,1,0,6,0,0,0,0,0,0,0,21
2005,200197,1,1,0,0,0,0,16,0,15,0,0,0
2005,200197,2,1,8,8,8,8,8,8,8,8,8,8
2005,200198,1,1,0,0,0,0,0,0,0,0,0,0
2005,200198,2,1,0,10,0,0,0,0,0,0,0,0
2005,200199,1,1,0,0,0,0,0,0,0,0,0,0
2005,200200,1,1,0,0,0,0,0,0,0,0,0,0
2005,200202,1,1,0,0,0,0,0,0,0,0,0,0
2005,200203,1,1,0,0,0,0,0,0,0,0,0,0
2005,200203,2,1,0,0,0,0,0,0,0,0,0,0
2005,200203,3,1,0,0,0,0,0,0,0,0,0,0
2005,200203,4,1,0,0,0,0,0,0,0,0,0,0
2005,200204,1,1,0,0,0,0,0,0,0,0,0,0
2005,200204,2,1,3,3,3,3,3,3,3,3,3,3
2005,200205,1,1,0,0,0,0,0,0,0,0,0,0
2005,200205,2,1,0,0,0,0,0,0,0,0,0,0
2005,200206,1,1,0,0,0,0,0,0,0,0,0,0
2005,200207,1,1,0,0,0,0,0,0,0,0,0,0
2005,200208,1,1,0,0,0,0,0,0,0,0,0,0
2005,200208,2,1,0,0,0,0,0,0,0,0,0,0
2005,200209,1,1,0,0,0,0,0,14,0,0,0,0
2005,200209,2,1,0,0,0,0,0,0,0,0,0,0
2005,200210,1,1,0,0,0,0,0,0,0,0,0,0
2005,200211,1,1,0,0,0,0,0,0,0,0,0,0
2005,200211,2,1,0,0,0,0,0,0,0,0,0,0
2005,200213,1,1,19,0,0,0,0,0,7,8,0,0
2005,200214,1,1,18,18,18,18,18,18,18,18,18,18
2005,200215,1,1,12,31,0,12,0,0,0,0,0,0
2005,200216,1,1,0,0,0,0,0,0,0,0,0,0
2005,200217,0,1,0,0,0,0,0,0,0,0,0,0
2005,200217,1,1,0,0,0,0,0,0,0,0,0,0
2005,200218,1,1,0,0,0,0,0,0,0,0,0,0
2005,200218,2,1,0,0,0,0,0,0,0,0,0,0
2005,200219,1,1,0,0,0,0,0,2,0,0,0,0
2005,200219,2,1,0,0,0,0,0,0,0,0,0,0
2005,200220,1,1,0,0,0,0,0,0,0,0,0,0
2005,200222,1,1,0,0,0,0,0,0,0,0,0,0
2005,200222,2,1,0,0,0,0,0,0,0,0,0,0
2005,200223,0,1,0,0,0,0,0,0,0,0,0,0
2005,200223,1,1,0,0,0,0,0,0,0,0,0,0
2005,200224,1,1,12,24,24,15,30,6,33,23,16,22
2005,200225,1,1,23,23,23,23,23,23,23,23,23,23
2005,200226,0,1,0,0,0,0,0,0,0,0,0,0
2005,200226,0,2,0,0,0,0,0,0,22,0,0,22
2005,200226,1,1,0,0,0,0,0,0,0,0,0,0
2005,200227,1,1,0,0,0,0,0,0,0,0,0,0
2005,200227,2,1,0,0,0,0,0,0,0,0,0,0
2005,200228,1,1,0,0,0,0,0,0,0,0,0,0
2005,200228,2,1,0,0,0,0,0,0,0,0,0,0
2005,200229,1,1,10,10,10,10,10,10,10,10,10,10
2005,200230,1,1,0,0,0,0,0,22,0,0,0,0
2005,200230,2,1,0,0,0,0,0,0,0,0,0,0
2005,200231,1,1,0,0,0,0,0,0,0,0,0,0
2005,200231,2,1,0,0,0,0,0,0,0,0,0,0
2005,200232,1,1,0,0,0,31,0,0,0,0,10,0
2005,200233,1,1,0,0,0,0,0,0,0,0,0,0
2005,200233,2,1,0,0,0,0,0,0,0,0,0,0
2005,200234,1,1,0,0,0,0,0,0,0,0,0,0
2005,200234,2,1,24,24,24,24,24,24,24,24,24,24
2005,200235,0,1,18,18,18,18,18,18,18,18,18,18
2005,200235,1,1,0,0,0,0,0,0,0,0,0,0
2005,200236,1,1,18,18,18,18,18,18,18,18,18,18
2005,200237,1,1,0,0,0,0,0,0,0,0,0,0
2005,200237,2,1,0,0,0,0,0,0,0,0,0,0
2005,200238,1,1,0,0,0,0,0,0,0,0,0,0
2005,200239,1,1,0,0,22,0,0,0,0,0,0,0
2005,200239,2,1,0,0,0,0,0,0,0,0,0,0
2005,200240,1,1,0,0,0,0,0,0,0,0,0,0
2005,200240,2,1,0,0,0,0,0,0,0,0,0,0
2005,200241,1,1,0,0,0,0,0,0,0,0,0,0
2005,200241,2,1,0,0,0,0,0,0,0,0,0,0
2005,200241,3,1,0,0,0,0,0,0,0,0,0,0
2005,200241,4,1,0,0,0,0,0,0,0,2,0,0
2005,200242,1,1,2,2,2,2,2,2,2,2,2,2
2005,200242,2,1,0,0,0,0,0,0,0,0,0,0
2005,200243,0,1,27,27,27,27,27,27,27,27,27,27
2005,200243,1,1,0,0,5,20,10,0,0,0,20,0
2005,200244,1,1,20,20,20,20,20,20,20,20,20,20
2005,200245,1,1,25,25,25,25,25,25,25,25,25,25
2005,200246,1,1,0,0,0,0,0,0,0,0,0,0
2005,200246,2,1,0,0,0,0,0,0,0,0,0,0
2005,200246,3,1,0,0,0,0,0,0,0,0,0,0
2005,200247,1,1,0,0,0,0,0,0,0,0,0,0
2005,200248,1,1,20,20,20,20,20,20,20,20,20,20
2005,200249,1,1,12,24,12,14,27,10,11,31,32,2
2005,200250,1,1,0,0,19,0,0,0,18,0,0,0
2005,200251,1,1,16,16,16,16,16,16,16,16,16,16
2005,200252,1,1,0,0,0,0,0,0,0,0,0,0
2005,200252,2,1,0,0,0,0,0,0,0,0,0,0
2005,200254,1,1,4,4,4,4,4,4,4,4,4,4
2005,200254,2,1,0,0,0,0,0,0,0,0,0,0
2005,200255,1,1,0,0,0,0,0,0,0,0,0,0
2005,200256,1,1,0,0,0,0,0,0,0,0,0,0
2005,200256,2,1,0,0,0,0,0,0,0,0,0,0
2005,200257,1,1,0,0,0,9,0,0,11,0,0,17
2005,200258,1,1,0,0,0,0,0,0,0,0,0,0
2005,200258,2,1,0,0,0,0,0,0,0,0,0,0
2005,200259,1,1,0,0,0,0,0,0,0,0,0,0
2005,200259,2,1,0,0,0,0,15,0,0,0,0,0
2005,200259,3,1,0,0,0,0,0,0,0,0,0,0
2005,200259,4,1,0,0,0,0,0,0,0,0,0,0
2005,200260,1,1,33,33,33,33,33,33,33,33,33,33
2005,200261,1,1,7,7,7,7,7,7,7,7,7,7
2005,200262,1,1,0,0,0,0,0,0,0,0,0,0
2005,200262,2,1,6,6,6,6,6,6,6,6,6,6
2005,200262,3,1,0,0,0,0,0,0,0,0,10,0
2005,200263,1,1,0,0,0,0,14,17,0,0,0,0
2005,200263,2,1,0,0,0,0,0,0,0,0,0,0
2005,200264,1,1,9,0,0,8,0,0,19,13,17,0
2005,200265,0,1,0,0,13,0,0,0,0,0,0,0
2005,200265,1,1,0,0,0,0,0,0,0,0,0,0
2005,200267,1,1,0,0,0,0,0,0,0,0,0,0
2005,200267,2,1,0,0,0,0,0,0,0,0,0,0
2005,200268,1,1,15,15,15,15,15,15,15,15,15,15
2005,200269,1,1,0,0,0,0,0,0,0,0,0,0
2005,200269,2,1,0,0,0,0,0,0,0,0,0,0
2005,200270,1,1,0,0,0,0,0,0,0,0,0,0
2005,200271,1,1,0,0,0,0,0,0,0,0,0,0
2005,200272,1,1,23,23,23,23,23,23,23,23,23,23
2005,200273,0,1,10,10,10,10,10,10,10,10,10,10
2005,200273,1,1,6,0,0,0,0,0,0,0,0,5
2005,200274,1,1,0,0,0,0,0,0,0,0,0,0
2005,200275,1,1,0,0,0,0,3,0,0,0,0,0
2005,200276,1,1,0,0,0,0,0,0,0,0,0,0
2005,200277,1,1,0,0,0,0,0,0,0,0,0,0
2005,200278,1,1,0,0,0,0,0,0,0,0,0,0
2005,200278,2,1,0,0,0,0,0,0,0,0,0,0
2005,200279,1,1,0,0,0,0,0,0,0,0,0,0
2005,200279,2,1,0,0,0,0,0,0,0,0,0,0
2005,200280,1,1,19,19,19,19,19,19,19,19,19,19
2005,200281,1,1,0,0,0,0,0,0,0,0,0,0
2005,200281,2,1,0,0,0,0,0,0,0,0,0,0
2005,200281,3,1,0,0,0,0,0,0,0,0,0,0
2005,200282,1,1,28,28,28,28,28,28,28,28,28,28
2005,200282,2,1,0,0,0,0,0,0,0,0,0,0
2005,200283,1,1,0,0,0,0,0,0,0,0,0,0
2005,200284,1,1,14,14,14,14,14,14,14,14,14,14
2005,200285,1,1,0,0,0,0,0,0,0,0,0,0
2005,200285,2,1,0,0,0,0,0,0,0,0,0,0
2005,200286,1,1,17,17,17,17,17,17,17,17,17,17
2005,200287,1,1,0,0,0,0,0,0,0,0,0,0
2005,200287,2,1,0,0,0,0,0,0,0,0,0,0
2005,200288,1,1,14,14,14,14,14,14,14,14,14,14
2005,200289,1,1,0,0,0,0,0,0,0,0,0,0
2005,200289,2,1,0,0,0,0,0,0,0,0,0,0
2005,200289,3,1,0,0,0,0,0,0,0,0,0,0
2005,200290,1,1,0,0,0,0,0,0,0,0,0,0
2005,200290,2,1,0,0,0,0,0,0,0,0,0,0
2005,200291,1,1,0,0,0,0,0,0,0,0,0,0
2005,200291,2,1,0,0,0,0,0,0,0,0,0,0
2005,200292,0,1,0,0,0,0,0,0,0,0,0,0
2005,200292,1,1,0,0,0,0,0,0,0,0,0,0
2005,200293,1,1,0,0,0,0,0,0,0,0,0,0
2005,200293,2,1,22,22,22,22,22,22,22,22,22,22
2005,200294,1,1,0,0,0,0,0,0,0,0,0,0
2005,200294,2,1,0,0,0,0,0,0,0,0,0,0
2005,200295,1,1,0,0,0,0,0,0,0,0,0,0
2005,200295,2,1,0,0,0,0,0,0,0,0,0,0
2005,200296,1,1,0,0,0,0,0,0,0,0,0,0
2005,200296,2,1,0,0,0,0,0,0,4,0,0,0
2005,200297,1,1,0,0,0,0,0,0,0,0,0,0
2005,200297,2,1,0,0,0,0,0,0,0,0,0,0
2005,200298,1,1,17,17,17,17,17,17,17,17,17,17
2005,200299,1,1,18,18,18,18,18,18,18,18,18,18
2005,200300,1,1,0,0,0,0,0,0,0,0,0,0
2005,200300,2,1,0,0,0,0,0,0,0,0,0,0
2005,200301,1,1,0,0,0,0,0,0,0,0,0,0
2005,200301,2,1,0,0,0,0,0,0,0,0,0,0
2005,200302,1,1,29,29,29,29,29,29,29,29,29,29
2005,200303,1,1,0,0,0,0,0,0,0,0,0,0
2005,200303,2,1,0,0,0,0,0,0,0,0,0,0
2005,200304,1,1,0,0,0,0,0,0,0,0,0,0
2005,200305,1,1,0,0,0,0,11,0,0,0,0,0
2005,200306,1,1,0,0,0,0,0,0,0,0,0,0
2005,200306,2,1,0,0,0,0,0,0,0,0,0,0
2005,200307,1,1,10,10,10,10,10,10,10,10,10,10
2005,200308,1,1,0,0,0,0,0,0,0,0,0,0
2005,200308,2,1,0,0,0,0,0,0,0,0,0,0
2005,200309,1,1,27,27,27,27,27,27,27,27,27,27
2005,200310,1,1,23,23,23,23,23,23,23,23,23,23
2005,200311,0,1,0,0,0,0,0,0,0,0,0,0
2005,200311,1,1,0,0,0,0,0,0,0,0,0,0
2005,200312,1,1,0,0,0,0,0,0,0,0,0,0
2005,200313,1,1,9,9,9,9,9,9,9,9,9,9
2005,200314,1,1,0,0,0,0,0,0,0,0,0,0
2005,200315,1,1,0,0,0,0,0,0,0,0,0,0
2005,200315,2,1,0,0,0,0,0,0,0,0,0,0
2005,200316,1,1,0,0,0,0,0,0,0,0,0,0
2005,200317,1,1,19,19,19,19,19,19,19,19,19,19
2005,200318,1,1,12,12,12,12,12,12,12,12,12,12
2005,200319,1,1,16,16,16,16,16,16,16,16,16,16
2005,200320,1,1,25,25,25,25,25,25,25,25,25,25
2005,200320,2,1,0,0,0,0,0,0,0,0,0,0
2005,200321,1,1,0,0,0,0,0,0,0,0,0,0
2005,200321,2,1,0,0,0,0,0,0,0,0,0,0
2005,200322,0,1,2,2,2,2,2,2,2,2,2,2
2005,200322,1,1,0,0,0,0,0,0,0,0,0,0
2005,200323,1,1,0,0,0,0,0,0,0,0,0,0
2005,200324,1,1,0,0,0,0,0,0,0,0,0,0
2005,200325,1,1,0,0,0,0,0,0,0,0,0,0
2005,200326,1,1,0,0,0,0,0,0,0,0,0,0
2005,200326,2,1,0,0,0,0,0,0,0,0,0,0
2005,200327,1,1,0,0,0,0,0,0,0,0,0,0
2005,200327,2,1,0,0,0,0,0,0,0,0,0,0
2005,200328,1,1,32,0,0,0,0,0,0,0,0,0
2005,200329,1,1,0,0,0,0,0,0,0,0,0,0
2005,200329,2,1,0,0,0,0,0,0,0,0,0,0
2005,200330,1,1,0,0,0,0,16,0,0,0,0,0
2005,200330,2,1,0,0,0,0,0,0,0,8,0,0
2005,200331,1,1,0,0,6,0,5,36,0,26,0,0
2005,200332,1,1,0,0,0,8,0,0,0,0,0,0
2005,200332,2,1,0,0,0,0,0,0,0,0,0,0
2005,200333,1,1,0,0,0,0,0,0,0,0,0,0
2005,200333,2,1,0,0,0,0,0,0,0,0,0,0
2005,200334,1,1,0,0,0,0,0,0,0,0,0,0
2005,200334,2,1,2,2,2,2,2,2,2,2,2,2
2005,200335,1,1,0,0,0,0,0,0,0,0,0,0
2005,200336,1,1,0,0,0,0,0,0,0,0,0,0
2005,200337,1,1,0,0,0,0,0,0,0,0,0,0
2005,200337,2,1,0,0,0,0,0,0,0,0,0,0
2005,200338,1,1,0,0,0,0,0,0,0,0,0,0
2005,200338,2,1,0,0,0,0,0,0,0,0,0,0
2005,200339,0,1,22,22,22,22,22,22,22,22,22,22
2005,200339,1,1,0,0,0,0,0,0,0,0,0,0
2005,200340,1,1,0,0,0,0,11,0,0,0,0,0
2005,200340,2,1,0,0,0,0,0,0,0,0,0,0
2005,200341,1,1,0,0,0,14,0,0,23,0,24,0
2005,200341,2,1,0,29,18,0,0,0,0,0,9,0
2005,200342,1,1,0,0,0,0,0,0,0,0,0,0
2005,200342,2,1,0,0,0,0,0,0,0,0,0,0
2005,200343,1,1,0,0,0,0,0,13,0,0,0,20
2005,200343,2,1,0,0,0,0,0,0,0,0,0,0
2005,200344,1,1,0,0,0,0,0,0,0,0,0,0
2005,200344,2,1,0,0,0,0,0,0,0,0,0,0
2005,200345,1,1,0,0,0,0,0,0,0,0,0,0
2005,200346,0,1,0,0,0,0,0,0,0,0,0,0
2005,200346,1,1,0,0,0,0,0,0,0,0,0,0
2005,200347,1,1,0,0,0,0,0,0,0,0,0,0
2005,200348,1,1,0,0,0,0,0,0,0,0,0,0
2005,200348,2,1,0,0,0,0,0,0,0,0,0,0
2005,200349,1,1,13,26,22,6,0,24,15,13,10,17
2005,200350,1,1,0,0,0,0,0,0,0,0,0,0
2005,200352,1,1,0,0,0,0,0,0,0,0,0,0
2005,200352,2,1,0,0,0,0,0,0,0,0,0,0
2005,200353,1,1,0,0,0,0,0,0,0,0,0,0
2005,200353,2,1,0,0,0,0,0,0,23,0,0,0
2005,200354,1,1,16,16,7,23,16,16,16,15,28,19
2005,200355,1,1,0,0,0,0,0,0,0,0,0,0
2005,200356,1,1,0,0,0,0,0,0,0,0,0,0
2005,200356,2,1,0,0,0,0,0,0,0,0,0,0
2005,200357,1,1,0,0,0,0,0,0,0,0,0,0
2005,200357,2,1,0,0,0,0,0,0,0,0,0,0
2005,200358,1,1,2,2,2,2,2,2,2,2,2,2
2005,200359,1,1,0,0,0,0,0,0,0,0,0,0
2005,200359,2,1,0,0,0,0,0,0,0,0,0,0
2005,200360,1,1,0,0,0,0,0,0,0,0,0,0
2005,200361,1,1,5,5,5,5,5,5,5,5,5,5
2005,200362,1,1,0,0,0,9,0,3,0,0,0,0
2005,200362,2,1,4,0,11,0,0,0,0,0,0,0
2005,200363,1,1,18,18,18,18,18,18,18,18,18,18
2005,200364,1,1,0,0,0,0,2,0,0,0,0,0
2005,200364,2,1,0,0,0,0,0,0,0,0,0,0
2005,200365,1,1,0,0,0,0,0,0,0,0,0,0
2005,200365,2,1,0,0,0,0,0,0,0,0,0,0
2005,200366,1,1,0,0,0,0,0,0,0,0,0,0
2005,200367,1,1,20,0,15,11,0,11,0,4,0,27
2005,200367,2,1,0,0,0,0,0,0,0,0,0,0
2005,200367,3,1,9,0,0,0,0,0,0,0,0,0
2005,200368,1,1,0,0,0,0,0,0,0,0,0,0
2005,200368,2,1,0,0,0,0,0,0,0,0,0,0
2005,200369,1,1,0,0,11,0,0,0,0,0,0,0
2005,200370,1,1,0,0,0,0,0,0,0,0,0,0
2005,200370,2,1,0,0,0,0,0,0,0,0,0,0
2005,200372,1,1,0,0,0,0,0,0,0,0,0,0
2005,200372,2,1,0,0,0,0,0,0,0,0,0,0
2005,200373,1,1,0,0,0,0,0,0,0,0,0,0
2005,200375,1,1,0,0,0,0,0,0,0,0,0,0
2005,200375,2,1,10,0,0,0,0,0,0,0,0,0
2005,200375,3,1,0,0,0,0,0,0,0,0,0,0
2005,200376,1,1,0,0,0,0,0,0,0,0,0,0
2005,200376,2,1,0,0,0,0,0,0,0,0,0,0
2005,200377,1,1,0,0,0,12,0,0,0,0,0,0
2005,200378,1,1,10,10,10,10,10,10,10,10,10,10
2005,200379,0,1,0,0,0,0,29,0,27,0,0,19
2005,200379,1,1,17,17,17,17,17,17,17,17,17,17
2005,200380,1,1,0,0,0,0,0,0,0,0,0,0
2005,200381,1,1,23,23,23,23,23,23,23,23,23,23
2005,200382,1,1,0,0,0,0,0,0,0,0,0,0
2005,200382,2,1,0,0,0,0,0,0,0,0,0,0
2005,200383,0,1,10,10,10,10,10,10,10,10,10,10
2005,200383,1,1,0,0,0,0,5,0,0,0,0,0
2005,200384,1,1,0,0,0,0,0,0,0,0,0,0
2005,200384,2,1,0,0,0,0,0,0,0,0,0,0
2005,200385,1,1,10,10,10,10,10,10,10,10,10,10
2005,200386,1,1,24,24,24,24,24,24,24,24,24,24
2005,200386,2,1,11,0,0,0,0,0,0,0,0,19
2005,200387,1,1,3,3,3,3,3,3,3,3,3,3
2005,200388,1,1,0,0,0,0,0,0,0,0,0,0
2005,200388,2,1,0,0,0,0,0,0,0,0,0,0
2005,200389,1,1,34,34,34,34,34,34,34,34,34,34
2005,200390,0,1,0,0,0,0,0,0,0,0,0,0
2005,200390,1,1,0,0,0,0,0,0,0,0,0,0
2005,200391,1,1,0,0,0,0,0,14,0,0,0,0
2005,200392,1,1,47,47,47,47,47,47,47,47,47,47
2005,200393,0,1,0,0,0,27,0,0,0,0,0,0
2005,200393,1,1,0,20,15,0,0,16,7,0,8,0
2005,200394,1,1,21,0,0,0,0,0,0,0,0,0
2005,200395,1,1,0,0,0,0,0,0,0,0,13,0
2005,200395,2,1,0,0,0,0,21,0,0,0,0,7
2005,200396,1,1,0,12,0,9,0,0,15,0,0,0
2005,210001,1,1,29,7,16,18,17,23,4,11,3,14
2005,210002,1,1,17,17,17,17,17,17,17,17,17,17
2005,210003,1,1,0,0,0,0,0,0,0,0,0,0
2005,210003,2,1,0,0,0,0,0,0,0,0,0,0
2005,210004,1,1,0,0,0,0,0,0,0,0,0,0
2005,210005,1,1,0,0,0,0,0,0,0,0,0,0
2005,210006,1,1,0,0,0,0,0,0,0,0,0,0
2005,210006,2,1,0,0,0,0,0,0,0,0,0,0
2005,210006,3,1,0,11,0,0,0,0,0,27,11,14
2005,210007,1,1,0,0,0,0,0,0,0,0,0,0
2005,210007,2,1,0,0,0,0,0,0,0,0,0,0
2005,210007,3,1,0,0,0,0,0,0,0,0,0,0
2005,210008,1,1,0,0,0,0,0,0,0,0,0,0
2005,210009,1,1,0,0,0,0,0,0,0,0,0,0
2005,210009,2,1,0,0,0,0,0,0,0,0,0,0
2005,210010,1,1,0,0,0,0,16,0,0,0,0,0
2005,210011,1,1,0,0,12,0,0,0,0,15,0,0
2005,210011,2,1,0,0,0,0,0,0,0,0,0,0
2005,210012,0,1,33,33,33,33,33,33,33,33,33,33
2005,210012,1,1,0,0,0,0,0,0,0,0,0,0
2005,210013,1,1,0,0,0,0,0,0,0,0,0,0
2005,210014,0,1,0,0,0,0,0,23,0,0,0,0
2005,210014,1,1,0,0,0,0,0,0,0,0,0,0
2005,210014,2,1,0,0,0,0,0,0,0,0,0,0
2005,210015,1,1,0,0,0,0,0,0,0,0,0,0
2005,210015,2,1,0,0,0,0,0,0,0,0,0,0
2005,210015,3,1,0,0,0,0,0,0,0,0,0,0
2005,210016,0,1,0,0,30,0,0,0,0,0,0,23
2005,210016,1,1,0,0,0,8,0,0,0,0,0,0
2005,210017,1,1,0,0,0,0,0,0,0,0,0,0
2005,210017,2,1,0,0,0,0,0,0,0,0,0,0
2005,210018,1,1,0,0,0,0,0,0,0,0,0,0
2005,210019,1,1,0,0,0,0,0,0,0,0,0,0
2005,210020,1,1,0,0,0,0,0,0,0,0,0,0
2005,210020,2,1,0,0,0,0,0,0,0,0,0,0
2005,210020,3,1,0,0,0,0,0,0,0,0,0,0
2005,210020,4,1,0,0,0,0,0,0,0,0,5,0
2005,210021,1,1,0,0,0,0,0,0,0,0,0,0
2005,210021,2,1,0,0,0,0,0,0,0,0,0,0
2005,210022,1,1,19,19,19,19,19,19,19,19,19,19
2005,210023,0,1,0,0,0,0,0,0,0,0,0,0
2005,210023,1,1,0,0,0,0,0,0,0,0,0,0
2005,210024,1,1,28,28,28,28,28,28,28,28,28,28
2005,210025,1,1,0,0,0,0,0,0,0,0,0,0
2005,210025,2,1,0,0,0,0,0,0,0,0,0,0
2005,210026,1,1,20,20,20,20,20,20,20,20,20,20
2005,210027,0,1,0,0,0,0,0,0,0,0,0,0
2005,210027,0,2,0,0,14,0,0,0,0,0,0,0
2005,210027,1,1,0,0,0,0,0,0,0,0,0,0
2005,210028,1,1,0,0,0,0,0,0,0,0,0,0
2005,210029,1,1,0,0,0,0,0,0,0,0,0,0
2005,210029,2,1,0,0,0,0,0,0,0,0,0,0
2005,210029,3,1,0,0,0,0,0,0,0,0,0,0
2005,210030,1,1,0,0,0,0,0,0,0,0,0,0
2005,210030,2,1,0,0,0,0,0,0,0,0,0,0
2005,210031,1,1,0,0,0,0,0,0,0,0,0,0
2005,210032,0,1,0,0,0,0,0,0,0,0,0,0
2005,210032,1,1,0,0,0,0,0,0,0,0,0,0
2005,210033,1,1,18,18,18,18,18,18,18,18,18,18
2005,210034,1,1,19,19,19,19,19,19,19,19,19,19
2005,210035,1,1,26,26,26,26,26,26,26,26,26,26
2005,210036,1,1,0,17,0,0,0,0,0,0,0,0
2005,210037,1,1,0,0,0,0,0,23,0,0,0,0
2005,210037,2,1,0,0,0,0,0,0,0,0,0,0
2005,210038,1,1,0,0,0,0,0,0,0,0,0,0
2005,210038,2,1,0,0,0,0,0,0,0,0,0,0
2005,210039,1,1,0,0,0,0,0,0,0,0,0,0
2005,210039,2,1,0,0,0,0,0,0,0,0,0,0
2005,210040,1,1,0,0,0,0,0,0,0,0,0,0
2005,210040,2,1,0,0,0,0,0,0,0,0,0,0
2005,210041,1,1,0,0,0,0,0,0,0,0,0,0
2005,210042,1,1,0,0,0,0,0,0,0,0,0,0
2005,210043,1,1,15,15,15,15,15,15,15,15,15,15
2005,210044,1,1,0,0,0,0,0,0,0,0,0,0
2005,210045,1,1,0,0,0,0,0,0,0,0,0,0
2005,210045,2,1,0,0,0,0,0,0,0,0,0,0
2005,210046,1,1,0,0,0,0,0,0,0,0,0,0
2005,210047,1,1,0,0,0,0,0,0,0,0,0,0
2005,210048,1,1,0,0,0,0,0,0,0,0,0,0
2005,210049,0,1,0,0,0,0,0,0,0,0,0,0
2005,210049,1,1,0,0,0,0,0,0,0,0,0,0
2005,210050,1,1,0,0,0,0,0,17,0,0,0,0
2005,210050,2,1,0,0,0,0,0,0,0,0,0,0
2005,210051,1,1,0,0,0,0,0,0,0,0,0,0
2005,210052,1,1,0,0,0,0,0,0,0,0,0,0
2005,210052,2,1,0,0,0,0,0,12,5,0,0,0
2005,210053,1,1,13,13,13,13,13,13,13,13,13,13
2005,210053,2,1,0,0,0,0,0,0,0,0,0,0
2005,210054,1,1,0,0,0,0,0,0,0,0,0,0
2005,210055,1,1,0,0,0,0,0,0,0,0,0,0
2005,210055,2,1,0,0,0,0,0,0,0,0,0,0
2005,210056,1,1,0,0,0,0,0,0,0,0,0,0
2005,210057,0,1,10,10,10,10,10,10,10,10,10,10
2005,210057,1,1,0,0,0,0,0,0,0,0,0,0
2005,210058,1,1,0,0,0,0,0,0,0,0,0,0
2005,210059,1,1,11,11,11,11,11,11,11,11,11,11
2005,210059,2,1,0,0,0,0,0,0,0,0,0,0
2005,210060,0,1,21,13,14,0,11,0,29,26,18,9
2005,210060,1,1,11,0,0,0,7,0,0,0,2,0
2005,210061,1,1,0,0,0,0,0,0,0,0,0,0
2005,210061,2,1,0,0,0,0,0,0,0,0,0,0
2005,210062,1,1,0,0,0,0,0,0,0,0,0,0
2005,210062,2,1,0,0,0,0,0,0,0,0,0,0
2005,210063,1,1,0,0,0,0,0,0,0,0,0,0
2005,210064,1,1,0,0,0,0,0,0,0,0,21,16
2005,210065,0,1,0,3,0,0,0,0,0,0,0,5
2005,210065,1,1,0,0,0,0,0,0,0,0,0,0
2005,210066,1,1,0,0,0,0,0,0,0,0,0,0
2005,210067,1,1,0,0,0,0,0,0,0,0,0,0
2005,210067,2,1,0,0,0,0,0,0,0,0,0,0
2005,210068,1,1,18,18,18,18,18,18,18,18,18,18
2005,210069,1,1,21,21,21,21,21,21,21,21,21,21
2005,210070,1,1,0,0,0,0,0,0,0,0,0,0
2005,210071,1,1,0,0,0,0,0,0,0,0,0,0
2005,210072,1,1,0,0,0,0,0,0,0,0,0,0
2005,210072,2,1,0,0,0,0,0,0,0,0,0,0
2005,210073,0,1,0,0,0,0,0,0,0,0,0,0
2005,210073,1,1,0,0,0,0,0,0,0,0,0,0
2005,210074,1,1,10,10,10,10,10,10,10,10,10,10
2005,210075,1,1,0,0,0,0,0,0,0,0,0,0
2005,210075,2,1,0,0,0,0,0,0,0,0,0,0
2005,210076,1,1,0,0,0,0,0,0,0,0,0,0
2005,210077,1,1,0,0,0,0,0,0,0,0,0,0
2005,210077,2,1,0,0,0,0,0,0,0,0,0,0