YEAR,ST_CASE,veh_no,per_no,P1,P2,P3,P4,P5,P6,P7,P8,P9,P10
2005,210078,0,1,18,0,0,0,0,0,0,42,0,0
2005,210078,1,1,0,0,0,0,0,0,0,0,0,0
2005,210078,2,1,0,0,0,0,0,0,0,0,0,0
2005,210079,1,1,0,0,0,0,0,0,0,0,0,0
2005,210080,1,1,0,0,0,0,0,0,0,0,0,0
2005,210080,2,1,0,0,0,0,0,0,0,0,0,0
2005,210081,1,1,0,0,0,0,0,0,0,0,0,0
2005,210081,2,1,0,0,0,0,0,0,0,0,0,0
2005,210081,3,1,0,0,0,0,0,0,0,0,0,0
2005,210081,4,1,0,0,0,0,0,0,0,0,0,0
2005,210082,1,1,0,0,0,0,0,0,0,0,0,0
2005,210082,2,1,0,0,0,0,0,0,0,0,0,0
2005,210082,3,1,0,0,0,0,0,0,0,0,0,0
2005,210083,1,1,0,0,0,0,0,0,0,0,0,0
2005,210083,2,1,0,0,0,0,0,0,0,0,0,0
2005,210084,1,1,0,0,0,0,0,0,0,0,0,0
2005,210084,2,1,0,0,0,0,0,0,0,0,0,0
2005,210085,1,1,17,17,17,17,17,17,17,17,17,17
2005,210086,1,1,0,0,0,0,0,0,0,0,0,0
2005,210087,1,1,0,0,0,0,0,0,0,0,0,0
2005,210087,2,1,0,0,0,0,0,0,0,0,0,0
2005,210088,1,1,0,0,0,0,0,0,0,0,0,0
2005,210089,1,1,0,0,0,0,0,0,0,0,0,0
2005,210089,2,1,0,0,0,0,0,0,0,0,0,0
2005,210090,1,1,0,0,0,0,0,0,0,0,0,0
2005,210090,2,1,0,0,0,0,0,0,0,0,0,0
2005,210091,1,1,0,0,0,0,0,0,0,0,0,0
2005,210091,2,1,0,0,0,0,0,0,0,0,0,0
2005,210092,1,1,1,1,1,1,1,1,1,1,1,1
2005,210092,2,1,0,0,0,0,0,0,0,0,0,0
2005,210093,1,1,0,0,0,0,0,0,0,0,0,0
2005,210093,2,1,0,0,0,0,0,0,0,0,0,0
2005,210093,3,1,0,0,0,0,0,0,0,0,0,0
2005,210093,4,1,0,0,0,0,0,0,0,0,0,0
2005,210094,1,1,0,0,0,0,0,0,0,0,0,0
2005,210094,2,1,0,0,0,0,0,0,0,0,0,0
2005,210095,1,1,18,18,18,18,18,18,18,18,18,18
2005,210095,2,1,0,0,0,0,0,8,0,0,0,0
2005,210096,1,1,19,19,19,19,19,19,19,19,19,19
2005,210097,1,1,15,15,15,15,15,15,15,15,15,15
2005,210098,1,1,0,0,0,0,0,19,0,0,0,0
2005,210099,1,1,17,17,17,17,17,17,17,17,17,17
2005,210100,1,1,0,0,0,0,0,0,0,0,0,0
2005,210101,1,1,0,0,0,0,0,0,0,0,0,0
2005,210101,2,1,0,0,0,0,0,0,0,0,0,0
2005,210102,1,1,0,0,0,0,0,0,0,0,0,0
2005,210102,2,1,0,0,0,0,0,0,0,0,0,0
2005,210103,1,1,12,12,12,12,12,12,12,12,12,12
2005,210104,1,1,11,11,11,11,11,11,11,11,11,11
2005,210105,1,1,20,20,20,20,20,20,20,20,20,20
2005,210106,1,1,0,0,0,0,0,0,0,0,0,0
2005,210107,1,1,0,0,0,0,0,0,0,0,0,0
2005,210107,2,1,0,0,0,0,0,0,0,0,0,0
2005,210108,1,1,0,0,0,0,0,0,0,0,0,0
2005,210108,2,1,22,0,0,0,0,0,5,0,0,0
2005,210109,1,1,14,14,14,14,14,14,14,14,14,14
2005,210109,2,1,0,0,0,0,0,0,0,0,0,0
2005,210109,3,1,0,0,0,0,0,0,0,0,0,0
2005,210110,1,1,0,0,0,0,0,0,0,0,0,0
2005,210110,2,1,0,0,0,0,0,0,0,0,0,0
2005,210111,1,1,0,0,0,0,0,0,0,0,0,0
2005,210111,2,1,0,0,0,0,0,0,0,0,0,0
2005,210112,1,1,0,0,0,0,0,0,0,0,0,0
2005,210113,1,1,0,10,0,0,19,0,0,0,0,0
2005,210114,1,1,27,27,27,27,27,27,27,27,27,27
2005,210115,1,1,0,0,0,0,0,0,0,0,0,0
2005,210115,2,1,0,0,0,0,0,0,0,0,0,0
2005,210116,1,1,19,0,0,0,0,18,0,0,0,0
2005,210117,1,1,0,0,0,0,0,0,0,0,0,0
2005,210117,2,1,0,0,0,0,0,0,0,0,0,0
2005,210118,1,1,0,0,14,0,0,0,0,0,16,0
2005,210118,2,1,0,0,0,0,0,0,0,0,0,0
2005,210119,1,1,0,0,0,0,0,0,0,0,0,14
2005,210119,2,1,0,0,0,0,0,0,0,0,0,0
2005,210120,1,1,0,0,0,0,0,0,0,0,0,0
2005,210120,2,1,0,0,0,0,0,0,0,0,0,0
2005,210121,1,1,0,0,0,0,0,0,0,0,0,0
2005,210121,2,1,0,0,0,0,0,0,0,0,0,0
2005,210122,0,1,15,0,0,0,0,0,0,0,0,0
2005,210122,1,1,0,0,0,0,0,0,0,0,0,0
2005,210123,1,1,0,0,0,0,0,0,0,0,0,0
2005,210124,1,1,13,14,27,17,25,20,27,19,18,26
2005,210125,1,1,0,0,0,0,0,0,0,0,0,0
2005,210125,2,1,0,0,0,0,0,0,0,0,0,0
2005,210126,1,1,0,0,0,0,0,0,0,0,0,0
2005,210126,2,1,0,0,0,0,0,0,0,0,0,0
2005,210127,0,1,0,0,0,0,0,0,0,0,0,0
2005,210127,1,1,0,27,28,0,0,0,0,0,0,22
2005,210128,1,1,19,19,19,19,19,19,19,19,19,19
2005,210129,1,1,0,0,0,0,0,0,0,0,0,0
2005,210129,2,1,0,0,0,0,0,0,0,0,0,0
2005,210130,1,1,0,0,0,0,0,0,0,0,0,0
2005,210130,2,1,0,0,0,0,0,0,0,0,0,0
2005,210131,1,1,20,16,21,28,21,19,18,17,17,37
2005,210132,1,1,19,19,19,19,19,19,19,19,19,19
2005,210132,2,1,0,0,0,0,0,0,0,0,0,0
2005,210133,1,1,0,0,0,0,0,0,0,0,0,0
2005,210133,2,1,0,0,0,0,0,0,0,0,0,0
2005,210134,1,1,0,0,0,0,0,0,0,0,0,0
2005,210135,1,1,0,0,0,0,0,0,0,0,0,0
2005,210135,2,1,0,0,0,0,5,0,0,0,0,0
2005,210136,1,1,0,0,0,0,0,0,0,0,0,0
2005,210136,2,1,0,0,0,0,21,0,0,0,0,0
2005,210137,1,1,0,0,0,0,0,0,0,0,0,0
2005,210138,1,1,0,0,0,0,0,0,0,0,0,0
2005,210138,2,1,0,0,0,0,0,0,0,0,0,0
2005,210139,1,1,0,0,0,0,0,0,0,0,0,0
2005,210140,1,1,14,0,0,0,0,0,0,0,0,0
2005,210140,2,1,0,0,0,0,16,0,0,0,0,0
2005,210141,1,1,0,0,0,0,0,0,0,0,0,0
2005,210141,2,1,0,0,0,0,0,0,0,0,0,0
2005,210142,1,1,16,16,16,16,16,16,16,16,16,16
2005,210143,1,1,0,0,0,0,0,0,0,0,0,0
2005,210144,1,1,25,25,25,25,25,25,25,25,25,25
2005,210145,1,1,0,0,0,0,0,0,0,0,0,0
2005,210145,2,1,0,0,0,0,0,0,0,0,0,0
2005,210146,1,1,13,13,13,13,13,13,13,13,13,13
2005,210147,1,1,29,29,29,29,29,29,29,29,29,29
2005,210148,1,1,0,0,0,0,0,0,0,0,0,0
2005,210148,2,1,0,0,0,0,0,0,0,0,0,0
2005,210149,1,1,12,12,12,12,12,12,12,12,12,12
2005,210150,1,1,0,0,0,0,0,0,0,0,0,0
2005,210151,1,1,0,0,0,0,0,0,0,0,0,0
2005,210152,1,1,0,0,0,0,0,0,0,0,0,0
2005,210152,2,1,0,0,0,0,0,0,0,0,0,0
2005,210152,3,1,0,0,0,0,0,0,0,0,0,0
2005,210153,1,1,0,0,0,0,0,0,0,0,0,0
2005,210153,2,1,0,0,0,0,0,0,0,0,0,0
2005,210154,1,1,23,23,23,23,23,23,23,23,23,23
2005,210155,1,1,0,0,0,0,0,0,0,0,0,0
2005,210156,1,1,13,16,0,0,8,0,0,23,21,8
2005,210157,1,1,0,0,0,11,0,0,0,6,0,0
2005,210158,1,1,0,0,0,0,0,0,0,0,0,0
2005,210158,2,1,0,0,0,0,0,0,0,0,0,0
2005,210159,1,1,19,19,19,19,19,19,19,19,19,19
2005,210160,0,1,0,0,0,0,0,0,0,0,0,0
2005,210160,1,1,0,0,0,0,0,0,0,0,0,0
2005,210161,1,1,0,0,0,0,0,0,0,0,0,0
2005,210162,1,1,0,0,0,0,0,0,0,0,0,0
2005,210163,1,1,0,0,0,0,0,0,0,0,0,0
2005,210163,2,1,0,0,0,0,0,0,0,0,0,0
2005,210164,1,1,0,0,0,0,0,0,0,0,0,0
2005,210164,2,1,0,0,0,0,0,0,0,0,0,0
2005,210165,1,1,17,17,17,17,17,17,17,17,17,17
2005,210166,1,1,0,0,0,0,0,0,0,0,0,0
2005,210167,0,1,0,0,0,14,0,29,0,0,32,0
2005,210167,1,1,0,0,0,0,0,0,0,0,0,0
2005,210168,1,1,0,0,0,0,0,0,0,0,0,0
2005,210168,2,1,0,0,0,0,0,0,0,0,0,0
2005,210169,1,1,0,0,0,0,0,0,0,0,0,0
2005,210169,2,1,0,0,0,0,0,0,0,0,0,0
2005,210170,1,1,0,0,0,0,0,0,0,0,0,0
2005,210170,2,1,0,0,0,0,0,0,11,0,0,0
2005,210171,1,1,22,22,22,22,22,22,22,22,22,22
2005,210172,1,1,0,0,0,0,0,0,0,0,0,0
2005,210172,2,1,0,0,0,0,0,0,0,0,0,0
2005,210173,1,1,31,31,31,31,31,31,31,31,31,31
2005,210174,1,1,0,0,0,0,0,0,0,0,0,0
2005,210174,2,1,0,0,0,0,0,0,0,0,0,0
2005,210175,1,1,0,0,0,0,0,0,0,0,0,0
2005,210175,2,1,0,0,0,0,0,0,0,0,0,0
2005,210176,1,1,0,0,0,0,0,0,0,0,0,0
2005,210176,2,1,0,0,0,0,0,0,0,0,0,0
2005,210177,1,1,22,22,22,22,22,22,22,22,22,22
2005,210177,2,1,0,0,0,0,0,0,0,0,14,0
2005,210178,1,1,0,0,0,0,0,0,0,0,0,0
2005,210179,1,1,0,0,0,0,0,0,0,0,0,0
2005,210179,2,1,0,0,0,0,0,0,0,0,0,0
2005,210180,1,1,23,23,23,23,23,23,23,23,23,23
2005,210181,1,1,0,0,0,0,0,0,0,0,0,0
2005,210182,1,1,0,0,0,0,0,0,0,0,0,0
2005,210182,2,1,0,0,0,0,0,0,0,0,0,0
2005,210183,1,1,16,16,16,16,16,16,16,16,16,16
2005,210184,1,1,24,24,24,24,24,24,24,24,24,24
2005,210184,2,1,0,0,0,0,0,0,0,0,0,0
2005,210184,3,1,0,0,0,0,0,0,0,0,0,0
2005,210185,1,1,0,0,0,0,0,0,0,0,0,0
2005,210186,1,1,7,7,7,7,7,7,7,7,7,7
2005,210187,1,1,0,0,16,0,31,0,0,22,0,0
2005,210188,1,1,0,0,0,0,0,0,0,0,0,0
2005,210189,1,1,0,0,0,0,0,0,0,0,0,0
2005,210190,1,1,28,28,28,28,28,28,28,28,28,28
2005,210191,1,1,0,0,0,0,0,0,0,0,0,0
2005,210192,1,1,0,0,0,0,0,0,0,0,0,0
2005,210192,2,1,0,0,0,0,0,0,0,0,0,0
2005,210192,3,1,0,0,0,0,0,0,0,0,0,0
2005,210192,4,1,0,0,0,0,0,0,0,0,0,0
2005,210192,5,1,0,0,0,0,0,0,0,0,0,0
2005,210193,1,1,0,0,0,0,0,0,0,0,0,0
2005,210193,2,1,0,0,0,0,0,0,0,0,0,0
2005,210194,1,1,12,12,12,12,12,12,12,12,12,12
2005,210195,1,1,25,25,25,25,25,25,25,25,25,25
2005,210196,1,1,0,0,0,0,0,0,0,0,0,0
2005,210196,2,1,0,0,0,0,0,0,0,0,0,0
2005,210197,1,1,0,0,0,0,0,0,0,0,0,0
2005,210198,1,1,25,25,25,25,25,25,25,25,25,25
2005,210199,1,1,17,17,17,17,17,17,17,17,17,17
2005,210200,1,1,0,0,0,0,0,0,0,0,23,0
2005,210201,1,1,0,0,0,0,0,0,0,0,0,0
2005,210201,2,1,0,0,0,0,0,0,0,0,0,0
2005,210201,3,1,0,0,0,0,0,0,0,0,0,0
2005,210202,1,1,0,0,0,0,0,0,0,0,0,0
2005,210202,2,1,0,0,0,0,0,0,0,0,0,0
2005,210202,3,1,0,0,0,0,0,0,0,0,0,0
2005,210203,0,1,0,0,0,0,0,0,0,0,0,0
2005,210203,1,1,0,0,0,0,0,8,0,0,0,0
2005,210204,1,1,16,16,16,16,16,16,16,16,16,16
2005,210205,1,1,0,0,0,0,0,0,0,0,0,0
2005,210205,2,1,0,0,0,0,0,0,0,0,0,0
2005,210206,1,1,0,0,7,0,0,0,0,0,0,0
2005,210207,1,1,0,0,0,0,0,0,0,0,0,0
2005,210207,2,1,0,0,0,0,0,0,0,0,0,0
2005,210208,1,1,0,0,0,0,0,0,0,0,0,0
2005,210208,2,1,0,0,0,0,0,0,0,0,0,0
2005,210209,1,1,0,0,0,0,0,0,0,0,0,0
2005,210209,2,1,0,0,0,0,0,0,0,0,0,0
2005,210210,1,1,19,19,19,19,19,19,19,19,19,19
2005,210211,1,1,0,0,0,0,0,0,0,0,26,0
2005,210212,1,1,0,0,0,0,0,0,0,0,0,0
2005,210212,2,1,0,0,0,0,10,0,0,0,0,0
2005,210213,1,1,0,0,0,0,0,0,0,0,0,0
2005,210213,2,1,0,0,0,0,0,0,0,0,0,0
2005,210213,3,1,0,0,0,0,0,0,0,0,0,0
2005,210213,4,1,0,0,0,0,0,0,0,0,0,0
2005,210214,0,1,13,25,0,0,21,0,27,20,0,23
2005,210214,1,1,0,0,0,0,0,0,0,0,0,0
2005,210215,1,1,0,0,0,0,0,0,0,0,0,0
2005,210215,2,1,0,0,0,0,0,0,0,0,0,0
2005,210215,3,1,0,0,0,0,0,0,0,0,0,0
2005,210216,1,1,0,0,0,0,0,0,0,0,0,0
2005,210217,1,1,0,5,0,12,0,0,0,0,21,13
2005,210218,1,1,0,0,0,0,0,0,0,0,0,0
2005,210219,1,1,0,0,0,0,0,0,0,0,0,0
2005,210219,2,1,0,0,0,0,0,0,0,0,5,0
2005,210220,1,1,0,0,0,0,0,0,0,0,0,0
2005,210221,1,1,0,0,0,12,0,0,0,0,0,0
2005,210222,1,1,0,0,0,0,0,0,0,0,0,0
2005,210222,2,1,0,0,0,0,0,0,0,0,0,0
2005,210223,1,1,0,0,0,0,0,0,0,0,0,0
2005,210223,2,1,0,0,0,0,0,0,0,0,0,0
2005,210224,0,1,0,10,4,0,20,0,18,30,24,9
2005,210224,1,1,0,0,0,0,0,0,0,0,0,21
2005,210225,1,1,0,0,0,0,0,0,0,0,9,0
2005,210225,2,1,0,0,0,0,0,0,0,0,0,0
2005,210226,1,1,0,0,0,0,0,0,0,0,0,0
2005,210227,1,1,0,0,0,0,0,0,0,0,0,0
2005,210227,2,1,0,0,0,0,0,0,0,0,0,0
2005,210227,3,1,0,0,0,0,0,0,0,0,0,0
2005,210227,4,1,0,0,0,0,0,0,0,0,0,0
2005,210228,1,1,0,0,0,0,0,0,0,0,0,0
2005,210229,1,1,0,0,0,0,0,0,0,0,0,0
2005,210229,2,1,0,0,0,0,0,0,0,0,0,0
2005,210230,1,1,16,16,16,16,16,16,16,16,16,16
2005,210231,1,1,4,4,4,4,4,4,4,4,4,4
2005,210231,2,1,0,0,0,0,0,0,0,0,0,0
2005,210232,1,1,0,0,0,0,0,0,15,0,0,0
2005,210232,2,1,0,0,0,0,0,0,0,0,0,0
2005,210233,1,1,13,0,0,16,18,0,0,7,0,0
2005,210234,1,1,0,0,31,0,13,0,0,0,6,23
2005,210234,2,1,0,0,0,0,0,0,0,0,0,0
2005,210235,1,1,13,13,13,13,13,13,13,13,13,13
2005,210235,2,1,0,0,0,0,0,0,0,0,0,0
2005,210236,1,1,0,0,0,0,0,0,0,0,0,0
2005,210237,1,1,0,0,0,0,0,0,0,0,0,0
2005,210238,1,1,0,0,0,0,8,0,0,0,0,0
2005,210238,2,1,0,0,0,0,0,0,0,0,0,0
2005,210239,1,1,0,0,0,0,0,0,0,0,0,0
2005,210239,2,1,0,0,0,0,0,0,0,0,0,0
2005,210240,1,1,0,0,0,0,0,0,0,0,0,0
2005,210241,1,1,0,0,0,0,0,0,0,0,0,0
2005,210242,1,1,0,0,0,0,0,0,0,0,0,0
2005,210242,2,1,0,0,0,0,0,0,0,0,0,0
2005,210243,1,1,17,17,17,17,17,17,17,17,17,17
2005,210244,1,1,12,0,0,0,0,0,0,0,0,0
2005,210244,2,1,0,0,0,0,0,0,0,0,0,0
2005,210245,1,1,6,6,6,6,6,6,6,6,6,6
2005,210246,1,1,0,0,0,0,0,0,0,0,0,0
2005,210247,1,1,0,0,0,0,0,0,0,0,0,0
2005,210248,1,1,22,22,22,22,22,22,22,22,22,22
2005,210248,2,1,0,0,0,0,0,0,0,0,0,0
2005,210249,1,1,14,0,0,0,0,16,0,0,0,0
2005,210250,1,1,14,14,14,14,14,14,14,14,14,14
2005,210251,1,1,25,25,25,25,25,25,25,25,25,25
2005,210252,1,1,18,18,18,18,18,18,18,18,18,18
2005,210252,2,1,0,0,0,0,0,0,0,0,0,0
2005,210253,1,1,0,0,0,0,0,0,0,0,0,0
2005,210253,2,1,0,0,0,0,0,0,0,0,0,0
2005,210254,1,1,0,0,0,6,0,0,0,0,8,0
2005,210254,2,1,0,0,0,0,0,0,0,0,0,0
2005,210255,1,1,26,26,26,26,26,26,26,26,26,26
2005,210256,0,1,0,0,0,0,0,0,0,0,0,0
2005,210256,1,1,0,0,0,0,0,0,0,0,0,0
2005,210257,1,1,0,0,9,0,0,0,0,4,0,0
2005,210257,2,1,0,0,0,0,0,0,0,0,0,0
2005,210258,1,1,0,0,0,0,0,0,0,0,0,0
2005,210259,1,1,25,25,25,25,25,25,25,25,25,25
2005,210260,1,1,0,0,0,0,0,0,0,0,0,0
2005,210260,2,1,0,0,0,0,0,0,0,0,0,0
2005,210260,3,1,0,0,0,0,0,0,0,0,0,0
2005,210261,1,1,0,0,0,0,0,0,0,0,0,0
2005,210261,2,1,0,0,0,0,0,0,0,0,0,0
2005,210262,1,1,0,0,0,0,0,0,0,0,0,0
2005,210263,1,1,0,3,10,0,24,0,0,6,0,13
2005,210263,2,1,14,0,0,0,21,0,0,0,0,0
2005,210264,1,1,0,0,0,0,0,0,0,0,0,0
2005,210264,2,1,0,0,0,0,0,0,0,0,0,0
2005,210265,1,1,0,0,0,0,0,0,0,0,0,0
2005,210265,2,1,0,0,0,0,0,0,0,0,0,0
2005,210266,1,1,0,0,0,0,0,9,0,0,0,0
2005,210266,2,1,0,0,0,0,0,0,0,0,0,0
2005,210267,1,1,22,22,22,22,22,22,22,22,22,22
2005,210267,2,1,0,0,0,0,0,0,0,0,0,0
2005,210268,1,1,0,8,10,15,0,27,11,0,20,17
2005,210269,1,1,0,0,0,0,0,0,0,0,0,0
2005,210269,2,1,0,0,0,0,0,0,0,0,0,0
2005,210270,0,1,0,0,0,0,0,0,0,0,0,0
2005,210270,1,1,0,0,0,0,0,0,0,0,0,0
2005,210271,1,1,0,9,18,0,25,0,6,38,25,10
2005,210272,1,1,0,0,0,0,0,0,0,0,0,0
2005,210272,2,1,0,0,0,0,0,0,0,0,0,0
2005,210273,1,1,8,8,8,8,8,8,8,8,8,8
2005,210273,2,1,0,0,0,0,0,0,0,0,0,0
2005,210274,1,1,0,0,0,0,0,0,0,0,0,0
2005,210274,2,1,0,0,0,0,0,0,0,0,0,0
2005,210275,1,1,0,0,0,0,0,0,0,0,0,0
2005,210275,2,1,0,0,0,0,0,0,0,0,0,0
2005,210276,1,1,10,10,10,10,10,10,10,10,10,10
2005,210277,1,1,24,24,24,24,24,24,24,24,24,24
2005,210278,1,1,0,0,0,0,0,0,0,0,0,0
2005,210279,1,1,0,0,0,0,0,0,0,0,0,0
2005,210279,2,1,0,0,0,0,0,0,0,0,0,0
2005,210280,1,1,0,0,0,0,0,0,0,0,0,0
2005,210281,1,1,0,0,0,0,0,0,0,0,0,0
2005,210281,2,1,0,0,0,0,0,0,0,0,0,0
2005,210282,1,1,0,0,0,0,0,0,0,0,0,0
2005,210282,2,1,0,0,0,0,0,0,0,0,0,0
2005,210283,1,1,0,0,0,0,0,0,0,0,0,0
2005,210283,2,1,0,0,0,4,0,0,0,0,0,0
2005,210284,1,1,24,24,24,24,24,24,24,24,24,24
2005,210285,1,1,0,0,0,0,0,0,0,0,0,0
2005,210285,2,1,0,0,0,0,0,0,0,0,0,0
2005,210286,1,1,7,5,10,7,8,17,0,3,11,12
2005,210286,2,1,0,0,0,0,0,0,0,0,0,0
2005,210287,0,1,0,0,0,0,0,0,0,0,0,0
2005,210287,1,1,0,0,0,0,0,0,0,0,0,0
2005,210288,1,1,0,0,0,0,0,0,0,0,0,0
2005,210288,2,1,0,0,0,0,0,0,0,0,0,0
2005,210289,0,1,26,26,26,26,26,26,26,26,26,26
2005,210289,1,1,0,0,0,0,0,0,0,0,0,0
2005,210290,1,1,0,0,0,0,0,0,0,0,0,0
2005,210291,1,1,14,28,15,10,25,24,22,29,27,21
2005,210292,1,1,0,0,0,19,0,0,0,0,0,0
2005,210292,2,1,0,0,0,0,0,0,0,0,0,0
2005,210293,1,1,0,0,0,0,0,0,0,0,0,0
2005,210294,1,1,0,0,0,0,0,0,0,0,0,0
2005,210294,2,1,0,0,0,0,0,0,0,0,0,0
2005,210295,1,1,0,0,0,0,0,0,0,0,22,0
2005,210296,1,1,1,1,1,1,1,1,1,1,1,1
2005,210297,1,1,13,13,13,13,13,13,13,13,13,13
2005,210297,2,1,0,0,0,0,0,0,0,0,0,0
2005,210298,1,1,8,8,8,8,8,8,8,8,8,8
2005,210299,1,1,20,40,16,32,32,15,28,7,14,31
2005,210300,1,1,4,4,4,4,4,4,4,4,4,4
2005,210301,1,1,0,0,0,0,0,0,0,0,10,0
2005,210301,2,1,0,0,0,0,0,0,0,0,0,0
2005,210301,3,1,0,0,0,0,0,0,0,0,0,0
2005,210301,4,1,0,0,0,0,0,0,0,0,0,0
2005,210301,5,1,0,0,0,0,0,0,0,0,0,0
2005,210302,1,1,18,18,18,18,18,18,18,18,18,18
2005,210302,2,1,6,6,6,6,6,6,6,6,6,6
2005,210303,1,1,0,0,0,0,0,0,0,0,0,0
2005,210304,1,1,0,0,0,0,0,0,0,0,0,0
2005,210304,2,1,0,0,0,0,0,14,0,0,0,13
2005,210305,1,1,2,2,2,2,2,2,2,2,2,2
2005,210305,2,1,0,0,0,0,0,0,0,0,0,0
2005,210306,1,1,0,0,0,0,0,0,0,0,0,0
2005,210306,2,1,0,0,0,10,0,0,0,0,0,0
2005,210307,1,1,0,0,0,0,0,9,0,23,0,0
2005,210308,1,1,12,12,12,12,12,12,12,12,12,12
2005,210308,2,1,0,0,0,0,0,0,0,0,0,0
2005,210309,1,1,6,6,6,6,6,6,6,6,6,6
2005,210310,1,1,0,0,0,0,0,0,0,0,0,0
2005,210311,1,1,18,18,18,18,18,18,18,18,18,18
2005,210312,0,1,0,0,0,0,0,0,0,0,0,0
2005,210312,1,1,17,14,16,21,27,13,11,23,19,13
2005,210313,1,1,18,18,18,18,18,18,18,18,18,18
2005,210313,2,1,6,8,16,9,13,4,11,14,18,6
2005,210314,0,1,0,0,0,0,0,0,0,0,0,0
2005,210314,1,1,0,0,0,0,0,0,0,0,0,0
2005,210315,1,1,24,0,0,0,0,12,0,0,0,0
2005,210316,1,1,0,0,0,0,0,0,0,0,0,0
2005,210317,1,1,0,0,0,0,0,0,0,0,0,0
2005,210317,2,1,0,0,0,0,0,0,0,0,0,0
2005,210318,1,1,19,21,19,10,0,17,26,13,20,10
2005,210319,1,1,12,12,12,12,12,12,12,12,12,12
2005,210319,2,1,0,0,0,0,0,0,0,0,0,0
2005,210320,1,1,0,0,0,0,0,0,0,0,0,0
2005,210320,2,1,0,0,0,0,0,0,0,0,0,0
2005,210321,1,1,0,0,0,0,0,0,0,0,0,0
2005,210321,2,1,0,0,0,0,0,0,0,0,0,0
2005,210322,1,1,0,0,0,0,0,0,0,0,0,3
2005,210323,1,1,24,24,24,24,24,24,24,24,24,24
2005,210324,0,1,21,24,35,0,0,31,37,28,17,28
2005,210324,1,1,4,0,0,0,0,0,0,0,0,16
2005,210325,0,1,0,0,0,0,0,0,0,0,0,0
2005,210325,1,1,0,0,0,0,0,0,0,0,0,0
2005,210326,1,1,16,16,16,16,16,16,16,16,16,16
2005,210327,1,1,0,0,0,0,0,0,0,0,0,0
2005,210328,1,1,0,0,0,0,0,0,0,0,0,0
2005,210329,1,1,0,0,0,0,0,0,0,0,0,0
2005,210330,1,1,24,24,24,24,24,24,24,24,24,24
2005,210331,1,1,21,21,21,21,21,21,21,21,21,21
2005,210332,1,1,0,0,0,0,0,0,0,0,0,0
2005,210333,1,1,0,0,0,0,0,0,0,0,0,0
2005,210334,0,1,16,16,16,16,16,16,16,16,16,16
2005,210334,1,1,0,0,0,0,0,0,0,0,0,0
2005,210335,1,1,20,20,20,20,20,20,20,20,20,20
2005,210336,0,1,29,29,29,29,29,29,29,29,29,29
2005,210336,1,1,3,3,3,3,3,3,3,3,3,3
2005,210337,1,1,0,0,0,0,0,0,0,0,0,0
2005,210338,1,1,0,0,0,0,14,0,0,0,0,0
2005,210338,2,1,0,0,0,0,0,0,0,0,0,0
2005,210339,1,1,21,21,21,21,21,21,21,21,21,21
2005,210339,2,1,0,0,0,0,0,0,0,0,0,0
2005,210340,1,1,0,0,0,0,0,25,0,0,0,0
2005,210341,1,1,0,0,0,0,0,0,0,0,0,0
2005,210342,1,1,17,17,17,17,17,17,17,17,17,17
2005,210343,1,1,0,13,17,28,14,17,6,22,8,0
2005,210344,1,1,0,0,0,0,0,0,0,0,0,0
2005,210344,2,1,0,0,0,0,0,0,0,0,0,0
2005,210345,1,1,0,0,0,0,0,0,0,0,0,0
2005,210345,2,1,0,0,0,0,0,14,0,0,0,0
2005,210345,3,1,0,0,0,0,0,0,0,0,17,0
2005,210346,1,1,0,0,0,0,0,0,0,0,0,0
2005,210347,1,1,0,0,0,0,0,0,0,0,0,0
2005,210347,2,1,0,0,0,0,0,0,0,0,0,0
2005,210347,3,1,0,0,0,0,0,0,0,0,0,0
2005,210348,0,1,0,0,0,0,0,0,14,0,15,0
2005,210348,1,1,0,0,0,0,0,0,0,0,0,0
2005,210348,2,1,0,0,0,0,0,0,0,0,6,0
2005,210349,1,1,18,26,0,6,0,22,0,0,0,0
2005,210350,0,1,0,0,0,0,0,0,0,0,0,0
2005,210350,1,1,0,0,0,0,0,0,0,0,0,0
2005,210351,1,1,0,0,0,0,0,0,0,0,0,0
2005,210351,2,1,0,0,0,0,0,0,0,7,0,0
2005,210352,1,1,25,25,25,25,25,25,25,25,25,25
2005,210352,2,1,0,0,0,0,0,0,0,0,0,0
2005,210353,1,1,0,0,0,0,0,0,0,0,0,0
2005,210354,1,1,0,0,0,0,0,0,0,0,0,0
2005,210355,0,1,0,0,0,10,0,0,0,17,0,0
2005,210355,1,1,0,0,11,0,0,0,0,0,0,0
2005,210356,1,1,7,7,7,7,7,7,7,7,7,7
2005,210357,1,1,30,30,30,30,30,30,30,30,30,30
2005,210358,1,1,0,0,0,0,0,0,0,0,0,0
2005,210359,1,1,4,4,4,4,4,4,4,4,4,4
2005,210360,1,1,0,0,0,0,0,0,0,0,0,0
2005,210361,1,1,0,0,0,0,0,0,0,0,0,0
2005,210362,1,1,9,9,9,9,9,9,9,9,9,9
2005,210363,1,1,9,9,9,9,9,9,9,9,9,9
2005,210364,1,1,0,0,0,0,0,0,0,0,0,0
2005,210364,2,1,0,0,0,0,0,0,0,0,0,0
2005,210365,1,1,19,5,14,29,0,17,12,14,21,28
2005,210366,1,1,0,0,0,0,0,0,0,0,0,0
2005,210366,2,1,0,0,0,0,0,0,0,0,0,0
2005,210367,1,1,0,0,0,0,0,0,0,0,0,0