YEAR,ST_CASE,veh_no,per_no,P1,P2,P3,P4,P5,P6,P7,P8,P9,P10
2005,210367,2,1,0,0,0,0,0,0,0,0,0,0
2005,210368,1,1,0,0,0,0,0,0,0,0,0,0
2005,210368,2,1,10,14,0,0,0,0,0,0,0,0
2005,210369,1,1,0,0,0,0,0,0,0,0,0,0
2005,210369,2,1,0,0,0,0,0,0,0,0,0,0
2005,210370,1,1,17,17,17,17,17,17,17,17,17,17
2005,210370,2,1,0,0,0,0,0,0,0,0,0,0
2005,210371,1,1,9,9,9,9,9,9,9,9,9,9
2005,210371,2,1,0,0,0,0,0,0,0,0,0,0
2005,210372,1,1,0,0,0,0,0,0,0,0,0,0
2005,210373,1,1,0,0,0,0,0,0,0,0,0,0
2005,210373,2,1,0,0,0,0,0,0,0,0,0,0
2005,210374,1,1,25,25,25,25,25,25,25,25,25,25
2005,210375,1,1,0,0,0,0,0,0,0,0,0,0
2005,210376,1,1,0,0,0,0,0,0,0,0,0,0
2005,210377,1,1,21,21,21,21,21,21,21,21,21,21
2005,210378,1,1,0,0,0,0,0,0,14,0,13,0
2005,210379,1,1,0,0,0,0,0,0,0,0,20,8
2005,210380,1,1,19,19,19,19,19,19,19,19,19,19
2005,210381,1,1,0,0,0,0,0,0,0,0,0,0
2005,210382,1,1,0,0,0,0,0,0,0,0,0,0
2005,210382,2,1,0,0,0,0,0,0,0,0,0,0
2005,210383,1,1,0,0,0,0,0,0,0,0,0,0
2005,210384,1,1,17,17,17,17,17,17,17,17,17,17
2005,210385,1,1,0,0,0,0,0,0,0,0,0,0
2005,210385,2,1,0,0,0,10,0,0,0,0,0,0
2005,210386,1,1,12,15,12,21,0,20,10,10,5,25
2005,210387,1,1,0,0,0,0,0,0,0,0,0,0
2005,210387,2,1,0,0,0,0,0,0,0,0,0,0
2005,210388,1,1,25,12,13,28,8,7,2,23,9,13
2005,210389,1,1,21,0,15,0,0,0,0,0,0,0
2005,210389,2,1,0,0,0,0,0,0,0,0,0,0
2005,210389,3,1,0,0,0,0,0,0,0,0,0,0
2005,210390,1,1,0,0,0,0,0,0,0,0,0,0
2005,210391,0,1,0,0,0,0,0,0,0,0,0,0
2005,210391,0,2,0,0,0,0,0,0,0,0,0,0
2005,210391,1,1,0,0,0,0,0,0,0,0,0,0
2005,210392,1,1,0,18,0,0,0,0,0,0,0,0
2005,210393,1,1,0,0,0,0,0,0,0,0,0,0
2005,210393,2,1,0,0,0,12,0,0,14,0,0,0
2005,210394,1,1,0,0,0,0,0,0,0,0,0,0
2005,210395,1,1,0,0,0,0,0,0,0,0,17,0
2005,210395,2,1,0,0,0,0,0,0,0,0,0,0
2005,210396,1,1,0,0,0,0,5,0,0,0,0,6
2005,210397,1,1,0,0,0,0,0,0,0,8,0,0
2005,210398,1,1,15,15,15,15,15,15,15,15,15,15
2005,210399,1,1,0,0,0,0,0,0,22,0,0,0
2005,210400,1,1,25,25,25,25,25,25,25,25,25,25
2005,210401,1,1,0,0,0,0,0,0,0,0,0,0
2005,210401,2,1,0,0,8,0,0,0,0,0,0,8
2005,210402,1,1,0,0,0,0,0,8,11,0,0,0
2005,210402,2,1,0,0,0,0,0,0,0,0,0,0
2005,210403,1,1,22,22,22,22,22,22,22,22,22,22
2005,210404,1,1,0,0,0,0,0,0,0,0,0,0
2005,210405,1,1,0,0,0,0,0,0,0,0,0,0
2005,210406,1,1,17,17,17,17,17,17,17,17,17,17
2005,210407,1,1,11,0,0,0,0,0,11,0,0,0
2005,210408,1,1,0,0,0,0,0,0,0,0,0,0
2005,210409,0,1,18,18,18,18,18,18,18,18,18,18
2005,210409,1,1,0,0,0,0,0,0,0,0,0,0
2005,210410,1,1,11,11,11,11,11,11,11,11,11,11
2005,210411,1,1,0,0,0,0,0,0,0,0,0,0
2005,210411,2,1,0,0,0,0,0,0,0,0,0,0
2005,210412,1,1,0,0,0,0,0,0,0,0,0,0
2005,210412,2,1,0,0,0,0,0,0,0,0,0,0
2005,210413,1,1,7,7,7,7,7,7,7,7,7,7
2005,210414,1,1,22,22,22,22,22,22,22,22,22,22
2005,210415,1,1,2,2,2,2,2,2,2,2,2,2
2005,210416,1,1,0,0,0,0,0,0,0,0,0,0
2005,210416,2,1,0,0,0,0,0,0,0,0,0,0
2005,210417,1,1,0,0,0,0,0,0,0,0,0,0
2005,210418,1,1,12,12,12,12,12,12,12,12,12,12
2005,210419,0,1,0,0,0,7,0,26,0,25,0,0
2005,210419,1,1,0,0,0,0,0,0,0,0,0,0
2005,210420,1,1,0,0,0,0,0,0,0,0,0,0
2005,210421,1,1,0,0,0,0,0,0,0,0,0,0
2005,210421,2,1,0,0,0,0,0,0,0,0,0,0
2005,210422,1,1,32,32,32,32,32,32,32,32,32,32
2005,210423,1,1,0,0,0,0,0,0,0,0,0,0
2005,210424,1,1,0,0,0,0,0,0,0,0,0,0
2005,210425,1,1,0,0,0,0,0,0,0,0,0,0
2005,210426,1,1,22,22,22,22,22,22,22,22,22,22
2005,210427,1,1,0,0,0,0,0,0,0,0,0,0
2005,210427,2,1,0,0,0,0,0,0,0,0,0,0
2005,210428,1,1,3,3,3,3,3,3,3,3,3,3
2005,210429,1,1,0,0,0,0,16,0,0,0,0,0
2005,210430,1,1,0,0,0,0,0,0,0,0,0,0
2005,210430,2,1,0,0,0,10,0,0,0,11,0,0
2005,210431,1,1,0,0,0,0,0,0,0,0,0,0
2005,210431,2,1,0,0,0,0,0,0,0,0,0,0
2005,210432,1,1,0,0,0,0,0,0,0,0,0,0
2005,210433,1,1,0,0,0,0,0,0,0,0,0,0
2005,210433,2,1,0,0,0,0,0,0,0,0,0,0
2005,210434,1,1,0,0,0,0,0,0,24,0,0,0
2005,210434,2,1,0,0,0,0,0,0,0,0,0,0
2005,210435,1,1,0,0,0,0,0,0,0,0,0,0
2005,210435,2,1,0,0,0,0,0,0,0,0,0,0
2005,210436,1,1,0,0,0,0,0,0,0,0,0,0
2005,210436,2,1,0,0,0,0,0,0,0,0,0,0
2005,210437,1,1,0,0,0,0,8,0,0,0,0,0
2005,210437,2,1,0,0,0,0,0,0,0,0,0,0
2005,210438,1,1,0,0,0,0,0,0,0,0,0,0
2005,210438,2,1,0,0,0,0,0,0,0,0,0,0
2005,210438,3,1,0,0,0,0,0,0,0,0,0,0
2005,210439,1,1,0,0,0,0,0,0,0,0,0,0
2005,210440,0,1,0,0,0,0,0,0,15,11,0,23
2005,210440,1,1,0,0,0,0,0,0,0,0,0,0
2005,210441,1,1,0,0,0,12,0,0,0,0,0,0
2005,210442,1,1,15,15,15,15,15,15,15,15,15,15
2005,210443,1,1,10,10,10,10,10,10,10,10,10,10
2005,210444,1,1,0,0,0,0,0,0,0,0,0,0
2005,210445,1,1,16,16,16,16,16,16,16,16,16,16
2005,210445,2,1,0,0,0,0,0,0,0,0,0,0
2005,210446,1,1,0,0,0,0,0,0,0,0,0,0
2005,210446,2,1,0,0,0,0,0,0,0,0,0,0
2005,210447,1,1,0,0,0,0,0,0,0,0,0,0
2005,210447,2,1,0,0,0,0,18,0,10,0,0,0
2005,210448,1,1,0,0,0,0,0,0,0,0,0,0
2005,210449,1,1,21,14,22,12,14,27,12,31,7,15
2005,210450,1,1,5,5,5,5,5,5,5,5,5,5
2005,210450,2,1,8,0,0,0,0,0,0,0,0,0
2005,210451,1,1,0,0,0,0,0,0,0,0,0,0
2005,210452,1,1,22,22,22,22,22,22,22,22,22,22
2005,210452,2,1,0,0,0,0,0,0,0,0,0,0
2005,210453,1,1,0,0,0,0,0,0,0,0,0,0
2005,210454,1,1,0,0,0,0,0,0,22,0,0,0
2005,210455,1,1,0,0,15,0,0,0,0,0,0,0
2005,210455,2,1,0,0,0,0,0,0,0,0,0,0
2005,210456,1,1,21,21,21,21,21,21,21,21,21,21
2005,210457,1,1,16,0,0,0,8,0,0,0,0,0
2005,210458,1,1,0,0,0,0,0,0,0,0,0,0
2005,210459,0,1,0,0,16,0,0,15,0,18,0,0
2005,210459,1,1,0,0,0,0,0,0,0,0,0,0
2005,210460,0,1,0,0,0,0,0,0,0,0,0,0
2005,210460,1,1,0,0,0,0,0,0,0,0,0,0
2005,210460,2,1,0,37,0,0,0,0,0,0,0,0
2005,210461,1,1,4,4,4,4,4,4,4,4,4,4
2005,210461,2,1,0,0,0,0,0,0,0,0,0,0
2005,210461,3,1,0,0,12,0,0,0,0,0,0,0
2005,210462,1,1,0,0,0,0,0,0,0,0,12,0
2005,210463,1,1,6,6,6,6,6,6,6,6,6,6
2005,210464,1,1,0,0,0,0,0,0,0,0,0,0
2005,210464,2,1,0,0,0,0,0,0,0,0,0,0
2005,210465,1,1,1,1,1,1,1,1,1,1,1,1
2005,210465,2,1,0,12,0,0,14,0,12,18,0,0
2005,210466,1,1,0,0,9,0,8,12,0,19,0,0
2005,210466,2,1,0,0,0,0,0,0,0,0,0,0
2005,210467,1,1,0,0,24,0,0,0,0,0,9,13
2005,210468,1,1,0,0,0,0,0,0,0,0,0,0
2005,210468,2,1,0,0,0,0,0,0,0,0,0,0
2005,210468,3,1,0,0,0,0,0,0,0,0,0,0
2005,210469,1,1,10,10,10,10,10,10,10,10,10,10
2005,210469,2,1,0,0,0,0,0,0,0,0,0,0
2005,210470,1,1,0,0,0,0,0,0,0,0,0,0
2005,210470,2,1,0,0,0,0,0,0,0,0,0,0
2005,210471,1,1,0,0,0,0,0,0,0,0,0,0
2005,210472,1,1,0,0,0,0,0,0,0,0,0,0
2005,210472,2,1,0,0,0,0,0,0,0,0,0,0
2005,210473,1,1,0,0,0,0,0,0,0,0,0,0
2005,210473,2,1,0,0,0,0,0,0,0,0,0,0
2005,210474,1,1,0,0,0,0,0,0,0,0,0,0
2005,210474,2,1,0,0,0,0,0,0,0,0,0,0
2005,210475,1,1,0,0,0,0,0,0,0,0,0,0
2005,210475,2,1,0,0,0,0,0,0,0,0,0,0
2005,210475,3,1,0,0,0,0,0,0,0,0,0,0
2005,210476,0,1,0,0,0,0,0,0,0,0,0,0
2005,210476,1,1,0,0,0,0,0,0,0,2,0,0
2005,210477,1,1,21,21,21,21,21,21,21,21,21,21
2005,210478,1,1,0,0,0,0,0,0,0,0,0,0
2005,210479,1,1,12,11,13,24,0,0,0,0,0,0
2005,210480,1,1,0,0,0,0,0,0,0,0,0,0
2005,210480,2,1,0,0,0,0,0,0,0,0,0,0
2005,210481,1,1,0,0,0,0,0,0,0,0,0,0
2005,210482,1,1,20,20,20,20,20,20,20,20,20,20
2005,210483,1,1,0,0,0,0,0,0,0,0,0,0
2005,210483,2,1,0,0,0,0,0,0,12,0,0,0
2005,210484,1,1,0,0,0,0,0,0,0,0,0,0
2005,210484,2,1,0,0,0,0,0,0,0,0,0,0
2005,210485,1,1,0,0,0,0,0,0,0,0,0,0
2005,210486,1,1,0,0,0,0,0,0,0,0,0,0
2005,210486,2,1,0,0,0,0,0,0,0,0,0,0
2005,210487,1,1,0,0,0,10,0,0,0,0,0,0
2005,210487,2,1,0,0,0,0,0,0,0,0,0,0
2005,210488,1,2,0,0,0,0,0,0,0,4,0,0
2005,210488,2,1,0,0,0,0,0,0,0,0,0,0
2005,210489,1,1,0,0,0,0,0,0,13,0,0,0
2005,210490,1,1,23,23,23,23,23,23,23,23,23,23
2005,210491,1,1,0,0,0,0,0,0,0,0,0,0
2005,210492,1,1,0,0,0,0,0,0,0,0,0,0
2005,210492,2,1,0,0,0,0,0,0,0,0,0,0
2005,210492,3,1,0,0,0,0,0,0,0,0,0,0
2005,210493,1,1,0,0,0,0,0,0,0,0,0,0
2005,210494,0,1,0,0,0,0,0,0,0,0,0,0
2005,210494,1,1,0,0,0,0,0,0,0,0,0,0
2005,210494,2,1,0,0,0,0,0,0,0,0,0,0
2005,210495,1,1,31,31,31,31,31,31,31,31,31,31
2005,210496,1,1,40,0,49,22,8,21,0,24,18,30
2005,210497,1,1,0,0,0,0,0,0,0,0,0,0
2005,210498,1,1,0,29,0,0,0,0,0,0,0,0
2005,210499,1,1,19,19,19,19,19,19,19,19,19,19
2005,210500,1,1,27,27,27,27,27,27,27,27,27,27
2005,210500,2,1,0,0,0,0,0,0,0,0,0,0
2005,210501,1,1,0,0,2,0,0,2,11,10,0,6
2005,210502,1,1,17,17,17,17,17,17,17,17,17,17
2005,210503,1,1,0,0,0,0,0,0,0,0,0,0
2005,210504,1,1,0,0,0,0,0,20,0,0,0,0
2005,210504,2,1,0,0,0,0,0,0,0,0,0,0
2005,210505,1,1,0,8,0,0,0,0,0,0,0,0
2005,210506,0,1,15,17,12,26,0,41,34,6,17,31
2005,210506,1,1,14,14,14,14,14,14,14,14,14,14
2005,210507,1,1,14,14,14,14,14,14,14,14,14,14
2005,210508,1,1,0,0,0,0,0,0,0,0,0,0
2005,210508,2,1,0,0,0,0,0,0,0,0,0,0
2005,210508,3,1,0,0,0,0,0,0,0,0,0,0
2005,210509,1,1,5,5,5,5,5,5,5,5,5,5
2005,210510,1,1,0,0,0,0,0,0,0,0,0,0
2005,210510,2,1,0,0,0,0,0,0,0,0,0,0
2005,210511,1,1,6,6,6,6,6,6,6,6,6,6
2005,210511,2,1,0,0,0,0,0,0,0,0,0,0
2005,210512,1,1,17,17,17,17,17,17,17,17,17,17
2005,210513,1,1,36,36,36,36,36,36,36,36,36,36
2005,210514,1,1,0,13,0,0,0,0,14,0,15,25
2005,210514,2,1,0,9,0,0,0,0,0,0,12,0
2005,210515,1,1,15,15,15,15,15,15,15,15,15,15
2005,210516,1,1,0,0,0,0,0,0,0,0,0,0
2005,210516,2,1,0,0,0,0,0,0,0,0,0,0
2005,210517,1,1,4,0,0,0,28,0,0,13,9,0
2005,210518,1,1,0,0,0,0,0,0,0,0,0,0
2005,210518,2,1,0,0,0,0,0,0,0,0,0,0
2005,210519,1,1,0,0,0,0,19,0,0,0,0,0
2005,210520,0,1,0,0,0,0,0,0,0,0,0,0
2005,210520,1,1,0,0,0,0,0,0,0,0,0,0
2005,210521,1,1,0,0,0,0,0,0,0,0,0,0
2005,210521,2,1,0,0,0,0,0,0,0,0,0,0
2005,210522,1,1,23,23,23,23,23,23,23,23,23,23
2005,210523,1,1,12,0,7,0,21,0,0,0,20,0
2005,210524,1,1,0,0,0,0,0,0,0,0,0,0
2005,210524,2,1,0,0,0,0,0,0,0,0,0,0
2005,210524,3,1,0,0,0,0,0,0,0,0,0,0
2005,210525,1,1,0,0,0,0,0,0,0,0,0,0
2005,210526,1,1,0,0,0,0,0,0,0,0,0,0
2005,210526,2,1,0,0,0,0,0,0,0,0,0,0
2005,210527,1,1,0,0,0,0,0,0,0,0,0,0
2005,210528,1,1,13,13,13,13,13,13,13,13,13,13
2005,210529,1,1,0,0,0,0,0,0,0,0,0,0
2005,210529,2,1,0,0,0,0,0,0,0,0,0,0
2005,210530,1,1,0,0,0,0,0,0,0,0,0,0
2005,210530,2,1,0,0,0,0,0,0,0,0,0,0
2005,210531,1,1,26,26,26,26,26,26,26,26,26,26
2005,210532,1,1,23,23,23,23,23,23,23,23,23,23
2005,210533,0,1,0,0,0,0,0,0,0,0,0,0
2005,210533,1,1,0,0,0,0,0,0,0,0,0,0
2005,210534,1,1,0,0,0,0,0,0,0,0,0,0
2005,210535,1,1,15,15,15,15,15,15,15,15,15,15
2005,210536,1,1,0,0,0,0,0,0,0,0,0,0
2005,210536,2,1,0,0,0,0,0,0,0,0,0,0
2005,210537,1,1,0,0,0,0,0,0,19,0,0,0
2005,210537,2,1,0,0,0,0,0,0,0,0,0,0
2005,210538,0,1,0,0,0,0,0,0,0,0,0,0
2005,210538,1,1,0,0,0,0,0,0,0,0,0,0
2005,210539,1,1,0,0,0,0,0,0,0,0,0,0
2005,210539,2,1,0,0,0,0,0,0,0,0,0,0
2005,210540,1,1,0,0,0,0,0,0,0,0,0,0
2005,210540,2,1,0,0,0,0,0,0,0,0,0,0
2005,210540,3,1,0,0,0,0,0,0,0,0,0,0
2005,210541,1,1,0,0,0,0,0,0,0,0,0,0
2005,210542,1,1,0,0,0,0,0,0,0,0,0,0
2005,210542,2,1,0,0,0,0,0,0,0,0,0,0
2005,210543,1,1,0,0,0,0,0,0,0,0,0,0
2005,210543,2,1,0,0,0,0,0,0,0,0,0,0
2005,210544,1,1,0,0,0,0,0,0,0,0,0,0
2005,210545,0,1,0,0,0,0,0,0,0,0,0,0
2005,210545,0,2,0,0,0,0,0,0,0,0,0,0
2005,210545,1,1,0,0,0,0,0,0,0,0,0,0
2005,210546,1,1,0,0,0,0,0,0,9,0,0,0
2005,210546,2,1,0,0,0,0,0,0,0,0,0,20
2005,210546,3,1,0,0,0,0,0,0,0,0,0,10
2005,210547,1,1,19,19,19,19,19,19,19,19,19,19
2005,210548,1,1,0,0,6,10,0,11,26,0,10,0
2005,210549,1,1,0,0,0,0,0,0,0,0,0,0
2005,210550,1,1,0,0,0,0,0,0,0,0,0,0
2005,210550,2,1,0,0,0,0,0,0,0,0,0,0
2005,210550,3,1,0,0,0,0,0,0,0,0,0,0
2005,210550,4,1,0,0,0,0,0,0,0,0,0,0
2005,210551,1,1,0,0,13,0,5,0,14,0,0,0
2005,210551,2,1,0,0,0,0,0,0,0,0,0,0
2005,210552,1,1,21,0,0,0,0,5,0,0,0,15
2005,210552,2,1,9,9,9,9,9,9,9,9,9,9
2005,210553,1,1,0,0,0,0,0,0,0,0,0,0
2005,210554,0,1,13,0,25,22,9,21,25,18,36,32
2005,210554,1,1,0,0,0,0,0,11,0,0,0,0
2005,210555,0,1,0,0,0,0,0,0,0,0,0,0
2005,210555,1,1,0,0,0,0,0,0,0,0,0,0
2005,210556,1,1,0,0,31,10,18,9,24,10,0,34
2005,210556,2,1,0,0,0,0,0,0,0,0,0,0
2005,210557,1,1,0,0,0,0,0,0,0,0,0,0
2005,210557,2,1,0,0,0,0,0,0,0,0,0,0
2005,210558,1,1,3,3,3,3,3,3,3,3,3,3
2005,210559,1,1,8,0,0,0,18,0,0,0,0,0
2005,210560,1,1,0,0,0,0,0,0,0,0,0,0
2005,210561,1,1,0,0,0,0,0,0,0,0,0,0
2005,210562,1,1,7,7,7,7,7,7,7,7,7,7
2005,210563,1,1,0,0,0,0,0,0,0,0,0,0
2005,210563,2,1,0,0,0,14,4,0,0,0,0,0
2005,210564,1,1,9,9,9,9,9,9,9,9,9,9
2005,210565,1,1,0,0,0,0,0,0,0,0,0,0
2005,210565,2,1,0,9,0,0,0,0,0,0,0,0
2005,210566,1,1,0,0,0,0,0,0,0,0,0,0
2005,210567,1,1,22,22,22,22,22,22,22,22,22,22
2005,210567,2,1,0,0,0,0,0,0,0,0,0,0
2005,210568,1,1,0,0,0,0,0,0,0,0,0,0
2005,210568,2,1,0,0,0,0,0,0,0,0,0,0
2005,210569,1,1,0,0,0,0,0,0,0,0,0,0
2005,210569,2,1,0,0,0,0,0,0,0,0,0,0
2005,210570,1,1,0,0,0,0,0,0,0,0,0,0
2005,210570,2,1,0,0,0,0,0,0,0,16,12,0
2005,210571,1,1,0,0,0,0,0,0,0,0,0,0
2005,210571,2,1,0,0,0,0,0,0,0,0,0,0
2005,210572,1,1,0,0,0,0,0,0,0,0,0,0
2005,210573,1,1,14,14,14,14,14,14,14,14,14,14
2005,210574,1,1,14,14,14,14,14,14,14,14,14,14
2005,210575,1,1,0,0,0,0,0,0,0,0,0,0
2005,210575,2,1,0,0,0,0,0,0,0,0,0,0
2005,210576,1,1,0,0,0,0,0,0,0,0,0,0
2005,210577,1,1,0,0,0,0,0,0,0,0,0,0
2005,210578,1,1,23,36,17,16,20,16,29,21,23,15
2005,210579,0,1,0,0,27,0,13,0,0,8,0,19
2005,210579,1,1,0,0,0,0,0,0,0,0,0,0
2005,210580,1,1,4,0,0,0,0,0,0,0,0,0
2005,210580,2,1,0,0,0,0,0,0,0,0,0,0
2005,210581,1,1,0,0,0,0,0,0,0,0,0,0
2005,210581,2,1,0,0,0,0,0,0,0,0,0,0
2005,210582,1,1,0,0,0,0,0,0,0,0,0,0
2005,210583,1,1,19,19,19,19,19,19,19,19,19,19
2005,210583,2,1,0,0,0,0,0,0,0,0,0,0
2005,210584,1,1,0,0,0,0,0,0,0,0,0,0
2005,210585,1,1,0,0,0,0,0,0,0,0,0,0
2005,210585,2,1,0,0,0,0,0,0,0,0,0,0
2005,210586,1,1,24,26,24,12,6,16,17,16,14,29
2005,210587,1,1,0,0,0,0,0,0,0,0,14,29
2005,210588,1,1,0,0,0,0,0,0,0,0,0,0
2005,210589,1,1,26,26,26,26,26,26,26,26,26,26
2005,210590,1,1,0,0,20,36,0,0,10,29,0,12
2005,210591,1,1,16,16,16,16,16,16,16,16,16,16
2005,210592,1,1,20,20,20,20,20,20,20,20,20,20
2005,210593,1,1,0,0,0,0,0,0,0,0,0,0
2005,210593,2,1,0,0,0,0,0,0,0,0,0,0
2005,210594,1,1,0,0,0,0,0,0,0,0,0,0
2005,210594,2,1,0,0,0,0,0,0,0,0,0,0
2005,210595,1,1,12,12,12,12,12,12,12,12,12,12
2005,210596,1,1,0,0,0,0,0,0,0,0,0,0
2005,210597,1,1,0,0,0,0,0,0,0,0,0,0
2005,210597,2,1,0,0,0,0,0,0,0,0,0,0
2005,210598,1,1,0,15,0,0,0,0,0,0,0,0
2005,210598,2,1,0,0,0,0,0,0,0,0,0,0
2005,210598,3,1,0,0,0,0,0,0,0,0,0,0
2005,210598,4,1,0,0,0,0,0,0,0,0,0,0
2005,210598,5,1,0,0,0,0,0,0,0,0,0,0
2005,210598,6,1,0,0,0,0,0,0,0,0,0,0
2005,210599,1,1,0,0,0,0,0,0,0,0,0,0
2005,210600,0,1,18,18,18,18,18,18,18,18,18,18
2005,210600,1,1,6,12,0,9,8,14,17,17,0,14
2005,210601,0,1,0,0,0,0,0,0,0,0,0,0
2005,210601,1,1,0,0,0,0,0,0,0,0,0,0
2005,210601,2,1,0,0,0,0,0,0,16,0,0,0
2005,210602,1,1,0,0,0,0,0,0,0,0,0,0
2005,210603,0,1,0,25,17,15,7,0,0,0,0,0
2005,210603,1,1,0,10,20,26,0,0,0,0,0,12
2005,210604,1,1,0,0,0,0,0,0,0,0,0,0
2005,210605,1,1,0,0,0,0,0,0,0,0,0,0
2005,210605,2,1,0,0,0,0,0,0,0,0,0,0
2005,210606,1,1,9,9,9,9,9,9,9,9,9,9
2005,210607,1,1,0,0,0,0,0,0,0,0,0,0
2005,210607,2,1,0,0,0,0,0,0,0,0,0,0
2005,210608,1,1,26,13,4,31,11,8,12,11,14,16
2005,210609,0,1,15,2,37,19,0,0,16,16,12,17
2005,210609,0,2,0,0,0,0,0,0,0,0,0,0
2005,210609,1,1,3,0,12,0,0,0,0,0,28,0
2005,210610,1,1,8,8,8,8,8,8,8,8,8,8
2005,210611,1,1,31,31,31,31,31,31,31,31,31,31
2005,210612,1,1,0,0,0,0,0,0,0,0,0,0
2005,210613,1,1,19,19,19,19,19,19,19,19,19,19
2005,210614,1,1,0,0,0,0,0,0,0,0,0,0
2005,210614,2,1,0,0,0,0,0,0,0,0,0,0
2005,210614,3,1,0,0,0,0,0,0,0,0,0,0
2005,210615,1,1,0,0,0,0,5,0,0,0,0,0
2005,210615,2,1,0,0,0,0,0,0,0,0,0,0
2005,210616,1,1,0,0,0,0,0,0,0,0,0,0
2005,210616,2,1,0,0,0,0,0,0,0,0,0,0
2005,210617,0,1,0,0,0,0,0,0,0,0,0,0
2005,210617,1,1,0,0,0,0,0,0,0,0,0,0
2005,210618,1,1,0,0,0,0,0,0,0,0,0,0
2005,210619,1,1,0,0,0,0,0,0,0,0,0,0
2005,210619,2,1,0,0,0,0,0,0,0,0,0,0
2005,210620,0,1,0,0,0,0,0,0,0,0,0,0
2005,210620,1,1,0,0,0,0,0,0,0,0,0,0
2005,210621,1,1,0,0,0,0,0,0,0,0,0,0
2005,210621,2,1,0,0,0,0,0,0,0,0,0,0
2005,210622,1,1,0,0,0,0,0,0,0,0,0,0
2005,210622,2,1,0,0,0,0,0,0,0,0,0,0
2005,210623,1,1,0,0,0,0,0,0,0,0,0,0
2005,210624,1,1,12,0,0,0,0,12,22,0,0,0
2005,210625,1,1,0,0,6,0,0,0,0,0,0,0
2005,210625,2,1,0,0,0,0,0,0,0,0,0,0
2005,210626,1,1,0,0,0,0,0,0,0,0,0,0
2005,210626,2,1,0,0,0,23,0,0,0,0,0,14
2005,210627,1,1,0,0,0,0,0,0,0,0,0,0
2005,210627,2,1,0,0,0,0,0,0,0,0,0,0
2005,210628,1,1,0,0,0,0,0,0,0,0,0,0
2005,210628,2,1,0,0,0,0,0,0,0,0,0,0
2005,210629,1,1,0,0,0,0,0,0,0,0,0,0
2005,210629,2,1,0,0,4,5,0,0,6,0,22,0
2005,210630,1,1,0,0,0,0,19,0,0,0,0,0
2005,210631,1,1,15,0,17,12,32,16,3,14,15,22
2005,210632,1,1,14,14,14,14,14,14,14,14,14,14
2005,210632,2,1,0,0,0,0,0,0,0,0,0,0
2005,210633,1,1,7,7,7,7,7,7,7,7,7,7
2005,210633,2,1,0,0,0,0,0,0,0,0,0,0
2005,210634,1,1,0,0,0,0,0,0,0,0,0,0
2005,210635,1,1,0,0,0,0,0,0,0,0,0,0
2005,210635,2,1,0,0,0,0,0,0,0,0,0,0
2005,210636,1,1,25,17,13,8,10,24,16,16,14,9
2005,210637,1,1,0,0,0,0,0,0,0,0,0,0
2005,210638,1,1,0,0,0,0,0,0,0,0,0,0
2005,210638,2,1,0,0,0,0,0,0,0,0,0,0
2005,210639,1,1,0,0,0,0,0,0,20,11,0,0
2005,210639,2,1,0,0,0,0,0,0,0,0,0,0
2005,210640,1,1,0,0,0,6,0,0,0,0,0,0
2005,210640,2,1,0,0,0,0,0,0,0,0,0,0
2005,210641,1,1,0,0,0,0,0,0,0,0,0,0
2005,210641,2,1,0,0,0,0,0,0,0,0,0,0
2005,210642,1,1,1,1,1,1,1,1,1,1,1,1
2005,210643,1,1,0,0,0,0,0,0,0,0,0,0
2005,210643,2,1,0,0,0,0,0,0,0,0,0,0
2005,210644,1,1,17,17,17,17,17,17,17,17,17,17
2005,210645,1,1,0,0,0,0,0,0,0,0,0,0
2005,210646,1,1,0,0,0,0,0,0,0,0,0,0
2005,210646,2,1,0,0,0,0,0,0,0,0,0,0
2005,210646,3,1,0,0,0,0,0,0,0,0,0,0
2005,210647,1,1,0,0,0,0,0,0,0,0,0,0
2005,210647,2,1,0,0,0,0,0,0,0,0,0,0
2005,210647,3,1,0,0,0,0,0,0,0,0,0,0
2005,210648,1,1,17,17,17,17,17,17,17,17,17,17
2005,210649,1,1,0,0,0,0,0,0,0,0,0,0
2005,210649,2,1,0,0,0,0,0,0,0,0,0,0
2005,210650,1,1,0,0,0,0,0,0,0,0,0,0
2005,210650,2,1,0,0,0,0,0,0,0,0,0,0
2005,210651,1,1,0,0,0,0,0,0,0,0,0,0
2005,210651,2,1,0,0,0,0,0,0,0,0,0,0
2005,210652,1,1,0,0,0,0,0,0,0,0,0,0
2005,210652,2,1,0,0,0,0,0,0,0,0,0,0
2005,210653,1,1,0,0,0,0,0,0,0,0,0,0
2005,210653,2,1,0,0,0,0,0,0,0,0,0,0
2005,210653,3,1,0,0,0,0,0,0,0,0,0,0
2005,210654,1,1,0,0,0,0,0,0,0,0,0,0
2005,210654,2,1,0,0,0,0,0,0,0,0,0,0
2005,210655,1,1,0,0,0,0,0,0,0,0,0,0
2005,210656,0,1,30,30,30,30,30,30,30,30,30,30
2005,210656,1,1,0,0,13,0,0,0,26,0,0,0
2005,210657,1,1,0,0,0,0,0,0,0,0,0,0
2005,210657,2,1,0,0,0,0,0,0,0,0,0,0
2005,210658,1,1,0,0,0,0,0,0,0,0,0,0
2005,210659,1,1,0,0,0,0,0,0,0,0,0,0
2005,210660,1,1,0,0,0,0,0,0,0,0,0,0
2005,210661,1,1,0,0,0,0,0,0,0,0,0,0
2005,210662,1,1,0,0,0,0,0,0,0,0,0,0
2005,210662,2,1,0,0,0,0,0,0,0,0,0,0