YEAR,ST_CASE,veh_no,per_no,P1,P2,P3,P4,P5,P6,P7,P8,P9,P10
2005,210663,1,1,0,0,0,0,0,0,0,0,0,0
2005,210663,2,1,0,0,0,0,0,0,0,0,0,0
2005,210664,1,1,0,0,0,0,0,0,0,0,0,0
2005,210665,1,1,5,5,5,5,5,5,5,5,5,5
2005,210666,1,1,10,2,9,20,0,0,0,0,5,11
2005,210667,1,1,26,26,26,26,26,26,26,26,26,26
2005,210668,1,1,0,0,0,0,0,0,0,0,0,0
2005,210668,2,1,0,0,0,0,0,0,0,0,0,0
2005,210669,1,1,0,0,37,0,0,0,20,26,10,0
2005,210669,2,1,0,0,0,0,0,0,0,0,0,0
2005,210670,1,1,0,0,0,0,0,0,0,0,0,0
2005,210671,0,1,0,0,0,0,0,0,0,0,0,0
2005,210671,1,1,6,6,6,6,6,6,6,6,6,6
2005,210672,1,1,0,0,0,0,0,0,0,0,0,0
2005,210672,2,1,0,0,0,0,0,0,0,0,0,0
2005,210672,3,1,0,0,0,0,0,0,0,0,0,0
2005,210673,1,1,0,0,0,0,0,0,0,0,0,0
2005,210673,2,1,0,0,0,0,0,0,0,0,0,0
2005,210673,3,1,0,0,0,11,0,0,0,0,0,0
2005,210674,1,1,0,0,0,0,24,10,0,0,0,22
2005,210675,1,1,0,0,0,0,0,0,0,0,0,0
2005,210675,2,1,0,0,0,0,0,0,0,0,0,0
2005,210676,0,1,24,24,24,24,24,24,24,24,24,24
2005,210676,1,1,0,0,0,0,0,0,0,0,0,0
2005,210677,1,1,0,0,0,0,0,0,0,0,0,0
2005,210677,2,1,0,0,0,0,0,5,0,0,3,0
2005,210677,3,1,0,0,0,0,0,0,0,0,0,0
2005,210678,1,1,0,0,0,10,19,0,0,0,0,0
2005,210679,1,1,0,0,0,0,0,0,0,0,0,0
2005,210680,1,1,30,30,30,30,30,30,30,30,30,30
2005,210680,2,1,0,0,0,0,0,0,0,0,0,0
2005,210681,1,1,0,0,0,0,0,0,0,0,0,0
2005,210682,1,1,0,0,0,0,0,29,0,0,32,13
2005,210683,1,1,0,0,0,0,0,0,0,21,0,22
2005,210684,1,1,0,0,0,0,0,0,0,0,0,0
2005,210684,2,1,0,0,0,0,0,0,0,0,0,0
2005,210685,1,1,0,0,0,0,0,0,0,0,0,0
2005,210686,1,1,0,0,0,0,0,0,0,0,0,0
2005,210686,2,1,0,0,0,0,0,0,0,0,0,0
2005,210687,1,1,0,0,0,0,0,0,0,0,0,0
2005,210687,2,1,0,0,0,0,0,0,0,0,0,0
2005,210687,3,1,0,0,0,0,0,0,0,0,0,0
2005,210688,1,1,0,0,0,0,0,0,0,0,6,0
2005,210688,2,1,0,0,0,0,0,0,0,0,0,0
2005,210689,1,1,0,0,0,0,0,0,0,0,0,0
2005,210690,1,1,15,15,15,15,15,15,15,15,15,15
2005,210690,2,1,0,0,0,0,0,0,0,0,0,0
2005,210690,3,1,0,0,0,0,0,0,0,0,0,0
2005,210691,1,1,0,0,0,0,0,0,0,0,0,0
2005,210691,2,1,0,0,0,0,0,0,19,0,0,0
2005,210692,1,1,0,0,0,0,0,0,8,0,0,0
2005,210693,1,1,0,0,0,0,0,0,0,0,0,0
2005,210694,1,1,0,0,0,0,0,0,0,0,0,0
2005,210694,2,1,0,0,0,0,0,0,0,0,0,0
2005,210695,1,1,19,19,19,19,19,19,19,19,19,19
2005,210696,1,1,0,0,0,0,0,0,0,0,0,12
2005,210697,1,1,24,0,20,18,10,24,7,13,28,20
2005,210698,1,1,27,39,8,19,4,4,18,6,7,8
2005,210698,2,1,10,0,0,0,0,0,0,0,0,0
2005,210699,1,1,0,0,0,0,0,0,0,0,0,0
2005,210700,1,1,0,0,0,0,0,0,0,0,0,0
2005,210700,2,1,0,0,0,0,0,0,0,0,0,0
2005,210701,1,1,0,0,0,0,0,0,0,0,0,0
2005,210702,1,1,4,4,4,4,4,4,4,4,4,4
2005,210702,2,1,0,0,0,0,0,0,0,0,0,0
2005,210703,1,1,0,0,0,0,0,0,0,0,0,0
2005,210704,0,1,40,40,40,40,40,40,40,40,40,40
2005,210704,1,1,0,0,0,0,0,0,0,0,0,0
2005,210705,1,1,0,0,0,0,0,0,0,0,0,0
2005,210705,2,1,0,0,0,0,0,0,0,0,0,0
2005,210706,1,1,10,0,0,15,0,0,0,0,0,0
2005,210706,2,1,0,0,0,0,0,0,0,0,0,0
2005,210707,1,1,0,0,0,0,0,0,0,0,0,0
2005,210708,1,1,0,0,0,0,0,0,0,0,0,0
2005,210708,2,1,0,0,0,0,0,0,0,0,0,0
2005,210709,0,1,16,19,21,27,19,25,28,22,20,43
2005,210709,1,1,0,0,0,0,0,0,0,0,0,0
2005,210710,1,1,0,0,0,0,0,0,28,0,0,0
2005,210710,2,1,0,0,0,0,0,0,0,0,0,0
2005,210711,1,1,19,19,19,19,19,19,19,19,19,19
2005,210712,1,1,22,22,22,22,22,22,22,22,22,22
2005,210713,1,1,7,7,7,7,7,7,7,7,7,7
2005,210714,1,1,21,21,21,21,21,21,21,21,21,21
2005,210715,1,1,22,22,22,22,22,22,22,22,22,22
2005,210716,1,1,0,0,0,0,0,0,0,0,0,0
2005,210717,1,1,0,0,0,0,0,0,0,0,0,0
2005,210717,2,1,0,0,0,0,0,0,0,0,0,0
2005,210718,1,1,0,0,0,0,0,0,0,0,0,0
2005,210719,1,1,0,0,0,0,0,0,8,0,0,0
2005,210720,1,1,0,0,0,0,0,0,0,0,0,0
2005,210720,2,1,0,0,0,0,0,0,0,0,0,0
2005,210721,1,1,0,0,0,0,0,0,0,0,0,0
2005,210722,1,1,0,0,0,0,0,0,0,0,0,0
2005,210722,2,1,0,0,0,0,0,0,0,0,0,0
2005,210723,1,1,0,0,0,0,0,0,0,0,0,0
2005,210723,2,1,0,0,0,0,0,0,0,0,0,0
2005,210723,3,1,0,0,0,0,0,0,0,0,9,0
2005,210724,1,1,0,0,6,0,0,0,0,0,0,0
2005,210724,2,1,0,0,0,0,0,0,0,0,0,0
2005,210725,1,1,0,0,0,0,0,0,0,0,0,0
2005,210726,1,1,0,0,0,0,0,0,0,0,0,0
2005,210726,2,1,0,0,0,0,0,0,0,0,0,0
2005,210727,1,1,0,0,0,0,0,0,0,0,0,0
2005,210727,2,1,0,0,0,0,0,0,0,0,0,0
2005,210728,1,1,14,21,30,16,48,17,12,8,20,0
2005,210729,1,1,0,0,0,0,0,0,0,0,0,0
2005,210730,1,1,0,0,0,0,15,0,0,0,0,0
2005,210731,1,1,0,0,0,0,0,0,0,0,0,0
2005,210732,1,1,29,29,29,29,29,29,29,29,29,29
2005,210733,1,1,0,0,0,0,0,0,0,0,0,0
2005,210733,2,1,0,0,0,0,0,0,0,0,0,0
2005,210734,1,1,0,0,0,0,0,0,0,0,0,0
2005,210734,2,1,0,0,0,0,0,0,0,0,0,0
2005,210734,3,1,0,0,0,0,0,0,0,0,0,0
2005,210735,1,1,0,0,0,0,0,0,0,0,0,0
2005,210735,2,1,0,0,0,0,0,0,0,0,0,0
2005,210735,3,1,0,0,0,0,0,0,0,0,0,0
2005,210736,1,1,0,0,0,0,0,0,0,0,0,0
2005,210736,2,1,0,0,0,0,0,0,0,0,0,0
2005,210737,1,1,18,18,18,18,18,18,18,18,18,18
2005,210738,1,1,0,0,0,0,0,0,0,0,0,0
2005,210738,2,1,0,0,0,0,0,0,0,0,0,0
2005,210738,3,1,0,0,0,0,0,0,0,0,0,0
2005,210739,1,1,0,0,0,0,0,0,0,0,0,0
2005,210740,1,1,0,0,0,0,0,0,0,0,0,0
2005,210740,2,1,0,0,0,0,0,0,0,0,0,0
2005,210741,1,1,0,0,0,0,0,0,0,0,0,0
2005,210742,1,1,0,0,0,0,0,0,0,0,0,0
2005,210743,1,1,20,20,20,20,20,20,20,20,20,20
2005,210743,2,1,0,0,0,0,0,0,0,0,0,0
2005,210744,1,1,20,22,10,19,33,17,14,10,28,24
2005,210745,1,1,0,0,0,0,0,0,0,0,0,0
2005,210745,2,1,0,0,0,0,0,0,0,0,0,0
2005,210745,3,1,0,19,0,0,12,0,0,0,0,0
2005,210746,1,1,16,0,7,17,17,9,14,14,16,8
2005,210747,1,1,0,0,0,0,0,0,0,0,0,26
2005,210747,2,1,0,0,0,0,0,0,0,0,0,0
2005,210748,1,1,0,0,0,0,0,0,0,0,0,17
2005,210749,1,1,0,0,0,0,0,0,0,0,0,0
2005,210749,2,1,0,0,0,0,0,0,0,0,0,0
2005,210749,3,1,0,0,0,0,0,0,0,0,0,0
2005,210749,4,1,0,0,0,0,0,0,0,0,0,0
2005,210750,1,1,0,0,0,0,0,0,0,0,0,0
2005,210751,1,1,0,0,0,0,0,0,0,0,0,0
2005,210752,1,1,0,0,0,0,0,0,0,0,21,0
2005,210753,1,1,26,26,26,26,26,26,26,26,26,26
2005,210754,1,1,19,19,19,19,19,19,19,19,19,19
2005,210754,2,1,0,0,0,0,0,0,0,0,0,0
2005,210755,1,1,6,6,6,6,6,6,6,6,6,6
2005,210756,1,1,0,0,0,0,0,0,0,0,0,0
2005,210756,2,1,0,0,0,0,0,0,0,0,0,0
2005,210757,1,1,15,15,15,15,15,15,15,15,15,15
2005,210758,1,1,19,19,19,19,19,19,19,19,19,19
2005,210759,1,1,21,21,21,21,21,21,21,21,21,21
2005,210760,1,1,0,11,14,0,8,0,11,0,0,0
2005,210760,2,1,0,0,0,0,0,0,0,0,0,0
2005,210761,0,1,0,0,0,0,0,0,0,0,0,0
2005,210761,1,1,6,6,6,6,6,6,6,6,6,6
2005,210762,1,1,0,0,0,0,0,0,0,0,10,0
2005,210762,2,1,0,0,0,0,0,0,0,0,0,0
2005,210762,3,1,0,0,0,0,0,0,0,0,0,0
2005,210763,1,1,0,0,0,0,0,0,19,9,0,0
2005,210764,1,1,0,0,0,0,0,0,0,0,0,0
2005,210764,2,1,0,0,0,8,0,0,0,0,0,0
2005,210765,1,3,20,20,20,20,20,20,20,20,20,20
2005,210766,1,1,0,0,0,4,0,0,0,0,0,0
2005,210767,0,1,0,0,0,0,0,0,14,0,47,0
2005,210767,1,1,0,0,0,0,0,0,0,0,0,0
2005,210768,1,1,11,0,0,0,0,0,0,0,0,0
2005,210769,1,1,0,0,0,0,0,0,0,0,0,0
2005,210770,1,1,0,0,0,0,0,0,0,0,0,0
2005,210771,1,1,16,16,16,16,16,16,16,16,16,16
2005,210772,1,1,0,0,12,0,0,0,0,0,0,0
2005,210773,1,1,0,0,0,0,0,0,0,0,0,0
2005,210774,1,1,0,0,0,0,0,0,0,0,0,0
2005,210774,2,1,0,0,26,0,0,0,0,0,0,0
2005,210775,1,1,18,18,18,18,18,18,18,18,18,18
2005,210775,2,1,0,0,0,0,0,0,0,0,0,0
2005,210776,1,1,0,0,0,0,0,0,0,0,0,0
2005,210776,2,1,9,9,9,9,9,9,9,9,9,9
2005,210777,1,1,0,0,0,0,0,0,0,0,0,0
2005,210777,2,1,0,0,0,0,0,0,0,0,0,0
2005,210778,1,1,0,0,0,0,0,0,0,0,0,0
2005,210778,2,1,0,0,0,0,0,0,0,0,0,0
2005,210779,1,1,23,21,10,16,11,22,20,29,11,19
2005,210780,1,1,0,0,0,0,0,0,0,0,0,0
2005,210780,2,1,0,0,0,0,0,0,17,0,0,0
2005,210781,1,1,0,0,0,0,11,0,9,0,0,0
2005,210782,1,1,0,0,0,0,0,0,0,0,0,0
2005,210782,2,1,0,0,0,0,0,0,0,0,20,0
2005,210783,1,1,20,20,20,20,20,20,20,20,20,20
2005,210784,1,1,0,0,0,0,0,0,0,0,0,0
2005,210785,1,1,0,0,0,0,0,0,0,0,0,0
2005,210785,2,1,0,0,0,0,0,0,0,0,0,0
2005,210786,1,1,0,0,0,0,0,0,0,0,0,0
2005,210787,0,1,0,34,0,0,0,14,0,0,0,0
2005,210788,1,1,4,4,4,4,4,4,4,4,4,4
2005,210788,2,1,0,0,0,0,0,0,0,0,0,0
2005,210789,1,1,0,0,0,0,0,0,0,0,0,0
2005,210789,2,1,0,0,0,0,0,0,0,0,0,0
2005,210790,1,1,0,9,0,0,18,25,0,8,9,27
2005,210791,1,1,0,0,0,0,0,0,0,0,0,0
2005,210792,1,1,0,0,0,0,0,0,0,0,0,0
2005,210792,2,1,0,0,0,0,0,0,0,0,0,0
2005,210793,1,1,0,0,0,0,0,0,0,0,0,0
2005,210794,1,1,18,18,18,18,18,18,18,18,18,18
2005,210795,1,1,0,0,0,0,0,0,0,0,0,0
2005,210796,1,1,0,0,0,0,0,0,0,0,0,0
2005,210797,1,1,11,11,11,11,11,11,11,11,11,11
2005,210798,1,1,0,0,0,0,0,0,0,0,0,0
2005,210799,1,1,18,18,18,18,18,18,18,18,18,18
2005,210800,1,1,0,0,0,0,0,0,0,0,0,0
2005,210801,1,1,10,12,13,14,16,11,16,8,0,15
2005,210802,1,1,16,16,16,16,16,16,16,16,16,16
2005,210803,1,1,0,0,0,0,0,0,0,0,0,0
2005,210803,2,1,0,0,0,0,0,0,0,0,0,0
2005,210804,1,1,0,12,22,0,0,13,0,0,6,0
2005,210805,1,1,0,0,0,0,0,0,0,0,0,41
2005,210805,2,1,0,0,0,0,0,0,0,0,0,0
2005,210806,1,3,0,0,0,0,0,0,0,0,0,0
2005,210807,1,1,0,14,22,34,29,17,12,8,0,26
2005,210808,1,1,13,23,18,29,20,21,33,34,37,39
2005,210809,1,1,0,0,0,0,0,0,0,0,0,0
2005,210810,1,1,0,0,27,0,0,0,0,0,0,0
2005,210810,2,1,0,0,0,0,0,0,0,0,0,0
2005,210811,1,1,0,0,0,0,0,0,0,0,0,0
2005,210811,2,1,0,15,0,0,0,0,16,0,0,0
2005,210812,1,1,0,0,0,0,0,0,0,0,0,0
2005,210813,1,1,0,0,0,0,0,0,0,0,0,0
2005,210814,1,1,9,9,9,9,9,9,9,9,9,9
2005,210815,0,1,0,0,0,0,0,0,0,0,0,0
2005,210815,0,2,0,0,0,0,0,9,0,0,0,0
2005,210815,0,3,16,0,12,19,0,17,0,0,9,0
2005,210815,0,4,0,0,12,9,0,0,0,0,16,0
2005,210815,1,1,0,0,0,6,15,0,0,0,0,0
2005,210816,1,1,15,5,10,16,17,14,2,20,11,16
2005,210816,2,1,0,0,0,0,0,0,0,0,0,0
2005,210817,1,1,0,0,0,0,0,0,0,0,0,0
2005,210817,2,1,0,0,0,0,0,0,0,0,0,0
2005,210818,1,1,0,0,0,0,0,0,0,0,0,0
2005,210818,2,1,0,0,0,0,0,0,0,0,0,0
2005,210819,1,1,0,0,15,0,0,0,0,0,0,0
2005,210820,1,1,16,16,16,16,16,16,16,16,16,16
2005,210821,1,1,25,25,25,25,25,25,25,25,25,25
2005,210822,1,1,0,0,0,0,0,0,0,0,0,0
2005,210823,1,1,18,18,18,18,18,18,18,18,18,18
2005,210824,1,1,0,0,0,0,0,0,0,0,0,0
2005,210825,1,1,0,0,0,0,0,0,0,0,0,0
2005,210826,1,1,0,0,0,0,0,0,0,5,0,0
2005,210826,2,1,0,0,0,0,0,0,0,0,0,0
2005,210827,1,1,0,0,0,0,0,0,0,0,0,0
2005,210827,2,1,0,0,0,0,0,0,0,0,0,0
2005,210828,1,1,15,15,15,15,15,15,15,15,15,15
2005,210829,0,1,18,18,18,18,18,18,18,18,18,18
2005,210829,1,1,0,0,0,0,0,0,0,0,0,0
2005,210830,1,1,10,10,10,10,10,10,10,10,10,10
2005,210830,2,1,0,0,0,0,0,0,0,0,0,0
2005,210831,1,1,12,12,12,12,12,12,12,12,12,12
2005,210832,0,1,0,0,0,0,0,0,0,0,0,0
2005,210832,1,1,0,0,0,0,0,0,0,0,0,0
2005,210833,1,1,0,0,0,0,0,0,0,0,0,0
2005,210834,1,1,14,14,14,14,14,14,14,14,14,14
2005,210835,1,1,0,0,0,0,0,0,0,0,0,0
2005,210836,1,1,12,12,12,12,12,12,12,12,12,12
2005,210837,0,1,0,0,0,0,0,0,0,0,0,0
2005,210837,1,1,25,25,25,25,25,25,25,25,25,25
2005,210838,1,1,27,17,13,29,23,20,0,22,27,44
2005,210839,1,1,0,0,0,0,0,0,0,0,0,0
2005,210840,1,1,0,0,0,0,0,0,0,0,0,0
2005,210840,2,1,0,0,0,0,0,0,0,0,0,0
2005,210841,1,1,0,0,0,0,0,0,0,0,0,0
2005,210841,2,1,0,0,0,0,0,0,0,0,0,0
2005,210842,1,1,0,0,0,0,0,0,0,0,0,0
2005,210843,1,1,18,18,18,18,18,18,18,18,18,18
2005,210844,1,1,0,0,0,0,0,0,0,0,0,0
2005,210844,2,1,0,0,0,0,0,0,0,0,0,0
2005,210845,1,1,0,0,0,0,0,0,0,0,0,0
2005,210846,1,1,23,23,23,23,23,23,23,23,23,23
2005,210846,2,2,0,0,0,15,0,0,4,0,0,0
2005,210847,1,1,22,22,22,22,22,22,22,22,22,22
2005,210848,0,1,0,22,0,0,44,0,8,0,0,0
2005,210848,1,1,0,0,0,0,0,0,0,0,0,0
2005,210849,1,1,0,0,0,0,0,0,0,0,0,0
2005,210849,2,1,0,0,0,0,0,0,0,0,0,0
2005,210850,1,1,0,0,0,0,0,0,0,0,0,0
2005,210850,2,1,0,0,0,0,0,0,0,0,0,0
2005,210851,1,1,0,0,0,0,0,3,0,0,0,0
2005,210851,2,1,0,0,0,0,0,0,0,0,0,0
2005,210852,1,1,0,0,0,0,0,0,0,0,0,0
2005,210852,2,1,0,0,0,0,0,0,0,0,0,0
2005,210853,1,1,0,0,0,0,0,0,0,0,0,12
2005,210854,1,1,23,19,22,0,0,0,0,0,19,0
2005,210855,1,1,0,0,0,0,0,0,0,0,0,0
2005,210856,1,1,0,0,0,0,0,0,0,0,0,0
2005,210857,1,1,0,0,0,0,0,0,0,0,0,0
2005,210858,1,2,0,0,0,0,0,0,10,0,10,0
2005,210859,1,1,0,0,0,0,0,0,0,0,0,0
2005,210860,1,1,27,27,27,27,27,27,27,27,27,27
2005,210860,2,1,0,0,0,0,0,0,0,0,0,0
2005,210861,1,1,0,0,0,0,0,0,0,0,0,0
2005,210861,2,1,0,0,0,0,17,0,0,0,0,0
2005,210862,1,1,3,3,3,3,3,3,3,3,3,3
2005,210863,1,1,0,0,0,0,0,0,0,0,0,0
2005,210863,2,1,0,0,0,0,0,0,0,0,0,0
2005,210864,0,1,0,0,0,0,14,0,0,23,0,0
2005,210864,1,1,0,0,0,0,0,0,0,0,0,0
2005,210865,1,1,0,0,0,0,0,0,0,0,0,0
2005,210866,1,1,0,0,0,0,0,0,0,0,0,0
2005,210866,2,1,0,0,0,0,0,12,8,0,0,0
2005,210867,1,1,0,0,0,0,0,0,0,0,0,0
2005,210868,1,1,0,0,0,0,0,0,0,0,0,0
2005,210869,1,1,12,14,39,31,25,16,13,7,23,17
2005,210870,1,1,0,0,0,0,0,0,0,0,0,0
2005,210871,1,1,0,0,0,0,0,0,0,0,0,0
2005,210871,2,1,0,0,0,0,0,0,0,0,0,0
2005,210871,3,1,0,0,0,0,0,0,0,0,0,0
2005,210872,1,1,15,8,5,14,17,18,18,9,15,7
2005,210873,1,1,0,0,0,0,0,0,0,0,0,0
2005,210874,1,1,0,0,0,0,0,0,0,0,0,0
2005,210875,1,1,0,0,0,0,0,0,0,0,0,0
2005,210875,2,1,0,0,0,0,0,0,0,0,0,0
2005,210876,1,1,0,0,0,0,0,0,9,0,0,19
2005,210876,2,1,0,0,0,0,0,13,0,0,0,0
2005,210877,1,1,0,0,9,0,0,0,0,0,0,0
2005,210877,2,1,6,6,6,6,6,6,6,6,6,6
2005,210878,1,1,0,0,0,0,0,0,0,0,0,0
2005,210878,2,1,0,0,0,0,12,0,0,0,0,0
2005,210879,1,1,0,0,0,0,0,0,0,0,0,0
2005,210879,2,1,0,0,0,0,0,0,0,0,0,0
2005,210880,1,1,13,13,13,13,13,13,13,13,13,13
2005,210880,2,1,0,0,0,0,0,0,0,0,0,0
2005,210880,3,1,0,0,0,0,0,0,0,0,0,0
2005,210881,1,1,0,0,0,0,0,0,0,0,0,0
2005,210882,1,1,0,4,0,8,0,0,0,0,0,0
2005,210883,1,1,0,0,0,0,0,0,0,0,0,0
2005,210884,1,1,12,0,0,0,23,0,0,0,0,0
2005,210885,1,1,0,0,0,0,0,0,0,0,0,0
2005,220001,1,1,22,22,22,22,22,22,22,22,22,22
2005,220002,0,1,0,12,0,34,0,32,27,0,19,10
2005,220002,1,1,3,3,3,3,3,3,3,3,3,3
2005,220003,1,1,13,13,13,13,13,13,13,13,13,13
2005,220004,1,1,22,22,22,22,22,22,22,22,22,22
2005,220005,1,1,0,0,0,0,0,0,0,0,0,0
2005,220006,1,1,21,21,21,21,21,21,21,21,21,21
2005,220007,1,1,22,22,22,22,22,22,22,22,22,22
2005,220007,2,1,0,0,0,0,0,0,0,0,0,0
2005,220008,1,1,0,0,0,0,0,0,0,0,0,0
2005,220009,1,1,0,0,0,0,0,0,0,0,0,0
2005,220009,2,1,0,0,0,0,0,0,0,0,0,0
2005,220010,1,1,0,0,0,0,5,0,0,0,0,0
2005,220010,2,1,10,0,0,0,0,0,0,0,0,0
2005,220011,1,1,21,21,21,21,21,21,21,21,21,21
2005,220011,2,1,0,0,0,0,0,0,0,0,0,0
2005,220011,3,1,0,0,0,0,0,0,0,0,0,0
2005,220012,1,1,0,0,0,0,0,0,0,0,0,0
2005,220012,2,1,0,0,0,0,0,0,0,0,0,0
2005,220013,1,1,14,14,14,14,14,14,14,14,14,14
2005,220014,1,1,0,0,0,0,0,0,0,0,0,14
2005,220015,0,1,0,0,0,0,0,0,0,0,0,0
2005,220015,1,1,0,0,0,0,0,0,0,0,0,0
2005,220016,0,1,0,0,0,0,0,0,0,0,0,0
2005,220016,1,1,0,0,0,0,0,0,0,0,0,0
2005,220017,1,1,34,34,34,34,34,34,34,34,34,34
2005,220018,0,1,0,0,0,0,20,0,0,0,0,0
2005,220018,1,1,0,0,0,0,0,0,0,0,0,0
2005,220019,1,1,0,0,0,0,0,0,0,0,0,0
2005,220020,1,1,0,0,0,0,0,0,0,0,0,0
2005,220020,2,1,0,0,0,0,0,0,0,0,0,0
2005,220021,1,1,0,0,0,0,0,0,0,0,0,0
2005,220022,1,1,9,9,9,9,9,9,9,9,9,9
2005,220022,2,1,0,0,0,0,0,0,0,0,0,0
2005,220023,1,1,0,0,0,0,0,0,0,0,0,0
2005,220024,1,1,0,0,0,0,0,0,0,0,0,0
2005,220024,2,1,7,0,0,0,0,0,0,0,0,0
2005,220025,1,1,16,16,16,16,16,16,16,16,16,16
2005,220026,1,1,0,0,0,0,0,0,0,0,0,0
2005,220027,1,1,13,13,13,13,13,13,13,13,13,13
2005,220027,2,1,0,0,0,0,0,0,19,0,0,0
2005,220028,1,1,0,0,0,0,0,0,0,0,0,0
2005,220028,2,1,0,0,0,0,0,0,0,0,0,0
2005,220028,3,1,0,0,0,0,0,0,0,0,0,0
2005,220029,0,1,0,0,0,0,0,0,0,0,0,0
2005,220029,1,1,0,0,0,0,0,0,0,0,0,0
2005,220030,1,1,0,0,0,18,0,0,0,5,11,0
2005,220031,1,1,0,0,0,0,0,0,0,0,0,0
2005,220031,2,1,0,0,0,0,0,0,0,0,0,0
2005,220032,1,1,0,0,0,0,0,0,0,0,0,0
2005,220032,2,1,0,0,0,0,0,0,0,0,0,0
2005,220032,3,1,0,0,0,0,0,0,0,0,0,0
2005,220033,1,1,10,10,10,10,10,10,10,10,10,10
2005,220034,1,1,0,0,0,0,0,0,0,0,0,0
2005,220034,2,1,0,0,0,0,27,0,0,0,0,0
2005,220035,0,1,0,0,0,0,0,0,0,0,0,0
2005,220035,1,1,0,0,0,0,0,0,0,0,0,0
2005,220036,0,1,0,0,0,0,0,0,0,0,0,12
2005,220036,1,1,0,0,0,0,0,0,0,0,0,0
2005,220037,1,1,0,0,0,20,0,31,0,0,20,0
2005,220038,1,1,0,38,14,14,13,17,26,10,20,10
2005,220039,1,1,0,0,0,0,0,0,0,0,0,0
2005,220039,2,1,0,0,0,0,0,0,0,0,0,0
2005,220040,0,1,0,0,0,22,0,0,0,0,0,0
2005,220040,1,1,0,0,0,0,0,0,0,0,0,0
2005,220041,1,1,0,0,0,0,0,0,0,0,0,0
2005,220041,2,1,0,0,0,0,0,0,0,0,0,0
2005,220042,1,1,0,0,0,0,0,0,0,0,0,0
2005,220042,2,1,0,0,0,0,0,0,0,0,0,0
2005,220042,3,1,0,0,0,0,0,0,0,0,0,0
2005,220043,0,1,0,0,0,0,0,0,0,0,0,0
2005,220043,1,1,18,18,18,18,18,18,18,18,18,18
2005,220044,1,1,18,14,11,0,7,0,24,25,28,6
2005,220044,2,1,0,0,0,0,0,0,0,0,0,0
2005,220045,1,1,0,0,0,0,0,0,0,0,0,0
2005,220046,0,1,0,0,19,16,0,21,15,22,6,13
2005,220046,1,1,0,0,0,0,0,0,0,0,0,0
2005,220047,1,1,0,0,0,0,0,0,0,0,0,0
2005,220047,2,1,0,0,0,0,0,0,0,0,0,0
2005,220048,1,1,24,24,24,24,24,24,24,24,24,24
2005,220049,1,1,0,0,0,0,0,0,0,0,0,0
2005,220049,2,1,0,0,0,22,0,15,0,0,0,0
2005,220050,1,1,0,0,0,0,0,0,0,0,0,0
2005,220050,2,1,0,0,0,0,0,0,0,0,0,0
2005,220051,1,1,24,0,12,17,0,0,11,18,0,18
2005,220052,1,1,0,0,0,0,0,0,0,0,0,0
2005,220052,2,1,0,0,0,0,0,0,0,0,0,0
2005,220053,1,1,0,0,0,0,0,0,0,0,0,0
2005,220054,1,1,0,10,0,0,0,0,0,0,0,0
2005,220054,2,1,0,0,0,0,0,0,0,0,0,0
2005,220055,1,1,0,0,0,0,0,0,0,0,0,0
2005,220055,2,1,0,0,0,0,0,0,0,0,0,0
2005,220056,0,1,19,19,19,19,19,19,19,19,19,19
2005,220056,1,1,0,0,0,0,0,0,0,0,0,0
2005,220057,1,1,12,14,0,12,23,20,0,9,13,21
2005,220058,0,1,17,0,19,40,0,0,0,14,0,0
2005,220058,1,1,30,17,0,0,10,0,0,0,14,0
2005,220059,1,1,0,16,13,0,0,30,27,18,0,22
2005,220060,1,1,0,0,6,16,22,0,25,20,23,11
2005,220061,1,1,18,0,12,8,3,0,14,13,11,5
2005,220061,2,1,0,0,0,0,0,0,0,0,0,0
2005,220061,3,1,0,0,0,0,0,0,0,0,0,0
2005,220061,4,1,0,0,0,0,0,0,0,0,0,0
2005,220061,5,1,0,0,0,0,0,0,0,0,0,0
2005,220061,6,1,0,0,0,0,0,0,0,0,0,0
2005,220062,1,1,26,26,26,26,26,26,26,26,26,26
2005,220063,0,1,0,0,0,8,0,0,0,0,0,0
2005,220063,1,1,15,18,4,13,11,24,20,20,10,9
2005,220064,1,1,0,0,0,0,0,0,0,0,0,0
2005,220065,1,1,0,0,0,0,0,0,0,0,0,0
2005,220065,2,1,0,0,0,0,16,0,0,0,0,0
2005,220065,3,1,0,0,0,0,0,0,0,0,0,0
2005,220066,0,1,18,18,18,18,18,18,18,18,18,18
2005,220066,1,1,0,0,0,0,0,0,0,0,0,0
2005,220067,0,1,0,0,0,0,0,0,0,0,0,0
2005,220067,1,1,0,0,0,0,0,0,0,0,0,0
2005,220068,1,1,0,0,0,0,0,0,0,0,0,0
2005,220068,2,1,0,0,0,0,0,0,0,0,0,0
2005,220069,1,1,0,0,0,0,0,0,0,0,0,0
2005,220069,2,1,0,0,0,0,0,0,0,0,0,0
2005,220070,1,1,0,0,0,0,0,10,0,0,0,0
2005,220070,2,1,0,0,0,0,0,0,0,0,0,0
2005,220070,3,1,0,0,0,0,0,0,0,0,0,0
2005,220071,1,1,0,0,18,0,28,17,27,33,16,0
2005,220072,1,1,34,34,34,34,34,34,34,34,34,34
2005,220073,1,1,27,27,27,27,27,27,27,27,27,27