YEAR,ST_CASE,veh_no,per_no,P1,P2,P3,P4,P5,P6,P7,P8,P9,P10
2005,220074,1,1,0,0,0,0,0,10,0,0,0,0
2005,220074,2,1,0,0,0,0,0,0,0,0,0,0
2005,220075,1,1,0,0,0,0,0,0,0,0,0,0
2005,220075,2,1,0,0,0,0,0,0,0,0,0,0
2005,220075,3,1,0,0,0,0,0,0,0,0,0,0
2005,220076,1,1,0,0,0,0,0,0,0,0,0,0
2005,220076,2,1,0,0,0,0,0,0,0,0,0,0
2005,220076,3,1,0,0,0,0,0,0,0,0,0,0
2005,220077,1,1,0,30,36,33,0,27,34,12,15,0
2005,220078,1,1,0,0,10,15,0,0,0,0,17,0
2005,220078,2,1,0,0,0,0,0,0,0,0,0,0
2005,220079,1,1,4,4,4,4,4,4,4,4,4,4
2005,220079,2,1,0,0,0,0,0,0,0,0,0,0
2005,220080,1,1,0,0,0,0,0,0,0,0,0,0
2005,220080,2,1,0,0,0,0,0,0,0,0,0,0
2005,220080,3,1,0,0,0,0,0,0,0,0,9,0
2005,220081,1,1,0,0,0,0,0,0,0,0,18,0
2005,220082,1,1,10,0,0,0,0,0,0,0,0,0
2005,220082,2,1,0,0,0,0,0,0,0,0,0,0
2005,220083,1,1,11,11,11,11,11,11,11,11,11,11
2005,220084,1,1,0,0,0,0,0,0,0,0,0,0
2005,220084,2,1,0,0,0,0,0,0,0,0,0,0
2005,220085,1,1,12,12,12,12,12,12,12,12,12,12
2005,220086,1,1,0,0,0,0,0,0,0,0,0,11
2005,220086,2,1,0,0,0,0,0,0,0,0,0,0
2005,220087,1,1,0,0,0,0,0,0,0,0,0,0
2005,220087,2,1,0,0,0,0,0,5,0,0,0,0
2005,220088,1,1,0,0,0,0,0,0,0,0,0,0
2005,220089,1,1,11,0,20,0,0,0,0,0,26,0
2005,220090,1,1,0,0,0,0,0,0,0,0,0,0
2005,220090,2,1,0,0,0,0,0,0,0,0,0,0
2005,220091,1,1,30,30,30,30,30,30,30,30,30,30
2005,220092,1,1,0,0,0,0,37,0,0,0,0,0
2005,220093,1,1,0,0,0,0,0,0,0,0,0,16
2005,220094,1,1,0,0,0,0,0,0,0,0,0,0
2005,220094,2,1,0,0,0,0,0,0,0,0,0,0
2005,220095,1,1,0,0,0,0,0,0,0,0,0,0
2005,220095,2,1,0,0,0,0,0,0,0,0,0,0
2005,220096,1,1,0,18,47,10,14,25,26,30,27,8
2005,220097,1,1,0,0,0,0,0,0,0,0,0,0
2005,220097,2,1,0,0,0,0,0,0,0,0,0,0
2005,220097,3,1,0,0,0,0,0,0,0,0,0,0
2005,220097,4,1,0,0,0,0,0,0,0,0,0,0
2005,220098,1,1,18,18,18,18,18,18,18,18,18,18
2005,220099,1,1,0,0,0,0,0,0,0,0,0,0
2005,220099,2,1,0,0,0,0,0,0,0,0,0,0
2005,220100,1,1,0,0,0,0,0,0,0,0,0,0
2005,220101,1,1,0,22,12,0,13,0,0,14,16,0
2005,220102,1,1,14,22,0,21,0,16,0,31,21,0
2005,220103,1,1,0,0,0,0,0,0,0,0,0,0
2005,220103,2,1,0,0,0,0,0,0,0,0,0,0
2005,220104,1,1,0,0,0,0,0,0,0,0,0,0
2005,220104,2,1,0,0,0,0,0,0,0,0,0,0
2005,220104,3,1,12,0,0,0,0,0,0,0,0,0
2005,220105,1,1,0,0,0,0,0,0,0,0,0,0
2005,220106,1,1,0,0,0,0,0,0,0,0,0,0
2005,220107,1,1,29,29,29,29,29,29,29,29,29,29
2005,220108,0,1,26,26,26,26,26,26,26,26,26,26
2005,220108,1,1,1,1,1,1,1,1,1,1,1,1
2005,220109,1,1,1,1,1,1,1,1,1,1,1,1
2005,220110,1,1,23,23,23,23,23,23,23,23,23,23
2005,220111,0,1,0,0,9,0,0,0,13,0,0,0
2005,220111,1,1,17,0,0,0,0,14,0,0,19,0
2005,220112,1,1,0,0,0,0,0,0,0,0,0,0
2005,220112,2,1,0,0,0,0,0,0,0,0,11,25
2005,220113,1,1,25,25,25,25,25,25,25,25,25,25
2005,220113,3,1,0,0,0,0,0,0,0,0,10,0
2005,220114,1,1,0,0,0,0,0,39,0,0,0,0
2005,220114,2,1,0,0,0,0,0,0,0,0,0,0
2005,220115,1,1,0,0,0,0,0,0,0,0,0,0
2005,220115,2,1,0,0,3,0,0,0,4,0,10,20
2005,220116,0,1,6,0,24,17,22,14,14,21,0,0
2005,220116,1,1,0,3,0,0,0,22,0,12,0,0
2005,220117,0,1,0,0,0,0,0,0,0,0,0,0
2005,220117,1,1,1,1,1,1,1,1,1,1,1,1
2005,220117,2,1,0,0,0,0,0,0,0,0,0,0
2005,220118,1,1,0,0,0,0,0,0,0,0,0,0
2005,220118,2,1,0,0,0,0,0,0,0,0,0,0
2005,220119,1,1,0,0,0,0,0,0,0,0,0,0
2005,220119,2,1,0,0,0,0,0,0,0,0,0,0
2005,220120,1,1,0,0,0,0,0,0,0,0,0,0
2005,220121,1,1,11,11,11,11,11,11,11,11,11,11
2005,220122,1,1,20,20,20,20,20,20,20,20,20,20
2005,220123,1,1,0,0,0,0,0,0,0,0,0,0
2005,220124,1,1,0,0,0,0,0,0,0,0,0,4
2005,220125,1,1,16,19,26,12,24,22,6,29,18,33
2005,220125,2,1,0,0,0,0,0,0,0,0,0,0
2005,220126,1,1,15,15,15,15,15,15,15,15,15,15
2005,220127,0,1,0,0,0,0,0,0,0,0,16,0
2005,220127,1,1,0,0,0,0,0,0,12,0,0,0
2005,220128,1,1,0,0,0,0,0,0,0,0,0,0
2005,220128,2,1,0,0,0,0,0,0,0,0,0,0
2005,220129,1,1,15,15,15,15,15,15,15,15,15,15
2005,220129,2,1,0,0,0,0,0,0,0,0,0,0
2005,220130,1,1,0,0,0,0,0,0,12,0,0,13
2005,220131,1,1,2,2,2,2,2,2,2,2,2,2
2005,220131,2,1,11,11,11,11,11,11,11,11,11,11
2005,220132,1,1,10,10,10,10,10,10,10,10,10,10
2005,220132,2,1,0,0,0,0,0,0,0,0,0,0
2005,220132,3,1,0,0,0,0,0,0,0,0,0,0
2005,220132,4,1,0,0,0,0,0,0,0,0,0,0
2005,220133,1,1,0,9,23,10,11,23,24,17,0,10
2005,220134,1,1,2,2,2,2,2,2,2,2,2,2
2005,220134,2,1,0,0,0,0,0,0,0,0,0,0
2005,220135,0,1,20,20,20,20,20,20,20,20,20,20
2005,220135,1,1,0,0,0,0,0,0,0,0,0,0
2005,220136,1,1,17,0,0,23,0,0,0,14,0,0
2005,220136,2,1,0,0,0,0,0,0,0,0,0,0
2005,220136,3,1,0,0,0,0,0,0,0,0,0,0
2005,220137,1,1,0,0,0,0,0,0,0,0,0,0
2005,220137,2,1,0,0,0,0,0,0,0,0,0,0
2005,220138,1,1,14,14,14,14,14,14,14,14,14,14
2005,220139,1,1,0,0,10,9,0,0,0,1,0,16
2005,220140,0,1,0,0,0,0,0,0,0,0,0,0
2005,220140,1,1,0,0,0,0,0,0,0,0,0,0
2005,220141,1,1,0,0,0,0,0,0,0,0,0,0
2005,220141,2,1,2,2,2,2,2,2,2,2,2,2
2005,220142,1,1,0,0,6,0,0,0,0,0,0,0
2005,220142,2,1,0,0,0,0,0,0,0,0,0,0
2005,220143,0,1,0,0,0,0,0,0,0,0,0,0
2005,220143,1,1,0,0,0,0,0,0,0,0,0,0
2005,220144,1,1,11,11,11,11,11,11,11,11,11,11
2005,220145,1,1,0,0,0,0,0,0,0,0,0,0
2005,220145,2,1,0,0,0,0,0,0,0,6,0,0
2005,220146,1,1,0,0,0,0,0,0,0,0,0,0
2005,220146,2,1,0,0,0,0,0,0,0,0,0,0
2005,220147,1,1,0,0,0,0,0,0,0,0,0,0
2005,220147,2,1,0,0,0,0,0,0,0,0,0,0
2005,220148,1,1,19,19,19,19,19,19,19,19,19,19
2005,220149,1,1,0,6,13,0,0,24,0,10,0,19
2005,220149,2,1,0,0,0,0,0,0,0,0,0,0
2005,220150,1,1,21,21,21,21,21,21,21,21,21,21
2005,220151,1,1,5,5,5,5,5,5,5,5,5,5
2005,220151,2,1,0,0,0,0,0,0,0,0,0,0
2005,220152,1,1,0,0,0,0,29,0,0,0,0,0
2005,220153,1,1,0,0,10,0,0,24,16,32,0,0
2005,220154,1,1,30,30,30,30,30,30,30,30,30,30
2005,220155,1,1,1,1,1,1,1,1,1,1,1,1
2005,220155,2,1,0,0,0,0,0,0,0,0,0,0
2005,220156,1,1,0,0,0,0,0,0,0,0,0,0
2005,220157,1,1,0,0,0,0,0,0,0,0,0,0
2005,220157,2,1,20,0,0,0,0,0,0,8,0,0
2005,220158,1,1,0,0,0,0,0,0,0,0,0,0
2005,220158,2,1,18,0,0,2,22,24,3,0,0,18
2005,220159,1,1,0,0,0,0,0,0,0,0,0,0
2005,220159,2,1,0,0,0,0,0,0,0,0,0,0
2005,220160,1,1,0,0,0,10,0,18,4,0,0,0
2005,220160,2,1,0,0,0,0,0,0,0,0,0,0
2005,220161,1,1,0,0,0,0,0,0,0,0,0,0
2005,220161,2,1,0,0,14,0,0,0,0,0,0,0
2005,220162,1,1,24,24,24,24,24,24,24,24,24,24
2005,220163,1,1,27,27,27,27,27,27,27,27,27,27
2005,220163,2,1,0,0,0,0,0,0,0,15,0,0
2005,220164,1,1,0,0,0,0,0,0,0,0,0,0
2005,220164,2,1,0,0,0,0,0,0,0,0,0,0
2005,220165,1,1,0,0,0,0,0,0,0,0,0,0
2005,220166,1,1,3,3,3,3,3,3,3,3,3,3
2005,220167,0,1,10,20,46,25,13,25,39,9,13,30
2005,220167,0,2,21,0,13,0,9,0,15,0,0,22
2005,220167,1,1,0,0,0,0,0,0,0,0,0,0
2005,220168,1,1,0,0,0,6,10,0,0,0,0,0
2005,220169,1,1,21,9,3,18,39,18,14,17,28,24
2005,220170,1,1,0,0,0,0,0,0,0,0,0,0
2005,220170,2,1,0,0,0,0,0,0,0,0,0,0
2005,220171,1,1,0,0,0,0,0,0,0,0,0,0
2005,220172,1,1,0,0,0,0,0,7,0,0,0,0
2005,220173,1,1,29,29,29,29,29,29,29,29,29,29
2005,220174,1,1,0,0,0,0,0,0,0,0,0,0
2005,220174,2,1,0,0,0,0,0,0,0,0,0,0
2005,220175,1,1,0,0,0,0,0,0,0,0,0,0
2005,220175,2,1,11,11,11,11,11,11,11,11,11,11
2005,220176,1,1,0,0,0,0,0,0,0,0,0,0
2005,220176,2,1,0,0,17,7,0,0,0,12,15,0
2005,220177,1,1,19,19,19,19,19,19,19,19,19,19
2005,220178,1,1,0,0,0,0,0,0,6,0,0,0
2005,220178,2,1,0,0,0,0,0,0,0,0,0,0
2005,220179,1,1,0,0,0,0,0,0,0,0,0,0
2005,220179,2,1,0,0,0,0,0,0,0,0,0,0
2005,220180,1,1,0,0,17,0,0,14,0,21,22,0
2005,220180,2,1,0,0,0,0,0,0,0,0,0,0
2005,220181,1,1,0,0,0,0,0,0,0,0,0,0
2005,220181,2,1,0,0,0,0,0,0,0,0,0,0
2005,220182,1,1,0,0,0,0,0,0,0,0,0,0
2005,220182,2,1,0,0,0,0,0,0,0,0,0,0
2005,220182,3,1,0,0,0,0,0,0,0,0,0,0
2005,220183,0,1,0,21,0,14,5,0,10,20,0,14
2005,220183,0,2,26,7,0,0,0,27,0,18,15,0
2005,220183,1,1,0,0,0,0,0,0,0,0,0,0
2005,220184,0,1,0,0,0,0,0,0,0,0,0,0
2005,220184,0,2,0,0,0,0,0,0,0,0,0,0
2005,220184,1,1,0,0,0,0,0,0,0,0,0,0
2005,220184,2,1,0,0,0,0,0,0,0,0,0,0
2005,220185,0,1,16,16,16,16,16,16,16,16,16,16
2005,220185,1,1,0,0,0,0,0,0,0,0,0,0
2005,220186,1,1,0,0,0,0,0,0,0,0,0,0
2005,220187,1,1,20,20,20,20,20,20,20,20,20,20
2005,220188,1,1,0,0,0,0,0,0,0,0,0,0
2005,220188,2,1,0,0,0,0,0,0,0,0,0,0
2005,220188,3,1,0,0,0,0,0,0,0,0,0,0
2005,220189,1,1,0,0,0,0,0,0,0,0,0,0
2005,220189,2,1,0,0,0,0,0,0,0,0,0,0
2005,220190,0,1,0,0,0,0,0,0,0,0,0,0
2005,220190,1,1,1,1,1,1,1,1,1,1,1,1
2005,220191,1,1,12,12,12,12,12,12,12,12,12,12
2005,220192,1,1,12,12,12,12,12,12,12,12,12,12
2005,220193,1,1,0,0,0,0,0,0,0,0,0,0
2005,220193,2,1,0,0,0,0,0,0,0,0,0,0
2005,220193,3,1,0,0,0,0,0,0,0,0,0,0
2005,220194,1,1,0,0,0,0,0,0,0,0,0,0
2005,220194,2,1,0,0,0,0,0,0,0,0,0,0
2005,220195,2,1,19,0,0,26,0,0,15,0,0,0
2005,220196,1,1,18,18,18,18,18,18,18,18,18,18
2005,220197,1,1,15,15,15,15,15,15,15,15,15,15
2005,220198,1,1,0,0,0,0,0,0,0,0,0,0
2005,220199,1,1,0,0,0,0,0,0,0,0,0,0
2005,220200,1,1,0,0,0,34,11,0,8,0,0,0
2005,220201,1,1,0,0,7,18,0,0,0,0,0,0
2005,220202,1,1,28,28,28,28,28,28,28,28,28,28
2005,220203,1,1,0,0,0,0,0,0,0,19,0,0
2005,220203,2,1,0,0,0,0,0,0,0,0,0,0
2005,220204,1,1,0,0,0,0,30,0,0,0,0,0
2005,220205,0,1,14,14,14,14,14,14,14,14,14,14
2005,220205,1,1,0,0,0,0,0,0,0,0,0,0
2005,220206,0,1,0,0,6,0,0,0,0,0,15,0
2005,220206,1,1,0,0,0,0,0,0,0,0,0,0
2005,220207,1,1,11,34,34,43,21,21,11,20,0,0
2005,220208,1,1,11,0,0,0,0,0,17,0,0,0
2005,220208,2,1,0,0,0,0,0,0,0,0,0,0
2005,220209,1,1,0,0,0,0,0,0,0,0,0,0
2005,220210,1,1,0,0,0,0,0,0,0,0,0,0
2005,220211,1,1,21,21,21,21,21,21,21,21,21,21
2005,220212,0,1,0,17,6,0,0,20,0,0,0,0
2005,220212,1,1,0,0,0,0,0,0,0,0,0,0
2005,220213,1,1,23,23,23,23,23,23,23,23,23,23
2005,220213,2,1,0,0,0,0,0,0,0,0,0,0
2005,220214,1,1,28,8,23,18,0,16,9,19,0,0
2005,220215,1,1,12,0,0,0,0,0,0,0,0,0
2005,220216,1,1,0,0,0,0,0,0,0,0,0,0
2005,220216,2,1,0,0,0,0,0,0,0,0,0,0
2005,220217,1,1,0,0,0,0,0,0,0,0,0,0
2005,220217,2,1,0,0,0,0,0,0,0,0,0,3
2005,220218,1,1,10,10,10,10,10,10,10,10,10,10
2005,220219,0,1,14,18,32,0,0,15,12,11,25,17
2005,220219,1,1,0,0,15,12,0,0,0,0,0,0
2005,220220,1,1,0,0,0,0,0,0,0,0,0,0
2005,220221,1,1,0,0,0,0,0,0,0,0,0,0
2005,220222,1,1,16,16,16,16,16,16,16,16,16,16
2005,220222,2,1,0,0,0,0,0,0,0,0,0,6
2005,220223,1,1,11,9,0,0,0,11,0,0,31,0
2005,220224,1,1,0,0,0,0,0,0,0,0,0,0
2005,220224,2,1,0,0,0,0,0,0,0,0,0,0
2005,220224,3,1,0,0,0,0,0,0,0,0,0,0
2005,220225,0,1,0,0,0,0,0,0,0,0,0,0
2005,220225,1,1,1,1,1,1,1,1,1,1,1,1
2005,220226,1,1,0,0,0,0,0,0,0,0,0,0
2005,220226,2,1,0,0,0,0,0,0,0,0,0,0
2005,220226,3,1,0,0,0,0,0,0,0,0,0,0
2005,220227,1,1,26,26,26,26,26,26,26,26,26,26
2005,220227,2,1,0,0,0,0,0,0,0,0,0,0
2005,220228,1,1,0,0,17,0,0,25,0,0,18,0
2005,220229,1,1,22,22,22,22,22,22,22,22,22,22
2005,220230,0,1,0,0,0,0,0,0,0,0,0,0
2005,220230,1,1,0,0,0,0,0,0,0,0,0,0
2005,220231,1,1,0,0,0,0,0,0,0,0,0,0
2005,220231,2,1,0,0,0,0,0,0,0,0,0,0
2005,220232,1,1,0,0,0,0,0,0,0,0,0,0
2005,220233,1,1,0,0,0,0,0,0,0,0,0,0
2005,220233,2,1,0,0,0,0,0,0,0,0,0,0
2005,220234,1,1,24,17,0,23,0,9,14,0,0,0
2005,220235,1,1,23,12,22,13,28,18,22,11,22,24
2005,220236,1,1,0,0,0,0,0,0,0,0,0,0
2005,220236,2,1,0,0,7,8,0,0,0,10,0,0
2005,220237,1,1,28,28,28,28,28,28,28,28,28,28
2005,220237,2,1,0,0,0,0,0,0,0,0,0,0
2005,220238,1,1,15,15,15,15,15,15,15,15,15,15
2005,220239,0,1,16,0,19,12,0,0,0,19,5,0
2005,220239,1,1,0,0,0,0,0,0,0,0,0,0
2005,220240,1,1,7,0,9,0,0,0,0,0,0,0
2005,220240,2,1,0,10,0,0,0,0,0,0,0,0
2005,220241,1,1,0,0,0,0,24,11,12,24,12,2
2005,220242,1,1,0,0,0,0,0,0,0,0,0,0
2005,220242,2,1,0,0,0,0,0,0,0,0,0,0
2005,220243,1,1,0,0,0,0,0,0,0,0,0,0
2005,220243,2,1,0,0,0,0,0,11,0,0,0,0
2005,220243,3,1,0,0,0,0,0,0,0,0,0,0
2005,220244,1,1,15,15,15,15,15,15,15,15,15,15
2005,220244,2,1,0,0,0,0,0,0,0,0,0,0
2005,220245,1,1,14,14,14,14,14,14,14,14,14,14
2005,220246,1,1,0,25,0,0,0,0,5,0,0,0
2005,220246,2,1,0,0,0,0,0,0,0,0,0,0
2005,220247,1,1,7,17,9,0,19,0,37,10,16,16
2005,220247,2,1,11,12,7,14,25,28,12,0,2,26
2005,220248,1,1,14,14,14,14,14,14,14,14,14,14
2005,220249,1,1,22,22,22,22,22,22,22,22,22,22
2005,220250,1,1,0,0,0,0,0,0,0,0,0,0
2005,220250,2,1,0,0,0,0,0,0,0,0,0,0
2005,220250,3,1,0,0,0,0,0,0,0,0,0,0
2005,220251,1,1,0,19,10,21,6,0,0,0,0,14
2005,220252,1,1,12,0,5,0,16,0,0,0,16,12
2005,220252,2,1,11,0,0,0,0,0,0,0,0,0
2005,220253,1,1,31,9,19,29,29,24,20,9,29,26
2005,220254,1,1,23,23,23,23,23,23,23,23,23,23
2005,220254,2,1,0,0,0,0,0,0,0,0,0,0
2005,220255,1,1,12,12,12,12,12,12,12,12,12,12
2005,220256,1,1,0,0,0,0,0,0,0,0,0,0
2005,220257,1,1,0,0,0,0,0,0,0,0,0,0
2005,220258,0,1,0,0,0,0,0,0,0,0,0,0
2005,220258,1,1,0,0,0,0,0,0,0,0,0,0
2005,220259,1,1,0,0,0,0,0,0,0,0,0,0
2005,220260,1,1,0,0,0,0,0,0,0,0,0,0
2005,220260,2,1,0,0,0,0,0,0,0,0,0,0
2005,220261,1,1,0,0,7,0,0,0,0,0,0,0
2005,220261,2,1,0,0,0,0,0,0,0,0,0,0
2005,220262,1,1,29,29,29,29,29,29,29,29,29,29
2005,220262,2,1,0,0,0,0,0,0,0,0,0,0
2005,220263,1,1,10,10,10,10,10,10,10,10,10,10
2005,220264,1,1,14,14,14,14,14,14,14,14,14,14
2005,220264,2,1,0,0,0,0,0,0,0,0,0,0
2005,220265,1,1,28,15,16,4,4,0,18,6,0,31
2005,220266,1,1,6,6,6,6,6,6,6,6,6,6
2005,220266,2,1,0,12,0,0,0,0,0,0,0,0
2005,220267,1,1,2,2,2,2,2,2,2,2,2,2
2005,220268,1,1,17,17,17,17,17,17,17,17,17,17
2005,220269,1,1,0,0,0,0,0,0,0,0,0,0
2005,220269,2,1,0,0,0,0,0,0,0,0,0,0
2005,220270,1,1,0,9,13,22,28,38,24,0,21,0
2005,220271,1,1,15,15,15,15,15,15,15,15,15,15
2005,220271,2,1,0,0,0,0,0,0,0,0,0,0
2005,220272,1,1,0,0,0,0,15,0,8,0,0,0
2005,220272,2,1,0,0,0,0,0,0,0,0,0,0
2005,220273,1,1,27,27,27,27,27,27,27,27,27,27
2005,220274,1,1,34,18,19,0,20,11,39,28,0,28
2005,220275,1,1,0,0,0,0,0,0,0,0,0,0
2005,220275,2,1,0,0,0,0,0,0,0,0,0,0
2005,220276,1,1,20,14,16,18,0,27,23,0,34,23
2005,220277,1,1,0,0,0,0,0,0,0,0,0,0
2005,220277,2,1,0,0,0,0,0,0,0,0,0,0
2005,220278,1,1,26,28,18,19,11,26,26,27,16,26
2005,220279,1,1,11,11,11,11,11,11,11,11,11,11
2005,220279,2,1,0,0,0,0,0,0,0,0,0,0
2005,220280,1,1,0,0,0,0,0,0,0,0,0,0
2005,220281,1,1,0,14,21,0,0,7,40,38,38,16
2005,220282,1,1,0,0,0,0,0,0,0,0,12,0
2005,220283,1,1,0,0,12,10,0,0,7,0,15,0
2005,220284,1,1,12,12,12,12,12,12,12,12,12,12
2005,220284,2,1,0,0,0,0,0,0,0,0,0,0
2005,220285,1,1,18,18,18,18,18,18,18,18,18,18
2005,220286,1,1,0,0,0,0,0,0,0,0,0,0
2005,220286,2,1,0,0,0,0,0,0,0,0,0,0
2005,220287,0,1,0,0,0,0,0,0,0,0,0,0
2005,220287,1,1,0,0,0,0,0,0,0,0,0,0
2005,220288,1,1,5,5,5,5,5,5,5,5,5,5
2005,220289,1,1,32,32,32,32,32,32,32,32,32,32
2005,220290,1,1,0,31,0,20,25,0,0,0,0,0
2005,220291,1,1,26,29,17,20,26,4,17,19,12,4
2005,220292,1,1,0,0,0,0,0,0,0,0,0,0
2005,220292,2,1,0,0,0,0,0,0,0,0,0,0
2005,220293,1,1,0,0,0,0,0,0,0,0,0,0
2005,220293,2,1,0,0,0,0,0,0,0,0,0,0
2005,220294,1,1,0,0,11,11,15,24,25,0,0,32
2005,220295,1,1,9,7,0,0,0,8,0,4,0,0
2005,220296,1,1,0,8,0,23,4,4,0,0,0,0
2005,220297,0,1,24,24,24,24,24,24,24,24,24,24
2005,220297,1,1,0,0,0,0,0,0,0,0,0,0
2005,220298,1,1,24,24,24,24,24,24,24,24,24,24
2005,220298,2,1,0,0,0,0,0,0,0,0,0,0
2005,220299,1,1,0,0,0,0,0,0,0,0,0,0
2005,220300,1,1,0,0,0,0,0,0,13,0,7,0
2005,220300,2,1,0,0,0,0,0,0,0,0,0,0
2005,220301,1,1,0,0,0,0,0,0,0,0,0,0
2005,220302,1,1,14,14,14,14,14,14,14,14,14,14
2005,220303,1,1,15,15,15,15,15,15,15,15,15,15
2005,220304,1,1,23,23,23,23,23,23,23,23,23,23
2005,220305,1,1,10,10,10,10,10,10,10,10,10,10
2005,220306,1,1,7,7,7,7,7,7,7,7,7,7
2005,220307,1,1,0,0,0,0,0,0,0,0,0,0
2005,220307,2,1,0,0,0,0,0,0,0,0,0,0
2005,220308,1,1,23,17,24,18,14,14,32,18,19,16
2005,220309,1,1,7,0,0,0,15,5,0,0,0,0
2005,220309,2,1,0,0,0,0,0,0,0,0,0,0
2005,220310,1,1,31,14,20,15,16,6,10,16,5,10
2005,220311,1,1,14,19,18,23,22,0,20,20,14,0
2005,220312,1,1,22,4,0,0,0,0,0,0,0,0
2005,220313,1,1,12,12,12,12,12,12,12,12,12,12
2005,220314,1,1,16,0,0,0,11,16,20,0,15,0
2005,220314,2,1,0,12,0,0,16,0,0,0,10,19
2005,220315,1,1,32,32,32,32,32,32,32,32,32,32
2005,220316,1,1,11,11,11,11,11,11,11,11,11,11
2005,220317,1,1,0,0,0,0,0,0,12,0,0,12
2005,220317,2,1,0,0,0,0,0,0,0,0,0,0
2005,220318,1,1,24,24,24,24,24,24,24,24,24,24
2005,220319,1,1,17,17,17,17,17,17,17,17,17,17
2005,220319,2,1,0,0,0,0,0,0,0,0,0,0
2005,220320,0,1,0,0,0,0,0,0,0,0,0,0
2005,220320,1,1,0,0,0,0,0,0,0,0,0,0
2005,220321,1,1,27,10,19,28,31,24,31,35,20,14
2005,220322,1,1,0,0,0,0,0,0,0,0,0,0
2005,220323,1,1,0,0,0,0,0,0,0,0,0,0
2005,220323,2,1,0,0,0,0,0,0,0,0,0,0
2005,220324,1,1,14,14,14,14,14,14,14,14,14,14
2005,220325,1,1,30,27,13,16,6,0,9,21,29,43
2005,220326,1,1,9,9,9,9,9,9,9,9,9,9
2005,220327,1,1,9,9,9,9,9,9,9,9,9,9
2005,220328,1,1,0,0,0,0,0,0,0,0,0,0
2005,220328,2,1,0,0,0,0,0,0,0,0,0,0
2005,220328,3,1,0,0,0,0,0,0,0,0,0,0
2005,220328,4,1,0,0,0,0,0,0,0,0,0,0
2005,220329,1,1,8,8,8,8,8,8,8,8,8,8
2005,220329,2,1,0,0,0,0,0,0,0,0,0,0
2005,220329,3,1,0,0,0,0,0,0,0,0,0,0
2005,220330,1,1,0,0,0,0,25,0,0,0,0,0
2005,220330,2,1,0,0,0,0,0,0,0,0,0,0
2005,220330,3,1,0,0,0,0,0,0,0,0,0,0
2005,220331,1,1,0,0,0,0,0,0,0,0,0,0
2005,220331,2,1,0,0,0,0,0,0,0,0,0,0
2005,220332,1,1,4,4,4,4,4,4,4,4,4,4
2005,220332,2,1,0,0,0,0,6,0,0,0,0,0
2005,220333,0,1,0,25,10,13,25,0,15,12,19,5
2005,220333,1,1,0,0,0,0,11,0,0,14,0,0
2005,220334,0,1,0,0,0,0,37,0,0,27,16,0
2005,220334,1,1,0,0,0,0,0,0,0,0,0,0
2005,220335,1,1,0,0,0,0,0,0,0,0,0,0
2005,220335,2,1,0,0,0,0,0,0,0,0,0,0
2005,220335,3,1,0,0,0,0,0,0,0,0,0,0
2005,220336,1,1,25,22,12,16,6,8,8,7,0,34
2005,220337,1,1,0,16,12,0,13,35,0,15,11,12
2005,220338,1,1,0,5,0,0,0,0,0,0,0,13
2005,220338,2,1,0,0,0,0,0,0,0,0,0,0
2005,220339,0,1,0,0,0,0,0,0,0,0,0,0
2005,220339,1,1,0,15,0,0,0,0,0,0,0,0
2005,220340,1,1,23,23,23,23,23,23,23,23,23,23
2005,220341,1,1,0,0,0,0,0,0,0,0,0,0
2005,220341,2,1,0,0,0,0,0,0,0,0,0,0
2005,220342,1,1,0,14,0,8,24,3,0,0,0,0
2005,220342,2,1,0,0,0,0,0,0,0,0,0,0
2005,220343,1,1,0,0,0,0,0,0,0,0,0,0
2005,220343,2,1,0,0,0,0,0,0,0,0,0,0
2005,220343,3,1,0,0,0,0,0,0,0,0,0,0
2005,220344,1,1,0,0,0,0,0,0,0,0,0,0
2005,220344,2,1,0,0,0,11,0,0,0,0,0,18
2005,220345,1,1,0,0,0,0,0,0,0,0,0,0
2005,220346,0,1,12,0,0,0,4,12,0,20,25,0
2005,220346,1,1,0,0,0,0,0,0,0,0,0,0
2005,220347,0,1,16,16,16,16,16,16,16,16,16,16
2005,220347,1,1,0,0,24,0,22,0,0,0,0,17
2005,220348,1,1,23,23,23,23,23,23,23,23,23,23
2005,220349,0,1,0,36,0,9,0,0,0,17,23,0
2005,220349,0,2,17,32,0,21,22,0,12,26,29,9
2005,220349,0,3,0,0,0,32,0,0,13,11,0,7
2005,220349,1,1,20,20,20,20,20,20,20,20,20,20
2005,220350,1,1,0,0,0,0,0,0,0,0,0,0
2005,220351,1,1,21,21,21,21,21,21,21,21,21,21
2005,220352,1,1,0,0,0,0,0,0,0,0,0,0
2005,220352,2,1,0,0,0,0,0,0,0,0,0,0
2005,220352,3,1,0,0,0,0,0,0,0,0,0,0
2005,220353,1,1,7,11,21,17,0,14,23,8,19,7