YEAR,ST_CASE,veh_no,per_no,P1,P2,P3,P4,P5,P6,P7,P8,P9,P10
2005,220353,2,1,0,0,0,0,0,0,0,0,0,0
2005,220354,1,1,0,0,0,0,0,0,0,0,0,0
2005,220354,2,1,0,0,0,0,0,0,0,0,0,0
2005,220354,3,1,0,0,0,0,0,0,0,0,0,0
2005,220355,1,1,18,18,18,18,18,18,18,18,18,18
2005,220355,2,1,0,0,0,0,0,0,0,0,0,0
2005,220356,0,1,0,0,0,0,0,0,0,0,0,0
2005,220356,1,1,0,34,9,14,0,0,0,0,0,0
2005,220357,0,1,0,0,0,0,0,0,0,0,0,0
2005,220357,1,1,0,0,0,0,0,0,0,0,0,0
2005,220358,1,1,14,14,14,14,14,14,14,14,14,14
2005,220358,2,1,0,0,0,0,0,0,0,0,0,0
2005,220359,1,1,0,0,0,0,22,0,0,0,0,0
2005,220359,2,1,0,0,0,0,0,0,0,0,0,0
2005,220360,0,1,0,0,0,0,0,0,0,0,0,0
2005,220360,1,1,0,0,0,0,0,0,0,0,0,0
2005,220361,1,1,0,0,0,0,0,0,0,0,0,0
2005,220362,0,1,12,0,27,0,0,0,0,0,0,7
2005,220362,0,2,0,11,14,0,0,17,34,0,0,0
2005,220362,1,1,0,0,0,0,0,0,0,0,0,0
2005,220363,1,1,12,12,12,12,12,12,12,12,12,12
2005,220364,1,1,0,0,0,0,0,0,0,0,0,0
2005,220364,2,1,0,0,0,0,0,0,13,0,0,9
2005,220365,1,1,0,0,0,0,0,0,0,0,0,0
2005,220365,2,1,0,0,0,0,0,0,0,0,0,0
2005,220366,1,1,0,0,0,0,0,0,0,0,0,0
2005,220367,0,1,0,8,0,0,0,0,16,0,0,0
2005,220367,1,1,0,0,0,0,0,0,0,0,0,0
2005,220368,1,1,0,14,0,0,0,0,0,0,0,0
2005,220369,1,1,30,30,30,30,30,30,30,30,30,30
2005,220370,0,1,0,0,0,0,0,0,0,0,0,0
2005,220370,0,2,0,18,0,0,0,0,0,0,0,0
2005,220370,1,1,0,0,0,0,0,0,0,0,0,0
2005,220371,0,1,19,0,0,0,0,0,0,0,0,0
2005,220371,1,1,0,0,0,0,0,0,0,0,0,0
2005,220372,0,1,3,3,3,3,3,3,3,3,3,3
2005,220372,1,1,0,0,0,0,0,0,0,0,0,0
2005,220373,1,1,0,0,0,0,0,0,0,0,7,0
2005,220373,2,1,0,0,0,0,0,0,0,0,0,0
2005,220374,1,1,33,0,0,17,17,8,13,0,0,0
2005,220375,0,1,0,0,0,0,0,0,0,0,0,0
2005,220375,1,1,0,0,0,0,0,0,0,0,0,0
2005,220376,1,1,19,19,19,19,19,19,19,19,19,19
2005,220376,2,1,0,0,0,0,0,0,0,0,0,0
2005,220377,1,1,0,0,0,0,0,0,0,0,0,0
2005,220377,2,1,0,0,0,0,0,0,0,0,0,0
2005,220378,1,1,26,26,26,26,26,26,26,26,26,26
2005,220378,2,1,0,0,0,0,0,0,7,0,0,0
2005,220378,3,1,0,0,0,0,0,0,0,0,0,0
2005,220378,4,1,0,0,0,0,0,0,0,0,0,0
2005,220379,1,1,3,3,3,3,3,3,3,3,3,3
2005,220380,1,1,0,0,0,0,0,0,0,0,0,0
2005,220380,2,1,0,0,0,0,0,0,0,0,0,0
2005,220381,1,1,21,21,21,21,21,21,21,21,21,21
2005,220382,1,1,0,0,0,0,0,0,0,0,0,0
2005,220382,2,1,0,0,0,0,0,0,0,0,0,0
2005,220383,1,1,5,13,27,14,21,22,24,2,25,30
2005,220384,0,1,0,25,35,5,24,5,0,29,21,17
2005,220384,1,1,21,0,0,8,16,15,15,10,13,19
2005,220385,1,1,23,23,23,23,23,23,23,23,23,23
2005,220386,1,1,0,0,22,3,18,0,0,0,0,0
2005,220386,2,1,0,0,0,0,0,0,0,0,0,0
2005,220387,0,1,0,0,0,0,0,0,0,0,0,0
2005,220387,1,1,0,0,0,0,0,0,0,0,0,0
2005,220388,1,1,0,0,0,0,0,0,0,23,7,0
2005,220389,1,1,0,0,0,0,0,0,0,0,0,0
2005,220389,2,1,0,0,0,0,0,0,0,0,0,0
2005,220390,1,1,17,17,17,17,17,17,17,17,17,17
2005,220391,1,1,0,0,0,13,0,0,0,0,15,0
2005,220392,0,1,18,28,42,0,3,15,16,24,14,18
2005,220392,1,1,0,0,0,0,0,0,0,0,0,0
2005,220393,0,1,0,0,0,11,0,0,16,13,5,23
2005,220393,1,1,0,0,0,0,0,0,0,0,0,0
2005,220394,1,1,17,17,17,17,17,17,17,17,17,17
2005,220394,2,1,0,0,0,0,0,0,0,0,0,9
2005,220395,1,1,0,0,0,0,0,0,0,0,0,0
2005,220395,2,1,0,0,0,0,0,0,0,10,0,0
2005,220396,1,1,18,18,18,18,18,18,18,18,18,18
2005,220397,1,1,4,4,4,4,4,4,4,4,4,4
2005,220398,1,1,0,0,0,0,0,0,0,0,0,0
2005,220398,2,1,11,0,19,0,0,8,0,0,0,0
2005,220398,3,1,0,0,0,0,0,0,0,0,0,0
2005,220399,1,1,16,16,16,16,16,16,16,16,16,16
2005,220400,1,1,0,21,19,0,0,0,15,0,18,0
2005,220401,1,1,22,22,22,22,22,22,22,22,22,22
2005,220402,0,1,0,0,0,0,0,0,0,0,0,0
2005,220402,1,1,0,15,0,0,0,8,18,15,0,0
2005,220403,1,1,0,0,0,0,12,21,0,0,0,0
2005,220403,2,1,0,0,0,0,0,0,0,0,0,0
2005,220404,1,1,0,0,0,0,0,0,0,0,0,0
2005,220404,2,1,0,0,0,0,0,0,0,0,0,0
2005,220404,3,1,0,0,0,0,0,0,0,0,0,0
2005,220404,4,1,0,0,0,0,0,0,0,0,0,0
2005,220404,5,1,0,0,0,0,0,0,0,0,0,0
2005,220405,1,1,6,6,6,6,6,6,6,6,6,6
2005,220405,2,1,11,0,12,7,0,0,0,0,0,0
2005,220406,1,1,0,0,0,0,0,0,0,0,0,0
2005,220406,2,1,0,0,0,0,0,0,0,0,0,0
2005,220406,3,1,0,0,0,0,0,0,0,0,0,0
2005,220406,4,1,0,0,0,0,0,0,0,0,0,0
2005,220407,1,1,0,0,0,0,0,0,0,0,0,0
2005,220407,2,1,0,0,0,0,0,0,0,0,0,0
2005,220407,3,1,0,0,0,0,0,0,0,0,0,0
2005,220407,4,1,0,0,0,0,0,0,0,0,0,0
2005,220407,5,1,0,18,0,11,0,0,0,0,0,0
2005,220407,6,1,0,0,0,0,0,0,0,0,0,0
2005,220408,1,1,0,0,0,0,0,0,0,0,0,0
2005,220408,2,1,0,0,0,0,0,0,0,0,0,0
2005,220409,1,1,0,0,0,0,0,0,0,0,0,0
2005,220409,2,1,0,0,0,0,0,0,0,0,0,0
2005,220410,1,1,16,16,16,16,16,16,16,16,16,16
2005,220411,1,1,3,3,3,3,3,3,3,3,3,3
2005,220412,0,1,13,13,13,13,13,13,13,13,13,13
2005,220412,1,1,13,13,13,13,13,13,13,13,13,13
2005,220413,1,1,4,4,4,4,4,4,4,4,4,4
2005,220413,2,1,7,7,7,7,7,7,7,7,7,7
2005,220414,1,1,5,4,16,11,11,0,0,18,19,0
2005,220414,2,1,0,0,0,0,0,0,0,0,0,0
2005,220415,1,1,20,20,20,20,20,20,20,20,20,20
2005,220416,1,1,0,0,0,0,0,0,0,0,0,0
2005,220416,2,1,0,0,0,0,0,0,0,0,0,0
2005,220417,1,1,0,0,0,0,0,0,14,11,24,13
2005,220418,0,1,0,0,0,0,0,0,0,0,0,0
2005,220418,1,1,0,16,0,6,0,0,0,0,0,0
2005,220419,1,1,0,9,0,0,0,28,0,0,0,0
2005,220420,1,1,25,14,0,23,20,25,18,27,12,17
2005,220421,1,1,0,0,26,0,0,15,0,0,21,0
2005,220422,1,1,0,0,0,0,0,0,0,0,0,0
2005,220422,2,1,0,0,0,0,0,0,0,0,0,0
2005,220422,3,1,0,0,0,0,0,0,0,0,0,0
2005,220423,1,1,32,4,10,11,14,29,21,13,25,18
2005,220424,0,1,0,0,0,0,0,0,0,0,0,0
2005,220424,1,1,0,0,0,0,0,0,0,0,0,0
2005,220425,1,1,0,0,0,0,0,0,0,0,0,0
2005,220425,2,1,7,0,0,0,0,0,0,0,0,0
2005,220426,1,1,0,9,10,0,20,12,17,0,0,0
2005,220426,2,1,12,0,0,5,0,0,0,7,9,0
2005,220427,0,1,13,43,23,0,17,17,23,25,21,16
2005,220427,1,1,0,0,0,0,0,0,0,0,0,0
2005,220427,2,1,0,0,0,0,0,0,0,0,0,0
2005,220428,1,1,0,8,0,0,9,0,0,0,10,0
2005,220428,2,1,0,0,0,0,0,0,0,0,0,0
2005,220429,1,1,0,0,0,0,0,0,0,0,0,0
2005,220429,2,1,0,0,0,0,0,0,0,0,0,0
2005,220430,1,1,0,0,0,0,0,0,0,0,0,0
2005,220430,2,1,0,0,0,0,0,0,0,0,0,0
2005,220431,1,1,17,17,17,17,17,17,17,17,17,17
2005,220432,1,1,17,17,17,17,17,17,17,17,17,17
2005,220432,2,1,0,12,0,0,0,0,0,0,0,0
2005,220432,3,1,0,0,0,0,0,0,0,0,0,0
2005,220433,0,1,24,24,24,24,24,24,24,24,24,24
2005,220433,1,1,2,2,2,2,2,2,2,2,2,2
2005,220433,2,1,0,0,0,0,0,0,0,0,0,0
2005,220433,3,1,0,0,0,0,0,0,0,0,0,0
2005,220434,0,1,0,0,0,0,0,0,0,0,0,0
2005,220434,1,1,0,0,0,0,0,0,0,0,0,0
2005,220435,1,1,0,0,0,0,0,0,0,0,0,0
2005,220436,1,1,0,25,0,21,0,16,31,0,16,0
2005,220437,1,1,0,0,0,0,0,0,0,0,0,0
2005,220439,1,1,0,0,0,0,0,0,0,0,0,33
2005,220439,2,1,0,0,0,0,0,0,0,0,0,0
2005,220440,1,1,0,0,0,0,0,0,0,0,0,0
2005,220440,2,1,0,0,0,0,0,0,0,0,0,0
2005,220441,1,1,0,18,11,0,0,0,10,0,0,0
2005,220442,1,1,26,0,0,0,0,0,9,0,0,0
2005,220443,1,1,0,0,0,0,15,0,0,15,14,13
2005,220443,2,1,0,0,0,0,0,0,0,0,0,0
2005,220444,1,1,0,7,33,0,0,15,0,0,15,12
2005,220445,1,1,17,17,17,17,17,17,17,17,17,17
2005,220446,0,1,12,12,12,12,12,12,12,12,12,12
2005,220446,1,1,0,0,0,0,0,0,0,0,0,0
2005,220447,1,1,0,0,0,0,0,0,0,0,0,0
2005,220447,2,1,0,0,0,0,0,0,0,5,0,0
2005,220448,1,1,13,10,25,16,24,12,0,12,0,17
2005,220449,1,1,0,0,0,0,0,0,0,0,0,0
2005,220449,2,1,0,0,0,0,0,0,0,0,0,0
2005,220450,1,1,0,0,0,0,0,0,0,0,0,0
2005,220451,1,1,0,0,0,0,0,0,0,0,0,0
2005,220451,2,1,0,0,0,0,0,0,0,0,0,0
2005,220452,1,1,0,0,0,0,0,0,0,17,0,0
2005,220452,2,1,0,0,0,0,0,0,0,0,0,0
2005,220453,0,1,0,0,0,0,0,0,0,0,0,0
2005,220453,0,2,19,0,0,0,0,0,0,17,0,0
2005,220453,0,3,0,25,0,0,0,0,29,0,16,18
2005,220453,1,1,0,0,0,0,0,0,0,0,0,0
2005,220454,1,1,0,0,0,0,0,7,10,5,0,16
2005,220455,1,1,18,0,0,24,0,0,0,0,0,21
2005,220456,1,1,0,12,0,30,0,0,11,0,17,0
2005,220456,2,1,0,0,0,0,0,0,0,0,0,0
2005,220457,1,1,0,0,0,0,0,0,0,34,0,0
2005,220458,1,1,17,17,6,0,0,0,13,13,0,0
2005,220459,1,1,0,0,0,0,0,30,0,0,0,0
2005,220459,2,1,5,0,0,0,0,0,0,0,0,0
2005,220460,1,1,0,0,0,0,0,0,0,0,0,0
2005,220460,2,1,0,0,0,0,0,0,0,0,0,0
2005,220461,1,1,0,0,0,0,11,0,0,0,22,0
2005,220463,1,1,30,30,30,30,30,30,30,30,30,30
2005,220464,1,1,0,0,0,0,0,0,0,0,0,0
2005,220465,1,1,0,0,0,0,0,0,0,0,0,0
2005,220465,2,1,0,0,0,0,0,0,0,0,11,0
2005,220466,1,1,0,0,21,0,20,0,13,0,20,30
2005,220467,1,1,33,33,33,33,33,33,33,33,33,33
2005,220468,1,1,0,0,0,0,0,0,0,0,0,0
2005,220468,2,1,0,0,0,0,0,0,0,0,0,0
2005,220469,1,1,0,0,0,20,17,0,0,0,0,0
2005,220470,1,1,0,10,0,0,25,0,0,26,2,0
2005,220471,1,1,0,0,0,0,0,0,0,0,0,0
2005,220472,0,1,23,28,30,0,0,0,0,21,0,10
2005,220472,1,1,0,0,0,0,0,0,0,0,0,0
2005,220473,1,1,0,0,0,0,0,0,0,0,0,0
2005,220474,0,1,25,13,23,46,13,0,21,28,27,0
2005,220474,1,1,0,0,0,0,11,0,0,0,0,0
2005,220475,1,1,0,0,0,0,0,0,0,0,0,0
2005,220475,2,1,0,0,0,0,0,0,0,0,0,0
2005,220476,1,1,0,0,0,0,0,0,0,12,0,0
2005,220476,2,1,0,0,0,0,0,0,0,0,0,0
2005,220477,1,1,0,0,0,0,0,0,7,0,14,0
2005,220478,1,1,0,0,0,0,0,0,0,0,0,0
2005,220478,2,1,0,0,0,0,0,0,0,0,0,0
2005,220479,1,1,0,0,0,0,0,0,0,0,0,0
2005,220479,2,1,0,0,0,0,0,0,0,0,0,0
2005,220480,1,1,28,28,28,28,28,28,28,28,28,28
2005,220480,2,1,0,0,0,0,0,0,0,0,0,0
2005,220480,3,1,0,0,0,0,0,0,0,0,0,0
2005,220481,1,1,0,18,0,0,0,0,0,0,0,0
2005,220482,1,1,0,0,0,0,0,0,0,0,0,0
2005,220483,1,1,0,0,0,0,0,0,0,0,0,0
2005,220483,2,1,14,14,14,14,14,14,14,14,14,14
2005,220484,1,1,3,3,3,3,3,3,3,3,3,3
2005,220484,2,1,0,0,0,0,0,0,0,0,0,0
2005,220485,1,1,0,3,10,0,0,6,0,0,0,0
2005,220486,0,1,0,0,0,0,0,0,0,0,0,0
2005,220486,1,1,0,0,0,0,0,0,0,0,0,0
2005,220487,1,1,10,10,10,10,10,10,10,10,10,10
2005,220488,1,1,0,0,0,0,0,0,0,0,0,0
2005,220488,2,1,0,0,0,0,0,0,0,0,0,0
2005,220488,3,1,20,20,20,20,20,20,20,20,20,20
2005,220489,1,1,0,0,0,0,0,0,0,0,0,0
2005,220489,2,1,0,0,17,0,0,0,0,0,0,0
2005,220490,1,1,15,15,15,15,15,15,15,15,15,15
2005,220491,1,1,0,0,0,0,0,0,0,0,0,0
2005,220492,1,1,31,31,31,31,31,31,31,31,31,31
2005,220493,1,1,0,0,0,0,0,0,0,0,0,0
2005,220493,2,1,0,0,0,0,0,0,0,0,0,0
2005,220494,1,1,40,0,0,0,0,0,0,0,0,0
2005,220494,2,1,0,0,10,0,0,0,0,0,12,0
2005,220495,1,1,0,0,7,0,0,0,0,0,10,0
2005,220496,0,1,22,0,0,10,0,0,0,0,0,17
2005,220496,1,1,0,0,0,0,0,0,0,0,0,0
2005,220497,1,1,0,0,0,0,0,0,0,0,0,0
2005,220498,0,1,0,0,32,6,22,28,20,0,0,0
2005,220498,1,1,0,0,0,0,0,0,0,0,0,0
2005,220499,0,1,44,44,44,44,44,44,44,44,44,44
2005,220499,1,1,0,0,0,0,0,0,0,0,0,0
2005,220500,1,1,0,0,0,0,0,0,0,0,0,0
2005,220500,2,1,0,0,0,0,0,0,0,0,0,0
2005,220501,1,1,0,0,0,0,0,0,0,0,0,0
2005,220501,2,1,0,0,0,0,0,0,0,0,0,0
2005,220501,3,1,0,0,0,0,6,0,0,0,0,0
2005,220502,1,1,0,0,0,0,0,0,0,0,30,0
2005,220502,2,1,0,0,0,0,0,0,0,0,0,0
2005,220503,1,1,6,6,6,6,6,6,6,6,6,6
2005,220504,1,1,15,15,15,15,15,15,15,15,15,15
2005,220504,2,1,0,0,0,0,0,0,0,0,0,0
2005,220505,1,1,0,0,0,0,0,0,0,0,0,0
2005,220505,2,1,0,0,0,0,0,0,0,0,0,0
2005,220506,1,1,18,0,0,7,0,0,15,24,21,0
2005,220507,1,1,16,16,16,16,16,16,16,16,16,16
2005,220508,1,1,13,7,8,9,14,27,16,20,15,5
2005,220509,1,1,0,0,0,0,0,0,0,0,0,0
2005,220509,2,1,0,0,0,0,0,0,0,0,0,0
2005,220510,1,1,26,0,0,0,14,11,0,0,22,19
2005,220511,1,1,3,3,3,3,3,3,3,3,3,3
2005,220511,2,1,0,0,0,0,0,0,0,0,0,0
2005,220512,1,1,26,14,30,7,25,0,26,25,0,17
2005,220513,1,1,13,0,18,8,38,28,8,20,19,12
2005,220513,2,1,0,0,0,0,0,0,0,0,0,0
2005,220514,0,1,0,0,0,0,0,0,0,0,0,0
2005,220514,1,1,4,4,4,4,4,4,4,4,4,4
2005,220515,1,1,16,16,16,16,16,16,16,16,16,16
2005,220516,0,1,0,0,0,0,0,0,0,0,0,0
2005,220516,0,2,0,0,0,0,0,0,0,0,0,0
2005,220516,0,3,0,0,0,0,0,0,0,0,0,0
2005,220516,1,1,0,0,0,0,0,0,0,0,0,0
2005,220517,0,1,0,0,0,0,0,0,0,0,0,0
2005,220517,1,1,0,0,0,0,0,0,0,0,0,0
2005,220518,1,1,0,11,0,0,0,0,0,0,0,0
2005,220519,1,1,0,0,0,0,0,0,0,0,0,0
2005,220520,1,1,0,0,0,0,0,0,0,0,0,0
2005,220520,2,1,0,0,0,0,0,0,0,0,0,0
2005,220521,1,1,10,10,10,10,10,10,10,10,10,10
2005,220521,2,1,0,0,0,0,0,0,0,0,0,0
2005,220522,1,1,17,17,17,17,17,17,17,17,17,17
2005,220523,1,1,0,14,0,0,0,0,0,0,0,6
2005,220523,2,1,0,8,0,0,0,0,0,0,0,0
2005,220524,0,1,0,18,26,0,0,0,0,0,28,9
2005,220524,1,1,22,9,15,0,11,0,0,0,3,0
2005,220524,2,1,0,0,3,14,0,0,26,0,0,26
2005,220524,3,1,0,0,0,0,0,0,0,0,0,0
2005,220524,4,1,0,0,0,0,0,0,0,0,0,0
2005,220525,1,1,0,17,0,0,0,28,0,0,0,0
2005,220526,1,1,0,0,0,0,0,0,0,0,0,17
2005,220526,2,1,0,9,9,0,0,0,6,0,0,0
2005,220527,0,1,16,16,0,23,0,0,0,6,0,16
2005,220527,1,1,0,0,0,0,0,0,0,0,0,0
2005,220528,1,1,12,0,16,0,15,20,27,16,16,0
2005,220529,1,1,0,0,0,0,0,0,0,0,0,0
2005,220529,2,1,0,0,0,0,0,0,0,0,0,0
2005,220530,1,1,0,0,0,0,0,0,0,0,0,0
2005,220531,1,1,0,0,0,0,0,0,0,0,0,0
2005,220532,1,1,0,0,0,0,0,0,0,0,0,0
2005,220532,2,1,0,0,0,0,0,0,0,0,0,0
2005,220533,1,1,0,0,0,0,0,0,0,0,0,0
2005,220534,1,1,0,0,0,0,0,0,0,0,0,0
2005,220534,2,1,0,0,0,0,0,0,0,0,0,0
2005,220535,1,1,0,0,0,0,0,0,0,0,0,0
2005,220535,2,1,0,0,17,0,0,0,0,0,0,0
2005,220536,1,1,15,20,23,11,21,22,46,18,31,45
2005,220537,1,1,0,17,0,0,0,0,0,0,0,0
2005,220537,2,1,0,0,0,0,0,0,0,0,0,0
2005,220538,1,1,20,0,0,18,10,15,13,0,18,28
2005,220539,1,1,19,35,5,0,11,0,32,0,5,0
2005,220540,1,1,0,0,11,9,0,0,0,0,12,0
2005,220540,2,1,13,0,0,0,0,0,0,0,0,0
2005,220541,1,1,0,0,0,0,0,0,0,27,0,0
2005,220542,1,1,0,0,0,0,0,0,18,0,0,0
2005,220542,2,1,0,0,0,0,0,0,0,0,0,0
2005,220542,3,1,0,0,0,0,0,0,0,0,0,0
2005,220543,1,1,0,0,0,0,0,0,0,0,0,0
2005,220544,1,1,20,21,0,0,0,19,0,0,0,21
2005,220545,1,1,16,16,16,16,16,16,16,16,16,16
2005,220546,1,1,14,17,23,11,27,25,18,38,8,19
2005,220547,0,1,39,19,20,24,19,23,16,0,28,0
2005,220547,1,1,0,0,0,0,0,0,0,0,0,0
2005,220547,2,1,0,0,0,0,0,0,0,0,0,0
2005,220548,1,1,0,0,0,0,0,0,0,0,0,0
2005,220549,1,1,0,0,0,0,0,0,0,0,0,0
2005,220550,1,1,29,29,29,29,29,29,29,29,29,29
2005,220551,1,1,0,0,0,0,0,0,0,0,0,0
2005,220551,2,1,0,0,0,0,0,0,0,0,0,0
2005,220553,1,1,0,9,0,0,9,27,0,0,0,0
2005,220553,2,1,0,0,0,0,0,0,0,0,0,0
2005,220554,1,1,0,0,0,10,17,20,11,0,0,0
2005,220555,0,1,0,0,0,0,0,0,0,0,0,0
2005,220555,1,1,0,0,0,0,0,0,0,0,0,0
2005,220556,0,1,0,0,0,0,19,0,4,0,0,0
2005,220556,1,1,0,0,0,0,0,0,0,0,0,0
2005,220557,0,1,20,19,16,36,0,0,38,7,0,14
2005,220557,1,1,0,0,0,0,0,0,0,0,0,0
2005,220558,0,1,18,7,22,10,0,25,17,7,22,15
2005,220558,1,1,21,21,21,21,21,21,21,21,21,21
2005,220559,1,1,10,10,10,10,10,10,10,10,10,10
2005,220560,0,1,0,16,0,0,0,23,0,4,25,0
2005,220560,1,1,18,0,0,0,0,0,15,0,0,0
2005,220561,1,1,19,19,19,19,19,19,19,19,19,19
2005,220561,2,1,0,0,0,0,0,0,0,0,0,0
2005,220562,1,1,0,6,12,20,31,0,0,26,20,10
2005,220562,2,1,0,0,0,0,0,0,0,0,0,0
2005,220562,3,1,0,0,0,0,0,0,0,0,0,0
2005,220563,1,1,8,8,8,8,8,8,8,8,8,8
2005,220563,2,1,0,0,0,0,0,0,0,0,0,0
2005,220564,1,1,12,0,0,0,0,0,0,0,0,0
2005,220564,2,1,0,0,12,0,0,0,0,0,0,0
2005,220564,3,1,0,0,0,0,0,0,0,0,0,0
2005,220565,1,1,0,0,0,0,0,0,0,0,0,0
2005,220565,2,1,0,0,0,0,7,0,0,0,0,0
2005,220565,3,1,0,0,12,0,0,0,0,0,0,0
2005,220566,0,1,44,0,49,0,0,17,21,19,14,9
2005,220566,1,1,0,0,0,0,0,0,0,0,0,0
2005,220567,1,1,0,0,0,0,0,0,0,0,0,0
2005,220567,2,1,0,0,0,0,0,0,0,0,0,0
2005,220568,1,1,0,0,0,0,0,0,0,0,0,0
2005,220568,2,1,0,0,0,0,0,0,0,0,0,0
2005,220568,3,1,0,0,0,0,0,0,0,0,0,0
2005,220569,0,1,14,14,14,14,14,14,14,14,14,14
2005,220569,1,1,0,0,0,0,0,0,0,0,0,0
2005,220570,1,1,20,20,20,20,20,20,20,20,20,20
2005,220570,2,1,0,0,0,0,0,0,0,0,0,0
2005,220571,1,1,0,0,0,0,0,0,0,0,0,0
2005,220571,2,1,10,18,0,0,0,16,10,23,16,8
2005,220572,1,1,0,0,0,14,10,0,16,0,17,17
2005,220573,1,1,0,0,0,0,0,0,0,0,12,0
2005,220573,2,1,0,0,0,0,0,0,0,0,0,0
2005,220573,3,1,0,0,0,0,0,0,0,0,0,0
2005,220574,1,1,0,0,0,0,0,0,0,0,0,0
2005,220574,2,1,8,0,0,0,0,0,0,0,0,0
2005,220575,1,1,2,2,2,2,2,2,2,2,2,2
2005,220575,2,1,13,0,0,0,0,19,0,0,0,0
2005,220576,1,1,14,14,14,14,14,14,14,14,14,14
2005,220577,1,1,0,0,0,0,0,0,0,0,0,10
2005,220578,1,1,0,0,3,12,0,0,0,0,18,11
2005,220578,2,1,0,4,16,14,17,8,0,10,6,0
2005,220579,1,1,16,16,16,16,16,16,16,16,16,16
2005,220579,2,1,0,0,0,0,0,0,0,0,0,0
2005,220579,3,1,0,0,0,0,0,0,0,0,0,0
2005,220580,1,1,28,28,28,28,28,28,28,28,28,28
2005,220580,2,1,0,0,0,0,0,0,0,0,0,0
2005,220581,1,1,0,0,0,7,0,0,0,0,0,21
2005,220581,2,1,0,0,0,0,0,0,0,0,0,0
2005,220582,1,1,11,11,11,11,11,11,11,11,11,11
2005,220583,1,1,2,2,2,2,2,2,2,2,2,2
2005,220584,1,1,0,0,0,0,0,0,0,0,0,0
2005,220585,1,1,20,0,18,11,0,0,22,17,0,16
2005,220586,1,1,11,16,0,19,13,15,31,31,11,21
2005,220586,2,1,0,0,0,0,0,0,0,0,0,0
2005,220586,3,1,0,0,0,0,0,0,0,0,0,0
2005,220587,0,1,0,0,0,0,0,0,0,0,0,0
2005,220587,1,1,0,0,0,0,0,0,0,0,0,0
2005,220587,2,1,0,0,0,0,0,0,0,0,0,0
2005,220588,0,1,14,0,0,0,0,0,15,0,0,0
2005,220588,1,1,0,0,0,0,0,0,0,0,0,0
2005,220589,1,1,0,0,0,0,0,0,19,0,0,0
2005,220590,1,1,0,0,0,0,0,0,0,0,0,26
2005,220591,1,1,0,0,0,0,0,0,0,0,0,0
2005,220591,2,1,0,0,0,0,0,0,0,0,0,0
2005,220591,3,1,0,0,0,0,0,0,0,0,0,0
2005,220591,4,1,0,0,0,0,0,0,0,0,0,0
2005,220591,5,1,0,0,0,0,0,0,0,0,0,0
2005,220591,6,1,0,0,0,0,0,0,0,0,0,0
2005,220592,1,1,0,0,0,0,0,0,0,0,0,0
2005,220592,2,1,0,0,0,0,0,0,0,0,0,0
2005,220592,3,1,0,0,0,0,0,0,0,0,0,0
2005,220593,1,1,0,0,0,0,0,0,0,0,0,0
2005,220594,1,1,44,44,44,44,44,44,44,44,44,44
2005,220594,2,1,0,0,0,0,0,0,0,0,0,0
2005,220595,1,1,0,0,0,0,0,0,0,0,0,0
2005,220596,1,1,0,7,15,18,0,0,0,0,0,18
2005,220596,2,1,0,0,0,0,0,0,0,0,0,0
2005,220597,1,1,22,22,22,22,22,22,22,22,22,22
2005,220598,1,1,0,0,0,0,20,0,14,22,0,0
2005,220599,0,1,56,14,20,23,6,8,20,0,33,26
2005,220599,1,1,0,0,0,0,0,0,0,0,0,0
2005,220600,1,1,3,17,8,0,7,25,25,0,0,12
2005,220600,2,1,0,12,0,0,0,0,0,30,0,0
2005,220600,3,1,0,0,0,0,0,0,0,0,0,0
2005,220601,1,1,10,10,10,10,10,10,10,10,10,10
2005,220602,1,1,23,23,23,23,23,23,23,23,23,23
2005,220603,1,1,0,0,0,0,0,0,0,0,0,0
2005,220604,1,1,28,28,28,28,28,28,28,28,28,28
2005,220605,1,1,22,22,22,22,22,22,22,22,22,22
2005,220606,1,1,0,0,0,0,0,0,0,0,0,0
2005,220607,1,1,11,11,11,11,11,11,11,11,11,11
2005,220608,1,1,28,17,0,0,16,0,17,20,0,0
2005,220609,1,1,25,25,25,25,25,25,25,25,25,25
2005,220610,1,1,0,0,0,0,0,23,0,0,22,38
2005,220611,1,1,25,25,25,25,25,25,25,25,25,25
2005,220612,1,1,6,0,0,11,0,0,17,0,25,9
2005,220612,2,1,0,0,0,0,5,0,0,0,0,0
2005,220613,1,1,0,14,22,0,0,6,0,0,0,15
2005,220614,1,1,0,18,3,0,0,0,0,0,0,10
2005,220615,1,1,13,33,0,0,0,24,0,11,11,0
2005,220615,2,1,20,0,0,36,0,0,0,0,19,0
2005,220616,1,1,0,0,0,0,0,0,0,0,0,0
2005,220616,2,1,0,0,0,0,0,0,0,0,0,0
2005,220618,1,1,0,0,0,0,0,0,0,0,0,0
2005,220618,2,1,0,0,0,0,0,0,0,0,0,0
2005,220618,3,1,0,0,0,0,0,0,0,0,0,0
2005,220619,1,1,0,0,0,0,0,0,0,0,0,0
2005,220620,1,1,0,0,18,0,0,0,0,0,0,0
2005,220620,2,1,0,0,0,0,0,0,0,0,0,0