YEAR,ST_CASE,veh_no,per_no,P1,P2,P3,P4,P5,P6,P7,P8,P9,P10
2005,240146,1,1,0,0,0,0,0,0,0,0,0,0
2005,240146,2,1,0,0,0,0,0,0,0,0,0,0
2005,240147,1,1,21,21,21,21,21,21,21,21,21,21
2005,240148,0,1,0,0,0,0,0,0,0,0,0,0
2005,240148,1,1,0,0,0,0,0,0,12,0,0,0
2005,240149,1,1,32,32,32,32,32,32,32,32,32,32
2005,240150,0,1,23,23,23,23,23,23,23,23,23,23
2005,240150,1,1,21,12,0,0,0,0,0,0,4,17
2005,240151,1,1,0,0,0,0,0,0,0,0,0,0
2005,240151,2,1,0,0,0,0,0,0,0,0,0,0
2005,240151,3,1,0,0,0,0,0,0,0,0,0,0
2005,240152,1,1,0,0,0,0,0,0,0,0,0,0
2005,240153,1,1,0,0,0,0,0,0,0,0,0,0
2005,240153,2,1,0,0,0,0,0,0,0,0,0,0
2005,240154,1,1,0,0,0,0,0,0,0,0,0,0
2005,240154,2,1,0,0,0,0,0,0,0,0,0,0
2005,240155,1,1,0,0,0,0,0,0,0,0,0,0
2005,240155,2,1,0,0,7,0,0,0,0,0,0,0
2005,240156,1,1,0,0,0,0,0,0,0,0,0,0
2005,240156,2,1,0,0,0,0,0,0,0,0,0,0
2005,240156,3,1,0,0,0,0,0,0,0,0,0,0
2005,240156,4,1,0,0,0,0,0,13,0,0,0,0
2005,240157,1,1,0,0,0,0,0,0,0,0,0,0
2005,240157,2,1,0,0,0,0,0,0,0,0,0,0
2005,240158,1,1,0,0,4,0,0,0,0,0,0,0
2005,240159,1,1,0,0,0,0,0,0,0,0,0,0
2005,240159,2,1,0,0,0,0,0,0,0,0,0,0
2005,240159,3,1,0,0,0,0,0,0,0,0,0,0
2005,240159,4,1,10,0,0,0,0,0,0,0,0,0
2005,240159,5,1,0,0,0,0,0,0,0,0,0,0
2005,240160,0,1,38,38,38,38,38,38,38,38,38,38
2005,240160,1,1,0,0,0,9,0,0,0,0,0,0
2005,240161,1,1,19,19,19,19,19,19,19,19,19,19
2005,240161,2,1,0,0,0,0,0,0,0,0,0,0
2005,240162,1,1,13,13,13,13,13,13,13,13,13,13
2005,240163,1,1,0,0,0,0,0,0,0,0,0,0
2005,240163,2,1,0,0,0,0,0,0,0,0,0,0
2005,240164,1,1,0,0,0,0,0,0,0,0,0,0
2005,240164,2,1,2,2,2,2,2,2,2,2,2,2
2005,240165,1,1,0,0,0,0,0,0,0,0,0,0
2005,240165,2,1,0,0,0,0,0,0,0,0,0,0
2005,240166,1,1,9,9,9,9,9,9,9,9,9,9
2005,240167,0,1,0,0,0,0,0,0,0,0,0,0
2005,240167,1,1,0,0,0,0,0,0,0,0,0,0
2005,240168,1,1,11,11,11,11,11,11,11,11,11,11
2005,240169,0,1,0,0,0,0,11,13,0,0,0,0
2005,240169,1,1,9,9,9,9,9,9,9,9,9,9
2005,240170,1,1,0,0,0,0,0,0,0,0,0,0
2005,240170,2,1,0,0,0,0,0,0,0,0,0,0
2005,240171,1,1,0,0,0,0,0,0,0,0,0,0
2005,240171,2,1,0,0,0,0,0,0,0,0,0,0
2005,240171,3,1,0,0,0,0,0,0,0,0,0,0
2005,240171,4,1,0,0,0,0,0,0,0,0,0,0
2005,240172,1,1,0,0,0,0,0,0,0,0,0,0
2005,240172,2,1,0,0,0,0,0,0,0,0,0,0
2005,240172,3,1,0,0,0,0,0,0,0,0,0,0
2005,240172,4,1,0,0,0,0,0,0,0,0,0,0
2005,240173,1,1,0,0,0,0,0,0,0,0,0,0
2005,240173,2,1,0,0,0,0,0,0,0,0,0,0
2005,240174,1,1,2,2,2,2,2,2,2,2,2,2
2005,240175,1,1,3,3,3,3,3,3,3,3,3,3
2005,240176,1,1,0,0,0,0,0,0,0,0,0,0
2005,240177,1,1,25,25,25,25,25,25,25,25,25,25
2005,240177,2,1,13,13,13,13,13,13,13,13,13,13
2005,240178,1,1,0,0,0,0,0,0,0,0,0,0
2005,240178,2,1,0,0,0,0,6,0,0,0,22,0
2005,240179,1,1,0,0,0,0,0,0,0,0,0,0
2005,240180,0,1,0,0,0,0,0,0,0,0,0,0
2005,240180,1,1,0,0,0,0,0,0,0,0,0,0
2005,240181,1,1,20,20,20,20,20,20,20,20,20,20
2005,240181,2,1,0,0,0,0,0,0,0,11,0,0
2005,240181,3,1,0,0,0,0,0,0,0,0,0,0
2005,240181,4,1,0,0,0,0,0,0,0,0,0,0
2005,240182,1,1,0,0,0,0,0,0,0,0,0,0
2005,240182,2,1,0,0,0,0,0,0,0,0,0,0
2005,240182,3,1,0,0,0,0,0,0,0,0,0,0
2005,240183,1,1,12,12,12,12,12,12,12,12,12,12
2005,240184,1,1,0,0,0,0,0,0,0,0,0,0
2005,240185,1,1,0,0,0,0,0,0,0,0,0,0
2005,240185,2,1,0,0,0,0,0,0,0,0,0,0
2005,240186,1,1,0,0,0,0,0,0,0,0,0,0
2005,240186,2,1,0,0,0,0,0,0,0,0,0,0
2005,240187,1,1,0,0,0,0,0,0,8,0,0,0
2005,240188,1,1,0,0,0,0,0,0,0,0,0,0
2005,240189,1,1,0,0,0,0,0,0,0,0,0,0
2005,240189,2,1,0,0,0,0,0,0,0,0,0,0
2005,240190,1,1,0,0,0,0,0,0,0,0,0,0
2005,240190,2,1,0,0,0,0,0,0,0,0,0,0
2005,240191,1,1,0,0,0,0,0,0,0,0,0,0
2005,240192,1,1,12,12,12,12,12,12,12,12,12,12
2005,240193,1,1,0,0,0,0,0,0,0,0,0,0
2005,240193,2,1,0,0,0,0,0,0,0,0,0,0
2005,240193,3,1,0,0,0,0,0,0,0,0,0,0
2005,240193,4,1,0,0,0,0,0,0,0,0,0,0
2005,240193,5,1,0,0,0,0,0,0,0,0,0,0
2005,240194,1,1,0,0,0,0,0,0,0,0,0,0
2005,240194,2,1,0,0,0,18,0,0,0,0,0,0
2005,240195,1,1,0,0,0,0,0,0,0,0,0,0
2005,240196,1,1,0,0,0,0,0,0,0,0,0,0
2005,240196,2,1,0,0,0,0,0,0,0,0,0,0
2005,240196,3,1,0,0,0,0,0,0,0,0,0,0
2005,240197,0,1,0,0,0,0,0,0,0,0,0,0
2005,240197,1,1,0,0,0,0,0,0,0,0,0,0
2005,240198,0,1,0,0,0,0,0,0,0,0,0,0
2005,240198,1,1,0,0,0,0,0,0,0,0,0,0
2005,240199,1,1,0,0,0,0,0,0,0,0,0,0
2005,240199,2,1,0,0,0,0,0,0,0,0,0,0
2005,240200,0,1,7,7,7,7,7,7,7,7,7,7
2005,240200,1,1,16,16,16,16,16,16,16,16,16,16
2005,240201,1,1,0,0,0,0,0,0,0,0,13,15
2005,240201,2,1,0,0,0,0,0,0,0,0,0,0
2005,240201,3,1,0,0,0,0,0,0,0,0,0,0
2005,240202,1,1,0,0,0,0,0,0,0,0,0,0
2005,240202,2,1,0,0,0,0,0,0,0,0,0,0
2005,240203,1,1,0,0,0,0,0,0,0,0,0,0
2005,240203,2,1,0,0,0,0,0,0,0,20,0,0
2005,240204,0,1,0,0,0,0,0,0,0,0,0,0
2005,240204,1,1,0,0,0,0,0,0,0,0,0,0
2005,240205,0,1,11,7,31,19,0,0,0,0,23,0
2005,240206,1,1,0,0,0,0,0,0,0,0,0,0
2005,240206,2,1,0,0,0,0,0,0,0,0,0,0
2005,240207,1,1,0,0,0,0,0,0,0,0,0,0
2005,240207,2,1,23,31,16,0,0,0,0,0,0,23
2005,240208,0,1,3,3,3,3,3,3,3,3,3,3
2005,240208,1,1,0,0,0,0,0,0,0,0,0,0
2005,240209,1,1,0,0,0,0,0,0,0,0,0,0
2005,240209,2,1,0,0,0,0,0,0,0,0,0,0
2005,240210,1,1,0,0,0,0,13,0,0,0,0,0
2005,240210,2,1,0,0,0,0,0,0,0,0,0,0
2005,240211,1,1,0,0,0,0,0,0,0,0,0,0
2005,240211,2,1,9,0,11,0,0,14,0,10,0,0
2005,240212,1,1,0,0,0,0,0,0,0,0,0,0
2005,240212,2,1,0,0,0,0,0,0,0,0,0,0
2005,240213,0,1,0,0,0,0,0,0,0,0,0,0
2005,240213,1,1,0,0,0,0,0,0,0,0,0,0
2005,240214,0,1,18,18,18,18,18,18,18,18,18,18
2005,240214,1,1,0,0,0,0,0,0,0,0,0,0
2005,240215,1,1,7,7,7,7,7,7,7,7,7,7
2005,240215,2,1,0,0,0,0,17,0,0,0,0,0
2005,240215,3,1,10,0,0,0,0,0,16,0,0,0
2005,240216,1,1,0,0,0,0,0,0,0,0,0,0
2005,240216,2,1,0,0,0,0,0,0,0,0,0,0
2005,240217,1,1,0,0,0,0,0,0,0,0,0,0
2005,240218,1,1,0,0,0,0,0,0,0,0,0,0
2005,240218,2,1,0,0,0,0,0,6,0,0,0,0
2005,240219,1,1,0,0,0,0,0,0,0,0,0,0
2005,240219,2,1,0,0,0,0,0,0,0,0,0,0
2005,240219,3,1,0,0,0,0,0,0,0,0,0,0
2005,240220,1,1,0,0,0,0,0,0,0,0,0,0
2005,240221,1,1,16,16,16,16,16,16,16,16,16,16
2005,240222,0,1,0,0,0,0,0,0,0,0,0,0
2005,240222,1,1,0,0,0,0,0,0,0,0,0,0
2005,240223,1,1,0,0,0,0,0,0,0,0,0,0
2005,240223,2,1,0,0,0,0,0,0,0,0,0,10
2005,240224,0,1,0,0,0,0,0,0,0,0,0,0
2005,240224,1,1,0,0,0,0,0,0,0,0,0,0
2005,240225,1,1,0,0,22,0,0,0,0,11,0,0
2005,240225,2,1,0,0,0,0,0,0,0,0,0,0
2005,240225,3,1,0,0,0,0,0,0,0,0,0,0
2005,240226,1,1,0,0,0,0,0,0,0,0,0,0
2005,240227,1,1,0,0,0,0,0,0,0,0,0,0
2005,240228,1,1,0,0,0,0,0,0,0,6,0,0
2005,240229,1,1,0,0,0,0,0,0,0,0,0,0
2005,240229,2,1,0,0,0,0,0,0,0,0,0,0
2005,240229,3,1,0,0,0,0,0,0,0,0,0,0
2005,240230,1,1,21,21,21,21,21,21,21,21,21,21
2005,240231,1,1,19,19,19,19,19,19,19,19,19,19
2005,240232,1,1,26,26,26,26,26,26,26,26,26,26
2005,240233,1,1,0,0,0,0,0,0,0,0,0,0
2005,240233,2,1,0,0,0,0,0,0,0,0,0,0
2005,240234,1,1,0,0,0,0,0,0,0,0,0,0
2005,240234,2,1,0,0,0,0,0,0,0,0,0,0
2005,240235,1,1,10,0,14,10,0,16,15,12,10,11
2005,240236,1,1,0,0,0,0,0,0,0,0,0,0
2005,240236,2,1,0,0,0,0,0,0,0,0,0,0
2005,240237,1,1,0,0,0,0,0,0,0,0,0,0
2005,240237,2,1,11,11,11,11,11,11,11,11,11,11
2005,240238,0,1,0,0,0,0,0,0,0,0,0,0
2005,240238,1,1,0,0,0,0,21,0,17,0,0,0
2005,240239,1,1,0,0,0,0,0,0,0,0,0,0
2005,240240,0,1,0,0,0,0,0,0,0,0,0,0
2005,240240,1,1,0,0,0,0,0,0,0,0,0,0
2005,240241,0,1,0,0,0,0,0,0,0,0,0,0
2005,240241,1,1,0,30,0,0,0,0,0,0,0,0
2005,240242,1,1,0,0,0,0,0,26,0,0,0,0
2005,240243,1,1,0,0,0,0,0,0,0,0,0,0
2005,240243,2,1,0,0,0,0,0,0,0,0,0,0
2005,240244,0,1,0,0,0,0,0,0,0,0,0,0
2005,240244,1,1,0,0,0,0,0,0,0,0,0,0
2005,240245,1,1,29,29,29,29,29,29,29,29,29,29
2005,240245,2,1,0,0,0,0,0,3,0,0,0,0
2005,240246,1,1,0,0,0,0,0,0,0,0,0,0
2005,240247,0,1,0,0,0,0,0,0,0,0,0,0
2005,240247,0,2,0,14,0,0,0,0,0,11,0,0
2005,240247,1,1,0,0,0,0,0,0,14,0,0,0
2005,240248,1,1,8,0,0,0,12,0,12,0,10,7
2005,240249,0,1,0,0,0,0,0,0,0,0,0,0
2005,240249,1,1,0,0,0,0,0,0,0,0,5,0
2005,240250,0,1,11,11,11,11,11,11,11,11,11,11
2005,240250,1,1,0,5,0,0,0,0,0,0,0,0
2005,240251,1,1,0,0,0,0,6,4,0,0,0,34
2005,240252,1,1,18,18,18,18,18,18,18,18,18,18
2005,240253,1,1,9,9,9,9,9,9,9,9,9,9
2005,240254,1,1,19,19,19,19,19,19,19,19,19,19
2005,240255,0,1,0,0,0,0,0,0,0,0,0,0
2005,240255,1,1,0,0,0,0,0,0,0,0,0,0
2005,240256,0,1,24,24,24,24,24,24,24,24,24,24
2005,240256,1,1,0,0,0,0,0,0,0,0,0,0
2005,240257,1,1,0,0,0,0,0,0,0,0,0,0
2005,240257,2,1,4,4,4,4,4,4,4,4,4,4
2005,240258,1,1,0,0,0,0,0,0,0,0,0,0
2005,240258,2,1,0,0,0,0,0,0,0,0,0,0
2005,240259,1,1,5,0,0,0,0,0,0,0,0,0
2005,240260,1,1,0,0,0,12,0,0,0,16,0,0
2005,240261,1,1,0,0,0,0,0,0,0,0,0,0
2005,240261,2,1,0,0,0,0,0,0,0,0,0,0
2005,240262,1,1,0,0,0,0,0,0,0,0,0,0
2005,240262,2,1,0,0,0,0,0,0,0,0,0,0
2005,240263,1,1,0,0,0,0,0,0,0,0,0,0
2005,240263,2,1,0,0,0,0,0,0,0,0,0,0
2005,240264,0,1,0,0,0,0,0,0,0,0,0,0
2005,240264,1,1,0,0,0,0,0,0,0,0,0,0
2005,240265,1,1,0,0,0,0,0,0,0,0,0,0
2005,240265,2,1,0,0,0,1,0,0,0,0,17,0
2005,240266,1,1,0,0,0,0,0,0,0,0,0,0
2005,240266,2,1,0,0,0,0,0,0,0,0,0,0
2005,240267,1,1,8,0,0,0,0,0,0,0,0,0
2005,240267,2,1,0,0,0,0,0,0,0,0,0,0
2005,240268,1,1,0,0,0,0,0,0,0,0,0,0
2005,240268,2,1,0,0,0,0,0,0,0,0,0,0
2005,240269,1,1,0,0,0,0,0,0,0,0,0,0
2005,240269,2,1,0,0,0,0,0,0,0,0,0,0
2005,240270,1,1,0,0,0,0,0,0,0,0,0,0
2005,240270,2,1,0,0,0,0,0,0,0,0,0,0
2005,240270,3,1,0,0,0,0,0,0,0,0,0,0
2005,240270,4,1,0,0,0,0,0,0,0,0,0,0
2005,240271,1,1,0,0,0,5,0,0,0,0,12,0
2005,240272,0,1,23,23,23,23,23,23,23,23,23,23
2005,240272,1,1,0,0,0,0,0,0,0,0,0,0
2005,240273,1,1,0,0,0,0,0,0,0,0,0,0
2005,240273,2,1,0,0,0,0,0,0,0,0,0,0
2005,240274,1,1,17,17,17,17,17,17,17,17,17,17
2005,240275,1,1,0,0,0,0,0,0,0,0,0,0
2005,240275,2,1,0,0,0,0,0,6,0,0,0,0
2005,240276,1,1,0,0,0,0,0,0,0,0,0,0
2005,240276,2,1,0,0,0,0,0,0,0,0,0,0
2005,240277,1,1,0,0,0,0,0,0,0,0,0,0
2005,240278,1,1,22,22,22,22,22,22,22,22,22,22
2005,240279,1,1,0,0,0,0,0,0,0,0,0,0
2005,240280,1,1,0,0,0,0,0,0,0,0,0,0
2005,240280,2,1,0,0,0,0,0,0,0,0,0,0
2005,240281,1,1,0,0,0,0,0,0,0,0,0,0
2005,240281,2,1,0,0,0,0,0,0,0,0,0,0
2005,240282,0,1,0,0,0,0,0,0,0,0,0,0
2005,240282,1,1,0,0,0,0,0,0,0,0,0,0
2005,240283,1,1,0,0,0,0,0,0,0,0,0,0
2005,240284,1,1,0,0,0,0,0,0,0,0,0,0
2005,240284,2,1,0,0,0,0,0,0,0,0,0,0
2005,240285,1,1,8,8,8,8,8,8,8,8,8,8
2005,240286,1,1,8,8,8,8,8,8,8,8,8,8
2005,240287,1,1,29,29,29,29,29,29,29,29,29,29
2005,240288,1,1,0,0,0,0,0,0,0,0,0,0
2005,240288,2,1,0,0,0,0,0,0,0,0,0,0
2005,240289,1,1,32,32,32,32,32,32,32,32,32,32
2005,240290,1,1,0,0,0,0,0,0,0,0,0,0
2005,240290,2,1,0,0,0,0,0,0,0,0,0,0
2005,240291,1,1,18,18,18,18,18,18,18,18,18,18
2005,240291,2,1,0,0,0,0,0,0,0,0,0,0
2005,240292,1,1,0,9,0,0,0,31,0,0,0,0
2005,240293,1,1,0,0,0,0,0,0,0,0,15,0
2005,240294,1,1,0,0,27,14,8,11,11,12,22,11
2005,240294,2,1,0,0,0,0,0,0,0,0,0,0
2005,240295,1,1,0,0,0,0,0,0,0,0,0,0
2005,240295,2,1,0,0,0,0,0,0,0,0,9,0
2005,240295,3,1,0,0,0,0,0,0,0,0,0,0
2005,240296,1,1,0,0,0,0,0,0,0,0,0,0
2005,240296,2,1,0,0,0,0,0,0,0,0,0,0
2005,240297,0,1,0,0,0,0,0,0,0,0,0,0
2005,240297,1,1,0,0,0,0,15,0,12,0,0,0
2005,240298,1,1,21,22,15,16,17,11,18,0,18,6
2005,240299,1,1,31,31,31,31,31,31,31,31,31,31
2005,240299,2,1,0,0,0,0,0,0,0,0,0,0
2005,240300,0,1,14,14,14,14,14,14,14,14,14,14
2005,240300,0,2,0,0,19,0,19,9,24,39,25,0
2005,240300,0,3,0,24,17,12,18,14,6,40,9,0
2005,240300,0,4,16,0,24,34,29,20,0,27,0,17
2005,240300,0,5,0,0,0,0,0,0,0,0,0,0
2005,240300,0,6,0,0,3,0,0,20,0,0,14,0
2005,240300,1,1,7,7,7,7,7,7,7,7,7,7
2005,240301,1,1,0,0,0,0,0,0,0,0,0,0
2005,240302,1,1,0,0,0,0,0,0,0,0,0,0
2005,240302,2,1,20,0,0,0,0,0,0,0,0,0
2005,240303,1,1,24,24,24,24,24,24,24,24,24,24
2005,240304,1,1,0,0,0,0,0,0,0,0,0,0
2005,240305,1,1,0,0,0,0,0,0,0,0,0,0
2005,240306,1,1,0,0,9,0,0,0,0,0,0,0
2005,240306,2,1,8,8,8,8,8,8,8,8,8,8
2005,240307,1,1,13,17,18,9,10,12,23,5,20,22
2005,240307,2,1,0,0,0,0,0,0,0,0,0,0
2005,240308,1,1,14,14,14,14,14,14,14,14,14,14
2005,240309,1,1,16,16,16,16,16,16,16,16,16,16
2005,240309,2,1,0,0,0,0,0,0,0,0,0,0
2005,240309,3,1,0,0,0,0,0,0,0,0,0,0
2005,240310,1,1,0,0,0,0,0,0,0,0,0,0
2005,240310,2,1,0,0,0,0,0,0,0,0,0,0
2005,240311,1,1,0,0,0,0,0,0,0,0,0,0
2005,240311,2,1,0,0,0,0,0,0,0,0,0,0
2005,240312,1,1,0,0,0,0,0,0,0,0,0,0
2005,240313,0,1,0,0,0,0,0,0,0,0,0,0
2005,240313,1,1,0,0,0,0,0,0,0,0,0,0
2005,240314,1,1,0,0,0,0,0,0,0,0,0,0
2005,240314,2,1,0,0,0,0,0,0,0,0,0,0
2005,240315,1,1,0,0,0,0,0,0,0,0,0,0
2005,240316,1,1,0,0,0,0,0,0,0,14,0,0
2005,240316,2,1,0,0,0,0,0,0,0,0,0,0
2005,240317,1,1,0,0,0,0,0,0,0,3,0,0
2005,240317,2,1,0,0,0,0,0,0,0,0,0,0
2005,240318,1,1,0,0,0,0,0,0,0,22,0,16
2005,240318,2,1,0,0,0,0,0,0,0,0,0,0
2005,240319,1,1,0,0,0,0,0,0,18,0,16,0
2005,240319,2,1,0,0,0,0,0,0,0,0,0,0
2005,240320,1,1,0,0,0,0,0,0,0,0,0,0
2005,240320,2,1,0,0,0,0,0,0,0,0,0,0
2005,240321,0,1,0,0,0,0,0,0,0,0,0,0
2005,240321,1,1,0,0,0,0,0,0,0,0,0,0
2005,240321,2,1,0,0,0,0,0,0,0,0,0,16
2005,240322,1,1,0,0,0,0,0,0,0,0,0,0
2005,240322,2,1,0,0,0,0,0,0,0,0,0,0
2005,240322,3,1,0,0,0,0,0,0,0,0,0,0
2005,240323,1,1,0,0,0,0,0,0,0,0,0,0
2005,240323,2,1,5,0,0,0,0,0,0,0,0,0
2005,240324,1,1,0,0,0,0,0,0,0,0,0,0
2005,240324,2,1,0,0,0,0,0,0,0,0,0,0
2005,240325,1,1,0,0,0,11,11,0,0,0,0,0
2005,240325,2,1,0,0,0,0,0,0,0,0,0,0
2005,240326,1,1,0,0,0,0,0,0,0,0,0,0
2005,240327,0,1,32,32,32,32,32,32,32,32,32,32
2005,240327,1,1,0,0,0,0,0,0,0,0,0,0
2005,240328,1,1,3,3,3,3,3,3,3,3,3,3
2005,240329,1,1,2,2,2,2,2,2,2,2,2,2
2005,240330,1,1,0,8,0,0,0,0,0,0,0,0
2005,240330,2,1,0,0,0,0,0,0,0,0,0,0
2005,240330,3,1,0,0,0,0,0,0,0,0,0,0
2005,240331,1,1,10,10,10,10,10,10,10,10,10,10
2005,240332,1,1,0,0,0,0,0,0,0,0,0,0
2005,240332,2,1,0,0,0,0,0,0,0,0,0,0
2005,240333,1,1,0,0,0,0,0,0,0,0,0,0
2005,240334,1,1,0,0,0,0,0,0,0,0,0,0
2005,240335,1,1,13,13,13,13,13,13,13,13,13,13
2005,240335,2,1,0,0,0,0,0,0,0,0,0,0
2005,240336,1,1,30,30,30,30,30,30,30,30,30,30
2005,240337,1,1,0,0,0,0,0,0,0,0,0,0
2005,240337,2,1,0,0,0,0,0,0,0,0,0,0
2005,240338,1,1,5,5,5,5,5,5,5,5,5,5
2005,240339,1,1,0,0,0,0,0,0,0,0,0,0
2005,240340,1,1,3,3,3,3,3,3,3,3,3,3
2005,240341,1,1,17,17,17,17,17,17,17,17,17,17
2005,240342,0,1,25,25,25,25,25,25,25,25,25,25
2005,240342,1,1,0,0,0,0,0,0,0,0,0,0
2005,240343,1,1,0,0,0,0,0,0,0,0,0,8
2005,240343,2,1,9,9,9,9,9,9,9,9,9,9
2005,240344,1,1,16,16,16,16,16,16,16,16,16,16
2005,240345,1,1,0,0,0,0,0,0,0,0,0,0
2005,240345,2,1,0,0,0,0,0,0,0,0,0,0
2005,240345,3,1,0,0,0,0,0,0,0,0,0,0
2005,240346,1,1,0,0,0,0,0,0,0,0,0,0
2005,240346,2,1,0,0,0,17,0,0,0,6,0,0
2005,240347,1,1,7,7,7,7,7,7,7,7,7,7
2005,240347,2,1,0,0,0,0,0,0,0,0,0,0
2005,240348,1,1,0,0,0,0,0,0,0,0,0,0
2005,240348,2,1,0,0,0,0,0,0,0,0,0,0
2005,240349,1,1,0,0,0,0,0,0,0,0,0,0
2005,240349,2,1,0,0,0,6,0,0,0,0,0,0
2005,240350,1,1,0,0,0,0,0,0,0,0,0,0
2005,240350,2,1,0,0,0,0,0,0,0,0,0,0
2005,240351,1,1,17,17,17,17,17,17,17,17,17,17
2005,240352,1,1,20,20,20,20,20,20,20,20,20,20
2005,240353,1,1,16,16,16,16,16,16,16,16,16,16
2005,240353,2,1,0,0,0,0,0,0,0,0,0,0
2005,240354,1,1,0,0,0,0,0,0,0,0,0,0
2005,240354,2,1,0,0,0,0,0,0,0,0,0,0
2005,240355,1,1,17,17,17,17,17,17,17,17,17,17
2005,240355,2,1,0,0,0,0,0,0,0,0,0,0
2005,240356,1,1,11,11,11,11,11,11,11,11,11,11
2005,240357,1,1,0,0,0,0,0,0,0,0,0,0
2005,240357,2,1,0,0,0,0,0,0,0,0,0,0
2005,240358,0,1,0,0,0,0,0,0,0,0,0,0
2005,240358,1,1,0,0,0,0,0,0,0,0,0,5
2005,240359,1,1,5,5,5,5,5,5,5,5,5,5
2005,240360,1,1,30,30,30,30,30,30,30,30,30,30
2005,240361,1,1,0,0,0,0,0,0,0,0,0,0
2005,240361,2,1,0,0,0,0,0,0,0,17,0,0
2005,240361,3,1,0,0,0,0,0,0,0,0,0,0
2005,240361,4,1,0,0,0,0,0,0,0,0,0,0
2005,240362,0,1,26,26,26,26,26,26,26,26,26,26
2005,240362,1,1,3,3,3,3,3,3,3,3,3,3
2005,240363,1,1,0,0,0,0,0,0,0,0,0,0
2005,240364,1,1,3,3,3,3,3,3,3,3,3,3
2005,240365,1,1,0,9,0,0,0,0,0,0,0,0
2005,240366,1,1,12,12,12,12,12,12,12,12,12,12
2005,240366,2,1,0,0,0,0,0,0,0,0,0,0
2005,240367,1,1,0,0,0,0,0,0,0,0,0,0
2005,240368,0,1,0,0,0,0,0,0,0,0,0,0
2005,240368,1,1,0,0,0,0,0,0,0,0,0,0
2005,240369,1,1,10,10,10,10,10,10,10,10,10,10
2005,240369,2,1,0,0,0,0,0,0,0,0,0,0
2005,240370,1,1,16,16,16,16,16,16,16,16,16,16
2005,240371,1,1,0,0,0,0,0,0,0,0,0,0
2005,240371,2,1,0,0,0,0,0,0,0,0,0,0
2005,240372,1,1,0,0,0,0,0,0,0,0,0,0
2005,240372,2,1,0,0,0,0,0,0,0,0,0,0
2005,240373,1,1,0,0,0,0,0,0,0,0,0,0
2005,240373,2,1,0,0,0,0,0,0,0,0,0,0
2005,240374,1,1,0,0,0,0,0,0,0,0,0,0
2005,240374,2,1,0,0,0,0,0,0,0,0,0,0
2005,240375,1,1,0,0,0,0,0,12,0,0,9,0
2005,240375,2,1,0,0,0,0,0,0,0,0,0,0
2005,240376,1,1,0,0,0,0,0,0,0,0,0,0
2005,240377,1,1,20,20,20,20,20,20,20,20,20,20
2005,240378,1,1,0,0,0,0,0,0,0,0,0,0
2005,240378,2,1,0,0,0,0,0,0,0,0,0,0
2005,240379,1,1,0,0,0,0,0,0,0,0,0,0
2005,240379,2,1,0,0,0,0,0,0,0,0,0,0
2005,240380,1,1,10,10,10,10,10,10,10,10,10,10
2005,240381,1,1,0,0,0,0,0,0,0,0,0,0
2005,240381,2,1,0,0,0,0,0,0,0,0,0,0
2005,240382,1,1,0,0,0,0,0,0,0,0,0,0
2005,240382,2,1,0,0,0,0,0,0,0,17,0,0
2005,240383,1,1,0,0,0,0,0,0,0,0,0,0
2005,240383,2,1,0,0,0,0,0,0,0,0,0,0
2005,240383,3,1,0,0,11,0,0,0,0,0,0,0
2005,240383,4,1,0,0,0,0,0,0,0,0,0,0
2005,240383,5,1,0,0,0,0,0,0,0,0,0,0
2005,240383,6,1,0,0,0,0,0,0,0,0,0,0
2005,240383,7,1,0,0,0,0,0,10,0,0,0,0
2005,240383,8,1,0,0,0,0,0,0,0,0,0,0
2005,240384,1,1,16,16,16,16,16,16,16,16,16,16
2005,240385,1,1,0,0,0,0,0,0,0,0,0,0
2005,240386,1,1,20,20,20,20,20,20,20,20,20,20
2005,240386,2,1,0,0,0,0,0,0,0,0,0,0
2005,240387,1,1,0,0,0,0,0,0,0,0,0,0
2005,240387,2,1,0,0,0,0,0,0,0,0,0,0
2005,240388,1,1,0,0,0,0,0,0,0,0,0,0
2005,240388,2,1,0,0,0,0,0,0,0,0,0,0
2005,240388,3,1,0,0,0,0,0,0,0,0,0,0
2005,240389,1,1,0,0,0,0,0,0,0,0,0,0
2005,240390,1,1,0,0,0,0,0,0,12,0,0,0
2005,240390,2,1,0,0,0,0,0,0,0,0,0,0
2005,240391,0,1,1,1,1,1,1,1,1,1,1,1
2005,240391,1,1,0,0,17,0,0,0,0,0,0,0
2005,240392,1,1,30,30,30,30,30,30,30,30,30,30
2005,240392,2,1,0,0,0,0,0,0,14,0,0,5
2005,240393,1,1,7,7,7,7,7,7,7,7,7,7
2005,240393,2,1,0,0,0,0,0,0,0,0,0,0
2005,240394,1,1,0,0,0,0,0,0,0,0,0,0
2005,240394,2,1,0,0,0,0,0,0,0,0,0,0
2005,240395,1,1,0,0,0,0,20,0,8,0,0,0
2005,240395,2,1,0,0,0,0,0,0,0,0,0,0
2005,240396,1,1,3,3,3,3,3,3,3,3,3,3
2005,240396,2,1,0,0,0,0,0,0,0,0,0,0
2005,240397,1,1,0,0,0,0,0,0,0,0,0,0
2005,240398,0,1,0,0,0,0,0,0,0,0,0,0
2005,240398,1,1,0,0,0,0,0,0,0,0,0,0
2005,240399,0,1,23,23,23,23,23,23,23,23,23,23
2005,240399,1,1,0,18,22,0,0,0,15,0,0,0
2005,240400,1,1,0,0,0,0,0,0,0,0,0,0
2005,240400,2,1,0,0,0,0,0,0,0,0,0,0
2005,240401,0,1,0,0,0,0,0,0,0,0,0,0