YEAR,ST_CASE,veh_no,per_no,P1,P2,P3,P4,P5,P6,P7,P8,P9,P10
2005,240401,1,1,0,0,0,0,0,0,0,0,0,0
2005,240401,2,1,0,0,0,0,0,0,0,0,0,0
2005,240402,0,1,16,16,16,16,16,16,16,16,16,16
2005,240402,1,1,0,26,4,12,9,16,7,0,25,0
2005,240402,2,1,0,0,0,0,0,0,15,0,14,27
2005,240403,1,1,18,18,18,18,18,18,18,18,18,18
2005,240403,2,1,0,0,0,0,0,0,0,0,0,0
2005,240404,1,1,27,27,27,27,27,27,27,27,27,27
2005,240405,1,1,3,3,3,3,3,3,3,3,3,3
2005,240405,2,1,0,0,0,0,0,0,0,0,0,8
2005,240406,1,1,0,0,0,0,0,0,0,0,0,0
2005,240407,1,1,16,16,16,16,16,16,16,16,16,16
2005,240408,0,1,0,0,0,0,0,0,0,0,0,0
2005,240408,1,1,8,0,0,0,7,0,0,0,0,0
2005,240409,1,1,0,0,0,0,0,0,0,0,0,0
2005,240410,1,1,29,24,21,20,13,11,17,17,14,25
2005,240411,1,1,0,0,0,0,0,0,0,0,0,0
2005,240412,1,1,0,0,0,0,0,0,0,0,0,0
2005,240412,2,1,0,0,0,0,0,0,0,0,0,0
2005,240413,1,1,0,0,0,0,0,0,0,0,0,0
2005,240414,0,1,0,0,0,0,0,0,0,0,0,0
2005,240414,1,1,6,6,6,6,6,6,6,6,6,6
2005,240414,2,1,0,0,0,0,0,0,0,0,0,0
2005,240415,1,1,0,0,0,0,0,0,0,0,0,0
2005,240415,2,1,0,0,0,0,0,0,0,0,0,0
2005,240416,1,1,9,22,8,15,9,19,17,22,14,25
2005,240417,1,1,11,11,11,11,11,11,11,11,11,11
2005,240418,1,1,22,22,22,22,22,22,22,22,22,22
2005,240419,1,1,0,0,0,0,0,0,0,0,0,0
2005,240419,2,1,0,0,0,0,0,0,0,0,0,0
2005,240420,1,1,0,0,0,0,0,0,0,0,0,0
2005,240420,2,1,0,0,0,0,0,0,0,0,0,0
2005,240420,3,1,0,0,0,0,0,0,0,0,0,0
2005,240421,1,1,0,0,17,0,0,22,0,0,0,0
2005,240422,1,1,26,26,26,26,26,26,26,26,26,26
2005,240423,0,1,0,0,0,0,0,0,0,0,0,0
2005,240423,1,1,7,7,7,7,7,7,7,7,7,7
2005,240424,1,1,0,0,0,0,0,0,0,0,0,0
2005,240425,1,1,3,3,3,3,3,3,3,3,3,3
2005,240426,1,1,0,0,0,0,0,0,0,0,0,0
2005,240427,1,1,0,0,0,0,0,0,0,0,0,0
2005,240428,1,1,0,0,0,0,0,0,0,0,0,0
2005,240428,2,1,0,0,0,0,0,0,0,0,0,0
2005,240429,1,1,0,0,0,0,0,0,0,0,0,0
2005,240430,0,1,0,0,0,0,0,0,0,0,0,0
2005,240430,1,1,0,0,0,0,0,0,16,0,0,0
2005,240431,1,1,0,0,0,0,0,0,0,0,0,0
2005,240432,1,1,27,27,27,27,27,27,27,27,27,27
2005,240433,1,1,0,0,0,0,0,0,0,0,0,0
2005,240434,1,1,0,0,0,0,0,0,0,0,0,0
2005,240435,1,1,18,18,18,18,18,18,18,18,18,18
2005,240435,2,1,0,0,0,0,0,0,0,0,0,0
2005,240436,1,1,0,0,0,0,0,0,0,0,0,0
2005,240436,2,1,0,0,0,0,0,0,0,0,0,0
2005,240437,0,1,0,0,0,0,0,0,0,0,0,0
2005,240437,1,1,0,0,0,0,0,0,0,0,0,0
2005,240438,1,1,0,0,0,0,0,0,0,0,0,0
2005,240439,0,1,0,0,0,0,0,0,0,0,0,0
2005,240439,1,1,0,0,0,0,0,0,0,0,0,0
2005,240440,0,1,9,9,9,9,9,9,9,9,9,9
2005,240440,1,1,6,0,0,0,0,0,0,0,0,0
2005,240441,1,1,0,0,0,0,0,0,0,0,0,0
2005,240441,2,1,0,0,0,0,0,0,0,0,0,0
2005,240441,3,1,0,0,0,0,0,0,0,0,0,0
2005,240441,4,1,0,0,0,0,0,0,0,0,0,0
2005,240442,1,1,13,22,11,9,0,16,9,11,0,10
2005,240442,2,1,20,17,28,19,17,22,13,23,12,2
2005,240443,1,1,0,0,0,0,0,0,0,0,0,0
2005,240444,1,1,21,28,8,23,18,18,17,18,13,11
2005,240445,1,1,0,0,0,0,0,0,0,0,0,0
2005,240445,2,1,0,0,0,0,0,0,0,0,0,9
2005,240445,3,1,0,0,0,0,0,0,0,0,0,0
2005,240446,1,1,0,0,0,0,0,0,0,0,0,0
2005,240446,2,1,0,0,0,0,0,0,0,0,0,0
2005,240447,1,1,2,2,2,2,2,2,2,2,2,2
2005,240447,2,1,16,16,16,16,16,16,16,16,16,16
2005,240448,0,1,16,16,16,16,16,16,16,16,16,16
2005,240448,1,1,0,0,0,0,0,0,0,0,6,6
2005,240449,1,1,0,0,0,0,0,0,0,0,0,0
2005,240450,1,1,13,26,14,15,23,19,18,6,12,17
2005,240451,1,1,0,0,0,0,0,0,0,0,0,0
2005,240451,2,1,0,0,0,0,0,0,0,0,0,0
2005,240452,0,1,0,0,0,0,0,0,0,0,0,0
2005,240452,1,1,0,0,0,0,0,0,0,21,0,0
2005,240453,1,1,0,0,0,0,0,0,0,0,0,0
2005,240454,0,1,0,0,0,0,0,0,0,0,0,0
2005,240454,1,1,0,0,0,0,0,0,0,0,0,0
2005,240455,1,1,0,0,0,0,0,0,0,0,0,0
2005,240456,1,1,0,0,0,0,0,0,0,0,0,0
2005,240456,2,1,0,0,0,0,0,0,0,0,0,0
2005,240457,1,1,0,0,0,0,0,0,0,0,0,0
2005,240457,2,1,0,0,0,0,0,0,0,0,0,0
2005,240458,1,1,0,0,0,0,0,0,0,0,0,0
2005,240458,2,1,0,0,0,0,0,0,0,0,0,0
2005,240459,1,1,6,6,6,6,6,6,6,6,6,6
2005,240460,1,1,13,22,0,5,22,0,0,0,0,0
2005,240461,1,1,0,0,0,0,0,0,0,0,0,0
2005,240461,2,1,0,0,0,0,0,0,0,0,0,0
2005,240461,3,1,0,0,0,0,0,0,0,0,0,0
2005,240461,4,1,0,0,0,0,0,0,0,0,0,0
2005,240462,1,1,15,15,15,15,15,15,15,15,15,15
2005,240463,1,1,0,0,0,0,0,0,0,0,0,0
2005,240464,1,1,18,4,0,0,0,13,5,16,9,12
2005,240465,1,1,0,0,0,0,0,0,0,0,0,0
2005,240465,2,1,0,0,0,0,0,19,0,0,0,0
2005,240466,1,1,12,17,18,10,11,20,17,8,10,15
2005,240467,1,1,0,0,0,0,0,0,0,0,0,0
2005,240467,2,1,0,0,0,0,0,0,0,0,0,0
2005,240468,0,1,0,0,0,0,0,0,0,0,0,0
2005,240468,1,1,0,0,0,0,0,0,0,0,0,0
2005,240469,1,1,13,13,13,13,13,13,13,13,13,13
2005,240470,1,1,0,12,0,16,12,7,18,25,20,14
2005,240471,1,1,8,8,8,8,8,8,8,8,8,8
2005,240472,1,1,0,0,0,0,0,0,0,0,0,0
2005,240473,1,1,0,0,0,0,0,0,0,0,0,0
2005,240473,2,1,0,0,0,0,0,0,0,0,0,0
2005,240474,1,1,20,9,16,9,24,16,17,16,7,4
2005,240474,2,1,0,0,0,0,0,0,0,0,0,0
2005,240475,1,1,23,23,23,23,23,23,23,23,23,23
2005,240476,1,1,0,0,0,0,0,0,0,0,0,0
2005,240476,2,1,0,0,0,0,0,0,0,0,0,0
2005,240477,1,1,14,0,0,0,0,0,0,16,0,0
2005,240477,2,1,0,0,0,0,0,0,0,0,0,0
2005,240478,0,1,23,23,23,23,23,23,23,23,23,23
2005,240478,1,1,0,0,0,0,0,0,0,0,0,0
2005,240479,0,1,0,0,0,0,0,0,0,0,0,0
2005,240479,1,1,0,0,0,0,0,0,0,0,0,0
2005,240480,1,1,29,19,18,9,0,2,20,20,7,13
2005,240480,2,1,0,0,0,0,0,0,0,0,0,0
2005,240481,1,1,0,0,0,0,0,0,0,0,0,0
2005,240481,2,1,0,0,0,0,0,0,0,0,0,0
2005,240482,0,1,0,0,0,0,0,0,0,0,0,0
2005,240482,1,1,0,0,0,0,0,0,0,0,0,0
2005,240483,1,1,11,11,11,11,11,11,11,11,11,11
2005,240483,2,1,7,7,7,7,7,7,7,7,7,7
2005,240484,1,1,0,0,0,0,0,0,0,0,0,0
2005,240484,2,1,0,0,0,0,0,0,0,0,0,0
2005,240484,3,1,0,0,0,0,0,0,0,0,0,0
2005,240485,0,1,0,0,0,0,0,0,0,0,0,0
2005,240485,0,2,0,0,0,0,0,0,0,0,0,0
2005,240485,0,3,0,0,0,0,0,0,0,0,0,0
2005,240485,1,1,0,0,0,0,0,0,4,0,0,0
2005,240486,1,1,0,0,0,16,0,0,0,0,32,0
2005,240486,2,1,15,0,16,0,0,0,0,0,0,0
2005,240486,3,1,0,0,0,0,0,0,0,0,0,0
2005,240487,1,1,0,0,0,0,0,0,0,0,0,0
2005,240487,2,1,0,0,0,0,0,0,0,0,0,0
2005,240488,1,1,0,0,0,2,0,18,0,0,0,0
2005,240489,0,1,0,0,0,0,0,0,0,0,0,0
2005,240489,1,1,17,36,0,31,0,0,0,14,0,0
2005,240490,1,1,0,0,0,0,0,0,0,0,0,0
2005,240491,1,1,0,0,0,0,0,0,0,0,0,0
2005,240491,2,1,0,0,0,0,0,0,0,0,0,0
2005,240492,1,1,0,0,0,0,0,0,0,0,0,0
2005,240492,2,1,0,0,0,0,0,0,0,0,0,0
2005,240492,3,1,0,0,0,0,0,0,0,0,0,0
2005,240493,1,1,0,0,0,0,0,0,0,0,0,0
2005,240494,1,1,0,19,0,0,0,0,0,0,0,0
2005,240494,2,1,5,5,5,5,5,5,5,5,5,5
2005,240495,0,1,21,21,21,21,21,21,21,21,21,21
2005,240495,1,1,25,0,0,0,0,0,0,4,0,0
2005,240496,1,1,0,0,0,0,0,0,0,0,0,0
2005,240497,1,1,0,0,0,0,0,0,0,0,0,0
2005,240497,2,1,0,0,0,0,0,0,0,0,0,0
2005,240498,1,1,0,0,0,0,0,0,0,0,0,0
2005,240499,1,1,0,0,0,0,0,0,0,0,0,0
2005,240500,1,1,0,0,0,0,0,0,0,0,0,0
2005,240500,2,1,0,0,0,0,0,0,0,0,0,0
2005,240501,1,1,22,22,22,22,22,22,22,22,22,22
2005,240502,0,1,0,0,0,0,0,0,0,0,0,0
2005,240502,1,1,0,0,0,0,0,0,0,0,0,0
2005,240503,1,1,0,0,0,0,0,0,0,0,0,0
2005,240503,2,1,0,0,0,0,0,0,0,0,0,0
2005,240504,0,1,0,0,0,0,0,0,0,0,0,0
2005,240504,1,1,0,0,0,0,0,0,0,0,0,0
2005,240505,1,1,0,0,0,0,0,0,0,0,0,0
2005,240505,2,1,0,0,0,0,0,0,0,0,0,0
2005,240506,0,1,0,0,0,0,0,0,0,0,0,0
2005,240506,1,1,25,24,10,0,0,0,0,35,17,26
2005,240507,1,1,0,0,0,0,0,0,0,0,0,0
2005,240507,2,1,0,0,0,0,0,0,0,0,0,0
2005,240508,1,1,0,0,0,0,0,14,0,0,0,0
2005,240508,2,1,0,0,0,0,0,0,0,0,0,0
2005,240509,1,1,0,0,0,0,0,0,0,0,0,0
2005,240510,1,1,24,24,24,24,24,24,24,24,24,24
2005,240511,1,1,0,0,0,0,0,0,0,0,0,0
2005,240512,1,1,2,2,2,2,2,2,2,2,2,2
2005,240512,2,1,0,0,0,0,0,0,0,0,0,0
2005,240513,0,1,5,5,5,5,5,5,5,5,5,5
2005,240513,1,1,0,0,0,0,0,0,0,0,0,0
2005,240513,2,1,0,0,0,0,0,0,0,0,0,0
2005,240514,1,1,10,7,14,22,14,13,24,31,10,8
2005,240514,2,1,0,0,0,0,0,0,0,0,0,0
2005,240515,0,1,26,0,11,11,18,28,30,12,43,15
2005,240515,1,1,0,0,0,0,0,0,0,0,21,10
2005,240516,0,1,0,0,0,0,0,0,0,0,0,0
2005,240516,1,1,0,0,0,0,0,0,0,0,0,0
2005,240517,1,1,0,0,0,0,0,0,0,0,0,0
2005,240517,2,1,0,0,0,0,0,0,0,0,0,0
2005,240518,1,1,0,0,0,0,0,0,0,0,0,0
2005,240518,2,1,0,0,0,0,0,0,0,0,0,0
2005,240519,1,1,10,10,10,10,10,10,10,10,10,10
2005,240521,1,1,9,9,9,9,9,9,9,9,9,9
2005,240522,1,1,16,16,16,16,16,16,16,16,16,16
2005,240523,1,1,0,0,0,0,0,0,0,0,0,0
2005,240524,1,1,0,0,19,0,0,0,0,0,0,0
2005,240524,2,1,0,0,0,0,0,0,0,0,19,0
2005,240525,1,1,0,0,0,0,0,0,0,0,0,0
2005,240525,2,1,0,0,0,0,0,0,0,0,0,0
2005,240526,1,1,0,0,0,0,0,0,0,0,0,0
2005,240526,2,1,0,0,0,0,0,0,0,0,0,0
2005,240527,0,1,0,0,0,0,0,0,0,0,0,0
2005,240527,1,1,0,0,0,0,0,0,0,0,0,0
2005,240528,1,1,0,0,0,0,0,0,0,0,0,0
2005,240528,2,1,0,0,0,0,0,0,0,0,0,0
2005,240529,1,1,0,0,0,0,0,0,0,0,0,0
2005,240529,2,1,0,0,0,0,0,0,0,0,0,0
2005,240530,0,1,0,48,44,17,0,11,18,20,21,3
2005,240530,1,1,0,0,0,0,0,0,0,0,0,0
2005,240531,1,1,0,0,0,0,0,0,5,0,0,0
2005,240532,0,1,0,0,0,0,0,0,0,0,0,0
2005,240532,1,1,0,0,0,0,0,0,0,0,0,0
2005,240533,1,1,9,9,9,9,9,9,9,9,9,9
2005,240533,2,1,5,5,5,5,5,5,5,5,5,5
2005,240534,0,1,0,0,0,0,0,0,0,0,0,0
2005,240534,0,2,0,0,0,0,0,0,0,0,0,0
2005,240534,1,1,0,0,0,0,0,0,0,0,0,0
2005,240535,1,1,12,12,12,12,12,12,12,12,12,12
2005,240535,2,1,0,0,0,0,0,0,0,0,0,0
2005,240536,1,1,0,0,0,0,0,0,0,0,0,0
2005,240536,2,1,0,0,0,0,0,0,0,0,0,0
2005,240537,0,1,25,25,25,25,25,25,25,25,25,25
2005,240537,1,1,20,17,0,0,0,0,0,0,0,0
2005,240538,0,1,0,0,0,0,0,0,0,0,0,0
2005,240538,1,1,0,0,0,0,0,13,15,0,18,18
2005,240539,1,1,18,18,18,18,18,18,18,18,18,18
2005,240540,1,1,6,6,6,6,6,6,6,6,6,6
2005,240540,2,1,0,0,0,0,0,0,0,0,0,0
2005,240541,1,1,0,0,0,0,0,0,0,0,0,0
2005,240541,2,1,0,0,0,0,0,0,0,0,0,0
2005,240542,0,1,14,14,14,14,14,14,14,14,14,14
2005,240542,1,1,22,22,22,22,22,22,22,22,22,22
2005,240543,1,1,0,0,0,0,0,0,0,0,0,0
2005,240543,2,1,0,0,0,0,0,0,0,0,0,0
2005,240544,1,1,16,0,0,0,0,0,0,0,0,0
2005,240544,2,1,21,21,21,21,21,21,21,21,21,21
2005,240545,1,1,9,9,9,9,9,9,9,9,9,9
2005,240545,2,1,0,0,0,0,0,0,0,0,0,11
2005,240546,0,1,13,13,13,13,13,13,13,13,13,13
2005,240546,1,1,0,0,0,0,0,0,0,34,0,0
2005,240547,1,1,0,0,0,0,0,0,0,0,0,0
2005,240547,2,1,0,0,0,0,0,0,0,0,0,0
2005,240548,1,1,0,0,0,0,0,0,0,0,0,0
2005,240548,2,1,0,0,0,0,0,0,0,0,0,0
2005,240549,0,1,0,0,0,0,0,0,0,0,0,0
2005,240549,1,1,0,0,0,0,0,0,0,0,0,0
2005,240550,1,1,0,0,0,0,0,0,0,0,0,0
2005,240550,2,1,20,20,20,20,20,20,20,20,20,20
2005,240550,3,1,0,0,0,0,0,0,0,0,0,0
2005,240550,4,1,0,0,0,0,0,0,0,0,0,0
2005,240551,0,1,21,21,21,21,21,21,21,21,21,21
2005,240551,1,1,0,0,0,12,30,0,0,27,11,0
2005,240552,1,1,0,0,0,0,0,0,0,0,0,0
2005,240552,2,1,9,7,0,0,3,6,26,36,18,0
2005,240552,3,1,0,0,0,0,0,0,0,0,0,0
2005,240553,1,1,20,20,20,20,20,20,20,20,20,20
2005,240554,0,1,0,0,0,0,0,0,0,0,0,0
2005,240554,1,1,0,0,0,0,8,0,0,0,0,0
2005,240555,1,1,15,5,28,0,35,13,28,11,4,13
2005,240556,1,1,11,11,11,11,11,11,11,11,11,11
2005,240556,2,1,0,0,0,0,0,0,0,0,0,0
2005,240557,1,1,15,15,15,15,15,15,15,15,15,15
2005,240558,1,1,0,0,0,0,0,0,0,0,0,0
2005,240558,2,1,0,0,0,0,0,0,0,0,0,0
2005,240559,0,1,30,30,30,30,30,30,30,30,30,30
2005,240559,1,1,0,0,0,0,0,0,0,0,0,0
2005,240560,1,1,0,0,0,0,0,0,0,0,0,0
2005,240560,2,1,0,0,0,0,0,0,0,0,0,0
2005,240561,1,1,13,13,13,13,13,13,13,13,13,13
2005,240562,0,1,3,3,3,3,3,3,3,3,3,3
2005,240562,1,1,13,25,12,17,0,9,7,17,19,15
2005,240563,1,1,20,20,20,20,20,20,20,20,20,20
2005,240564,0,1,0,0,0,0,0,0,0,0,0,0
2005,240564,1,1,0,0,0,0,0,0,0,0,0,0
2005,240565,1,1,0,0,0,0,0,0,0,0,0,0
2005,240565,2,1,0,0,0,0,0,0,0,0,0,0
2005,240566,0,1,0,0,0,0,0,0,0,0,0,0
2005,240566,1,1,0,0,0,0,0,0,0,0,0,0
2005,240567,1,1,0,0,0,0,0,0,0,0,0,0
2005,240568,0,1,0,0,0,0,0,0,0,0,0,0
2005,240568,1,1,0,0,0,0,0,0,0,0,0,0
2005,240568,2,1,0,0,0,0,0,0,7,0,0,0
2005,240569,1,1,0,0,0,0,0,0,0,0,0,0
2005,240569,2,1,0,0,0,0,0,9,0,0,0,0
2005,240570,1,1,14,14,14,14,14,14,14,14,14,14
2005,240571,1,1,0,0,0,0,0,0,0,0,0,0
2005,240571,2,1,0,0,0,0,0,0,0,0,0,0
2005,240572,1,1,0,0,0,0,0,0,0,0,0,0
2005,240572,2,1,0,0,0,0,0,0,0,0,0,0
2005,240573,0,1,0,0,0,0,0,0,0,0,0,0
2005,240573,1,1,0,0,0,0,0,0,18,0,0,0
2005,240574,1,1,11,11,11,11,11,11,11,11,11,11
2005,240575,1,1,8,8,8,8,8,8,8,8,8,8
2005,240575,2,1,0,0,0,0,0,0,0,0,0,0
2005,240576,1,1,0,0,0,0,0,0,0,0,0,0
2005,240577,1,1,0,0,0,0,0,0,0,0,0,0
2005,240577,2,1,0,0,0,0,0,0,0,11,0,0
2005,240578,1,1,15,15,15,15,15,15,15,15,15,15
2005,250001,1,1,13,13,13,13,13,13,13,13,13,13
2005,250002,1,1,18,18,18,18,18,18,18,18,18,18
2005,250003,1,1,0,0,0,0,0,0,0,0,0,0
2005,250004,1,1,26,11,10,10,18,0,22,0,8,2
2005,250005,1,1,21,0,0,0,0,6,0,0,0,0
2005,250006,1,1,0,0,0,0,0,10,0,16,9,0
2005,250007,1,1,0,44,15,0,0,0,0,5,0,0
2005,250008,1,1,10,10,10,10,10,10,10,10,10,10
2005,250009,1,1,0,0,0,0,0,0,0,0,0,0
2005,250010,0,1,0,0,0,0,0,0,0,0,0,0
2005,250010,1,1,0,0,20,12,6,17,0,0,21,17
2005,250011,0,1,0,0,20,0,14,0,0,0,0,10
2005,250011,1,1,0,0,0,0,12,0,25,0,0,0
2005,250012,0,1,0,0,0,0,0,0,0,0,24,0
2005,250012,1,1,0,0,0,0,6,0,0,0,0,0
2005,250013,0,1,19,19,19,19,19,19,19,19,19,19
2005,250013,1,1,0,0,4,0,0,0,0,0,0,0
2005,250014,1,1,0,0,0,0,0,0,14,0,0,0
2005,250015,1,1,0,0,0,0,0,0,0,0,0,0
2005,250015,2,1,0,0,0,0,0,0,0,0,0,0
2005,250016,1,1,0,0,0,0,0,0,0,0,0,0
2005,250016,2,1,0,0,0,0,0,14,0,0,0,0
2005,250017,0,1,0,0,0,0,0,0,0,0,0,0
2005,250017,1,1,25,0,0,0,0,18,0,0,0,3
2005,250018,1,1,24,24,24,24,24,24,24,24,24,24
2005,250019,0,1,0,0,0,0,0,0,0,0,0,0
2005,250019,1,1,13,11,12,0,15,18,7,0,14,0
2005,250020,0,1,0,0,0,0,0,0,15,23,0,0
2005,250020,1,1,0,0,8,0,0,0,0,10,0,0
2005,250021,1,1,0,0,0,0,0,0,0,0,0,0
2005,250021,2,1,0,0,0,0,0,0,0,0,0,0
2005,250022,0,1,0,0,0,22,0,19,16,0,0,0
2005,250022,1,1,0,0,14,0,0,0,0,0,0,0
2005,250023,1,1,0,0,0,0,0,0,0,0,0,0
2005,250023,2,1,0,0,0,0,0,0,0,0,0,0
2005,250024,0,1,0,0,0,0,0,0,0,0,0,0
2005,250024,0,2,0,0,0,0,0,0,0,0,0,0
2005,250024,1,1,0,9,0,11,0,0,29,0,0,0
2005,250025,1,1,0,0,0,0,0,0,0,0,0,0
2005,250025,2,1,0,0,0,0,10,0,0,0,0,0
2005,250026,0,1,0,0,4,0,23,0,0,0,0,0
2005,250026,0,2,0,0,0,0,0,0,0,0,0,0
2005,250026,1,1,0,0,0,0,0,0,0,0,0,0
2005,250027,1,1,0,0,0,0,0,0,0,0,0,0
2005,250027,2,1,0,36,0,6,0,0,0,0,8,0
2005,250028,1,1,22,22,22,22,22,22,22,22,22,22
2005,250029,1,1,25,11,13,10,6,4,20,18,12,22
2005,250030,1,1,0,0,0,0,0,0,0,0,0,0
2005,250030,2,1,12,0,24,0,0,12,0,0,0,0
2005,250031,0,1,0,0,0,0,0,0,0,0,0,0
2005,250031,1,1,0,0,0,0,4,0,0,0,0,0
2005,250032,1,1,0,0,0,0,0,0,0,0,0,0
2005,250032,2,1,0,0,0,0,0,0,0,0,0,0
2005,250033,0,1,24,9,10,0,20,14,14,0,0,14
2005,250033,1,1,19,21,0,0,0,9,20,0,0,0
2005,250034,0,1,0,0,0,0,0,0,0,0,24,38
2005,250034,1,1,0,0,0,0,0,0,0,0,0,0
2005,250035,0,1,0,0,0,0,0,0,0,0,0,0
2005,250035,1,1,0,0,0,0,0,0,0,0,0,0
2005,250036,0,1,0,0,0,25,0,11,0,0,0,0
2005,250036,1,1,0,0,0,0,0,0,0,0,0,0
2005,250037,1,1,11,11,11,11,11,11,11,11,11,11
2005,250038,1,1,0,14,0,15,14,12,13,18,0,35
2005,250039,1,1,9,0,0,10,4,6,0,11,13,11
2005,250040,1,1,0,17,0,0,0,0,0,0,0,18
2005,250041,0,1,0,0,0,0,0,0,0,0,0,0
2005,250041,1,1,0,0,0,0,0,0,0,0,0,0
2005,250042,0,1,0,0,0,0,0,0,0,0,0,0
2005,250042,1,1,0,0,0,0,0,0,18,0,0,0
2005,250043,1,1,0,0,0,0,0,0,0,0,0,0
2005,250043,2,1,0,0,0,0,0,0,0,0,0,0
2005,250044,0,1,0,0,0,0,0,0,0,0,0,0
2005,250044,1,1,21,2,4,21,0,0,16,0,0,0
2005,250045,1,1,32,32,32,32,32,32,32,32,32,32
2005,250046,1,1,22,0,6,10,19,2,26,0,20,11
2005,250047,1,1,11,25,10,9,11,0,8,0,25,18
2005,250048,1,1,0,0,0,0,0,20,0,11,20,0
2005,250048,2,1,5,0,0,0,0,0,0,16,0,31
2005,250049,0,1,0,0,0,0,0,0,0,0,0,0
2005,250049,1,1,0,0,0,0,13,0,0,0,21,0
2005,250050,1,1,0,0,0,0,0,0,0,10,12,0
2005,250050,2,1,0,0,0,10,0,0,0,0,0,0
2005,250051,0,1,24,15,7,0,0,0,8,28,31,0
2005,250051,1,1,23,0,0,0,0,0,0,0,0,0
2005,250052,1,1,0,15,0,0,0,0,0,0,0,0
2005,250052,2,1,0,0,0,0,0,0,0,0,0,0
2005,250052,3,1,0,0,16,14,0,0,0,0,0,0
2005,250053,1,1,0,0,0,0,0,0,0,0,0,0
2005,250054,1,1,19,19,19,19,19,19,19,19,19,19
2005,250054,2,1,0,0,0,0,0,0,0,0,0,0
2005,250055,1,1,20,20,20,20,20,20,20,20,20,20
2005,250055,2,1,14,5,0,0,0,13,16,26,14,0
2005,250056,1,1,25,25,25,25,25,25,25,25,25,25
2005,250056,2,1,0,0,0,0,0,0,10,2,18,0
2005,250057,0,1,0,0,0,0,0,0,0,0,0,0
2005,250057,1,1,0,0,20,13,0,0,0,0,0,12
2005,250058,1,1,0,0,0,0,0,0,0,0,0,0
2005,250058,2,1,0,0,0,0,0,0,0,0,0,0
2005,250059,1,1,0,0,0,0,0,20,0,0,0,0
2005,250059,2,1,0,0,0,0,0,0,0,0,0,0
2005,250060,1,1,0,0,0,0,0,0,0,0,0,0
2005,250061,1,1,10,29,31,27,19,0,17,27,23,44
2005,250062,1,1,18,18,18,18,18,18,18,18,18,18
2005,250063,1,1,22,22,22,22,22,22,22,22,22,22
2005,250063,2,1,0,15,0,0,0,15,0,0,0,13
2005,250064,0,1,14,14,14,14,14,14,14,14,14,14
2005,250064,1,1,0,0,0,0,0,0,0,0,0,0
2005,250065,1,1,9,0,0,0,0,0,0,0,15,0
2005,250066,0,1,0,0,20,0,0,0,0,0,0,0
2005,250066,0,2,0,0,0,0,0,0,0,0,0,0
2005,250066,1,1,0,0,0,0,0,0,0,0,0,0
2005,250067,0,1,57,0,0,0,0,15,12,0,17,0
2005,250067,1,1,0,0,0,0,0,0,16,0,0,0
2005,250068,1,1,0,0,0,0,0,0,0,0,0,0
2005,250068,2,1,0,0,0,0,0,0,0,0,0,0
2005,250069,1,1,0,0,0,0,0,0,0,0,0,0
2005,250069,2,1,31,6,29,0,0,0,0,0,20,0
2005,250070,1,1,0,0,0,0,0,0,0,0,0,0
2005,250070,2,1,0,0,0,0,0,0,0,0,0,0
2005,250071,1,1,0,0,0,0,0,0,9,13,0,14
2005,250071,2,1,15,0,0,0,0,14,0,19,0,0
2005,250072,1,1,19,19,19,19,19,19,19,19,19,19
2005,250072,2,1,0,0,0,0,0,0,0,22,0,0
2005,250073,1,1,0,0,0,0,0,0,0,0,0,0
2005,250073,2,1,0,0,0,0,0,0,0,0,0,0
2005,250074,1,1,0,0,3,0,0,0,0,0,0,29
2005,250075,1,1,0,0,0,6,0,0,11,0,0,0
2005,250076,1,1,0,0,0,14,0,0,0,0,0,0
2005,250076,2,1,0,0,0,0,0,0,0,0,0,0
2005,250076,3,1,0,0,0,0,0,0,0,6,0,0
2005,250077,1,1,16,16,16,16,16,16,16,16,16,16
2005,250077,2,1,0,0,0,0,0,0,0,0,0,0
2005,250078,1,1,9,12,0,0,0,0,6,13,0,0
2005,250078,2,1,16,4,13,21,15,21,3,19,15,5
2005,250079,1,1,0,0,0,0,0,0,0,0,0,0
2005,250079,2,1,0,0,0,0,0,0,0,0,0,0
2005,250080,1,1,15,17,12,0,0,4,22,0,6,18
2005,250080,2,1,0,0,3,0,0,0,0,0,0,0
2005,250081,1,1,13,13,13,13,13,13,13,13,13,13
2005,250082,1,1,0,0,0,0,0,0,0,0,0,8
2005,250082,2,1,0,0,0,0,0,0,0,0,0,0
2005,250083,1,1,0,0,0,0,0,0,0,0,0,0
2005,250083,2,1,18,0,0,0,0,0,0,0,0,0
2005,250084,1,1,0,0,0,0,0,0,0,0,0,0
2005,250085,1,1,21,13,21,13,10,41,15,10,16,10
2005,250086,1,1,0,0,0,0,0,0,0,6,0,0
2005,250086,2,1,0,0,0,9,0,0,0,0,0,0
2005,250087,0,1,7,7,7,7,7,7,7,7,7,7
2005,250087,1,1,0,5,0,0,0,0,0,0,0,0
2005,250088,1,1,0,27,16,8,0,13,0,0,10,20
2005,250089,1,1,0,0,0,0,0,0,0,0,0,0
2005,250089,2,1,0,0,0,0,0,0,0,0,0,0
2005,250090,1,1,0,14,0,20,0,0,0,0,26,0
2005,250091,1,1,0,0,0,0,0,0,0,0,0,0
2005,250092,1,1,0,0,0,10,0,0,0,0,0,0