YEAR,ST_CASE,veh_no,per_no,P1,P2,P3,P4,P5,P6,P7,P8,P9,P10
2005,250092,2,1,0,0,0,0,0,0,0,0,0,0
2005,250093,0,1,15,0,0,0,0,0,25,0,0,17
2005,250093,1,1,0,0,0,0,0,4,0,0,0,0
2005,250094,1,1,0,0,0,0,0,0,0,0,0,0
2005,250094,2,1,0,0,0,0,0,0,0,0,0,0
2005,250095,1,1,0,0,0,4,0,0,0,0,0,0
2005,250096,1,1,21,27,30,15,8,34,6,19,13,15
2005,250097,1,1,15,5,0,0,13,8,19,4,17,0
2005,250098,1,1,26,26,26,26,26,26,26,26,26,26
2005,250100,1,1,25,17,26,17,12,0,19,0,10,0
2005,250100,2,1,0,0,0,0,0,0,0,0,0,0
2005,250101,1,1,0,14,25,0,25,15,19,21,17,27
2005,250101,2,1,0,0,0,0,0,0,0,0,0,0
2005,250102,0,1,0,0,0,0,0,0,0,0,0,0
2005,250102,1,1,0,24,0,0,0,0,0,0,6,0
2005,250103,1,1,0,0,0,0,0,0,0,0,0,0
2005,250103,2,1,0,0,0,0,0,0,0,0,0,0
2005,250104,1,1,0,0,0,0,0,0,0,0,0,0
2005,250105,1,1,0,8,0,0,0,0,0,0,0,0
2005,250106,1,1,20,20,20,20,20,20,20,20,20,20
2005,250107,1,1,17,17,17,17,17,17,17,17,17,17
2005,250108,1,1,12,12,12,12,12,12,12,12,12,12
2005,250109,1,1,0,0,0,0,0,0,0,0,0,0
2005,250109,2,1,0,0,0,0,0,0,0,0,0,0
2005,250110,1,1,12,0,25,13,0,0,17,0,0,0
2005,250110,2,1,0,0,0,0,0,0,0,0,0,0
2005,250111,1,1,0,0,0,0,0,0,0,0,0,0
2005,250111,2,1,10,13,15,14,17,13,15,19,8,13
2005,250112,1,1,0,0,0,0,0,0,0,0,0,0
2005,250112,2,1,0,0,0,0,8,0,0,0,0,12
2005,250113,1,1,0,0,0,0,0,0,0,0,0,0
2005,250114,1,1,27,0,16,0,0,23,16,0,0,0
2005,250115,1,1,4,4,4,4,4,4,4,4,4,4
2005,250116,1,1,0,0,0,0,0,0,0,0,0,0
2005,250117,1,1,23,23,23,23,23,23,23,23,23,23
2005,250118,1,1,0,0,0,8,13,0,0,0,0,7
2005,250119,1,1,31,31,31,31,31,31,31,31,31,31
2005,250120,1,1,0,23,18,0,0,12,21,20,14,0
2005,250121,0,1,0,0,0,31,18,0,14,5,2,17
2005,250121,1,1,0,0,0,0,0,0,0,0,0,0
2005,250122,1,1,0,0,0,0,0,0,0,0,0,0
2005,250123,1,1,0,0,16,10,13,17,0,9,11,28
2005,250124,1,1,14,14,14,14,14,14,14,14,14,14
2005,250125,1,1,0,0,0,0,0,0,0,0,0,0
2005,250126,1,1,0,0,0,0,0,0,0,0,0,0
2005,250127,0,1,0,0,22,0,0,0,0,0,0,0
2005,250127,1,1,0,0,19,0,0,0,0,0,0,0
2005,250128,1,1,0,0,0,0,0,0,0,0,0,0
2005,250129,1,1,0,0,0,0,0,0,0,0,0,0
2005,250130,1,1,10,10,10,10,10,10,10,10,10,10
2005,250131,1,1,0,0,0,0,0,0,0,0,0,0
2005,250131,2,1,0,0,0,0,0,0,0,0,0,0
2005,250132,1,1,0,0,0,0,0,0,0,0,0,0
2005,250132,2,1,23,0,0,0,0,0,0,0,0,0
2005,250133,1,1,0,0,0,0,0,0,0,0,0,0
2005,250133,2,1,10,10,10,10,10,10,10,10,10,10
2005,250134,1,1,0,0,0,0,0,0,0,0,0,0
2005,250134,2,1,0,0,0,0,0,0,0,0,0,0
2005,250135,1,1,0,0,0,0,0,0,0,0,0,0
2005,250135,2,1,0,0,0,0,0,0,0,0,0,0
2005,250136,0,1,43,0,0,0,25,12,35,0,23,7
2005,250136,1,1,0,0,0,0,0,0,0,0,15,0
2005,250137,1,1,21,14,10,0,9,5,0,2,0,13
2005,250137,2,1,3,3,3,3,3,3,3,3,3,3
2005,250138,0,1,0,0,0,0,0,0,0,0,0,32
2005,250138,1,1,7,11,29,2,26,29,0,14,16,0
2005,250139,1,1,2,0,19,13,0,0,12,0,0,0
2005,250139,2,1,0,0,0,11,0,0,0,0,0,12
2005,250140,1,1,0,0,0,0,0,0,0,0,11,0
2005,250140,2,1,22,3,20,10,9,18,28,0,0,17
2005,250141,1,1,0,0,0,0,0,0,0,0,0,0
2005,250142,1,1,22,22,22,22,22,22,22,22,22,22
2005,250143,1,1,28,27,14,29,16,25,16,13,25,47
2005,250144,1,1,0,0,0,0,0,0,0,4,19,0
2005,250145,1,1,0,23,0,0,0,0,0,0,0,0
2005,250145,2,1,0,0,0,0,0,0,0,0,0,0
2005,250145,3,1,0,0,0,16,0,0,0,0,0,0
2005,250146,1,1,0,0,0,0,0,0,0,0,0,0
2005,250146,2,1,23,18,8,8,9,5,7,8,10,19
2005,250147,1,1,0,0,0,0,0,0,0,0,0,0
2005,250147,2,1,0,0,0,0,0,0,5,0,0,0
2005,250147,3,1,0,0,31,0,0,0,0,0,0,0
2005,250148,1,1,0,0,0,0,0,0,0,0,0,0
2005,250149,0,1,0,0,0,0,0,0,0,0,0,0
2005,250149,1,1,0,30,13,0,0,22,0,17,0,9
2005,250150,1,1,0,0,0,0,0,0,0,0,0,0
2005,250151,0,1,0,0,0,0,0,0,0,0,0,0
2005,250151,1,1,18,0,0,7,14,22,14,0,18,11
2005,250152,1,1,0,0,0,0,0,0,0,0,0,0
2005,250152,2,1,1,1,1,1,1,1,1,1,1,1
2005,250152,3,1,0,0,0,0,0,0,0,0,0,0
2005,250153,1,1,0,0,0,10,0,0,0,0,0,0
2005,250153,2,1,13,0,0,0,0,0,0,0,0,0
2005,250154,1,1,0,0,0,0,20,0,25,0,39,0
2005,250154,2,1,7,0,0,0,0,18,19,0,0,0
2005,250155,1,1,0,0,0,0,0,0,0,0,0,0
2005,250155,2,1,15,15,15,15,15,15,15,15,15,15
2005,250156,1,1,0,0,0,0,0,0,0,0,0,0
2005,250157,1,1,0,0,0,0,0,0,0,0,0,0
2005,250157,2,1,0,0,0,0,0,0,0,0,0,0
2005,250158,1,1,0,0,0,0,0,0,25,0,0,0
2005,250159,1,1,0,0,0,0,0,0,0,0,0,0
2005,250159,2,1,0,0,0,0,0,0,0,0,0,0
2005,250160,1,1,0,0,0,13,0,0,0,0,0,0
2005,250160,2,1,0,0,0,0,0,0,0,0,0,0
2005,250161,1,1,0,0,0,0,0,0,0,0,0,0
2005,250162,0,1,0,0,0,0,0,0,0,0,0,0
2005,250162,1,1,7,18,0,15,0,0,14,0,0,14
2005,250163,1,1,0,0,0,0,0,0,0,0,0,0
2005,250164,0,1,0,0,0,0,0,0,0,0,0,0
2005,250164,1,1,17,0,0,0,0,0,0,0,0,0
2005,250165,0,1,38,0,33,17,14,24,21,29,30,30
2005,250165,1,1,8,0,9,0,0,13,0,0,21,20
2005,250166,0,1,19,24,0,22,9,22,0,38,0,0
2005,250166,1,1,13,0,0,0,0,0,23,0,16,0
2005,250167,1,1,0,0,0,0,0,0,0,0,0,0
2005,250167,2,1,0,0,0,0,0,0,0,0,0,0
2005,250168,1,1,0,0,0,0,0,0,0,0,0,0
2005,250169,1,1,0,0,0,0,0,0,0,0,0,0
2005,250169,2,1,0,0,19,0,0,0,0,0,0,0
2005,250170,1,1,20,20,20,20,20,20,20,20,20,20
2005,250171,1,1,0,0,0,0,52,13,0,8,21,0
2005,250172,1,1,0,16,0,3,13,10,12,0,16,0
2005,250173,0,1,0,0,0,0,9,0,0,0,0,0
2005,250173,0,2,0,0,0,0,0,0,0,0,0,0
2005,250173,1,1,0,19,0,0,25,0,0,0,0,0
2005,250174,1,1,25,25,25,25,25,25,25,25,25,25
2005,250175,1,1,0,0,0,0,0,0,0,0,0,0
2005,250176,1,1,18,18,18,18,18,18,18,18,18,18
2005,250177,1,1,0,16,0,24,14,18,16,19,15,19
2005,250178,1,1,0,0,0,0,0,0,14,0,0,18
2005,250178,2,1,8,0,0,0,0,0,0,22,11,0
2005,250179,1,1,14,0,0,0,0,0,4,0,0,0
2005,250180,1,1,0,0,0,27,6,0,0,0,0,0
2005,250180,2,1,0,0,0,0,0,0,0,0,0,0
2005,250181,1,1,16,16,16,16,16,16,16,16,16,16
2005,250182,1,1,0,0,0,0,0,0,0,27,25,0
2005,250183,1,1,0,0,0,0,0,0,0,0,0,0
2005,250183,2,1,8,8,8,8,8,8,8,8,8,8
2005,250184,1,1,0,26,17,0,0,0,0,0,14,0
2005,250185,1,1,0,0,0,0,0,0,0,0,0,0
2005,250186,1,1,29,29,29,29,29,29,29,29,29,29
2005,250187,1,1,0,0,0,0,0,0,0,0,0,0
2005,250187,2,1,0,0,0,0,0,0,0,0,0,0
2005,250188,1,1,0,0,22,28,0,11,35,13,9,25
2005,250189,1,1,0,0,0,14,0,20,6,0,6,0
2005,250190,1,1,4,4,4,4,4,4,4,4,4,4
2005,250191,1,1,19,19,19,19,19,19,19,19,19,19
2005,250192,1,1,0,0,0,0,0,0,0,0,0,0
2005,250193,1,1,0,0,0,0,0,0,0,0,0,0
2005,250193,2,1,0,0,0,0,0,0,0,0,0,0
2005,250194,1,1,36,36,36,36,36,36,36,36,36,36
2005,250195,1,1,22,23,14,0,0,0,0,0,0,0
2005,250196,1,1,24,24,17,18,6,9,5,0,21,14
2005,250197,1,1,19,19,19,19,19,19,19,19,19,19
2005,250198,1,1,0,0,0,0,0,0,0,0,0,0
2005,250198,2,1,0,0,0,0,0,9,0,16,0,0
2005,250199,1,1,19,0,0,0,0,0,0,0,7,0
2005,250200,1,1,0,0,0,0,0,0,0,0,0,0
2005,250200,2,1,0,0,0,0,0,0,0,0,0,0
2005,250201,1,1,25,21,0,11,0,0,9,0,9,0
2005,250202,1,1,0,0,14,0,0,7,0,0,0,0
2005,250203,1,1,0,0,0,0,11,0,0,0,0,13
2005,250204,1,1,11,15,17,22,36,16,12,7,7,12
2005,250204,2,1,0,0,0,0,0,0,0,0,0,0
2005,250205,1,1,10,17,13,29,0,6,6,9,13,21
2005,250206,1,1,27,0,20,33,0,13,22,26,4,23
2005,250207,1,1,31,0,0,25,12,19,19,19,10,0
2005,250207,2,1,0,0,0,0,0,0,0,0,0,0
2005,250208,1,1,0,0,0,0,0,0,0,0,0,0
2005,250208,2,1,0,0,0,0,0,0,0,0,0,0
2005,250209,1,1,21,21,23,14,10,14,12,27,18,9
2005,250210,1,1,0,0,0,0,0,0,0,0,0,0
2005,250210,2,1,0,0,0,0,0,0,0,0,0,0
2005,250211,0,1,0,0,0,0,0,0,0,0,0,0
2005,250211,1,1,0,0,0,9,0,0,0,0,0,0
2005,250212,1,1,31,0,11,15,0,18,21,12,10,0
2005,250213,1,1,0,0,0,0,0,0,0,0,0,0
2005,250214,1,1,0,12,0,9,0,0,0,0,0,0
2005,250214,2,1,0,0,0,0,0,0,0,0,0,0
2005,250215,1,1,25,25,25,25,25,25,25,25,25,25
2005,250216,1,1,0,0,0,0,0,0,0,0,17,7
2005,250216,2,1,0,0,0,0,0,0,0,0,0,0
2005,250217,1,1,0,0,0,0,0,0,0,0,0,0
2005,250217,2,1,0,0,0,9,0,0,0,0,0,0
2005,250218,1,1,0,0,0,0,0,0,0,0,0,0
2005,250218,2,1,0,0,0,0,0,0,0,0,0,0
2005,250219,1,1,0,0,0,0,0,0,0,0,0,0
2005,250219,2,1,0,0,0,0,0,0,0,0,0,0
2005,250220,1,1,0,0,0,0,0,0,0,0,0,0
2005,250221,1,1,0,0,0,0,0,0,0,0,0,0
2005,250222,1,1,0,11,0,0,0,0,0,0,0,0
2005,250223,1,1,43,43,43,43,43,43,43,43,43,43
2005,250224,0,1,0,0,0,0,0,0,0,0,0,0
2005,250224,1,1,0,0,0,0,0,23,0,0,10,0
2005,250225,0,1,0,0,0,0,0,0,0,0,0,0
2005,250225,1,1,0,0,0,0,0,0,0,0,0,0
2005,250225,3,1,0,36,0,0,0,0,0,7,0,32
2005,250225,4,1,12,0,11,0,10,17,0,0,12,0
2005,250226,1,1,0,0,0,0,0,0,0,0,0,0
2005,250227,1,1,0,0,0,0,0,0,0,0,0,0
2005,250227,2,1,0,0,0,0,0,0,0,0,0,0
2005,250228,1,1,24,24,24,24,24,24,24,24,24,24
2005,250229,1,1,0,0,0,0,0,0,0,0,0,0
2005,250229,2,1,0,0,0,0,0,0,0,0,0,0
2005,250230,1,1,8,8,8,8,8,8,8,8,8,8
2005,250231,1,1,14,0,0,0,0,0,13,0,0,0
2005,250231,2,1,12,11,16,24,13,24,16,4,0,0
2005,250232,1,1,0,0,0,8,17,16,18,20,0,13
2005,250233,1,1,0,14,15,23,15,29,0,0,34,0
2005,250234,0,1,0,0,0,0,0,0,0,0,0,0
2005,250234,1,1,0,0,0,0,0,0,0,0,0,0
2005,250235,1,1,0,0,0,0,0,0,0,0,0,0
2005,250235,2,1,0,0,0,0,0,0,0,0,0,0
2005,250236,0,1,17,25,0,31,33,0,11,21,19,15
2005,250236,1,1,25,8,0,14,4,0,8,20,22,0
2005,250237,0,1,0,0,0,0,0,0,0,0,0,0
2005,250237,1,1,0,11,0,0,0,0,0,0,15,0
2005,250238,1,1,0,0,0,0,0,0,0,0,0,0
2005,250239,0,1,0,0,0,0,0,0,0,0,0,0
2005,250239,1,1,0,0,0,0,0,0,0,0,0,0
2005,250240,1,1,0,0,0,0,0,12,0,9,0,0
2005,250241,1,1,0,0,0,0,0,0,0,0,0,0
2005,250241,2,1,0,0,0,0,6,0,11,0,0,0
2005,250242,0,1,0,16,0,30,24,19,0,0,27,0
2005,250242,1,1,0,0,0,0,0,0,0,0,0,9
2005,250243,1,1,0,24,20,2,10,8,16,0,7,8
2005,250244,1,1,0,0,0,0,0,0,0,0,0,0
2005,250245,1,1,0,0,0,1,0,0,0,20,0,0
2005,250245,2,1,6,6,6,6,6,6,6,6,6,6
2005,250246,1,1,0,0,0,0,0,0,0,0,0,0
2005,250246,2,1,1,1,1,1,1,1,1,1,1,1
2005,250247,0,1,0,0,0,0,0,0,0,0,0,0
2005,250247,1,1,0,22,0,14,0,0,19,0,20,17
2005,250248,1,1,22,22,22,22,22,22,22,22,22,22
2005,250249,1,1,0,0,0,0,0,0,0,0,5,0
2005,250249,2,1,0,0,0,0,0,12,0,0,0,0
2005,250249,3,1,0,0,0,0,0,0,0,0,0,0
2005,250250,1,1,24,24,24,24,24,24,24,24,24,24
2005,250251,0,1,0,0,0,0,0,0,0,0,0,0
2005,250251,1,1,18,22,7,22,3,18,0,21,6,21
2005,250252,1,1,13,29,18,23,14,12,23,27,20,31
2005,250253,0,1,0,0,0,0,0,0,0,0,0,0
2005,250253,1,1,0,0,24,0,0,0,0,0,0,0
2005,250254,1,1,0,0,4,0,7,0,0,11,0,0
2005,250254,2,1,0,0,0,0,0,0,0,0,0,0
2005,250255,1,1,0,0,0,0,0,0,0,0,0,0
2005,250255,2,1,0,3,20,0,0,14,0,0,0,0
2005,250256,1,1,0,0,0,0,0,0,0,0,0,0
2005,250257,1,1,8,8,8,8,8,8,8,8,8,8
2005,250257,2,1,0,0,0,0,0,0,0,0,0,4
2005,250258,1,1,0,0,0,0,0,0,0,0,0,0
2005,250258,2,1,0,0,0,0,0,0,0,0,0,0
2005,250258,3,1,0,0,0,0,0,0,0,0,0,0
2005,250259,1,1,0,0,0,0,0,0,0,0,0,0
2005,250260,1,1,11,11,11,11,11,11,11,11,11,11
2005,250261,1,1,0,15,0,0,0,0,0,0,0,0
2005,250261,2,1,0,0,0,0,0,0,0,0,0,0
2005,250261,3,1,0,5,0,0,0,0,0,0,0,0
2005,250262,1,1,0,0,0,0,0,0,0,0,0,0
2005,250263,1,1,0,8,20,0,29,0,0,15,9,14
2005,250264,0,1,0,0,0,0,0,0,0,0,0,0
2005,250264,1,1,0,0,0,0,0,0,0,0,0,0
2005,250265,1,1,0,0,0,0,0,0,0,0,0,18
2005,250265,2,1,0,0,0,0,0,0,0,0,0,0
2005,250266,0,1,0,0,0,0,0,0,0,0,0,0
2005,250266,1,1,0,0,0,0,0,0,0,0,0,0
2005,250266,2,1,0,0,0,0,0,0,0,0,0,0
2005,250267,0,1,0,0,0,0,0,0,0,0,0,25
2005,250267,1,1,0,0,0,0,0,0,0,0,0,0
2005,250268,1,1,29,29,29,29,29,29,29,29,29,29
2005,250269,1,1,0,0,0,0,0,0,0,0,0,0
2005,250269,2,1,0,0,0,0,0,0,0,0,0,0
2005,250270,1,1,0,0,0,0,0,0,0,0,0,0
2005,250271,0,1,0,0,0,0,0,0,0,0,0,0
2005,250271,1,1,19,0,0,0,0,0,0,0,0,0
2005,250272,1,1,10,0,26,16,20,0,0,0,0,29
2005,250273,1,1,0,0,0,0,0,0,0,0,0,0
2005,250273,2,1,0,0,0,0,0,0,0,0,0,0
2005,250274,1,1,0,0,0,0,0,3,0,0,0,0
2005,250275,1,1,0,0,0,0,0,0,0,0,0,0
2005,250276,1,1,26,16,16,15,10,26,24,26,28,15
2005,250277,1,1,0,0,0,0,0,0,0,0,0,0
2005,250278,1,1,0,24,33,19,0,0,0,0,0,11
2005,250279,1,1,0,0,0,0,0,0,0,0,0,0
2005,250280,1,1,2,2,2,2,2,2,2,2,2,2
2005,250280,2,1,0,0,13,0,0,0,0,0,0,0
2005,250280,3,1,0,0,0,0,0,0,0,0,0,17
2005,250281,0,1,0,0,0,0,0,0,0,0,0,0
2005,250281,1,1,0,0,0,0,0,0,0,0,0,0
2005,250282,1,1,0,0,0,0,0,0,0,0,0,0
2005,250282,2,1,0,0,0,0,0,0,0,0,0,0
2005,250283,1,1,21,17,27,7,16,12,7,6,13,19
2005,250284,0,1,23,21,7,22,26,25,12,10,33,29
2005,250284,1,1,17,0,0,17,0,0,0,0,0,12
2005,250285,1,1,0,0,0,0,0,0,0,0,0,0
2005,250285,2,1,0,0,0,0,0,0,0,0,0,9
2005,250286,1,1,0,0,0,0,0,0,0,0,0,0
2005,250286,2,1,0,0,0,0,0,0,0,0,0,0
2005,250287,0,1,0,20,0,0,12,12,0,0,0,0
2005,250287,1,1,15,0,0,0,0,0,0,0,0,0
2005,250288,1,1,0,0,0,0,0,0,0,0,0,0
2005,250288,2,1,0,0,0,0,0,0,0,0,0,0
2005,250289,1,1,10,10,10,10,10,10,10,10,10,10
2005,250290,1,1,0,0,0,8,0,0,0,0,20,0
2005,250291,1,1,11,20,9,14,25,27,16,31,17,17
2005,250291,2,1,6,6,6,6,6,6,6,6,6,6
2005,250291,3,1,0,0,7,0,0,0,0,0,0,19
2005,250292,1,1,0,0,0,0,0,0,0,0,0,0
2005,250292,2,1,0,0,0,0,10,0,0,0,0,0
2005,250293,1,1,0,0,0,0,0,0,0,0,0,0
2005,250294,0,1,0,0,0,0,14,0,0,0,25,0
2005,250294,1,1,0,0,7,0,0,0,0,0,3,0
2005,250295,0,1,0,30,34,0,21,0,0,24,10,0
2005,250295,0,2,11,11,11,11,11,11,11,11,11,11
2005,250295,0,3,20,0,19,19,11,20,0,4,21,0
2005,250295,1,1,22,22,22,22,22,22,22,22,22,22
2005,250296,1,1,23,23,23,23,23,23,23,23,23,23
2005,250297,1,1,29,29,29,29,29,29,29,29,29,29
2005,250298,1,1,0,0,14,27,5,0,0,0,0,25
2005,250298,2,1,0,0,0,0,0,0,0,0,0,0
2005,250299,0,1,0,0,0,0,0,21,23,0,0,0
2005,250299,1,1,0,0,0,0,0,6,0,0,0,0
2005,250300,1,1,13,0,13,0,0,14,11,26,10,0
2005,250300,2,1,24,23,15,8,11,23,29,10,25,17
2005,250301,0,1,0,0,0,0,0,0,0,0,0,0
2005,250301,1,1,0,0,0,0,0,0,11,0,0,0
2005,250302,1,1,17,17,17,17,17,17,17,17,17,17
2005,250303,1,1,0,0,0,0,0,0,0,0,0,0
2005,250303,2,1,0,0,0,0,0,0,0,0,0,0
2005,250304,1,1,16,7,27,0,0,0,0,0,14,27
2005,250305,1,1,0,21,0,0,0,0,0,0,0,0
2005,250306,0,1,0,0,0,0,0,0,0,0,0,0
2005,250306,1,1,7,0,0,0,31,0,0,0,0,0
2005,250306,2,1,32,0,0,16,7,0,0,0,0,12
2005,250307,1,1,0,0,0,0,0,0,0,0,0,0
2005,250308,1,1,7,0,0,0,27,0,0,0,0,13
2005,250309,1,1,0,0,0,0,0,0,0,0,0,0
2005,250309,2,1,0,0,0,12,0,0,0,0,11,0
2005,250310,1,1,0,0,0,0,0,0,0,0,0,0
2005,250311,1,1,0,23,0,8,0,0,11,7,0,2
2005,250312,1,1,10,20,18,6,18,13,17,12,8,16
2005,250312,2,1,0,0,0,0,0,0,0,0,0,0
2005,250313,0,1,17,17,17,17,17,17,17,17,17,17
2005,250313,1,1,0,0,0,0,0,0,0,0,0,0
2005,250313,2,1,0,0,0,0,0,0,0,0,0,0
2005,250314,1,1,2,2,2,2,2,2,2,2,2,2
2005,250314,2,1,0,0,0,0,0,0,0,0,0,0
2005,250315,0,1,0,0,0,0,0,0,0,0,0,0
2005,250315,1,1,0,0,0,7,14,0,0,0,11,24
2005,250316,0,1,20,20,20,20,20,20,20,20,20,20
2005,250316,0,2,59,0,0,25,47,0,23,30,29,5
2005,250316,1,1,4,5,23,29,6,12,20,13,22,18
2005,250317,1,1,21,21,21,21,21,21,21,21,21,21
2005,250318,0,1,14,14,14,14,14,14,14,14,14,14
2005,250318,1,1,0,0,11,0,0,0,0,20,0,0
2005,250319,1,1,12,0,0,0,0,0,12,0,0,0
2005,250320,0,1,60,0,0,0,0,0,0,13,0,41
2005,250320,2,1,0,0,0,0,0,0,0,0,0,0
2005,250320,3,1,0,0,0,0,0,0,0,0,0,0
2005,250321,1,1,0,0,0,0,0,0,0,0,0,0
2005,250321,2,1,0,0,8,0,0,0,0,10,0,0
2005,250321,3,1,0,0,0,0,0,0,0,0,0,0
2005,250322,1,1,18,18,18,18,18,18,18,18,18,18
2005,250323,1,1,0,0,0,0,0,0,0,0,0,0
2005,250323,2,1,0,0,0,0,0,0,0,0,0,0
2005,250324,1,1,0,0,0,0,7,28,0,0,0,3
2005,250324,2,1,0,0,0,0,0,0,0,0,0,0
2005,250324,3,1,0,0,0,0,0,0,0,15,0,0
2005,250325,0,1,6,6,6,6,6,6,6,6,6,6
2005,250325,1,1,0,0,0,0,0,0,0,0,0,0
2005,250326,0,1,0,0,0,0,0,0,21,0,0,0
2005,250326,1,1,0,0,0,0,0,0,0,0,0,0
2005,250327,1,1,11,10,23,0,0,0,28,27,16,0
2005,250328,1,1,0,0,0,0,0,0,0,0,0,0
2005,250328,2,1,0,0,0,0,0,0,0,0,3,0
2005,250328,3,1,0,0,0,6,0,0,0,0,0,0
2005,250329,1,1,0,0,0,0,0,27,0,0,0,0
2005,250330,1,1,0,0,0,0,0,16,0,0,0,0
2005,250331,1,1,16,16,16,16,16,16,16,16,16,16
2005,250333,1,1,0,4,0,0,0,18,0,0,0,0
2005,250334,1,1,0,0,0,0,0,0,9,0,0,0
2005,250334,2,1,0,0,0,0,0,0,0,0,0,0
2005,250334,3,1,0,0,0,0,0,0,0,0,0,0
2005,250335,1,1,0,0,0,0,0,0,11,0,0,0
2005,250336,1,1,4,36,18,13,0,20,16,21,16,22
2005,250336,2,1,0,0,0,0,0,0,0,8,0,0
2005,250336,3,1,0,0,0,8,0,19,0,0,0,0
2005,250337,1,1,0,0,0,0,0,0,0,0,0,0
2005,250337,2,1,0,0,0,0,0,0,0,0,0,0
2005,250337,3,1,0,0,0,0,0,0,0,0,2,0
2005,250338,1,1,0,0,0,0,0,0,0,0,0,0
2005,250338,2,1,0,0,0,0,0,0,0,0,0,10
2005,250339,0,1,0,0,0,0,0,0,0,0,0,0
2005,250339,1,1,0,0,0,0,0,0,0,0,0,0
2005,250340,1,1,10,19,9,5,8,7,9,24,24,19
2005,250340,2,1,0,10,16,0,0,13,0,0,11,0
2005,250341,0,1,0,0,0,17,0,0,0,0,0,0
2005,250341,1,1,0,0,0,0,0,0,18,0,30,0
2005,250342,1,1,13,13,13,13,13,13,13,13,13,13
2005,250342,2,1,0,0,6,0,0,0,0,0,0,0
2005,250343,1,1,0,0,0,0,0,0,0,0,0,0
2005,250343,2,1,0,0,13,6,0,10,0,11,18,0
2005,250344,1,1,0,0,0,0,0,0,0,0,0,0
2005,250345,1,1,0,0,0,0,0,0,0,0,0,0
2005,250345,2,1,0,0,0,0,0,0,0,0,0,0
2005,250345,3,1,0,0,0,0,0,0,0,0,0,0
2005,250346,1,1,0,0,6,0,0,0,0,0,0,0
2005,250346,2,1,0,0,0,0,0,0,0,0,15,15
2005,250347,1,1,18,18,18,18,18,18,18,18,18,18
2005,250348,1,1,22,22,22,22,22,22,22,22,22,22
2005,250349,1,1,0,0,0,0,0,0,0,0,0,0
2005,250350,1,1,0,0,0,0,0,3,0,0,24,0
2005,250351,1,1,0,0,0,0,0,0,0,0,0,0
2005,250352,0,1,0,0,0,0,0,0,0,0,0,0
2005,250352,1,1,0,17,0,4,0,0,0,0,0,0
2005,250353,1,1,0,34,0,0,0,12,9,0,7,0
2005,250354,0,1,4,4,4,4,4,4,4,4,4,4
2005,250354,1,1,0,0,0,0,0,0,0,0,0,0
2005,250355,1,1,0,0,0,0,0,0,0,0,0,0
2005,250356,1,1,0,0,8,0,0,27,0,0,0,19
2005,250357,1,1,0,0,0,0,0,0,0,10,0,5
2005,250357,2,1,0,12,0,0,0,0,0,0,0,0
2005,250357,3,1,0,0,0,0,0,0,0,0,0,0
2005,250357,5,1,0,0,0,0,0,0,0,0,0,0
2005,250357,6,1,0,8,0,0,0,0,0,0,0,0
2005,250357,7,1,0,0,0,0,0,0,0,0,0,0
2005,250358,1,1,0,0,0,0,0,0,0,0,0,0
2005,250359,1,1,0,0,0,10,0,0,0,0,0,0
2005,250359,2,1,0,0,0,0,0,0,0,0,0,0
2005,250360,1,1,0,0,0,0,0,0,0,0,0,0
2005,250361,0,1,0,0,24,0,20,0,0,0,0,0
2005,250361,1,1,0,0,0,0,0,0,0,0,0,0
2005,250362,1,1,0,0,0,0,0,0,0,0,0,0
2005,250363,1,1,18,18,18,18,18,18,18,18,18,18
2005,250364,1,1,0,0,0,24,0,0,0,0,0,0
2005,250365,1,1,0,0,0,0,0,0,0,0,0,0
2005,250366,1,1,0,0,0,0,0,0,0,0,0,0
2005,250367,1,1,0,0,0,0,22,0,0,5,5,0
2005,250368,1,1,0,0,0,0,0,0,0,0,0,0
2005,250369,1,1,4,0,0,0,0,0,0,0,0,0
2005,250369,2,1,0,0,0,0,0,0,0,0,0,0
2005,250369,3,1,0,0,0,5,0,0,0,0,0,0
2005,250370,1,1,0,0,0,0,0,0,0,0,0,0
2005,250370,2,1,0,0,0,0,0,0,0,0,0,0
2005,250371,1,1,17,16,73,22,10,21,25,20,27,17
2005,250372,1,1,12,26,9,18,20,9,25,0,14,5
2005,250373,0,1,33,35,0,0,0,0,0,30,30,0
2005,250373,1,1,5,0,0,0,0,5,0,0,0,0
2005,250374,0,1,0,0,43,3,16,0,0,20,19,19
2005,250374,1,1,0,0,26,14,16,12,16,11,0,12
2005,250375,1,1,22,19,7,21,14,10,16,21,3,7
2005,250376,1,1,36,36,36,36,36,36,36,36,36,36
2005,250376,2,1,20,4,13,12,22,0,30,18,25,4
2005,250377,1,1,0,0,0,0,12,0,0,0,0,0
2005,250377,2,1,0,0,0,0,0,0,0,0,0,0
2005,250378,1,1,10,17,11,8,20,45,0,16,0,10
2005,250379,1,1,14,0,12,21,16,19,20,0,0,26
2005,250380,1,1,10,13,29,8,23,16,13,13,18,11