YEAR,ST_CASE,veh_no,per_no,P1,P2,P3,P4,P5,P6,P7,P8,P9,P10
2005,250381,1,1,0,0,0,0,0,0,0,6,0,0
2005,250382,1,1,0,0,0,0,0,0,0,0,0,0
2005,250383,1,1,0,0,0,0,0,0,14,16,13,0
2005,250383,2,1,0,0,0,0,0,0,0,0,0,0
2005,250384,1,1,0,0,0,0,0,0,0,2,0,0
2005,250385,0,1,0,0,0,0,0,0,0,0,0,0
2005,250385,1,1,0,9,0,20,0,8,0,8,24,17
2005,250386,1,1,0,0,0,0,0,0,0,0,0,0
2005,250386,2,1,0,0,15,0,0,0,0,0,0,0
2005,250386,3,1,10,0,0,22,0,0,0,0,0,0
2005,250387,1,1,22,22,22,22,22,22,22,22,22,22
2005,250388,1,1,0,0,0,0,0,0,0,0,0,0
2005,250389,0,1,0,0,0,0,0,0,0,0,0,0
2005,250389,1,1,0,0,0,0,0,0,0,0,0,0
2005,250390,0,1,0,0,0,0,0,0,0,0,0,0
2005,250390,1,1,0,0,0,0,0,0,0,0,0,0
2005,250391,1,1,0,0,0,0,0,8,0,0,0,0
2005,250391,2,1,2,0,0,0,0,0,0,0,0,0
2005,250392,1,1,33,9,0,0,0,20,0,0,18,16
2005,250393,0,1,0,0,0,0,0,0,0,0,0,0
2005,250393,1,1,0,0,0,0,0,19,14,0,0,26
2005,250394,0,1,21,21,21,21,21,21,21,21,21,21
2005,250394,1,1,0,0,0,0,0,0,0,0,0,0
2005,250395,1,1,19,2,19,16,22,0,20,19,18,15
2005,250396,1,1,0,0,0,17,0,0,0,0,0,0
2005,250396,2,1,0,0,0,0,8,0,0,3,0,0
2005,250397,1,1,0,0,0,0,0,0,0,0,0,0
2005,250397,2,1,0,0,0,0,14,0,0,0,0,0
2005,250398,1,1,0,0,0,0,0,0,0,0,0,0
2005,250398,2,1,0,0,0,0,0,3,0,0,0,0
2005,250399,0,1,0,0,0,0,0,0,0,0,0,0
2005,250399,1,1,0,0,0,0,0,0,0,0,0,0
2005,250399,2,1,0,0,4,0,0,0,0,0,0,0
2005,250400,1,1,0,0,0,0,0,0,0,0,0,0
2005,250400,2,1,0,0,0,0,0,0,0,0,0,0
2005,250401,0,1,0,0,0,0,7,27,0,0,0,0
2005,250401,1,1,0,22,23,8,0,0,0,0,0,0
2005,250402,1,1,0,0,0,0,0,0,0,0,0,0
2005,250402,2,1,0,0,0,0,0,0,0,0,0,0
2005,250403,0,1,0,0,0,0,0,0,16,0,0,0
2005,250403,1,1,0,0,0,0,0,0,0,0,0,0
2005,250404,1,1,0,0,0,0,0,0,0,0,0,0
2005,250404,2,1,0,0,0,0,0,0,0,0,0,0
2005,250404,3,1,0,0,0,0,0,0,0,0,0,0
2005,250405,1,1,15,11,15,18,20,24,15,31,23,12
2005,250406,1,1,0,0,0,0,0,0,0,0,0,0
2005,250407,1,1,0,0,0,0,0,0,0,0,0,0
2005,250407,2,1,0,0,0,3,0,0,12,0,0,0
2005,250408,1,1,0,0,0,0,0,0,0,0,0,0
2005,250408,2,1,0,0,0,7,0,5,0,0,0,0
2005,250409,0,1,24,22,0,0,0,0,0,0,8,10
2005,250409,1,1,0,14,0,0,0,0,0,8,0,0
2005,250410,1,1,0,0,0,0,0,0,0,0,0,0
2005,250410,2,1,0,0,0,0,0,0,0,0,0,0
2005,250410,3,1,0,0,0,0,0,0,10,0,0,0
2005,250411,0,1,0,0,0,0,0,0,0,0,0,0
2005,250411,1,1,0,0,0,0,0,0,0,0,0,0
2005,250412,0,1,0,10,0,0,0,20,0,25,18,35
2005,250412,1,1,0,14,12,0,8,0,0,25,5,0
2005,250413,1,1,26,19,20,9,24,25,18,0,22,7
2005,250414,1,1,13,0,0,0,0,11,0,0,0,0
2005,250415,1,1,0,0,0,0,0,0,0,0,0,0
2005,250415,2,1,0,0,0,0,0,0,0,0,11,0
2005,250415,3,1,0,0,13,10,5,11,20,0,18,18
2005,250416,1,1,15,7,0,29,12,19,0,38,15,0
2005,250416,2,1,0,0,0,0,14,0,0,0,0,0
2005,250416,3,1,0,0,0,0,0,0,0,0,0,18
2005,250417,1,1,34,0,0,0,0,13,11,0,0,0
2005,250417,2,1,15,0,0,0,0,0,0,0,0,0
2005,250417,3,1,0,12,0,0,29,0,0,0,0,0
2005,250418,1,1,0,0,0,0,0,0,0,0,0,0
2005,250418,2,1,0,0,0,0,0,0,0,0,0,0
2005,250419,1,1,0,0,0,0,0,0,0,0,0,0
2005,250419,2,1,0,0,0,0,8,0,0,0,0,0
2005,250419,3,1,0,0,0,0,0,0,0,0,0,0
2005,250419,4,1,0,0,0,0,0,0,0,0,0,0
2005,250419,5,1,0,0,0,0,7,10,0,0,0,0
2005,260001,1,1,11,5,22,18,2,20,0,22,13,20
2005,260002,1,1,0,0,0,0,0,0,0,0,0,0
2005,260003,1,1,0,0,0,0,0,0,0,0,0,0
2005,260003,2,1,0,0,0,0,0,0,0,0,0,0
2005,260004,0,1,0,0,0,0,0,0,0,0,0,0
2005,260004,1,1,6,0,0,0,0,0,0,0,0,0
2005,260005,1,1,0,0,0,0,0,0,0,0,0,0
2005,260005,2,1,0,0,0,0,0,0,0,0,0,0
2005,260005,3,1,0,0,0,0,0,0,0,0,17,0
2005,260005,4,1,0,0,0,0,0,0,0,0,0,0
2005,260006,1,1,0,0,0,0,0,0,0,0,0,0
2005,260007,0,1,36,36,36,36,36,36,36,36,36,36
2005,260007,1,1,0,0,0,0,0,0,0,0,0,0
2005,260008,1,1,15,15,15,15,15,15,15,15,15,15
2005,260008,2,1,0,0,0,0,0,0,0,0,0,0
2005,260009,1,1,0,0,0,0,0,0,0,0,0,0
2005,260009,2,1,0,0,0,0,0,0,0,0,0,0
2005,260010,1,1,14,14,14,14,14,14,14,14,14,14
2005,260011,2,1,0,0,0,0,0,0,0,0,0,0
2005,260012,1,1,0,0,0,0,0,0,0,0,0,0
2005,260012,2,1,0,0,0,0,0,0,0,0,0,0
2005,260013,1,1,0,0,0,0,0,0,0,0,0,0
2005,260014,1,1,0,0,0,0,0,0,0,0,0,0
2005,260014,2,1,0,0,0,0,0,0,0,0,0,0
2005,260015,1,1,12,12,12,12,12,12,12,12,12,12
2005,260016,1,1,7,0,0,5,0,0,0,0,0,0
2005,260017,1,1,0,0,0,0,0,0,0,0,14,0
2005,260018,1,1,0,0,0,0,0,0,0,0,0,0
2005,260018,2,1,0,0,0,0,0,0,0,0,0,0
2005,260019,1,1,0,0,0,0,0,0,0,0,0,21
2005,260019,2,1,0,0,0,0,0,0,0,0,0,0
2005,260019,3,1,0,0,0,0,0,0,0,0,0,0
2005,260019,4,1,0,0,0,0,0,0,0,0,0,0
2005,260019,5,1,0,0,0,0,0,0,0,0,0,0
2005,260019,6,1,0,0,0,0,0,0,0,0,0,0
2005,260020,1,1,0,0,0,0,0,0,0,0,0,0
2005,260020,2,1,28,0,0,0,0,0,0,9,0,0
2005,260021,1,1,0,0,0,0,0,0,0,0,0,0
2005,260021,2,1,0,0,0,0,0,0,0,0,0,0
2005,260022,1,1,20,20,20,20,20,20,20,20,20,20
2005,260022,2,1,17,17,17,17,17,17,17,17,17,17
2005,260023,1,1,0,0,0,0,0,0,0,0,0,0
2005,260023,2,1,0,0,0,0,0,0,0,0,0,0
2005,260024,1,1,0,0,0,0,0,0,0,0,0,0
2005,260024,2,1,0,0,0,0,0,0,0,0,0,0
2005,260025,0,1,0,17,0,21,0,0,0,0,0,0
2005,260025,1,1,0,0,0,0,0,0,0,0,0,0
2005,260026,1,1,0,0,0,0,0,0,0,0,0,0
2005,260026,2,1,0,0,0,0,0,0,0,0,0,0
2005,260027,1,1,0,0,0,0,0,0,0,0,10,0
2005,260027,2,1,0,0,0,0,0,0,0,0,0,0
2005,260028,1,1,28,28,28,28,28,28,28,28,28,28
2005,260029,1,1,19,19,19,19,19,19,19,19,19,19
2005,260030,0,1,16,12,4,29,4,14,10,40,27,22
2005,260030,1,1,0,6,6,12,5,0,0,0,0,0
2005,260031,1,1,0,0,0,0,0,0,0,0,0,0
2005,260031,2,1,0,0,0,0,0,0,0,0,0,0
2005,260032,0,1,0,0,0,0,0,0,0,0,0,0
2005,260032,1,1,0,0,0,0,0,0,0,0,0,0
2005,260033,1,1,16,16,16,16,16,16,16,16,16,16
2005,260034,1,1,17,17,17,17,17,17,17,17,17,17
2005,260034,2,1,0,0,0,0,0,0,0,0,0,0
2005,260035,1,1,0,0,0,0,0,0,0,0,0,0
2005,260036,0,1,8,19,24,23,10,34,36,0,36,21
2005,260036,1,1,0,0,0,0,0,0,0,0,0,0
2005,260037,1,1,0,0,0,0,0,0,0,0,0,0
2005,260038,1,1,0,0,0,0,0,0,0,0,0,0
2005,260038,2,1,0,0,0,0,0,0,0,0,0,0
2005,260038,3,1,0,0,0,0,0,0,0,0,0,0
2005,260039,1,1,12,12,12,12,12,12,12,12,12,12
2005,260039,2,1,0,0,0,0,0,0,0,0,0,0
2005,260040,0,1,0,0,0,0,0,0,0,0,0,0
2005,260040,1,1,12,12,12,12,12,12,12,12,12,12
2005,260041,1,1,6,6,6,6,6,6,6,6,6,6
2005,260041,2,1,0,0,0,0,0,0,0,0,0,0
2005,260042,0,1,10,0,0,0,15,11,0,0,0,0
2005,260042,1,1,0,5,0,0,0,0,0,0,0,0
2005,260042,2,1,17,0,0,0,11,0,12,0,0,11
2005,260043,1,1,13,14,30,17,20,22,24,6,31,14
2005,260044,1,1,0,0,0,0,0,0,0,0,0,0
2005,260044,2,1,0,0,0,0,0,0,0,0,0,0
2005,260045,1,1,14,14,14,14,14,14,14,14,14,14
2005,260046,1,1,0,0,0,0,0,0,0,0,0,0
2005,260046,2,1,0,0,0,0,0,0,0,0,0,0
2005,260047,1,1,0,0,0,0,0,0,0,0,0,0
2005,260048,1,1,0,0,0,0,0,0,0,0,0,0
2005,260048,2,1,0,0,0,0,0,0,0,0,0,0
2005,260049,1,1,0,0,7,0,0,0,0,0,0,0
2005,260050,1,1,27,27,27,27,27,27,27,27,27,27
2005,260050,2,1,0,0,0,0,0,0,0,0,0,0
2005,260051,1,1,14,0,0,0,0,0,0,0,0,0
2005,260051,2,1,0,16,0,0,0,0,0,0,0,12
2005,260052,1,1,0,0,0,0,0,0,0,0,0,0
2005,260052,2,1,0,0,0,0,0,0,0,0,0,0
2005,260053,1,1,0,0,0,0,0,0,0,0,0,0
2005,260053,2,1,0,0,0,0,0,0,0,0,0,0
2005,260054,1,1,27,27,27,27,27,27,27,27,27,27
2005,260055,1,1,0,0,0,0,0,0,0,0,0,0
2005,260055,2,1,0,0,0,0,0,0,0,0,0,0
2005,260056,0,1,0,44,0,0,0,0,0,0,0,0
2005,260056,1,1,0,0,0,0,0,0,0,0,0,0
2005,260057,1,1,0,0,0,0,0,0,0,0,0,0
2005,260057,2,1,3,3,3,3,3,3,3,3,3,3
2005,260058,1,1,16,7,19,18,25,51,12,19,14,19
2005,260058,2,1,1,1,1,1,1,1,1,1,1,1
2005,260059,1,1,19,19,19,19,19,19,19,19,19,19
2005,260059,2,1,0,0,0,0,0,0,0,0,0,0
2005,260060,1,1,0,0,0,0,0,0,0,0,0,0
2005,260060,2,1,0,0,0,0,0,0,0,0,0,0
2005,260061,1,1,9,17,8,19,18,14,13,0,20,17
2005,260062,1,1,0,0,0,0,0,0,0,0,0,0
2005,260062,2,1,0,0,0,0,21,0,0,0,0,0
2005,260063,1,1,0,0,0,0,0,0,0,0,0,0
2005,260063,2,1,0,0,0,0,0,0,0,0,0,0
2005,260064,1,1,0,0,0,0,0,0,0,0,0,0
2005,260065,1,1,0,0,0,0,0,0,0,0,0,0
2005,260065,2,1,0,0,0,0,0,0,0,0,0,0
2005,260066,0,1,0,0,0,0,0,0,0,0,0,13
2005,260066,2,1,0,0,0,0,0,0,0,0,0,0
2005,260067,1,1,0,0,0,0,0,0,0,0,0,0
2005,260067,2,1,0,0,0,0,0,0,0,0,0,0
2005,260068,1,1,0,0,0,0,0,0,0,0,0,0
2005,260069,1,1,22,22,22,22,22,22,22,22,22,22
2005,260069,2,1,0,0,0,0,0,0,0,0,0,0
2005,260070,0,1,0,0,0,0,0,0,0,0,0,0
2005,260070,1,1,0,0,0,0,0,0,0,0,0,0
2005,260071,1,1,0,0,0,0,0,0,0,0,0,0
2005,260071,2,1,0,0,0,0,0,0,0,0,0,0
2005,260072,1,1,0,0,0,0,0,0,0,0,0,0
2005,260072,2,1,0,0,0,0,0,0,0,0,0,0
2005,260073,1,1,0,9,0,27,12,4,9,11,14,14
2005,260074,1,1,0,0,0,0,0,0,0,0,12,0
2005,260074,2,1,0,0,0,0,0,0,0,0,0,0
2005,260075,1,1,0,0,0,0,0,0,8,0,0,0
2005,260075,2,1,0,5,0,0,0,0,0,0,0,0
2005,260076,1,1,0,0,0,0,0,0,0,0,0,0
2005,260077,1,1,0,0,0,0,0,0,0,0,0,0
2005,260077,2,1,0,0,0,0,0,0,0,0,0,0
2005,260078,1,1,0,0,0,0,0,0,0,0,0,0
2005,260078,2,1,0,0,0,0,0,0,0,0,0,0
2005,260079,0,1,0,0,0,0,0,0,0,0,0,0
2005,260079,1,1,0,0,0,0,0,0,0,0,0,0
2005,260080,1,1,0,0,0,0,0,0,0,0,0,0
2005,260080,2,1,0,0,0,0,0,0,0,0,0,0
2005,260081,1,1,19,19,19,19,19,19,19,19,19,19
2005,260081,2,1,9,9,9,9,9,9,9,9,9,9
2005,260082,0,1,0,0,0,0,0,0,0,0,0,0
2005,260082,1,1,11,0,0,0,0,0,0,0,0,0
2005,260083,1,1,27,27,27,27,27,27,27,27,27,27
2005,260084,0,1,29,0,0,31,10,0,0,29,0,6
2005,260084,1,1,20,0,19,0,0,0,0,0,0,0
2005,260085,1,1,0,0,0,0,0,0,0,0,0,0
2005,260085,2,1,0,0,0,0,0,0,0,0,0,0
2005,260086,1,1,0,0,0,0,0,0,0,0,0,0
2005,260087,1,1,0,0,0,0,0,0,0,0,0,0
2005,260087,2,1,0,0,0,0,0,0,0,0,0,0
2005,260088,1,1,0,0,0,0,0,0,0,0,0,0
2005,260088,2,1,0,0,0,0,0,0,0,0,0,0
2005,260088,3,1,0,0,0,0,0,0,0,0,24,0
2005,260089,0,1,0,0,0,0,0,0,0,0,0,0
2005,260090,1,1,13,18,4,11,20,18,6,8,0,11
2005,260090,2,1,17,17,17,17,17,17,17,17,17,17
2005,260091,1,1,0,0,0,0,0,0,0,0,0,0
2005,260091,2,1,0,0,0,0,0,0,0,0,0,0
2005,260091,3,1,0,0,0,0,0,0,0,0,0,0
2005,260092,1,1,18,18,18,18,18,18,18,18,18,18
2005,260092,2,1,0,0,0,0,0,0,0,0,0,0
2005,260093,1,1,12,12,12,12,12,12,12,12,12,12
2005,260094,1,1,23,23,23,23,23,23,23,23,23,23
2005,260094,2,1,0,0,0,0,0,0,0,0,0,0
2005,260095,1,1,0,0,0,0,0,0,0,0,0,0
2005,260095,2,1,0,0,0,0,0,0,0,0,0,0
2005,260096,1,1,0,16,0,0,21,0,0,0,0,0
2005,260096,2,1,0,0,11,0,0,0,0,0,0,0
2005,260097,1,1,0,0,0,0,0,0,0,0,0,0
2005,260097,2,1,0,0,0,0,0,0,0,0,0,0
2005,260097,3,1,0,0,0,0,0,0,0,0,0,0
2005,260098,0,1,20,10,0,0,0,0,0,0,17,23
2005,260098,1,1,0,0,0,0,0,0,0,0,0,0
2005,260099,1,1,0,0,0,0,0,0,0,0,0,0
2005,260099,2,1,0,0,0,0,0,0,0,0,0,0
2005,260100,1,1,21,21,21,21,21,21,21,21,21,21
2005,260100,2,1,0,0,0,0,0,0,0,0,0,0
2005,260101,1,1,0,0,0,0,0,0,0,0,0,0
2005,260101,2,1,0,0,5,0,0,0,0,0,0,0
2005,260101,3,1,0,0,0,0,0,0,0,0,0,0
2005,260102,0,1,0,0,13,0,0,14,0,0,0,0
2005,260102,0,2,0,0,0,0,10,16,14,0,0,0
2005,260102,1,1,0,0,0,0,0,0,0,0,0,0
2005,260103,1,1,11,11,11,11,11,11,11,11,11,11
2005,260104,1,1,30,30,30,30,30,30,30,30,30,30
2005,260105,1,1,0,0,0,0,10,0,0,0,0,0
2005,260105,2,1,0,0,0,0,0,0,0,0,0,0
2005,260105,3,1,0,0,0,0,0,0,0,0,0,0
2005,260106,1,1,25,25,25,25,25,25,25,25,25,25
2005,260107,0,1,21,21,21,21,21,21,21,21,21,21
2005,260107,1,1,0,0,0,0,0,0,0,0,0,0
2005,260108,1,1,16,16,16,16,16,16,16,16,16,16
2005,260109,1,1,0,0,0,0,0,0,0,0,0,0
2005,260109,2,1,0,0,0,0,6,0,0,0,0,0
2005,260110,0,1,0,0,0,0,0,6,0,0,0,0
2005,260110,1,1,0,0,0,0,0,0,0,0,0,0
2005,260111,1,1,0,0,0,0,0,0,0,0,0,0
2005,260111,2,1,18,3,12,13,21,17,15,21,17,16
2005,260112,1,1,0,0,0,0,0,0,0,0,0,0
2005,260112,2,1,0,0,0,0,0,6,0,0,0,22
2005,260113,0,1,0,0,0,0,0,0,0,0,0,0
2005,260113,1,1,0,0,0,0,0,0,0,0,0,0
2005,260114,1,1,0,0,0,0,0,0,0,0,0,0
2005,260114,2,1,0,0,0,0,0,0,0,0,0,5
2005,260115,1,1,0,0,0,0,0,0,0,0,0,0
2005,260115,2,1,0,0,0,0,0,0,0,0,0,0
2005,260116,0,1,0,0,0,0,0,0,0,0,0,0
2005,260116,0,2,0,0,0,0,0,21,0,0,0,0
2005,260116,1,1,0,0,0,0,0,0,0,0,0,0
2005,260117,1,1,0,0,0,12,0,0,0,0,0,0
2005,260117,2,1,0,0,0,0,0,0,0,0,0,0
2005,260118,1,1,0,0,0,0,0,0,0,0,0,0
2005,260118,2,1,0,0,0,0,0,13,0,0,14,0
2005,260119,1,1,24,24,24,24,24,24,24,24,24,24
2005,260120,0,1,0,0,0,0,0,0,0,0,0,0
2005,260120,1,1,24,0,19,19,13,23,18,19,15,27
2005,260121,1,1,0,0,0,0,0,0,0,0,0,0
2005,260121,2,1,0,0,0,0,0,18,0,0,0,0
2005,260122,0,1,28,28,28,28,28,28,28,28,28,28
2005,260122,1,1,24,13,25,21,0,6,23,0,12,0
2005,260123,1,1,0,0,0,0,0,0,0,0,0,0
2005,260124,0,1,0,0,0,0,0,0,0,0,0,0
2005,260124,1,1,0,0,0,0,0,0,0,0,0,0
2005,260125,1,1,21,21,21,21,21,21,21,21,21,21
2005,260126,0,1,0,0,0,0,0,0,0,0,0,0
2005,260126,1,1,0,0,0,26,7,0,0,0,0,0
2005,260126,2,1,15,0,0,0,0,11,0,0,0,0
2005,260127,1,1,0,0,0,0,0,0,0,0,0,0
2005,260127,2,1,0,0,0,0,0,0,0,0,0,0
2005,260128,1,1,20,20,20,20,20,20,20,20,20,20
2005,260128,2,1,0,0,0,0,0,0,0,0,0,13
2005,260129,1,1,0,0,0,0,0,0,0,0,0,0
2005,260130,0,1,0,0,0,0,0,0,0,0,0,0
2005,260130,1,1,19,19,19,19,19,19,19,19,19,19
2005,260130,2,1,0,0,0,0,0,0,0,0,0,0
2005,260130,3,1,12,15,22,9,0,12,10,0,6,9
2005,260131,1,1,0,0,0,0,0,0,0,0,0,0
2005,260131,2,1,0,0,0,0,0,0,0,0,0,0
2005,260131,3,1,0,0,3,6,0,0,0,0,0,0
2005,260132,1,1,0,0,0,0,0,0,0,0,0,0
2005,260132,2,1,0,0,0,0,0,0,0,0,0,0
2005,260133,1,1,0,0,0,0,0,0,0,0,0,0
2005,260134,1,1,0,0,0,0,0,0,0,0,0,0
2005,260134,2,1,0,0,0,0,0,0,5,0,0,0
2005,260134,3,1,0,0,0,0,0,0,0,0,0,0
2005,260135,1,1,0,0,0,0,0,0,0,0,0,0
2005,260136,1,1,21,21,21,21,21,21,21,21,21,21
2005,260137,1,1,1,1,1,1,1,1,1,1,1,1
2005,260138,1,1,0,0,0,0,0,0,0,0,0,0
2005,260138,2,1,0,0,0,0,0,0,0,0,0,0
2005,260139,1,1,0,0,0,0,0,0,0,0,0,0
2005,260140,0,1,22,0,26,12,27,20,0,0,0,0
2005,260140,1,1,0,0,0,0,0,0,0,0,0,0
2005,260140,2,1,0,0,0,0,0,0,7,0,15,0
2005,260141,1,1,0,0,0,0,0,0,0,0,0,0
2005,260141,2,1,0,0,0,0,0,0,0,0,0,0
2005,260142,1,1,0,16,0,0,43,16,15,8,13,7
2005,260143,0,1,0,0,0,0,0,0,0,0,0,0
2005,260143,1,1,12,11,8,23,7,20,6,18,4,24
2005,260144,0,1,0,0,0,0,0,0,0,0,0,0
2005,260144,1,1,10,10,10,10,10,10,10,10,10,10
2005,260145,0,1,0,0,0,0,0,0,0,0,0,0
2005,260145,1,1,0,0,0,13,0,0,0,0,0,0
2005,260145,2,1,0,0,0,0,0,0,0,0,0,0
2005,260146,1,1,0,0,0,0,0,0,0,0,0,0
2005,260146,2,1,0,0,0,0,0,0,0,0,0,0
2005,260147,1,1,21,21,21,21,21,21,21,21,21,21
2005,260148,1,1,20,20,20,20,20,20,20,20,20,20
2005,260148,2,1,0,0,0,0,0,0,8,0,0,0
2005,260149,1,1,25,17,10,26,17,10,33,29,5,13
2005,260150,1,1,0,0,0,0,0,0,0,0,0,0
2005,260150,2,1,0,0,0,0,0,0,0,0,0,0
2005,260151,0,1,0,0,0,0,0,0,0,0,0,0
2005,260151,1,1,0,0,19,0,0,0,0,0,0,0
2005,260152,1,1,4,4,4,4,4,4,4,4,4,4
2005,260153,1,1,0,0,0,0,0,0,0,0,0,0
2005,260154,1,1,13,13,13,13,13,13,13,13,13,13
2005,260155,1,1,0,0,0,0,0,0,0,0,0,0
2005,260155,2,1,0,0,0,0,0,14,0,0,0,0
2005,260156,1,1,0,0,0,11,0,0,0,0,0,0
2005,260156,2,1,0,0,0,0,0,0,0,0,0,0
2005,260157,1,1,0,0,12,0,33,21,20,18,9,9
2005,260157,2,1,17,17,17,17,17,17,17,17,17,17
2005,260158,1,1,0,0,0,9,0,0,0,0,0,0
2005,260158,2,1,0,0,0,0,0,0,0,0,0,0
2005,260159,1,1,31,0,0,11,12,9,22,15,21,16
2005,260160,1,1,0,0,0,0,0,0,0,0,0,0
2005,260160,2,1,0,0,0,0,0,0,0,0,0,0
2005,260161,1,1,0,0,0,0,0,0,0,0,0,0
2005,260162,1,1,0,0,0,0,0,0,0,0,0,0
2005,260162,2,1,0,0,0,0,0,0,0,0,0,0
2005,260163,1,1,0,0,0,0,0,0,0,0,0,0
2005,260163,2,1,19,0,0,0,0,0,0,0,0,0
2005,260164,1,1,0,0,0,0,0,0,0,0,0,0
2005,260164,2,1,0,0,0,0,0,0,0,0,0,0
2005,260165,0,1,19,28,0,18,17,0,0,0,23,9
2005,260165,1,1,0,0,0,0,0,11,0,0,0,15
2005,260166,1,1,0,0,0,0,0,0,0,0,0,0
2005,260166,2,1,0,0,0,0,0,0,0,0,0,0
2005,260166,3,1,0,0,0,0,0,0,0,0,0,0
2005,260166,4,1,0,0,7,0,0,0,0,20,12,0
2005,260167,1,1,0,0,0,0,0,0,0,0,0,0
2005,260168,1,1,0,0,0,0,0,0,0,0,0,0
2005,260168,2,1,0,0,0,0,0,0,0,0,0,0
2005,260169,1,1,0,0,0,0,0,0,0,0,0,0
2005,260169,2,1,0,0,0,0,0,0,0,0,0,0
2005,260170,1,1,0,0,0,0,0,0,0,0,0,0
2005,260170,2,1,0,0,0,0,0,0,0,0,0,0
2005,260171,1,1,0,0,0,0,0,0,0,0,0,0
2005,260171,2,1,0,0,0,0,0,0,0,0,0,0
2005,260172,1,1,0,0,0,0,0,0,0,0,0,0
2005,260172,2,1,0,0,0,0,0,0,0,0,0,0
2005,260173,1,1,0,0,0,0,0,0,0,0,0,0
2005,260174,1,1,6,8,0,22,38,18,12,10,11,14
2005,260174,2,1,0,0,0,0,0,0,0,0,0,0
2005,260175,0,1,0,0,0,0,0,0,0,0,0,12
2005,260175,0,2,0,7,0,0,0,12,21,0,26,12
2005,260175,1,1,20,20,20,20,20,20,20,20,20,20
2005,260176,1,1,0,0,0,0,0,0,0,0,0,0
2005,260177,1,1,5,11,5,23,18,20,13,20,21,15
2005,260178,1,1,0,0,0,0,0,0,0,0,0,0
2005,260178,2,1,0,0,0,0,0,0,0,0,0,0
2005,260179,0,1,9,18,25,0,0,0,15,31,15,29
2005,260179,1,1,0,0,5,0,0,0,23,0,0,0
2005,260180,0,1,23,0,0,31,0,0,20,0,9,17
2005,260181,0,1,18,18,18,18,18,18,18,18,18,18
2005,260181,1,1,0,0,0,0,0,0,0,0,0,0
2005,260182,1,1,9,9,9,9,9,9,9,9,9,9
2005,260183,1,1,0,0,0,0,0,0,0,0,0,0
2005,260183,2,1,0,0,0,0,0,0,0,0,0,0
2005,260184,1,1,0,0,0,0,0,0,0,0,0,0
2005,260185,1,1,0,0,0,0,0,0,0,0,0,0
2005,260185,2,1,0,0,0,0,0,0,0,0,9,0
2005,260186,1,1,0,0,0,0,0,0,0,0,0,0
2005,260187,1,1,0,0,0,0,3,0,0,0,0,0
2005,260188,1,1,0,0,0,0,0,0,0,0,0,0
2005,260189,1,1,10,10,10,10,10,10,10,10,10,10
2005,260190,1,1,0,0,0,0,0,0,0,0,0,0
2005,260190,2,1,0,0,0,0,0,0,0,0,0,0
2005,260191,1,1,0,0,0,0,10,0,0,0,0,0
2005,260191,2,1,0,0,0,0,0,0,0,0,0,0
2005,260191,3,1,0,0,0,0,0,0,0,0,0,0
2005,260192,1,1,0,0,0,0,0,0,0,0,0,0
2005,260193,1,1,0,0,0,0,0,0,0,0,0,0
2005,260194,1,1,0,0,0,0,0,0,0,0,0,0
2005,260194,2,1,0,0,0,0,0,0,0,0,0,0
2005,260195,1,1,5,5,5,5,5,5,5,5,5,5
2005,260195,2,1,0,0,0,0,0,0,0,0,0,0
2005,260196,1,1,16,16,16,16,16,16,16,16,16,16
2005,260197,1,1,0,0,0,0,0,0,0,0,0,0
2005,260197,2,1,0,0,0,0,0,0,0,0,0,0
2005,260197,3,1,0,0,0,0,0,0,0,0,0,0
2005,260198,1,1,14,14,14,14,14,14,14,14,14,14
2005,260199,0,1,36,36,36,36,36,36,36,36,36,36
2005,260199,1,1,0,0,0,0,0,0,0,0,0,0
2005,260200,1,1,0,0,0,0,0,0,0,0,0,0
2005,260200,2,1,0,0,0,0,0,0,0,0,0,0
2005,260201,1,1,11,11,11,11,11,11,11,11,11,11
2005,260202,1,1,0,0,0,0,0,0,0,0,0,0
2005,260202,2,1,12,12,12,12,12,12,12,12,12,12
2005,260203,0,1,0,0,0,0,0,0,0,0,0,0
2005,260203,1,1,0,0,0,0,0,0,0,0,0,0
2005,260205,1,1,0,0,0,0,0,0,0,0,0,8
2005,260205,2,1,0,0,0,0,7,0,0,0,0,0
2005,260206,1,1,0,0,3,0,0,18,14,7,0,0
2005,260207,1,1,0,0,0,0,0,0,0,0,0,0
2005,260207,2,1,0,0,0,0,0,0,0,0,0,0
2005,260208,0,1,18,18,18,18,18,18,18,18,18,18
2005,260208,1,1,4,4,4,4,4,4,4,4,4,4
2005,260210,1,1,0,0,0,0,0,0,0,0,0,0
2005,260210,2,1,0,0,0,0,0,0,17,0,0,0
2005,260211,1,1,0,0,0,0,0,0,0,0,0,0
2005,260212,0,1,21,21,21,21,21,21,21,21,21,21
2005,260212,1,1,0,0,10,0,0,0,0,0,0,0
2005,260213,1,1,19,19,19,19,19,19,19,19,19,19
2005,260213,2,1,0,0,0,0,0,0,0,0,0,0
2005,260214,1,1,0,0,0,0,0,0,0,0,0,0
2005,260214,2,1,0,0,0,0,0,0,0,0,0,0
2005,260215,1,1,0,0,0,0,0,0,0,0,0,0
2005,260216,0,1,0,0,0,0,0,0,0,0,0,0
2005,260216,1,1,0,0,0,0,0,0,0,0,0,0