YEAR,ST_CASE,veh_no,per_no,P1,P2,P3,P4,P5,P6,P7,P8,P9,P10
2005,260217,1,1,0,0,20,0,0,16,0,0,0,0
2005,260218,1,1,4,4,4,4,4,4,4,4,4,4
2005,260218,2,1,18,0,0,0,0,0,0,0,0,0
2005,260219,1,1,0,0,0,0,0,0,0,0,0,0
2005,260219,2,1,0,0,0,0,0,0,0,0,0,0
2005,260220,1,1,8,18,0,13,10,0,14,30,25,23
2005,260221,0,1,0,0,0,0,0,0,0,0,0,0
2005,260221,1,1,0,0,0,0,0,0,0,0,0,0
2005,260222,1,1,11,11,11,11,11,11,11,11,11,11
2005,260223,1,1,14,14,14,14,14,14,14,14,14,14
2005,260224,1,1,15,0,19,3,13,12,24,14,19,20
2005,260225,1,1,0,0,0,0,0,0,0,0,0,0
2005,260225,2,1,0,0,0,0,0,0,0,0,6,0
2005,260226,1,1,0,6,0,0,0,21,0,0,0,0
2005,260226,2,1,0,0,0,0,0,0,0,0,0,0
2005,260227,1,1,0,0,0,0,0,0,0,0,0,0
2005,260228,1,1,15,18,24,13,8,16,9,17,25,15
2005,260229,1,1,0,0,0,0,0,0,0,0,0,0
2005,260229,2,1,0,0,0,0,0,0,0,0,0,0
2005,260229,3,1,0,0,0,0,0,0,0,0,0,0
2005,260230,0,1,0,20,21,20,15,12,0,32,9,9
2005,260230,0,2,6,0,33,0,0,12,15,29,0,11
2005,260230,1,1,34,36,27,22,29,0,38,0,29,11
2005,260231,1,1,0,0,0,0,0,0,0,0,0,0
2005,260231,2,1,0,0,0,0,0,0,0,0,0,0
2005,260232,1,1,0,0,0,0,0,0,0,0,0,0
2005,260233,1,1,3,3,3,3,3,3,3,3,3,3
2005,260233,2,1,0,0,0,0,0,0,0,0,0,0
2005,260234,1,1,0,0,0,0,0,0,0,0,0,0
2005,260234,2,1,0,0,0,0,0,0,0,0,0,0
2005,260235,1,1,0,0,0,0,0,0,0,0,0,0
2005,260237,1,1,35,7,30,19,0,17,16,20,14,12
2005,260238,1,1,0,0,0,0,0,15,4,0,0,0
2005,260239,1,1,0,0,0,0,0,0,0,0,0,0
2005,260239,2,1,0,0,0,0,0,0,0,0,0,0
2005,260239,3,1,0,0,0,0,0,0,0,0,0,0
2005,260239,4,1,0,0,0,0,0,0,0,0,0,0
2005,260239,5,1,0,0,0,0,0,0,0,0,0,0
2005,260240,1,1,18,0,0,0,0,0,24,0,0,0
2005,260240,2,1,0,0,0,0,0,0,0,0,0,0
2005,260240,3,1,0,0,0,0,0,0,0,0,0,0
2005,260241,1,1,0,0,0,0,0,0,0,0,0,0
2005,260242,1,1,2,2,2,2,2,2,2,2,2,2
2005,260243,1,1,0,0,0,0,0,0,0,0,0,0
2005,260243,2,1,0,0,0,0,0,0,0,0,0,0
2005,260244,1,1,16,16,16,16,16,16,16,16,16,16
2005,260244,2,1,0,0,0,0,0,0,0,0,0,0
2005,260245,1,1,0,0,0,0,0,0,0,0,4,0
2005,260245,2,1,0,0,0,0,0,0,0,0,0,0
2005,260245,3,1,0,0,0,0,0,0,0,0,0,0
2005,260246,1,1,0,0,0,0,0,0,0,0,0,0
2005,260246,2,1,0,0,0,0,0,0,0,0,0,0
2005,260247,1,1,29,29,29,29,29,29,29,29,29,29
2005,260248,1,1,0,0,0,0,0,0,0,0,0,0
2005,260248,2,1,0,0,0,0,0,0,0,0,0,0
2005,260249,0,1,20,20,20,20,20,20,20,20,20,20
2005,260249,1,1,0,0,0,0,0,0,0,0,0,0
2005,260250,0,1,0,0,0,0,0,0,0,0,0,0
2005,260250,0,2,0,0,14,0,0,0,0,0,0,0
2005,260250,1,1,0,0,0,0,0,0,0,0,0,0
2005,260251,1,1,0,0,0,0,0,0,0,0,0,0
2005,260252,1,1,0,0,0,0,0,0,0,0,0,0
2005,260253,1,1,9,9,9,9,9,9,9,9,9,9
2005,260254,1,1,0,0,0,0,0,0,0,0,0,0
2005,260254,2,1,0,0,0,0,0,0,0,0,0,0
2005,260254,3,1,0,0,0,0,0,0,0,0,0,0
2005,260254,4,1,0,0,0,0,0,0,0,0,0,0
2005,260254,5,1,0,0,0,0,0,0,0,0,0,0
2005,260254,6,1,0,0,0,0,0,0,9,0,0,0
2005,260255,0,1,0,0,0,0,0,0,0,0,0,0
2005,260255,1,1,0,0,0,0,0,8,0,0,0,0
2005,260256,0,1,0,0,0,22,7,0,0,13,0,0
2005,260256,1,1,0,0,0,0,0,0,0,0,0,0
2005,260257,1,1,0,0,0,0,0,0,0,0,0,0
2005,260257,2,1,0,0,0,0,0,0,0,0,0,0
2005,260258,1,1,30,30,30,30,30,30,30,30,30,30
2005,260258,2,1,0,0,0,0,0,0,0,0,0,0
2005,260258,3,1,0,0,0,0,0,0,0,0,0,0
2005,260259,1,1,0,0,0,0,0,0,0,0,11,0
2005,260260,1,1,0,0,0,0,0,0,0,0,0,0
2005,260261,1,1,0,0,0,15,0,17,11,0,11,17
2005,260262,1,1,6,0,0,3,0,0,26,0,0,24
2005,260263,1,1,0,0,0,0,0,0,0,0,0,0
2005,260264,1,1,0,0,0,0,7,0,0,0,0,0
2005,260264,2,1,0,0,0,0,0,0,0,0,0,0
2005,260265,1,1,2,0,15,0,15,0,0,29,22,0
2005,260265,2,1,0,0,0,9,13,0,0,0,0,0
2005,260266,1,1,27,17,14,15,3,20,18,17,26,19
2005,260267,1,1,0,0,0,0,0,0,0,0,0,0
2005,260267,2,1,0,0,0,0,0,0,0,0,0,0
2005,260268,1,1,18,0,0,0,0,0,0,8,0,0
2005,260268,2,1,0,0,0,0,0,0,0,0,0,0
2005,260269,1,1,25,25,25,25,25,25,25,25,25,25
2005,260270,1,1,0,0,23,6,0,0,17,34,0,11
2005,260270,2,1,12,2,0,13,0,0,0,24,0,0
2005,260271,1,1,0,0,0,0,0,0,0,0,0,0
2005,260272,0,1,7,0,23,12,17,0,38,0,25,0
2005,260272,0,2,0,0,29,23,15,0,14,0,0,0
2005,260272,0,3,11,31,24,12,21,0,3,0,0,29
2005,260272,1,1,0,0,0,0,0,0,0,0,0,0
2005,260273,1,1,0,0,8,0,0,0,0,31,0,2
2005,260274,1,1,15,15,15,15,15,15,15,15,15,15
2005,260275,1,1,0,0,0,0,0,0,0,0,9,0
2005,260275,2,1,0,0,0,0,4,0,0,0,0,0
2005,260276,1,1,0,0,0,0,0,0,0,0,0,0
2005,260277,1,1,0,0,0,0,0,0,0,0,0,0
2005,260277,2,1,0,0,0,0,0,0,0,0,0,0
2005,260277,3,1,0,0,0,0,0,0,0,0,0,0
2005,260278,1,1,21,28,43,0,4,0,0,17,0,3
2005,260278,2,1,1,1,1,1,1,1,1,1,1,1
2005,260279,1,1,0,0,0,0,0,0,0,0,0,0
2005,260280,1,1,0,0,0,0,0,0,0,0,0,0
2005,260281,1,1,0,0,0,0,0,0,0,0,0,0
2005,260281,2,1,0,0,0,0,0,0,0,0,0,0
2005,260281,3,1,0,0,0,0,0,0,0,0,0,0
2005,260282,1,1,16,0,0,0,0,0,0,0,0,0
2005,260283,1,1,0,0,0,0,0,0,0,0,0,0
2005,260283,2,1,0,0,0,0,0,0,0,0,0,0
2005,260283,3,1,0,0,0,0,0,0,0,0,0,0
2005,260284,1,1,0,0,0,0,0,0,0,0,0,0
2005,260285,1,1,0,0,0,0,0,15,0,0,0,0
2005,260286,1,1,8,8,8,8,8,8,8,8,8,8
2005,260287,1,1,26,26,26,26,26,26,26,26,26,26
2005,260288,1,1,0,0,0,0,0,0,0,0,0,0
2005,260288,2,1,0,0,0,0,0,0,0,0,0,0
2005,260289,1,1,26,26,26,26,26,26,26,26,26,26
2005,260290,1,1,0,15,22,0,0,25,20,14,11,7
2005,260291,1,1,13,13,13,13,13,13,13,13,13,13
2005,260292,1,1,16,9,0,34,21,20,20,11,25,34
2005,260293,1,1,0,0,0,0,0,0,0,0,0,0
2005,260293,2,1,0,0,0,0,0,0,0,0,0,0
2005,260294,1,1,32,32,32,32,32,32,32,32,32,32
2005,260295,1,1,0,0,0,0,0,0,0,0,0,0
2005,260296,0,1,18,18,18,18,18,18,18,18,18,18
2005,260296,1,1,0,0,0,0,0,0,0,0,0,0
2005,260297,1,1,4,4,4,4,4,4,4,4,4,4
2005,260297,2,1,0,0,0,0,0,0,0,0,10,0
2005,260298,1,1,43,43,43,43,43,43,43,43,43,43
2005,260298,2,1,0,0,0,0,0,0,0,0,0,0
2005,260299,1,1,0,0,0,0,0,0,0,0,0,0
2005,260299,2,1,0,0,0,0,0,0,0,0,0,0
2005,260300,1,1,0,0,0,0,0,0,0,0,0,0
2005,260300,2,1,0,0,0,0,0,0,0,0,0,0
2005,260301,1,1,0,0,19,0,0,0,0,0,0,0
2005,260301,2,1,0,0,0,0,0,19,0,0,0,0
2005,260302,0,1,15,0,0,0,0,0,0,10,24,0
2005,260302,1,1,0,0,19,13,0,0,0,0,0,17
2005,260303,1,1,0,0,0,0,13,0,0,0,0,0
2005,260303,2,1,0,0,0,0,0,0,0,0,0,0
2005,260303,3,1,0,0,0,0,0,0,0,0,0,0
2005,260303,4,1,0,0,0,0,0,0,0,0,0,0
2005,260303,5,1,0,0,0,0,0,0,0,0,0,0
2005,260303,6,1,0,0,0,0,0,0,0,0,0,0
2005,260304,1,1,0,0,0,0,0,0,0,0,0,0
2005,260305,1,1,0,0,15,6,0,0,0,0,0,12
2005,260306,1,1,0,0,0,0,0,0,0,0,0,0
2005,260306,2,1,0,0,0,0,0,0,0,0,0,0
2005,260307,1,1,0,0,0,0,0,0,0,0,0,0
2005,260307,2,1,0,0,0,0,0,0,0,0,0,0
2005,260308,1,1,0,0,0,0,0,0,0,0,0,0
2005,260308,2,1,0,0,0,0,0,0,0,0,0,0
2005,260309,1,1,0,0,0,0,0,0,0,0,0,0
2005,260309,2,1,0,0,0,0,0,0,0,0,0,0
2005,260309,3,1,0,0,0,0,0,0,0,0,0,0
2005,260310,1,1,0,0,0,0,0,0,0,0,0,0
2005,260311,1,1,20,20,20,20,20,20,20,20,20,20
2005,260312,1,1,14,14,14,14,14,14,14,14,14,14
2005,260313,1,1,9,9,9,9,9,9,9,9,9,9
2005,260314,1,1,0,0,0,0,0,0,0,0,0,0
2005,260314,2,1,0,0,0,0,0,0,0,0,0,0
2005,260315,1,1,0,0,0,0,0,0,0,0,0,0
2005,260315,2,1,0,0,0,0,0,0,0,0,0,0
2005,260316,0,1,24,27,8,35,17,0,22,8,0,6
2005,260316,1,1,0,0,0,0,0,0,0,0,0,0
2005,260317,1,1,15,15,15,15,15,15,15,15,15,15
2005,260318,1,1,0,0,0,0,0,0,0,0,0,0
2005,260318,2,1,2,2,2,2,2,2,2,2,2,2
2005,260319,1,1,0,0,0,0,0,0,0,0,0,0
2005,260319,2,1,0,0,0,0,0,0,0,0,0,0
2005,260320,1,1,0,0,0,0,0,0,0,0,0,0
2005,260321,1,1,0,0,0,0,9,0,13,6,0,0
2005,260321,2,1,0,15,0,0,0,0,0,0,0,0
2005,260322,1,1,0,0,0,0,0,0,0,0,0,0
2005,260322,2,1,0,0,0,0,0,0,0,0,0,0
2005,260323,1,1,0,0,0,0,0,0,0,0,0,0
2005,260323,2,1,10,10,10,10,10,10,10,10,10,10
2005,260324,1,1,0,0,0,0,0,0,0,0,0,0
2005,260325,1,1,0,0,0,0,0,0,0,0,0,0
2005,260325,2,1,13,0,0,0,0,0,0,21,0,0
2005,260325,3,1,0,0,0,0,0,15,0,0,0,0
2005,260326,1,1,14,14,14,14,14,14,14,14,14,14
2005,260327,1,1,0,0,0,0,0,8,0,0,0,0
2005,260328,1,1,0,0,0,0,0,0,0,0,0,0
2005,260328,2,1,0,0,0,0,0,0,0,0,0,0
2005,260329,1,1,13,13,13,13,13,13,13,13,13,13
2005,260329,2,1,0,0,0,0,0,0,0,24,0,0
2005,260330,1,1,0,0,0,0,0,0,0,24,0,16
2005,260331,1,1,0,0,0,0,0,0,0,0,0,0
2005,260331,2,1,0,0,0,0,0,0,0,0,3,0
2005,260332,1,1,0,0,0,0,0,0,0,0,0,0
2005,260333,1,1,0,0,0,0,0,0,0,0,0,0
2005,260334,1,1,0,0,0,0,0,0,0,0,0,0
2005,260334,2,1,0,0,0,0,0,0,0,0,0,0
2005,260335,1,1,0,0,0,0,0,0,0,0,0,0
2005,260335,2,1,0,0,0,0,0,0,0,0,0,0
2005,260336,0,1,0,0,0,0,0,0,0,0,0,0
2005,260336,1,1,2,0,0,0,0,0,0,0,0,0
2005,260337,1,1,0,10,0,0,0,0,0,0,17,14
2005,260337,2,1,0,0,0,0,0,0,0,0,0,0
2005,260338,0,1,19,19,19,19,19,19,19,19,19,19
2005,260338,1,1,9,0,0,0,0,0,0,0,0,0
2005,260339,1,1,0,0,0,0,0,0,0,0,0,0
2005,260339,2,1,0,0,0,0,0,0,0,0,0,0
2005,260340,1,1,0,0,0,0,0,0,0,0,0,0
2005,260340,2,1,0,0,0,0,0,0,0,0,0,0
2005,260341,1,1,3,3,3,3,3,3,3,3,3,3
2005,260341,2,1,0,0,0,0,0,0,0,0,0,0
2005,260342,1,1,5,5,5,5,5,5,5,5,5,5
2005,260343,1,1,0,0,0,0,0,0,0,0,0,0
2005,260344,1,1,0,0,0,0,0,0,0,0,0,0
2005,260344,2,1,0,0,0,0,0,0,0,0,0,0
2005,260345,1,1,0,0,0,0,0,0,0,0,0,0
2005,260345,2,1,22,0,0,0,0,0,0,0,12,0
2005,260346,0,1,15,15,15,15,15,15,15,15,15,15
2005,260346,1,1,0,0,0,0,0,0,0,0,0,0
2005,260347,1,1,0,0,0,0,0,0,0,0,0,0
2005,260347,2,1,0,0,0,0,0,0,0,0,0,0
2005,260348,1,1,2,2,2,2,2,2,2,2,2,2
2005,260348,2,1,0,0,0,0,0,0,0,0,0,0
2005,260349,1,1,0,0,0,0,0,0,0,0,0,0
2005,260350,1,1,11,21,25,23,12,20,9,19,35,35
2005,260351,1,1,0,0,0,0,0,0,0,0,0,0
2005,260351,2,1,0,0,0,0,0,0,0,5,0,0
2005,260352,1,1,0,0,0,0,0,0,0,0,12,0
2005,260353,1,1,0,0,0,0,11,0,0,0,0,0
2005,260353,2,1,7,13,31,32,15,24,18,18,19,26
2005,260354,0,1,0,0,28,0,0,0,0,0,0,0
2005,260354,1,1,0,0,0,0,0,0,0,0,0,0
2005,260355,1,1,15,15,15,15,15,15,15,15,15,15
2005,260356,1,1,0,0,0,0,0,0,0,0,8,0
2005,260357,1,1,0,0,0,0,0,0,0,0,0,19
2005,260358,1,1,0,0,0,0,0,0,0,0,0,0
2005,260358,2,1,0,0,0,0,0,0,0,0,0,0
2005,260359,1,1,0,0,0,0,0,0,0,0,0,0
2005,260360,1,1,0,0,0,0,0,0,0,0,0,0
2005,260360,2,1,0,0,0,0,0,0,0,0,0,0
2005,260361,1,1,0,0,0,0,0,0,0,0,0,0
2005,260362,1,1,0,0,0,0,0,0,0,0,0,0
2005,260363,1,1,0,0,0,0,0,0,0,0,0,0
2005,260364,0,1,22,0,0,0,20,0,0,0,0,0
2005,260364,0,2,0,31,0,25,0,0,0,22,0,0
2005,260364,1,1,0,0,0,0,15,0,0,0,0,0
2005,260365,0,1,32,10,15,18,28,17,7,0,22,0
2005,260365,0,2,0,0,0,0,0,0,0,0,0,0
2005,260365,1,1,10,10,10,10,10,10,10,10,10,10
2005,260366,1,1,13,13,13,13,13,13,13,13,13,13
2005,260367,1,1,12,12,12,12,12,12,12,12,12,12
2005,260368,1,1,0,0,0,0,0,0,0,0,0,0
2005,260368,2,1,0,0,0,0,0,0,0,0,0,0
2005,260369,1,1,0,0,0,0,0,0,0,0,0,0
2005,260369,2,1,0,0,0,0,0,0,0,0,0,0
2005,260370,1,1,30,30,30,30,30,30,30,30,30,30
2005,260370,2,1,0,0,0,0,0,0,0,0,0,0
2005,260371,1,1,0,0,0,0,0,0,0,0,0,0
2005,260371,2,1,0,0,0,0,0,0,0,0,0,0
2005,260372,1,1,0,0,0,0,0,0,0,0,0,0
2005,260372,2,1,0,0,0,0,0,0,0,0,0,0
2005,260373,1,1,15,15,15,15,15,15,15,15,15,15
2005,260374,1,1,0,0,0,0,0,0,0,0,0,0
2005,260374,2,1,0,0,0,0,0,0,0,0,0,0
2005,260375,1,1,22,22,22,22,22,22,22,22,22,22
2005,260375,2,1,0,0,0,0,0,0,0,0,0,0
2005,260376,1,1,28,0,0,0,0,0,0,0,21,37
2005,260376,2,1,0,0,17,6,13,0,14,0,0,9
2005,260377,1,1,11,11,11,11,11,11,11,11,11,11
2005,260378,1,1,0,0,0,0,0,0,0,0,0,0
2005,260378,2,1,0,0,0,0,0,0,0,0,0,0
2005,260379,1,1,11,0,0,0,0,0,0,0,0,0
2005,260380,1,1,0,0,0,0,0,0,0,0,0,0
2005,260380,2,1,0,0,0,0,0,0,0,0,0,0
2005,260381,1,1,0,0,0,0,0,0,0,0,0,0
2005,260381,2,1,0,0,0,0,0,0,0,0,0,0
2005,260382,1,1,0,0,0,0,0,0,0,0,0,0
2005,260382,2,1,0,0,0,0,0,0,0,0,0,0
2005,260383,1,1,23,23,23,23,23,23,23,23,23,23
2005,260384,1,1,20,20,20,20,20,20,20,20,20,20
2005,260385,1,1,0,0,0,0,0,0,0,0,0,0
2005,260385,2,1,0,0,0,0,0,0,0,0,0,0
2005,260386,1,1,0,0,0,0,0,0,0,0,0,0
2005,260387,1,1,0,0,0,0,0,0,0,0,0,0
2005,260387,2,1,0,0,0,0,0,0,6,0,0,0
2005,260388,1,1,0,0,0,7,0,0,0,0,0,0
2005,260388,2,1,0,0,0,0,0,0,0,0,0,0
2005,260389,1,1,0,0,0,0,0,0,0,0,0,0
2005,260389,2,1,0,0,0,0,0,0,0,0,0,0
2005,260390,0,1,12,12,12,12,12,12,12,12,12,12
2005,260390,1,1,9,9,9,9,9,9,9,9,9,9
2005,260391,1,1,0,0,0,0,0,0,0,0,15,0
2005,260391,2,1,0,0,0,0,0,0,0,0,0,0
2005,260392,1,1,0,0,0,0,11,6,0,0,0,0
2005,260393,1,1,0,0,0,0,0,0,0,0,0,0
2005,260393,2,1,0,0,0,0,0,0,0,0,0,0
2005,260393,3,1,0,0,0,0,0,0,0,0,0,0
2005,260393,4,1,0,0,0,0,0,0,0,0,0,0
2005,260394,1,1,0,0,0,0,0,0,0,0,0,0
2005,260394,2,1,0,0,0,0,0,0,0,0,0,0
2005,260394,3,1,0,0,0,0,0,0,0,0,0,0
2005,260394,4,1,0,0,0,0,0,0,0,0,0,0
2005,260394,5,1,0,0,0,0,0,0,0,0,0,0
2005,260394,6,1,0,0,0,0,0,0,0,0,0,0
2005,260395,1,1,22,22,22,22,22,22,22,22,22,22
2005,260396,1,1,0,0,0,0,0,0,0,0,0,0
2005,260397,1,1,0,0,0,0,0,0,0,0,0,0
2005,260397,2,1,0,0,0,0,0,0,0,0,0,0
2005,260398,1,1,0,0,0,0,0,0,0,0,0,0
2005,260398,2,1,0,0,0,0,0,0,0,0,0,0
2005,260398,3,1,0,0,0,0,0,0,0,0,0,0
2005,260398,4,1,0,0,0,0,0,0,0,0,0,0
2005,260399,1,1,0,0,0,0,0,0,0,0,0,0
2005,260399,2,1,0,0,0,0,0,0,0,0,0,0
2005,260400,1,1,0,0,0,0,0,0,0,0,0,0
2005,260400,2,1,0,0,0,8,0,0,0,16,0,0
2005,260401,1,1,21,0,0,0,0,0,0,0,0,0
2005,260402,1,1,0,0,0,0,0,0,0,0,0,0
2005,260402,2,1,0,0,0,0,0,0,0,0,0,0
2005,260403,1,1,0,0,0,0,0,0,0,0,0,0
2005,260403,2,1,0,0,0,0,0,0,0,0,0,0
2005,260404,1,1,0,0,0,0,0,0,0,0,0,0
2005,260405,1,1,0,0,4,0,0,0,0,0,0,0
2005,260406,1,1,0,0,0,0,0,0,0,0,0,0
2005,260406,2,1,0,0,0,0,0,0,0,0,0,0
2005,260407,1,1,17,17,17,17,17,17,17,17,17,17
2005,260408,1,1,0,0,0,0,0,0,0,0,0,15
2005,260408,2,1,0,0,0,0,0,0,0,0,0,0
2005,260409,1,1,0,0,0,0,0,0,0,0,0,0
2005,260410,1,1,2,2,2,2,2,2,2,2,2,2
2005,260411,1,1,0,0,0,0,0,0,0,0,0,0
2005,260411,2,1,0,0,0,22,0,20,0,0,4,0
2005,260412,1,1,22,19,18,32,10,28,5,11,29,15
2005,260413,1,1,17,17,17,17,17,17,17,17,17,17
2005,260413,2,1,12,12,12,12,12,12,12,12,12,12
2005,260414,1,1,0,0,0,0,0,0,0,0,0,0
2005,260415,1,1,22,26,32,20,22,27,30,3,18,23
2005,260416,1,1,0,0,0,0,0,0,0,0,0,0
2005,260416,2,1,30,30,30,30,30,30,30,30,30,30
2005,260417,1,1,0,0,0,22,0,0,0,15,0,0
2005,260418,1,1,0,0,0,0,0,17,0,0,0,0
2005,260418,2,1,0,0,0,0,0,7,0,0,0,0
2005,260419,1,1,18,18,18,18,18,18,18,18,18,18
2005,260419,2,1,0,0,0,0,0,0,0,0,0,0
2005,260420,1,1,18,18,18,18,18,18,18,18,18,18
2005,260421,1,1,0,6,19,0,0,8,0,0,0,0
2005,260422,1,1,0,0,0,0,11,0,0,0,0,0
2005,260423,1,1,0,0,0,0,0,0,0,0,0,0
2005,260423,2,1,0,0,0,0,0,0,0,0,0,0
2005,260424,1,1,0,7,0,0,0,0,0,0,0,0
2005,260424,2,1,0,0,0,0,0,0,0,0,0,0
2005,260425,0,1,37,30,24,32,12,28,0,31,14,35
2005,260425,1,1,0,0,0,0,0,0,0,0,0,0
2005,260426,1,1,14,14,14,14,14,14,14,14,14,14
2005,260427,1,1,30,30,30,30,30,30,30,30,30,30
2005,260428,1,1,0,0,0,0,0,0,0,0,0,0
2005,260429,1,1,0,0,0,0,0,0,0,0,0,0
2005,260429,2,1,0,0,0,0,0,0,0,0,0,0
2005,260430,1,1,0,0,0,0,0,0,0,0,0,0
2005,260430,2,1,0,0,0,0,0,0,0,0,0,0
2005,260431,1,1,30,30,30,30,30,30,30,30,30,30
2005,260431,2,1,0,0,0,0,0,0,0,0,0,0
2005,260432,1,1,17,17,17,17,17,17,17,17,17,17
2005,260433,1,1,0,27,30,11,10,31,9,17,4,15
2005,260434,1,1,0,6,0,0,0,0,0,0,8,15
2005,260435,1,1,0,0,0,0,0,0,0,0,0,0
2005,260436,1,1,0,0,21,0,0,0,13,20,0,0
2005,260436,2,1,0,0,0,0,0,0,0,0,7,0
2005,260437,1,1,0,0,0,0,0,0,0,0,0,0
2005,260438,1,1,0,0,0,0,0,0,0,0,0,35
2005,260439,3,1,0,0,0,0,0,0,0,0,0,0
2005,260440,1,1,0,0,0,0,0,0,0,0,0,0
2005,260440,2,1,0,0,0,0,0,0,0,0,0,0
2005,260441,1,1,0,0,0,0,0,0,0,0,0,0
2005,260441,2,1,0,0,0,0,0,0,0,0,0,11
2005,260442,1,1,0,0,0,0,0,0,0,0,0,0
2005,260442,2,1,0,0,0,0,0,0,0,0,0,0
2005,260443,1,1,10,11,19,10,7,10,12,11,4,17
2005,260443,2,1,0,0,0,3,0,0,0,0,0,0
2005,260444,1,1,0,0,0,0,0,0,0,0,0,0
2005,260445,1,1,0,0,0,0,0,0,0,0,0,0
2005,260445,2,1,0,0,0,0,0,0,0,0,0,0
2005,260446,1,1,39,12,14,17,27,0,0,20,0,12
2005,260447,0,1,0,0,0,0,0,0,0,0,0,0
2005,260447,1,1,0,0,0,0,0,0,0,0,0,0
2005,260448,1,1,0,0,0,0,0,0,0,0,0,0
2005,260448,2,1,0,0,0,0,0,0,0,0,0,0
2005,260449,1,1,0,0,0,0,21,0,19,0,16,19
2005,260450,1,1,0,0,0,0,0,10,0,0,0,0
2005,260451,1,1,18,18,18,18,18,18,18,18,18,18
2005,260452,1,1,0,0,0,0,0,0,0,0,0,19
2005,260452,2,1,0,0,0,0,0,0,0,0,0,0
2005,260453,1,1,0,0,0,0,0,0,0,0,0,0
2005,260453,2,1,0,0,0,0,0,0,0,0,0,0
2005,260454,1,1,11,11,11,11,11,11,11,11,11,11
2005,260455,0,1,6,6,6,6,6,6,6,6,6,6
2005,260455,0,2,18,24,23,16,0,19,8,0,0,17
2005,260455,1,1,14,14,14,14,14,14,14,14,14,14
2005,260456,1,1,0,0,0,0,0,0,0,0,0,0
2005,260457,1,1,7,16,25,7,12,12,15,22,15,20
2005,260458,1,1,7,7,7,7,7,7,7,7,7,7
2005,260459,0,1,0,0,0,0,0,0,0,0,0,0
2005,260459,1,1,0,0,0,0,16,0,0,0,0,21
2005,260460,1,1,0,0,0,0,0,0,0,0,0,0
2005,260460,2,1,0,0,0,0,0,0,0,0,0,0
2005,260461,1,1,20,20,20,20,20,20,20,20,20,20
2005,260462,1,1,0,0,0,0,0,0,0,0,0,0
2005,260462,2,1,1,1,1,1,1,1,1,1,1,1
2005,260463,1,1,0,0,0,0,0,0,0,0,0,0
2005,260463,2,1,0,0,0,0,0,0,4,0,0,0
2005,260464,1,1,0,0,0,0,0,0,0,0,0,0
2005,260464,2,1,0,0,0,0,0,3,0,0,0,0
2005,260465,1,1,0,0,0,0,0,0,0,0,0,0
2005,260465,2,1,0,0,0,0,0,0,0,0,0,0
2005,260466,1,1,12,12,12,12,12,12,12,12,12,12
2005,260466,2,1,0,0,0,0,0,0,0,0,0,0
2005,260467,1,1,0,0,0,0,0,0,0,0,0,0
2005,260467,2,1,0,0,0,0,0,0,0,0,0,0
2005,260468,0,1,9,9,9,9,9,9,9,9,9,9
2005,260468,1,1,13,16,0,0,0,0,20,8,19,12
2005,260468,2,1,0,0,0,0,0,0,0,0,0,0
2005,260469,1,1,0,0,24,0,3,0,0,0,0,0
2005,260469,2,1,0,0,0,0,0,0,0,0,0,0
2005,260470,0,1,0,0,0,0,0,0,0,0,12,0
2005,260470,1,1,8,8,8,8,8,8,8,8,8,8
2005,260471,1,1,0,0,0,0,0,0,0,0,7,0
2005,260472,0,1,0,0,0,0,0,0,0,0,0,0
2005,260472,1,1,0,0,0,0,0,0,0,0,0,0
2005,260473,1,1,0,6,0,17,0,3,0,0,0,0
2005,260474,1,1,0,0,0,0,0,0,0,0,0,0
2005,260474,2,1,0,0,0,0,0,0,0,0,0,0
2005,260475,0,1,0,0,0,0,0,0,0,0,0,0
2005,260475,1,1,0,0,0,0,0,0,0,0,0,0
2005,260476,1,1,0,0,0,0,0,0,0,0,0,0
2005,260477,1,1,0,0,0,0,0,0,0,0,0,0
2005,260477,2,1,0,0,0,0,0,0,0,0,0,0
2005,260478,1,1,22,22,22,22,22,22,22,22,22,22
2005,260479,1,1,0,0,0,0,0,0,0,0,0,0
2005,260479,2,1,0,0,0,0,0,0,0,0,0,0
2005,260480,1,1,0,0,0,0,0,0,0,0,0,0
2005,260481,1,1,0,0,0,0,0,0,0,0,0,0
2005,260481,2,1,0,0,0,0,0,0,0,0,0,0
2005,260481,3,1,0,0,0,0,0,0,0,0,0,0
2005,260481,4,1,0,0,0,0,0,0,0,0,0,0
2005,260481,5,1,0,0,0,0,4,0,0,0,0,0
2005,260482,1,1,21,21,21,21,21,21,21,21,21,21
2005,260483,1,1,0,0,0,0,0,0,0,0,0,0
2005,260484,1,1,0,13,14,0,0,0,0,0,0,4
2005,260484,2,1,0,0,0,0,0,0,0,0,0,0
2005,260485,1,1,0,0,0,0,0,0,0,0,0,0
2005,260485,2,1,0,0,0,0,0,0,0,0,0,0
2005,260486,1,1,0,9,0,0,0,16,0,0,0,0
2005,260487,1,1,0,0,0,0,0,0,0,0,0,0
2005,260487,2,1,0,0,0,0,0,0,0,0,0,0
2005,260487,3,1,0,0,0,0,0,0,0,0,0,0
2005,260488,1,1,0,14,0,0,10,0,0,0,0,7
2005,260488,2,1,0,0,0,0,0,0,0,0,0,0
2005,260489,1,1,0,0,0,0,0,0,0,0,0,0
2005,260489,2,1,0,0,0,0,0,0,0,0,0,0