YEAR,ST_CASE,veh_no,per_no,P1,P2,P3,P4,P5,P6,P7,P8,P9,P10
2005,260490,1,1,0,0,0,0,0,0,0,0,0,0
2005,260491,1,1,0,0,0,0,0,0,0,0,0,0
2005,260491,2,1,0,0,0,0,0,0,0,0,0,0
2005,260492,1,1,9,9,9,9,9,9,9,9,9,9
2005,260492,2,1,0,0,0,0,0,0,0,0,0,0
2005,260493,1,1,19,20,22,25,3,35,18,22,22,17
2005,260494,1,1,0,0,0,0,0,0,0,0,0,0
2005,260494,2,1,0,0,0,0,0,0,0,0,0,0
2005,260495,0,1,42,13,22,20,7,15,23,0,0,6
2005,260495,1,1,0,0,0,0,0,0,0,0,0,0
2005,260496,1,1,0,0,0,0,0,0,0,0,0,0
2005,260496,2,1,0,0,0,0,0,0,0,0,0,0
2005,260497,1,1,0,0,0,0,0,0,0,0,0,0
2005,260498,1,1,0,0,0,0,0,0,0,0,0,0
2005,260499,1,1,0,0,0,0,0,0,0,0,0,0
2005,260499,2,1,0,0,0,0,0,0,0,0,0,0
2005,260500,0,1,12,12,12,12,12,12,12,12,12,12
2005,260500,1,1,0,37,0,0,0,0,21,0,17,22
2005,260501,1,1,0,0,0,0,0,0,0,0,0,0
2005,260501,2,1,8,0,0,16,0,0,0,12,0,0
2005,260502,1,1,0,0,0,0,0,0,0,0,0,0
2005,260502,2,1,0,0,0,0,0,0,0,0,0,0
2005,260503,1,1,0,0,0,0,0,0,0,0,0,0
2005,260504,1,1,0,0,0,0,0,0,0,0,0,0
2005,260504,2,1,0,0,0,0,0,0,0,0,0,0
2005,260504,3,1,0,0,0,0,0,0,0,0,0,0
2005,260505,1,1,31,31,31,31,31,31,31,31,31,31
2005,260506,1,1,15,15,15,15,15,15,15,15,15,15
2005,260507,1,1,10,0,0,0,0,0,21,0,0,19
2005,260507,2,1,0,0,0,0,0,0,0,0,0,0
2005,260508,1,1,13,0,0,0,0,0,0,0,0,0
2005,260509,0,1,0,0,0,0,0,0,0,0,0,0
2005,260509,1,1,0,0,0,0,0,0,0,0,0,0
2005,260510,1,1,27,27,27,27,27,27,27,27,27,27
2005,260511,1,1,18,18,18,18,18,18,18,18,18,18
2005,260511,2,1,0,0,0,0,0,0,0,0,0,0
2005,260512,1,1,28,28,28,28,28,28,28,28,28,28
2005,260513,1,1,0,0,0,0,0,0,0,0,0,0
2005,260513,2,1,0,0,0,0,0,0,0,0,0,0
2005,260514,1,1,9,0,0,0,0,0,0,0,0,0
2005,260515,1,1,0,0,0,0,0,0,0,0,0,0
2005,260515,2,1,0,0,0,0,0,0,0,0,0,0
2005,260516,1,1,0,0,0,0,0,0,0,0,0,0
2005,260516,2,1,0,0,0,0,17,0,0,0,0,0
2005,260517,1,1,16,16,16,16,16,16,16,16,16,16
2005,260518,1,1,0,0,0,0,0,0,0,0,0,0
2005,260518,2,1,0,0,0,0,0,0,0,0,0,0
2005,260519,1,1,0,0,0,0,0,0,0,0,0,0
2005,260519,2,1,0,0,0,0,0,0,0,0,0,0
2005,260520,1,1,32,32,32,32,32,32,32,32,32,32
2005,260520,2,1,0,0,0,0,0,0,0,0,0,0
2005,260521,1,1,0,0,0,0,0,0,0,0,0,0
2005,260521,2,1,0,0,0,0,0,0,0,0,0,0
2005,260522,1,1,0,0,0,0,0,0,0,0,0,0
2005,260522,2,1,0,0,0,0,0,0,0,0,0,0
2005,260523,1,1,20,20,20,20,20,20,20,20,20,20
2005,260524,1,1,10,10,10,10,10,10,10,10,10,10
2005,260525,1,1,0,0,0,0,0,0,0,0,0,0
2005,260525,2,1,0,0,0,6,0,0,0,0,0,0
2005,260526,1,1,0,0,0,0,0,0,0,0,0,0
2005,260526,2,1,0,0,0,0,0,0,0,0,0,0
2005,260527,1,1,8,8,8,8,8,8,8,8,8,8
2005,260527,2,1,0,0,0,0,0,0,0,0,0,0
2005,260528,1,1,0,0,0,0,0,0,0,0,0,0
2005,260528,2,1,0,0,0,0,0,0,0,0,0,0
2005,260529,1,1,18,18,18,18,18,18,18,18,18,18
2005,260530,1,1,7,18,17,6,15,20,14,0,9,10
2005,260530,2,1,0,0,0,0,0,0,0,0,0,0
2005,260531,1,1,1,1,1,1,1,1,1,1,1,1
2005,260531,2,1,0,0,0,0,0,0,0,0,0,0
2005,260532,1,1,0,0,0,0,0,0,0,0,0,0
2005,260532,2,1,0,0,0,0,0,0,0,0,0,0
2005,260533,0,1,0,18,16,0,0,19,1,0,0,0
2005,260533,1,1,0,0,0,0,0,0,0,0,0,0
2005,260534,1,1,14,14,14,14,14,14,14,14,14,14
2005,260535,1,1,0,0,0,0,0,0,0,0,0,0
2005,260535,2,1,0,0,0,0,0,0,0,0,0,0
2005,260536,1,1,0,0,34,0,0,0,0,18,0,0
2005,260536,2,1,0,0,0,0,0,0,0,0,0,0
2005,260536,3,1,0,0,0,0,0,0,0,0,0,0
2005,260537,0,1,0,0,0,0,0,0,0,0,0,0
2005,260537,1,1,0,0,0,0,0,0,0,0,0,0
2005,260538,1,1,10,10,10,10,10,10,10,10,10,10
2005,260539,1,1,0,0,0,0,0,33,0,0,0,0
2005,260539,2,1,0,0,0,0,0,0,0,0,0,0
2005,260539,3,1,0,0,0,0,0,0,0,0,0,0
2005,260540,1,1,0,0,0,0,0,0,0,8,0,0
2005,260541,1,1,0,0,0,0,0,0,0,0,0,0
2005,260542,0,1,0,0,0,0,0,0,0,0,0,0
2005,260542,1,1,0,0,0,0,0,0,0,0,0,0
2005,260543,1,1,17,9,18,15,11,5,9,23,12,27
2005,260544,1,1,0,0,0,0,0,0,0,0,9,0
2005,260544,2,1,0,0,0,0,0,0,0,0,0,0
2005,260545,1,1,7,7,7,7,7,7,7,7,7,7
2005,260546,1,1,19,0,0,0,0,0,0,0,0,0
2005,260546,2,1,0,0,0,0,0,0,0,0,0,0
2005,260547,1,1,0,0,0,0,0,0,0,0,0,0
2005,260547,2,1,0,0,0,0,0,0,0,0,0,0
2005,260548,1,1,0,0,0,0,0,0,0,0,0,0
2005,260549,1,1,0,0,0,0,0,0,0,0,0,0
2005,260549,2,1,0,0,0,0,0,0,0,0,0,0
2005,260549,3,1,0,0,0,0,0,0,0,0,0,0
2005,260549,4,1,0,0,0,0,0,0,0,0,0,0
2005,260550,1,1,13,13,13,13,13,13,13,13,13,13
2005,260550,2,1,0,0,0,0,0,0,0,0,0,0
2005,260551,1,1,0,0,0,0,0,0,0,0,0,0
2005,260551,2,1,0,0,0,0,0,0,0,0,0,0
2005,260552,1,1,0,0,0,0,0,0,0,0,0,0
2005,260552,2,1,0,0,0,0,0,0,0,0,0,0
2005,260553,0,1,40,40,40,40,40,40,40,40,40,40
2005,260553,1,1,0,0,0,0,0,6,27,0,0,21
2005,260554,1,1,10,10,10,10,10,10,10,10,10,10
2005,260555,1,1,13,13,13,13,13,13,13,13,13,13
2005,260556,1,1,21,16,14,21,13,16,18,28,22,12
2005,260556,2,1,0,0,0,0,0,0,0,0,0,0
2005,260557,1,1,33,33,33,33,33,33,33,33,33,33
2005,260558,0,1,0,0,0,0,0,0,0,0,0,0
2005,260558,1,1,0,0,0,0,0,0,0,0,0,0
2005,260559,1,1,19,19,19,19,19,19,19,19,19,19
2005,260559,2,1,0,0,0,0,0,0,0,0,0,0
2005,260560,0,1,0,0,0,0,0,0,0,0,0,0
2005,260560,1,1,0,0,0,0,0,0,0,0,0,0
2005,260561,1,1,0,0,0,0,0,0,0,0,0,0
2005,260561,2,1,0,0,0,12,0,0,0,0,0,0
2005,260562,1,1,0,0,0,0,0,0,0,0,0,0
2005,260562,2,1,0,0,0,0,0,0,0,0,0,0
2005,260563,1,1,0,0,0,0,0,0,0,0,0,0
2005,260564,1,1,0,0,0,0,0,0,0,0,0,0
2005,260565,1,1,25,25,25,25,25,25,25,25,25,25
2005,260565,2,1,0,0,0,0,0,0,0,0,0,0
2005,260566,1,1,0,0,0,0,0,0,0,0,0,0
2005,260566,2,1,0,0,0,0,0,0,0,0,0,0
2005,260567,1,1,0,0,0,0,12,0,0,0,0,0
2005,260568,1,1,0,0,0,0,0,0,0,0,0,0
2005,260568,2,1,0,0,0,0,0,0,0,0,0,0
2005,260569,1,1,2,2,2,2,2,2,2,2,2,2
2005,260569,2,1,0,0,14,0,0,0,0,19,0,0
2005,260570,1,1,19,0,21,9,16,9,0,14,22,13
2005,260571,1,1,0,5,0,0,0,0,0,0,0,0
2005,260571,2,1,0,0,0,0,0,0,0,0,0,0
2005,260572,1,1,0,0,0,0,0,0,0,0,0,0
2005,260572,2,1,0,0,0,0,0,0,0,0,0,0
2005,260573,1,1,0,0,0,0,0,0,0,0,0,0
2005,260573,2,1,0,0,0,0,0,0,0,0,0,0
2005,260574,1,1,0,0,0,0,0,0,0,0,0,0
2005,260574,2,1,0,0,0,0,0,0,0,0,0,0
2005,260575,1,1,0,0,0,0,0,0,0,0,0,0
2005,260575,2,1,0,0,0,0,0,0,0,0,0,0
2005,260576,0,1,0,0,0,0,0,0,0,0,0,0
2005,260576,1,1,0,0,0,0,0,0,0,0,0,0
2005,260577,1,1,14,14,14,14,14,14,14,14,14,14
2005,260577,2,1,0,0,0,0,0,0,0,0,0,0
2005,260577,3,1,0,0,0,0,0,0,0,3,0,0
2005,260578,1,1,0,0,0,0,0,0,0,0,0,0
2005,260578,2,1,0,0,0,0,0,0,0,0,0,0
2005,260579,1,1,8,8,8,8,8,8,8,8,8,8
2005,260580,1,1,0,0,0,0,0,0,0,0,0,0
2005,260580,2,1,0,0,0,0,0,0,0,0,0,0
2005,260581,1,1,0,0,0,0,0,0,0,0,0,0
2005,260582,1,1,21,21,21,21,21,21,21,21,21,21
2005,260583,1,1,23,23,23,23,23,23,23,23,23,23
2005,260584,0,1,0,0,0,0,0,0,0,0,0,0
2005,260584,1,1,0,0,0,0,0,0,0,0,0,0
2005,260585,1,1,0,0,0,0,0,0,0,0,0,0
2005,260586,1,1,18,18,18,18,18,18,18,18,18,18
2005,260587,1,1,0,0,0,0,0,0,0,0,0,0
2005,260587,2,1,0,0,0,0,0,0,0,0,0,0
2005,260588,0,1,0,0,0,0,0,0,0,0,0,0
2005,260588,1,1,25,25,25,25,25,25,25,25,25,25
2005,260589,1,1,0,0,0,0,0,0,0,0,0,0
2005,260589,2,1,0,0,0,0,0,0,0,0,0,0
2005,260589,3,1,0,0,0,0,0,0,0,0,0,0
2005,260590,1,1,14,14,14,14,14,14,14,14,14,14
2005,260591,0,1,13,13,13,13,13,13,13,13,13,13
2005,260591,1,1,0,0,0,0,0,0,0,0,0,0
2005,260592,1,1,12,12,12,12,12,12,12,12,12,12
2005,260593,1,1,0,0,0,0,0,0,0,0,0,0
2005,260593,2,1,0,0,0,0,0,0,0,0,0,0
2005,260594,1,1,0,0,0,0,0,0,0,0,0,0
2005,260595,0,1,0,0,0,0,0,0,0,0,0,0
2005,260595,1,1,0,0,0,0,0,0,0,0,0,0
2005,260596,1,1,0,0,0,0,0,0,0,0,0,0
2005,260596,2,1,0,0,0,0,0,9,0,0,0,0
2005,260596,3,1,0,0,0,0,0,0,0,0,0,0
2005,260597,1,1,0,0,0,0,0,0,0,0,0,0
2005,260597,2,1,0,0,0,0,0,0,0,0,0,0
2005,260598,1,1,0,0,0,0,0,0,0,0,0,0
2005,260598,2,1,0,0,0,0,0,0,0,0,0,0
2005,260599,1,1,0,0,0,0,0,0,0,0,0,0
2005,260599,2,1,0,0,0,0,0,0,0,0,0,0
2005,260600,1,1,0,0,0,0,0,0,0,0,0,0
2005,260600,2,1,0,0,0,0,0,0,0,0,0,0
2005,260601,1,1,0,0,0,0,0,0,11,0,18,0
2005,260602,1,1,0,0,0,0,0,0,0,0,0,0
2005,260603,0,1,0,0,0,0,0,0,0,0,0,0
2005,260603,1,1,0,0,0,0,0,0,0,0,0,0
2005,260604,1,1,0,0,0,0,0,0,0,0,0,0
2005,260605,1,1,8,11,0,10,0,0,0,0,0,0
2005,260606,1,1,23,23,23,23,23,23,23,23,23,23
2005,260606,2,1,0,17,0,0,7,10,0,6,0,0
2005,260607,1,1,2,2,2,2,2,2,2,2,2,2
2005,260607,2,1,13,7,0,0,0,0,0,10,0,0
2005,260608,1,1,0,0,0,0,0,0,0,0,0,0
2005,260608,2,1,0,0,0,0,0,0,20,0,0,0
2005,260609,0,1,0,0,0,0,0,0,0,0,0,0
2005,260609,1,1,0,0,0,0,0,0,0,0,0,0
2005,260610,0,1,0,0,0,0,0,0,0,0,0,0
2005,260610,1,1,2,2,2,2,2,2,2,2,2,2
2005,260611,0,1,0,0,0,0,0,0,0,0,0,0
2005,260611,1,1,0,0,0,0,0,0,0,0,0,0
2005,260612,1,1,0,0,0,0,0,0,0,0,0,0
2005,260612,2,1,0,0,0,0,0,0,0,0,0,0
2005,260613,0,1,17,28,0,0,0,22,0,0,38,8
2005,260613,1,1,0,0,0,0,0,0,0,0,0,0
2005,260614,1,1,0,0,0,0,0,0,0,0,0,0
2005,260614,2,1,0,0,0,0,0,0,0,0,0,0
2005,260614,3,1,0,0,0,0,0,0,0,0,0,0
2005,260614,4,1,16,16,16,16,16,16,16,16,16,16
2005,260615,1,1,0,0,0,0,0,0,0,0,0,0
2005,260615,2,1,0,0,0,0,0,0,0,0,0,0
2005,260616,1,1,0,0,0,0,0,0,0,0,0,0
2005,260616,2,1,0,0,0,0,0,6,0,0,0,0
2005,260617,1,1,20,0,0,0,0,0,0,0,0,0
2005,260617,2,1,0,0,0,0,0,0,0,0,0,0
2005,260618,0,1,0,0,0,20,0,30,0,0,0,18
2005,260618,1,1,0,0,0,0,0,0,0,0,0,0
2005,260618,2,1,0,0,0,0,0,0,0,0,0,0
2005,260619,1,1,0,0,0,0,0,0,0,0,0,0
2005,260619,2,1,0,0,0,0,0,0,0,0,0,0
2005,260620,0,1,0,0,0,0,0,0,0,0,0,0
2005,260620,1,1,0,0,0,0,0,0,0,0,0,0
2005,260621,1,1,0,0,0,0,3,0,0,0,0,0
2005,260621,2,1,0,0,0,0,0,0,0,0,0,0
2005,260622,1,1,0,0,0,0,0,0,0,0,0,0
2005,260622,2,1,0,0,0,0,0,0,0,0,0,0
2005,260623,1,1,18,18,18,18,18,18,18,18,18,18
2005,260624,1,1,11,0,0,0,0,0,0,0,19,0
2005,260625,1,1,0,0,0,0,0,0,0,0,0,0
2005,260625,2,1,0,0,0,0,0,0,0,0,0,0
2005,260626,0,1,40,40,40,40,40,40,40,40,40,40
2005,260626,1,1,0,0,0,0,0,0,0,0,0,0
2005,260627,1,1,0,0,0,0,0,0,0,0,0,0
2005,260627,2,1,0,0,0,0,0,0,0,0,0,0
2005,260628,1,1,0,0,0,0,0,0,0,0,0,0
2005,260628,2,1,0,0,0,0,0,0,0,0,0,0
2005,260629,1,1,0,0,0,0,0,0,0,0,0,0
2005,260630,1,1,25,25,25,25,25,25,25,25,25,25
2005,260631,0,1,28,28,28,28,28,28,28,28,28,28
2005,260631,1,1,7,7,7,7,7,7,7,7,7,7
2005,260632,1,1,21,21,21,21,21,21,21,21,21,21
2005,260633,1,1,22,22,22,22,22,22,22,22,22,22
2005,260634,1,1,0,0,0,0,0,0,0,0,0,0
2005,260635,0,1,0,0,0,0,0,0,0,0,0,0
2005,260635,1,1,0,0,0,0,0,0,0,0,0,0
2005,260636,1,1,0,0,0,0,0,0,0,0,0,0
2005,260636,2,1,0,0,0,0,0,0,0,0,0,0
2005,260637,1,1,27,4,0,0,0,16,10,22,0,0
2005,260637,2,1,11,11,11,11,11,11,11,11,11,11
2005,260637,3,1,0,0,0,0,0,7,0,0,14,0
2005,260638,0,1,0,0,0,0,0,0,0,0,0,0
2005,260638,1,1,0,0,0,0,0,0,0,0,0,0
2005,260639,1,1,0,0,0,0,0,0,0,0,0,0
2005,260639,2,1,0,0,0,0,0,0,0,0,0,0
2005,260640,1,1,20,20,20,20,20,20,20,20,20,20
2005,260641,1,1,14,14,14,14,14,14,14,14,14,14
2005,260641,2,1,0,0,0,0,0,0,0,0,0,0
2005,260642,1,1,0,0,0,0,0,0,0,0,0,0
2005,260642,2,1,0,0,0,0,0,0,0,0,0,0
2005,260643,1,1,14,14,14,14,14,14,14,14,14,14
2005,260644,1,1,0,0,0,0,0,0,0,0,0,0
2005,260644,2,1,0,0,0,0,0,0,0,0,0,0
2005,260645,1,1,0,0,0,0,0,0,0,0,0,0
2005,260645,2,1,0,0,0,0,0,0,0,0,0,0
2005,260646,0,1,22,22,22,22,22,22,22,22,22,22
2005,260646,1,1,15,15,15,15,15,15,15,15,15,15
2005,260647,1,1,0,0,0,0,0,0,0,0,0,0
2005,260647,2,1,0,0,0,0,0,0,0,0,0,0
2005,260648,1,1,14,14,14,14,14,14,14,14,14,14
2005,260648,2,1,0,0,0,0,0,0,0,0,0,0
2005,260649,1,1,0,0,0,0,0,0,0,0,0,0
2005,260649,2,1,0,20,0,0,0,0,0,0,0,0
2005,260650,1,1,21,21,21,21,21,21,21,21,21,21
2005,260650,2,1,0,0,0,15,0,0,0,0,0,0
2005,260651,1,1,15,0,0,0,0,0,0,0,0,0
2005,260651,2,1,0,0,0,0,0,0,0,0,0,0
2005,260652,1,1,19,19,19,19,19,19,19,19,19,19
2005,260653,1,1,0,0,0,0,0,0,0,0,0,0
2005,260654,1,1,0,0,0,0,0,0,0,0,0,0
2005,260654,2,1,0,0,0,0,0,0,0,0,0,0
2005,260655,1,1,28,28,28,28,28,28,28,28,28,28
2005,260656,1,1,0,0,0,0,0,0,0,0,0,0
2005,260657,1,1,0,0,0,0,0,0,0,0,0,0
2005,260657,2,1,0,0,0,0,0,0,0,0,0,0
2005,260658,1,1,0,0,0,0,0,13,0,0,19,17
2005,260659,1,1,0,0,0,0,0,0,0,0,0,0
2005,260659,2,1,0,0,0,0,0,0,0,0,0,0
2005,260660,1,1,0,0,0,0,0,0,0,0,0,0
2005,260661,1,1,0,0,0,0,0,0,0,0,0,0
2005,260661,2,1,0,0,0,0,0,0,0,0,0,0
2005,260662,1,1,0,0,0,0,0,0,0,0,0,0
2005,260662,2,1,0,0,0,0,0,0,0,0,0,0
2005,260662,3,1,0,0,0,0,0,0,0,0,0,0
2005,260663,0,1,19,19,19,19,19,19,19,19,19,19
2005,260663,1,1,15,3,0,25,0,0,15,0,39,19
2005,260664,1,1,15,15,15,15,15,15,15,15,15,15
2005,260665,1,1,0,0,0,0,0,0,0,0,0,0
2005,260665,2,1,0,0,0,0,0,0,0,0,0,0
2005,260666,1,1,12,28,12,34,18,18,12,17,20,16
2005,260667,1,1,0,0,0,0,0,0,0,0,0,11
2005,260667,2,1,0,0,0,0,0,0,0,0,0,0
2005,260668,1,1,0,0,0,0,0,0,0,0,0,0
2005,260668,2,1,0,0,0,0,0,0,0,0,0,0
2005,260669,1,1,0,0,0,0,0,0,0,0,0,0
2005,260670,0,1,0,0,0,0,0,0,0,0,0,0
2005,260670,1,1,0,0,0,0,0,0,0,0,0,0
2005,260671,1,1,12,12,12,12,12,12,12,12,12,12
2005,260672,1,1,0,0,0,0,0,22,0,0,0,9
2005,260673,1,1,0,0,0,0,0,0,0,0,0,0
2005,260674,1,1,0,0,0,0,0,0,17,0,0,0
2005,260675,1,1,0,0,0,0,0,0,0,0,0,0
2005,260675,2,1,0,0,0,0,0,0,0,0,0,0
2005,260676,1,1,4,4,4,4,4,4,4,4,4,4
2005,260677,1,1,0,10,12,21,0,8,0,35,11,22
2005,260678,1,1,0,0,0,0,0,0,0,0,0,0
2005,260679,1,1,0,0,0,0,0,0,0,0,0,0
2005,260680,1,1,0,0,0,0,0,0,0,0,0,0
2005,260681,1,1,0,0,0,0,0,0,0,0,0,0
2005,260681,2,1,0,0,0,0,0,0,0,0,0,0
2005,260681,3,1,3,0,0,0,0,0,0,0,0,0
2005,260682,1,1,28,28,28,28,28,28,28,28,28,28
2005,260683,1,1,0,0,0,0,0,0,0,0,0,0
2005,260683,2,1,0,0,0,0,0,0,0,0,0,0
2005,260684,1,1,31,46,15,39,18,23,10,12,24,23
2005,260685,1,1,19,19,19,19,19,19,19,19,19,19
2005,260686,1,1,17,17,17,17,17,17,17,17,17,17
2005,260686,2,1,0,0,0,0,0,0,0,0,0,0
2005,260687,0,1,8,8,8,8,8,8,8,8,8,8
2005,260687,1,1,0,0,0,0,0,0,0,0,0,0
2005,260688,1,1,5,5,5,5,5,5,5,5,5,5
2005,260689,1,1,0,0,0,0,0,0,0,0,0,0
2005,260689,2,1,0,0,0,0,0,0,0,0,0,0
2005,260690,1,1,0,0,0,0,0,0,0,0,0,0
2005,260690,2,1,0,0,0,0,0,0,0,0,0,0
2005,260690,3,1,0,0,0,0,0,0,0,0,0,0
2005,260691,1,1,6,6,6,6,6,6,6,6,6,6
2005,260692,1,1,0,0,0,0,0,0,0,0,0,0
2005,260692,2,1,0,0,0,0,0,0,0,0,0,0
2005,260693,1,1,0,0,0,0,0,0,0,0,0,0
2005,260693,2,1,14,14,14,14,14,14,14,14,14,14
2005,260694,0,1,0,0,0,0,0,0,19,26,0,0
2005,260694,1,1,0,0,0,0,0,0,0,0,0,0
2005,260694,2,1,0,0,0,0,0,0,0,0,0,0
2005,260695,1,1,5,5,5,5,5,5,5,5,5,5
2005,260695,2,1,0,0,0,0,0,0,0,0,0,0
2005,260696,0,1,0,0,0,0,0,0,0,0,0,0
2005,260696,1,1,0,0,0,0,0,0,0,0,0,0
2005,260696,2,1,0,0,0,0,0,0,0,19,0,0
2005,260697,1,1,0,0,0,0,0,0,0,0,0,0
2005,260697,2,1,0,0,0,0,0,0,0,0,0,0
2005,260698,1,1,0,0,0,0,0,0,0,0,0,0
2005,260698,2,1,0,0,0,0,0,0,0,0,0,0
2005,260699,1,1,0,0,0,0,0,0,0,0,0,0
2005,260699,2,1,0,0,0,0,0,0,0,0,0,0
2005,260700,1,1,26,26,26,26,26,26,26,26,26,26
2005,260700,2,1,0,13,0,30,0,0,10,23,7,8
2005,260701,1,1,12,12,12,12,12,12,12,12,12,12
2005,260702,1,1,13,13,13,13,13,13,13,13,13,13
2005,260702,2,1,0,0,0,0,0,0,0,0,0,0
2005,260703,1,1,0,0,0,0,0,0,0,0,0,0
2005,260703,2,1,37,37,37,37,37,37,37,37,37,37
2005,260704,0,1,0,0,0,0,0,0,0,0,0,0
2005,260704,1,1,0,0,0,19,0,16,0,0,16,9
2005,260705,0,1,19,0,0,0,0,0,0,0,0,0
2005,260705,1,1,0,0,0,0,0,0,0,0,0,0
2005,260706,1,1,26,26,26,26,26,26,26,26,26,26
2005,260707,1,1,13,13,13,13,13,13,13,13,13,13
2005,260708,1,1,18,18,18,18,18,18,18,18,18,18
2005,260708,2,1,23,23,23,23,23,23,23,23,23,23
2005,260709,1,1,0,0,0,0,0,0,0,0,0,0
2005,260709,2,1,0,0,0,0,0,0,0,0,0,0
2005,260710,1,1,0,0,0,0,0,0,0,0,0,0
2005,260710,2,1,0,0,0,0,0,0,0,0,0,0
2005,260710,3,1,0,0,0,0,0,0,0,0,0,0
2005,260710,4,1,0,0,0,0,0,0,0,0,0,0
2005,260711,1,1,0,13,0,0,0,0,0,0,0,0
2005,260712,1,1,32,32,32,32,32,32,32,32,32,32
2005,260713,1,1,0,0,0,0,0,0,0,0,0,0
2005,260714,1,1,0,0,0,0,0,0,0,0,0,0
2005,260715,1,1,0,0,0,0,0,0,0,0,0,0
2005,260715,2,1,0,0,0,0,0,0,0,0,0,0
2005,260716,0,1,4,4,4,4,4,4,4,4,4,4
2005,260716,1,1,4,4,4,4,4,4,4,4,4,4
2005,260717,0,1,0,0,0,0,0,22,0,0,0,0
2005,260717,1,1,0,0,0,0,0,0,0,0,0,0
2005,260718,0,1,0,0,0,0,0,0,0,0,0,0
2005,260718,1,1,0,0,0,15,0,5,0,0,26,14
2005,260719,1,1,17,17,17,17,17,17,17,17,17,17
2005,260719,2,1,0,0,0,0,0,0,0,0,0,0
2005,260720,0,1,0,0,0,0,0,0,0,0,0,0
2005,260720,1,1,0,0,0,0,0,0,0,0,0,0
2005,260721,1,1,0,0,0,0,0,0,0,0,0,0
2005,260721,2,1,0,0,0,0,0,0,0,0,0,0
2005,260722,1,1,21,21,21,21,21,21,21,21,21,21
2005,260723,1,1,0,0,0,0,0,0,0,0,0,0
2005,260723,2,1,0,0,0,0,0,0,0,0,0,0
2005,260724,1,1,0,0,0,0,0,0,0,0,0,0
2005,260725,1,1,0,0,0,0,0,0,0,0,0,0
2005,260726,1,1,0,0,0,0,0,0,0,0,0,0
2005,260726,2,1,0,0,0,0,0,0,0,0,0,0
2005,260727,1,1,0,0,0,0,0,0,0,0,0,0
2005,260727,2,1,0,0,0,0,0,0,0,0,0,0
2005,260728,0,1,35,35,35,35,35,35,35,35,35,35
2005,260728,1,1,0,0,0,0,0,0,0,0,0,0
2005,260729,1,1,28,13,18,25,23,18,17,21,34,28
2005,260730,1,1,0,0,0,0,0,0,0,0,0,0
2005,260730,2,1,0,0,0,0,0,0,0,0,0,0
2005,260731,1,1,0,0,0,0,0,0,0,0,0,0
2005,260731,2,1,0,0,0,0,0,0,0,0,0,0
2005,260731,3,1,0,0,0,0,0,0,0,0,0,0
2005,260732,1,1,0,0,0,0,0,0,0,0,0,0
2005,260733,1,1,0,0,0,0,0,0,0,0,0,0
2005,260733,2,1,0,0,0,0,0,0,0,0,0,0
2005,260734,1,1,0,0,0,0,0,0,0,0,0,0
2005,260734,2,1,0,0,0,0,0,0,0,0,0,0
2005,260735,1,1,0,0,0,0,0,0,0,0,0,0
2005,260735,2,1,0,0,0,0,0,0,0,0,0,0
2005,260735,3,1,0,0,0,0,0,0,0,0,0,0
2005,260736,1,1,0,0,0,0,0,0,0,0,0,0
2005,260736,2,1,0,0,0,0,0,0,0,0,0,0
2005,260737,1,1,20,20,20,20,20,20,20,20,20,20
2005,260737,2,1,17,17,17,17,17,17,17,17,17,17
2005,260737,3,1,0,0,0,0,0,0,0,0,0,0
2005,260738,1,1,15,20,13,29,29,23,38,23,22,9
2005,260739,1,1,0,0,0,0,0,0,0,0,0,0
2005,260740,1,1,0,0,0,0,0,0,0,0,0,0
2005,260740,2,1,0,0,0,0,0,0,0,0,0,0
2005,260741,1,1,0,0,0,0,0,0,0,0,0,0
2005,260742,1,1,0,0,0,0,0,0,0,0,0,0
2005,260743,1,1,0,0,0,0,0,0,0,0,0,0
2005,260744,1,1,23,23,23,23,23,23,23,23,23,23
2005,260745,1,1,13,13,13,13,13,13,13,13,13,13
2005,260746,1,1,0,0,0,0,0,0,0,0,0,0
2005,260746,2,1,0,0,0,0,0,0,0,0,0,0
2005,260747,1,1,0,0,0,0,0,0,0,0,0,0
2005,260748,0,1,0,0,0,0,0,0,0,0,0,0
2005,260748,1,1,0,0,0,0,0,0,0,0,0,0
2005,260749,0,1,0,0,0,0,0,0,0,0,0,0
2005,260749,1,1,0,0,0,0,0,0,0,0,0,0
2005,260750,1,1,25,25,25,25,25,25,25,25,25,25
2005,260750,2,1,0,0,0,0,0,0,0,0,0,0
2005,260751,1,1,0,0,0,0,0,0,0,0,0,0
2005,260752,1,1,25,25,25,25,25,25,25,25,25,25
2005,260753,1,1,0,0,0,0,0,0,0,0,0,0
2005,260754,1,1,0,0,0,0,0,0,0,0,0,0
2005,260754,2,1,0,0,0,0,0,0,0,0,10,0
2005,260755,0,1,0,0,0,0,0,0,0,0,0,0
2005,260755,1,1,0,0,0,0,0,0,0,0,0,0
2005,260756,1,1,19,19,19,19,19,19,19,19,19,19
2005,260757,1,1,0,0,0,0,0,0,0,0,0,0
2005,260758,0,1,6,0,27,8,10,0,28,24,0,19
2005,260758,1,1,33,10,0,14,0,13,22,0,0,9
2005,260759,1,1,22,22,22,22,22,22,22,22,22,22
2005,260760,0,1,11,14,21,26,29,16,18,45,8,26