YEAR,ST_CASE,veh_no,per_no,P1,P2,P3,P4,P5,P6,P7,P8,P9,P10
2005,260760,1,1,0,0,0,0,0,0,0,10,0,0
2005,260761,1,1,1,1,1,1,1,1,1,1,1,1
2005,260761,2,1,0,0,0,0,0,0,0,0,0,0
2005,260762,1,1,14,25,26,19,18,21,11,23,27,30
2005,260763,1,1,0,0,0,0,0,0,0,0,9,14
2005,260764,1,1,0,0,0,0,0,0,0,0,0,0
2005,260764,2,1,0,0,0,0,0,0,0,0,0,0
2005,260765,1,1,0,0,0,0,0,0,0,0,0,0
2005,260765,2,1,0,0,0,19,0,0,0,0,18,0
2005,260765,3,1,0,0,0,0,0,0,0,0,0,0
2005,260766,1,1,0,0,0,0,0,0,0,0,0,0
2005,260766,2,1,0,0,0,0,0,0,0,0,0,0
2005,260767,0,1,8,8,8,8,8,8,8,8,8,8
2005,260767,1,1,0,0,0,0,0,0,0,0,0,0
2005,260768,1,1,0,0,0,0,0,0,0,0,0,0
2005,260768,2,1,0,0,0,0,0,0,0,0,0,0
2005,260769,1,1,0,0,0,0,0,0,0,0,0,0
2005,260769,2,1,0,0,0,0,0,0,0,0,0,0
2005,260769,3,1,8,8,8,8,8,8,8,8,8,8
2005,260770,0,1,17,17,17,17,17,17,17,17,17,17
2005,260770,1,1,0,0,0,0,0,0,0,0,0,0
2005,260771,0,1,0,0,0,0,0,0,0,0,0,0
2005,260771,2,1,0,0,30,12,0,0,3,15,0,14
2005,260772,1,1,4,4,4,4,4,4,4,4,4,4
2005,260772,2,1,0,0,0,0,0,0,0,0,0,0
2005,260772,3,1,0,0,0,0,0,0,0,0,0,0
2005,260773,0,1,0,0,0,0,0,0,0,0,0,0
2005,260773,1,1,9,25,14,0,14,19,13,21,30,0
2005,260774,1,1,13,13,13,13,13,13,13,13,13,13
2005,260775,1,1,0,0,0,0,0,0,0,8,10,0
2005,260775,2,1,0,0,0,0,0,0,0,0,0,0
2005,260776,1,1,13,13,13,13,13,13,13,13,13,13
2005,260777,0,1,10,10,10,10,10,10,10,10,10,10
2005,260778,1,1,0,0,0,0,0,0,0,0,0,22
2005,260779,1,1,0,0,0,0,0,0,0,0,0,0
2005,260780,1,1,0,0,0,0,0,0,0,0,0,0
2005,260780,2,1,0,0,0,0,0,0,0,0,0,0
2005,260781,1,1,0,0,0,0,0,0,0,0,0,0
2005,260781,2,1,0,0,0,0,0,0,0,0,0,0
2005,260782,0,1,28,28,28,28,28,28,28,28,28,28
2005,260782,1,1,3,3,3,3,3,3,3,3,3,3
2005,260783,1,1,15,0,0,0,0,0,0,0,0,0
2005,260783,2,1,0,0,0,0,0,0,0,0,0,0
2005,260784,1,1,0,0,0,0,0,0,0,0,0,0
2005,260784,2,1,0,0,0,0,0,0,0,0,0,0
2005,260785,1,1,0,0,0,0,0,0,0,0,0,0
2005,260785,2,1,0,0,0,0,0,0,0,0,0,0
2005,260786,1,1,0,0,0,0,0,0,0,0,0,0
2005,260786,2,1,0,0,0,0,0,0,0,0,0,0
2005,260787,1,1,0,0,0,0,0,0,0,0,0,0
2005,260788,1,1,0,0,0,6,0,0,26,0,0,0
2005,260788,2,1,0,0,0,0,0,0,0,0,0,0
2005,260789,1,1,6,6,6,6,6,6,6,6,6,6
2005,260790,1,1,0,0,0,0,0,0,0,0,0,0
2005,260790,2,1,0,0,0,0,0,0,0,0,0,0
2005,260791,1,1,0,0,20,0,0,0,0,0,0,0
2005,260791,2,1,0,0,0,0,0,0,7,0,0,0
2005,260792,0,1,0,0,16,0,0,0,0,0,0,0
2005,260792,1,1,0,0,0,0,0,0,0,0,0,0
2005,260793,1,1,18,18,18,18,18,18,18,18,18,18
2005,260794,1,1,11,11,11,11,11,11,11,11,11,11
2005,260794,2,1,0,0,0,0,0,0,0,11,0,0
2005,260795,1,1,0,0,0,0,0,0,0,0,0,0
2005,260796,1,1,0,0,0,0,0,0,0,0,0,0
2005,260796,2,1,0,0,0,0,0,0,0,0,0,0
2005,260797,1,1,0,0,0,0,0,0,0,0,0,0
2005,260797,2,1,0,0,0,0,0,0,0,0,0,0
2005,260798,1,1,0,0,0,0,0,0,0,0,0,0
2005,260798,2,1,0,0,0,0,0,0,0,0,0,0
2005,260799,1,1,0,0,8,0,0,0,0,0,0,0
2005,260799,2,1,0,0,0,0,0,0,0,0,0,0
2005,260800,1,1,0,0,0,0,0,0,0,0,0,0
2005,260800,2,1,0,0,0,0,0,0,0,0,0,0
2005,260800,3,1,0,0,0,0,0,0,0,0,0,0
2005,260800,4,1,0,0,0,0,0,0,0,0,0,0
2005,260801,0,1,0,0,0,0,0,0,0,0,0,0
2005,260801,1,1,0,0,0,0,0,0,0,0,0,0
2005,260802,1,1,0,7,8,6,0,0,9,0,0,14
2005,260803,1,1,23,23,23,23,23,23,23,23,23,23
2005,260804,1,1,0,0,0,0,0,0,0,0,0,0
2005,260805,1,1,0,0,0,0,0,0,0,0,0,0
2005,260805,2,1,0,0,0,0,0,0,0,0,0,0
2005,260806,1,1,0,0,0,0,0,0,0,0,0,0
2005,260807,1,1,0,0,0,0,0,0,0,0,0,0
2005,260807,2,1,0,27,0,17,18,0,0,0,0,0
2005,260808,1,1,0,0,0,0,0,0,0,0,0,0
2005,260808,2,1,0,0,0,0,0,0,0,0,0,0
2005,260809,1,1,0,0,0,0,0,0,0,0,0,0
2005,260809,2,1,0,0,0,0,0,0,0,0,0,0
2005,260810,1,1,0,0,0,0,0,0,0,0,0,0
2005,260810,2,1,0,0,0,0,0,0,0,0,0,0
2005,260811,1,1,0,0,0,0,0,0,0,0,0,0
2005,260812,1,1,0,0,0,0,0,0,0,0,0,0
2005,260812,2,1,0,0,0,0,0,0,0,0,0,0
2005,260813,1,1,11,0,24,3,24,0,0,0,0,0
2005,260814,1,1,0,0,0,0,0,0,0,0,0,0
2005,260814,2,1,14,14,14,14,14,14,14,14,14,14
2005,260814,3,1,0,0,0,0,0,0,0,0,0,0
2005,260814,4,1,0,0,0,0,0,0,0,0,0,0
2005,260815,1,1,0,0,0,0,0,0,0,0,0,0
2005,260816,0,1,0,0,0,0,0,0,0,0,0,0
2005,260816,1,1,0,0,0,0,0,0,0,0,0,0
2005,260817,1,1,43,43,43,43,43,43,43,43,43,43
2005,260817,2,1,0,0,0,0,0,0,0,0,0,0
2005,260817,3,1,0,0,0,0,0,0,0,0,0,0
2005,260817,4,1,0,0,0,0,0,0,0,0,0,0
2005,260818,1,1,0,0,0,0,0,0,0,0,0,12
2005,260819,1,1,0,0,0,0,0,0,0,0,0,0
2005,260820,1,1,21,21,21,21,21,21,21,21,21,21
2005,260820,2,1,13,13,13,13,13,13,13,13,13,13
2005,260821,0,1,0,0,0,0,0,0,0,0,0,0
2005,260821,1,1,10,0,0,11,0,0,21,0,0,0
2005,260822,1,1,0,12,0,0,0,0,0,0,0,0
2005,260822,2,1,18,0,15,12,14,0,20,27,0,26
2005,260823,1,1,0,0,0,0,0,0,0,0,0,0
2005,260824,1,1,0,0,0,0,8,0,0,0,0,0
2005,260825,1,1,22,22,22,22,22,22,22,22,22,22
2005,260826,1,1,0,0,0,0,0,0,0,0,0,0
2005,260826,2,1,0,0,0,0,0,0,0,0,7,0
2005,260827,0,1,25,25,25,25,25,25,25,25,25,25
2005,260827,1,1,0,0,0,0,0,0,0,0,0,0
2005,260828,1,1,1,1,1,1,1,1,1,1,1,1
2005,260828,2,1,0,0,0,0,0,0,0,0,0,0
2005,260829,1,1,0,0,0,0,0,0,0,0,0,0
2005,260830,1,1,8,19,23,18,13,19,12,26,24,21
2005,260830,2,1,0,0,0,0,0,0,0,0,0,0
2005,260831,1,1,13,13,13,13,13,13,13,13,13,13
2005,260832,1,1,21,21,21,21,21,21,21,21,21,21
2005,260832,2,1,0,0,0,0,0,0,0,0,0,0
2005,260833,1,1,0,0,0,0,0,0,0,0,0,0
2005,260833,2,1,0,0,0,0,0,0,0,0,0,0
2005,260834,2,1,0,0,0,0,0,0,0,0,0,0
2005,260835,0,1,0,0,0,25,12,5,8,9,0,10
2005,260835,1,1,0,0,0,0,0,0,0,0,0,0
2005,260836,1,1,0,0,0,0,0,0,0,0,0,0
2005,260836,2,1,2,2,2,2,2,2,2,2,2,2
2005,260837,1,1,17,17,17,17,17,17,17,17,17,17
2005,260837,2,1,0,0,0,0,0,0,0,0,0,0
2005,260837,3,1,0,0,0,0,0,0,0,0,0,0
2005,260838,1,1,0,0,0,0,0,0,0,0,0,0
2005,260838,2,1,0,0,0,0,0,0,0,0,0,0
2005,260839,1,1,0,0,0,0,0,0,0,0,0,0
2005,260840,1,1,0,0,0,0,0,0,0,0,0,0
2005,260841,1,1,0,0,0,0,0,0,0,0,0,0
2005,260841,2,1,0,0,0,0,0,0,0,0,0,0
2005,260842,1,1,0,0,0,0,0,0,0,0,0,0
2005,260843,1,1,12,4,10,16,6,14,6,5,21,7
2005,260844,1,1,0,0,0,0,0,0,0,0,0,0
2005,260844,2,1,0,0,0,0,0,0,0,0,0,0
2005,260845,1,1,9,9,9,9,9,9,9,9,9,9
2005,260846,1,1,0,0,0,0,0,0,0,0,0,0
2005,260846,2,1,0,0,0,0,0,0,0,0,0,0
2005,260847,1,1,0,0,0,0,0,0,0,0,0,0
2005,260847,2,1,0,0,0,0,0,0,0,0,0,0
2005,260848,1,1,0,0,0,2,0,0,0,0,0,0
2005,260848,2,1,0,0,0,0,0,0,0,0,0,0
2005,260849,1,1,0,16,0,0,0,8,0,0,0,0
2005,260850,1,1,0,0,0,0,0,0,0,0,0,0
2005,260851,1,1,0,0,0,0,0,0,0,0,0,0
2005,260852,0,1,43,43,43,43,43,43,43,43,43,43
2005,260852,1,1,0,0,0,0,0,0,0,0,0,0
2005,260853,1,1,8,0,0,0,0,0,0,12,8,0
2005,260855,0,1,21,21,21,21,21,21,21,21,21,21
2005,260855,1,1,0,0,0,0,6,0,0,0,0,0
2005,260856,1,1,0,0,0,0,0,0,0,0,0,0
2005,260857,1,1,0,0,0,0,0,0,0,0,0,0
2005,260857,2,1,1,1,1,1,1,1,1,1,1,1
2005,260858,1,1,0,0,0,0,0,0,0,0,0,0
2005,260858,2,1,0,0,0,0,0,0,0,0,0,0
2005,260859,1,1,0,0,0,0,0,0,0,0,0,0
2005,260859,2,1,0,0,0,0,0,0,0,9,7,0
2005,260860,1,1,0,0,0,0,0,0,0,0,0,0
2005,260860,2,1,0,0,0,0,0,0,0,0,0,0
2005,260861,1,1,0,0,0,0,0,0,0,0,0,0
2005,260861,2,1,0,0,0,0,0,0,0,0,0,0
2005,260862,0,1,9,0,0,0,14,19,27,24,13,0
2005,260862,2,1,9,9,9,9,9,9,9,9,9,9
2005,260863,1,1,29,29,29,29,29,29,29,29,29,29
2005,260864,1,1,0,0,0,0,0,0,0,0,0,0
2005,260864,2,1,0,0,0,0,0,0,0,0,0,0
2005,260865,1,1,0,0,0,0,0,0,0,0,0,0
2005,260866,0,1,0,0,0,0,0,0,0,0,0,0
2005,260866,1,1,0,0,0,0,0,0,0,0,0,0
2005,260867,1,1,0,0,0,0,0,0,0,0,0,0
2005,260867,2,1,0,0,0,0,0,0,0,0,0,0
2005,260867,3,1,0,0,0,0,0,0,0,0,0,0
2005,260868,1,1,0,0,0,0,0,0,0,0,0,0
2005,260868,2,1,0,5,0,24,0,0,0,0,8,0
2005,260869,1,1,0,6,0,0,0,16,0,17,0,28
2005,260870,1,1,0,0,0,0,0,0,0,0,0,0
2005,260870,2,1,0,0,0,0,0,0,0,0,0,8
2005,260871,0,1,30,30,30,30,30,30,30,30,30,30
2005,260871,1,1,12,11,0,0,0,15,14,0,0,18
2005,260872,1,1,0,0,0,0,0,0,0,0,0,0
2005,260872,2,1,0,0,0,0,0,0,0,0,0,0
2005,260873,1,1,23,23,23,23,23,23,23,23,23,23
2005,260874,1,1,0,0,0,0,0,0,0,0,0,0
2005,260874,2,1,0,0,0,0,0,0,0,0,0,0
2005,260875,0,1,27,27,27,27,27,27,27,27,27,27
2005,260875,1,1,0,0,0,0,0,0,7,0,0,0
2005,260876,1,1,0,0,14,0,0,0,0,0,0,0
2005,260876,2,1,0,0,0,0,0,0,0,0,0,0
2005,260877,1,1,0,0,0,0,0,0,0,0,0,0
2005,260877,2,1,0,0,0,0,0,0,0,0,0,0
2005,260878,1,1,12,12,12,12,12,12,12,12,12,12
2005,260879,1,1,0,0,0,0,0,0,0,0,0,0
2005,260879,2,1,0,0,8,0,0,0,0,0,0,0
2005,260880,1,1,0,0,0,0,0,0,0,0,0,0
2005,260880,2,1,0,0,0,0,0,0,0,0,0,0
2005,260881,1,1,0,0,0,0,0,0,0,0,0,0
2005,260881,2,1,0,0,0,0,0,0,0,0,0,0
2005,260881,3,1,0,0,0,0,0,0,0,0,0,0
2005,260882,1,1,0,0,0,0,0,0,0,0,0,0
2005,260883,1,1,0,0,0,0,0,0,0,0,0,0
2005,260884,1,1,0,0,0,0,0,0,0,0,0,0
2005,260885,0,1,0,0,0,0,0,0,0,0,0,0
2005,260885,1,1,0,0,0,0,0,0,0,0,0,0
2005,260886,1,1,0,0,0,0,0,0,0,0,0,0
2005,260886,2,1,0,0,0,0,0,0,0,0,0,0
2005,260887,1,1,0,0,0,0,0,0,0,0,0,0
2005,260887,2,1,0,0,0,0,0,0,0,0,0,0
2005,260888,0,1,0,0,0,0,0,0,0,0,0,0
2005,260888,1,1,0,0,0,0,0,0,0,0,0,0
2005,260889,1,1,0,0,0,0,0,0,0,0,0,0
2005,260890,1,1,20,20,20,20,20,20,20,20,20,20
2005,260891,1,1,0,0,0,0,0,0,0,0,0,0
2005,260891,2,1,0,0,0,0,0,0,0,0,0,0
2005,260892,0,1,23,19,17,20,40,0,20,22,5,0
2005,260892,1,1,0,14,0,0,0,25,0,0,0,0
2005,260892,2,1,0,0,0,4,0,0,0,0,0,11
2005,260893,1,1,23,23,23,23,23,23,23,23,23,23
2005,260893,2,1,19,19,19,19,19,19,19,19,19,19
2005,260894,1,1,0,0,0,0,0,0,0,0,0,0
2005,260895,1,1,0,0,0,0,0,0,0,0,0,0
2005,260895,2,1,0,0,0,0,0,0,0,0,0,0
2005,260896,1,1,0,0,0,0,0,0,0,0,0,0
2005,260896,2,1,0,0,0,0,0,0,0,0,0,0
2005,260897,1,1,15,15,15,15,15,15,15,15,15,15
2005,260898,1,1,0,0,0,0,0,0,0,0,0,0
2005,260899,0,1,0,0,0,0,0,0,0,0,0,0
2005,260899,1,1,0,0,0,0,0,0,0,0,0,0
2005,260900,1,1,13,0,0,0,0,0,0,0,0,11
2005,260900,2,1,0,0,9,0,0,0,0,0,0,0
2005,260901,1,1,6,9,35,15,13,0,8,14,14,14
2005,260901,2,1,0,0,0,0,0,0,0,0,0,0
2005,260902,1,1,0,0,0,0,0,0,0,0,0,0
2005,260902,2,1,0,0,0,0,0,0,0,0,0,0
2005,260903,1,1,14,14,14,14,14,14,14,14,14,14
2005,260903,2,1,0,0,0,0,0,0,0,0,0,0
2005,260904,0,1,35,35,35,35,35,35,35,35,35,35
2005,260904,1,1,0,0,0,0,0,0,0,0,0,0
2005,260904,2,1,0,0,0,0,0,0,0,0,0,0
2005,260905,1,1,0,0,0,0,0,0,0,0,0,0
2005,260905,2,1,7,0,0,0,0,0,0,0,26,0
2005,260906,1,1,0,0,0,0,0,0,0,0,0,0
2005,260906,2,1,0,0,0,0,0,0,0,0,0,0
2005,260906,3,1,0,0,6,0,0,0,0,0,0,0
2005,260907,1,1,0,0,0,0,0,0,0,0,0,0
2005,260908,1,1,0,0,0,0,23,0,0,0,0,0
2005,260909,1,1,0,0,0,0,0,0,0,0,0,0
2005,260909,2,1,0,0,0,0,0,0,0,0,0,0
2005,260910,0,1,0,0,0,0,0,0,0,18,0,22
2005,260910,0,2,12,0,0,0,0,6,0,19,0,0
2005,260910,1,1,0,0,5,20,14,0,0,0,0,0
2005,260910,2,1,0,0,0,14,0,0,11,0,0,13
2005,260911,1,1,0,0,0,0,0,0,0,0,0,0
2005,260911,2,1,0,12,0,0,0,0,0,0,0,0
2005,260912,1,1,0,0,0,0,0,0,0,0,0,0
2005,260913,1,1,18,18,18,18,18,18,18,18,18,18
2005,260914,1,1,0,0,0,0,0,0,5,0,0,0
2005,260914,2,1,0,0,0,0,0,0,0,0,0,0
2005,260915,1,1,12,12,12,12,12,12,12,12,12,12
2005,260916,1,1,0,0,0,0,0,0,0,0,0,0
2005,260916,2,1,0,0,0,0,0,0,0,0,0,0
2005,260917,1,1,3,3,3,3,3,3,3,3,3,3
2005,260918,1,1,0,0,0,0,0,0,0,0,0,0
2005,260918,2,1,0,0,0,0,0,0,0,0,0,0
2005,260919,1,1,0,0,0,0,0,0,0,0,0,0
2005,260919,2,1,0,0,0,0,0,0,0,0,0,0
2005,260919,3,1,0,0,0,0,0,0,0,0,0,0
2005,260919,4,1,0,0,0,0,0,0,0,0,0,0
2005,260920,1,1,0,0,0,0,0,0,0,0,0,0
2005,260920,2,1,0,0,0,0,0,0,0,0,0,0
2005,260921,1,1,0,0,0,0,0,0,0,8,9,0
2005,260921,2,1,0,0,0,0,0,0,0,0,0,0
2005,260922,1,1,0,0,0,0,0,0,0,0,0,0
2005,260923,1,1,0,0,0,0,0,0,0,0,0,0
2005,260924,1,1,0,0,0,0,0,0,0,0,0,0
2005,260924,2,1,0,0,0,0,0,0,0,0,0,0
2005,260925,1,1,6,6,6,6,6,6,6,6,6,6
2005,260926,1,1,0,0,0,0,0,0,0,0,0,0
2005,260926,2,1,0,0,0,0,0,0,0,0,0,0
2005,260927,1,1,0,0,0,0,0,0,0,0,0,0
2005,260927,2,1,0,0,0,0,21,0,0,0,0,0
2005,260928,1,1,0,0,0,0,0,0,0,0,0,0
2005,260929,1,1,0,0,0,0,0,0,0,0,0,0
2005,260929,2,1,0,0,0,0,0,0,0,0,0,0
2005,260930,1,1,0,0,0,0,0,0,0,0,0,0
2005,260931,1,1,0,0,0,0,0,0,0,0,0,0
2005,260933,1,1,0,0,13,0,0,0,0,0,0,0
2005,260933,2,1,0,0,0,0,0,0,0,0,0,0
2005,260933,3,1,0,0,16,0,0,0,0,0,0,0
2005,260934,1,1,0,0,0,0,0,0,0,0,0,0
2005,260935,1,1,16,16,16,16,16,16,16,16,16,16
2005,260936,1,1,0,0,0,0,5,0,0,0,0,9
2005,260936,2,1,0,0,0,0,0,0,0,0,0,0
2005,260937,1,1,0,0,0,0,0,0,0,0,0,0
2005,260938,1,1,0,0,0,0,0,0,0,0,0,0
2005,260938,2,1,0,0,0,0,0,0,0,0,0,0
2005,260939,1,1,0,0,0,0,0,0,0,0,0,0
2005,260939,2,1,0,0,0,0,0,0,0,0,0,0
2005,260939,3,1,0,0,0,0,0,0,0,0,0,10
2005,260940,1,1,0,0,0,0,0,0,0,0,0,0
2005,260941,1,1,0,0,0,0,0,0,0,0,0,0
2005,260942,1,1,0,0,0,0,0,0,0,0,0,0
2005,260943,0,1,0,0,0,0,0,0,0,0,0,0
2005,260943,1,1,22,22,22,22,22,22,22,22,22,22
2005,260944,1,1,0,0,0,0,0,0,0,0,0,0
2005,260944,2,1,0,0,0,0,0,0,0,0,0,0
2005,260945,1,1,19,19,19,19,19,19,19,19,19,19
2005,260945,2,1,9,0,0,9,13,9,14,15,8,8
2005,260946,0,1,0,0,0,0,0,0,0,0,0,0
2005,260946,0,2,0,0,0,0,0,0,0,0,0,0
2005,260946,0,3,0,0,0,33,0,11,30,0,0,0
2005,260946,1,1,0,0,0,0,0,0,0,0,0,0
2005,260947,0,1,0,0,0,0,0,0,15,0,0,0
2005,260947,1,1,0,0,0,0,0,0,0,0,0,0
2005,260948,1,1,10,10,10,10,10,10,10,10,10,10
2005,260949,1,1,0,0,0,0,0,0,0,0,0,0
2005,260949,2,1,0,0,0,0,0,0,9,15,0,15
2005,260950,1,1,0,0,0,0,0,0,0,0,0,0
2005,260950,2,1,0,0,0,0,0,0,0,0,0,0
2005,260951,1,1,0,0,0,0,0,0,0,0,0,0
2005,260951,2,1,0,0,0,3,0,0,0,0,11,0
2005,260951,3,1,0,0,0,0,35,0,0,0,0,10
2005,260951,4,1,8,0,0,34,0,0,0,0,0,0
2005,260951,5,1,11,0,0,0,0,11,9,0,0,0
2005,260952,1,1,15,15,15,15,15,15,15,15,15,15
2005,260953,1,1,0,0,0,0,0,0,0,0,0,0
2005,260953,2,1,0,0,0,0,0,0,0,0,0,0
2005,260954,1,1,0,0,0,0,0,0,0,0,0,0
2005,260954,2,1,0,0,0,0,0,0,0,0,0,0
2005,260955,1,1,0,0,0,0,0,0,0,0,0,0
2005,260955,2,1,0,0,0,0,0,0,0,0,0,0
2005,260956,0,1,0,0,0,0,0,0,0,0,0,0
2005,260956,1,1,0,0,0,0,0,0,0,0,0,0
2005,260957,1,1,0,0,0,0,0,0,0,19,0,0
2005,260957,2,1,0,0,0,0,0,0,0,0,0,0
2005,260958,1,1,0,0,0,0,0,0,0,0,0,0
2005,260958,2,1,0,0,0,0,0,0,0,0,0,0
2005,260959,1,1,0,0,0,4,0,0,0,0,0,0
2005,260959,2,1,0,0,0,0,0,0,0,0,0,0
2005,260960,1,1,0,0,0,0,0,0,0,0,0,0
2005,260961,1,1,0,0,0,0,0,0,0,0,0,0
2005,260962,1,1,0,0,0,0,0,0,0,0,0,0
2005,260963,1,1,0,0,0,0,0,0,0,0,0,0
2005,260963,2,1,0,0,0,0,0,0,0,0,0,0
2005,260964,1,1,0,0,0,0,0,0,0,0,0,0
2005,260964,2,1,2,0,0,0,0,0,0,0,0,0
2005,260965,1,1,14,14,14,14,14,14,14,14,14,14
2005,260966,1,1,0,0,0,0,6,27,0,0,0,19
2005,260966,2,1,0,0,0,0,0,0,0,0,0,0
2005,260967,1,1,0,0,0,0,0,0,0,0,0,0
2005,260968,1,1,29,29,29,29,29,29,29,29,29,29
2005,260969,1,1,26,26,26,26,26,26,26,26,26,26
2005,260970,1,1,0,0,0,0,0,0,0,11,0,0
2005,260970,2,1,0,0,0,0,0,0,0,0,0,0
2005,260971,0,1,0,48,21,0,17,26,44,32,33,15
2005,260971,1,1,0,0,0,0,0,5,0,0,0,0
2005,260972,1,1,0,0,5,0,0,0,0,0,0,0
2005,260972,2,1,3,3,3,3,3,3,3,3,3,3
2005,260973,1,1,0,0,0,0,0,0,0,0,0,0
2005,260973,2,1,0,0,0,0,0,0,0,0,0,0
2005,260974,1,1,0,0,0,0,0,0,0,0,0,0
2005,260975,1,1,0,0,0,0,0,0,0,0,0,0
2005,260975,2,1,0,0,0,0,0,0,0,0,0,0
2005,260975,3,1,0,0,0,0,0,0,0,0,0,0
2005,260976,0,1,0,0,0,0,0,0,0,0,0,0
2005,260976,0,2,0,0,0,0,0,0,0,0,0,0
2005,260976,1,1,0,0,0,0,0,0,0,0,0,0
2005,260977,1,1,15,15,15,15,15,15,15,15,15,15
2005,260977,2,1,0,0,0,0,0,0,0,0,0,0
2005,260978,1,1,0,0,0,0,0,0,0,0,0,0
2005,260978,2,1,16,16,16,16,16,16,16,16,16,16
2005,260979,1,1,0,0,0,0,0,0,0,0,0,0
2005,260979,2,1,0,0,0,0,0,0,0,0,0,0
2005,260980,1,1,37,13,17,18,12,20,13,7,34,31
2005,260981,1,1,0,0,0,0,0,6,0,11,0,0
2005,260981,2,1,0,0,0,0,0,0,0,0,0,0
2005,260982,1,1,27,27,27,27,27,27,27,27,27,27
2005,260983,0,1,0,23,0,30,0,0,23,0,0,0
2005,260983,1,1,6,9,17,17,9,18,10,27,21,0
2005,260983,2,1,0,0,0,0,14,0,0,0,29,27
2005,260984,0,1,21,8,9,0,20,8,17,17,0,17
2005,260984,1,1,21,12,13,8,28,6,17,8,23,13
2005,260985,1,1,11,11,11,11,11,11,11,11,11,11
2005,260986,1,1,0,0,0,0,0,0,0,0,0,0
2005,260986,2,1,10,22,26,15,15,24,13,5,24,0
2005,260987,0,1,0,0,0,0,0,0,0,0,0,0
2005,260987,1,1,0,0,0,0,0,0,0,0,0,0
2005,260988,0,1,18,17,21,7,17,24,25,10,10,19
2005,260988,2,1,0,0,0,0,0,0,0,0,0,0
2005,260989,1,1,17,17,17,17,17,17,17,17,17,17
2005,260990,1,1,0,0,0,0,5,0,0,0,0,0
2005,260991,0,1,19,19,19,19,19,19,19,19,19,19
2005,260991,1,1,0,0,0,0,0,0,0,0,0,0
2005,260992,0,1,0,0,0,0,0,0,0,0,0,0
2005,260992,1,1,0,0,0,0,0,0,0,0,0,0
2005,260993,1,1,0,0,0,0,0,0,0,0,0,0
2005,260994,0,1,0,0,0,0,0,0,0,0,0,0
2005,260994,1,1,0,0,0,0,0,0,0,0,0,0
2005,260995,1,1,18,18,18,18,18,18,18,18,18,18
2005,260995,2,1,0,0,0,0,0,0,0,26,0,0
2005,260996,1,1,26,26,26,26,26,26,26,26,26,26
2005,260997,0,1,0,0,0,0,0,0,0,0,0,0
2005,260997,1,1,2,2,2,2,2,2,2,2,2,2
2005,260998,0,1,0,0,0,0,0,0,0,0,0,0
2005,260998,1,1,0,0,0,0,0,0,0,0,0,0
2005,260999,1,1,22,22,22,22,22,22,22,22,22,22
2005,261000,0,1,0,0,0,0,0,0,0,0,0,0
2005,261000,1,1,0,0,0,0,0,0,0,0,0,0
2005,261001,0,1,0,0,0,0,0,0,0,0,0,0
2005,261001,1,1,17,0,0,0,0,0,0,0,0,0
2005,261002,0,1,39,39,39,39,39,39,39,39,39,39
2005,261002,1,1,0,0,0,0,0,0,0,0,0,0
2005,261003,1,1,56,18,17,7,10,0,14,6,14,11
2005,261004,1,1,22,0,0,0,42,0,0,16,17,0
2005,261005,0,1,24,6,20,0,0,0,30,38,0,21
2005,261005,1,1,0,0,0,8,0,0,0,0,0,0
2005,261006,0,1,17,5,16,23,44,45,28,23,16,23
2005,261006,1,1,0,13,0,33,14,22,0,0,0,0
2005,261007,0,1,0,0,0,0,0,0,0,0,0,0
2005,261007,1,1,5,0,0,0,0,0,0,0,0,0
2005,261008,1,1,0,0,0,0,0,0,0,0,0,0
2005,261008,2,1,0,34,0,0,0,0,0,0,0,0
2005,261009,1,1,0,0,0,0,0,0,0,0,0,10
2005,261009,2,1,0,0,0,0,0,0,0,0,0,0
2005,261010,1,1,0,0,0,0,0,0,0,0,0,0
2005,261010,2,1,0,0,0,0,0,0,0,0,0,0
2005,261011,0,1,4,12,8,0,20,23,18,10,9,0
2005,261011,1,1,0,8,0,31,10,0,0,0,0,17
2005,261012,1,1,0,9,0,7,19,8,8,0,0,26
2005,261012,2,1,0,0,21,13,7,0,0,10,0,0
2005,261012,3,1,16,11,22,31,7,14,6,22,0,11
2005,261013,1,1,26,26,26,26,26,26,26,26,26,26
2005,261014,1,1,0,0,0,0,0,0,0,18,0,0
2005,261014,2,1,0,0,0,0,0,0,0,0,0,0
2005,261015,0,1,0,0,0,0,0,0,0,0,0,0
2005,261015,0,2,0,0,0,10,0,14,0,0,14,0
2005,261015,1,1,0,14,14,13,0,0,16,0,14,0
2005,261016,1,1,0,0,0,0,0,0,0,0,0,0
2005,261016,2,1,5,5,5,5,5,5,5,5,5,5
2005,261017,0,1,0,0,0,0,0,0,0,0,0,0
2005,261017,1,1,0,0,0,0,0,0,0,0,0,0
2005,261018,1,1,0,0,0,0,0,0,0,0,0,0
2005,261019,1,1,0,0,0,0,0,0,0,0,0,0
2005,261020,1,1,0,20,0,8,12,0,16,30,0,0
2005,261021,1,1,0,0,0,0,0,0,0,0,0,0
2005,261021,2,1,0,0,0,0,0,0,0,0,0,0
2005,261021,3,1,0,0,0,0,0,0,0,0,0,0
2005,261022,1,1,18,0,0,0,12,0,0,24,21,16
2005,261022,2,1,12,3,0,0,0,17,12,19,16,0
2005,261023,0,1,0,0,0,0,0,0,0,0,0,0
2005,261023,1,1,0,0,0,0,0,23,0,0,10,0
2005,261024,0,1,10,10,10,10,10,10,10,10,10,10