YEAR,ST_CASE,veh_no,per_no,P1,P2,P3,P4,P5,P6,P7,P8,P9,P10
2005,261024,1,1,0,0,21,0,29,0,0,6,0,0
2005,261025,1,1,19,17,21,8,15,21,26,0,11,0
2005,261025,2,1,0,0,0,0,0,0,0,15,0,0
2005,261026,0,1,12,12,12,12,12,12,12,12,12,12
2005,261026,1,1,27,13,3,13,10,10,25,13,28,27
2005,261027,1,1,0,20,0,0,0,0,8,0,4,0
2005,261028,1,1,0,0,0,0,0,0,0,0,0,0
2005,261029,1,1,17,17,17,17,17,17,17,17,17,17
2005,261030,1,1,0,0,0,0,0,0,10,29,0,13
2005,261031,1,1,5,5,5,5,5,5,5,5,5,5
2005,261032,1,1,23,4,16,32,6,11,11,22,24,7
2005,261032,2,1,10,10,10,10,10,10,10,10,10,10
2005,261033,1,1,19,15,23,8,14,31,18,0,18,23
2005,261034,0,1,28,28,28,28,28,28,28,28,28,28
2005,261034,1,1,17,0,0,0,4,15,13,0,12,17
2005,261035,0,1,3,3,3,3,3,3,3,3,3,3
2005,261035,1,1,22,12,0,15,17,4,0,8,0,4
2005,261035,2,1,13,22,6,11,19,0,8,20,28,0
2005,270001,1,1,0,0,0,0,0,0,0,0,0,0
2005,270001,2,1,0,0,0,0,0,0,0,0,0,0
2005,270002,1,1,0,0,0,0,0,0,0,0,0,0
2005,270002,2,1,0,0,0,0,0,0,0,0,0,0
2005,270003,0,1,0,0,0,0,0,0,0,0,0,0
2005,270003,1,1,0,18,0,0,0,10,24,0,0,0
2005,270004,1,1,0,0,0,0,0,0,0,0,0,0
2005,270004,2,1,0,0,0,0,0,0,0,0,0,0
2005,270005,1,1,0,0,0,0,0,0,0,0,0,0
2005,270005,2,1,0,0,0,0,0,0,0,0,0,0
2005,270006,1,1,0,0,0,0,0,0,0,0,0,0
2005,270006,2,1,0,0,0,0,0,0,0,0,0,0
2005,270007,1,1,0,0,0,0,0,0,0,0,0,0
2005,270007,2,1,0,0,0,0,0,0,0,0,0,0
2005,270007,3,1,0,0,0,0,0,0,0,0,0,0
2005,270007,4,1,0,0,0,0,0,0,0,0,0,0
2005,270008,1,1,0,0,0,0,0,0,0,0,0,0
2005,270009,0,1,24,24,24,24,24,24,24,24,24,24
2005,270009,1,1,9,34,8,24,8,18,9,10,28,27
2005,270010,1,1,0,0,0,0,0,0,0,0,0,0
2005,270010,2,1,0,0,0,0,0,0,0,0,0,0
2005,270011,1,1,0,0,0,0,0,0,0,0,0,0
2005,270011,2,1,0,0,0,0,0,0,0,0,0,0
2005,270012,1,1,0,0,0,0,0,0,0,0,0,0
2005,270013,1,1,0,0,0,0,0,0,0,0,0,0
2005,270013,2,1,0,0,0,0,0,0,0,0,0,0
2005,270014,1,1,0,0,0,0,0,0,0,0,0,0
2005,270014,2,1,0,0,0,0,0,0,0,0,0,0
2005,270014,3,1,0,0,0,0,0,0,0,0,0,0
2005,270015,1,1,0,0,0,0,0,0,0,0,0,0
2005,270015,2,1,0,0,0,0,0,0,0,0,0,0
2005,270015,3,1,0,0,0,0,0,0,0,0,0,0
2005,270016,1,1,15,15,15,15,15,15,15,15,15,15
2005,270017,1,1,0,0,0,0,0,0,0,0,0,0
2005,270017,2,1,0,0,0,0,0,0,0,0,0,0
2005,270017,3,1,0,0,0,0,0,0,0,0,0,0
2005,270018,1,1,0,0,0,0,0,0,0,0,0,0
2005,270018,2,1,0,0,0,0,0,0,0,0,0,0
2005,270019,1,1,0,0,0,0,0,0,0,0,0,0
2005,270020,1,1,0,0,0,0,0,0,0,0,0,0
2005,270020,2,1,0,0,0,0,0,0,0,0,0,0
2005,270021,1,1,0,0,0,0,0,0,0,0,0,0
2005,270021,2,1,0,0,0,0,0,20,0,0,0,0
2005,270022,1,1,0,0,0,0,0,0,0,0,0,0
2005,270023,1,1,0,0,0,0,0,0,0,0,0,0
2005,270024,1,1,22,22,22,22,22,22,22,22,22,22
2005,270025,1,1,0,0,0,0,0,0,0,0,0,0
2005,270025,2,1,0,0,0,0,0,0,0,0,0,0
2005,270026,1,1,0,0,0,0,0,0,0,0,0,0
2005,270026,2,1,0,0,0,0,0,0,0,0,0,0
2005,270026,3,1,0,0,0,0,0,0,0,0,0,0
2005,270027,1,1,0,0,0,0,0,0,0,0,0,0
2005,270027,2,1,0,0,0,0,0,0,0,0,0,0
2005,270028,1,1,34,34,34,34,34,34,34,34,34,34
2005,270028,2,1,0,0,0,0,0,0,0,0,0,0
2005,270029,1,1,0,0,0,0,0,0,0,0,0,0
2005,270030,1,1,29,29,29,29,29,29,29,29,29,29
2005,270031,1,1,0,0,0,0,0,0,0,0,0,0
2005,270031,2,1,0,0,0,0,0,0,0,0,0,0
2005,270032,1,1,0,0,0,0,0,0,0,0,0,0
2005,270032,2,1,0,0,0,0,0,0,0,0,0,0
2005,270033,1,1,0,0,0,0,0,0,0,0,0,0
2005,270034,1,1,0,0,0,0,0,0,0,0,0,0
2005,270034,2,1,0,0,0,0,0,0,0,0,0,0
2005,270035,1,1,0,0,0,0,0,0,0,0,0,0
2005,270036,1,1,0,0,0,0,0,0,0,0,0,0
2005,270036,2,1,0,0,0,0,0,0,0,0,0,0
2005,270037,1,1,0,0,0,0,0,0,0,0,0,0
2005,270037,2,1,0,0,0,0,0,0,0,0,0,0
2005,270038,1,1,27,27,27,27,27,27,27,27,27,27
2005,270038,2,1,0,0,0,0,0,0,0,0,0,0
2005,270039,0,1,0,0,11,0,0,0,0,0,0,0
2005,270039,1,1,0,0,0,0,0,0,0,0,0,0
2005,270040,1,1,0,0,0,0,15,0,0,0,0,0
2005,270041,1,1,0,0,0,0,0,0,0,0,0,0
2005,270043,1,1,0,0,0,0,0,0,0,0,0,0
2005,270044,1,1,0,0,0,0,0,0,0,0,0,0
2005,270045,1,1,16,16,16,16,16,16,16,16,16,16
2005,270046,1,1,0,0,0,0,0,0,0,0,0,0
2005,270046,2,1,0,0,0,0,0,0,0,0,0,0
2005,270047,1,1,22,22,22,22,22,22,22,22,22,22
2005,270048,1,1,0,0,0,0,0,0,0,0,0,0
2005,270049,0,1,15,15,15,15,15,15,15,15,15,15
2005,270049,1,1,0,0,0,0,0,0,0,0,0,0
2005,270050,1,1,0,0,0,0,0,0,0,0,0,0
2005,270050,2,1,0,0,0,0,0,0,0,0,0,0
2005,270050,3,1,0,0,0,0,0,0,0,0,0,0
2005,270051,1,1,0,0,0,0,0,0,0,0,0,0
2005,270052,1,1,4,4,4,4,4,4,4,4,4,4
2005,270053,1,1,0,0,0,0,0,0,0,0,0,0
2005,270053,2,1,0,0,0,0,0,0,0,0,0,0
2005,270054,1,1,24,24,24,24,24,24,24,24,24,24
2005,270055,1,1,0,0,0,0,0,0,0,0,0,0
2005,270056,1,1,21,21,21,21,21,21,21,21,21,21
2005,270057,1,1,0,0,0,0,0,0,0,0,20,0
2005,270057,2,1,0,0,0,0,0,0,0,0,0,0
2005,270058,1,1,0,0,0,0,0,0,0,0,0,0
2005,270058,2,1,0,0,0,0,0,0,0,0,0,0
2005,270058,3,1,0,0,0,0,0,0,0,0,0,0
2005,270059,1,1,14,14,14,14,14,14,14,14,14,14
2005,270059,2,1,0,0,0,0,0,0,0,0,0,0
2005,270060,1,1,0,0,0,0,10,0,0,0,0,0
2005,270060,2,1,0,0,0,0,0,0,0,0,4,0
2005,270061,1,1,0,0,0,0,0,0,0,0,0,0
2005,270061,2,1,0,0,0,0,0,0,0,0,0,0
2005,270062,1,1,0,0,0,0,0,0,0,0,0,0
2005,270062,2,1,0,0,0,0,0,0,0,0,0,0
2005,270063,1,1,0,0,0,0,0,0,0,0,0,0
2005,270063,2,1,0,0,0,0,0,0,0,0,0,0
2005,270063,3,1,0,0,0,0,0,0,0,0,0,0
2005,270064,1,1,0,0,0,0,0,0,0,0,0,0
2005,270065,1,1,0,0,0,0,0,0,0,0,0,0
2005,270066,1,1,0,0,0,0,0,0,0,0,0,0
2005,270066,2,1,0,0,0,0,0,0,0,0,0,0
2005,270067,1,1,29,29,29,29,29,29,29,29,29,29
2005,270068,1,1,20,20,20,20,20,20,20,20,20,20
2005,270069,1,1,0,0,0,0,0,0,0,0,0,0
2005,270070,1,1,18,18,18,18,18,18,18,18,18,18
2005,270071,1,1,0,0,0,0,0,0,0,0,0,0
2005,270071,2,1,0,0,0,0,0,0,0,0,0,19
2005,270072,1,1,20,20,20,20,20,20,20,20,20,20
2005,270072,2,1,0,0,0,0,0,0,0,0,0,0
2005,270073,1,1,20,20,20,20,20,20,20,20,20,20
2005,270074,1,1,0,0,0,0,0,0,0,0,0,0
2005,270074,2,1,0,0,0,0,0,0,0,0,0,0
2005,270075,1,1,0,0,0,0,0,0,0,0,0,0
2005,270075,2,1,0,0,0,0,0,0,0,0,0,0
2005,270076,1,1,0,0,0,0,0,0,0,0,0,0
2005,270076,2,1,0,0,0,0,0,0,0,0,0,0
2005,270077,1,1,0,0,0,0,0,0,0,0,0,0
2005,270077,2,1,0,0,0,0,0,0,0,0,0,0
2005,270077,3,1,0,0,0,0,0,0,0,0,0,0
2005,270078,1,1,38,38,38,38,38,38,38,38,38,38
2005,270078,2,1,0,0,0,0,0,0,0,0,0,0
2005,270079,1,1,26,26,26,26,26,26,26,26,26,26
2005,270079,2,1,0,0,0,0,0,0,0,0,0,0
2005,270080,1,1,0,0,0,0,0,0,0,0,0,0
2005,270081,0,1,0,0,0,0,0,0,0,0,0,0
2005,270081,1,1,0,0,0,0,0,0,0,0,0,0
2005,270082,1,1,0,0,0,0,0,0,0,0,0,0
2005,270082,2,1,0,0,0,0,0,0,0,0,0,0
2005,270082,3,1,0,0,0,0,0,0,0,0,0,0
2005,270083,1,1,27,27,27,27,27,27,27,27,27,27
2005,270084,0,1,0,0,0,0,0,0,9,0,16,0
2005,270084,1,1,0,0,0,0,0,0,0,0,0,0
2005,270085,1,1,0,0,0,0,0,0,0,0,0,0
2005,270085,2,1,0,0,0,0,0,0,0,0,15,0
2005,270086,1,1,0,0,0,0,0,0,0,0,0,0
2005,270087,1,1,6,6,6,6,6,6,6,6,6,6
2005,270087,2,1,0,0,0,0,0,0,0,0,0,0
2005,270088,1,1,15,15,15,15,15,15,15,15,15,15
2005,270089,1,1,7,7,7,7,7,7,7,7,7,7
2005,270089,2,1,0,0,0,0,0,0,0,0,0,0
2005,270090,0,1,8,8,8,8,8,8,8,8,8,8
2005,270090,1,1,0,0,0,0,0,0,0,0,0,0
2005,270091,1,1,0,0,0,0,0,0,0,0,0,0
2005,270091,2,1,0,0,0,0,0,0,0,0,0,0
2005,270092,1,1,20,20,20,20,20,20,20,20,20,20
2005,270093,1,1,0,0,0,0,0,0,0,0,0,0
2005,270094,1,1,30,30,30,30,30,30,30,30,30,30
2005,270094,2,1,0,0,0,0,0,0,0,0,0,0
2005,270095,1,1,0,0,0,0,0,0,0,0,0,0
2005,270095,2,1,0,0,0,0,0,0,0,0,0,0
2005,270096,1,1,0,0,0,0,0,0,0,0,0,0
2005,270097,1,1,0,0,0,0,0,0,0,0,0,0
2005,270097,2,1,0,0,0,0,0,0,0,0,0,0
2005,270098,1,1,0,0,0,0,0,0,0,0,0,0
2005,270098,2,1,0,0,0,0,0,0,0,0,0,0
2005,270099,0,1,0,0,0,0,0,0,0,0,0,0
2005,270099,1,1,0,0,0,0,0,0,0,0,0,0
2005,270100,1,1,0,0,0,0,0,0,0,0,0,0
2005,270101,1,1,0,0,0,0,0,0,0,0,0,0
2005,270102,1,1,0,0,0,0,0,15,0,0,0,0
2005,270103,1,1,0,0,0,0,0,0,0,0,0,0
2005,270103,2,1,6,6,6,6,6,6,6,6,6,6
2005,270104,1,1,23,23,23,23,23,23,23,23,23,23
2005,270105,1,1,0,0,0,0,0,0,0,0,0,0
2005,270105,2,1,0,0,0,0,0,0,0,0,0,0
2005,270106,0,1,13,13,13,13,13,13,13,13,13,13
2005,270106,1,1,0,0,0,0,0,0,0,0,0,0
2005,270107,1,1,19,19,19,19,19,19,19,19,19,19
2005,270108,1,1,0,0,0,0,0,0,0,0,0,0
2005,270108,2,1,0,0,0,8,0,0,0,5,0,0
2005,270109,1,1,0,0,0,0,0,0,0,0,0,0
2005,270109,2,1,0,0,0,0,0,0,0,0,0,0
2005,270110,1,1,26,26,26,26,26,26,26,26,26,26
2005,270111,1,1,28,28,28,28,28,28,28,28,28,28
2005,270112,1,1,0,0,0,0,0,0,0,0,0,0
2005,270112,2,1,0,0,0,0,0,0,0,0,0,0
2005,270112,3,1,0,0,0,0,0,8,0,0,0,0
2005,270113,1,1,14,14,14,14,14,14,14,14,14,14
2005,270114,1,1,19,19,19,19,19,19,19,19,19,19
2005,270115,1,1,0,0,0,0,0,0,0,0,0,0
2005,270116,0,1,34,34,34,34,34,34,34,34,34,34
2005,270116,1,1,0,0,0,0,0,0,0,0,0,0
2005,270117,1,1,0,0,0,0,0,0,0,0,0,0
2005,270117,2,1,0,0,0,0,0,0,0,0,0,0
2005,270118,1,1,15,15,15,15,15,15,15,15,15,15
2005,270119,1,1,0,0,0,0,0,0,0,0,0,0
2005,270119,2,1,0,0,0,0,0,0,0,0,0,0
2005,270120,1,1,0,0,0,0,0,0,0,0,0,0
2005,270121,1,1,0,0,0,0,0,0,0,0,0,0
2005,270121,2,1,0,0,0,0,0,0,0,0,0,0
2005,270122,1,1,0,0,0,0,0,0,0,0,0,0
2005,270122,2,1,0,0,0,0,0,0,0,0,0,0
2005,270122,3,1,0,0,0,0,0,0,0,0,0,0
2005,270123,1,1,0,0,0,0,0,0,0,0,0,0
2005,270123,2,1,0,0,0,0,0,0,0,0,0,0
2005,270124,1,1,0,0,0,0,0,0,0,0,0,0
2005,270124,2,1,0,0,0,0,0,0,0,0,0,0
2005,270125,1,1,16,16,16,16,16,16,16,16,16,16
2005,270126,1,1,0,0,0,0,0,0,0,0,0,0
2005,270126,2,1,0,0,0,0,0,0,0,0,0,0
2005,270126,3,1,0,0,0,0,0,0,0,0,0,0
2005,270126,4,1,0,0,0,0,0,0,0,0,0,0
2005,270127,0,1,19,19,19,19,19,19,19,19,19,19
2005,270127,1,1,0,0,0,0,0,0,0,0,0,0
2005,270128,0,1,16,16,16,16,16,16,16,16,16,16
2005,270128,1,1,0,0,0,0,0,0,0,0,0,0
2005,270129,1,1,0,0,0,0,0,0,0,0,0,0
2005,270129,2,1,0,19,8,8,15,0,11,0,11,0
2005,270130,1,1,17,17,17,17,17,17,17,17,17,17
2005,270131,0,1,0,0,0,0,0,0,0,0,0,0
2005,270131,1,1,0,0,0,0,0,0,0,0,0,0
2005,270132,1,1,0,0,0,0,0,0,0,0,0,0
2005,270132,2,1,0,0,0,0,0,0,0,0,0,5
2005,270133,1,1,0,0,0,0,0,0,0,0,0,0
2005,270134,1,1,7,7,7,7,7,7,7,7,7,7
2005,270135,1,1,0,0,0,0,0,0,0,0,0,0
2005,270135,2,1,0,0,0,0,13,0,0,0,0,0
2005,270136,1,1,0,0,0,0,0,0,0,0,0,0
2005,270136,2,1,0,0,0,0,0,0,0,0,0,0
2005,270137,1,1,0,0,0,0,0,0,0,0,0,0
2005,270137,2,1,1,1,1,1,1,1,1,1,1,1
2005,270138,1,1,29,29,29,29,29,29,29,29,29,29
2005,270138,2,1,0,0,0,0,0,0,0,0,0,0
2005,270139,1,1,5,5,5,5,5,5,5,5,5,5
2005,270140,1,1,0,0,0,0,0,0,0,0,0,0
2005,270140,2,1,0,0,0,0,0,0,0,0,0,0
2005,270141,1,1,0,0,0,0,0,0,0,0,0,0
2005,270142,1,1,0,0,0,0,0,0,0,0,0,0
2005,270142,2,1,24,24,24,24,24,24,24,24,24,24
2005,270143,0,1,27,27,27,27,27,27,27,27,27,27
2005,270143,1,1,21,21,21,21,21,21,21,21,21,21
2005,270144,1,1,7,7,7,7,7,7,7,7,7,7
2005,270144,2,1,0,0,0,0,0,0,0,0,0,0
2005,270145,1,1,18,18,18,18,18,18,18,18,18,18
2005,270146,1,1,26,26,26,26,26,26,26,26,26,26
2005,270147,1,1,0,0,0,0,0,0,0,0,0,0
2005,270147,2,1,0,0,0,0,0,0,0,0,0,0
2005,270148,1,2,16,8,0,0,19,35,0,0,0,6
2005,270149,1,1,0,0,0,0,0,0,0,0,0,0
2005,270149,2,1,0,0,0,0,0,0,0,0,0,0
2005,270150,1,1,0,0,0,0,0,0,0,0,0,0
2005,270151,1,1,0,0,0,0,0,0,0,0,0,0
2005,270151,2,1,0,0,0,0,0,0,0,0,0,0
2005,270152,1,1,0,0,21,10,0,0,0,0,0,0
2005,270152,2,1,0,0,0,0,0,0,0,0,0,0
2005,270153,1,1,0,0,0,0,0,0,0,0,0,0
2005,270154,1,1,0,0,0,0,0,0,0,0,0,0
2005,270154,2,1,13,13,13,13,13,13,13,13,13,13
2005,270155,1,1,0,0,0,0,0,0,0,0,0,0
2005,270156,1,1,0,0,0,0,0,0,0,0,0,0
2005,270156,2,1,0,0,0,0,0,0,0,0,0,0
2005,270157,1,1,15,15,15,15,15,15,15,15,15,15
2005,270158,1,1,0,0,0,0,0,0,0,0,0,0
2005,270158,2,1,1,1,1,1,1,1,1,1,1,1
2005,270159,1,1,0,0,0,0,0,0,0,0,0,0
2005,270159,2,1,0,0,0,0,0,0,0,0,0,0
2005,270160,1,1,0,0,0,0,0,0,0,0,0,0
2005,270161,1,1,0,0,0,0,0,0,0,0,0,0
2005,270162,0,1,0,0,0,0,0,0,0,0,0,0
2005,270162,1,1,0,0,0,0,0,0,0,0,0,0
2005,270163,1,1,0,0,0,0,0,0,0,0,0,0
2005,270163,2,1,0,0,0,0,0,0,0,0,0,0
2005,270164,1,1,18,18,18,18,18,18,18,18,18,18
2005,270164,2,1,0,0,0,0,0,0,0,0,0,0
2005,270165,1,1,7,13,10,28,0,13,42,13,12,31
2005,270166,1,1,0,0,0,0,0,0,0,0,0,0
2005,270167,1,1,0,0,0,0,0,0,0,0,0,0
2005,270167,2,1,0,0,0,0,0,0,0,0,0,0
2005,270168,1,1,0,0,0,0,0,0,0,0,0,0
2005,270168,2,1,0,0,0,0,0,0,0,0,0,0
2005,270169,1,1,23,23,23,23,23,23,23,23,23,23
2005,270170,1,1,0,0,0,0,0,0,0,0,0,0
2005,270170,2,1,0,0,0,0,0,0,0,0,0,0
2005,270171,1,1,9,9,9,9,9,9,9,9,9,9
2005,270171,2,1,0,0,0,0,0,0,0,0,0,0
2005,270172,1,1,0,0,0,0,0,0,0,0,0,0
2005,270172,2,1,12,12,12,12,12,12,12,12,12,12
2005,270173,1,1,23,23,23,23,23,23,23,23,23,23
2005,270174,0,1,27,27,27,27,27,27,27,27,27,27
2005,270174,1,1,0,0,0,0,0,0,0,0,0,0
2005,270175,1,1,0,0,0,0,0,0,0,0,0,0
2005,270175,2,1,1,1,1,1,1,1,1,1,1,1
2005,270176,1,1,0,0,0,0,0,0,0,0,0,0
2005,270177,1,1,20,20,20,20,20,20,20,20,20,20
2005,270178,1,1,0,0,0,0,0,0,0,0,0,0
2005,270178,2,1,0,0,0,0,0,0,0,0,0,0
2005,270179,1,1,23,23,23,23,23,23,23,23,23,23
2005,270180,0,1,5,5,5,5,5,5,5,5,5,5
2005,270180,1,1,0,0,0,0,0,0,0,0,0,0
2005,270181,1,1,0,0,0,0,0,0,0,0,0,0
2005,270182,1,1,0,0,0,0,0,0,0,0,0,0
2005,270183,1,1,15,15,15,15,15,15,15,15,15,15
2005,270183,2,1,0,0,0,0,0,0,0,0,0,0
2005,270184,1,1,0,0,0,0,0,0,0,0,0,0
2005,270184,2,1,0,0,0,0,0,0,0,0,0,0
2005,270185,1,1,0,0,0,0,0,0,0,0,0,0
2005,270185,2,1,0,0,0,0,0,0,0,15,0,0
2005,270186,1,1,0,0,0,0,0,0,0,0,0,0
2005,270186,2,1,0,0,0,0,0,0,12,11,0,0
2005,270186,3,1,0,0,0,0,0,0,0,0,0,0
2005,270187,1,1,0,0,0,0,0,0,0,0,0,0
2005,270187,2,1,0,0,0,0,0,0,0,0,0,0
2005,270188,0,1,0,0,0,0,0,0,0,0,0,0
2005,270188,1,1,0,0,0,0,0,0,0,0,0,0
2005,270189,1,1,21,0,0,0,16,17,0,0,0,0
2005,270190,1,1,0,0,0,0,0,0,0,0,0,0
2005,270190,2,1,0,0,0,0,0,0,0,0,0,0
2005,270191,1,1,0,0,0,0,0,0,0,0,0,0
2005,270192,1,1,9,9,9,9,9,9,9,9,9,9
2005,270192,2,1,0,0,0,0,0,0,0,0,0,0
2005,270193,1,1,0,0,4,0,0,0,0,0,16,0
2005,270193,2,1,15,15,15,15,15,15,15,15,15,15
2005,270194,1,1,0,0,0,0,0,0,0,0,0,0
2005,270194,2,1,0,0,0,0,0,0,0,0,0,0
2005,270195,1,1,0,0,0,0,0,0,0,0,0,0
2005,270195,2,1,0,0,0,0,0,0,0,0,0,0
2005,270196,1,1,26,26,26,26,26,26,26,26,26,26
2005,270197,1,1,9,9,9,9,9,9,9,9,9,9
2005,270198,0,1,0,0,0,0,0,0,0,0,0,0
2005,270198,1,1,0,0,0,0,0,0,0,0,0,0
2005,270199,1,1,18,18,18,18,18,18,18,18,18,18
2005,270200,1,1,19,19,19,19,19,19,19,19,19,19
2005,270201,0,1,25,25,25,25,25,25,25,25,25,25
2005,270201,1,1,3,3,3,3,3,3,3,3,3,3
2005,270202,1,1,9,9,9,9,9,9,9,9,9,9
2005,270203,1,1,25,25,25,25,25,25,25,25,25,25
2005,270204,1,1,16,16,16,16,16,16,16,16,16,16
2005,270204,2,1,0,0,0,0,0,0,0,0,0,0
2005,270205,1,1,0,0,0,0,0,0,0,0,0,0
2005,270205,2,1,0,0,0,0,0,0,0,0,0,0
2005,270205,3,1,0,0,0,0,0,0,0,0,0,0
2005,270206,1,1,8,8,8,8,8,8,8,8,8,8
2005,270207,1,1,25,25,25,25,25,25,25,25,25,25
2005,270208,1,1,0,0,0,0,0,0,0,0,0,0
2005,270209,1,1,0,0,0,0,0,0,0,0,0,0
2005,270209,2,1,0,0,0,0,0,0,0,0,0,0
2005,270210,1,1,0,0,0,0,0,0,0,0,0,0
2005,270210,2,1,0,0,0,0,0,0,0,0,0,0
2005,270211,0,1,0,0,0,0,0,0,0,0,0,0
2005,270211,1,1,10,10,10,10,10,10,10,10,10,10
2005,270212,1,1,0,0,0,0,0,0,0,0,0,0
2005,270213,1,1,0,0,0,0,0,0,0,0,0,0
2005,270213,2,1,0,0,0,0,0,0,0,0,0,0
2005,270214,1,1,13,13,13,13,13,13,13,13,13,13
2005,270215,1,1,0,0,0,0,0,0,0,0,0,0
2005,270215,2,1,0,0,0,0,0,0,0,0,0,0
2005,270216,1,1,3,3,3,3,3,3,3,3,3,3
2005,270216,2,1,29,29,29,29,29,29,29,29,29,29
2005,270217,1,1,0,0,0,0,0,0,0,0,0,0
2005,270218,1,1,24,24,24,24,24,24,24,24,24,24
2005,270219,1,1,0,0,0,0,0,0,0,0,0,0
2005,270219,2,1,0,0,0,0,0,0,0,0,0,0
2005,270220,1,1,0,0,0,0,0,0,0,0,0,0
2005,270220,2,1,0,0,0,0,0,0,0,0,0,0
2005,270221,1,1,36,14,0,26,22,30,28,19,0,15
2005,270222,1,1,0,0,0,0,0,0,0,0,0,0
2005,270222,2,1,0,0,0,0,0,0,0,0,0,0
2005,270223,1,1,13,13,13,13,13,13,13,13,13,13
2005,270224,1,1,30,25,25,19,16,25,18,21,27,17
2005,270225,0,1,0,0,0,0,0,0,0,0,0,0
2005,270225,1,1,0,0,0,0,0,0,0,0,0,0
2005,270227,1,1,0,0,0,0,0,0,0,0,0,0
2005,270228,1,1,13,13,13,13,13,13,13,13,13,13
2005,270229,1,1,14,14,14,14,14,14,14,14,14,14
2005,270230,1,1,31,31,31,31,31,31,31,31,31,31
2005,270231,1,1,0,0,0,0,0,0,0,0,0,0
2005,270231,2,1,0,0,0,0,0,0,0,0,0,0
2005,270232,1,1,0,0,0,0,8,0,0,0,0,0
2005,270233,1,1,0,0,0,0,0,0,0,0,0,0
2005,270233,2,1,0,0,0,0,0,0,0,0,0,0
2005,270233,3,1,0,0,0,0,0,0,0,0,0,0
2005,270234,1,1,0,0,0,0,0,0,0,0,0,0
2005,270234,2,1,0,0,0,0,0,0,0,0,0,0
2005,270235,1,1,0,0,0,0,0,0,0,0,0,0
2005,270236,1,1,0,0,0,0,0,0,0,0,0,0
2005,270237,1,1,0,0,0,0,0,0,0,0,0,0
2005,270237,2,1,0,0,0,0,0,0,0,0,0,0
2005,270237,3,1,0,0,0,0,0,0,0,0,0,0
2005,270238,1,1,21,21,21,21,21,21,21,21,21,21
2005,270239,1,1,0,0,0,0,0,0,0,0,0,0
2005,270239,2,1,0,0,0,0,0,0,0,0,0,0
2005,270240,1,1,0,0,0,0,0,0,0,0,0,0
2005,270240,2,1,0,0,0,0,0,0,0,0,0,0
2005,270241,1,1,10,10,10,10,10,10,10,10,10,10
2005,270242,1,1,19,19,19,19,19,19,19,19,19,19
2005,270243,1,1,26,26,26,26,26,26,26,26,26,26
2005,270244,1,1,0,0,0,0,0,0,0,0,0,0
2005,270245,1,1,0,0,0,0,0,0,0,0,0,0
2005,270245,2,1,0,0,0,0,0,0,0,0,0,0
2005,270246,1,1,0,0,0,0,0,0,0,0,0,0
2005,270247,1,1,0,0,0,0,0,0,0,0,0,0
2005,270247,2,1,0,0,0,0,0,0,0,0,0,0
2005,270248,1,1,0,0,0,0,0,0,0,0,0,0
2005,270248,2,1,0,0,0,0,0,0,0,0,0,0
2005,270249,1,1,0,0,0,0,0,0,0,0,0,0
2005,270249,2,1,14,14,14,14,14,14,14,14,14,14
2005,270250,1,1,24,24,24,24,24,24,24,24,24,24
2005,270250,2,1,0,0,0,0,0,0,0,0,0,0
2005,270251,1,1,0,0,0,0,0,0,11,0,0,18
2005,270252,1,1,0,0,0,0,0,0,0,0,0,0
2005,270252,2,1,0,0,0,0,0,0,0,0,0,0
2005,270253,1,1,0,0,0,0,0,0,0,0,0,0
2005,270253,2,1,0,0,0,0,0,0,0,0,0,0
2005,270254,1,1,15,15,15,15,15,15,15,15,15,15
2005,270255,0,1,3,3,3,3,3,3,3,3,3,3
2005,270255,1,1,0,0,0,0,0,0,0,0,0,0
2005,270256,1,1,15,15,15,15,15,15,15,15,15,15
2005,270257,1,1,0,0,0,0,0,0,0,0,0,0
2005,270257,2,1,0,0,0,0,0,0,0,0,0,0
2005,270258,1,1,35,35,35,35,35,35,35,35,35,35
2005,270259,1,1,27,27,27,27,27,27,27,27,27,27
2005,270260,1,1,20,20,20,20,20,20,20,20,20,20
2005,270261,1,1,0,0,0,0,0,0,0,0,0,0
2005,270262,1,1,22,22,22,22,22,22,22,22,22,22
2005,270263,1,1,0,0,0,0,0,0,0,0,0,0
2005,270263,2,1,0,0,0,0,0,0,0,0,0,0
2005,270264,1,1,0,0,0,0,0,0,0,0,0,0
2005,270264,2,1,0,0,0,0,0,0,0,0,0,0
2005,270265,1,1,0,0,0,0,0,0,0,0,0,0
2005,270266,1,1,0,0,0,0,0,0,0,0,0,0
2005,270266,2,1,0,0,0,0,0,0,0,0,0,0
2005,270267,1,1,8,8,8,8,8,8,8,8,8,8
2005,270267,2,1,0,0,0,0,0,0,0,0,0,0
2005,270268,1,1,0,0,0,0,0,0,0,0,0,0
2005,270269,1,1,0,0,0,0,0,0,0,0,0,0
2005,270269,2,1,0,0,0,0,0,0,0,0,0,0
2005,270270,1,1,0,0,0,0,0,0,0,0,0,0
2005,270271,1,1,0,0,0,0,0,0,0,0,0,0
2005,270272,1,1,0,0,0,0,0,0,0,0,0,0
2005,270273,1,1,0,0,0,0,0,0,0,0,0,0