YEAR,ST_CASE,veh_no,per_no,P1,P2,P3,P4,P5,P6,P7,P8,P9,P10
2005,280054,1,1,0,0,0,0,0,15,8,14,8,0
2005,280054,2,1,0,0,0,0,0,0,0,0,0,0
2005,280055,1,1,0,18,0,0,0,0,0,0,0,0
2005,280055,2,1,17,0,0,0,0,0,0,0,0,0
2005,280056,1,1,18,18,18,18,18,18,18,18,18,18
2005,280057,1,1,0,0,0,0,0,0,9,0,0,0
2005,280058,1,1,0,0,28,0,0,29,9,12,22,15
2005,280059,1,1,0,0,0,0,0,0,0,0,0,0
2005,280060,1,1,0,0,0,0,0,0,0,0,0,0
2005,280061,1,1,0,0,0,0,0,0,0,0,0,0
2005,280061,2,1,0,0,0,0,0,0,0,0,0,0
2005,280061,3,1,0,0,0,0,0,0,0,0,0,0
2005,280062,1,1,0,0,0,0,0,0,0,0,0,0
2005,280063,1,1,20,0,0,0,0,0,0,0,0,0
2005,280064,1,1,2,2,2,2,2,2,2,2,2,2
2005,280065,1,1,0,0,0,0,0,0,0,0,0,0
2005,280065,2,1,15,15,15,15,15,15,15,15,15,15
2005,280065,3,1,0,10,0,0,0,0,0,0,13,0
2005,280066,1,1,0,0,0,0,0,0,0,0,0,0
2005,280066,2,1,0,0,0,0,0,0,0,0,0,0
2005,280067,1,1,0,0,0,0,0,0,0,0,0,0
2005,280068,1,1,27,27,27,27,27,27,27,27,27,27
2005,280069,1,1,29,0,0,14,0,0,0,0,0,0
2005,280070,1,1,15,15,15,15,15,15,15,15,15,15
2005,280071,1,1,18,0,0,21,6,0,0,10,11,15
2005,280072,1,1,0,0,0,0,0,0,0,0,0,0
2005,280072,2,1,0,0,0,0,0,0,0,0,0,0
2005,280072,3,1,0,0,0,0,0,0,0,0,0,0
2005,280073,1,1,0,22,0,0,0,0,0,0,0,0
2005,280074,0,1,0,9,0,30,0,33,18,0,0,18
2005,280074,1,1,0,0,0,0,0,0,0,0,0,0
2005,280075,1,1,18,18,18,18,18,18,18,18,18,18
2005,280076,1,1,0,0,0,0,0,10,30,16,0,4
2005,280076,2,1,9,22,0,24,0,15,0,20,13,0
2005,280077,1,1,0,0,0,0,0,0,0,0,0,0
2005,280078,1,1,18,18,18,18,18,18,18,18,18,18
2005,280079,1,1,0,0,0,0,0,0,0,0,0,0
2005,280079,2,1,24,0,0,10,0,11,24,0,10,0
2005,280080,1,1,32,27,0,43,31,0,20,20,18,13
2005,280081,1,1,0,0,0,0,0,0,0,0,0,0
2005,280081,2,1,0,0,0,0,0,0,0,0,0,0
2005,280082,1,1,0,0,0,0,0,0,0,0,0,0
2005,280083,1,1,24,24,24,24,24,24,24,24,24,24
2005,280084,1,1,15,15,15,15,15,15,15,15,15,15
2005,280084,2,1,0,0,0,0,0,0,0,0,0,0
2005,280085,0,1,31,31,31,31,31,31,31,31,31,31
2005,280085,1,1,17,5,0,0,0,26,0,0,19,0
2005,280086,1,1,0,0,11,0,0,0,0,0,0,0
2005,280086,2,1,0,0,0,0,0,0,0,0,0,0
2005,280087,1,1,28,28,28,28,28,28,28,28,28,28
2005,280088,1,1,23,0,0,23,26,24,0,9,0,13
2005,280089,1,1,0,5,0,15,24,0,0,0,0,25
2005,280090,1,1,12,12,12,12,12,12,12,12,12,12
2005,280090,2,1,12,12,12,12,12,12,12,12,12,12
2005,280091,1,1,0,0,0,0,0,0,0,0,0,0
2005,280092,1,1,0,0,23,24,0,0,0,0,11,0
2005,280093,1,1,0,0,0,0,0,0,0,0,0,0
2005,280093,2,1,0,11,0,0,0,0,0,0,0,0
2005,280094,1,1,0,0,0,17,0,0,0,0,0,0
2005,280095,1,1,0,0,0,24,0,0,0,0,15,11
2005,280095,2,1,0,0,19,0,0,18,20,0,0,0
2005,280096,1,1,0,0,0,0,0,0,0,0,0,0
2005,280097,1,1,0,0,0,0,0,0,0,0,0,0
2005,280098,1,1,0,0,0,0,9,0,0,9,0,0
2005,280099,1,1,0,0,0,0,0,0,0,0,0,0
2005,280099,2,1,0,0,0,0,0,0,0,0,0,0
2005,280100,1,1,0,0,0,0,0,0,0,0,0,0
2005,280101,1,1,0,0,0,0,0,0,0,0,0,0
2005,280102,0,1,8,15,0,0,36,0,0,20,0,28
2005,280102,1,1,0,0,0,0,0,0,0,18,0,25
2005,280103,1,1,0,0,0,0,0,0,0,0,0,0
2005,280103,2,1,0,0,0,0,0,0,0,0,0,0
2005,280104,1,1,18,18,18,18,18,18,18,18,18,18
2005,280105,1,1,18,13,15,0,13,26,0,14,24,11
2005,280106,1,1,19,19,19,19,19,19,19,19,19,19
2005,280107,1,1,0,0,0,0,0,0,0,0,0,0
2005,280107,2,1,0,0,0,0,0,0,0,0,0,0
2005,280108,1,1,0,8,0,11,0,0,0,0,0,0
2005,280108,2,1,0,0,0,0,0,0,0,0,0,0
2005,280108,3,1,0,0,0,0,0,0,0,0,0,0
2005,280109,1,1,0,0,0,0,0,0,0,0,0,0
2005,280110,1,1,0,0,0,0,0,15,0,0,18,33
2005,280110,2,1,0,0,0,0,0,0,0,29,0,0
2005,280111,1,1,0,0,0,0,0,0,0,0,0,0
2005,280111,2,1,0,0,0,0,0,0,0,0,15,0
2005,280112,1,1,0,0,0,0,0,0,0,0,0,0
2005,280112,2,1,12,12,12,12,12,12,12,12,12,12
2005,280113,1,1,22,6,12,26,20,0,35,0,23,46
2005,280114,1,1,0,0,0,0,0,0,0,0,0,0
2005,280115,1,1,0,0,0,0,0,0,0,0,0,0
2005,280115,2,1,0,0,0,0,0,0,0,0,0,0
2005,280116,1,1,18,18,18,18,18,18,18,18,18,18
2005,280117,1,1,0,0,0,0,0,0,0,0,0,0
2005,280117,2,1,0,0,0,0,0,0,0,0,0,0
2005,280118,1,1,0,0,0,0,0,0,0,0,0,0
2005,280118,2,1,0,0,0,0,0,0,0,0,0,0
2005,280119,1,1,0,0,0,0,0,0,0,0,0,0
2005,280119,2,1,0,0,0,0,0,0,0,0,0,0
2005,280120,0,1,0,0,0,0,0,0,13,28,13,0
2005,280120,1,1,0,0,0,0,0,0,0,0,0,0
2005,280121,1,1,0,0,0,0,0,0,0,0,0,0
2005,280121,2,1,0,0,0,0,0,0,0,0,0,0
2005,280122,1,1,0,0,0,0,0,0,0,0,0,0
2005,280123,1,1,20,0,0,0,22,18,11,23,0,0
2005,280123,2,1,0,0,0,0,0,0,0,0,0,0
2005,280124,1,1,0,0,0,0,9,0,0,0,0,0
2005,280124,2,1,0,0,0,0,0,0,21,0,0,0
2005,280125,1,1,1,1,1,1,1,1,1,1,1,1
2005,280126,1,1,25,0,0,0,0,0,6,0,0,0
2005,280126,2,1,0,0,0,0,0,0,0,0,0,0
2005,280127,1,1,22,22,22,22,22,22,22,22,22,22
2005,280128,1,1,0,17,0,0,0,0,0,18,0,0
2005,280128,2,1,0,0,0,0,0,9,3,0,0,0
2005,280129,1,1,0,21,21,21,19,17,9,6,15,0
2005,280130,1,1,21,21,21,21,21,21,21,21,21,21
2005,280130,2,1,12,12,12,12,12,12,12,12,12,12
2005,280131,1,1,7,7,7,7,7,7,7,7,7,7
2005,280132,1,1,0,0,0,0,0,0,0,0,0,0
2005,280133,1,1,0,0,0,0,0,0,0,0,0,0
2005,280133,2,1,0,0,0,0,0,0,0,0,0,0
2005,280134,1,1,0,0,0,13,0,0,5,0,0,0
2005,280135,1,1,19,19,19,19,19,19,19,19,19,19
2005,280136,1,1,16,16,16,16,16,16,16,16,16,16
2005,280137,1,1,0,0,0,0,0,0,0,0,0,0
2005,280137,2,1,0,0,0,0,0,0,0,13,0,11
2005,280138,0,1,0,0,0,0,0,0,0,0,0,0
2005,280138,1,1,0,0,0,0,0,0,0,0,0,0
2005,280139,1,1,25,0,10,0,0,0,0,0,0,0
2005,280139,2,1,0,0,0,0,0,0,0,0,0,0
2005,280140,0,1,29,19,16,18,0,19,21,42,24,0
2005,280140,1,1,0,0,0,0,0,0,0,0,0,11
2005,280141,1,1,18,18,18,18,18,18,18,18,18,18
2005,280142,1,1,0,0,0,0,0,0,0,0,0,0
2005,280142,2,1,0,0,0,0,0,0,0,0,0,0
2005,280143,1,1,0,0,0,0,0,0,0,0,0,0
2005,280144,0,1,0,0,20,22,41,26,40,11,24,15
2005,280144,1,1,0,0,8,0,0,31,0,0,0,5
2005,280145,0,1,6,31,23,9,0,38,21,16,18,0
2005,280145,1,1,0,0,0,0,0,0,0,0,0,0
2005,280146,1,1,0,0,12,0,0,0,0,0,0,9
2005,280146,2,1,0,0,0,0,0,0,0,0,0,0
2005,280147,0,1,21,0,0,13,0,18,24,0,0,0
2005,280147,1,1,11,26,0,0,0,0,0,17,11,0
2005,280148,1,1,0,0,0,0,0,0,0,0,0,0
2005,280149,1,1,0,0,0,16,0,0,0,19,0,0
2005,280150,1,1,18,18,18,18,18,18,18,18,18,18
2005,280151,1,1,38,22,25,0,19,0,0,0,11,30
2005,280152,1,1,30,30,30,30,30,30,30,30,30,30
2005,280152,2,1,0,0,0,0,0,0,0,0,0,0
2005,280153,1,1,0,0,0,0,0,0,0,0,0,0
2005,280154,1,1,0,0,0,0,0,0,0,0,25,5
2005,280155,1,1,0,0,0,0,0,0,0,0,0,0
2005,280155,2,1,0,0,0,0,0,0,0,0,0,0
2005,280156,1,1,0,23,11,0,0,3,18,22,0,7
2005,280157,1,1,0,0,14,0,0,0,0,0,15,0
2005,280157,2,1,4,0,0,0,35,20,15,33,9,0
2005,280158,1,1,20,22,24,0,0,11,0,0,12,0
2005,280159,1,1,21,26,18,15,0,12,0,0,0,14
2005,280160,1,1,0,0,0,0,0,0,0,0,0,0
2005,280161,0,1,0,41,21,0,0,14,0,0,0,0
2005,280161,1,1,0,0,0,0,18,0,0,0,0,0
2005,280162,1,1,0,0,0,0,0,0,0,0,0,0
2005,280162,2,1,0,0,0,0,0,0,0,0,0,0
2005,280163,1,1,0,0,0,0,0,0,0,0,0,0
2005,280164,1,1,0,0,12,11,0,9,9,0,0,0
2005,280164,2,1,30,0,0,5,0,0,19,0,0,0
2005,280165,1,1,0,0,0,0,0,0,0,0,0,0
2005,280165,2,1,0,0,0,0,0,0,0,0,0,0
2005,280166,1,1,0,8,19,9,0,24,17,0,22,17
2005,280167,1,1,13,13,13,13,13,13,13,13,13,13
2005,280168,1,1,6,6,6,6,6,6,6,6,6,6
2005,280169,1,1,21,21,21,21,21,21,21,21,21,21
2005,280170,1,1,0,0,0,0,0,0,0,0,0,0
2005,280170,2,1,0,10,0,12,0,0,16,0,0,0
2005,280171,1,1,0,0,0,0,0,0,0,0,0,0
2005,280172,1,1,0,0,0,0,0,0,0,0,0,0
2005,280173,1,1,0,0,0,0,0,0,0,0,8,0
2005,280174,0,1,10,25,0,53,0,26,26,0,21,0
2005,280174,1,1,0,0,0,0,0,0,0,0,10,0
2005,280175,1,1,18,18,18,18,18,18,18,18,18,18
2005,280176,1,1,27,0,0,0,20,0,0,0,0,0
2005,280177,1,1,0,0,0,0,0,0,0,0,0,0
2005,280177,2,1,0,0,0,0,0,0,0,0,0,0
2005,280178,1,1,9,9,9,9,9,9,9,9,9,9
2005,280179,1,1,0,0,0,0,0,0,0,0,0,0
2005,280179,2,1,0,0,0,0,0,0,0,22,0,0
2005,280180,1,1,0,0,0,0,0,0,0,0,0,0
2005,280180,2,1,0,0,0,0,0,0,0,2,0,0
2005,280181,1,1,0,0,0,27,0,0,0,23,11,0
2005,280182,1,1,0,0,30,0,14,0,0,0,8,0
2005,280183,1,1,0,0,0,0,0,0,0,0,0,0
2005,280183,2,1,0,0,9,0,0,0,0,0,0,0
2005,280184,1,1,0,0,0,0,0,0,0,0,0,0
2005,280184,2,1,0,0,0,0,0,0,0,0,0,0
2005,280185,1,1,0,0,0,0,0,0,0,0,0,0
2005,280186,1,1,0,13,0,0,0,0,0,0,0,0
2005,280187,1,1,0,0,0,0,0,0,0,0,0,0
2005,280188,1,1,0,18,0,14,12,0,12,27,15,12
2005,280189,0,1,45,0,21,1,27,0,0,22,25,25
2005,280189,1,1,0,0,0,0,0,0,0,0,18,0
2005,280190,1,1,0,0,21,0,0,0,0,4,17,0
2005,280191,1,1,21,21,21,21,21,21,21,21,21,21
2005,280192,1,1,0,0,21,0,0,0,0,0,0,13
2005,280193,0,1,0,0,7,0,0,10,25,24,29,8
2005,280193,1,1,0,21,11,24,13,18,0,0,19,0
2005,280194,1,1,9,7,17,10,24,43,20,14,0,19
2005,280195,1,1,27,27,27,27,27,27,27,27,27,27
2005,280196,1,1,14,14,14,14,14,14,14,14,14,14
2005,280197,1,1,6,6,6,6,6,6,6,6,6,6
2005,280198,1,1,15,0,13,0,18,0,10,13,11,35
2005,280199,1,1,0,0,0,0,0,0,19,15,0,12
2005,280199,2,1,0,0,0,26,0,0,26,0,0,14
2005,280200,1,1,0,13,0,0,13,0,0,8,15,21
2005,280200,2,1,7,21,0,0,0,0,0,15,0,0
2005,280201,1,1,23,15,0,4,25,22,0,7,0,0
2005,280202,1,1,0,0,0,0,0,0,0,0,0,0
2005,280202,2,1,0,0,0,0,0,0,0,0,0,0
2005,280203,1,1,0,0,0,0,0,0,0,0,0,0
2005,280203,2,1,0,0,0,0,0,0,0,0,0,0
2005,280204,1,1,0,0,0,0,0,0,0,0,23,0
2005,280205,1,1,15,15,15,15,15,15,15,15,15,15
2005,280206,1,1,0,0,0,0,0,0,0,0,0,0
2005,280207,1,1,8,8,8,8,8,8,8,8,8,8
2005,280208,0,1,0,0,0,0,0,0,0,0,0,0
2005,280208,1,1,0,0,0,0,0,0,0,0,0,0
2005,280209,1,1,0,0,0,0,0,0,0,0,0,0
2005,280209,2,1,4,4,4,4,4,4,4,4,4,4
2005,280210,1,1,0,4,0,0,21,0,0,0,21,29
2005,280210,2,1,0,17,0,27,35,0,16,14,30,15
2005,280211,1,1,18,18,18,18,18,18,18,18,18,18
2005,280212,1,1,18,18,18,18,18,18,18,18,18,18
2005,280213,1,1,18,18,18,18,18,18,18,18,18,18
2005,280214,1,1,16,0,20,21,0,19,0,14,30,13
2005,280215,0,1,0,0,0,0,0,0,0,0,0,0
2005,280215,1,1,0,0,0,0,0,0,0,0,0,0
2005,280216,1,1,0,13,8,0,0,0,0,0,0,0
2005,280216,2,1,0,0,0,0,0,0,0,0,0,0
2005,280217,1,1,9,38,20,8,0,10,0,13,0,5
2005,280218,1,1,0,0,0,0,0,0,0,0,0,0
2005,280218,2,1,0,0,0,0,0,0,0,0,0,0
2005,280218,3,1,0,0,0,0,0,0,0,0,0,0
2005,280219,1,1,21,21,21,21,21,21,21,21,21,21
2005,280220,1,1,0,0,0,12,0,0,0,0,0,0
2005,280221,1,1,0,0,0,0,0,13,0,9,0,0
2005,280222,1,1,0,0,0,0,0,0,0,0,0,0
2005,280222,2,1,11,0,0,2,15,0,0,8,0,0
2005,280223,1,1,12,12,12,12,12,12,12,12,12,12
2005,280224,1,1,0,0,0,0,13,0,21,0,0,0
2005,280224,2,1,2,0,0,0,9,0,0,0,0,0
2005,280225,1,1,22,22,22,22,22,22,22,22,22,22
2005,280226,1,1,16,16,16,16,16,16,16,16,16,16
2005,280227,1,1,0,0,0,0,0,0,0,0,0,0
2005,280227,2,1,0,0,0,0,0,0,0,0,0,0
2005,280228,1,1,0,0,0,0,0,0,0,0,0,0
2005,280228,2,1,0,0,0,0,0,0,0,0,0,0
2005,280229,1,1,0,0,0,0,0,0,0,0,0,0
2005,280230,1,1,6,0,8,29,21,0,0,0,5,0
2005,280230,2,1,18,18,18,18,18,18,18,18,18,18
2005,280231,1,1,7,0,0,0,0,0,0,0,7,0
2005,280231,2,1,0,0,0,0,0,0,0,14,6,0
2005,280232,1,1,0,0,0,0,0,0,0,0,0,0
2005,280232,2,1,0,0,0,0,0,0,0,0,0,0
2005,280233,1,1,0,0,0,0,0,0,0,10,0,0
2005,280234,0,1,0,0,0,0,0,0,0,0,0,0
2005,280234,1,1,0,17,0,0,0,0,0,0,23,6
2005,280235,0,1,0,0,0,54,0,0,10,23,0,0
2005,280235,1,1,9,9,9,9,9,9,9,9,9,9
2005,280236,1,1,0,0,9,11,0,0,0,5,0,0
2005,280237,1,1,19,19,19,19,19,19,19,19,19,19
2005,280238,1,1,9,9,9,9,9,9,9,9,9,9
2005,280239,1,1,0,0,0,0,0,0,21,0,0,0
2005,280240,1,1,11,11,11,11,11,11,11,11,11,11
2005,280241,1,1,6,16,10,14,0,0,0,14,0,0
2005,280242,0,1,0,0,0,0,0,0,0,0,0,0
2005,280242,1,1,0,0,0,0,0,0,0,0,0,0
2005,280243,1,1,0,0,0,0,0,12,0,0,0,22
2005,280244,1,1,0,0,0,0,0,0,0,0,0,0
2005,280245,1,1,0,0,0,0,0,0,0,0,0,0
2005,280245,2,1,0,0,0,0,0,0,0,0,0,0
2005,280245,3,1,0,0,0,0,0,0,0,0,0,0
2005,280246,1,1,25,25,25,25,25,25,25,25,25,25
2005,280247,1,1,16,16,16,16,16,16,16,16,16,16
2005,280247,2,1,0,0,0,0,0,0,0,0,0,0
2005,280248,1,1,11,11,11,11,11,11,11,11,11,11
2005,280249,1,1,0,43,14,21,0,0,23,19,13,33
2005,280250,1,1,0,0,0,24,0,0,0,0,0,0
2005,280250,2,1,0,0,0,5,10,16,19,20,0,0
2005,280251,1,1,0,0,0,0,0,14,0,0,0,0
2005,280252,0,1,13,13,13,13,13,13,13,13,13,13
2005,280252,1,1,23,24,19,0,20,0,10,16,0,14
2005,280253,1,1,0,0,0,0,0,0,0,0,0,0
2005,280254,1,1,0,0,0,0,0,15,0,13,10,0
2005,280255,1,1,0,0,0,0,0,0,0,0,0,0
2005,280255,2,1,2,0,28,0,0,0,0,0,0,0
2005,280256,1,1,20,20,20,20,20,20,20,20,20,20
2005,280257,1,1,24,37,0,0,19,24,0,16,23,0
2005,280258,1,1,10,0,0,0,0,0,10,0,17,0
2005,280259,1,1,14,18,20,15,24,0,14,14,10,18
2005,280260,1,1,16,16,16,16,16,16,16,16,16,16
2005,280261,1,1,0,0,0,0,0,0,0,0,0,0
2005,280261,2,1,0,0,0,0,0,0,0,0,0,0
2005,280262,1,1,0,0,0,0,0,0,0,0,0,0
2005,280262,2,1,0,0,0,0,0,0,0,0,0,0
2005,280263,1,1,17,17,17,17,17,17,17,17,17,17
2005,280264,1,1,22,22,22,22,22,22,22,22,22,22
2005,280265,1,1,0,11,0,0,0,4,0,0,0,0
2005,280266,1,1,0,0,0,0,0,0,0,0,0,0
2005,280267,1,1,0,0,0,0,0,0,0,0,0,0
2005,280267,2,1,21,21,21,21,21,21,21,21,21,21
2005,280268,1,1,0,0,0,0,0,0,0,0,0,0
2005,280269,1,1,11,0,18,14,0,16,11,30,11,18
2005,280270,1,1,0,0,0,0,0,0,10,0,0,0
2005,280270,2,1,14,19,18,16,0,0,20,0,0,23
2005,280271,1,1,20,20,20,20,20,20,20,20,20,20
2005,280272,1,1,0,0,0,0,5,0,11,0,0,0
2005,280272,2,1,0,0,0,0,0,0,0,0,0,0
2005,280273,1,1,0,0,0,0,0,0,0,0,0,0
2005,280273,2,1,0,0,0,0,0,0,0,0,0,0
2005,280274,1,1,0,0,21,0,0,0,0,0,0,0
2005,280274,2,1,0,0,0,0,0,0,0,0,0,0
2005,280275,1,1,0,24,26,0,9,0,0,31,0,0
2005,280276,1,1,0,0,0,0,8,0,0,0,11,0
2005,280277,1,1,0,0,0,0,0,0,0,0,0,0
2005,280277,2,1,0,17,0,0,19,0,0,7,0,0
2005,280278,1,1,0,0,0,0,0,0,0,0,0,0
2005,280279,1,1,0,0,0,0,12,0,0,0,0,0
2005,280280,1,1,0,0,0,6,0,0,11,0,0,0
2005,280281,1,1,0,0,0,0,0,0,0,0,0,0
2005,280282,1,1,11,11,11,11,11,11,11,11,11,11
2005,280283,1,1,11,11,11,11,11,11,11,11,11,11
2005,280283,2,1,0,0,0,0,0,0,0,0,0,0
2005,280284,1,1,0,0,0,0,0,0,0,0,0,0
2005,280284,2,1,0,0,0,0,0,0,0,0,0,0
2005,280285,1,1,3,0,0,0,0,0,0,0,0,0
2005,280286,1,1,0,0,0,0,0,0,0,0,0,5
2005,280287,1,1,0,0,20,8,0,0,9,5,0,0
2005,280287,2,1,0,0,0,0,0,0,0,0,0,0
2005,280288,1,1,0,0,0,0,0,0,0,0,0,0
2005,280288,2,1,0,0,0,0,12,0,0,0,0,0
2005,280289,1,1,0,0,0,0,0,0,0,0,0,0
2005,280289,2,1,0,0,0,0,0,0,0,0,0,0
2005,280290,1,1,0,10,0,7,0,0,0,0,13,0
2005,280291,1,1,0,0,30,0,0,0,0,0,0,0
2005,280292,1,1,25,25,25,25,25,25,25,25,25,25
2005,280293,1,1,0,0,13,0,0,16,28,0,0,0
2005,280294,1,1,0,0,0,0,0,0,0,0,0,0
2005,280294,2,1,4,0,0,0,0,19,0,0,8,0
2005,280295,1,1,0,0,0,10,0,4,12,0,0,0
2005,280296,1,1,10,6,0,18,13,13,0,14,17,0
2005,280297,1,1,0,0,0,0,0,0,0,0,0,0
2005,280298,0,1,9,9,9,9,9,9,9,9,9,9
2005,280298,1,1,0,0,10,0,22,0,0,0,0,0
2005,280299,1,1,0,0,0,17,0,0,0,1,2,0
2005,280299,2,1,0,0,0,0,0,0,0,0,0,0
2005,280299,3,1,0,0,10,0,0,0,0,0,0,7
2005,280299,4,1,0,0,0,0,0,0,0,0,0,0
2005,280300,1,1,18,18,18,18,18,18,18,18,18,18
2005,280301,1,1,0,33,34,20,9,13,0,0,25,24
2005,280302,1,1,11,20,0,17,17,0,25,17,14,0
2005,280303,1,1,0,0,0,0,0,0,0,0,0,0
2005,280304,1,1,0,0,0,0,0,0,0,0,0,0
2005,280305,1,1,2,2,2,2,2,2,2,2,2,2
2005,280306,1,1,0,0,0,0,17,12,0,0,0,0
2005,280306,2,1,0,14,34,0,0,0,0,0,4,0
2005,280307,1,1,0,0,0,0,0,0,0,0,0,0
2005,280307,2,1,0,0,0,0,0,0,0,0,0,0
2005,280308,1,1,0,0,0,0,0,0,0,0,0,0
2005,280309,1,1,0,0,0,0,0,0,0,0,0,0
2005,280310,0,1,21,0,31,34,23,0,0,10,20,19
2005,280310,1,1,17,17,17,17,17,17,17,17,17,17
2005,280311,1,1,0,13,0,12,0,0,0,0,0,0
2005,280312,1,1,20,20,20,20,20,20,20,20,20,20
2005,280313,1,1,3,3,3,3,3,3,3,3,3,3
2005,280314,1,1,13,0,4,0,0,0,11,6,0,0
2005,280315,1,1,15,19,0,30,22,13,0,0,0,0
2005,280316,1,1,0,0,0,0,0,12,0,0,18,7
2005,280317,1,1,0,0,0,0,18,0,0,0,0,0
2005,280318,1,1,0,0,0,0,0,0,0,0,7,0
2005,280319,1,1,0,0,0,19,0,0,13,0,9,0
2005,280319,2,1,12,15,0,15,21,0,0,17,11,13
2005,280320,1,1,31,31,31,31,31,31,31,31,31,31
2005,280320,2,1,15,15,15,15,15,15,15,15,15,15
2005,280321,1,1,0,0,0,0,0,0,14,0,0,0
2005,280321,2,1,0,0,0,0,0,0,0,0,0,0
2005,280322,1,1,11,0,0,0,0,0,18,17,0,0
2005,280322,2,1,0,19,0,0,0,0,0,0,0,0
2005,280323,1,1,0,0,0,0,0,0,0,0,0,0
2005,280323,2,1,17,17,17,17,17,17,17,17,17,17
2005,280324,1,1,0,17,0,0,0,20,0,0,0,0
2005,280325,1,1,0,0,0,0,0,0,0,0,0,0
2005,280326,1,1,0,0,0,0,0,0,0,0,0,0
2005,280326,2,1,0,0,0,0,0,0,0,0,0,0
2005,280327,1,1,0,0,0,0,0,0,0,0,0,0
2005,280328,1,1,0,0,0,0,8,0,0,0,0,0
2005,280329,0,1,0,0,0,0,0,0,0,0,0,0
2005,280329,1,1,0,18,0,0,0,0,0,18,0,0
2005,280330,1,1,0,0,0,0,0,0,0,0,0,0
2005,280331,1,1,0,0,0,0,7,0,0,0,0,0
2005,280331,2,1,0,0,0,0,0,0,0,0,0,0
2005,280332,1,1,0,0,0,0,0,0,0,0,0,0
2005,280333,1,1,0,0,0,0,0,0,0,0,0,0
2005,280334,1,1,0,0,0,0,0,0,0,0,0,0
2005,280334,2,1,0,0,0,0,0,0,0,0,0,0
2005,280335,1,1,0,0,22,0,20,0,0,0,0,11
2005,280336,1,1,0,15,22,12,20,0,0,12,19,15
2005,280336,2,1,0,0,0,0,0,0,0,0,0,8
2005,280336,3,1,0,0,0,0,0,0,0,0,0,45
2005,280336,4,1,0,0,0,0,0,0,0,0,0,0
2005,280337,1,1,0,20,0,0,0,25,0,0,0,16
2005,280337,2,1,0,0,0,0,0,0,0,0,0,0
2005,280338,1,1,0,0,0,0,0,0,0,0,0,0
2005,280339,1,1,0,0,0,0,0,0,9,0,0,0
2005,280340,1,1,11,11,11,11,11,11,11,11,11,11
2005,280341,1,1,21,21,21,21,21,21,21,21,21,21
2005,280342,1,1,18,0,0,11,0,11,0,0,0,0
2005,280342,2,1,12,0,0,14,9,0,0,0,15,0
2005,280343,1,1,0,0,0,0,0,0,0,0,0,0
2005,280344,0,1,15,0,0,0,0,24,0,17,12,0
2005,280344,1,1,0,16,0,7,14,0,0,0,0,0
2005,280345,1,1,22,0,16,0,15,0,0,29,0,5
2005,280346,1,1,18,18,18,18,18,18,18,18,18,18
2005,280346,2,1,9,12,27,0,0,15,0,0,32,0
2005,280347,1,1,7,7,7,7,7,7,7,7,7,7
2005,280348,1,1,0,0,0,0,0,0,0,0,0,0
2005,280348,2,1,0,0,0,0,0,0,0,0,0,0
2005,280349,1,1,0,0,0,0,0,0,0,0,0,0
2005,280350,1,1,36,36,36,36,36,36,36,36,36,36
2005,280351,1,1,0,0,0,0,0,21,0,0,0,42
2005,280352,0,1,0,17,18,0,28,0,21,15,0,13
2005,280352,1,1,13,19,7,0,8,0,0,0,0,0
2005,280353,1,1,0,0,6,0,0,0,0,12,15,0
2005,280353,2,1,6,6,6,6,6,6,6,6,6,6
2005,280354,1,1,0,0,0,16,13,0,0,8,0,0
2005,280354,2,1,29,14,10,18,17,20,11,14,20,11
2005,280355,1,1,0,0,0,11,0,24,20,0,0,20
2005,280355,2,1,30,30,30,30,30,30,30,30,30,30
2005,280356,1,1,0,0,0,0,10,17,19,0,0,17
2005,280357,1,1,0,0,0,0,0,0,0,0,0,0
2005,280357,2,1,0,10,0,0,0,0,0,15,0,13
2005,280358,1,1,0,0,0,0,0,0,0,0,0,0
2005,280359,1,1,0,0,0,0,0,0,0,0,0,0
2005,280359,2,1,26,0,8,9,0,0,0,17,0,0
2005,280360,1,1,0,0,19,0,0,0,0,19,0,0
2005,280361,1,1,22,22,22,22,22,22,22,22,22,22
2005,280362,1,1,16,0,24,20,0,0,0,0,14,19
2005,280363,1,1,0,0,0,0,0,0,0,0,0,0
2005,280363,2,1,0,0,0,0,0,0,0,0,0,0
2005,280364,1,1,0,0,0,0,0,0,0,0,0,0
2005,280364,2,1,0,0,0,0,0,0,0,0,0,0
2005,280365,1,1,0,0,0,0,0,0,0,0,0,0
2005,280365,2,1,18,18,18,18,18,18,18,18,18,18
2005,280366,1,1,0,0,0,0,0,0,0,0,0,0
2005,280366,2,1,0,0,0,0,0,0,0,0,0,0
2005,280367,1,1,16,16,16,16,16,16,16,16,16,16