YEAR,ST_CASE,veh_no,per_no,P1,P2,P3,P4,P5,P6,P7,P8,P9,P10
2005,280684,1,1,0,0,0,0,0,0,0,0,0,0
2005,280684,2,1,0,0,0,0,0,0,8,0,0,0
2005,280685,1,1,0,0,0,17,0,0,0,0,0,0
2005,280685,2,1,0,0,0,0,0,0,0,0,0,0
2005,280686,1,1,0,0,0,0,0,0,0,0,0,0
2005,280686,2,1,0,20,0,0,0,0,0,0,0,0
2005,280687,1,1,0,0,0,0,0,0,0,0,0,0
2005,280687,2,1,0,0,0,0,0,0,0,0,0,0
2005,280688,1,1,0,0,0,0,0,0,0,0,0,0
2005,280688,2,1,0,0,0,0,0,0,0,0,0,0
2005,280689,0,1,0,0,20,0,0,32,0,21,23,0
2005,280689,1,1,0,0,0,16,0,0,0,17,11,0
2005,280690,1,1,16,16,16,16,16,16,16,16,16,16
2005,280691,1,1,0,0,0,0,0,22,0,0,22,18
2005,280692,1,1,0,0,0,0,0,0,0,0,0,0
2005,280692,2,1,0,0,0,4,0,0,0,0,0,0
2005,280693,1,1,3,13,14,33,14,0,12,0,23,18
2005,280694,1,1,0,0,0,0,0,0,0,0,0,0
2005,280695,1,1,0,0,0,0,0,0,0,0,0,0
2005,280696,1,1,16,16,16,16,16,16,16,16,16,16
2005,280697,0,1,35,0,17,17,22,5,27,26,19,0
2005,280697,1,1,0,0,0,17,13,0,0,0,0,0
2005,280698,1,1,0,0,0,12,0,0,0,0,0,0
2005,280698,2,1,0,12,0,0,19,0,0,0,0,0
2005,280699,1,1,23,0,0,0,0,0,0,8,0,0
2005,280699,2,1,22,19,18,20,31,27,12,18,17,0
2005,280700,1,1,17,27,29,0,9,14,0,20,18,25
2005,280701,1,1,0,0,0,0,0,0,0,0,0,0
2005,280702,1,1,16,16,16,16,16,16,16,16,16,16
2005,280702,2,1,0,0,0,0,0,0,0,0,0,0
2005,280703,1,1,0,0,0,12,0,0,0,0,0,0
2005,280704,1,1,25,8,0,8,29,16,0,0,5,9
2005,280705,1,1,0,5,0,0,0,0,9,0,25,0
2005,280706,1,1,0,0,7,20,0,0,0,18,6,6
2005,280706,2,1,0,0,0,0,10,0,0,0,16,0
2005,280707,1,1,18,18,18,18,18,18,18,18,18,18
2005,280708,1,1,0,0,0,0,0,0,0,0,0,0
2005,280709,1,1,6,0,13,0,35,30,20,24,7,12
2005,280710,0,1,0,0,0,0,0,22,0,0,0,0
2005,280710,1,1,0,0,0,0,0,0,0,0,0,0
2005,280711,1,1,11,11,11,11,11,11,11,11,11,11
2005,280711,2,1,0,0,15,0,21,0,0,0,0,0
2005,280712,1,1,15,19,30,26,35,18,19,12,16,0
2005,280713,1,1,0,0,0,0,0,0,0,0,0,0
2005,280714,1,1,28,0,0,0,21,0,10,0,0,0
2005,280714,2,1,0,0,0,13,0,0,0,0,0,0
2005,280715,1,1,0,0,0,0,0,15,0,0,0,0
2005,280716,0,1,30,43,24,0,13,19,16,30,15,0
2005,280716,1,1,16,16,16,16,16,16,16,16,16,16
2005,280717,1,1,0,0,0,0,0,0,0,0,0,0
2005,280717,2,1,7,7,7,7,7,7,7,7,7,7
2005,280718,1,1,12,0,0,0,0,0,14,0,19,0
2005,280718,2,1,0,0,0,0,0,22,0,0,0,0
2005,280719,1,1,0,0,0,0,0,0,0,17,0,0
2005,280719,2,1,0,0,0,0,0,0,0,0,17,0
2005,280720,1,1,0,0,0,0,0,0,0,0,4,0
2005,280720,2,1,0,0,0,0,0,0,0,0,0,0
2005,280720,3,1,0,13,0,0,0,0,0,0,0,0
2005,280721,1,1,0,0,0,12,0,0,0,0,0,0
2005,280721,2,1,0,0,0,0,0,0,0,0,0,0
2005,280722,0,1,9,35,13,0,0,12,0,0,45,0
2005,280722,1,1,0,8,0,0,0,0,0,12,0,0
2005,280723,0,1,0,27,0,23,0,26,0,0,13,0
2005,280723,1,1,0,0,0,0,0,0,0,0,0,0
2005,280724,0,1,22,22,22,22,22,22,22,22,22,22
2005,280724,1,1,0,37,0,0,0,0,0,0,35,0
2005,280725,0,1,0,0,0,0,0,0,0,0,0,0
2005,280725,1,1,0,0,0,0,0,0,0,0,0,0
2005,280726,1,1,0,8,16,31,20,0,0,0,0,0
2005,280726,2,1,15,0,24,0,0,0,0,0,0,0
2005,280727,1,1,17,0,18,19,0,0,10,0,0,0
2005,280728,1,1,18,18,18,18,18,18,18,18,18,18
2005,280728,2,1,0,0,0,0,0,0,0,0,0,0
2005,280728,3,1,0,0,0,0,0,0,0,0,0,0
2005,280729,1,1,20,19,8,16,0,6,12,19,0,0
2005,280729,2,1,0,0,0,0,13,0,0,4,0,0
2005,280730,1,1,0,0,0,0,0,0,0,0,0,0
2005,280731,1,1,0,0,0,0,0,0,0,0,0,0
2005,280731,2,1,0,0,0,0,0,0,0,0,0,0
2005,280732,1,1,0,0,0,0,0,0,0,0,0,0
2005,280733,1,1,0,0,0,0,0,0,0,0,0,0
2005,280734,0,1,30,35,20,19,12,10,0,13,14,20
2005,280734,1,1,6,0,23,10,46,16,7,20,13,0
2005,280735,1,1,2,2,2,2,2,2,2,2,2,2
2005,280736,1,1,0,8,0,0,0,0,0,0,0,0
2005,280736,2,1,0,0,0,0,17,0,0,0,0,0
2005,280737,1,1,16,16,16,16,16,16,16,16,16,16
2005,280738,1,1,0,0,0,0,0,0,0,0,0,0
2005,280739,1,1,0,0,0,0,0,0,0,0,0,0
2005,280739,2,1,0,25,0,0,16,0,15,0,0,0
2005,280740,1,1,0,0,0,0,0,0,0,0,0,0
2005,280740,2,1,0,0,0,9,0,14,0,5,0,14
2005,280741,1,1,36,0,0,0,31,25,0,9,0,25
2005,280742,1,1,0,0,5,0,0,0,0,0,0,0
2005,280743,1,1,18,18,18,18,18,18,18,18,18,18
2005,280743,2,1,0,0,0,0,0,0,0,0,0,0
2005,280744,1,1,16,16,16,16,16,16,16,16,16,16
2005,280745,1,1,36,0,0,0,0,0,0,0,6,0
2005,280746,1,1,0,0,0,0,0,12,0,0,0,0
2005,280746,2,1,0,0,0,0,0,0,0,0,0,0
2005,280747,1,1,0,0,0,0,0,0,0,0,0,0
2005,280748,1,1,0,0,0,0,0,0,0,0,0,0
2005,280748,2,1,0,0,0,0,0,0,0,0,0,0
2005,280749,1,1,11,11,11,11,11,11,11,11,11,11
2005,280750,1,1,11,11,11,11,11,11,11,11,11,11
2005,280751,1,1,17,0,19,20,0,18,0,0,0,13
2005,280752,0,1,0,0,24,11,0,30,0,0,21,0
2005,280752,1,1,14,0,6,0,0,0,0,0,0,0
2005,280753,1,1,0,0,0,0,0,0,0,0,0,0
2005,280754,1,1,0,0,0,10,0,0,0,4,11,10
2005,280755,1,1,24,27,14,0,0,0,0,0,30,17
2005,280756,1,1,15,15,15,15,15,15,15,15,15,15
2005,280757,1,1,15,15,15,15,15,15,15,15,15,15
2005,280757,2,1,4,4,4,4,4,4,4,4,4,4
2005,280758,0,1,0,0,0,0,0,0,0,0,0,0
2005,280758,1,1,0,0,0,0,0,0,0,0,0,0
2005,280759,1,1,0,0,0,0,0,0,0,0,15,0
2005,280759,2,1,0,0,0,4,0,0,0,0,0,0
2005,280760,1,1,0,0,0,0,12,0,0,0,0,0
2005,280761,1,1,0,0,0,0,0,0,0,0,0,0
2005,280761,2,1,0,0,0,0,0,0,0,0,0,0
2005,280762,1,1,0,0,0,0,0,0,0,0,0,0
2005,280762,2,1,0,0,0,0,0,0,0,0,0,0
2005,280763,1,1,0,0,0,0,0,0,0,0,0,0
2005,280763,2,1,0,0,0,0,0,0,0,0,0,0
2005,280764,1,1,8,8,8,8,8,8,8,8,8,8
2005,280764,2,1,0,0,5,14,0,0,0,0,20,14
2005,280765,1,1,0,0,0,0,0,0,0,0,0,0
2005,280765,2,1,0,26,0,0,0,0,0,0,0,0
2005,280766,1,1,18,18,18,18,18,18,18,18,18,18
2005,280767,1,1,0,0,0,0,0,0,0,0,0,0
2005,280767,2,1,0,0,0,0,0,0,0,0,0,0
2005,280768,1,1,0,0,6,20,0,0,25,0,29,9
2005,280769,1,1,0,0,16,0,18,0,0,0,0,0
2005,280770,0,1,0,7,0,11,0,0,10,34,16,25
2005,280770,1,1,0,0,0,0,0,0,0,0,0,0
2005,280771,1,1,0,0,0,0,0,8,9,0,5,4
2005,280772,1,1,0,14,15,0,22,13,0,0,43,21
2005,280772,2,1,0,27,18,12,25,27,16,0,0,0
2005,280773,1,1,0,4,0,0,0,0,2,19,29,0
2005,280774,0,1,18,18,18,18,18,18,18,18,18,18
2005,280774,1,1,8,8,8,8,8,8,8,8,8,8
2005,280775,1,1,0,0,0,0,0,0,0,0,0,0
2005,280775,2,1,0,0,0,0,0,0,0,0,0,22
2005,280776,1,1,0,0,0,0,0,0,0,0,0,0
2005,280777,1,1,0,0,0,0,0,0,0,0,0,0
2005,280777,2,1,0,0,0,0,0,0,0,0,0,0
2005,280778,1,1,23,0,17,11,22,0,0,0,29,30
2005,280779,1,1,0,13,0,10,0,0,0,18,0,16
2005,280780,1,1,16,16,16,16,16,16,16,16,16,16
2005,280781,1,1,20,0,18,0,0,0,8,0,0,0
2005,280781,2,1,0,0,0,0,0,0,0,0,0,14
2005,280782,1,1,0,0,0,0,0,0,0,0,0,0
2005,280783,1,1,0,0,0,0,0,0,0,0,0,0
2005,280783,2,1,0,0,0,0,0,0,0,0,0,0
2005,280784,1,1,0,0,0,0,0,0,0,0,0,0
2005,280785,1,1,0,0,19,0,0,0,0,0,14,0
2005,280785,2,1,0,0,0,0,0,0,14,0,0,0
2005,280786,1,1,0,0,0,0,0,0,0,0,0,0
2005,280787,1,1,0,0,0,0,0,0,0,0,0,0
2005,280787,2,1,0,0,0,0,0,0,19,0,18,0
2005,280788,0,1,0,0,0,0,0,0,0,0,0,0
2005,280788,1,1,0,0,12,0,11,0,0,0,0,0
2005,280789,1,1,0,0,0,0,0,0,0,0,0,0
2005,280790,1,1,0,0,0,0,0,0,0,0,0,0
2005,280790,2,1,0,0,0,0,0,0,0,0,0,0
2005,280791,1,1,0,5,26,11,0,0,24,0,0,0
2005,280792,1,1,0,0,0,0,0,20,29,0,25,0
2005,280792,2,1,0,0,0,0,0,0,0,0,0,0
2005,280793,1,1,0,0,0,0,0,0,0,0,0,0
2005,280793,2,1,0,0,0,0,0,0,0,0,0,10
2005,280793,3,1,0,0,0,0,0,0,0,0,0,0
2005,280793,4,1,0,0,0,0,0,0,0,0,0,0
2005,280794,1,1,0,0,0,0,0,0,0,7,0,0
2005,280794,2,1,0,0,0,0,0,0,0,0,11,0
2005,280796,0,1,0,0,0,0,0,0,0,0,10,0
2005,280796,1,1,0,0,0,0,0,0,0,0,0,0
2005,280797,1,1,0,0,0,0,0,0,0,0,0,0
2005,280797,2,1,0,0,0,10,0,0,0,13,0,20
2005,280797,3,1,0,0,27,0,0,0,0,0,10,0
2005,280798,1,1,0,0,33,0,0,0,0,0,0,0
2005,280799,1,1,0,0,0,0,0,0,0,0,0,0
2005,280800,1,1,0,0,0,0,0,0,0,0,4,0
2005,280800,2,1,0,0,0,0,0,0,0,0,0,0
2005,280801,1,1,0,0,0,0,0,0,0,0,0,0
2005,280801,2,1,0,0,0,0,0,0,0,0,0,0
2005,280802,1,1,0,0,0,0,0,0,0,0,0,0
2005,280802,2,1,0,0,19,0,0,0,0,10,14,0
2005,280802,3,1,0,0,0,19,0,0,0,0,19,0
2005,280803,1,1,32,8,17,0,22,0,0,21,0,24
2005,280803,2,1,0,0,0,0,0,0,0,0,0,0
2005,280804,1,1,15,15,15,15,15,15,15,15,15,15
2005,280805,1,1,11,11,11,11,11,11,11,11,11,11
2005,280806,1,1,11,11,11,11,11,11,11,11,11,11
2005,280806,2,1,0,0,0,0,0,0,0,0,0,0
2005,280807,1,1,0,0,0,0,0,0,0,0,0,0
2005,280807,2,1,0,0,0,0,0,0,0,0,0,0
2005,280808,1,1,11,11,11,11,11,11,11,11,11,11
2005,280808,2,1,0,0,0,9,0,0,17,6,0,0
2005,280809,1,1,0,0,0,0,0,0,0,0,0,0
2005,280810,1,1,0,0,0,0,0,0,0,0,0,0
2005,280810,2,1,0,0,0,0,0,25,0,22,0,0
2005,280811,1,1,18,18,18,18,18,18,18,18,18,18
2005,280812,0,1,20,0,0,0,0,0,12,30,0,0
2005,280812,1,1,0,0,0,0,0,0,0,0,0,0
2005,280813,1,1,6,0,15,15,24,19,0,15,0,14
2005,280814,1,1,32,32,32,32,32,32,32,32,32,32
2005,280815,1,1,0,0,0,0,0,0,0,0,0,0
2005,280815,2,1,0,0,0,0,0,0,0,0,0,0
2005,280815,3,1,0,0,0,0,0,0,0,0,0,0
2005,280816,1,1,0,38,0,0,0,0,0,0,0,0
2005,280816,2,1,0,0,0,0,0,0,0,0,0,0
2005,280817,1,1,0,0,0,0,0,0,0,0,0,0
2005,280818,1,1,19,0,0,21,11,0,19,11,0,0
2005,280819,1,1,11,11,11,11,11,11,11,11,11,11
2005,280819,2,1,0,0,0,0,0,33,0,5,13,0
2005,280820,1,1,22,22,22,22,22,22,22,22,22,22
2005,280821,0,1,23,0,24,0,0,0,0,13,0,0
2005,280821,1,1,3,3,3,3,3,3,3,3,3,3
2005,280822,1,1,0,0,0,0,0,0,0,0,0,0
2005,280823,0,1,0,0,0,0,28,0,0,0,0,28
2005,280823,1,1,0,0,0,0,0,0,0,0,0,0
2005,280824,1,1,0,0,0,0,0,0,0,0,0,0
2005,280824,2,1,16,16,16,16,16,16,16,16,16,16
2005,280825,1,1,16,16,16,16,16,16,16,16,16,16
2005,280826,1,1,11,11,11,11,11,11,11,11,11,11
2005,280827,1,1,19,0,0,17,0,0,0,0,0,0
2005,280828,1,1,0,0,0,0,0,0,0,0,0,0
2005,280829,1,1,0,31,28,24,32,18,21,0,11,9
2005,280830,1,1,0,0,0,0,0,0,0,0,0,0
2005,280831,1,1,0,0,0,0,0,0,0,0,0,0
2005,280831,2,1,9,0,0,0,0,0,0,0,0,0
2005,280832,0,1,21,0,34,12,0,18,0,0,0,10
2005,280832,1,1,15,0,13,6,18,19,9,14,21,28
2005,280833,1,1,0,0,8,0,0,0,0,0,0,0
2005,280833,2,1,0,0,0,0,0,0,0,0,0,17
2005,280834,1,1,23,13,0,10,12,21,6,10,12,18
2005,280835,1,1,0,0,0,0,0,0,0,0,0,0
2005,280836,1,1,0,0,0,0,0,0,0,0,0,0
2005,280837,1,1,0,0,0,0,0,0,0,16,22,0
2005,280838,1,1,10,0,3,0,8,0,0,0,0,0
2005,280838,2,1,16,16,16,16,16,16,16,16,16,16
2005,280839,1,1,0,9,8,0,0,0,0,0,0,16
2005,280839,2,1,10,0,10,12,0,0,0,0,0,0
2005,280840,1,1,9,24,36,10,19,0,17,8,0,20
2005,280841,1,1,0,0,0,0,0,0,0,0,0,0
2005,290001,1,1,10,19,15,25,13,30,26,28,22,7
2005,290002,0,1,4,4,4,4,4,4,4,4,4,4
2005,290002,1,1,0,0,0,0,0,0,0,0,0,0
2005,290003,1,1,0,0,0,0,0,0,0,0,0,0
2005,290004,1,1,2,2,2,2,2,2,2,2,2,2
2005,290005,1,1,31,31,31,31,31,31,31,31,31,31
2005,290006,1,1,0,0,25,0,12,42,0,3,0,0
2005,290007,1,1,4,4,4,4,4,4,4,4,4,4
2005,290007,2,1,0,0,0,0,0,0,0,0,0,0
2005,290008,1,1,0,0,0,0,0,0,0,0,0,0
2005,290009,0,1,0,0,0,0,0,0,0,0,0,0
2005,290009,1,1,0,0,0,23,0,0,0,0,0,0
2005,290010,1,1,0,0,0,0,15,0,0,0,26,12
2005,290010,2,1,0,0,0,21,0,0,0,0,12,22
2005,290011,1,1,0,0,0,0,0,0,0,0,0,0
2005,290011,2,1,0,0,0,0,0,0,0,0,0,0
2005,290013,1,1,8,0,21,0,0,17,0,0,0,20
2005,290014,1,1,11,11,11,11,11,11,11,11,11,11
2005,290014,2,1,0,0,0,0,0,0,0,0,0,0
2005,290015,1,1,0,0,0,0,0,0,0,0,0,0
2005,290016,1,1,0,0,0,0,0,0,0,0,0,0
2005,290017,1,1,0,0,0,0,0,0,0,0,0,0
2005,290018,1,1,0,0,0,37,18,0,22,0,0,0
2005,290018,2,1,0,0,0,0,0,0,0,0,0,0
2005,290019,1,1,0,0,0,0,0,0,0,0,0,0
2005,290020,1,1,0,0,0,10,0,0,0,0,0,21
2005,290021,1,1,0,0,0,0,0,0,0,0,0,0
2005,290022,1,1,0,0,0,0,0,0,0,0,0,0
2005,290023,1,1,18,18,18,18,18,18,18,18,18,18
2005,290024,1,1,8,8,8,8,8,8,8,8,8,8
2005,290025,1,1,19,19,19,19,19,19,19,19,19,19
2005,290026,1,1,15,15,15,15,15,15,15,15,15,15
2005,290026,2,1,0,0,0,0,0,0,0,0,0,0
2005,290027,1,1,0,19,13,15,10,11,18,17,11,2
2005,290028,1,1,0,0,0,0,0,0,0,0,0,0
2005,290028,2,1,0,12,0,0,0,0,0,0,0,0
2005,290029,1,1,0,0,0,0,0,0,0,0,0,0
2005,290029,2,1,0,0,0,0,0,0,0,0,0,0
2005,290030,1,1,0,0,10,6,0,0,9,0,0,25
2005,290031,0,1,38,38,38,38,38,38,38,38,38,38
2005,290031,1,1,0,0,0,0,0,0,0,0,0,0
2005,290032,1,1,13,13,13,13,13,13,13,13,13,13
2005,290033,1,1,21,18,8,7,10,21,21,8,20,5
2005,290033,2,1,6,6,6,6,6,6,6,6,6,6
2005,290034,1,1,10,10,10,10,10,10,10,10,10,10
2005,290035,1,1,0,0,0,0,0,0,0,0,0,0
2005,290036,1,1,0,0,0,0,0,0,0,0,0,0
2005,290036,2,1,0,0,0,0,0,0,0,0,0,0
2005,290037,1,1,22,22,22,22,22,22,22,22,22,22
2005,290038,1,1,14,37,24,8,28,18,18,30,14,23
2005,290039,1,1,0,0,0,11,0,0,9,0,0,0
2005,290039,2,1,0,0,0,0,0,0,0,0,0,0
2005,290040,1,1,0,0,0,0,0,0,0,0,0,0
2005,290041,1,1,0,0,0,0,0,0,0,0,0,0
2005,290042,0,1,0,0,0,0,17,0,0,0,0,0
2005,290042,1,1,0,0,0,0,0,0,0,0,0,0
2005,290042,2,1,0,0,0,0,0,0,0,0,0,0
2005,290043,1,1,29,29,29,29,29,29,29,29,29,29
2005,290044,1,1,0,15,0,0,18,0,0,0,0,0
2005,290044,2,1,0,0,0,0,0,0,0,0,0,0
2005,290044,3,1,0,0,0,0,0,0,0,0,0,0
2005,290045,1,1,20,20,20,20,20,20,20,20,20,20
2005,290046,1,1,0,0,0,0,0,0,0,0,0,0
2005,290046,2,1,0,0,0,0,0,0,0,0,0,0
2005,290047,1,1,5,0,0,0,0,0,0,0,0,0
2005,290047,2,1,0,0,0,0,0,0,0,0,0,0
2005,290048,1,1,36,15,24,8,16,16,18,24,15,0
2005,290049,1,1,23,0,0,0,0,0,20,2,16,15
2005,290050,1,1,15,15,15,15,15,15,15,15,15,15
2005,290051,1,1,14,14,14,14,14,14,14,14,14,14
2005,290051,2,1,18,7,25,0,0,0,0,0,0,0
2005,290053,1,1,25,25,25,25,25,25,25,25,25,25
2005,290054,1,1,13,13,13,13,13,13,13,13,13,13
2005,290055,0,1,0,15,0,18,0,16,33,0,0,0
2005,290055,1,1,0,0,18,0,0,0,0,0,0,0
2005,290056,1,1,13,18,45,44,20,16,16,8,31,23
2005,290057,1,1,0,0,0,0,0,0,0,0,0,0
2005,290057,2,1,0,0,0,0,0,0,0,0,0,0
2005,290058,1,1,0,0,0,0,0,0,0,0,0,0
2005,290058,2,1,0,0,0,0,0,0,0,7,0,0
2005,290059,1,1,19,19,19,19,19,19,19,19,19,19
2005,290060,1,1,0,0,0,0,0,0,0,0,0,0
2005,290061,0,1,0,0,0,0,17,0,0,0,0,0
2005,290061,1,1,0,0,0,0,0,0,0,0,0,0
2005,290062,1,1,0,0,0,0,0,0,0,0,0,0
2005,290062,2,1,1,1,1,1,1,1,1,1,1,1
2005,290063,1,1,0,0,0,0,0,0,0,0,0,0
2005,290064,1,1,30,30,30,30,30,30,30,30,30,30
2005,290066,1,1,10,10,10,10,10,10,10,10,10,10
2005,290067,1,1,0,0,0,18,0,14,8,0,18,31
2005,290068,1,1,24,24,24,24,24,24,24,24,24,24
2005,290069,1,1,19,19,19,19,19,19,19,19,19,19
2005,290069,2,1,0,12,0,14,0,0,0,0,0,0
2005,290069,3,1,22,10,20,22,32,11,13,6,26,18
2005,290070,1,1,23,23,23,23,23,23,23,23,23,23
2005,290070,2,1,0,0,0,0,0,0,0,0,0,0
2005,290071,1,1,21,21,21,21,21,21,21,21,21,21
2005,290071,2,1,0,0,0,0,0,0,0,0,0,0
2005,290072,0,1,0,0,0,0,0,0,0,0,0,0
2005,290072,0,2,0,0,0,0,0,0,0,0,0,0
2005,290072,0,3,0,0,17,0,0,0,0,0,17,0
2005,290072,1,1,0,0,0,0,0,0,0,0,0,0
2005,290073,0,1,35,35,35,35,35,35,35,35,35,35
2005,290073,1,1,0,0,0,0,0,0,0,0,0,0
2005,290074,1,1,0,0,0,0,0,0,0,0,0,0
2005,290074,2,1,0,0,31,0,0,0,0,0,0,0
2005,290075,1,1,0,0,0,0,0,0,0,0,0,0
2005,290075,2,1,0,0,0,0,0,0,0,0,0,0
2005,290076,0,1,23,23,23,23,23,23,23,23,23,23
2005,290076,1,1,0,0,0,0,0,0,0,0,0,0
2005,290077,1,1,0,0,0,0,0,0,0,0,0,0
2005,290077,2,1,0,0,0,8,0,0,0,0,0,0
2005,290077,3,1,0,0,0,0,0,0,0,13,0,0
2005,290078,1,1,0,0,0,0,0,0,0,0,0,0
2005,290079,1,1,0,0,0,0,0,0,0,0,0,0
2005,290079,2,1,0,0,0,0,0,0,0,0,0,0
2005,290080,1,1,0,0,0,0,0,0,0,0,0,0
2005,290080,2,1,0,0,0,0,0,0,0,0,0,0
2005,290081,1,1,0,0,0,0,0,0,0,0,0,0
2005,290081,2,1,0,0,0,0,0,0,0,0,0,0
2005,290082,1,1,8,8,8,8,8,8,8,8,8,8
2005,290083,1,1,0,0,0,0,0,0,0,0,0,0
2005,290084,1,1,8,25,24,0,6,9,0,0,6,12
2005,290085,1,1,0,0,0,0,0,0,0,0,0,0
2005,290086,1,1,0,0,0,0,0,0,0,0,0,0
2005,290086,2,1,0,0,0,0,0,0,0,0,0,0
2005,290086,3,1,0,0,0,0,0,0,0,0,0,0
2005,290086,4,1,0,0,0,0,0,0,0,0,0,0
2005,290087,1,1,17,17,17,17,17,17,17,17,17,17
2005,290088,0,1,0,0,0,0,0,0,0,0,0,0
2005,290088,1,1,0,0,0,0,0,0,0,0,0,0
2005,290089,1,1,0,0,0,0,0,0,0,0,0,0
2005,290089,2,1,0,0,0,0,20,0,0,0,0,0
2005,290090,1,1,0,0,0,0,0,0,0,0,0,0
2005,290090,2,1,0,0,0,0,0,0,0,0,0,0
2005,290091,1,1,3,3,3,3,3,3,3,3,3,3
2005,290091,2,1,0,20,0,0,0,0,26,5,0,0
2005,290092,1,1,20,20,20,20,20,20,20,20,20,20
2005,290093,1,1,12,12,12,12,12,12,12,12,12,12
2005,290094,1,1,22,22,22,22,22,22,22,22,22,22
2005,290095,1,1,0,0,0,0,0,0,0,0,0,0
2005,290095,2,1,0,0,0,0,0,0,0,0,0,0
2005,290096,1,1,0,0,0,0,0,0,0,0,0,0
2005,290097,1,1,18,0,29,23,18,37,16,40,0,21
2005,290098,1,1,0,0,0,0,0,0,0,0,0,0
2005,290098,2,1,0,0,0,0,0,0,0,0,0,0
2005,290098,3,1,0,0,0,0,0,0,0,0,0,0
2005,290099,1,1,22,22,22,22,22,22,22,22,22,22
2005,290100,1,1,31,31,31,31,31,31,31,31,31,31
2005,290100,2,1,0,0,0,0,0,0,0,0,0,0
2005,290101,1,1,18,17,11,13,13,41,21,16,16,30
2005,290102,1,1,0,0,0,0,0,0,0,0,0,0
2005,290102,2,1,0,0,0,0,0,0,6,0,0,16
2005,290103,1,1,8,18,0,0,0,19,9,0,0,0
2005,290104,1,1,24,24,24,24,24,24,24,24,24,24
2005,290105,1,1,0,0,0,0,0,0,0,0,0,0
2005,290105,2,1,0,0,0,0,0,0,0,0,0,0
2005,290106,1,1,0,0,0,0,0,0,0,0,0,0
2005,290107,1,1,0,0,0,0,0,0,0,0,0,0
2005,290108,0,1,28,28,28,28,28,28,28,28,28,28
2005,290108,1,1,0,0,0,0,0,0,0,0,0,0
2005,290109,1,1,23,23,23,23,23,23,23,23,23,23
2005,290110,0,1,15,15,15,15,15,15,15,15,15,15
2005,290110,0,2,0,0,0,4,11,16,0,31,0,23
2005,290110,1,1,20,10,16,16,0,0,0,0,0,0
2005,290111,1,1,0,0,0,0,0,0,0,0,0,0
2005,290111,2,1,0,0,0,0,0,0,0,0,0,0
2005,290112,1,1,1,1,1,1,1,1,1,1,1,1
2005,290113,1,1,8,0,0,0,0,0,0,0,16,0
2005,290113,2,1,0,11,0,0,8,0,0,0,0,0
2005,290113,3,1,0,0,0,0,0,0,0,0,0,0
2005,290114,1,1,12,12,12,12,12,12,12,12,12,12
2005,290115,1,1,0,0,0,6,0,0,15,0,0,0
2005,290115,2,1,16,16,16,16,16,16,16,16,16,16
2005,290116,1,1,0,11,6,12,0,9,26,17,12,17
2005,290117,1,1,19,0,16,0,12,22,23,10,18,0
2005,290118,0,1,0,0,0,0,0,0,0,0,0,0
2005,290118,1,1,0,0,0,0,0,0,0,0,0,0
2005,290119,0,1,22,22,22,22,22,22,22,22,22,22
2005,290119,1,1,0,0,0,0,0,0,0,0,0,0
2005,290120,1,1,0,0,0,0,0,0,0,0,0,0
2005,290120,2,1,17,0,0,0,0,0,0,0,0,0
2005,290120,3,1,0,0,0,0,0,0,0,0,12,0
2005,290120,4,1,0,0,0,0,0,0,0,0,0,12
2005,290120,5,1,0,0,0,0,0,0,0,0,0,0
2005,290120,6,1,0,0,0,0,0,0,0,0,0,0
2005,290121,1,1,0,0,0,0,0,0,0,0,0,0
2005,290122,1,1,0,0,0,0,19,0,0,0,0,0
2005,290122,2,1,0,0,0,0,0,0,0,0,0,0
2005,290123,1,1,0,0,0,0,0,0,0,0,0,0
2005,290123,2,1,0,0,0,0,0,0,0,0,0,0
2005,290124,1,1,0,0,0,0,0,0,0,0,0,0
2005,290124,2,1,0,0,0,0,0,0,0,0,0,0
2005,290125,1,1,20,20,20,20,20,20,20,20,20,20
2005,290126,1,1,0,0,0,0,0,0,0,0,0,0
2005,290126,2,1,0,0,0,0,0,0,0,0,0,17
2005,290127,1,1,0,0,0,0,0,0,0,0,0,0
2005,290127,2,1,0,0,0,0,0,0,0,0,0,0
2005,290127,3,1,1,1,1,1,1,1,1,1,1,1
2005,290128,1,1,15,15,15,15,15,15,15,15,15,15
2005,290129,1,1,0,0,0,0,0,0,0,0,0,0
2005,290129,2,1,25,25,25,25,25,25,25,25,25,25
2005,290130,1,1,8,8,8,8,8,8,8,8,8,8
2005,290131,1,1,0,35,22,0,32,0,24,0,29,6
2005,290131,2,1,4,0,15,0,0,14,0,19,0,0
2005,290132,1,1,16,16,16,16,16,16,16,16,16,16
2005,290132,2,1,12,12,12,12,12,12,12,12,12,12
2005,290132,3,1,0,0,0,0,0,0,0,0,0,0