YEAR,ST_CASE,veh_no,per_no,P1,P2,P3,P4,P5,P6,P7,P8,P9,P10
2005,290133,0,1,2,2,2,2,2,2,2,2,2,2
2005,290133,0,2,13,0,0,0,12,17,22,27,24,33
2005,290133,1,1,6,6,6,6,6,6,6,6,6,6
2005,290133,2,1,12,12,12,12,12,12,12,12,12,12
2005,290133,4,1,16,16,16,16,16,16,16,16,16,16
2005,290134,2,1,0,0,0,0,0,0,0,0,0,0
2005,290135,1,1,0,0,0,0,0,0,0,0,0,0
2005,290135,2,1,0,0,0,0,0,0,0,0,0,0
2005,290136,1,1,0,0,16,0,0,0,0,0,0,0
2005,290137,1,1,23,23,23,23,23,23,23,23,23,23
2005,290138,1,1,0,0,0,0,0,0,0,0,0,0
2005,290139,1,1,0,0,0,0,0,0,0,0,0,0
2005,290139,2,1,0,0,0,0,0,0,0,0,0,0
2005,290140,1,1,0,0,0,0,0,0,0,0,0,0
2005,290141,1,1,12,0,0,0,0,0,0,0,0,0
2005,290141,2,1,0,0,0,0,0,0,0,0,0,0
2005,290142,0,1,0,0,0,0,0,0,0,0,0,0
2005,290142,1,1,0,0,24,0,0,0,0,0,0,18
2005,290143,1,1,0,0,0,0,0,0,0,0,0,0
2005,290143,2,1,0,0,0,0,0,0,0,0,0,0
2005,290144,1,1,0,0,0,0,0,0,0,0,0,0
2005,290145,1,1,10,10,10,10,10,10,10,10,10,10
2005,290145,2,1,0,0,0,0,0,0,0,0,0,0
2005,290146,1,1,24,24,24,24,24,24,24,24,24,24
2005,290147,1,1,16,16,16,16,16,16,16,16,16,16
2005,290148,0,1,0,0,0,0,0,0,0,0,0,0
2005,290148,0,2,15,15,15,15,15,15,15,15,15,15
2005,290148,1,1,0,0,0,0,0,0,0,0,0,0
2005,290149,1,1,14,14,14,14,14,14,14,14,14,14
2005,290150,1,1,0,0,0,0,0,0,0,0,0,0
2005,290150,2,1,0,0,0,0,0,0,0,0,0,0
2005,290151,1,1,0,0,0,0,0,0,0,0,0,0
2005,290151,2,1,0,0,0,0,0,0,0,0,0,0
2005,290152,1,1,13,13,13,13,13,13,13,13,13,13
2005,290153,1,1,9,12,14,7,0,0,0,18,0,0
2005,290154,1,1,0,0,0,9,0,0,0,8,0,0
2005,290154,2,1,0,0,0,0,0,0,0,0,0,0
2005,290155,1,1,0,15,0,0,14,0,0,11,27,16
2005,290156,0,1,0,0,24,0,0,5,26,0,0,0
2005,290156,1,1,0,0,0,0,0,0,0,0,0,12
2005,290157,1,1,29,29,29,29,29,29,29,29,29,29
2005,290158,1,1,26,26,26,26,26,26,26,26,26,26
2005,290159,1,1,12,14,24,23,7,12,31,31,20,13
2005,290160,1,1,0,0,0,0,0,0,0,0,0,0
2005,290161,1,1,13,13,13,13,13,13,13,13,13,13
2005,290161,2,1,0,0,0,0,0,0,0,0,0,0
2005,290162,1,1,18,18,18,18,18,18,18,18,18,18
2005,290162,2,1,0,0,0,0,0,0,0,0,0,0
2005,290163,1,1,0,0,0,0,0,0,0,0,0,0
2005,290163,2,1,0,0,0,0,0,0,0,0,0,0
2005,290163,3,1,11,0,0,0,0,0,0,0,0,0
2005,290163,4,1,0,0,0,0,0,0,10,0,0,0
2005,290163,5,1,0,0,0,0,18,0,0,10,10,0
2005,290164,1,1,15,15,15,15,15,15,15,15,15,15
2005,290165,1,1,0,0,0,0,0,0,0,0,0,0
2005,290165,2,1,0,0,0,0,0,0,0,0,0,0
2005,290166,1,1,0,0,0,0,0,0,0,0,0,0
2005,290166,2,1,0,0,0,0,0,0,0,0,0,0
2005,290168,0,1,0,0,0,0,0,0,0,0,0,0
2005,290168,1,1,0,0,4,0,0,6,9,0,0,0
2005,290169,1,1,30,30,30,30,30,30,30,30,30,30
2005,290170,1,1,0,0,0,0,0,0,0,0,0,0
2005,290171,1,1,0,25,0,0,0,0,11,0,0,11
2005,290172,1,1,0,0,0,0,3,0,0,0,0,0
2005,290172,2,1,0,15,0,0,0,0,0,0,0,0
2005,290173,1,1,9,9,9,9,9,9,9,9,9,9
2005,290174,1,1,8,0,0,0,0,0,0,0,0,0
2005,290174,2,1,0,0,0,25,0,0,0,27,0,0
2005,290175,1,1,0,0,0,0,0,0,0,0,0,0
2005,290175,2,1,0,0,0,0,0,0,0,0,0,0
2005,290176,1,1,26,26,26,26,26,26,26,26,26,26
2005,290177,1,1,13,13,13,13,13,13,13,13,13,13
2005,290177,2,1,1,0,0,0,0,0,0,0,0,0
2005,290178,1,1,15,15,15,15,15,15,15,15,15,15
2005,290179,1,1,0,0,0,0,0,0,0,0,0,0
2005,290180,1,1,0,0,24,0,0,16,0,0,0,0
2005,290180,2,1,0,0,0,0,0,0,0,0,0,0
2005,290181,1,1,0,0,0,0,0,0,0,0,0,0
2005,290182,1,1,13,13,13,13,13,13,13,13,13,13
2005,290182,2,1,0,0,0,20,0,0,0,0,0,0
2005,290183,1,1,10,10,10,10,10,10,10,10,10,10
2005,290184,1,1,0,17,30,21,0,0,0,0,0,14
2005,290185,1,1,0,0,0,0,0,0,0,0,0,0
2005,290185,2,1,0,0,0,0,7,0,0,0,0,0
2005,290186,1,1,0,0,0,0,0,0,0,0,0,0
2005,290186,2,1,0,0,0,0,0,0,0,0,0,0
2005,290187,1,1,0,0,0,0,0,0,0,0,0,0
2005,290187,2,1,0,0,0,0,0,0,0,0,0,0
2005,290188,1,1,0,0,0,0,0,0,0,0,0,0
2005,290188,2,1,0,0,0,0,0,0,0,0,0,0
2005,290189,1,1,0,0,0,0,0,0,0,0,0,0
2005,290190,1,1,0,8,0,10,29,0,0,0,9,0
2005,290190,2,1,0,0,0,0,0,0,0,0,0,0
2005,290190,3,1,0,0,0,0,0,0,0,0,0,0
2005,290191,1,1,0,0,0,0,0,0,0,0,0,0
2005,290192,1,1,0,0,0,0,0,0,0,0,0,0
2005,290192,2,1,0,0,0,0,0,0,0,0,0,0
2005,290193,1,1,4,4,4,4,4,4,4,4,4,4
2005,290194,1,1,27,27,27,27,27,27,27,27,27,27
2005,290195,0,1,0,0,0,0,0,0,0,0,0,0
2005,290195,1,1,0,15,0,0,18,0,0,0,0,0
2005,290196,0,1,26,26,26,26,26,26,26,26,26,26
2005,290196,1,1,0,0,0,0,0,0,0,0,0,0
2005,290196,2,1,0,0,0,0,0,0,0,0,0,0
2005,290197,1,1,1,1,1,1,1,1,1,1,1,1
2005,290197,2,1,14,14,14,14,14,14,14,14,14,14
2005,290198,1,1,14,14,14,14,14,14,14,14,14,14
2005,290199,1,1,12,12,12,12,12,12,12,12,12,12
2005,290199,2,1,0,0,0,0,0,0,0,0,0,8
2005,290200,1,1,21,21,21,21,21,21,21,21,21,21
2005,290201,1,1,0,0,0,0,9,0,0,0,0,0
2005,290202,1,1,0,0,0,0,0,0,0,0,0,0
2005,290202,2,1,7,0,0,0,0,0,0,0,0,0
2005,290203,1,1,13,31,0,8,0,5,24,13,0,5
2005,290204,1,1,0,0,0,0,0,0,0,0,0,0
2005,290205,1,1,0,0,0,18,0,9,0,0,0,0
2005,290205,2,1,0,0,0,0,0,0,0,0,0,0
2005,290206,1,1,0,0,0,0,0,0,0,0,0,0
2005,290207,1,1,36,0,9,16,27,0,29,24,0,0
2005,290207,2,1,0,0,0,0,0,0,0,0,0,0
2005,290207,3,1,0,0,0,0,0,0,0,0,0,0
2005,290208,1,1,0,0,0,0,0,0,0,0,0,0
2005,290209,1,1,13,13,13,13,13,13,13,13,13,13
2005,290209,2,1,0,0,14,22,11,0,0,0,0,0
2005,290210,1,1,0,0,0,0,0,0,0,0,0,0
2005,290211,1,1,0,0,0,0,0,0,0,0,0,0
2005,290212,1,1,13,13,13,13,13,13,13,13,13,13
2005,290213,1,1,0,0,0,0,0,0,0,0,0,0
2005,290213,2,1,0,0,0,0,0,0,0,0,0,0
2005,290214,1,1,0,0,17,0,0,0,0,0,0,0
2005,290214,2,1,0,0,0,0,0,0,0,0,0,0
2005,290214,3,1,0,0,0,0,0,0,0,0,0,0
2005,290215,1,1,0,8,17,0,0,0,0,0,0,0
2005,290215,2,1,0,0,0,0,0,6,0,0,18,0
2005,290216,1,1,12,12,12,12,12,12,12,12,12,12
2005,290217,1,1,16,16,16,16,16,16,16,16,16,16
2005,290217,2,1,0,0,0,0,0,0,0,0,0,0
2005,290218,1,1,0,0,0,0,0,0,0,0,0,0
2005,290219,0,1,17,17,17,17,17,17,17,17,17,17
2005,290219,1,1,0,0,0,0,0,0,0,0,0,0
2005,290220,1,1,0,10,0,0,13,0,18,0,0,0
2005,290221,1,1,7,7,7,7,7,7,7,7,7,7
2005,290222,0,1,20,20,20,20,20,20,20,20,20,20
2005,290222,1,1,0,0,0,9,7,0,0,29,0,0
2005,290222,2,1,0,0,0,0,0,0,8,0,0,0
2005,290223,1,1,18,18,18,18,18,18,18,18,18,18
2005,290224,1,1,2,2,2,2,2,2,2,2,2,2
2005,290225,1,1,14,14,14,14,14,14,14,14,14,14
2005,290225,2,1,0,0,0,0,0,0,0,0,0,0
2005,290226,1,1,0,0,0,0,0,0,0,0,0,0
2005,290227,1,1,0,0,0,0,0,0,0,0,0,0
2005,290228,1,1,26,26,26,26,26,26,26,26,26,26
2005,290229,1,1,0,0,0,0,0,0,0,0,0,0
2005,290229,2,1,0,0,0,0,0,0,0,0,0,0
2005,290230,1,1,0,0,0,0,0,0,22,0,0,0
2005,290231,1,1,0,0,0,0,0,0,0,0,0,0
2005,290231,2,1,8,0,0,0,0,0,0,0,0,0
2005,290232,1,1,2,2,2,2,2,2,2,2,2,2
2005,290233,0,1,0,0,0,0,0,0,11,0,0,0
2005,290233,1,1,0,0,0,0,0,0,0,0,0,0
2005,290234,1,1,38,15,0,8,20,10,13,18,16,15
2005,290234,2,1,0,0,0,0,0,0,0,0,0,0
2005,290235,1,1,0,0,0,0,0,0,0,0,0,0
2005,290235,2,1,0,0,0,0,0,0,0,0,0,0
2005,290236,1,1,0,0,0,0,0,0,0,0,0,0
2005,290237,1,1,0,0,0,0,0,0,0,0,0,0
2005,290237,2,1,0,0,0,0,0,0,0,0,0,0
2005,290238,1,1,0,0,0,0,0,0,0,0,0,0
2005,290239,1,1,25,25,25,25,25,25,25,25,25,25
2005,290240,1,1,0,0,0,0,0,0,0,0,0,0
2005,290241,1,1,14,14,14,14,14,14,14,14,14,14
2005,290242,1,1,0,0,0,0,0,0,0,0,0,0
2005,290242,2,1,0,0,0,0,0,13,0,0,0,0
2005,290244,1,1,0,0,0,0,0,0,0,0,0,0
2005,290245,1,1,3,3,3,3,3,3,3,3,3,3
2005,290246,0,1,4,4,4,4,4,4,4,4,4,4
2005,290246,2,1,36,0,0,0,0,0,0,0,0,0
2005,290247,1,1,5,13,28,0,11,10,10,11,12,12
2005,290248,1,1,17,17,17,17,17,17,17,17,17,17
2005,290249,1,1,1,1,1,1,1,1,1,1,1,1
2005,290249,2,1,0,0,0,0,0,0,0,0,0,0
2005,290249,3,1,0,0,0,0,0,0,0,0,0,0
2005,290250,1,1,23,0,0,18,0,0,0,13,0,0
2005,290251,0,1,0,0,0,0,0,0,0,0,0,0
2005,290251,1,1,0,0,0,0,0,0,0,0,0,0
2005,290252,1,1,0,0,0,0,0,0,0,0,0,0
2005,290253,1,1,0,0,0,0,0,0,0,0,0,0
2005,290253,2,1,0,0,0,0,0,0,0,0,0,0
2005,290254,1,1,18,18,18,18,18,18,18,18,18,18
2005,290254,2,1,0,0,0,0,0,0,0,0,0,0
2005,290255,1,1,0,0,0,0,6,0,0,0,0,0
2005,290255,2,1,0,0,0,0,0,0,0,0,0,0
2005,290256,1,1,12,12,12,12,12,12,12,12,12,12
2005,290257,0,1,0,0,0,0,0,0,0,0,0,0
2005,290257,1,1,0,0,0,0,0,0,0,0,0,0
2005,290258,1,1,10,0,0,0,0,0,0,0,0,13
2005,290258,2,1,0,0,0,0,0,0,0,0,0,0
2005,290259,1,1,0,0,0,0,0,0,0,0,0,0
2005,290259,2,1,0,0,0,0,0,0,0,0,0,0
2005,290260,0,1,8,8,8,8,8,8,8,8,8,8
2005,290260,1,1,0,21,23,0,0,0,0,0,29,20
2005,290261,1,1,18,27,18,22,7,13,29,28,0,0
2005,290262,1,1,0,0,0,0,0,0,0,0,0,0
2005,290262,2,1,0,0,0,0,0,0,0,0,0,0
2005,290262,3,1,0,0,0,0,0,0,0,0,0,0
2005,290262,4,1,0,0,0,0,0,0,0,0,0,0
2005,290263,1,1,0,0,0,0,0,0,0,0,0,0
2005,290264,1,1,0,0,0,0,0,0,0,0,0,0
2005,290265,1,1,0,0,0,0,0,0,0,0,0,0
2005,290265,2,1,0,0,0,0,0,0,0,0,0,0
2005,290266,1,1,3,3,3,3,3,3,3,3,3,3
2005,290267,1,1,14,14,14,14,14,14,14,14,14,14
2005,290268,1,1,16,16,16,16,16,16,16,16,16,16
2005,290269,1,1,0,14,23,22,21,14,41,3,0,38
2005,290270,1,1,0,0,0,0,0,0,0,0,0,0
2005,290271,1,1,0,0,0,0,0,0,0,0,0,0
2005,290271,2,1,0,11,0,0,0,2,0,0,0,0
2005,290272,0,1,0,0,0,0,0,0,0,0,0,0
2005,290272,1,1,0,0,0,0,0,0,0,0,0,0
2005,290273,1,1,0,0,0,0,0,0,0,0,0,0
2005,290273,2,1,0,0,0,0,0,0,0,0,0,0
2005,290274,1,1,29,8,11,26,19,12,0,29,21,16
2005,290275,1,1,0,0,0,0,0,0,0,0,0,0
2005,290276,1,1,20,20,20,20,20,20,20,20,20,20
2005,290277,1,1,14,14,14,14,14,14,14,14,14,14
2005,290278,1,1,0,0,0,0,0,0,0,0,0,0
2005,290279,1,1,31,0,0,0,0,0,0,0,0,0
2005,290279,2,1,0,0,0,0,0,0,0,0,0,0
2005,290279,3,1,0,0,0,0,0,0,0,0,0,0
2005,290280,0,1,0,0,0,0,0,0,0,0,0,0
2005,290280,1,1,0,5,0,0,0,0,0,0,0,4
2005,290281,1,1,0,0,0,3,0,0,0,0,0,0
2005,290281,2,1,0,0,0,0,0,0,0,0,0,0
2005,290282,1,1,0,0,0,0,0,0,0,0,0,0
2005,290283,0,1,0,0,0,0,0,0,0,0,0,0
2005,290283,1,1,6,19,18,16,12,2,22,15,0,19
2005,290283,2,1,0,0,0,0,0,25,0,15,0,18
2005,290284,1,1,23,23,23,23,23,23,23,23,23,23
2005,290285,1,1,0,0,0,0,0,0,0,0,0,0
2005,290286,1,1,0,0,0,0,0,0,0,0,0,0
2005,290286,2,1,0,0,0,0,0,0,0,0,0,0
2005,290287,1,1,0,0,0,0,0,0,0,0,0,0
2005,290287,2,1,1,1,1,1,1,1,1,1,1,1
2005,290287,3,1,0,0,0,0,0,0,0,0,0,16
2005,290288,1,1,0,0,0,0,0,0,0,0,0,0
2005,290289,1,1,11,11,11,11,11,11,11,11,11,11
2005,290289,2,1,0,0,0,0,0,0,0,0,0,0
2005,290290,1,1,0,0,0,0,0,0,0,0,0,0
2005,290290,2,1,0,0,0,0,0,0,0,0,0,0
2005,290291,1,1,0,0,0,0,0,0,0,0,0,0
2005,290291,2,1,0,0,0,13,0,0,0,0,7,18
2005,290292,1,1,0,0,0,0,0,0,0,0,14,0
2005,290292,2,1,15,0,0,0,0,0,0,0,0,0
2005,290293,1,1,0,0,0,0,0,0,0,0,0,0
2005,290294,0,1,0,0,0,0,0,0,0,0,0,0
2005,290294,1,1,0,0,0,0,0,0,0,0,11,0
2005,290295,1,1,24,24,24,24,24,24,24,24,24,24
2005,290296,1,1,26,26,26,26,26,26,26,26,26,26
2005,290297,1,1,0,11,13,11,15,25,14,7,19,18
2005,290298,1,1,0,0,0,0,0,0,0,0,0,0
2005,290298,2,1,0,0,0,0,0,0,0,0,0,0
2005,290299,1,1,0,0,0,0,0,0,0,0,0,0
2005,290299,2,1,0,0,0,0,0,0,0,0,0,0
2005,290299,3,1,0,0,0,0,0,0,0,0,0,0
2005,290300,1,1,0,0,0,0,0,0,11,0,0,0
2005,290300,2,1,0,0,0,0,0,0,0,0,0,0
2005,290301,1,1,0,0,0,0,0,0,0,0,0,0
2005,290302,1,1,0,0,0,0,0,0,0,0,0,0
2005,290302,2,1,25,25,25,25,25,25,25,25,25,25
2005,290303,1,1,19,19,19,19,19,19,19,19,19,19
2005,290304,1,1,0,0,0,0,0,0,0,0,0,0
2005,290305,1,1,0,0,0,0,0,0,0,0,0,0
2005,290306,1,1,0,35,0,0,0,0,18,0,0,0
2005,290306,2,1,0,0,0,0,0,0,0,0,0,0
2005,290307,1,1,0,0,0,0,0,0,0,0,0,0
2005,290308,1,1,16,16,16,16,16,16,16,16,16,16
2005,290309,1,1,0,0,0,0,0,0,0,0,0,0
2005,290310,1,1,0,0,25,0,0,0,0,0,0,0
2005,290310,2,1,0,0,0,0,0,0,0,0,0,0
2005,290310,3,1,0,0,0,0,0,0,0,0,0,0
2005,290310,4,1,0,0,0,0,0,0,0,0,0,0
2005,290311,1,1,0,0,0,0,0,0,0,0,0,0
2005,290311,2,1,0,0,0,0,0,0,0,0,0,0
2005,290311,3,1,0,0,0,0,0,0,0,0,0,0
2005,290312,1,1,0,0,0,0,0,0,0,0,0,0
2005,290313,1,1,0,0,0,0,21,0,0,0,0,12
2005,290313,2,1,0,0,0,0,0,0,0,0,0,0
2005,290314,0,1,0,0,0,0,0,0,0,0,0,0
2005,290314,1,1,0,0,0,0,0,0,0,0,0,0
2005,290315,1,1,15,15,15,15,15,15,15,15,15,15
2005,290316,0,1,0,0,0,0,0,0,0,0,0,0
2005,290316,1,1,0,0,0,0,5,0,0,0,0,0
2005,290317,1,1,20,20,20,20,20,20,20,20,20,20
2005,290318,1,1,0,0,0,0,0,0,0,0,0,0
2005,290318,2,1,0,0,0,0,0,0,0,0,0,0
2005,290319,1,1,0,0,0,0,0,0,0,0,0,0
2005,290319,2,1,0,0,0,0,0,0,0,0,0,0
2005,290320,1,1,0,0,0,0,0,0,0,0,0,0
2005,290321,1,1,1,1,1,1,1,1,1,1,1,1
2005,290322,1,1,0,0,0,0,0,0,0,0,0,0
2005,290322,2,1,0,0,0,0,0,0,0,0,0,0
2005,290323,1,1,0,0,0,0,0,0,0,0,0,0
2005,290323,2,1,0,0,0,0,0,0,0,0,0,0
2005,290324,1,1,0,16,0,7,16,19,13,34,13,18
2005,290325,1,1,23,17,6,6,12,32,0,10,9,0
2005,290325,2,1,0,0,0,0,0,0,0,0,0,0
2005,290325,3,1,0,10,0,0,0,0,0,24,13,11
2005,290325,4,1,0,0,0,0,0,0,13,0,0,0
2005,290326,1,1,0,0,0,0,0,0,0,0,0,0
2005,290326,2,1,0,0,0,0,0,0,0,0,0,0
2005,290327,1,1,30,30,30,30,30,30,30,30,30,30
2005,290327,2,1,0,0,0,0,0,0,0,0,0,0
2005,290327,3,1,0,0,10,24,12,10,0,0,19,0
2005,290328,0,1,10,10,10,10,10,10,10,10,10,10
2005,290328,1,1,0,0,0,0,0,0,0,0,0,0
2005,290329,1,1,0,0,0,0,0,0,0,0,0,0
2005,290329,2,1,0,0,0,0,0,0,0,0,0,0
2005,290330,1,1,0,0,22,0,20,14,0,9,0,0
2005,290330,2,1,0,0,0,0,15,0,7,0,21,16
2005,290331,1,1,28,28,28,28,28,28,28,28,28,28
2005,290332,1,1,12,12,12,12,12,12,12,12,12,12
2005,290333,1,1,0,0,0,0,0,0,0,0,0,0
2005,290334,1,1,30,30,30,30,30,30,30,30,30,30
2005,290334,2,1,0,0,0,0,0,0,4,0,0,0
2005,290334,3,1,0,0,0,0,0,0,0,0,0,0
2005,290335,1,1,0,0,0,0,0,0,0,0,0,0
2005,290335,2,1,0,0,0,0,0,0,0,0,0,0
2005,290336,1,1,0,0,0,0,0,0,0,0,0,0
2005,290336,2,1,0,0,0,0,0,0,0,0,0,0
2005,290337,1,1,22,22,22,22,22,22,22,22,22,22
2005,290338,1,1,16,16,16,16,16,16,16,16,16,16
2005,290339,1,1,0,0,0,0,0,0,0,0,0,0
2005,290339,2,1,0,0,0,0,0,0,0,0,0,0
2005,290340,1,1,29,29,29,29,29,29,29,29,29,29
2005,290341,1,1,13,13,13,13,13,13,13,13,13,13
2005,290341,2,1,0,0,0,0,0,0,0,0,0,0
2005,290342,1,1,0,0,0,0,0,0,0,0,0,0
2005,290342,2,1,0,0,0,0,0,0,0,8,0,0
2005,290343,1,1,0,32,0,12,0,0,0,0,0,0
2005,290344,0,1,0,0,0,0,0,0,0,0,0,0
2005,290344,1,1,0,0,0,0,0,0,0,0,0,0
2005,290345,1,1,16,16,16,16,16,16,16,16,16,16
2005,290346,1,1,0,0,0,0,0,0,0,0,0,0
2005,290346,2,1,0,0,0,0,0,0,0,0,0,0
2005,290347,1,1,0,0,0,0,0,22,0,0,0,0
2005,290347,2,1,19,14,0,0,36,6,0,0,17,0
2005,290347,3,1,14,20,0,0,0,0,0,0,10,0
2005,290349,1,1,0,0,0,0,0,0,0,0,0,0
2005,290349,2,1,0,0,0,0,0,0,0,0,0,0
2005,290350,1,1,0,0,0,0,0,0,0,0,0,0
2005,290350,2,1,0,0,0,0,0,0,0,0,0,0
2005,290351,1,1,22,22,22,22,22,22,22,22,22,22
2005,290352,1,1,0,0,0,0,0,0,0,0,0,0
2005,290353,1,1,0,0,0,0,0,0,0,0,0,0
2005,290354,1,1,24,24,24,24,24,24,24,24,24,24
2005,290354,2,1,0,0,0,0,0,0,0,0,0,0
2005,290355,1,1,0,0,0,0,0,0,0,0,0,0
2005,290355,2,1,0,0,0,0,0,0,0,0,0,0
2005,290356,1,1,26,26,26,26,26,26,26,26,26,26
2005,290356,2,1,0,0,0,0,0,0,0,0,0,0
2005,290356,3,1,8,8,8,8,8,8,8,8,8,8
2005,290357,1,1,19,19,19,19,19,19,19,19,19,19
2005,290358,1,1,22,22,22,22,22,22,22,22,22,22
2005,290358,2,1,0,0,0,0,0,0,0,0,0,0
2005,290359,1,1,19,19,19,19,19,19,19,19,19,19
2005,290360,1,1,0,0,0,0,0,0,0,0,0,0
2005,290360,2,1,0,0,0,0,0,0,0,0,0,0
2005,290361,1,1,0,0,0,0,0,0,0,0,0,0
2005,290362,1,1,0,0,0,0,0,0,0,0,0,0
2005,290362,2,1,0,0,0,0,0,0,0,12,0,0
2005,290363,1,1,0,6,0,0,0,0,0,0,0,0
2005,290363,2,1,0,0,0,0,0,0,0,0,0,0
2005,290364,1,1,0,0,0,6,0,0,0,0,0,0
2005,290364,2,1,0,0,0,0,0,0,0,0,0,0
2005,290364,3,1,0,19,0,0,0,0,0,0,0,13
2005,290364,4,1,0,0,0,0,0,0,0,0,0,0
2005,290364,5,1,0,0,0,0,0,0,18,0,0,0
2005,290365,1,1,0,0,0,0,0,0,0,0,0,0
2005,290366,1,1,16,16,16,16,16,16,16,16,16,16
2005,290367,1,1,17,17,17,17,17,17,17,17,17,17
2005,290369,1,1,0,0,0,0,0,0,0,0,0,0
2005,290370,1,1,0,19,18,23,14,19,22,8,30,22
2005,290371,1,1,0,0,0,0,0,0,0,0,0,0
2005,290372,1,1,21,0,0,10,0,0,0,24,0,0
2005,290372,2,1,0,0,0,0,0,0,0,0,0,0
2005,290373,1,1,0,0,0,0,0,0,0,0,0,0
2005,290373,2,1,0,0,0,0,6,0,0,0,0,0
2005,290374,1,1,24,24,24,24,24,24,24,24,24,24
2005,290375,1,1,28,28,28,28,28,28,28,28,28,28
2005,290376,1,1,0,0,0,0,0,0,0,0,0,0
2005,290376,2,1,0,0,5,0,0,0,0,0,0,0
2005,290377,1,1,5,5,5,5,5,5,5,5,5,5
2005,290377,2,1,0,0,0,0,17,0,0,0,0,0
2005,290378,1,1,0,0,0,0,0,0,0,0,0,0
2005,290378,2,1,0,0,0,0,0,0,0,0,0,0
2005,290379,1,1,0,0,0,0,0,0,0,0,0,0
2005,290379,2,1,0,0,0,0,0,0,0,0,0,0
2005,290379,3,1,0,0,0,0,0,0,0,0,0,0
2005,290379,4,1,0,0,14,0,0,0,0,0,0,0
2005,290380,1,1,0,0,0,22,0,0,0,0,0,0
2005,290380,2,1,0,0,0,0,0,0,0,0,0,0
2005,290381,1,1,0,0,0,0,0,0,0,0,0,0
2005,290381,2,1,0,0,0,0,0,0,0,0,0,0
2005,290382,1,1,30,30,30,30,30,30,30,30,30,30
2005,290383,1,1,0,0,0,0,0,0,0,0,0,0
2005,290384,0,1,26,26,26,26,26,26,26,26,26,26
2005,290384,1,1,0,0,0,12,0,0,0,0,0,0
2005,290385,1,1,0,0,0,0,0,0,0,0,0,0
2005,290386,1,1,18,18,18,18,18,18,18,18,18,18
2005,290387,1,1,17,17,17,17,17,17,17,17,17,17
2005,290387,2,1,0,0,0,0,0,0,0,0,0,0
2005,290388,1,1,5,5,5,5,5,5,5,5,5,5
2005,290389,1,1,0,0,0,0,0,0,0,0,0,0
2005,290390,1,1,0,0,0,0,0,0,0,0,0,0
2005,290390,2,1,0,0,0,0,0,0,0,0,0,0
2005,290391,1,1,14,14,14,14,14,14,14,14,14,14
2005,290392,1,1,11,11,11,11,11,11,11,11,11,11
2005,290392,2,1,11,0,0,11,0,8,4,23,39,0
2005,290393,1,1,0,0,0,0,0,0,0,0,0,0
2005,290393,2,1,0,0,0,0,0,0,0,0,0,0
2005,290394,1,1,0,6,0,0,0,0,0,0,0,0
2005,290394,2,1,0,0,0,0,0,0,0,0,0,0
2005,290395,1,1,7,7,7,7,7,7,7,7,7,7
2005,290395,2,1,0,0,0,0,0,0,0,0,0,0
2005,290396,1,1,0,0,0,0,0,0,0,6,0,0
2005,290396,2,1,0,0,0,0,0,0,0,0,0,0
2005,290397,1,1,24,24,24,24,24,24,24,24,24,24
2005,290397,2,1,0,8,0,0,14,0,0,0,0,7
2005,290398,1,1,1,1,1,1,1,1,1,1,1,1
2005,290399,1,1,18,18,18,18,18,18,18,18,18,18
2005,290400,1,1,21,21,21,21,21,21,21,21,21,21
2005,290401,1,1,0,0,6,2,0,0,0,16,0,11
2005,290402,1,1,0,0,0,0,0,0,0,0,0,0
2005,290403,1,1,9,9,9,9,9,9,9,9,9,9
2005,290404,1,1,31,31,31,31,31,31,31,31,31,31
2005,290405,1,1,0,0,0,0,0,0,0,0,0,0
2005,290406,1,1,0,0,19,0,7,0,0,0,0,0
2005,290407,1,1,19,0,28,0,16,23,13,38,27,0
2005,290408,1,1,0,0,0,0,0,0,0,0,0,0
2005,290408,2,1,0,0,0,0,0,0,0,0,0,0
2005,290409,1,1,0,0,0,0,0,0,0,0,0,0
2005,290410,0,1,30,30,30,30,30,30,30,30,30,30
2005,290410,1,1,0,0,0,0,0,0,0,0,0,0
2005,290411,1,1,0,0,0,0,0,0,0,0,0,0
2005,290412,1,1,0,0,0,0,0,0,0,0,0,0
2005,290412,2,1,0,0,0,0,0,0,0,0,0,0
2005,290413,1,1,0,0,0,9,0,0,0,0,0,0
2005,290413,2,1,0,0,0,0,0,0,0,0,0,0
2005,290414,1,1,32,32,32,32,32,32,32,32,32,32
2005,290414,2,1,0,0,0,0,0,0,0,0,0,0
2005,290415,1,1,0,0,0,0,0,0,0,0,0,0
2005,290416,1,1,0,0,0,0,0,0,0,11,0,0
2005,290416,2,1,0,0,0,0,16,26,0,0,13,0
2005,290417,1,1,10,8,0,0,0,0,16,0,0,0
2005,290418,1,1,0,0,0,0,0,0,0,0,0,0
2005,290418,2,1,0,0,0,0,0,0,0,0,0,0
2005,290419,1,1,2,2,2,2,2,2,2,2,2,2
2005,290420,1,1,4,4,4,4,4,4,4,4,4,4