YEAR,ST_CASE,veh_no,per_no,P1,P2,P3,P4,P5,P6,P7,P8,P9,P10
2005,290421,1,1,0,5,0,18,0,0,0,0,17,26
2005,290422,1,1,0,0,0,0,0,0,0,0,0,0
2005,290422,2,1,0,0,0,0,0,0,0,0,0,0
2005,290423,1,1,0,0,0,0,0,0,32,0,0,0
2005,290423,2,1,0,0,0,0,0,0,0,0,0,0
2005,290424,3,1,10,10,10,10,10,10,10,10,10,10
2005,290425,1,1,11,11,11,11,11,11,11,11,11,11
2005,290426,1,1,0,0,0,0,0,0,0,0,0,0
2005,290427,1,1,0,0,0,0,0,0,0,0,0,0
2005,290427,2,1,0,0,0,0,0,0,0,0,0,0
2005,290428,1,1,0,0,0,0,0,0,0,0,0,0
2005,290429,1,1,21,21,21,21,21,21,21,21,21,21
2005,290430,1,1,0,0,0,0,0,0,0,0,0,0
2005,290430,2,1,0,0,0,0,0,0,0,0,0,0
2005,290431,1,1,0,0,0,0,0,0,0,0,0,0
2005,290431,2,1,0,0,0,0,0,0,0,0,0,0
2005,290432,1,1,0,0,0,0,0,0,0,0,0,0
2005,290432,2,1,0,0,0,0,0,0,0,0,0,0
2005,290433,1,1,0,0,0,0,0,0,0,0,0,0
2005,290434,0,1,0,0,0,0,0,0,0,0,0,0
2005,290434,1,1,0,0,0,0,0,0,0,0,0,0
2005,290435,1,1,18,18,18,18,18,18,18,18,18,18
2005,290435,2,1,0,0,24,0,0,0,0,0,0,0
2005,290436,1,1,10,0,0,13,0,0,0,0,0,0
2005,290437,1,1,0,0,0,0,0,0,0,0,0,0
2005,290437,2,1,0,0,0,0,0,0,0,0,0,0
2005,290438,1,1,0,0,0,0,0,0,0,0,0,0
2005,290438,2,1,0,0,0,0,0,0,0,0,0,0
2005,290439,1,1,0,0,0,0,0,0,0,0,0,0
2005,290439,2,1,0,0,0,0,0,11,0,0,0,0
2005,290439,3,1,0,0,0,0,0,0,0,0,0,0
2005,290440,1,1,0,0,0,13,0,12,4,0,0,0
2005,290441,1,1,13,13,13,13,13,13,13,13,13,13
2005,290441,2,1,0,14,0,0,0,0,0,0,0,0
2005,290441,3,1,0,0,0,0,0,0,4,13,13,0
2005,290442,1,1,23,23,23,23,23,23,23,23,23,23
2005,290443,1,1,0,0,0,0,0,0,0,0,0,0
2005,290444,1,1,0,0,0,0,0,0,0,0,0,0
2005,290445,0,1,0,0,0,0,0,0,0,0,0,0
2005,290445,1,1,0,0,0,11,0,0,0,0,0,0
2005,290446,1,1,0,0,0,0,0,0,0,0,0,40
2005,290446,2,1,0,0,0,0,0,0,0,0,0,0
2005,290447,1,1,0,0,0,0,0,0,0,0,0,0
2005,290447,2,1,0,25,0,0,0,0,0,0,0,0
2005,290448,1,1,0,0,0,0,0,0,0,0,0,13
2005,290449,1,1,19,19,19,19,19,19,19,19,19,19
2005,290449,2,1,0,0,9,0,7,0,0,0,0,0
2005,290450,1,1,0,0,0,0,0,0,0,0,0,0
2005,290450,2,1,0,0,0,0,0,0,0,0,0,0
2005,290451,1,1,0,0,0,0,0,0,0,0,0,0
2005,290452,1,1,0,0,0,0,0,3,12,9,0,0
2005,290452,2,1,0,0,0,0,0,0,0,0,0,0
2005,290453,1,1,23,23,23,23,23,23,23,23,23,23
2005,290454,1,1,7,7,7,7,7,7,7,7,7,7
2005,290454,2,1,19,0,0,11,0,0,26,24,0,4
2005,290455,1,1,0,0,0,0,0,0,0,0,0,0
2005,290456,1,1,9,9,19,20,18,14,0,11,19,11
2005,290456,2,1,0,0,0,11,0,0,0,6,0,24
2005,290457,1,1,0,0,0,0,0,0,0,0,0,0
2005,290457,2,1,0,0,0,0,0,0,0,0,0,0
2005,290458,1,1,0,0,0,0,0,0,0,0,0,0
2005,290459,1,1,0,0,0,0,0,0,0,0,0,0
2005,290460,1,1,0,0,0,0,0,0,0,0,0,0
2005,290460,2,1,7,7,7,7,7,7,7,7,7,7
2005,290461,1,1,9,16,16,0,6,0,16,20,31,3
2005,290462,1,1,16,16,16,16,16,16,16,16,16,16
2005,290463,1,1,0,0,0,0,0,0,0,0,0,0
2005,290464,1,1,0,0,0,0,0,0,0,0,0,0
2005,290465,1,1,0,0,0,0,0,0,0,0,0,0
2005,290465,2,1,0,0,0,0,0,0,0,0,0,0
2005,290466,1,1,27,27,27,27,27,27,27,27,27,27
2005,290466,2,1,4,0,0,0,0,0,7,0,23,0
2005,290467,1,1,18,18,18,18,18,18,18,18,18,18
2005,290468,1,1,17,17,17,17,17,17,17,17,17,17
2005,290469,2,1,0,0,0,0,0,0,0,0,0,0
2005,290470,1,1,0,0,0,0,0,0,0,0,0,0
2005,290471,1,1,10,17,14,30,16,30,16,10,17,8
2005,290472,1,1,0,0,0,0,0,0,0,0,0,0
2005,290473,1,1,0,0,0,0,0,0,0,0,0,0
2005,290474,1,1,0,0,0,0,0,0,0,0,0,0
2005,290474,2,1,0,0,0,0,0,0,0,0,0,0
2005,290475,1,1,17,17,17,17,17,17,17,17,17,17
2005,290476,1,1,0,0,0,0,0,0,0,0,0,0
2005,290476,2,1,0,0,0,0,0,0,0,0,0,0
2005,290476,3,1,0,0,0,0,0,0,0,0,0,0
2005,290477,1,1,11,26,9,0,20,0,0,10,0,0
2005,290478,0,1,0,0,0,0,0,0,0,0,0,0
2005,290478,1,1,0,0,0,0,0,0,0,0,0,0
2005,290479,1,1,0,0,0,0,0,0,0,0,0,0
2005,290480,1,1,0,0,0,0,0,0,0,0,0,0
2005,290480,2,1,0,0,0,0,6,0,0,0,0,0
2005,290481,1,1,18,18,18,18,18,18,18,18,18,18
2005,290482,1,1,0,5,17,20,18,8,0,0,1,0
2005,290483,1,1,0,0,0,0,0,0,0,0,0,0
2005,290483,2,1,0,0,0,0,0,0,0,0,0,0
2005,290484,1,1,0,0,0,0,0,0,0,0,0,0
2005,290484,2,1,0,0,0,0,0,0,0,0,0,0
2005,290485,1,1,0,0,0,0,0,0,0,0,0,0
2005,290485,2,1,0,0,0,0,0,0,0,0,0,0
2005,290486,0,1,0,0,0,0,0,0,0,0,0,0
2005,290486,1,1,20,11,9,0,11,0,0,0,19,0
2005,290487,1,1,8,8,8,8,8,8,8,8,8,8
2005,290488,1,1,9,9,9,9,9,9,9,9,9,9
2005,290489,1,1,14,14,14,14,14,14,14,14,14,14
2005,290489,2,1,0,0,0,0,0,0,0,9,0,0
2005,290490,1,1,0,0,0,0,0,0,0,0,0,0
2005,290490,2,1,0,0,0,0,0,0,0,0,0,0
2005,290490,3,1,17,0,0,0,0,0,8,0,0,0
2005,290491,1,1,0,0,0,0,0,0,0,0,0,0
2005,290491,2,1,0,0,0,0,0,0,0,0,0,0
2005,290492,1,1,0,0,0,0,0,0,0,0,0,0
2005,290492,2,1,0,0,0,0,0,0,0,0,0,0
2005,290493,1,1,0,0,0,0,0,0,0,0,0,0
2005,290494,1,1,0,0,0,0,11,0,18,0,0,0
2005,290495,1,1,1,1,1,1,1,1,1,1,1,1
2005,290496,1,1,0,0,0,0,0,0,0,0,0,0
2005,290497,1,1,21,21,21,21,21,21,21,21,21,21
2005,290498,1,1,14,14,14,14,14,14,14,14,14,14
2005,290499,0,1,0,0,0,0,0,0,0,0,0,0
2005,290499,1,1,17,0,6,10,0,0,9,8,0,0
2005,290500,1,1,0,0,0,0,0,0,0,0,0,0
2005,290500,2,1,0,0,0,0,0,0,0,0,0,0
2005,290501,1,1,14,14,14,14,14,14,14,14,14,14
2005,290502,1,1,0,0,0,0,0,0,0,0,0,0
2005,290502,2,1,0,0,9,24,0,7,9,0,0,0
2005,290503,1,1,0,0,0,0,0,0,0,0,0,0
2005,290504,1,1,0,0,0,0,0,0,0,0,0,0
2005,290504,2,1,0,0,0,0,0,0,0,0,0,0
2005,290505,1,1,5,5,5,5,5,5,5,5,5,5
2005,290506,0,1,0,0,0,0,0,0,0,0,0,0
2005,290506,1,1,20,39,12,31,34,23,19,21,32,10
2005,290507,1,1,0,11,0,0,0,0,0,22,22,0
2005,290508,1,1,0,0,0,0,0,0,0,0,21,0
2005,290508,2,1,0,0,0,0,6,0,0,0,0,0
2005,290508,3,1,0,0,0,0,0,0,0,0,0,0
2005,290508,4,1,0,0,0,0,0,0,0,0,0,0
2005,290508,5,1,0,0,0,0,19,0,0,0,0,0
2005,290509,1,1,0,0,0,0,0,0,0,0,0,0
2005,290510,1,1,0,0,0,0,0,0,0,0,0,0
2005,290511,1,1,0,0,0,0,0,0,0,0,0,0
2005,290511,2,1,0,0,0,0,0,0,0,0,0,0
2005,290512,1,1,15,15,15,15,15,15,15,15,15,15
2005,290513,1,1,0,0,0,0,0,0,0,0,0,0
2005,290514,1,1,8,8,8,8,8,8,8,8,8,8
2005,290514,2,1,0,0,0,0,0,0,0,0,0,0
2005,290515,1,1,0,0,0,0,0,0,0,0,0,0
2005,290516,1,1,14,0,0,0,0,0,0,0,0,0
2005,290517,1,1,12,12,12,12,12,12,12,12,12,12
2005,290518,1,1,22,22,22,22,22,22,22,22,22,22
2005,290519,1,1,15,15,15,15,15,15,15,15,15,15
2005,290520,1,1,14,15,18,9,12,18,17,11,18,0
2005,290521,1,1,18,18,18,18,18,18,18,18,18,18
2005,290522,1,1,0,0,0,0,14,0,0,0,0,0
2005,290522,2,1,0,0,0,0,0,0,0,0,0,0
2005,290523,1,1,3,3,3,3,3,3,3,3,3,3
2005,290523,2,1,0,0,0,0,0,0,0,0,0,0
2005,290524,1,1,0,0,0,0,0,0,0,0,0,0
2005,290525,1,1,0,0,3,0,0,0,0,0,0,0
2005,290525,2,1,0,0,0,0,0,0,0,0,0,0
2005,290526,1,1,14,14,14,14,14,14,14,14,14,14
2005,290527,1,1,0,0,0,0,0,0,0,0,0,0
2005,290527,2,1,0,0,0,0,0,0,10,0,0,0
2005,290527,3,1,0,0,0,0,0,0,0,0,0,0
2005,290527,4,1,0,0,0,0,0,0,0,0,0,0
2005,290527,5,1,0,0,0,0,0,0,0,0,0,0
2005,290528,1,1,14,16,20,18,8,17,9,15,12,16
2005,290529,0,1,0,0,0,0,0,0,0,0,0,0
2005,290529,1,1,0,0,14,21,0,6,0,0,0,13
2005,290530,1,1,13,13,13,13,13,13,13,13,13,13
2005,290530,2,1,0,0,0,0,0,0,0,0,0,0
2005,290531,1,1,23,8,12,15,0,13,10,25,10,30
2005,290532,1,1,0,0,0,0,0,0,0,0,0,0
2005,290532,2,1,0,0,0,0,0,0,0,0,0,0
2005,290533,1,1,9,9,9,9,9,9,9,9,9,9
2005,290534,1,1,17,17,17,17,17,17,17,17,17,17
2005,290535,1,1,11,11,11,11,11,11,11,11,11,11
2005,290536,1,1,0,0,0,0,0,0,0,0,0,0
2005,290537,1,1,0,0,0,0,0,0,0,0,0,0
2005,290538,1,1,0,0,6,0,0,0,0,0,0,0
2005,290538,2,1,0,0,0,0,0,0,0,0,0,0
2005,290539,1,1,0,0,0,0,0,0,0,0,0,0
2005,290539,2,1,0,0,0,0,0,0,0,0,0,0
2005,290539,3,1,0,0,0,0,0,25,0,0,0,0
2005,290540,1,1,1,1,1,1,1,1,1,1,1,1
2005,290541,1,1,0,0,0,0,0,0,10,0,0,17
2005,290542,1,1,0,0,0,0,0,0,0,0,0,0
2005,290543,1,1,25,25,25,25,25,25,25,25,25,25
2005,290544,1,1,0,0,0,0,0,0,0,0,0,0
2005,290545,1,1,0,0,0,0,0,0,0,0,0,0
2005,290545,2,1,0,0,0,0,0,0,0,0,0,0
2005,290546,1,1,0,0,0,0,0,0,0,0,0,0
2005,290547,1,1,0,0,0,0,0,0,0,0,0,0
2005,290547,2,1,0,0,0,0,0,0,0,0,0,0
2005,290548,1,1,23,23,23,23,23,23,23,23,23,23
2005,290549,1,1,13,13,13,13,13,13,13,13,13,13
2005,290550,1,1,0,0,0,0,0,0,0,0,0,0
2005,290552,1,1,19,19,19,19,19,19,19,19,19,19
2005,290553,1,1,0,0,0,0,0,0,0,0,0,0
2005,290555,1,1,0,0,0,0,0,0,0,0,0,0
2005,290555,2,1,0,0,0,0,0,0,0,0,0,0
2005,290556,1,1,0,0,0,0,0,0,0,0,0,0
2005,290557,1,1,0,0,0,0,0,0,0,0,11,0
2005,290557,2,1,0,0,0,0,0,0,0,0,6,0
2005,290557,3,1,0,0,13,0,0,0,0,0,0,0
2005,290558,1,1,0,0,0,0,0,0,0,0,0,0
2005,290558,2,1,0,0,0,0,0,0,0,0,0,0
2005,290559,1,1,0,0,0,0,0,0,0,0,0,0
2005,290560,1,1,5,0,0,0,0,0,0,0,0,0
2005,290561,1,1,0,29,0,0,10,35,0,13,0,0
2005,290562,1,1,0,0,0,0,0,0,0,0,0,0
2005,290563,1,1,17,17,17,17,17,17,17,17,17,17
2005,290564,1,1,0,0,0,0,0,0,0,0,0,0
2005,290565,1,1,8,0,16,0,10,16,9,0,26,14
2005,290566,1,1,0,0,0,0,0,0,0,0,0,0
2005,290567,1,1,4,4,4,4,4,4,4,4,4,4
2005,290568,1,1,0,0,0,0,0,0,0,0,0,0
2005,290569,1,1,0,0,0,0,0,0,0,0,0,0
2005,290569,2,1,0,0,0,0,0,0,0,0,0,0
2005,290570,1,1,26,26,26,26,26,26,26,26,26,26
2005,290571,1,1,16,16,16,16,16,16,16,16,16,16
2005,290572,1,1,0,0,29,0,0,0,0,0,14,0
2005,290573,1,1,19,19,19,19,19,19,19,19,19,19
2005,290574,1,1,0,0,0,0,0,0,0,0,0,0
2005,290574,2,1,0,0,0,0,0,0,0,0,0,0
2005,290575,1,1,0,0,0,0,0,0,0,0,0,0
2005,290575,2,1,0,0,0,0,0,0,0,0,0,0
2005,290576,1,1,0,0,0,0,0,0,0,0,0,0
2005,290576,2,1,18,18,18,18,18,18,18,18,18,18
2005,290577,1,1,8,20,0,0,0,5,0,0,0,0
2005,290577,2,1,0,0,0,0,0,0,0,0,0,0
2005,290578,1,1,26,26,26,26,26,26,26,26,26,26
2005,290579,1,1,13,21,11,21,4,6,0,23,24,15
2005,290580,1,1,14,14,14,14,14,14,14,14,14,14
2005,290581,1,1,28,28,28,28,28,28,28,28,28,28
2005,290582,1,1,0,27,0,0,0,0,0,0,0,0
2005,290582,2,1,0,14,0,0,0,0,0,0,0,10
2005,290583,1,1,0,0,0,5,0,0,0,0,0,0
2005,290583,2,1,0,0,0,0,0,0,0,0,0,0
2005,290584,1,1,0,0,0,12,0,0,0,0,17,12
2005,290585,1,1,0,0,0,0,0,0,0,4,0,0
2005,290585,2,1,0,0,0,0,0,0,0,0,0,0
2005,290586,0,1,0,0,0,0,0,0,0,0,0,0
2005,290586,1,1,7,0,4,0,0,7,0,0,0,0
2005,290587,1,1,11,11,11,11,11,11,11,11,11,11
2005,290588,1,1,0,0,0,0,0,0,0,0,0,0
2005,290589,1,1,33,33,33,33,33,33,33,33,33,33
2005,290589,2,1,0,0,0,0,0,0,0,0,0,0
2005,290590,1,1,0,0,0,0,0,0,0,0,0,0
2005,290590,2,1,0,0,0,0,0,0,0,0,0,0
2005,290591,1,1,0,0,0,0,0,0,0,0,0,0
2005,290591,2,1,0,0,0,0,0,0,0,0,0,0
2005,290592,1,1,6,6,6,6,6,6,6,6,6,6
2005,290592,2,1,0,0,0,0,0,0,0,0,0,0
2005,290593,1,1,0,0,0,0,0,0,0,0,0,0
2005,290593,2,1,0,0,0,0,0,0,0,0,0,0
2005,290594,1,1,0,0,0,0,0,27,10,14,0,8
2005,290595,1,1,18,18,18,18,18,18,18,18,18,18
2005,290596,1,1,0,0,0,18,10,11,0,0,18,0
2005,290597,1,1,18,18,18,18,18,18,18,18,18,18
2005,290597,2,1,0,0,0,0,0,0,0,0,0,0
2005,290598,1,1,7,7,7,7,7,7,7,7,7,7
2005,290599,1,1,25,25,25,25,25,25,25,25,25,25
2005,290600,1,1,12,12,12,12,12,12,12,12,12,12
2005,290601,1,1,0,0,0,0,0,0,0,0,0,0
2005,290602,1,1,0,0,0,0,0,0,0,0,0,0
2005,290603,1,1,0,26,0,4,0,0,0,14,0,29
2005,290604,1,1,0,0,0,0,0,0,0,0,0,0
2005,290605,1,1,19,22,0,20,0,24,10,16,0,16
2005,290606,1,1,0,0,0,0,0,0,0,0,0,0
2005,290606,2,1,0,9,0,3,0,0,0,28,0,5
2005,290606,3,1,0,0,0,0,0,0,0,0,0,0
2005,290606,4,1,0,0,0,0,0,0,0,0,0,0
2005,290607,1,1,0,0,0,0,0,0,0,0,0,0
2005,290607,2,1,0,0,0,0,0,0,0,0,0,0
2005,290608,1,1,0,0,0,0,0,0,0,0,0,0
2005,290609,1,1,0,0,0,0,0,0,0,0,0,0
2005,290610,1,1,0,0,0,0,0,0,14,0,0,0
2005,290610,2,1,0,0,0,0,0,0,0,0,0,0
2005,290611,1,1,0,0,0,0,0,0,0,0,0,0
2005,290612,1,1,0,0,0,0,0,0,0,0,0,0
2005,290613,1,1,0,9,6,17,0,0,13,0,0,0
2005,290614,1,1,15,15,15,15,15,15,15,15,15,15
2005,290615,1,1,8,8,8,8,8,8,8,8,8,8
2005,290616,0,1,0,0,0,0,0,0,0,0,0,0
2005,290616,1,1,0,0,0,0,0,0,0,0,0,0
2005,290617,1,1,0,0,0,0,0,0,0,0,0,0
2005,290618,1,1,0,0,0,0,0,0,0,0,0,0
2005,290618,2,1,5,0,0,0,0,0,12,5,17,21
2005,290619,1,1,17,17,17,17,17,17,17,17,17,17
2005,290620,1,1,0,0,0,0,0,0,0,0,0,0
2005,290621,1,1,0,0,0,0,0,0,0,0,0,0
2005,290622,1,1,0,0,0,0,0,0,0,0,0,0
2005,290623,1,1,0,0,0,0,0,16,0,0,0,0
2005,290624,1,1,7,7,7,7,7,7,7,7,7,7
2005,290625,1,1,21,21,21,21,21,21,21,21,21,21
2005,290626,1,1,27,27,27,27,27,27,27,27,27,27
2005,290627,1,1,17,17,17,17,17,17,17,17,17,17
2005,290628,1,1,23,23,23,23,23,23,23,23,23,23
2005,290629,1,1,0,0,0,0,0,0,0,0,0,0
2005,290630,1,1,0,0,0,0,0,0,0,0,0,0
2005,290630,2,1,0,0,0,0,0,0,0,0,0,0
2005,290631,1,1,0,0,0,0,0,0,0,0,0,0
2005,290632,1,1,0,0,0,0,0,0,0,0,0,0
2005,290632,2,1,0,0,0,0,0,0,0,0,0,0
2005,290633,1,1,0,0,0,0,0,0,0,0,0,0
2005,290633,2,1,0,0,0,0,0,0,0,0,0,0
2005,290633,3,1,0,0,0,0,0,0,0,0,0,0
2005,290633,4,1,0,0,0,0,0,0,13,0,0,0
2005,290634,1,1,0,0,0,19,0,0,0,0,0,0
2005,290635,1,1,0,0,0,0,0,0,0,0,0,0
2005,290636,1,1,1,1,1,1,1,1,1,1,1,1
2005,290637,1,1,0,0,0,0,0,0,0,0,0,0
2005,290637,2,1,0,0,0,0,0,0,0,0,0,0
2005,290637,3,1,0,0,0,0,0,0,0,0,0,0
2005,290638,1,1,0,0,0,23,0,0,14,0,27,0
2005,290638,2,1,0,0,0,0,0,0,0,0,0,0
2005,290639,1,1,0,0,0,0,0,0,0,0,0,0
2005,290639,2,1,0,0,0,0,0,0,0,0,0,0
2005,290640,1,1,0,0,0,13,0,0,0,0,0,0
2005,290641,1,1,21,15,0,8,0,20,0,30,0,0
2005,290641,2,1,0,0,0,0,0,0,0,0,0,0
2005,290642,1,1,0,0,0,0,0,0,0,0,0,0
2005,290642,2,1,0,0,0,0,0,0,0,0,0,0
2005,290642,3,1,0,0,0,0,0,0,0,0,0,0
2005,290642,4,1,0,0,0,0,0,0,0,0,0,0
2005,290642,5,1,0,0,0,0,0,0,0,0,0,0
2005,290642,6,1,0,0,0,0,0,0,0,0,0,0
2005,290643,1,1,0,0,0,0,0,0,0,0,0,0
2005,290644,1,1,0,0,0,0,0,0,0,0,0,0
2005,290644,2,1,0,0,0,0,0,0,0,0,0,0
2005,290645,0,1,0,0,0,0,0,0,0,0,0,0
2005,290645,1,1,0,16,12,0,7,15,18,0,9,0
2005,290646,1,1,0,0,0,0,0,0,0,0,0,0
2005,290646,2,1,11,11,11,11,11,11,11,11,11,11
2005,290647,1,1,0,0,0,0,0,0,0,0,0,0
2005,290648,1,1,16,16,16,16,16,16,16,16,16,16
2005,290649,1,1,0,0,0,0,0,0,0,0,0,0
2005,290649,2,1,0,0,0,0,0,0,0,0,0,0
2005,290650,1,1,15,15,15,15,15,15,15,15,15,15
2005,290651,1,1,6,6,6,6,6,6,6,6,6,6
2005,290652,1,1,0,0,0,0,0,0,0,0,0,0
2005,290653,1,1,0,0,0,0,0,0,0,0,0,0
2005,290654,1,1,0,8,12,23,19,0,0,0,0,0
2005,290654,2,1,18,18,18,18,18,18,18,18,18,18
2005,290655,0,1,0,0,0,0,0,0,0,0,0,0
2005,290655,2,1,0,18,0,26,19,20,18,0,5,20
2005,290656,0,1,0,0,0,0,0,0,0,0,0,0
2005,290656,1,1,0,0,0,0,0,0,0,0,0,0
2005,290657,1,1,0,0,0,0,0,0,0,0,0,0
2005,290657,2,1,0,0,0,0,0,5,12,0,0,0
2005,290658,1,1,0,0,0,0,0,0,0,0,0,3
2005,290658,2,1,0,0,0,0,0,0,0,0,0,0
2005,290659,1,1,0,0,0,0,0,0,0,0,0,0
2005,290659,2,1,29,29,29,29,29,29,29,29,29,29
2005,290660,0,1,0,0,0,42,0,0,0,0,0,0
2005,290660,1,1,0,18,0,0,0,0,0,0,0,0
2005,290661,1,1,0,0,0,0,0,0,0,0,14,0
2005,290661,2,1,0,0,0,0,0,0,0,0,0,0
2005,290662,1,1,0,0,0,0,0,0,0,0,0,0
2005,290662,2,1,0,0,0,0,0,0,0,0,0,0
2005,290663,1,1,0,0,0,0,0,0,0,0,0,0
2005,290664,1,1,0,0,0,0,0,0,0,0,0,0
2005,290664,2,1,0,0,0,0,0,0,0,0,0,0
2005,290665,1,1,0,0,0,0,0,0,0,0,0,0
2005,290666,1,1,0,0,0,0,0,0,0,0,0,0
2005,290666,2,1,0,0,0,0,0,0,0,0,0,0
2005,290667,1,1,0,0,0,0,0,0,0,0,0,0
2005,290667,2,1,0,0,0,0,0,0,0,0,0,0
2005,290668,1,1,0,0,0,0,0,0,0,0,0,0
2005,290669,1,1,0,0,0,0,0,0,0,0,0,0
2005,290669,2,1,0,0,0,0,0,0,0,0,0,0
2005,290670,1,1,0,0,0,0,0,0,0,0,0,0
2005,290670,2,1,0,0,0,0,0,0,0,0,0,0
2005,290671,1,1,19,19,19,19,19,19,19,19,19,19
2005,290672,1,1,29,29,29,29,29,29,29,29,29,29
2005,290673,1,1,0,0,0,0,0,0,0,0,0,0
2005,290674,1,1,0,0,0,0,0,0,0,0,0,0
2005,290675,1,1,0,0,0,0,25,0,0,0,0,0
2005,290676,1,1,0,0,0,0,0,0,0,0,0,0
2005,290677,1,1,0,0,0,0,0,0,0,0,0,0
2005,290678,1,1,0,0,0,0,0,0,0,0,0,0
2005,290678,2,1,0,0,0,0,0,0,0,0,0,0
2005,290679,1,1,32,0,0,14,25,11,29,15,26,8
2005,290680,1,1,0,0,0,0,0,0,0,0,0,0
2005,290680,2,1,0,0,0,0,0,0,0,0,0,0
2005,290681,1,1,18,18,18,18,18,18,18,18,18,18
2005,290682,1,1,0,0,0,0,0,0,0,0,0,0
2005,290682,2,1,0,0,0,0,0,0,0,0,0,0
2005,290683,1,1,0,0,0,0,0,0,0,0,0,0
2005,290683,2,1,0,0,0,0,0,0,0,0,0,0
2005,290683,3,1,0,0,0,0,0,0,0,0,0,0
2005,290684,1,1,0,0,0,0,0,12,0,0,0,0
2005,290684,2,1,0,0,0,0,0,0,0,0,0,0
2005,290685,1,1,0,0,0,0,0,0,0,0,0,0
2005,290685,2,1,0,0,9,0,0,0,0,0,0,0
2005,290685,3,1,0,0,0,0,0,0,0,0,0,0
2005,290686,1,1,18,18,18,18,18,18,18,18,18,18
2005,290686,2,1,0,0,0,0,0,0,0,0,0,0
2005,290687,1,1,0,0,0,0,0,0,0,0,0,0
2005,290687,2,1,10,9,12,9,14,9,11,5,3,14
2005,290688,1,1,0,0,0,0,0,0,0,0,0,0
2005,290688,2,1,0,0,0,0,0,0,0,0,0,0
2005,290689,1,1,0,0,0,17,0,0,0,0,0,0
2005,290689,2,1,0,0,0,0,0,0,0,0,0,0
2005,290690,1,1,0,0,0,0,0,0,0,0,0,0
2005,290690,2,1,0,0,0,0,0,0,0,0,0,0
2005,290691,1,1,0,0,0,0,0,0,0,0,0,0
2005,290692,1,1,27,27,27,27,27,27,27,27,27,27
2005,290693,1,1,22,22,22,22,22,22,22,22,22,22
2005,290694,1,1,0,0,0,0,0,0,0,0,0,0
2005,290694,2,1,0,0,0,0,0,0,0,0,0,0
2005,290695,1,1,0,0,0,0,0,0,0,0,0,0
2005,290695,2,1,0,0,0,8,0,0,0,0,0,0
2005,290696,1,1,0,0,0,0,0,0,0,0,0,0
2005,290696,2,1,0,0,0,0,0,0,0,0,0,0
2005,290697,0,1,0,0,0,0,0,0,0,0,0,0
2005,290697,1,1,0,0,0,0,0,0,0,0,0,0
2005,290698,1,1,0,0,0,0,0,0,0,0,0,0
2005,290699,1,1,0,0,0,0,0,0,0,0,0,0
2005,290699,2,1,0,0,0,6,10,21,0,0,11,0
2005,290699,3,1,0,0,0,0,0,0,0,0,0,0
2005,290699,4,1,0,0,0,0,0,0,0,0,0,0
2005,290700,1,1,0,0,0,0,0,0,0,0,0,0
2005,290700,2,1,0,0,0,0,0,0,0,0,0,0
2005,290701,1,1,24,24,24,24,24,24,24,24,24,24
2005,290702,1,1,0,0,0,0,0,0,0,0,0,0
2005,290702,2,1,0,0,0,0,0,0,0,0,18,0
2005,290703,1,1,0,0,0,0,0,0,0,0,0,0
2005,290704,1,1,0,0,0,0,0,0,0,0,0,0
2005,290705,1,1,0,0,0,0,0,0,0,0,0,0
2005,290705,2,1,0,0,0,0,0,0,0,0,0,0
2005,290706,1,1,14,0,0,0,0,0,0,0,0,0
2005,290706,2,1,0,0,0,0,0,0,0,0,0,0
2005,290706,3,1,0,0,0,15,0,0,0,0,0,0
2005,290707,1,1,0,0,0,0,0,0,0,0,0,0
2005,290707,2,1,0,0,0,0,0,0,0,0,0,0
2005,290708,1,1,0,0,0,0,0,0,0,0,0,0
2005,290708,2,1,0,0,0,0,0,0,0,0,0,0
2005,290709,1,1,0,0,0,0,0,0,0,0,0,0
2005,290710,0,1,0,0,0,0,0,0,0,0,0,0
2005,290710,1,1,0,0,0,0,0,0,0,0,0,0
2005,290711,1,1,0,0,0,0,10,0,0,0,0,0
2005,290711,2,1,0,0,0,0,0,0,0,0,0,0
2005,290712,1,1,20,20,20,20,20,20,20,20,20,20
2005,290712,2,1,0,0,0,0,0,0,0,0,0,0
2005,290713,1,1,21,21,21,21,21,21,21,21,21,21
2005,290714,1,1,21,21,21,21,21,21,21,21,21,21
2005,290715,1,1,0,0,0,0,0,0,0,0,0,0
2005,290715,2,1,0,0,0,0,0,0,0,0,0,0
2005,290715,3,1,0,0,0,0,0,0,0,0,0,0
2005,290716,1,1,0,0,0,0,0,0,0,0,0,0
2005,290716,2,1,0,0,0,0,0,0,0,0,0,0
2005,290717,1,1,25,25,25,25,25,25,25,25,25,25
2005,290717,2,1,0,0,0,0,0,0,0,0,0,0
2005,290717,3,1,28,0,0,11,15,0,0,0,0,0
2005,290718,1,1,11,11,11,11,11,11,11,11,11,11
2005,290719,1,1,0,0,0,0,0,0,0,0,0,0
2005,290719,2,1,0,0,0,0,0,0,0,0,0,0
2005,290720,1,1,0,0,0,0,0,0,0,0,0,0
2005,290720,2,1,0,0,0,0,0,0,0,0,0,0
2005,290721,1,1,0,0,0,0,0,0,0,0,0,0
2005,290722,1,1,17,17,17,17,17,17,17,17,17,17
2005,290722,2,1,0,0,0,0,0,0,0,0,0,0