YEAR,ST_CASE,veh_no,per_no,P1,P2,P3,P4,P5,P6,P7,P8,P9,P10
2005,291013,1,1,17,17,17,17,17,17,17,17,17,17
2005,291014,1,1,24,0,21,0,8,24,20,14,19,20
2005,291015,1,1,0,0,0,0,10,0,0,0,0,10
2005,291015,2,1,5,5,5,5,5,5,5,5,5,5
2005,291016,1,1,29,29,29,29,29,29,29,29,29,29
2005,291017,1,1,0,0,0,0,0,0,0,0,0,0
2005,291018,1,1,5,5,5,5,5,5,5,5,5,5
2005,291018,2,1,0,13,15,0,11,0,5,0,0,10
2005,291019,1,1,0,0,0,0,0,0,0,0,0,0
2005,291020,1,1,2,19,29,8,0,7,12,0,33,9
2005,291021,1,1,23,23,23,23,23,23,23,23,23,23
2005,291022,1,1,0,0,0,0,0,0,0,0,32,0
2005,291022,2,1,0,0,0,0,0,0,0,0,0,0
2005,291023,1,1,0,0,0,2,10,0,0,0,0,0
2005,291023,2,1,0,0,0,0,0,0,0,0,0,0
2005,291024,1,1,3,3,3,3,3,3,3,3,3,3
2005,291025,1,1,0,0,0,0,0,0,0,0,0,0
2005,291025,2,1,0,0,0,0,0,0,0,0,0,0
2005,291026,1,1,11,11,11,11,11,11,11,11,11,11
2005,291026,2,1,0,0,0,0,0,0,0,0,0,0
2005,291027,1,1,0,0,0,0,0,0,0,0,0,0
2005,291028,1,1,0,0,0,0,0,0,0,0,0,0
2005,291029,1,1,0,0,0,0,0,0,0,0,0,0
2005,291030,1,1,0,0,0,0,0,0,0,0,0,0
2005,291031,1,1,0,0,0,0,0,0,0,0,0,0
2005,291031,2,1,0,0,0,0,0,0,0,0,0,0
2005,291031,3,1,0,0,0,0,0,0,0,0,0,0
2005,291032,1,1,0,0,15,0,0,14,0,0,16,17
2005,291033,1,1,0,0,0,0,0,0,0,0,0,0
2005,291033,2,1,0,0,0,0,0,0,0,0,0,0
2005,291034,1,1,11,11,11,11,11,11,11,11,11,11
2005,291035,1,1,0,0,0,0,0,0,0,0,0,0
2005,291035,2,1,0,0,0,0,0,0,0,0,0,0
2005,291036,1,1,19,19,19,19,19,19,19,19,19,19
2005,291037,1,1,0,0,0,0,0,0,0,0,0,0
2005,291037,2,1,0,0,0,0,0,0,0,0,0,0
2005,291038,0,1,0,0,0,0,0,0,0,0,0,0
2005,291038,1,1,0,0,0,0,0,0,0,0,0,0
2005,291039,1,1,16,16,16,16,16,16,16,16,16,16
2005,291040,1,1,17,17,17,17,17,17,17,17,17,17
2005,291041,1,1,0,0,0,0,0,0,0,0,0,0
2005,291042,1,1,24,0,0,8,0,30,11,0,27,0
2005,291043,0,1,29,29,29,29,29,29,29,29,29,29
2005,291043,1,1,4,4,4,4,4,4,4,4,4,4
2005,291044,1,1,0,0,0,0,0,0,0,0,0,0
2005,291045,1,1,21,21,21,21,21,21,21,21,21,21
2005,291046,0,1,23,23,23,23,23,23,23,23,23,23
2005,291046,1,1,12,0,14,0,17,0,0,4,3,0
2005,291047,1,1,7,7,7,7,7,7,7,7,7,7
2005,291047,2,1,0,0,0,0,0,0,0,0,0,0
2005,291048,1,1,0,0,0,0,0,0,0,0,0,0
2005,291048,2,1,0,0,0,0,0,0,0,0,0,0
2005,291049,1,1,0,0,0,0,0,0,0,0,0,31
2005,291049,2,1,0,0,0,0,0,0,0,0,0,0
2005,291050,0,1,18,18,18,18,18,18,18,18,18,18
2005,291050,1,1,0,0,0,0,0,0,0,0,0,0
2005,291051,1,1,0,0,0,0,0,0,0,0,0,0
2005,291051,2,1,0,0,0,0,0,0,0,0,0,0
2005,291051,3,1,0,0,0,0,0,0,0,0,0,0
2005,291051,4,1,0,0,0,0,0,0,4,0,0,21
2005,291052,1,1,8,8,8,8,8,8,8,8,8,8
2005,291053,1,1,24,24,24,24,24,24,24,24,24,24
2005,291054,1,1,27,27,27,27,27,27,27,27,27,27
2005,291055,1,1,10,10,22,19,14,20,37,15,7,24
2005,291055,2,1,0,0,0,0,0,0,0,0,0,0
2005,291056,1,1,18,18,18,18,18,18,18,18,18,18
2005,291057,0,1,20,20,20,20,20,20,20,20,20,20
2005,291057,1,1,0,0,0,0,0,0,0,0,0,0
2005,291057,2,1,0,0,0,0,0,0,0,0,0,0
2005,291058,1,1,0,0,0,0,0,0,0,0,0,0
2005,291058,2,1,13,16,19,20,0,21,1,22,14,23
2005,291058,3,1,0,0,21,0,0,0,19,0,0,0
2005,291059,1,1,29,29,29,29,29,29,29,29,29,29
2005,291060,1,1,0,0,0,0,0,0,0,0,0,0
2005,291061,0,1,0,0,0,0,0,0,12,0,0,0
2005,291061,1,1,0,0,0,0,0,0,0,0,0,0
2005,291062,1,1,10,10,10,10,10,10,10,10,10,10
2005,291063,1,1,0,0,0,0,0,0,0,0,0,0
2005,291064,1,1,0,0,0,12,0,12,22,0,0,0
2005,291065,1,1,0,0,0,0,0,0,0,0,0,0
2005,291066,1,1,0,0,0,0,0,0,0,0,0,0
2005,291066,2,1,0,0,0,0,0,0,0,0,0,0
2005,291066,3,1,0,0,0,0,0,0,0,0,0,0
2005,291066,4,1,0,0,0,0,0,0,0,0,0,0
2005,291067,1,1,0,0,0,0,0,0,0,0,0,0
2005,291067,2,1,0,0,0,0,0,0,0,0,0,0
2005,291068,1,1,19,19,19,19,19,19,19,19,19,19
2005,291069,1,1,0,0,0,0,0,0,0,0,0,0
2005,291070,1,1,0,0,0,7,0,0,0,0,0,0
2005,291070,2,1,0,0,0,0,0,0,0,0,0,0
2005,291071,1,1,0,0,0,0,0,0,0,0,0,0
2005,291072,1,1,0,0,0,0,0,0,0,0,0,0
2005,291072,2,1,0,0,0,0,0,0,0,0,0,0
2005,291073,1,1,0,0,0,0,0,0,0,0,0,0
2005,291074,1,1,0,0,0,0,0,0,0,0,0,0
2005,291074,2,1,0,0,0,0,0,0,0,0,0,0
2005,291075,1,1,16,16,16,16,16,16,16,16,16,16
2005,291076,1,1,0,0,0,0,0,0,0,0,0,0
2005,291077,1,1,0,0,0,0,0,0,0,0,0,0
2005,291078,1,1,15,0,0,0,0,14,0,0,0,0
2005,291079,1,1,17,17,17,17,17,17,17,17,17,17
2005,291080,1,1,0,0,0,0,0,0,0,0,0,0
2005,291080,2,1,0,0,0,0,0,0,0,0,0,0
2005,291081,1,1,0,0,0,0,0,0,0,0,0,0
2005,291081,2,1,0,0,0,0,0,0,0,0,0,0
2005,291081,3,1,0,0,0,0,0,0,0,0,0,0
2005,291082,1,1,0,0,0,0,11,0,0,0,0,0
2005,291082,2,1,0,0,0,0,0,0,0,0,0,0
2005,291083,1,1,0,0,0,0,0,0,0,0,0,0
2005,291084,1,1,20,20,20,20,20,20,20,20,20,20
2005,291084,2,1,15,15,15,15,15,15,15,15,15,15
2005,291084,3,1,0,0,0,0,0,0,0,0,0,13
2005,291085,1,1,8,8,8,8,8,8,8,8,8,8
2005,291086,1,1,0,0,0,0,0,0,0,0,0,0
2005,291087,1,1,0,0,0,0,0,0,0,0,0,0
2005,291088,1,1,21,21,21,21,21,21,21,21,21,21
2005,291089,0,1,20,20,20,20,20,20,20,20,20,20
2005,291089,1,1,0,21,8,3,3,19,0,0,0,13
2005,291090,0,1,13,31,10,24,16,10,10,23,38,7
2005,291090,1,1,3,3,3,3,3,3,3,3,3,3
2005,291091,1,1,0,0,0,0,0,0,0,0,0,0
2005,291092,1,1,0,0,0,0,0,0,0,0,0,0
2005,291093,1,1,3,3,3,3,3,3,3,3,3,3
2005,291094,1,1,0,0,0,0,0,0,0,0,0,0
2005,291094,2,1,0,0,0,0,0,0,0,0,0,0
2005,291094,3,1,0,0,0,0,0,0,0,0,0,0
2005,291095,1,1,0,0,0,0,0,0,0,0,0,0
2005,291096,1,1,0,0,0,0,0,0,0,0,0,0
2005,291096,2,1,0,0,0,0,0,0,0,0,0,0
2005,291097,1,1,0,0,0,0,7,0,0,0,8,0
2005,291097,2,1,0,0,0,0,0,0,0,0,9,0
2005,291098,1,1,9,9,9,9,9,9,9,9,9,9
2005,291099,1,1,10,0,10,0,20,3,0,0,0,30
2005,291100,1,1,0,0,0,0,0,0,0,0,0,0
2005,291100,2,1,0,0,0,0,0,0,0,0,0,0
2005,291101,0,1,12,0,44,29,0,35,20,13,0,0
2005,291101,1,1,14,0,0,0,0,0,0,14,0,12
2005,291102,1,1,0,0,0,16,17,0,0,0,0,0
2005,291102,2,1,0,0,0,0,0,0,0,0,0,0
2005,291103,1,1,0,0,0,0,14,0,2,0,0,0
2005,291104,1,1,0,0,0,0,0,0,0,0,0,0
2005,291105,1,1,0,0,0,0,0,0,0,0,0,0
2005,291106,1,1,17,17,17,17,17,17,17,17,17,17
2005,291107,1,1,0,0,0,0,0,0,0,0,0,0
2005,291107,2,1,0,0,0,0,0,0,0,0,0,0
2005,291107,3,1,0,0,0,0,0,0,0,0,0,0
2005,291108,1,1,0,0,0,0,28,6,0,0,11,0
2005,291109,1,1,0,0,0,0,0,0,0,0,0,0
2005,291109,2,1,32,32,32,32,32,32,32,32,32,32
2005,291110,1,1,0,0,0,0,0,0,0,0,0,0
2005,291110,2,1,0,0,0,0,0,0,0,0,0,0
2005,291111,1,1,17,17,17,17,17,17,17,17,17,17
2005,291112,1,1,0,0,0,25,0,0,0,0,0,0
2005,291112,2,1,0,0,0,0,0,0,0,0,0,0
2005,291113,1,1,0,0,0,0,0,0,0,0,0,0
2005,291113,2,1,0,0,0,0,0,0,0,0,0,0
2005,291114,0,1,0,0,0,5,0,0,4,0,0,0
2005,291114,1,1,7,0,23,10,0,0,11,0,0,20
2005,291115,1,1,0,0,0,0,0,0,0,0,0,0
2005,291116,1,1,0,0,0,0,0,0,0,0,0,0
2005,291117,0,1,14,14,14,14,14,14,14,14,14,14
2005,291117,1,1,0,0,0,0,0,9,0,2,0,0
2005,291117,3,1,0,0,0,14,4,0,15,0,0,0
2005,291118,1,1,0,0,21,0,0,0,0,0,9,29
2005,291119,1,1,22,8,27,14,8,21,18,22,17,8
2005,291120,1,1,0,0,0,0,11,0,0,31,0,0
2005,291121,1,1,0,0,0,0,0,0,0,0,0,0
2005,291121,2,1,0,0,0,0,0,0,0,0,0,0
2005,291122,1,1,0,0,0,0,0,0,0,0,0,0
2005,291123,0,1,0,0,0,0,0,4,0,0,0,0
2005,291123,1,1,0,0,0,0,0,11,0,0,0,5
2005,291123,2,1,0,0,0,0,0,20,0,16,0,12
2005,291124,1,1,0,0,6,0,0,0,0,0,0,0
2005,291125,0,1,0,0,0,0,0,0,0,0,0,0
2005,291125,1,1,0,0,0,0,0,0,0,0,0,0
2005,291126,1,1,0,0,0,0,0,0,0,0,0,0
2005,291126,2,1,0,0,0,0,0,0,0,0,0,0
2005,291127,1,1,0,0,0,0,0,0,0,11,0,0
2005,291127,2,1,0,0,0,0,0,0,0,0,0,0
2005,300001,1,1,24,24,24,24,24,24,24,24,24,24
2005,300002,1,1,0,0,0,0,0,0,0,0,0,0
2005,300003,1,1,12,12,12,12,12,12,12,12,12,12
2005,300004,1,1,16,16,16,16,16,16,16,16,16,16
2005,300005,1,1,22,22,22,22,22,22,22,22,22,22
2005,300006,1,1,10,0,0,21,22,0,11,0,0,15
2005,300007,1,1,0,0,0,0,0,0,0,12,0,0
2005,300007,2,1,0,0,0,0,0,0,0,0,0,0
2005,300008,1,1,24,24,24,24,24,24,24,24,24,24
2005,300009,1,1,0,0,0,0,0,0,0,0,0,0
2005,300009,2,1,0,0,0,0,0,0,0,0,0,0
2005,300010,1,1,20,20,20,20,20,20,20,20,20,20
2005,300011,1,1,0,0,0,0,0,0,0,0,0,0
2005,300011,2,1,0,0,0,0,0,0,0,0,0,0
2005,300012,1,1,0,0,0,0,0,0,0,0,0,0
2005,300012,2,1,0,0,0,0,0,0,0,0,0,0
2005,300013,1,1,0,0,0,0,0,0,0,0,0,0
2005,300014,1,2,46,20,0,0,0,0,25,0,0,29
2005,300015,1,1,10,10,10,10,10,10,10,10,10,10
2005,300016,1,1,28,28,28,28,28,28,28,28,28,28
2005,300017,1,1,18,18,18,18,18,18,18,18,18,18
2005,300018,0,1,8,23,32,32,15,20,21,17,18,16
2005,300018,1,1,0,0,0,0,0,0,0,0,0,0
2005,300019,1,1,0,0,0,0,0,10,0,12,0,0
2005,300020,1,1,8,8,8,8,8,8,8,8,8,8
2005,300021,0,1,0,0,0,0,0,0,0,0,0,0
2005,300021,1,1,0,0,0,0,0,0,0,0,0,0
2005,300022,1,1,16,26,20,0,25,19,27,0,33,15
2005,300023,1,1,0,0,0,0,0,0,0,0,0,0
2005,300024,1,1,11,11,11,11,11,11,11,11,11,11
2005,300025,1,1,0,0,0,0,11,0,0,0,0,0
2005,300026,0,1,0,0,0,0,0,0,0,0,0,0
2005,300026,1,1,0,0,0,0,0,0,0,0,0,0
2005,300027,1,1,13,13,13,13,13,13,13,13,13,13
2005,300028,1,1,0,0,0,0,0,0,0,0,0,0
2005,300028,2,1,0,0,0,0,0,0,0,0,0,0
2005,300029,1,1,0,0,0,0,0,0,0,0,0,0
2005,300030,1,1,0,0,0,0,0,0,0,0,0,0
2005,300031,1,1,0,0,0,0,0,0,0,0,0,0
2005,300031,2,1,0,0,0,0,0,0,0,0,0,0
2005,300032,1,1,13,13,13,13,13,13,13,13,13,13
2005,300033,1,1,0,0,0,0,0,0,0,0,0,0
2005,300034,1,1,0,0,16,10,7,0,0,0,0,0
2005,300035,1,1,25,25,25,25,25,25,25,25,25,25
2005,300035,2,1,0,0,0,0,0,0,0,0,0,0
2005,300035,3,1,0,0,0,0,0,0,0,0,0,0
2005,300036,1,1,0,0,0,0,0,0,0,0,0,0
2005,300037,1,2,0,14,16,25,0,19,25,0,24,43
2005,300038,1,1,10,10,10,10,10,10,10,10,10,10
2005,300039,1,1,0,0,0,0,0,0,0,0,0,0
2005,300039,2,1,0,0,0,0,0,0,0,0,0,0
2005,300040,1,1,0,0,0,0,0,0,0,0,0,0
2005,300041,1,1,0,0,0,0,0,0,0,0,0,0
2005,300042,1,1,0,0,0,0,0,0,0,0,0,0
2005,300043,1,1,0,0,0,0,0,10,0,0,0,0
2005,300043,2,1,0,0,0,0,0,0,0,0,0,0
2005,300044,1,1,29,0,0,0,0,0,0,4,0,0
2005,300045,1,1,0,0,0,0,0,0,0,0,0,0
2005,300046,1,1,5,5,5,5,5,5,5,5,5,5
2005,300047,1,1,0,0,0,0,0,0,0,0,0,0
2005,300048,1,1,10,10,10,10,10,10,10,10,10,10
2005,300049,1,1,0,0,0,0,0,0,0,0,0,0
2005,300050,1,1,22,22,22,22,22,22,22,22,22,22
2005,300051,1,1,0,0,0,0,0,0,0,0,0,0
2005,300051,2,1,0,0,0,0,0,0,0,0,0,0
2005,300052,1,1,0,0,0,0,0,0,0,0,0,0
2005,300053,1,1,0,0,0,0,0,0,0,0,0,0
2005,300053,2,1,0,0,0,0,0,0,0,0,0,0
2005,300054,1,1,0,0,0,0,0,0,0,0,0,0
2005,300055,1,1,17,17,17,17,17,17,17,17,17,17
2005,300055,2,1,0,0,0,0,0,0,0,0,0,0
2005,300056,1,1,18,18,18,18,18,18,18,18,18,18
2005,300057,0,1,0,0,0,0,0,0,0,0,0,0
2005,300057,1,1,0,0,0,0,0,0,0,0,0,0
2005,300058,1,1,0,0,0,0,0,0,0,6,0,0
2005,300059,1,1,22,22,22,22,22,22,22,22,22,22
2005,300060,1,1,0,0,0,0,0,0,0,0,0,0
2005,300061,1,1,21,21,21,21,21,21,21,21,21,21
2005,300062,1,1,20,20,20,20,20,20,20,20,20,20
2005,300063,1,1,17,17,17,17,17,17,17,17,17,17
2005,300064,1,1,18,18,18,18,18,18,18,18,18,18
2005,300065,1,1,0,0,0,0,0,0,0,0,0,0
2005,300065,2,1,0,0,0,0,16,0,0,0,0,0
2005,300066,1,1,0,0,0,0,0,0,0,0,0,0
2005,300066,2,1,0,0,0,0,0,0,0,0,0,0
2005,300067,1,1,0,0,0,0,0,0,0,0,0,0
2005,300067,2,1,0,0,0,0,0,0,0,0,0,0
2005,300068,1,1,30,30,30,30,30,30,30,30,30,30
2005,300068,2,1,0,0,0,0,0,0,0,0,0,0
2005,300069,1,1,8,8,17,5,14,6,6,13,22,15
2005,300070,1,1,25,25,25,25,25,25,25,25,25,25
2005,300071,1,1,0,0,0,0,0,0,0,0,0,0
2005,300072,1,1,0,0,0,0,0,0,0,0,0,0
2005,300072,2,1,0,0,0,0,0,0,0,0,0,0
2005,300073,1,1,0,0,0,0,0,0,0,0,0,0
2005,300074,1,1,0,0,0,0,0,0,0,0,0,0
2005,300075,1,1,0,0,0,0,0,0,0,0,0,0
2005,300076,1,1,26,26,26,26,26,26,26,26,26,26
2005,300077,1,1,25,25,25,25,25,25,25,25,25,25
2005,300078,1,1,0,0,0,0,0,0,0,0,0,0
2005,300078,2,1,0,0,0,0,0,0,13,0,0,0
2005,300079,1,1,0,0,0,0,0,0,0,0,0,0
2005,300080,1,1,12,13,10,15,17,4,12,27,9,7
2005,300081,1,1,12,12,12,12,12,12,12,12,12,12
2005,300082,0,1,0,0,0,0,0,0,0,0,0,0
2005,300082,1,1,0,0,0,0,0,0,0,0,0,0
2005,300083,1,1,0,0,15,0,16,0,0,29,38,31
2005,300084,1,1,14,14,14,14,14,14,14,14,14,14
2005,300085,1,1,10,28,9,5,19,11,16,12,4,7
2005,300085,2,1,0,0,0,0,0,0,0,0,0,0
2005,300086,1,1,9,9,9,9,9,9,9,9,9,9
2005,300087,1,1,0,0,0,0,0,0,0,0,23,0
2005,300088,1,1,0,0,0,0,0,17,0,0,0,11
2005,300089,1,1,14,14,14,14,14,14,14,14,14,14
2005,300090,1,1,0,0,0,0,0,0,0,0,0,0
2005,300090,2,1,27,27,27,27,27,27,27,27,27,27
2005,300090,3,1,0,0,0,0,0,0,0,0,0,0
2005,300091,1,1,0,0,0,0,0,0,0,0,0,0
2005,300091,2,1,0,0,0,0,0,0,0,0,0,0
2005,300092,1,1,8,8,8,8,8,8,8,8,8,8
2005,300093,1,1,9,9,9,9,9,9,9,9,9,9
2005,300094,1,1,0,0,0,0,0,0,0,0,0,0
2005,300095,1,1,16,16,16,16,16,16,16,16,16,16
2005,300096,1,1,0,0,0,0,0,0,0,0,0,0
2005,300097,1,1,0,0,0,0,0,0,0,0,0,0
2005,300098,1,1,0,0,0,3,0,0,0,0,0,0
2005,300098,2,1,0,0,0,0,0,0,0,0,0,0
2005,300099,1,1,12,12,12,12,12,12,12,12,12,12
2005,300100,1,1,0,0,0,0,0,0,0,0,0,0
2005,300100,2,1,0,0,0,0,0,0,0,0,0,0
2005,300101,2,1,0,0,0,0,0,0,0,0,0,0
2005,300102,1,1,0,0,0,0,0,0,0,0,0,0
2005,300103,1,1,6,6,6,6,6,6,6,6,6,6
2005,300104,1,1,0,0,0,0,0,0,0,0,0,0
2005,300105,1,1,0,0,0,0,0,0,0,0,0,0
2005,300105,2,1,0,0,0,0,0,0,0,0,0,0
2005,300105,3,1,0,0,0,0,0,0,0,0,0,0
2005,300105,4,1,0,0,0,0,0,0,0,0,0,0
2005,300105,5,1,0,0,0,0,0,0,0,0,0,0
2005,300106,1,1,0,0,0,0,0,0,0,0,0,0
2005,300107,1,1,0,0,0,0,0,0,0,0,0,0
2005,300108,1,1,22,22,22,22,22,22,22,22,22,22
2005,300109,1,1,11,11,11,11,11,11,11,11,11,11
2005,300110,1,1,14,14,14,14,14,14,14,14,14,14
2005,300111,1,1,0,0,0,0,0,0,0,0,0,0
2005,300111,2,1,0,0,0,0,0,0,0,0,0,0
2005,300112,0,1,0,0,0,0,0,0,0,0,0,0
2005,300112,1,1,0,0,0,0,0,0,0,0,0,0
2005,300113,1,1,0,11,11,0,0,19,15,0,19,0
2005,300114,1,1,13,13,13,13,13,13,13,13,13,13
2005,300115,1,1,24,24,24,24,24,24,24,24,24,24
2005,300116,1,1,0,0,0,0,0,0,0,0,0,0
2005,300117,1,1,0,0,0,0,0,0,0,0,0,0
2005,300117,2,1,0,0,0,0,0,0,0,0,0,0
2005,300118,1,1,0,0,0,0,0,0,0,0,0,0
2005,300118,2,1,0,0,0,0,0,0,0,0,0,0
2005,300119,1,1,31,31,31,31,31,31,31,31,31,31
2005,300120,1,1,19,19,19,19,19,19,19,19,19,19
2005,300121,1,1,24,24,24,24,24,24,24,24,24,24
2005,300122,1,1,26,20,34,36,25,15,9,21,9,19
2005,300123,1,1,18,18,18,18,18,18,18,18,18,18
2005,300123,2,1,0,0,0,0,0,0,0,0,0,0
2005,300124,1,1,0,0,0,0,0,0,0,0,0,0
2005,300124,2,1,0,0,0,0,0,0,0,0,0,0
2005,300125,1,1,10,10,10,10,10,10,10,10,10,10
2005,300126,1,1,0,0,0,0,0,0,0,0,0,0
2005,300127,1,1,13,13,13,13,13,13,13,13,13,13
2005,300128,1,1,7,7,7,7,7,7,7,7,7,7
2005,300129,1,1,0,0,0,0,0,0,0,0,0,0
2005,300130,1,1,8,8,8,8,8,8,8,8,8,8
2005,300131,1,1,0,0,0,0,0,0,0,0,0,0
2005,300132,1,1,13,0,0,12,3,0,0,22,0,0
2005,300133,1,1,20,20,20,20,20,20,20,20,20,20
2005,300134,1,1,30,30,30,30,30,30,30,30,30,30
2005,300135,1,1,0,0,0,0,0,0,0,0,0,0
2005,300135,2,1,0,0,0,0,0,0,0,0,0,0
2005,300136,1,1,0,0,0,0,0,0,0,0,0,0
2005,300137,1,1,0,0,0,0,0,0,0,0,0,0
2005,300137,2,1,0,0,0,0,0,0,0,0,0,0
2005,300138,1,1,0,0,0,0,0,0,0,0,0,0
2005,300138,2,1,0,0,0,0,0,0,0,0,0,0
2005,300139,1,1,0,0,0,0,0,0,0,0,0,21
2005,300139,2,1,0,0,0,0,0,0,0,0,0,0
2005,300140,1,1,0,0,0,0,0,0,0,0,0,0
2005,300141,1,1,17,17,17,17,17,17,17,17,17,17
2005,300142,1,1,0,0,0,0,0,0,0,0,0,0
2005,300143,1,1,0,0,0,0,0,0,0,0,0,0
2005,300143,2,1,0,0,0,0,0,0,0,0,0,0
2005,300144,1,1,25,9,17,30,30,14,19,24,8,9
2005,300145,1,1,23,15,21,22,34,35,28,20,24,32
2005,300146,1,1,0,0,0,0,0,0,0,0,0,0
2005,300147,1,1,0,0,0,0,0,0,0,0,0,0
2005,300148,1,1,9,17,0,18,16,11,17,17,5,16
2005,300148,2,1,0,0,0,0,0,0,0,0,0,0
2005,300149,1,1,4,13,19,6,0,11,17,11,21,12
2005,300150,1,1,17,7,27,22,0,35,22,0,16,30
2005,300151,1,1,20,20,20,20,20,20,20,20,20,20
2005,300152,1,1,20,20,20,20,20,20,20,20,20,20
2005,300153,1,1,0,0,0,0,0,0,0,0,0,0
2005,300153,2,1,0,0,0,0,0,0,0,0,0,0
2005,300154,1,1,0,0,0,0,0,0,0,0,0,0
2005,300155,0,1,36,26,40,21,15,31,28,35,21,25
2005,300155,1,1,29,16,21,12,19,15,5,37,15,15
2005,300156,1,1,22,22,22,22,22,22,22,22,22,22
2005,300157,1,1,17,17,17,17,17,17,17,17,17,17
2005,300158,0,1,0,0,0,0,0,0,0,0,0,0
2005,300158,1,1,13,13,13,13,13,13,13,13,13,13
2005,300159,1,1,0,0,0,0,0,0,0,0,0,0
2005,300160,1,1,0,0,0,0,0,0,0,0,0,0
2005,300161,1,1,0,0,0,0,0,0,0,0,0,0
2005,300161,2,1,0,0,0,0,0,0,0,0,0,0
2005,300162,1,1,0,0,0,0,0,0,0,0,0,0
2005,300163,1,1,17,17,17,17,17,17,17,17,17,17
2005,300164,1,1,14,22,24,5,16,7,11,23,8,13
2005,300164,2,1,0,0,0,0,0,0,0,0,0,0
2005,300165,1,1,17,17,17,17,17,17,17,17,17,17
2005,300166,1,1,0,0,0,0,0,0,0,0,0,0
2005,300166,2,1,0,0,0,0,0,0,0,0,0,0
2005,300167,1,1,0,0,0,0,13,0,14,0,0,0
2005,300168,1,1,0,0,0,0,0,0,0,0,0,0
2005,300169,0,1,0,0,0,0,0,0,0,0,0,0
2005,300169,1,1,0,0,0,0,0,0,0,0,0,0
2005,300170,1,1,0,0,0,0,0,0,0,0,0,0
2005,300171,1,1,13,13,13,13,13,13,13,13,13,13
2005,300172,1,1,2,2,2,2,2,2,2,2,2,2
2005,300173,1,1,6,6,6,6,6,6,6,6,6,6
2005,300174,1,1,0,0,0,0,0,0,0,0,0,0
2005,300174,2,1,0,0,0,0,0,0,0,0,0,0
2005,300175,1,1,0,0,0,0,0,0,0,0,0,0
2005,300175,2,1,0,12,0,0,0,0,0,0,0,0
2005,300175,3,1,0,0,0,10,0,0,0,0,0,10
2005,300176,1,1,0,0,0,0,0,0,0,0,0,0
2005,300176,2,1,0,0,0,0,0,0,0,0,0,0
2005,300177,1,1,0,0,0,0,0,0,0,0,0,0
2005,300178,1,1,0,0,0,0,0,0,0,0,0,0
2005,300178,2,1,0,0,0,0,0,0,0,0,0,0
2005,300179,1,1,0,0,0,0,0,0,0,0,0,0
2005,300180,1,1,0,0,0,0,0,0,0,0,0,0
2005,300180,2,1,0,0,0,0,0,0,0,0,0,0
2005,300181,1,1,17,0,0,11,16,12,18,0,17,15
2005,300182,1,1,0,0,0,0,0,0,0,0,0,0
2005,300183,1,1,0,0,0,0,0,0,0,0,0,0
2005,300183,2,1,0,0,0,0,0,0,0,0,0,0
2005,300184,1,1,17,17,17,17,17,17,17,17,17,17
2005,300185,1,1,0,18,10,0,14,27,0,9,13,0
2005,300186,1,1,19,19,19,19,19,19,19,19,19,19
2005,300186,2,1,0,0,0,0,0,0,0,0,0,0
2005,300187,0,1,22,22,22,22,22,22,22,22,22,22
2005,300187,1,1,0,0,0,0,0,0,0,0,0,0
2005,300188,1,1,11,11,11,11,11,11,11,11,11,11
2005,300189,1,1,0,0,0,0,0,0,0,0,0,0
2005,300190,1,1,1,1,1,1,1,1,1,1,1,1
2005,300190,2,1,0,0,0,0,0,0,0,0,0,0
2005,300191,1,1,22,22,22,22,22,22,22,22,22,22
2005,300192,1,1,12,0,8,5,23,16,18,10,17,18
2005,300193,1,1,0,0,0,0,0,0,0,0,0,0
2005,300193,2,1,0,0,0,0,0,0,0,0,0,0
2005,300193,3,1,0,0,0,0,0,0,0,0,0,0
2005,300193,4,1,0,0,0,0,0,0,0,0,0,0
2005,300194,1,1,0,0,0,0,0,0,0,0,0,0
2005,300195,1,1,0,0,0,0,0,0,0,0,0,0
2005,300196,1,1,18,18,18,18,18,18,18,18,18,18
2005,300197,1,1,18,18,18,18,18,18,18,18,18,18
2005,300198,0,1,0,0,0,0,0,0,0,0,0,0
2005,300198,1,1,0,0,0,0,0,0,0,0,0,0
2005,300199,1,1,15,15,15,15,15,15,15,15,15,15
2005,300199,2,1,4,4,4,4,4,4,4,4,4,4
2005,300200,0,1,0,36,0,25,0,32,30,0,16,0
2005,300200,1,1,17,17,17,17,17,17,17,17,17,17
2005,300201,1,1,0,0,0,0,0,0,0,0,0,0
2005,300202,1,1,9,9,9,9,9,9,9,9,9,9
2005,300203,0,1,0,0,0,0,0,0,0,0,0,0
2005,300203,1,1,0,0,0,0,0,0,0,0,0,0
2005,300204,0,1,5,5,5,5,5,5,5,5,5,5
2005,300204,1,1,0,0,0,0,0,0,0,0,0,0