YEAR,ST_CASE,veh_no,per_no,P1,P2,P3,P4,P5,P6,P7,P8,P9,P10
2005,300205,1,1,0,0,0,0,0,0,0,0,0,0
2005,300206,1,1,0,0,0,0,0,0,0,0,0,0
2005,300207,1,1,0,0,0,0,0,0,0,0,0,0
2005,300207,2,1,0,0,0,0,0,0,0,0,0,0
2005,300208,0,1,0,0,0,0,9,0,0,0,0,0
2005,300208,1,1,0,10,0,0,6,0,0,0,0,0
2005,300209,1,1,9,9,9,9,9,9,9,9,9,9
2005,300210,0,1,38,32,52,23,26,26,10,26,26,20
2005,300210,1,1,14,0,0,0,19,9,0,0,0,0
2005,300211,1,1,0,0,0,0,0,0,0,0,0,0
2005,300212,1,1,0,0,0,0,0,0,0,0,0,0
2005,300213,1,1,13,13,13,13,13,13,13,13,13,13
2005,300213,2,1,0,0,0,0,0,0,0,4,0,0
2005,300214,1,1,0,0,0,0,0,0,0,0,0,0
2005,300214,2,1,0,0,0,0,0,0,0,0,0,0
2005,300215,1,1,0,0,0,0,0,0,0,0,0,0
2005,300215,2,1,0,0,0,0,0,0,0,0,0,0
2005,300216,1,1,0,0,0,0,0,0,0,0,0,0
2005,300216,2,1,0,0,0,0,0,0,0,0,0,0
2005,300217,1,1,0,0,0,0,0,0,0,0,0,0
2005,300217,2,1,12,12,12,12,12,12,12,12,12,12
2005,300218,1,1,22,22,22,22,22,22,22,22,22,22
2005,300219,1,1,12,12,12,12,12,12,12,12,12,12
2005,300220,1,1,6,6,6,6,6,6,6,6,6,6
2005,300221,1,1,0,0,0,0,0,0,0,0,0,0
2005,300222,1,1,19,19,19,19,19,19,19,19,19,19
2005,300223,0,1,0,0,0,0,0,0,0,0,0,0
2005,300223,1,1,0,0,0,0,0,0,0,0,0,0
2005,300224,1,1,21,0,0,0,22,21,16,0,0,11
2005,310001,1,1,0,0,0,0,0,0,0,0,0,0
2005,310002,1,1,0,0,0,0,0,0,0,0,0,0
2005,310003,1,1,12,12,12,12,12,12,12,12,12,12
2005,310003,2,1,0,0,0,0,0,0,0,0,0,0
2005,310004,1,1,0,0,0,0,0,0,0,0,0,0
2005,310005,1,1,0,0,0,0,0,0,0,0,0,0
2005,310006,1,1,0,0,0,0,0,0,0,0,0,0
2005,310006,2,1,0,0,0,0,0,0,0,0,0,0
2005,310007,1,1,0,0,0,0,0,0,0,0,0,0
2005,310008,1,1,0,0,0,0,0,0,0,0,0,0
2005,310008,2,1,13,13,13,13,13,13,13,13,13,13
2005,310009,1,1,0,0,0,0,0,0,0,0,0,0
2005,310009,2,1,0,0,0,0,0,0,0,0,0,0
2005,310010,1,1,0,0,0,0,0,0,0,0,0,0
2005,310011,0,1,0,0,0,0,0,0,0,0,0,0
2005,310011,1,1,0,0,0,0,0,0,0,0,0,0
2005,310011,2,1,0,0,0,0,0,0,0,0,0,0
2005,310012,1,1,0,0,0,0,0,0,0,0,0,0
2005,310012,2,1,0,0,0,0,0,0,0,0,0,0
2005,310013,1,1,0,0,0,2,0,0,0,0,0,0
2005,310013,2,1,0,0,0,0,11,0,0,0,0,0
2005,310014,1,1,35,35,35,35,35,35,35,35,35,35
2005,310015,1,1,0,0,0,0,0,0,0,0,0,0
2005,310015,2,1,0,0,0,0,0,0,0,0,0,0
2005,310016,1,1,0,0,0,0,0,0,0,0,0,0
2005,310017,1,1,21,21,21,21,21,21,21,21,21,21
2005,310018,1,1,0,0,0,0,0,0,0,0,0,0
2005,310018,2,1,0,0,0,0,0,0,0,0,0,0
2005,310019,1,1,0,0,0,0,0,0,0,0,0,0
2005,310020,1,1,0,0,0,0,0,0,0,0,0,0
2005,310020,2,1,0,0,0,0,0,0,0,0,0,0
2005,310021,1,1,27,27,27,27,27,27,27,27,27,27
2005,310022,1,1,12,12,12,12,12,12,12,12,12,12
2005,310023,1,1,0,0,0,0,0,0,0,0,0,0
2005,310024,1,1,0,0,0,0,0,0,0,0,0,0
2005,310024,2,1,0,0,0,0,0,0,0,0,0,0
2005,310025,1,1,0,0,0,0,0,0,0,0,0,0
2005,310026,1,1,0,0,0,0,0,0,0,0,0,0
2005,310027,1,1,18,18,18,18,18,18,18,18,18,18
2005,310028,1,1,0,0,0,0,0,0,0,0,0,0
2005,310028,2,1,0,0,0,0,0,0,0,0,0,0
2005,310028,3,1,5,0,0,0,0,0,0,0,0,0
2005,310029,1,1,0,0,0,0,0,0,0,0,0,0
2005,310029,2,1,0,0,0,0,0,0,0,0,0,0
2005,310029,3,1,2,2,2,2,2,2,2,2,2,2
2005,310030,1,1,0,0,0,0,0,0,0,0,0,0
2005,310031,1,1,0,0,0,0,0,0,0,0,0,0
2005,310032,1,1,0,0,0,0,0,0,0,0,0,0
2005,310032,2,1,0,0,0,0,0,0,0,0,0,0
2005,310033,1,1,0,0,0,0,0,0,0,0,0,0
2005,310034,1,1,24,24,24,24,24,24,24,24,24,24
2005,310035,1,1,13,13,13,13,13,13,13,13,13,13
2005,310036,1,1,0,0,0,0,0,0,0,0,0,0
2005,310036,2,1,0,0,0,0,0,0,0,0,0,0
2005,310037,1,1,0,0,0,0,0,0,0,0,0,0
2005,310037,2,1,0,0,0,0,0,0,0,0,0,0
2005,310038,1,1,0,0,0,0,0,0,0,0,0,0
2005,310038,2,1,0,0,0,0,0,0,0,0,0,0
2005,310038,3,1,0,0,0,0,0,0,0,0,0,0
2005,310039,1,1,0,0,0,0,0,0,0,0,0,0
2005,310039,2,1,0,0,0,0,0,0,0,0,0,0
2005,310040,1,1,9,5,31,30,0,0,0,0,29,15
2005,310041,1,1,0,0,0,0,0,0,0,0,0,0
2005,310041,2,1,0,0,0,0,0,0,0,0,0,0
2005,310042,1,1,0,0,0,0,0,0,0,0,0,0
2005,310042,2,1,0,0,0,0,0,0,0,0,0,0
2005,310042,3,1,0,0,0,0,0,0,0,0,0,0
2005,310042,4,1,0,0,0,0,0,0,0,0,0,0
2005,310042,5,1,0,0,0,0,0,0,0,0,0,0
2005,310042,6,1,0,0,0,0,0,0,0,0,0,0
2005,310042,7,1,0,0,0,0,10,0,0,0,0,0
2005,310042,8,1,0,0,0,0,0,0,0,0,0,0
2005,310043,1,1,10,10,10,10,10,10,10,10,10,10
2005,310044,1,1,0,0,0,0,0,0,0,0,0,0
2005,310045,1,1,0,0,0,0,0,0,0,0,0,0
2005,310046,1,1,0,0,0,0,0,0,0,0,0,0
2005,310046,2,1,0,0,0,0,0,0,0,0,0,0
2005,310047,1,1,22,22,22,22,22,22,22,22,22,22
2005,310048,1,1,0,0,0,0,0,0,0,0,0,0
2005,310048,2,1,0,0,0,0,0,0,0,0,0,0
2005,310049,1,1,24,24,24,24,24,24,24,24,24,24
2005,310050,1,1,0,0,0,0,0,0,0,0,0,0
2005,310051,1,1,0,0,0,0,0,0,0,0,0,0
2005,310051,2,1,0,0,0,0,0,0,0,0,0,0
2005,310051,3,1,14,0,0,0,0,0,0,0,0,0
2005,310052,1,1,0,0,0,0,0,0,0,0,0,0
2005,310052,2,1,0,0,0,0,0,0,0,0,0,0
2005,310053,1,1,0,0,0,0,0,0,0,0,0,0
2005,310053,2,1,1,1,1,1,1,1,1,1,1,1
2005,310053,3,1,0,0,0,0,0,0,0,0,0,0
2005,310054,1,1,0,0,0,0,0,0,0,0,0,0
2005,310054,2,1,0,0,0,0,0,0,0,0,0,0
2005,310055,1,1,24,24,24,24,24,24,24,24,24,24
2005,310055,2,1,0,0,0,0,0,0,0,0,0,0
2005,310056,1,1,0,0,0,0,0,0,0,0,0,0
2005,310056,2,1,2,2,2,2,2,2,2,2,2,2
2005,310056,3,1,0,0,0,0,0,0,0,0,0,0
2005,310057,1,1,0,0,0,0,0,0,0,0,0,0
2005,310058,1,1,0,0,0,0,0,0,0,0,0,0
2005,310058,2,1,0,0,0,0,0,0,0,0,0,0
2005,310059,1,1,0,0,0,0,0,0,0,0,0,0
2005,310060,1,1,25,24,20,19,9,17,23,24,0,23
2005,310061,1,1,0,0,0,0,0,0,0,0,0,0
2005,310062,1,1,0,0,0,0,0,0,0,0,0,0
2005,310063,1,1,0,0,0,0,0,0,0,0,0,0
2005,310063,2,1,0,0,0,0,0,0,0,0,0,0
2005,310064,0,1,0,0,0,0,0,0,0,0,0,0
2005,310064,1,1,0,0,0,0,0,0,0,0,0,0
2005,310065,1,1,20,20,9,0,0,21,0,0,22,0
2005,310065,2,1,0,0,0,0,0,0,0,0,0,0
2005,310065,3,1,0,0,0,0,0,0,0,0,0,0
2005,310065,4,1,0,0,0,0,0,12,0,0,0,0
2005,310066,1,1,0,0,0,0,0,0,0,0,0,0
2005,310067,1,1,28,28,28,28,28,28,28,28,28,28
2005,310068,1,1,0,0,0,0,0,0,15,17,9,0
2005,310069,1,1,3,3,3,3,3,3,3,3,3,3
2005,310070,1,1,39,39,39,39,39,39,39,39,39,39
2005,310071,1,1,17,17,17,17,17,17,17,17,17,17
2005,310072,1,1,0,0,0,0,0,0,0,0,0,0
2005,310072,2,1,31,31,31,31,31,31,31,31,31,31
2005,310073,1,1,21,8,9,6,10,12,9,15,22,14
2005,310074,1,1,0,0,0,0,0,0,0,0,0,0
2005,310074,2,1,0,0,0,0,0,0,0,0,0,0
2005,310075,1,1,20,20,20,20,20,20,20,20,20,20
2005,310076,1,1,0,0,0,0,0,0,0,0,0,0
2005,310077,1,1,0,0,0,0,0,0,0,0,0,0
2005,310077,2,1,0,0,0,0,0,0,0,0,0,0
2005,310078,1,1,25,25,25,25,25,25,25,25,25,25
2005,310079,1,1,0,0,0,0,0,0,0,0,0,0
2005,310079,2,1,0,0,0,0,0,0,0,0,0,0
2005,310080,1,1,0,0,0,0,0,0,0,0,0,0
2005,310081,1,1,0,0,0,0,0,0,0,0,0,0
2005,310082,1,1,29,29,29,29,29,29,29,29,29,29
2005,310083,1,1,0,0,0,0,0,0,0,0,0,13
2005,310084,1,1,5,5,5,5,5,5,5,5,5,5
2005,310085,1,1,0,0,0,0,0,0,0,0,0,0
2005,310085,2,1,0,0,0,0,0,0,0,0,0,0
2005,310086,1,1,0,0,0,0,0,0,0,0,0,0
2005,310086,2,1,0,0,0,0,0,0,0,0,0,0
2005,310087,1,1,0,0,0,10,0,0,0,0,0,0
2005,310088,1,1,15,15,15,15,15,15,15,15,15,15
2005,310089,1,1,19,19,19,19,19,19,19,19,19,19
2005,310090,1,1,22,22,22,22,22,22,22,22,22,22
2005,310090,2,1,0,0,0,0,0,0,0,0,0,0
2005,310091,0,1,0,0,0,0,0,0,0,0,0,0
2005,310091,1,1,0,0,0,0,0,0,0,0,0,0
2005,310092,1,1,0,0,0,0,0,0,0,0,0,0
2005,310093,1,1,1,1,1,1,1,1,1,1,1,1
2005,310094,0,1,0,0,0,0,0,0,0,0,0,0
2005,310094,1,1,0,0,0,0,0,0,0,0,0,0
2005,310094,2,1,0,0,0,0,0,0,0,0,0,0
2005,310095,1,1,0,0,0,0,0,0,0,0,0,0
2005,310095,2,1,15,15,15,15,15,15,15,15,15,15
2005,310096,1,1,23,23,23,23,23,23,23,23,23,23
2005,310096,2,1,0,0,0,0,0,0,0,0,0,0
2005,310097,1,1,0,0,0,0,0,0,0,0,0,0
2005,310097,2,1,2,2,2,2,2,2,2,2,2,2
2005,310098,1,1,0,0,0,0,0,0,0,0,0,0
2005,310099,1,1,0,0,0,0,0,0,0,0,0,0
2005,310099,2,1,0,0,0,0,0,0,0,0,0,0
2005,310100,1,2,22,0,18,0,10,20,22,20,11,0
2005,310101,1,1,0,0,0,0,0,0,0,0,0,0
2005,310101,2,1,0,0,0,0,0,0,0,0,0,0
2005,310102,1,1,0,0,0,0,0,0,0,0,0,0
2005,310102,2,1,0,0,0,0,0,0,0,0,0,0
2005,310103,1,1,0,0,0,0,0,0,0,0,0,0
2005,310103,2,1,0,0,0,0,0,0,0,0,0,0
2005,310104,1,1,27,27,27,27,27,27,27,27,27,27
2005,310105,1,1,0,0,0,0,0,0,0,0,0,0
2005,310105,2,1,0,0,0,0,0,0,0,0,0,0
2005,310106,0,1,0,0,0,0,0,0,0,0,0,0
2005,310106,1,1,0,0,0,0,0,0,0,9,0,0
2005,310107,1,1,0,0,0,0,0,0,0,0,0,0
2005,310107,2,1,0,0,0,0,0,0,0,0,0,0
2005,310108,1,1,0,0,0,0,0,0,0,0,0,0
2005,310109,1,1,0,0,0,0,0,0,0,0,0,0
2005,310109,2,1,0,0,0,0,0,0,0,0,0,0
2005,310109,3,1,0,0,0,0,0,0,0,0,0,0
2005,310110,1,1,36,36,36,36,36,36,36,36,36,36
2005,310111,1,1,0,0,0,0,0,0,0,0,0,0
2005,310111,2,1,0,0,0,0,0,0,0,0,0,0
2005,310112,1,1,0,0,0,0,2,0,0,0,0,0
2005,310112,2,1,0,0,0,0,0,0,0,0,0,0
2005,310112,3,1,0,0,0,0,0,0,0,0,0,0
2005,310113,1,1,0,0,0,0,0,0,0,0,0,0
2005,310114,1,1,0,0,0,0,0,0,0,0,0,0
2005,310115,1,1,0,0,0,0,0,0,0,0,0,0
2005,310116,1,1,0,0,0,0,0,0,0,0,0,0
2005,310117,1,1,0,0,0,0,0,0,0,0,0,0
2005,310117,2,1,0,0,0,0,0,0,0,0,0,0
2005,310118,1,1,0,0,0,0,0,0,0,0,0,0
2005,310118,2,1,0,0,0,0,0,0,0,0,0,0
2005,310119,1,1,0,0,0,0,0,0,0,0,0,0
2005,310119,2,1,0,0,0,0,0,0,0,0,0,0
2005,310120,1,1,0,0,0,0,0,0,0,0,0,0
2005,310120,2,1,5,5,5,5,5,5,5,5,5,5
2005,310121,1,1,0,0,0,0,0,0,0,0,0,0
2005,310121,2,1,0,0,0,0,0,0,0,0,0,0
2005,310122,1,1,0,0,0,0,0,0,0,0,0,0
2005,310122,2,1,0,0,0,0,0,0,0,0,0,0
2005,310123,1,1,0,0,0,0,0,0,0,0,0,0
2005,310123,2,1,0,0,0,0,0,0,0,0,0,0
2005,310124,1,1,0,0,0,0,0,0,0,0,0,0
2005,310124,2,1,13,0,0,0,0,0,0,0,0,0
2005,310125,1,1,7,7,7,7,7,7,7,7,7,7
2005,310126,1,1,0,0,0,0,0,0,0,0,0,0
2005,310127,1,1,0,0,0,0,0,0,0,0,0,0
2005,310127,2,1,0,0,0,0,0,0,0,0,0,0
2005,310128,1,1,0,0,0,0,0,0,0,0,0,0
2005,310128,2,1,0,0,0,0,0,0,0,0,0,0
2005,310129,1,1,0,0,0,0,0,0,0,0,0,0
2005,310129,2,1,0,0,0,0,0,0,0,0,0,0
2005,310129,3,1,0,0,0,0,0,0,0,0,0,0
2005,310130,1,1,8,8,8,8,8,8,8,8,8,8
2005,310130,2,1,4,4,4,4,4,4,4,4,4,4
2005,310131,1,1,0,0,0,0,0,0,0,0,0,0
2005,310132,1,1,24,24,24,24,24,24,24,24,24,24
2005,310132,2,1,0,0,0,0,0,0,0,0,0,0
2005,310133,1,1,0,0,0,0,0,0,0,0,0,0
2005,310133,2,1,17,17,17,17,17,17,17,17,17,17
2005,310133,3,1,0,0,0,0,0,0,0,0,0,0
2005,310134,1,1,23,23,23,23,23,23,23,23,23,23
2005,310134,2,1,0,0,0,0,0,0,0,0,0,0
2005,310135,1,1,15,15,15,15,15,15,15,15,15,15
2005,310136,1,1,0,0,0,0,0,0,11,0,0,0
2005,310137,1,1,0,0,0,0,0,0,0,0,0,0
2005,310137,2,1,0,0,0,0,13,7,0,0,0,0
2005,310138,1,1,0,0,0,0,0,0,0,0,0,0
2005,310138,2,1,21,21,21,21,21,21,21,21,21,21
2005,310139,1,1,0,0,0,0,0,0,0,0,0,0
2005,310140,1,1,0,0,0,0,0,0,0,0,0,0
2005,310140,2,1,18,18,18,18,18,18,18,18,18,18
2005,310141,1,1,0,0,0,0,0,0,0,0,0,0
2005,310141,2,1,0,0,0,0,0,0,0,0,0,0
2005,310142,1,1,0,0,0,0,0,0,0,0,0,0
2005,310142,2,1,0,0,0,0,0,0,0,0,0,0
2005,310143,1,1,12,12,12,12,12,12,12,12,12,12
2005,310144,1,1,0,0,0,0,0,0,0,0,0,0
2005,310144,2,1,0,0,0,0,0,0,0,0,0,0
2005,310145,1,1,0,0,0,0,0,0,0,0,0,0
2005,310145,2,1,0,0,0,0,0,0,0,0,0,0
2005,310146,1,1,6,6,6,6,6,6,6,6,6,6
2005,310147,1,1,3,9,19,12,12,21,12,8,5,6
2005,310148,1,1,9,9,9,9,9,9,9,9,9,9
2005,310149,1,1,0,0,0,0,0,0,0,0,0,0
2005,310149,2,1,0,0,0,0,0,0,0,0,0,0
2005,310150,0,1,33,0,0,14,0,25,22,22,0,0
2005,310150,1,1,0,35,0,14,0,0,0,19,0,21
2005,310151,0,1,15,15,15,15,15,15,15,15,15,15
2005,310151,1,1,9,9,9,9,9,9,9,9,9,9
2005,310152,1,1,0,0,11,0,30,0,0,0,15,0
2005,310153,1,1,0,0,0,0,0,0,0,0,0,0
2005,310153,2,1,0,0,0,0,0,0,0,0,0,0
2005,310154,1,1,15,15,15,15,15,15,15,15,15,15
2005,310155,1,1,0,0,0,0,0,0,0,0,0,0
2005,310155,2,1,0,0,0,0,0,0,0,0,0,0
2005,310156,1,1,0,0,0,0,0,0,0,0,0,0
2005,310157,1,1,0,0,0,0,0,0,0,0,0,0
2005,310158,1,1,0,0,0,0,0,0,0,0,0,0
2005,310158,2,1,0,0,0,0,0,0,0,0,0,0
2005,310159,1,1,0,0,0,0,0,0,0,0,0,0
2005,310160,1,1,0,0,0,0,0,0,0,0,0,0
2005,310161,1,1,0,0,0,0,0,0,0,0,0,0
2005,310162,0,1,0,0,0,0,13,0,0,0,0,0
2005,310162,1,1,0,0,0,0,0,0,0,0,0,0
2005,310163,1,1,0,0,0,0,0,0,0,0,0,0
2005,310164,1,1,0,0,0,0,0,0,0,0,0,0
2005,310164,2,1,0,0,0,0,0,0,0,0,0,0
2005,310165,1,1,0,0,0,0,0,0,0,0,0,0
2005,310166,1,1,0,0,0,0,0,0,0,0,0,0
2005,310166,2,1,8,0,0,0,0,0,0,0,0,0
2005,310167,1,1,0,0,0,0,0,0,0,0,0,0
2005,310167,2,1,36,36,36,36,36,36,36,36,36,36
2005,310168,1,1,0,0,0,0,0,0,0,0,0,0
2005,310168,2,1,0,0,0,0,0,0,0,0,0,0
2005,310169,1,1,0,25,0,0,0,16,23,0,5,0
2005,310170,1,1,0,0,0,0,0,0,0,0,0,0
2005,310171,0,1,0,0,0,0,0,0,0,0,0,0
2005,310171,1,1,0,0,0,0,0,0,0,0,0,0
2005,310172,1,1,0,0,0,0,0,0,0,0,0,0
2005,310173,1,1,18,18,18,18,18,18,18,18,18,18
2005,310174,1,1,0,0,0,0,0,0,0,0,0,0
2005,310175,1,1,8,10,9,0,14,22,0,0,19,0
2005,310176,1,1,0,0,0,0,0,0,0,0,0,0
2005,310176,2,1,0,0,0,0,0,0,0,0,0,0
2005,310177,1,1,24,24,24,24,24,24,24,24,24,24
2005,310178,1,1,0,0,0,0,0,0,0,0,0,0
2005,310179,1,1,12,12,12,12,12,12,12,12,12,12
2005,310180,1,1,22,22,22,22,22,22,22,22,22,22
2005,310181,0,1,0,0,0,0,0,0,0,0,0,0
2005,310181,1,1,0,0,0,0,0,0,0,0,0,0
2005,310182,1,1,0,0,0,0,0,0,0,0,0,0
2005,310183,1,1,0,0,0,0,0,0,0,0,0,0
2005,310184,1,1,0,0,0,0,0,0,0,0,0,0
2005,310185,1,1,0,0,0,0,0,0,0,0,0,0
2005,310185,2,1,0,0,0,0,0,0,0,0,0,0
2005,310186,1,1,1,1,1,1,1,1,1,1,1,1
2005,310187,1,1,0,0,0,0,0,0,0,0,0,0
2005,310188,1,1,0,0,0,0,0,0,0,0,0,0
2005,310189,1,1,14,14,14,14,14,14,14,14,14,14
2005,310190,1,1,0,0,0,0,38,0,0,20,0,0
2005,310190,2,1,0,0,0,0,0,0,20,0,0,0
2005,310191,1,1,0,0,0,0,0,0,0,0,0,0
2005,310192,1,1,2,2,2,2,2,2,2,2,2,2
2005,310192,2,1,0,0,0,0,0,0,0,0,0,0
2005,310193,1,1,0,0,0,0,0,0,0,0,0,0
2005,310194,0,1,0,0,0,0,0,0,0,0,0,0
2005,310194,1,1,0,0,0,0,0,0,0,0,0,0
2005,310195,1,1,22,22,22,22,22,22,22,22,22,22
2005,310196,1,1,23,23,23,23,23,23,23,23,23,23
2005,310197,1,1,13,13,13,13,13,13,13,13,13,13
2005,310198,1,1,23,23,23,23,23,23,23,23,23,23
2005,310199,1,1,0,0,0,0,0,0,0,0,0,0
2005,310199,2,1,0,0,0,0,0,0,0,0,0,0
2005,310200,1,1,27,27,27,27,27,27,27,27,27,27
2005,310201,1,1,14,14,14,14,14,14,14,14,14,14
2005,310202,1,1,0,0,0,0,0,0,0,0,0,0
2005,310202,2,1,0,0,0,0,0,0,0,0,0,0
2005,310203,1,1,0,0,0,0,0,0,0,0,0,0
2005,310204,1,1,23,0,0,9,0,0,21,7,28,19
2005,310205,1,1,0,0,0,0,0,0,0,0,0,0
2005,310206,1,1,0,0,0,0,0,0,0,0,0,0
2005,310207,1,1,22,0,0,13,27,8,0,0,0,10
2005,310208,1,1,0,0,0,0,0,0,0,0,0,0
2005,310208,2,1,0,0,0,0,0,0,0,0,0,0
2005,310209,1,1,14,14,14,14,14,14,14,14,14,14
2005,310209,2,1,0,0,0,0,0,0,0,0,0,0
2005,310209,3,1,0,0,0,0,0,0,0,0,0,0
2005,310210,0,1,0,0,0,0,0,0,0,0,0,0
2005,310210,0,2,24,40,18,0,0,0,15,17,32,0
2005,310210,1,1,0,0,0,0,0,0,0,0,0,0
2005,310211,1,1,18,18,18,18,18,18,18,18,18,18
2005,310212,1,1,6,6,6,6,6,6,6,6,6,6
2005,310212,2,1,0,0,0,0,0,0,0,0,0,0
2005,310213,1,1,0,0,0,0,0,15,0,0,0,0
2005,310214,1,1,0,0,9,0,0,0,0,0,0,0
2005,310214,2,1,0,0,0,0,0,0,0,0,0,0
2005,310214,3,1,0,0,0,0,0,0,0,0,0,0
2005,310215,1,1,21,21,21,21,21,21,21,21,21,21
2005,310216,1,1,0,0,0,0,0,0,0,0,0,0
2005,310216,2,1,0,0,0,0,0,0,0,0,0,0
2005,310217,1,1,0,0,0,0,0,0,0,0,0,0
2005,310217,2,1,0,0,0,0,0,0,0,0,0,0
2005,310217,3,1,0,0,0,0,0,0,0,0,0,0
2005,310218,1,1,0,0,0,0,0,0,0,0,0,0
2005,310218,2,1,0,0,0,0,0,0,0,0,0,0
2005,310219,1,1,19,19,19,19,19,19,19,19,19,19
2005,310220,1,1,0,0,0,0,0,0,0,0,0,0
2005,310220,2,1,0,0,0,0,0,0,0,0,0,0
2005,310220,3,1,0,0,0,0,0,0,0,0,0,0
2005,310221,1,1,0,0,0,0,0,0,0,0,0,0
2005,310221,2,1,0,0,0,0,0,0,0,0,0,0
2005,310222,1,1,0,0,0,0,0,0,0,0,0,0
2005,310222,2,1,0,0,0,0,0,0,0,0,0,0
2005,310223,1,1,0,0,0,0,0,0,0,0,0,0
2005,310223,2,1,0,0,0,0,0,0,0,0,0,0
2005,310224,1,1,0,0,0,0,0,0,0,0,0,0
2005,310225,1,1,0,0,0,0,0,0,0,0,0,20
2005,310225,2,1,0,0,0,0,0,0,0,0,0,0
2005,310226,1,1,0,0,0,0,0,0,0,0,0,0
2005,310226,2,1,15,15,15,15,15,15,15,15,15,15
2005,310227,1,1,0,0,0,0,0,0,0,0,0,0
2005,310228,1,1,0,0,0,0,0,0,0,0,0,0
2005,310228,2,1,0,0,0,0,0,0,0,0,0,0
2005,310228,3,1,0,0,0,0,0,0,0,0,0,0
2005,310229,1,1,21,21,21,21,21,21,21,21,21,21
2005,310230,1,1,0,0,0,0,0,0,0,0,0,0
2005,310230,2,1,0,0,0,0,0,0,0,0,0,0
2005,310231,1,1,0,0,0,0,0,0,0,0,0,0
2005,310231,2,1,0,0,0,0,0,0,0,0,0,0
2005,310232,1,1,0,0,0,14,0,0,0,0,0,0
2005,310232,2,1,0,0,0,0,12,0,23,0,0,0
2005,310233,1,1,0,0,31,0,0,0,0,0,0,0
2005,310234,1,1,0,0,0,0,0,0,0,0,0,0
2005,310234,2,1,0,0,0,0,0,0,0,0,0,0
2005,310235,1,1,16,16,16,16,16,16,16,16,16,16
2005,310235,2,1,0,0,0,0,0,0,0,0,0,0
2005,310236,1,1,15,15,15,15,15,15,15,15,15,15
2005,310237,1,1,0,0,0,0,0,0,0,0,0,0
2005,310237,2,1,0,0,0,0,0,0,0,0,0,0
2005,310238,1,1,0,23,0,16,0,0,0,0,0,0
2005,320001,1,1,20,20,20,20,20,20,20,20,20,20
2005,320002,0,1,0,0,0,0,0,0,0,0,0,0
2005,320002,1,1,24,0,40,8,27,0,0,0,27,11
2005,320003,1,1,0,0,0,0,0,0,0,0,0,0
2005,320003,2,1,0,0,0,0,0,0,0,0,0,0
2005,320003,3,1,0,0,0,0,0,0,0,0,0,0
2005,320004,0,1,0,0,0,0,0,0,0,0,0,0
2005,320004,1,1,0,17,0,0,0,0,0,0,0,0
2005,320005,1,1,23,23,23,23,23,23,23,23,23,23
2005,320005,2,1,0,2,0,0,0,0,0,0,0,0
2005,320006,0,1,28,28,28,28,28,28,28,28,28,28
2005,320006,1,1,0,0,0,0,0,0,0,0,0,0
2005,320007,1,1,0,0,0,0,0,0,0,0,0,0
2005,320008,1,1,0,0,0,0,0,0,0,0,0,0
2005,320009,1,1,6,6,6,6,6,6,6,6,6,6
2005,320010,1,1,0,0,0,0,0,0,0,0,0,0
2005,320010,2,1,0,0,0,0,0,0,0,0,0,0
2005,320010,3,1,0,0,0,0,0,0,0,0,0,0
2005,320011,1,1,0,0,0,0,0,0,0,0,0,0
2005,320012,1,1,0,0,0,0,0,0,0,0,0,0
2005,320013,1,1,0,0,0,0,0,0,0,0,0,0
2005,320013,2,1,0,0,0,0,0,0,0,0,0,0
2005,320014,1,1,12,12,12,12,12,12,12,12,12,12
2005,320015,1,1,0,0,0,0,0,0,0,0,0,0
2005,320016,1,1,0,0,0,0,0,0,0,0,0,0
2005,320016,2,1,24,14,0,24,0,17,20,0,11,0
2005,320016,3,1,0,0,0,0,0,0,0,10,15,0
2005,320017,0,1,0,0,0,0,0,0,0,0,0,0
2005,320017,0,2,0,0,0,0,0,0,0,0,0,0
2005,320017,0,3,0,0,24,14,0,12,0,0,0,32
2005,320017,1,1,0,0,0,0,0,0,0,0,0,0
2005,320018,0,1,0,0,0,0,0,0,0,0,0,0
2005,320018,1,1,0,0,0,0,0,0,0,0,0,0
2005,320019,1,1,0,0,0,0,0,0,0,0,0,0
2005,320020,2,1,89,0,0,0,0,0,4,0,0,0
2005,320021,1,1,0,11,0,0,0,0,0,19,0,0
2005,320021,2,1,0,0,0,0,0,0,0,0,0,0
2005,320022,1,1,0,0,0,0,0,0,0,0,0,0
2005,320022,2,1,0,0,0,0,0,0,13,0,0,0
2005,320023,1,1,0,0,0,0,0,0,0,0,0,0
2005,320024,1,1,0,0,0,0,0,0,0,0,0,0
2005,320024,2,1,0,0,0,0,0,0,0,0,0,0
2005,320025,1,1,0,0,0,0,0,0,0,0,0,0
2005,320025,2,1,0,0,0,0,0,0,0,0,0,0
2005,320026,0,1,0,27,11,0,0,0,9,11,15,0
2005,320026,1,1,0,0,0,0,0,0,0,0,0,0
2005,320027,1,1,26,26,26,26,26,26,26,26,26,26
2005,320027,2,1,0,0,0,15,0,0,12,10,0,0
2005,320028,1,1,22,22,22,22,22,22,22,22,22,22
2005,320028,2,1,0,17,14,0,12,0,20,0,17,0
2005,320029,1,1,13,13,13,13,13,13,13,13,13,13
2005,320030,1,1,7,7,7,7,7,7,7,7,7,7
2005,320030,2,1,0,0,0,0,0,0,0,0,0,0
2005,320031,1,1,0,0,0,0,0,0,0,0,0,0
2005,320031,2,1,0,0,0,0,0,0,0,0,0,0