YEAR,ST_CASE,veh_no,per_no,P1,P2,P3,P4,P5,P6,P7,P8,P9,P10
2005,320032,1,1,0,0,15,0,0,0,0,0,0,0
2005,320033,1,1,0,0,0,0,0,0,0,0,0,0
2005,320034,1,1,0,0,0,0,0,0,12,0,0,24
2005,320035,1,1,19,19,19,19,19,19,19,19,19,19
2005,320036,1,1,0,0,0,0,0,0,0,0,0,0
2005,320036,2,1,0,0,0,0,0,0,0,0,0,0
2005,320037,1,1,0,0,0,0,0,0,0,0,0,0
2005,320037,2,1,0,7,0,0,0,0,0,0,0,0
2005,320038,1,1,9,9,9,9,9,9,9,9,9,9
2005,320039,1,1,0,0,0,0,0,0,0,0,0,0
2005,320039,2,1,0,0,0,0,0,0,0,0,0,0
2005,320040,1,1,0,0,0,0,0,0,0,0,0,0
2005,320041,0,1,0,0,0,0,0,0,0,0,0,0
2005,320041,1,1,0,0,0,0,0,0,0,0,0,0
2005,320042,1,1,0,0,0,0,0,0,0,0,0,0
2005,320042,2,1,0,0,0,4,0,0,0,0,0,0
2005,320043,1,1,0,0,0,15,0,10,0,0,0,0
2005,320043,2,1,0,0,0,0,0,0,0,0,0,0
2005,320044,1,1,0,0,0,18,0,0,0,0,0,0
2005,320044,2,1,0,0,0,0,0,7,0,0,0,0
2005,320045,1,1,0,0,0,24,0,16,0,0,7,0
2005,320045,2,1,0,0,0,17,0,6,0,0,0,13
2005,320046,1,1,0,0,0,0,0,0,0,0,35,0
2005,320047,0,1,0,0,0,0,0,0,0,0,0,0
2005,320047,1,1,0,0,0,0,0,0,0,0,0,0
2005,320048,1,1,9,9,9,9,9,9,9,9,9,9
2005,320049,1,1,0,0,0,0,0,0,0,0,0,0
2005,320050,0,1,28,28,28,28,28,28,28,28,28,28
2005,320050,1,1,0,0,0,11,0,0,0,0,0,0
2005,320051,1,1,4,4,4,4,4,4,4,4,4,4
2005,320052,1,1,0,0,0,0,0,0,0,0,0,0
2005,320052,2,1,0,0,0,0,0,0,0,0,0,0
2005,320053,0,1,0,0,0,0,0,0,0,0,0,0
2005,320053,1,1,0,0,0,0,0,0,0,0,0,0
2005,320054,0,1,0,0,0,0,0,0,0,0,0,0
2005,320054,0,2,0,0,0,0,0,0,0,0,0,0
2005,320054,1,1,0,0,0,0,0,0,0,0,0,0
2005,320055,1,1,0,0,0,0,0,17,24,25,0,4
2005,320056,1,1,12,12,12,12,12,12,12,12,12,12
2005,320056,2,1,6,6,6,6,6,6,6,6,6,6
2005,320057,1,1,11,11,11,11,11,11,11,11,11,11
2005,320058,0,1,29,29,29,29,29,29,29,29,29,29
2005,320058,1,1,0,0,11,0,0,0,0,0,0,0
2005,320059,1,1,0,0,0,0,0,0,7,0,0,0
2005,320059,2,1,0,0,0,0,0,0,0,0,0,0
2005,320060,1,1,9,9,9,9,9,9,9,9,9,9
2005,320060,2,1,0,0,0,0,0,0,0,0,0,0
2005,320061,1,1,3,3,3,3,3,3,3,3,3,3
2005,320061,2,1,10,10,10,10,10,10,10,10,10,10
2005,320062,1,1,0,0,0,0,0,0,0,0,0,0
2005,320063,1,1,0,0,0,0,0,0,0,0,0,0
2005,320063,2,1,0,0,0,0,0,0,0,0,0,0
2005,320064,0,1,0,0,0,0,0,0,0,0,0,0
2005,320064,0,2,0,0,0,0,0,0,0,0,0,0
2005,320064,1,1,0,0,0,0,0,0,0,0,0,0
2005,320065,0,1,27,27,27,27,27,27,27,27,27,27
2005,320065,1,1,0,19,0,0,18,0,0,11,13,0
2005,320066,1,1,0,0,0,0,0,0,0,0,0,0
2005,320067,1,1,0,0,0,0,0,0,0,0,0,0
2005,320067,2,1,0,0,0,0,0,0,0,0,0,0
2005,320067,3,1,0,0,0,0,0,4,0,0,0,0
2005,320067,4,1,0,0,0,0,0,0,0,0,0,0
2005,320068,1,1,0,0,9,0,0,13,8,18,0,26
2005,320069,1,1,0,0,0,0,0,0,0,0,0,0
2005,320069,2,1,0,0,0,0,0,0,0,0,0,0
2005,320070,1,1,0,0,0,0,0,0,0,0,0,0
2005,320070,2,1,0,0,0,0,0,0,0,0,0,0
2005,320071,1,1,3,3,3,3,3,3,3,3,3,3
2005,320071,2,1,0,0,0,0,0,0,0,0,0,0
2005,320072,1,1,0,0,0,0,0,0,0,0,0,0
2005,320072,2,1,0,0,0,0,0,0,0,0,0,0
2005,320073,1,1,0,0,0,0,0,0,0,0,0,0
2005,320073,2,1,0,0,0,0,0,0,0,0,0,0
2005,320074,1,1,0,0,0,0,0,0,0,0,0,0
2005,320074,2,1,0,0,0,0,0,0,0,0,0,0
2005,320075,1,1,0,0,0,0,16,0,0,20,0,0
2005,320076,1,1,0,21,0,12,11,20,0,26,25,0
2005,320077,0,1,21,0,0,0,0,12,0,0,0,0
2005,320077,1,1,0,0,0,0,15,0,0,0,0,0
2005,320078,1,1,15,15,15,15,15,15,15,15,15,15
2005,320079,1,1,0,0,0,0,0,0,0,0,0,0
2005,320080,1,1,0,0,0,0,0,0,0,0,0,0
2005,320081,1,1,0,0,0,0,0,0,0,12,0,0
2005,320082,1,1,0,0,0,0,0,0,0,0,0,0
2005,320083,1,1,0,0,0,0,0,0,0,0,0,0
2005,320084,1,1,0,0,0,0,0,0,0,0,0,0
2005,320085,1,1,8,8,8,8,8,8,8,8,8,8
2005,320086,1,1,13,13,13,13,13,13,13,13,13,13
2005,320087,1,1,9,19,29,34,14,16,31,8,22,0
2005,320088,0,1,0,0,0,0,0,0,0,0,0,0
2005,320088,1,1,0,0,0,0,0,0,0,0,0,0
2005,320089,1,1,0,0,0,0,0,0,0,0,0,0
2005,320089,2,1,0,10,0,0,0,0,0,0,0,0
2005,320089,3,1,0,0,0,0,0,0,0,0,0,0
2005,320090,0,1,0,0,0,0,0,0,0,0,0,0
2005,320090,1,1,0,0,0,0,0,0,0,0,0,0
2005,320091,1,1,16,0,0,0,0,20,0,0,20,14
2005,320091,2,1,0,0,0,0,0,0,0,0,0,0
2005,320091,3,1,0,0,0,0,0,0,0,0,0,0
2005,320092,1,1,0,0,0,0,0,0,0,0,0,0
2005,320092,2,1,0,0,0,0,0,0,0,0,0,0
2005,320093,1,1,7,7,7,7,7,7,7,7,7,7
2005,320093,2,1,0,0,0,0,0,0,0,0,0,0
2005,320094,1,1,0,0,0,0,0,0,0,0,0,0
2005,320095,1,1,0,0,0,0,0,0,0,0,0,0
2005,320095,2,1,0,0,0,0,0,0,0,0,0,0
2005,320096,1,1,14,14,14,14,14,14,14,14,14,14
2005,320097,1,1,20,20,20,20,20,20,20,20,20,20
2005,320098,1,1,0,0,0,0,0,0,0,0,0,0
2005,320098,2,1,0,0,0,0,0,0,0,0,0,0
2005,320099,0,1,25,25,25,25,25,25,25,25,25,25
2005,320099,1,1,3,3,3,3,3,3,3,3,3,3
2005,320100,1,1,11,19,0,19,0,0,0,0,0,0
2005,320101,1,1,0,0,0,0,0,0,0,0,0,0
2005,320102,1,1,14,14,14,14,14,14,14,14,14,14
2005,320103,0,1,0,0,0,0,0,0,0,0,0,0
2005,320103,1,1,0,0,0,0,0,0,0,0,0,0
2005,320104,1,1,14,14,14,14,14,14,14,14,14,14
2005,320105,1,1,25,25,25,25,25,25,25,25,25,25
2005,320105,2,1,0,0,0,0,0,0,0,0,0,0
2005,320106,0,1,0,0,0,0,0,0,0,0,0,0
2005,320106,0,2,0,0,0,0,0,0,0,0,0,0
2005,320106,1,1,0,0,0,0,0,0,0,0,0,0
2005,320107,1,1,14,14,14,14,14,14,14,14,14,14
2005,320108,0,1,0,0,0,0,0,0,0,0,0,0
2005,320108,1,1,0,0,0,0,0,0,0,0,0,0
2005,320109,1,1,0,0,0,10,0,0,0,0,0,0
2005,320109,2,1,0,0,0,6,0,0,0,0,0,0
2005,320110,1,1,15,15,15,15,15,15,15,15,15,15
2005,320110,2,1,0,0,0,0,0,0,0,0,0,0
2005,320111,1,1,0,0,0,0,0,0,0,0,0,0
2005,320111,2,1,0,0,0,0,0,0,0,0,0,0
2005,320112,1,1,0,0,0,0,0,0,0,0,0,0
2005,320112,2,1,0,0,0,0,0,0,0,0,0,0
2005,320113,1,1,0,0,0,0,0,0,0,0,0,0
2005,320113,2,1,0,0,0,0,26,20,0,0,0,0
2005,320114,1,1,5,9,11,12,8,16,0,11,13,25
2005,320114,2,1,0,0,0,0,0,0,0,0,0,0
2005,320115,1,1,0,0,0,0,0,0,0,0,0,0
2005,320115,2,1,9,4,14,0,6,9,0,0,0,0
2005,320116,1,1,0,0,0,0,0,0,0,0,0,0
2005,320116,2,1,0,0,0,0,0,0,0,0,0,0
2005,320116,3,1,0,0,15,0,7,0,0,0,0,0
2005,320116,4,1,0,0,0,0,0,25,0,21,11,11
2005,320117,0,1,0,0,0,0,0,0,0,0,0,0
2005,320117,0,2,0,0,0,0,0,0,0,0,0,0
2005,320117,0,3,0,0,0,0,0,0,0,0,0,0
2005,320117,0,4,0,0,0,0,0,0,0,0,0,0
2005,320117,1,1,0,0,0,0,0,0,0,0,0,0
2005,320118,1,1,19,19,19,19,19,19,19,19,19,19
2005,320119,1,1,0,0,0,0,0,0,0,0,0,0
2005,320120,1,1,9,0,23,7,8,17,0,9,13,11
2005,320120,2,1,0,0,0,0,0,0,0,0,0,0
2005,320121,1,1,0,0,0,0,0,0,0,0,0,0
2005,320121,2,1,0,0,0,0,0,0,0,0,0,0
2005,320121,3,1,16,3,23,0,19,0,11,0,27,0
2005,320122,1,1,10,10,10,10,10,10,10,10,10,10
2005,320123,1,1,25,25,25,25,25,25,25,25,25,25
2005,320124,1,1,15,15,15,15,15,15,15,15,15,15
2005,320125,1,1,0,0,0,0,0,0,0,0,0,0
2005,320125,2,1,0,0,0,0,0,0,0,0,0,0
2005,320126,1,1,25,25,25,25,25,25,25,25,25,25
2005,320127,1,1,24,24,24,24,24,24,24,24,24,24
2005,320128,1,1,0,0,0,0,0,0,0,0,0,0
2005,320129,1,1,0,40,0,0,0,8,0,23,0,24
2005,320130,1,1,0,0,0,0,0,0,0,0,0,0
2005,320131,1,1,0,0,0,0,0,0,0,0,0,0
2005,320132,0,1,14,14,14,14,14,14,14,14,14,14
2005,320132,1,1,17,17,17,17,17,17,17,17,17,17
2005,320133,1,1,0,0,0,0,0,0,0,0,0,0
2005,320134,1,1,0,0,0,0,0,0,0,0,0,0
2005,320134,2,1,0,0,0,0,0,0,0,0,0,0
2005,320135,1,1,0,0,0,0,0,0,0,0,0,0
2005,320135,2,1,0,0,0,0,0,0,0,0,0,0
2005,320136,1,1,20,20,20,20,20,20,20,20,20,20
2005,320136,2,1,0,0,0,0,0,0,0,0,0,0
2005,320137,1,1,0,0,0,0,0,0,0,0,0,0
2005,320138,0,1,15,17,0,9,23,22,23,16,21,0
2005,320138,1,1,4,0,24,14,0,3,15,0,0,0
2005,320139,1,1,23,0,15,7,0,0,0,18,0,12
2005,320140,1,1,15,15,15,15,15,15,15,15,15,15
2005,320140,2,1,9,26,0,0,0,10,0,15,0,0
2005,320141,1,1,8,0,0,0,0,0,0,0,0,0
2005,320141,2,1,15,18,0,0,0,0,19,0,0,17
2005,320142,0,1,0,0,0,0,0,0,0,0,0,0
2005,320142,1,1,0,7,0,0,0,0,0,0,0,0
2005,320143,1,1,0,0,0,0,0,0,0,0,0,0
2005,320143,2,1,0,0,0,0,0,0,0,0,0,0
2005,320144,1,1,0,0,0,10,0,0,0,11,3,19
2005,320144,2,1,0,0,0,0,0,0,0,0,0,0
2005,320144,3,1,0,0,0,0,0,0,0,0,0,0
2005,320145,1,1,0,0,0,0,0,0,0,14,0,0
2005,320145,2,1,0,0,0,0,0,0,0,0,0,0
2005,320145,3,1,0,0,0,0,0,0,0,0,0,0
2005,320146,1,1,2,2,2,2,2,2,2,2,2,2
2005,320146,2,1,0,0,0,0,0,0,0,0,0,0
2005,320147,1,1,0,0,0,0,0,0,0,0,0,0
2005,320147,2,1,0,0,0,0,0,0,0,0,0,0
2005,320148,0,1,0,0,0,0,0,8,0,0,0,0
2005,320148,1,1,0,0,0,0,0,0,0,0,0,0
2005,320149,1,1,0,0,0,0,0,0,0,0,0,0
2005,320149,2,1,0,0,0,0,0,28,0,0,0,0
2005,320150,1,1,0,0,0,0,0,0,0,0,0,0
2005,320150,2,1,30,25,0,0,0,0,0,0,0,0
2005,320151,0,1,0,0,0,0,0,0,0,0,0,0
2005,320151,1,1,27,27,27,27,27,27,27,27,27,27
2005,320152,1,1,15,15,15,15,15,15,15,15,15,15
2005,320152,2,1,0,0,0,0,0,0,15,0,0,0
2005,320153,1,1,0,0,0,0,0,0,0,0,0,0
2005,320153,2,1,0,0,0,0,0,0,0,0,0,0
2005,320153,3,1,0,0,0,0,0,0,0,0,0,0
2005,320154,1,1,12,12,12,12,12,12,12,12,12,12
2005,320155,1,1,15,15,15,15,15,15,15,15,15,15
2005,320155,2,1,16,0,7,0,0,0,18,0,0,0
2005,320155,3,1,0,9,11,2,14,5,0,0,0,0
2005,320156,1,1,0,3,0,0,0,0,0,11,0,0
2005,320156,2,1,0,0,0,0,0,0,0,0,0,0
2005,320157,0,1,28,28,28,28,28,28,28,28,28,28
2005,320157,1,1,11,11,11,11,11,11,11,11,11,11
2005,320158,1,1,0,0,0,0,0,0,0,0,0,0
2005,320159,1,1,0,0,0,0,0,0,0,0,0,0
2005,320159,2,1,0,0,0,0,3,0,0,0,0,0
2005,320160,1,1,0,0,0,0,0,0,0,0,0,0
2005,320161,1,1,2,2,2,2,2,2,2,2,2,2
2005,320161,2,1,0,0,0,0,0,0,0,0,0,15
2005,320162,1,1,13,13,13,13,13,13,13,13,13,13
2005,320162,2,1,0,0,0,0,0,0,0,0,0,0
2005,320163,1,1,0,0,0,0,0,0,5,0,0,0
2005,320164,1,1,0,0,0,0,0,0,0,0,0,0
2005,320165,1,1,0,0,0,0,0,0,0,0,0,0
2005,320165,2,1,0,0,0,0,0,0,0,0,0,0
2005,320166,0,1,0,0,0,0,0,0,0,0,0,0
2005,320166,1,1,0,1,3,0,0,0,0,0,0,5
2005,320167,1,1,0,0,0,0,0,0,0,0,0,0
2005,320167,2,1,0,0,0,0,0,10,0,0,0,0
2005,320168,1,1,21,21,21,21,21,21,21,21,21,21
2005,320168,2,1,0,0,0,0,0,0,0,0,0,0
2005,320169,1,1,0,0,0,0,0,0,0,0,0,0
2005,320169,2,1,0,0,0,0,0,0,0,0,0,0
2005,320170,1,1,17,17,17,17,17,17,17,17,17,17
2005,320170,2,1,0,0,0,0,0,0,0,0,0,0
2005,320171,1,1,22,22,22,22,22,22,22,22,22,22
2005,320172,0,1,27,27,27,27,27,27,27,27,27,27
2005,320172,1,1,27,5,0,0,0,0,0,0,14,0
2005,320173,1,1,16,16,16,16,16,16,16,16,16,16
2005,320173,2,1,0,0,0,0,0,0,0,0,0,0
2005,320174,1,1,0,0,0,0,0,0,0,0,0,0
2005,320175,1,1,0,0,0,0,0,0,0,0,0,0
2005,320175,2,1,0,0,0,0,0,0,0,0,0,0
2005,320176,1,1,0,0,0,0,0,0,0,0,0,0
2005,320177,1,1,12,12,12,12,12,12,12,12,12,12
2005,320178,0,1,0,0,0,0,0,0,0,0,0,0
2005,320178,1,1,0,0,0,0,0,0,0,0,0,0
2005,320179,1,1,0,0,0,0,0,0,0,0,0,6
2005,320179,2,1,13,13,13,13,13,13,13,13,13,13
2005,320180,1,1,18,18,18,18,18,18,18,18,18,18
2005,320181,1,1,0,0,0,0,0,0,0,0,0,0
2005,320181,2,1,16,0,0,0,0,0,0,0,0,0
2005,320182,0,1,0,0,0,0,0,0,0,0,0,0
2005,320182,1,1,0,0,0,0,0,0,0,0,0,0
2005,320183,1,1,0,0,0,0,0,0,0,0,0,0
2005,320183,2,1,0,0,0,0,0,0,0,0,0,0
2005,320183,3,1,0,0,0,0,0,0,0,0,0,0
2005,320183,4,1,0,0,0,0,0,0,0,0,0,0
2005,320184,1,1,28,28,28,28,28,28,28,28,28,28
2005,320185,1,1,0,0,0,0,0,0,0,0,0,0
2005,320185,2,1,0,0,0,0,0,0,0,0,0,0
2005,320185,3,1,0,0,0,0,0,0,0,0,0,0
2005,320186,0,1,0,0,0,0,0,0,0,0,0,0
2005,320186,1,1,0,0,0,0,0,0,0,0,0,0
2005,320187,0,1,0,0,0,0,0,0,0,0,0,0
2005,320187,1,1,0,0,0,12,0,0,0,0,0,28
2005,320188,0,1,0,0,0,0,0,0,0,0,0,0
2005,320188,1,1,0,0,0,0,0,0,0,0,15,0
2005,320189,1,1,14,14,14,14,14,14,14,14,14,14
2005,320190,0,1,0,0,0,0,0,0,0,0,0,0
2005,320190,1,1,0,0,12,21,0,14,0,14,5,7
2005,320191,1,1,33,0,0,6,0,0,14,17,0,0
2005,320192,0,1,19,19,19,19,19,19,19,19,19,19
2005,320192,1,1,0,20,11,15,0,0,0,0,28,0
2005,320193,1,1,0,0,0,0,0,0,0,0,0,0
2005,320193,2,1,0,0,0,0,0,0,0,0,0,0
2005,320194,1,1,19,19,19,19,19,19,19,19,19,19
2005,320194,2,1,0,0,0,0,0,0,0,0,0,0
2005,320195,1,1,25,25,25,25,25,25,25,25,25,25
2005,320196,1,1,0,0,0,0,0,0,0,0,0,0
2005,320196,2,1,0,0,0,0,0,0,0,0,0,0
2005,320197,0,1,0,0,0,0,0,0,0,0,0,0
2005,320197,1,1,0,0,0,0,0,0,0,0,0,0
2005,320198,0,1,35,35,35,35,35,35,35,35,35,35
2005,320198,1,1,0,4,0,0,0,0,0,0,0,0
2005,320199,1,1,25,25,25,25,25,25,25,25,25,25
2005,320200,0,1,0,0,0,0,0,0,0,0,0,0
2005,320200,1,1,0,0,0,0,0,0,0,0,0,0
2005,320201,0,1,0,0,0,0,0,0,0,0,0,0
2005,320201,1,1,18,0,0,0,0,0,0,0,20,10
2005,320201,2,1,0,9,0,0,0,0,14,4,13,10
2005,320202,0,1,0,0,0,0,0,0,0,0,0,0
2005,320202,1,1,0,0,0,0,0,4,0,0,0,0
2005,320203,1,1,8,8,8,8,8,8,8,8,8,8
2005,320204,1,1,0,15,0,0,0,0,0,0,0,0
2005,320204,2,1,0,0,0,0,0,0,0,0,0,0
2005,320205,1,1,14,0,9,14,13,19,11,0,8,21
2005,320206,1,1,0,0,0,0,0,17,0,0,17,0
2005,320207,0,1,0,0,0,0,0,0,0,0,0,0
2005,320207,1,1,0,0,0,0,0,29,0,0,0,0
2005,320208,1,1,0,0,0,0,0,0,0,0,0,0
2005,320208,2,1,0,0,0,0,0,0,0,0,0,0
2005,320209,1,1,0,0,0,0,0,0,0,0,0,0
2005,320209,2,1,0,0,0,0,0,0,0,0,0,0
2005,320210,0,1,0,0,0,0,0,0,0,0,0,0
2005,320210,1,1,0,12,11,0,0,23,26,8,0,0
2005,320211,1,1,16,16,16,16,16,16,16,16,16,16
2005,320212,1,1,9,9,9,9,9,9,9,9,9,9
2005,320213,0,1,0,0,0,0,0,0,0,0,0,0
2005,320213,0,2,0,0,0,0,0,0,0,0,0,0
2005,320213,1,1,0,0,0,0,0,0,0,0,0,0
2005,320214,0,1,5,5,5,5,5,5,5,5,5,5
2005,320214,1,1,0,0,0,8,0,0,0,0,0,0
2005,320215,1,1,15,15,15,15,15,15,15,15,15,15
2005,320215,2,1,0,0,0,0,0,0,0,0,18,0
2005,320216,1,1,22,22,22,22,22,22,22,22,22,22
2005,320217,1,1,0,0,0,0,0,0,0,0,0,0
2005,320217,2,1,0,0,0,0,0,0,0,0,0,0
2005,320217,3,1,0,0,0,0,0,0,0,0,0,0
2005,320218,1,1,0,0,0,0,0,0,0,0,0,0
2005,320219,1,1,11,36,0,0,0,20,0,0,0,0
2005,320220,1,1,30,30,30,30,30,30,30,30,30,30
2005,320221,1,1,0,0,0,0,0,0,0,0,0,0
2005,320221,2,1,0,0,0,0,0,0,0,0,0,0
2005,320222,0,1,20,8,36,26,0,0,43,0,0,0
2005,320222,1,1,0,0,0,0,0,0,0,0,0,0
2005,320223,1,1,4,0,20,0,0,0,11,10,0,0
2005,320224,1,1,12,12,12,12,12,12,12,12,12,12
2005,320224,2,1,7,0,0,0,0,0,0,0,0,0
2005,320226,1,1,0,0,0,13,32,0,0,0,0,0
2005,320226,2,1,0,0,0,0,0,0,0,0,0,0
2005,320227,1,1,0,0,0,0,0,0,0,0,0,0
2005,320227,2,1,0,0,0,0,0,0,0,9,0,28
2005,320228,0,1,36,36,36,36,36,36,36,36,36,36
2005,320228,1,1,0,0,0,0,0,0,0,0,0,0
2005,320229,1,1,0,0,0,0,0,0,0,0,0,0
2005,320230,1,1,20,20,20,20,20,20,20,20,20,20
2005,320231,1,1,29,29,29,29,29,29,29,29,29,29
2005,320232,1,1,16,16,16,16,16,16,16,16,16,16
2005,320232,2,1,0,12,39,2,19,0,0,0,0,0
2005,320233,1,1,0,0,0,0,0,0,0,0,0,0
2005,320233,2,1,0,0,0,0,0,0,0,0,0,0
2005,320234,1,1,0,0,0,0,0,0,0,0,0,0
2005,320235,1,1,0,0,0,0,0,0,0,0,0,0
2005,320236,0,1,0,0,0,0,0,0,13,0,0,0
2005,320236,1,1,0,0,0,0,0,0,0,0,0,0
2005,320237,1,1,15,35,20,6,5,0,7,0,0,12
2005,320237,2,1,0,0,0,0,0,0,0,0,0,0
2005,320238,1,1,9,9,9,9,9,9,9,9,9,9
2005,320238,2,1,0,0,0,0,0,0,0,0,0,0
2005,320239,1,1,13,13,13,13,13,13,13,13,13,13
2005,320239,2,1,0,0,0,0,0,0,0,0,0,0
2005,320239,3,1,0,0,0,0,0,0,0,0,0,0
2005,320241,1,1,20,20,20,20,20,20,20,20,20,20
2005,320241,2,1,0,0,0,0,0,0,0,0,0,0
2005,320242,1,1,0,10,11,22,0,7,0,0,0,0
2005,320242,2,1,0,0,0,0,0,0,0,0,0,0
2005,320243,1,1,0,0,0,0,0,0,0,0,0,0
2005,320243,2,1,0,0,0,0,0,0,0,0,0,0
2005,320244,1,1,0,0,0,0,0,0,0,0,0,0
2005,320244,2,1,0,0,0,0,0,0,0,0,0,0
2005,320245,1,1,0,0,0,0,0,0,0,0,0,0
2005,320245,2,1,0,0,0,0,0,0,0,0,0,0
2005,320246,1,1,14,34,22,19,5,28,11,30,0,0
2005,320247,1,1,18,18,18,18,18,18,18,18,18,18
2005,320248,1,1,0,10,0,0,0,0,0,0,0,0
2005,320248,2,1,0,0,0,0,0,0,0,0,0,0
2005,320249,1,1,24,24,24,24,24,24,24,24,24,24
2005,320249,2,1,0,0,0,0,0,0,0,10,0,0
2005,320249,3,1,0,0,0,0,0,0,0,0,0,0
2005,320250,1,1,0,0,0,18,0,0,0,0,0,17
2005,320250,2,1,0,0,0,0,0,0,0,0,0,0
2005,320251,0,1,0,0,0,7,0,5,0,0,13,0
2005,320251,1,1,10,7,0,12,23,20,7,9,0,4
2005,320252,1,1,0,4,0,0,0,14,0,0,0,0
2005,320253,1,1,0,0,0,0,0,0,0,0,0,0
2005,320253,2,1,0,0,0,0,0,0,0,0,0,0
2005,320254,0,1,0,0,0,0,0,0,0,0,12,0
2005,320254,1,1,0,0,0,0,0,0,0,0,0,0
2005,320255,1,1,0,0,0,0,0,0,0,0,0,0
2005,320256,1,1,0,0,0,0,0,0,0,0,0,0
2005,320257,1,1,0,0,0,0,0,0,0,0,0,0
2005,320257,2,1,0,0,0,0,0,0,0,0,0,0
2005,320258,1,1,17,17,17,17,17,17,17,17,17,17
2005,320259,1,1,21,21,21,21,21,21,21,21,21,21
2005,320259,2,1,0,0,17,0,0,0,5,0,0,0
2005,320260,1,1,13,0,0,0,7,4,8,0,0,0
2005,320260,2,1,0,0,0,0,0,0,0,0,0,0
2005,320261,1,1,0,0,0,0,0,0,0,0,0,0
2005,320261,2,1,0,0,0,0,0,0,0,0,0,0
2005,320262,1,1,0,0,0,0,0,0,0,0,0,0
2005,320262,2,1,0,0,0,0,0,0,0,0,0,0
2005,320263,1,1,24,25,10,13,19,29,11,24,28,24
2005,320264,1,1,0,0,0,0,0,0,0,0,0,0
2005,320264,2,1,0,0,0,0,0,0,0,0,0,0
2005,320265,1,1,0,0,0,0,0,0,0,0,0,0
2005,320266,1,1,22,10,0,0,9,5,0,0,0,0
2005,320267,1,1,0,0,6,0,0,0,0,0,0,0
2005,320267,2,1,10,10,10,10,10,10,10,10,10,10
2005,320268,1,1,0,0,0,0,0,0,0,0,0,0
2005,320268,2,1,0,0,0,0,0,0,0,0,0,0
2005,320269,1,1,0,0,0,15,0,0,0,0,0,0
2005,320269,2,1,0,0,0,0,0,0,0,0,0,0
2005,320270,1,1,0,0,0,0,0,0,0,0,0,0
2005,320270,2,1,0,0,0,0,0,0,0,0,0,0
2005,320271,1,1,9,0,0,0,0,0,0,0,0,0
2005,320271,2,1,0,0,0,0,0,0,0,0,0,0
2005,320271,3,1,0,0,0,19,0,0,0,0,0,0
2005,320272,1,1,0,0,0,0,0,0,0,0,0,0
2005,320273,1,1,20,0,23,0,0,0,0,0,0,0
2005,320273,2,1,0,0,0,0,0,0,0,0,0,0
2005,320274,1,1,15,15,15,15,15,15,15,15,15,15
2005,320275,1,1,0,0,0,0,0,0,0,0,0,0
2005,320276,1,1,0,0,0,0,0,0,0,0,0,0
2005,320277,0,1,11,11,11,11,11,11,11,11,11,11
2005,320277,1,1,0,0,0,0,0,0,0,0,0,0
2005,320278,1,1,0,0,0,0,0,0,0,0,0,0
2005,320279,1,1,12,22,0,0,0,0,0,0,0,15
2005,320280,1,1,19,19,19,19,19,19,19,19,19,19
2005,320281,1,1,31,31,31,31,31,31,31,31,31,31
2005,320282,1,1,0,0,0,0,0,0,0,0,0,0
2005,320283,0,1,0,0,0,0,0,0,0,0,0,0
2005,320283,1,1,0,0,0,0,0,0,0,0,0,0
2005,320284,1,1,0,0,0,0,0,0,0,0,0,0
2005,320284,2,1,0,0,0,0,0,0,0,0,0,0
2005,320285,1,1,8,8,8,8,8,8,8,8,8,8
2005,320285,2,1,0,0,0,0,0,0,0,0,0,0
2005,320286,1,1,16,16,16,16,16,16,16,16,16,16
2005,320286,2,1,0,0,0,0,0,0,0,0,0,0
2005,320287,0,1,0,0,0,0,0,0,0,0,0,0
2005,320287,1,1,0,0,0,0,19,0,0,0,0,0
2005,320288,1,1,0,0,0,0,0,0,0,0,0,0
2005,320288,2,1,0,0,0,22,0,0,0,0,0,0
2005,320289,1,1,0,0,0,0,0,0,0,0,0,0
2005,320290,1,1,17,0,0,0,0,0,13,0,22,0
2005,320290,2,1,0,0,0,0,0,0,0,0,0,20
2005,320291,1,1,13,13,13,13,13,13,13,13,13,13
2005,320291,2,1,0,0,0,0,0,0,0,0,0,0
2005,320292,1,1,0,0,0,0,0,0,0,0,0,0
2005,320293,1,1,0,0,0,0,0,0,0,0,0,0
2005,320293,2,1,0,0,0,0,0,0,0,0,5,0
2005,320294,1,1,0,0,0,0,0,0,0,11,0,0
2005,320294,2,1,0,0,0,0,0,0,0,0,0,0
2005,320295,1,1,0,0,0,0,0,0,0,0,0,0
2005,320295,2,1,0,0,0,0,0,0,0,0,0,15
2005,320295,3,1,0,0,0,11,0,0,10,0,0,0
2005,320296,1,1,0,0,0,0,0,38,0,0,0,0
2005,320296,2,1,0,0,0,0,0,0,0,0,0,0
2005,320297,1,1,0,0,0,0,0,0,0,0,0,0
2005,320297,2,1,0,2,0,0,0,0,0,0,0,0
2005,320298,1,1,0,0,7,0,4,0,0,0,0,0
2005,320299,1,1,0,0,0,0,0,0,0,0,0,0
2005,320299,2,1,0,0,0,0,0,0,0,0,0,0
2005,320300,1,1,28,28,28,28,28,28,28,28,28,28
2005,320301,1,1,0,0,0,0,0,0,0,0,0,0
2005,320301,2,1,0,0,0,0,0,0,0,0,0,0