YEAR,ST_CASE,veh_no,per_no,P1,P2,P3,P4,P5,P6,P7,P8,P9,P10
2005,320302,1,1,13,13,13,13,13,13,13,13,13,13
2005,320303,1,1,0,0,0,0,0,0,0,0,0,0
2005,320303,2,1,0,0,0,0,0,0,0,0,0,0
2005,320304,1,1,0,0,0,0,0,0,0,0,0,0
2005,320304,2,1,0,0,0,0,0,0,0,0,0,0
2005,320305,0,1,0,0,0,0,0,0,0,0,0,0
2005,320305,1,1,0,0,0,0,0,0,0,0,0,0
2005,320306,1,1,0,0,0,0,0,0,0,0,0,0
2005,320307,0,1,0,0,0,0,0,0,0,0,0,0
2005,320307,1,1,0,0,0,0,0,0,0,0,0,0
2005,320308,0,1,55,55,55,55,55,55,55,55,55,55
2005,320308,1,1,0,0,0,0,0,0,0,0,0,0
2005,320309,1,1,0,0,0,0,0,0,0,0,0,0
2005,320309,2,1,0,0,0,0,0,0,0,0,0,0
2005,320310,1,1,0,0,0,0,0,0,0,0,0,0
2005,320310,2,1,0,0,0,0,0,0,0,0,0,0
2005,320310,3,1,0,0,0,0,0,0,0,0,0,0
2005,320311,1,1,9,9,9,9,9,9,9,9,9,9
2005,320312,1,1,0,0,0,0,0,0,0,0,0,0
2005,320312,2,1,0,0,0,0,0,0,10,0,0,0
2005,320313,1,1,0,0,0,0,0,0,0,0,0,0
2005,320313,2,1,0,0,0,0,0,0,0,0,0,0
2005,320314,0,1,0,0,0,0,0,0,0,0,13,0
2005,320314,1,1,0,0,0,0,0,0,0,0,0,0
2005,320315,1,1,0,0,0,0,0,0,0,0,0,0
2005,320315,2,1,0,0,0,0,0,0,0,0,0,0
2005,320316,1,1,21,21,21,21,21,21,21,21,21,21
2005,320317,1,1,12,12,12,12,12,12,12,12,12,12
2005,320318,1,1,0,0,0,0,0,0,0,0,0,0
2005,320318,2,1,0,0,0,0,0,0,0,0,0,0
2005,320318,3,1,0,0,0,0,0,0,0,0,0,0
2005,320318,4,1,0,0,0,0,0,0,0,0,17,0
2005,320319,1,1,4,4,4,4,4,4,4,4,4,4
2005,320319,2,1,0,20,0,0,22,0,14,0,0,0
2005,320320,0,1,0,0,0,0,0,0,0,0,0,0
2005,320320,1,1,22,22,22,22,22,22,22,22,22,22
2005,320321,1,1,0,0,0,0,0,0,0,0,0,0
2005,320321,2,1,0,0,0,0,0,0,0,0,12,0
2005,320321,3,1,0,0,0,0,0,0,0,0,0,0
2005,320322,0,1,21,21,21,21,21,21,21,21,21,21
2005,320322,1,1,0,0,0,0,5,0,0,0,0,0
2005,320322,2,1,0,0,0,0,0,0,0,0,0,0
2005,320322,3,1,0,0,0,0,0,0,0,0,0,0
2005,320323,1,1,0,0,0,0,0,0,0,0,0,0
2005,320324,1,1,13,13,13,13,13,13,13,13,13,13
2005,320324,2,1,5,5,5,5,5,5,5,5,5,5
2005,320325,0,1,0,0,0,0,0,0,0,0,0,0
2005,320325,1,1,0,0,22,0,0,0,0,0,0,0
2005,320326,1,1,5,15,19,25,18,12,20,8,3,19
2005,320326,2,1,0,0,0,0,0,0,13,17,0,0
2005,320327,1,1,5,5,5,5,5,5,5,5,5,5
2005,320328,1,1,0,0,0,0,0,0,0,0,0,0
2005,320328,2,1,0,0,0,0,0,8,0,0,0,0
2005,320329,0,1,0,0,0,0,0,0,0,0,0,0
2005,320329,1,1,0,0,0,0,0,0,0,0,0,0
2005,320329,3,1,0,0,0,0,0,0,0,0,0,0
2005,320330,1,1,0,0,0,0,0,0,0,0,0,0
2005,320330,2,1,0,0,0,0,0,0,0,0,0,23
2005,320331,1,1,0,11,0,0,0,0,0,0,0,0
2005,320331,2,1,0,8,0,0,0,0,0,0,0,0
2005,320332,0,1,0,0,0,0,0,0,0,0,0,0
2005,320332,1,1,14,14,14,14,14,14,14,14,14,14
2005,320333,1,1,2,2,2,2,2,2,2,2,2,2
2005,320333,2,1,0,0,0,0,0,0,0,0,0,0
2005,320334,1,1,0,0,0,0,0,0,0,0,0,0
2005,320335,1,1,9,9,9,9,9,9,9,9,9,9
2005,320335,2,1,0,0,0,0,0,0,0,0,0,0
2005,320336,1,1,0,0,0,0,0,0,0,0,0,0
2005,320336,2,1,0,0,0,0,0,0,0,0,0,0
2005,320337,1,1,0,0,0,0,0,0,0,0,0,0
2005,320338,1,1,0,0,0,0,0,0,0,0,0,0
2005,320338,2,1,0,0,0,0,0,0,0,0,0,0
2005,320339,0,1,0,0,0,0,0,0,0,0,0,0
2005,320339,1,1,0,0,0,0,0,0,0,0,0,0
2005,320340,1,1,0,0,0,0,0,0,0,0,0,0
2005,320340,2,1,11,0,0,0,0,0,0,0,0,0
2005,320341,0,1,20,20,20,20,20,20,20,20,20,20
2005,320341,1,1,27,0,31,0,0,13,0,8,0,0
2005,320342,1,1,22,22,22,22,22,22,22,22,22,22
2005,320343,1,1,19,19,19,19,19,19,19,19,19,19
2005,320344,0,1,0,0,0,0,0,19,14,0,19,0
2005,320344,1,1,0,0,0,6,0,0,0,0,0,0
2005,320345,0,1,0,0,0,0,0,0,0,0,0,0
2005,320345,1,1,0,0,0,0,29,0,0,15,0,25
2005,320346,1,1,0,0,0,0,0,0,0,0,0,0
2005,320346,2,1,12,17,15,12,31,0,0,16,0,11
2005,320347,1,1,0,0,0,0,0,0,0,0,0,0
2005,320347,2,1,0,0,0,0,0,0,0,0,0,0
2005,320348,1,1,0,0,0,0,0,0,0,0,0,0
2005,320348,2,1,0,0,0,0,0,0,0,0,0,0
2005,320349,1,1,22,32,12,31,30,22,31,13,16,18
2005,320349,2,1,0,0,0,0,0,0,0,15,0,0
2005,320350,1,1,0,0,0,0,0,0,0,0,0,0
2005,320350,2,1,0,0,0,0,0,0,0,0,0,0
2005,320350,3,1,0,0,0,0,0,0,0,0,0,0
2005,320351,1,1,0,0,0,0,0,0,0,0,0,0
2005,320351,2,1,0,0,0,0,0,0,0,0,0,0
2005,320352,1,1,0,15,0,0,0,0,0,0,0,13
2005,320353,1,1,0,0,0,0,0,0,0,0,0,0
2005,320353,4,1,0,0,0,0,0,0,0,0,23,0
2005,320353,5,1,0,0,0,0,0,0,0,0,0,0
2005,320354,1,1,0,10,20,35,2,0,0,0,0,20
2005,320355,1,1,0,0,0,0,0,0,0,0,0,0
2005,320356,1,1,0,0,0,0,0,0,0,0,0,0
2005,320357,1,1,0,0,0,0,0,0,0,0,0,0
2005,320358,1,1,0,0,0,0,0,0,0,0,0,0
2005,320359,1,1,0,0,0,0,0,0,0,0,0,0
2005,320360,1,1,0,0,0,0,0,0,0,0,0,0
2005,320361,1,1,7,7,7,7,7,7,7,7,7,7
2005,320361,2,1,0,0,0,0,0,0,0,0,0,0
2005,320361,3,1,0,0,0,0,0,0,0,0,0,0
2005,320362,1,1,0,0,0,0,0,0,0,0,0,0
2005,320363,1,1,23,23,23,23,23,23,23,23,23,23
2005,320363,2,1,0,0,11,0,0,0,0,0,0,0
2005,320364,1,1,0,0,0,0,0,0,0,0,0,0
2005,320364,2,1,0,0,0,0,0,0,0,0,0,0
2005,320365,1,1,0,0,0,0,0,0,10,0,0,0
2005,320365,2,1,0,0,0,0,0,0,0,0,0,0
2005,320366,1,1,7,20,7,15,33,19,18,8,3,13
2005,320367,1,1,16,16,16,16,16,16,16,16,16,16
2005,320368,1,1,10,10,10,10,10,10,10,10,10,10
2005,320368,2,1,0,0,0,0,0,0,0,0,0,0
2005,320368,3,1,0,0,0,0,0,0,0,0,0,0
2005,320368,4,1,0,0,0,0,0,0,0,0,0,0
2005,320369,1,1,20,0,31,15,0,19,0,6,0,10
2005,320370,0,1,0,0,0,0,0,0,0,0,0,0
2005,320370,1,1,0,0,0,0,0,0,0,0,0,0
2005,320371,1,1,0,0,0,0,0,0,0,0,0,0
2005,320371,2,1,12,12,12,12,12,12,12,12,12,12
2005,320372,0,1,36,36,36,36,36,36,36,36,36,36
2005,320372,1,1,0,0,0,0,0,0,0,0,0,0
2005,320373,1,1,21,21,21,21,21,21,21,21,21,21
2005,320374,0,1,0,0,0,0,0,0,0,0,0,0
2005,320374,1,1,0,0,0,0,0,0,0,0,0,0
2005,320375,1,1,0,0,0,0,0,0,0,0,0,0
2005,320375,2,1,0,0,0,0,0,0,0,0,0,0
2005,320376,1,1,0,0,0,0,0,0,0,0,0,0
2005,320376,2,1,0,0,0,0,0,0,0,0,0,0
2005,320376,3,1,0,0,0,0,0,0,0,0,0,0
2005,320376,4,1,0,0,0,0,0,0,0,0,0,0
2005,320376,5,1,0,0,0,0,0,0,0,0,0,0
2005,320377,0,1,0,0,0,0,20,0,0,0,14,0
2005,320377,1,1,0,0,0,0,0,0,0,0,0,0
2005,320378,0,1,0,0,0,0,0,0,0,0,0,0
2005,320378,1,1,0,0,0,0,0,0,0,0,0,0
2005,320379,0,1,0,0,0,0,0,0,0,0,0,0
2005,320379,1,1,0,0,0,0,0,0,0,0,0,0
2005,320380,1,1,0,0,0,0,2,0,6,0,16,21
2005,320381,1,1,10,10,10,10,10,10,10,10,10,10
2005,330001,1,1,0,0,0,0,0,0,0,0,0,0
2005,330001,2,1,0,0,0,0,0,0,0,15,0,0
2005,330002,1,1,0,0,0,0,0,0,0,0,0,0
2005,330003,1,1,0,0,0,0,0,0,0,0,0,0
2005,330003,2,1,0,0,0,0,0,0,0,0,0,0
2005,330003,3,1,0,0,0,0,0,0,0,0,0,0
2005,330004,1,1,0,0,0,0,0,0,0,0,0,0
2005,330004,2,1,0,0,0,0,0,0,0,0,0,0
2005,330004,3,1,0,0,0,0,0,0,0,0,0,0
2005,330005,1,1,0,0,0,0,0,0,0,0,0,0
2005,330005,2,1,0,0,0,0,0,0,0,0,0,0
2005,330006,1,1,0,0,0,0,0,0,0,0,0,0
2005,330006,2,1,0,0,0,0,0,0,0,0,0,0
2005,330007,1,1,0,0,0,0,0,0,0,0,0,0
2005,330007,2,1,0,0,0,11,0,0,0,0,8,0
2005,330008,0,1,0,0,0,0,0,0,0,0,0,0
2005,330008,1,1,7,7,7,7,7,7,7,7,7,7
2005,330009,1,1,16,16,16,16,16,16,16,16,16,16
2005,330010,1,1,0,0,0,0,0,0,0,0,0,0
2005,330010,2,1,0,0,0,0,0,0,0,0,0,0
2005,330011,1,1,0,0,0,0,0,0,0,0,0,0
2005,330011,2,1,0,0,0,0,0,0,0,0,0,0
2005,330011,3,1,0,0,0,0,0,0,0,0,0,0
2005,330012,1,1,0,0,0,0,0,0,0,0,0,0
2005,330013,1,1,0,0,0,0,4,0,0,12,0,9
2005,330013,2,1,0,0,0,0,0,0,8,0,0,0
2005,330014,1,1,31,0,0,0,0,0,0,0,0,29
2005,330015,1,1,0,0,0,0,0,0,0,0,0,0
2005,330015,2,1,0,0,0,0,0,0,0,0,0,0
2005,330016,1,1,0,0,0,0,0,0,0,0,0,0
2005,330016,2,1,0,0,0,0,0,0,0,0,0,0
2005,330017,1,1,27,27,27,27,27,27,27,27,27,27
2005,330018,0,1,0,0,0,0,0,0,0,0,0,0
2005,330018,1,1,0,0,0,0,0,0,0,0,0,0
2005,330019,1,1,0,0,0,0,0,0,0,0,0,0
2005,330019,2,1,0,0,0,0,0,0,0,0,0,0
2005,330020,1,1,0,0,0,0,0,0,0,0,0,0
2005,330020,2,1,0,0,0,0,0,0,0,0,0,0
2005,330021,1,1,19,19,19,19,19,19,19,19,19,19
2005,330022,1,1,0,0,0,0,0,0,0,0,0,0
2005,330022,2,1,0,0,0,0,0,0,0,0,0,0
2005,330023,1,1,0,0,0,0,0,0,0,0,0,0
2005,330024,1,1,0,0,0,0,0,0,0,0,0,0
2005,330024,2,1,0,0,0,0,0,0,0,0,0,0
2005,330025,1,1,22,22,22,22,22,22,22,22,22,22
2005,330026,1,1,0,0,0,0,0,0,0,0,0,0
2005,330026,2,1,0,0,0,0,0,0,0,0,0,0
2005,330027,1,1,0,0,0,0,0,0,0,0,0,0
2005,330027,2,1,0,0,0,0,0,0,0,0,0,0
2005,330028,1,1,0,0,0,0,0,0,0,0,0,0
2005,330028,2,1,0,0,0,0,0,0,0,0,0,0
2005,330029,1,1,0,0,0,0,0,0,0,0,0,0
2005,330030,1,1,0,0,0,0,0,0,0,0,0,0
2005,330030,2,1,0,0,0,0,0,0,0,0,0,0
2005,330031,1,1,0,0,0,0,0,0,0,0,0,0
2005,330032,1,1,0,0,0,0,0,0,0,0,0,0
2005,330032,2,1,0,0,0,0,0,0,0,0,0,0
2005,330033,1,1,6,6,6,6,6,6,6,6,6,6
2005,330034,0,1,32,0,0,12,14,0,0,0,0,15
2005,330034,1,1,0,4,0,0,0,0,0,0,0,0
2005,330035,1,1,11,11,11,11,11,11,11,11,11,11
2005,330036,1,1,0,0,0,0,0,0,0,0,0,0
2005,330036,2,1,0,0,0,16,0,0,0,0,18,0
2005,330037,1,1,16,16,16,16,16,16,16,16,16,16
2005,330038,0,1,0,0,0,0,0,0,0,0,0,0
2005,330038,1,1,11,0,0,0,0,0,0,0,0,0
2005,330039,0,1,0,0,0,0,0,0,0,0,0,0
2005,330039,1,1,0,0,0,0,0,0,0,0,0,0
2005,330040,1,1,12,12,12,12,12,12,12,12,12,12
2005,330041,1,1,0,0,0,0,0,0,0,0,0,0
2005,330041,2,1,0,0,0,0,0,15,0,0,0,0
2005,330042,1,1,0,0,0,0,0,0,0,0,0,0
2005,330043,1,1,0,0,0,0,0,0,0,0,0,0
2005,330044,1,1,28,28,28,28,28,28,28,28,28,28
2005,330045,1,1,0,0,0,0,0,0,0,0,0,0
2005,330046,1,1,0,0,0,0,0,0,0,0,0,0
2005,330047,1,1,0,0,0,0,0,0,0,0,0,0
2005,330048,1,1,0,0,0,0,0,0,0,0,0,0
2005,330048,2,1,0,13,0,0,0,0,0,0,0,0
2005,330049,1,1,0,0,0,0,0,0,0,0,0,0
2005,330049,2,1,16,0,0,0,4,0,0,0,0,0
2005,330049,3,1,0,0,0,0,0,0,0,0,0,0
2005,330050,1,1,0,0,0,0,0,0,0,0,0,0
2005,330051,1,1,17,17,17,17,17,17,17,17,17,17
2005,330052,1,1,25,15,0,14,0,5,15,7,16,11
2005,330052,2,1,0,0,0,0,0,0,0,0,0,0
2005,330053,1,1,16,16,16,16,16,16,16,16,16,16
2005,330054,1,1,18,18,18,18,18,18,18,18,18,18
2005,330055,0,1,0,0,0,0,0,0,0,0,0,0
2005,330055,1,1,0,0,0,0,0,0,0,0,0,0
2005,330056,1,1,23,23,23,23,23,23,23,23,23,23
2005,330057,1,1,0,0,0,0,0,0,0,0,0,0
2005,330057,2,1,5,5,5,5,5,5,5,5,5,5
2005,330057,3,1,0,0,0,0,0,0,0,0,0,0
2005,330058,1,1,31,31,31,31,31,31,31,31,31,31
2005,330059,1,1,0,0,0,0,0,0,0,0,0,0
2005,330059,2,1,0,0,0,0,0,0,0,0,0,0
2005,330060,1,1,19,19,19,19,19,19,19,19,19,19
2005,330061,1,1,16,0,0,0,20,0,0,0,0,0
2005,330061,2,1,0,0,0,0,0,0,0,0,0,0
2005,330062,1,1,9,9,9,9,9,9,9,9,9,9
2005,330063,1,1,19,10,4,3,0,13,0,0,0,2
2005,330064,1,1,9,9,9,9,9,9,9,9,9,9
2005,330065,1,1,0,0,0,0,0,0,0,0,0,0
2005,330066,0,1,8,13,30,6,0,0,20,24,0,26
2005,330066,1,1,0,0,0,0,0,0,0,0,0,0
2005,330067,1,1,12,12,12,12,12,12,12,12,12,12
2005,330068,1,1,8,8,8,8,8,8,8,8,8,8
2005,330069,1,1,0,0,0,0,0,0,0,0,0,0
2005,330070,1,1,19,19,19,19,19,19,19,19,19,19
2005,330071,1,1,0,0,0,0,0,0,0,0,0,0
2005,330072,1,1,0,0,0,0,0,0,0,0,0,0
2005,330072,2,1,0,0,0,0,0,0,0,0,0,0
2005,330073,1,1,20,20,20,20,20,20,20,20,20,20
2005,330073,2,1,0,0,0,0,0,0,0,0,0,0
2005,330074,1,1,0,0,0,0,0,0,0,0,0,0
2005,330074,2,1,0,0,0,0,0,0,0,0,0,0
2005,330074,3,1,0,0,0,0,0,0,0,0,0,0
2005,330075,1,1,0,0,0,0,0,0,0,0,0,0
2005,330076,1,1,16,16,16,16,16,16,16,16,16,16
2005,330076,2,1,0,0,0,0,0,0,0,0,0,0
2005,330077,1,1,0,0,0,0,0,0,0,0,0,0
2005,330078,1,1,17,17,17,17,17,17,17,17,17,17
2005,330079,1,1,25,25,25,25,25,25,25,25,25,25
2005,330080,1,1,0,0,0,0,0,0,0,0,0,0
2005,330080,2,1,0,0,0,0,0,0,0,0,0,0
2005,330080,3,1,0,0,0,0,0,0,0,0,0,0
2005,330080,4,1,0,0,0,0,0,0,25,0,0,25
2005,330081,1,1,0,0,0,0,0,0,0,0,0,0
2005,330082,1,1,0,0,0,0,0,0,0,0,0,0
2005,330083,1,1,27,27,27,27,27,27,27,27,27,27
2005,330084,1,1,0,0,0,0,0,0,0,0,0,0
2005,330084,2,1,0,0,0,0,0,0,0,0,3,0
2005,330084,3,1,0,0,0,0,0,0,0,13,0,0
2005,330085,1,1,23,23,23,23,23,23,23,23,23,23
2005,330086,1,1,0,0,0,0,0,0,0,0,0,0
2005,330086,2,1,0,0,0,0,0,0,0,0,0,0
2005,330087,1,1,17,17,17,17,17,17,17,17,17,17
2005,330087,2,1,0,0,0,0,0,0,0,0,0,0
2005,330088,1,1,0,0,0,0,0,0,0,0,0,0
2005,330089,1,1,0,0,0,0,0,0,0,0,0,0
2005,330090,1,1,0,0,0,0,0,0,0,0,0,0
2005,330091,1,1,3,3,3,3,3,3,3,3,3,3
2005,330092,1,1,14,14,14,14,14,14,14,14,14,14
2005,330093,1,1,16,16,16,16,16,16,16,16,16,16
2005,330094,1,1,0,0,0,0,0,0,0,0,0,0
2005,330094,2,1,0,0,0,0,0,0,0,0,0,0
2005,330095,1,1,0,0,0,0,0,0,0,0,0,0
2005,330095,2,1,0,0,0,0,0,0,0,0,0,0
2005,330096,1,1,9,9,9,9,9,9,9,9,9,9
2005,330097,1,1,0,0,15,0,0,19,0,0,0,0
2005,330098,1,1,0,0,0,0,0,0,0,0,0,0
2005,330099,0,1,0,0,0,0,0,0,0,0,0,0
2005,330099,1,1,0,0,0,0,0,0,0,0,0,0
2005,330100,1,1,0,0,0,0,0,0,0,0,0,0
2005,330100,2,1,7,0,0,2,0,0,8,0,0,8
2005,330101,1,1,0,0,0,0,0,0,0,0,0,0
2005,330101,2,1,0,0,0,0,17,0,0,11,0,0
2005,330102,1,1,0,0,0,0,0,0,0,0,0,0
2005,330103,1,1,0,0,0,28,0,0,0,0,0,0
2005,330103,2,1,0,0,0,0,0,0,0,0,0,0
2005,330104,1,1,21,21,21,21,21,21,21,21,21,21
2005,330105,1,1,0,0,0,0,0,0,0,0,0,0
2005,330106,1,1,0,0,0,0,0,0,0,0,0,0
2005,330106,2,1,0,0,0,0,0,0,0,0,0,0
2005,330107,1,1,0,0,13,0,0,0,0,16,35,0
2005,330108,1,1,8,8,8,8,8,8,8,8,8,8
2005,330109,1,1,16,16,16,16,16,16,16,16,16,16
2005,330110,1,1,0,0,0,0,0,0,0,0,0,0
2005,330111,1,1,0,0,0,0,0,0,0,0,0,0
2005,330112,1,1,0,0,0,0,0,0,0,0,0,0
2005,330113,1,1,0,0,0,0,0,0,0,0,0,0
2005,330113,2,1,0,0,0,0,0,0,0,0,0,0
2005,330114,1,1,16,16,16,16,16,16,16,16,16,16
2005,330115,1,1,0,0,0,0,0,0,0,0,0,0
2005,330116,1,1,11,11,11,11,11,11,11,11,11,11
2005,330117,1,1,11,0,0,0,0,0,0,0,0,0
2005,330117,2,1,13,0,0,0,0,14,0,0,0,0
2005,330118,1,1,0,0,0,0,0,0,0,0,0,0
2005,330119,1,1,8,8,8,8,8,8,8,8,8,8
2005,330120,1,1,0,0,0,0,0,0,0,0,0,0
2005,330120,2,1,0,0,0,0,0,0,0,0,5,0
2005,330120,3,1,0,0,11,0,27,0,24,18,0,0
2005,330121,1,1,0,0,0,0,0,0,0,0,0,0
2005,330122,1,1,0,0,0,0,0,0,0,0,0,0
2005,330123,1,1,0,0,0,0,0,0,0,0,0,0
2005,330124,1,1,0,0,0,0,0,0,0,0,0,0
2005,330124,2,1,0,0,0,0,0,0,0,0,0,0
2005,330125,1,1,0,25,11,0,10,0,20,0,15,0
2005,330126,1,1,0,12,0,13,13,0,0,0,0,0
2005,330127,1,1,0,0,0,0,0,0,0,0,0,0
2005,330128,1,1,0,0,0,0,0,0,0,0,0,0
2005,330128,2,1,0,0,0,0,0,0,0,0,0,0
2005,330129,1,1,25,25,25,25,25,25,25,25,25,25
2005,330129,2,1,0,0,0,0,0,0,0,0,0,0
2005,330130,1,1,0,0,0,0,0,0,0,0,0,0
2005,330131,1,1,0,0,0,0,0,0,0,0,0,0
2005,330131,2,1,0,0,9,0,0,0,0,0,0,0
2005,330132,1,1,0,0,0,0,0,0,0,0,0,0
2005,330133,1,1,21,21,21,21,21,21,21,21,21,21
2005,330133,2,1,0,0,0,0,0,0,0,0,0,0
2005,330134,1,1,0,0,0,0,0,0,0,0,0,0
2005,330135,1,1,13,13,13,13,13,13,13,13,13,13
2005,330136,1,1,0,0,0,0,0,0,0,0,14,11
2005,330137,1,1,25,25,25,25,25,25,25,25,25,25
2005,330138,1,1,13,13,13,13,13,13,13,13,13,13
2005,330139,1,1,11,11,11,11,11,11,11,11,11,11
2005,330140,1,1,0,0,0,0,0,0,0,0,0,0
2005,330140,2,1,0,0,0,0,0,0,0,0,0,0
2005,330141,1,1,0,0,0,0,0,0,0,0,0,0
2005,330141,2,1,0,0,0,0,0,0,0,0,0,0
2005,330142,1,1,0,0,0,0,0,0,0,0,0,0
2005,330142,2,1,10,0,0,0,0,18,0,0,22,0
2005,330142,3,1,0,0,0,17,24,0,0,0,0,9
2005,330143,1,1,0,0,0,0,0,0,0,0,0,0
2005,330144,0,1,0,0,0,0,0,0,0,0,0,0
2005,330144,1,1,0,0,0,0,0,0,0,0,0,0
2005,330145,1,1,24,24,24,24,24,24,24,24,24,24
2005,330145,2,1,0,0,0,0,0,0,0,6,0,0
2005,330146,1,1,0,0,0,0,0,0,0,0,0,0
2005,330146,2,1,0,0,0,0,0,0,0,0,0,0
2005,330147,1,1,0,0,0,0,0,0,0,0,0,0
2005,330147,2,1,0,0,0,0,0,0,0,0,0,0
2005,330148,1,1,0,0,0,0,0,0,0,0,0,0
2005,330149,1,1,0,0,0,0,0,0,0,0,0,0
2005,330149,2,1,0,0,0,0,0,0,0,0,0,0
2005,330150,1,1,0,0,0,0,24,0,0,0,0,0
2005,330151,1,1,0,0,0,0,0,0,0,0,0,0
2005,330152,1,1,0,0,0,0,0,0,0,0,0,0
2005,330153,1,1,0,0,0,0,0,0,0,0,0,0
2005,330153,2,1,0,0,0,0,0,0,0,0,0,0
2005,330154,1,1,15,15,15,15,15,15,15,15,15,15
2005,330154,2,1,0,0,0,0,0,0,0,0,0,0
2005,330155,1,1,0,0,0,0,0,0,0,0,0,0
2005,330156,1,1,0,0,0,0,0,0,0,0,0,0
2005,330156,2,1,0,0,0,0,0,0,0,0,0,0
2005,340002,0,1,0,0,0,0,0,0,0,0,0,0
2005,340002,1,1,0,13,12,6,0,0,22,0,0,0
2005,340002,2,1,0,0,0,0,0,0,0,0,0,0
2005,340003,1,1,0,0,0,0,0,0,0,0,0,0
2005,340003,2,1,23,23,23,23,23,23,23,23,23,23
2005,340004,1,1,0,0,0,0,0,0,0,0,0,0
2005,340005,1,1,29,29,29,29,29,29,29,29,29,29
2005,340006,1,1,23,23,23,23,23,23,23,23,23,23
2005,340008,1,1,29,3,20,20,0,0,33,0,0,17
2005,340009,1,1,0,0,0,0,0,0,0,0,0,0
2005,340009,2,1,0,0,0,0,0,0,0,0,0,0
2005,340010,0,1,0,0,0,0,0,0,0,0,0,0
2005,340010,1,1,0,0,0,0,0,0,0,0,0,0
2005,340011,1,1,0,0,0,0,0,0,0,0,0,0
2005,340011,2,1,0,0,0,0,0,0,0,0,0,0
2005,340012,1,1,0,0,0,0,0,0,0,0,0,0
2005,340012,2,1,0,0,0,0,0,0,0,0,0,0
2005,340013,1,1,0,0,0,0,0,0,0,0,0,0
2005,340013,2,1,0,0,0,20,0,0,0,0,0,0
2005,340014,1,1,0,0,0,0,0,0,0,0,0,0
2005,340015,1,1,0,0,0,0,0,0,0,0,0,0
2005,340015,2,1,0,0,0,0,12,0,0,0,0,0
2005,340016,1,1,32,15,19,0,0,0,0,0,5,0
2005,340017,1,1,0,0,0,0,0,0,0,0,0,0
2005,340017,2,1,0,0,0,0,0,0,0,0,0,0
2005,340018,1,1,0,0,0,0,0,0,0,8,0,0
2005,340018,2,1,0,0,0,0,0,0,0,0,0,0
2005,340019,1,1,0,0,0,0,0,0,0,0,0,0
2005,340020,1,1,0,0,0,0,0,0,0,0,0,0
2005,340020,2,1,0,0,0,0,0,0,0,0,0,0
2005,340020,3,1,0,0,9,0,0,0,0,0,0,0
2005,340020,4,1,0,0,20,0,25,0,0,0,0,21
2005,340021,1,1,0,0,0,0,0,0,0,0,0,0
2005,340022,1,1,0,0,0,0,0,0,0,0,0,0
2005,340024,1,1,7,7,7,7,7,7,7,7,7,7
2005,340025,1,1,0,0,5,8,0,13,0,0,26,0
2005,340026,1,1,0,0,0,0,0,0,0,0,0,0
2005,340026,2,1,0,0,0,0,0,0,0,0,0,0
2005,340027,1,1,0,0,0,0,0,0,0,0,0,0
2005,340027,2,1,0,0,0,0,0,0,0,0,0,0
2005,340029,1,1,26,26,26,26,26,26,26,26,26,26
2005,340030,1,1,0,0,0,0,0,0,0,8,0,0
2005,340030,2,1,0,0,0,0,0,0,0,0,0,0
2005,340031,0,1,0,0,0,0,0,0,0,0,0,0
2005,340031,1,1,0,0,0,0,0,0,0,0,0,0
2005,340032,1,1,0,0,0,0,0,0,0,0,0,0
2005,340032,2,1,0,0,0,0,0,17,0,9,0,0
2005,340033,1,1,0,0,0,0,0,0,0,0,0,0
2005,340033,2,1,7,7,7,7,7,7,7,7,7,7
2005,340034,1,1,0,0,0,0,0,0,0,0,0,0
2005,340035,1,1,21,21,21,21,21,21,21,21,21,21
2005,340035,2,1,0,0,0,0,0,0,0,0,0,0
2005,340035,3,1,15,0,0,9,0,0,0,0,0,0
2005,340035,4,1,8,0,0,0,0,18,0,8,0,0
2005,340036,1,1,0,0,0,0,0,0,0,0,0,0
2005,340036,2,1,0,0,0,0,0,0,0,0,0,0
2005,340037,1,1,0,0,0,0,0,0,0,0,0,0
2005,340037,2,1,0,0,0,4,0,0,0,0,13,0
2005,340037,3,1,0,0,4,0,0,0,0,0,0,0
2005,340038,0,1,0,13,0,0,0,0,0,0,0,0
2005,340038,1,1,0,0,0,0,0,0,0,0,0,0
2005,340039,0,1,0,0,0,0,0,0,0,0,0,0
2005,340039,1,1,0,0,0,0,0,0,0,0,0,0
2005,340040,1,1,18,18,18,18,18,18,18,18,18,18
2005,340041,1,1,0,0,0,0,0,0,0,0,0,0
2005,340041,2,1,0,0,0,0,0,0,0,0,0,0
2005,340041,3,1,0,0,0,0,0,0,0,0,0,0
2005,340042,1,1,0,0,0,0,0,0,0,0,0,0
2005,340042,2,1,0,0,0,0,0,0,0,0,0,0
2005,340043,2,1,0,0,0,0,0,0,0,0,0,3
2005,340044,1,1,0,0,0,0,0,0,0,0,0,0
2005,340045,1,1,8,8,8,8,8,8,8,8,8,8
2005,340046,1,1,0,0,0,0,0,0,0,0,0,5
2005,340047,1,1,18,18,18,18,18,18,18,18,18,18
2005,340049,0,1,0,0,0,0,0,0,0,0,0,0
2005,340049,0,2,0,0,0,0,18,42,0,5,0,0
2005,340049,1,1,0,0,0,0,0,0,0,0,0,0
2005,340050,1,1,10,10,10,10,10,10,10,10,10,10
2005,340050,2,1,0,0,0,0,0,0,0,0,0,0
2005,340051,1,1,0,0,0,0,0,0,0,0,0,0
2005,340051,2,1,0,0,0,0,0,0,0,0,0,0