YEAR,ST_CASE,veh_no,per_no,P1,P2,P3,P4,P5,P6,P7,P8,P9,P10
2005,340053,1,1,0,0,0,0,0,0,0,0,0,0
2005,340053,2,1,27,27,27,27,27,27,27,27,27,27
2005,340054,1,1,0,0,0,0,0,0,0,0,0,0
2005,340055,1,1,0,0,0,0,0,0,0,0,0,0
2005,340056,1,1,0,0,0,0,0,0,0,0,0,0
2005,340056,2,1,0,0,0,0,0,0,0,0,0,0
2005,340057,0,1,22,22,22,22,22,22,22,22,22,22
2005,340057,1,1,0,0,0,0,0,0,0,0,0,0
2005,340058,1,1,1,1,1,1,1,1,1,1,1,1
2005,340060,1,1,14,14,14,14,14,14,14,14,14,14
2005,340061,0,1,21,21,21,21,21,21,21,21,21,21
2005,340061,1,1,0,0,0,0,0,0,0,0,0,0
2005,340062,0,1,0,0,0,0,0,0,0,0,0,0
2005,340062,1,1,0,0,0,0,0,0,0,0,0,0
2005,340063,1,1,0,0,0,0,0,0,0,0,0,0
2005,340063,2,1,0,0,0,0,0,0,0,0,0,0
2005,340064,1,1,28,28,28,28,28,28,28,28,28,28
2005,340065,1,1,0,0,0,0,0,0,0,0,0,0
2005,340065,2,1,0,0,0,0,0,0,0,0,0,0
2005,340066,0,1,0,0,0,0,0,0,0,0,0,0
2005,340066,1,1,0,0,0,0,0,0,0,0,0,0
2005,340067,1,1,15,15,15,15,15,15,15,15,15,15
2005,340068,1,1,24,24,24,24,24,24,24,24,24,24
2005,340070,1,1,0,0,0,0,0,0,0,0,0,0
2005,340070,2,1,0,0,0,0,0,0,0,7,0,0
2005,340072,0,1,51,51,51,51,51,51,51,51,51,51
2005,340072,1,1,0,0,0,0,0,0,0,0,0,0
2005,340072,2,1,0,0,0,0,0,0,0,0,0,0
2005,340073,1,1,18,18,18,18,18,18,18,18,18,18
2005,340074,1,1,0,0,0,0,0,0,0,0,0,0
2005,340074,2,1,0,0,0,0,0,0,0,0,0,0
2005,340075,0,1,0,0,0,0,0,0,0,0,0,0
2005,340075,1,1,0,0,0,0,0,0,0,0,0,0
2005,340076,1,1,0,0,0,0,0,0,0,0,0,0
2005,340077,1,1,24,24,24,24,24,24,24,24,24,24
2005,340077,2,1,0,0,0,0,0,0,0,0,0,18
2005,340078,1,1,1,1,1,1,1,1,1,1,1,1
2005,340079,1,1,0,0,0,0,0,0,0,0,0,0
2005,340079,2,1,0,0,0,0,0,0,0,0,0,0
2005,340080,0,1,0,0,0,0,0,0,0,0,0,0
2005,340080,2,1,0,0,0,0,15,0,0,0,0,0
2005,340081,1,1,8,8,8,8,8,8,8,8,8,8
2005,340082,1,1,0,0,0,0,0,0,0,0,0,0
2005,340083,1,1,0,0,0,0,0,0,0,0,0,0
2005,340084,0,1,0,0,0,0,0,0,0,0,0,0
2005,340084,1,1,0,0,0,0,0,0,0,0,0,0
2005,340085,1,1,0,0,0,0,0,0,0,22,0,0
2005,340085,2,1,0,0,0,0,0,0,0,0,0,0
2005,340085,3,1,0,0,0,0,0,0,0,0,0,0
2005,340086,1,1,0,0,0,0,0,0,0,0,0,0
2005,340087,1,1,16,16,16,16,16,16,16,16,16,16
2005,340088,1,1,0,0,0,0,0,0,0,0,0,0
2005,340088,2,1,0,7,0,27,18,19,10,14,14,17
2005,340089,1,1,10,10,10,10,10,10,10,10,10,10
2005,340090,1,1,0,0,0,0,0,0,0,0,0,0
2005,340091,1,1,0,0,0,0,0,0,0,0,0,0
2005,340092,1,1,0,0,0,0,0,0,0,0,0,0
2005,340092,2,1,11,11,11,11,11,11,11,11,11,11
2005,340094,1,1,12,12,12,12,12,12,12,12,12,12
2005,340095,1,1,0,0,0,0,0,0,0,0,0,0
2005,340096,0,1,0,0,0,0,0,0,0,0,0,0
2005,340096,1,1,0,0,0,0,0,0,0,0,0,0
2005,340097,1,1,13,13,13,13,13,13,13,13,13,13
2005,340097,2,1,0,3,7,26,8,0,0,0,0,16
2005,340098,1,1,0,0,0,0,0,0,0,0,0,0
2005,340098,2,1,0,0,0,0,0,0,0,0,0,0
2005,340099,0,1,23,23,23,23,23,23,23,23,23,23
2005,340099,1,1,0,0,0,0,0,0,0,0,0,0
2005,340101,1,1,11,11,11,11,11,11,11,11,11,11
2005,340102,1,1,15,0,0,0,0,0,0,39,23,9
2005,340103,0,1,0,0,0,0,0,0,0,0,0,0
2005,340103,1,1,15,11,34,0,0,16,17,17,30,10
2005,340104,0,1,0,0,0,0,0,0,0,0,0,0
2005,340104,1,1,0,0,0,0,0,0,0,0,0,0
2005,340105,1,1,0,0,0,0,0,0,0,0,0,0
2005,340106,1,1,0,0,0,0,0,0,0,0,0,0
2005,340106,2,1,0,0,0,0,0,0,0,0,0,0
2005,340107,1,1,0,0,0,0,0,0,0,0,0,0
2005,340108,1,1,0,0,0,0,0,0,0,0,0,0
2005,340108,2,1,23,23,23,23,23,23,23,23,23,23
2005,340109,1,1,0,0,0,0,0,0,0,0,0,0
2005,340110,1,1,0,0,0,0,0,0,0,0,0,0
2005,340111,1,1,25,25,25,25,25,25,25,25,25,25
2005,340112,1,1,0,0,0,0,0,0,0,0,0,0
2005,340112,2,1,0,0,0,0,0,0,0,0,0,0
2005,340113,0,1,0,0,0,0,0,0,0,0,0,0
2005,340113,1,1,0,0,0,0,0,0,0,0,0,0
2005,340114,1,1,5,5,5,5,5,5,5,5,5,5
2005,340115,1,1,0,0,0,0,0,0,0,0,0,0
2005,340116,1,1,0,0,0,0,0,0,0,0,0,0
2005,340116,2,1,0,0,0,0,0,0,0,0,0,0
2005,340117,1,1,16,16,16,16,16,16,16,16,16,16
2005,340118,1,1,0,0,0,0,0,0,0,0,0,0
2005,340118,2,1,0,0,0,0,0,0,0,0,0,0
2005,340119,0,1,0,0,0,0,24,0,0,0,0,0
2005,340119,1,1,0,0,0,0,0,0,0,0,0,0
2005,340120,0,1,25,25,25,25,25,25,25,25,25,25
2005,340120,1,1,0,0,0,0,0,0,0,0,0,0
2005,340121,1,1,34,34,34,34,34,34,34,34,34,34
2005,340122,1,1,0,0,0,0,0,0,0,0,0,0
2005,340123,0,1,0,0,0,0,0,0,0,0,0,0
2005,340123,1,1,0,0,0,0,0,0,0,0,0,0
2005,340124,1,1,0,0,0,0,0,0,0,10,0,0
2005,340124,2,1,0,0,0,0,0,0,0,0,0,0
2005,340124,3,1,0,0,0,0,0,0,0,0,0,0
2005,340125,1,1,0,0,0,0,0,0,0,0,14,0
2005,340125,2,1,3,3,3,3,3,3,3,3,3,3
2005,340126,1,1,1,1,1,1,1,1,1,1,1,1
2005,340126,2,1,0,0,0,0,0,0,0,0,0,0
2005,340127,0,1,0,0,0,0,0,0,0,0,0,0
2005,340127,1,1,0,0,0,15,10,0,8,0,0,0
2005,340127,2,1,0,0,0,0,0,0,0,0,0,0
2005,340128,0,1,0,0,0,0,0,0,0,0,0,0
2005,340128,1,1,0,0,0,0,0,0,0,0,0,0
2005,340129,1,1,0,0,24,0,0,0,0,2,0,0
2005,340129,2,1,25,25,25,25,25,25,25,25,25,25
2005,340130,1,1,0,0,0,0,0,0,0,0,0,0
2005,340130,2,1,0,0,0,0,0,0,0,0,0,0
2005,340131,0,1,0,0,0,0,0,0,0,0,0,0
2005,340131,1,1,0,0,0,0,0,0,0,0,0,0
2005,340132,0,1,0,0,0,0,0,0,0,0,0,0
2005,340132,1,1,0,0,0,17,25,0,7,12,7,11
2005,340133,1,1,23,0,0,0,0,0,0,0,0,0
2005,340133,2,1,0,0,0,0,0,0,0,0,0,0
2005,340134,1,1,0,0,0,0,0,0,0,0,0,0
2005,340135,1,1,2,2,2,2,2,2,2,2,2,2
2005,340136,1,1,0,0,0,0,0,0,0,0,0,0
2005,340136,2,1,0,0,0,0,0,0,0,0,0,0
2005,340136,3,1,0,10,0,0,0,18,16,16,0,13
2005,340137,0,1,0,0,0,0,0,0,0,0,0,0
2005,340137,2,1,0,0,0,0,0,0,0,0,0,0
2005,340138,1,1,0,0,0,0,0,0,4,19,0,0
2005,340139,1,1,0,0,0,0,0,0,0,0,0,0
2005,340139,2,1,0,0,0,0,0,0,0,0,0,0
2005,340140,0,1,0,0,0,0,0,0,0,0,0,0
2005,340140,1,1,0,0,0,0,0,0,0,0,0,0
2005,340141,1,1,0,0,0,0,0,0,0,0,0,0
2005,340142,1,1,0,0,0,0,0,0,0,0,0,0
2005,340142,2,1,0,0,0,0,0,0,0,0,0,0
2005,340143,1,1,11,11,11,11,11,11,11,11,11,11
2005,340144,1,1,0,0,0,0,0,0,0,0,0,0
2005,340144,2,1,0,0,0,0,0,0,0,0,0,0
2005,340145,1,1,8,8,8,8,8,8,8,8,8,8
2005,340146,1,1,0,0,0,0,0,0,0,0,0,0
2005,340146,2,1,0,0,0,0,20,0,0,0,0,0
2005,340147,1,1,0,0,0,0,0,0,0,0,0,0
2005,340148,0,1,0,0,0,0,0,0,0,0,0,0
2005,340148,1,1,0,0,0,0,0,0,0,0,0,0
2005,340149,1,1,0,0,0,0,0,0,0,0,0,0
2005,340150,0,1,0,0,0,0,0,0,0,0,0,0
2005,340150,0,2,0,10,0,0,0,0,0,15,0,0
2005,340150,1,1,0,0,0,0,0,0,0,0,0,0
2005,340151,1,1,0,0,0,0,0,0,0,0,0,0
2005,340151,2,1,0,28,8,0,0,21,0,0,18,18
2005,340151,3,1,0,0,0,0,0,0,0,0,0,0
2005,340151,4,1,0,0,0,0,0,0,0,0,0,0
2005,340151,5,1,0,0,0,0,0,0,0,0,0,0
2005,340152,1,1,0,0,0,0,0,0,0,0,0,0
2005,340152,2,1,0,0,0,0,5,0,0,0,0,26
2005,340153,1,1,0,0,0,0,0,0,0,0,0,0
2005,340153,2,1,0,0,0,0,0,0,0,0,0,0
2005,340154,1,1,0,0,0,0,0,0,0,0,0,0
2005,340155,1,1,26,26,26,26,26,26,26,26,26,26
2005,340156,1,1,15,15,15,15,15,15,15,15,15,15
2005,340156,2,1,10,10,10,10,10,10,10,10,10,10
2005,340157,0,1,0,0,0,0,0,0,0,0,0,0
2005,340157,1,1,0,0,0,14,0,0,0,31,0,0
2005,340158,1,1,11,11,11,11,11,11,11,11,11,11
2005,340159,1,1,3,3,3,3,3,3,3,3,3,3
2005,340161,0,1,0,0,0,0,0,0,0,0,0,0
2005,340161,1,1,0,0,0,12,0,0,0,0,0,0
2005,340163,1,1,0,0,0,0,0,0,0,0,0,0
2005,340163,2,1,0,0,0,0,0,0,0,0,0,0
2005,340163,3,1,0,0,0,0,0,0,0,0,0,0
2005,340164,0,1,0,0,0,0,0,0,0,0,0,0
2005,340164,1,1,0,0,0,0,0,0,0,0,0,0
2005,340165,1,1,13,17,0,0,0,0,0,7,0,0
2005,340165,2,1,0,0,0,0,0,0,0,0,0,0
2005,340166,1,1,17,17,17,17,17,17,17,17,17,17
2005,340167,1,1,23,23,23,23,23,23,23,23,23,23
2005,340168,1,1,15,15,15,15,15,15,15,15,15,15
2005,340168,2,1,0,0,0,0,22,0,0,0,2,21
2005,340169,1,1,0,0,0,0,0,0,0,0,0,0
2005,340169,2,1,0,0,0,0,0,0,12,0,0,0
2005,340171,1,1,0,0,0,0,0,0,0,0,0,0
2005,340171,2,1,0,0,0,0,0,0,0,0,0,0
2005,340171,3,1,3,0,0,0,0,0,0,0,0,0
2005,340171,4,1,0,0,0,0,0,0,0,0,0,0
2005,340172,1,1,0,0,0,0,0,0,0,0,0,0
2005,340172,2,1,0,0,0,0,0,0,0,0,0,0
2005,340173,1,1,0,0,0,0,0,0,0,0,0,0
2005,340174,1,1,0,0,0,0,0,0,0,0,0,0
2005,340174,2,1,0,0,0,0,0,0,0,0,0,0
2005,340174,3,1,0,0,9,16,0,6,0,0,0,0
2005,340175,1,1,0,0,0,0,0,0,0,0,0,0
2005,340175,2,1,0,0,0,9,0,0,0,0,10,0
2005,340176,0,1,37,37,37,37,37,37,37,37,37,37
2005,340176,1,1,0,0,0,0,0,0,0,0,0,0
2005,340177,0,1,11,11,11,11,11,11,11,11,11,11
2005,340177,1,1,14,0,0,0,0,0,0,0,0,0
2005,340178,1,1,0,0,0,0,0,0,0,0,0,0
2005,340178,2,1,0,0,0,0,0,0,0,0,0,0
2005,340181,0,1,0,0,0,15,0,0,0,0,0,0
2005,340181,1,1,0,0,0,20,0,0,0,0,0,10
2005,340182,0,1,24,24,24,24,24,24,24,24,24,24
2005,340182,1,1,0,0,31,0,7,0,9,0,0,0
2005,340183,2,1,0,0,0,0,0,0,0,0,0,0
2005,340184,1,1,0,0,0,0,0,0,0,0,0,0
2005,340184,2,1,0,0,0,0,0,0,0,0,0,0
2005,340185,1,1,0,0,0,0,0,0,0,0,0,0
2005,340186,1,1,0,0,0,0,0,0,0,0,0,0
2005,340186,2,1,0,0,0,0,0,0,0,0,0,0
2005,340187,1,1,0,0,0,0,0,0,0,0,0,0
2005,340187,2,1,0,0,0,0,0,0,0,0,0,0
2005,340188,1,1,0,0,0,0,0,0,0,0,0,0
2005,340189,1,1,0,0,0,0,0,0,0,0,0,0
2005,340190,0,1,24,24,24,24,24,24,24,24,24,24
2005,340190,1,1,0,0,0,0,0,6,0,0,0,0
2005,340191,1,1,0,0,26,0,0,16,0,0,0,0
2005,340191,2,1,0,0,0,0,0,0,20,0,0,0
2005,340192,0,1,0,0,0,0,0,0,0,0,0,0
2005,340192,1,1,0,0,0,0,0,0,0,0,0,0
2005,340193,1,1,9,9,9,9,9,9,9,9,9,9
2005,340193,2,1,11,11,11,11,11,11,11,11,11,11
2005,340193,3,1,0,3,13,0,17,0,0,27,0,11
2005,340193,4,1,15,11,13,13,14,10,14,0,16,10
2005,340194,1,1,0,0,0,0,0,0,0,0,0,0
2005,340194,2,1,0,0,0,0,0,0,0,12,0,0
2005,340195,0,1,25,25,25,25,25,25,25,25,25,25
2005,340195,1,1,0,0,0,0,25,0,0,0,0,0
2005,340196,1,1,0,0,0,0,0,0,0,0,0,0
2005,340197,1,1,0,0,0,0,0,0,0,0,0,0
2005,340197,2,1,0,0,0,0,0,0,0,0,0,0
2005,340198,1,1,0,0,0,0,0,0,0,0,0,0
2005,340198,2,1,0,0,0,0,0,0,0,0,0,0
2005,340199,1,1,0,0,0,0,0,0,0,0,0,0
2005,340200,1,1,0,0,0,0,0,0,0,0,0,0
2005,340200,2,1,0,0,0,0,0,0,0,0,0,10
2005,340201,1,1,0,0,0,0,0,0,0,0,0,0
2005,340204,1,1,0,0,0,0,0,0,0,0,0,0
2005,340205,0,1,0,0,0,0,0,0,0,0,0,0
2005,340205,1,1,0,0,0,0,0,0,0,0,0,0
2005,340206,0,1,0,0,0,0,0,0,0,0,0,0
2005,340206,1,1,0,0,0,0,0,0,0,0,0,0
2005,340207,1,1,1,1,1,1,1,1,1,1,1,1
2005,340208,1,1,0,0,0,0,0,0,0,0,0,0
2005,340209,1,1,0,0,0,0,0,0,0,0,0,0
2005,340209,2,1,0,0,0,0,0,0,0,0,0,0
2005,340210,1,1,0,0,0,0,0,0,0,0,0,0
2005,340210,2,1,0,0,0,0,0,0,0,0,0,0
2005,340211,1,1,0,0,0,0,0,0,0,0,0,0
2005,340211,2,1,0,0,0,0,0,0,0,0,0,0
2005,340211,3,1,0,0,0,0,0,0,0,0,0,13
2005,340212,1,1,0,0,0,0,0,0,0,0,0,0
2005,340212,2,1,0,0,0,0,0,0,0,0,0,0
2005,340213,1,1,0,0,0,0,0,0,0,0,0,0
2005,340213,2,1,0,0,0,0,0,0,0,0,0,0
2005,340215,1,1,0,0,0,0,0,0,0,0,0,0
2005,340216,0,1,15,15,15,15,15,15,15,15,15,15
2005,340216,1,1,0,18,0,0,0,0,0,0,25,0
2005,340218,1,1,0,0,0,0,0,0,0,0,0,0
2005,340218,2,1,0,0,0,14,0,0,0,0,0,0
2005,340219,1,1,0,0,0,0,0,0,0,0,0,0
2005,340220,0,1,29,29,29,29,29,29,29,29,29,29
2005,340220,1,1,17,0,0,0,0,11,0,0,24,0
2005,340221,0,1,0,0,0,0,0,0,0,0,0,0
2005,340221,1,1,0,0,0,0,0,0,0,0,16,0
2005,340222,0,1,9,17,0,0,0,0,0,0,14,0
2005,340222,1,1,0,0,0,0,0,0,0,0,0,0
2005,340223,1,1,0,0,0,0,0,0,0,0,0,0
2005,340223,2,1,0,0,0,0,0,0,0,0,0,0
2005,340223,3,1,0,0,0,0,0,0,0,0,0,0
2005,340224,1,1,23,23,23,23,23,23,23,23,23,23
2005,340225,1,1,0,0,0,0,0,0,0,0,0,0
2005,340225,2,1,0,0,0,0,0,0,0,0,0,0
2005,340226,1,1,0,0,0,0,0,0,0,0,0,0
2005,340227,0,1,23,15,0,0,26,0,22,26,0,0
2005,340227,1,1,0,0,0,0,0,0,0,0,0,0
2005,340227,2,1,0,0,16,13,0,0,0,0,21,12
2005,340227,3,1,0,0,0,0,0,0,0,0,0,0
2005,340228,1,1,14,14,14,14,14,14,14,14,14,14
2005,340229,1,1,15,15,15,15,15,15,15,15,15,15
2005,340229,2,1,0,0,0,0,0,0,0,0,0,0
2005,340230,1,1,0,0,0,0,0,0,0,0,0,0
2005,340230,2,1,0,0,0,0,0,0,0,0,0,0
2005,340230,3,1,0,0,0,0,0,0,0,0,0,0
2005,340231,1,1,19,19,19,19,19,19,19,19,19,19
2005,340232,1,1,0,21,0,0,0,0,0,17,11,0
2005,340232,2,1,0,0,0,0,0,0,0,0,0,0
2005,340233,1,1,0,0,0,0,0,0,0,0,0,0
2005,340233,2,1,0,0,0,15,0,13,0,0,0,0
2005,340233,3,1,11,11,11,11,11,11,11,11,11,11
2005,340233,4,1,0,0,0,0,0,0,0,0,0,0
2005,340234,1,1,12,12,12,12,12,12,12,12,12,12
2005,340235,1,1,17,17,17,17,17,17,17,17,17,17
2005,340236,1,1,22,22,22,22,22,22,22,22,22,22
2005,340237,1,1,0,0,0,0,0,0,0,0,0,0
2005,340238,1,1,0,0,0,0,0,0,0,0,0,0
2005,340240,0,1,0,0,0,0,0,0,0,0,0,0
2005,340240,1,1,0,0,0,0,0,0,0,0,0,0
2005,340241,1,1,0,0,0,0,0,0,0,0,0,0
2005,340241,2,1,0,0,0,0,0,0,0,0,0,0
2005,340242,1,1,0,0,0,0,0,0,0,0,0,0
2005,340242,2,1,6,0,0,0,0,0,0,0,0,0
2005,340243,1,1,8,0,12,14,0,0,0,0,0,0
2005,340244,1,1,0,0,0,0,0,0,0,0,0,0
2005,340245,1,1,0,0,0,0,0,0,0,0,0,0
2005,340245,2,1,0,0,0,0,0,0,0,0,0,0
2005,340246,1,1,0,0,0,0,0,0,0,0,0,0
2005,340246,2,1,0,0,0,0,0,0,0,0,0,0
2005,340246,3,1,0,0,0,0,0,0,0,0,0,0
2005,340247,1,1,27,27,27,27,27,27,27,27,27,27
2005,340248,1,1,0,0,0,0,0,0,0,0,0,0
2005,340248,2,1,15,31,18,0,17,0,0,0,0,0
2005,340249,1,1,0,0,0,0,0,0,0,0,0,0
2005,340249,2,1,0,0,0,0,0,0,0,0,0,0
2005,340250,1,1,0,0,0,0,0,0,0,0,0,0
2005,340250,2,1,0,0,0,0,0,0,0,0,0,0
2005,340250,3,1,0,0,0,0,0,0,0,0,0,0
2005,340251,1,1,0,0,0,0,0,0,0,0,0,0
2005,340252,1,1,0,0,0,0,0,0,0,0,0,0
2005,340252,2,1,0,0,0,0,0,0,0,0,0,0
2005,340253,1,1,1,1,1,1,1,1,1,1,1,1
2005,340253,2,1,0,0,0,0,0,0,0,0,0,0
2005,340254,1,1,5,5,5,5,5,5,5,5,5,5
2005,340255,1,1,17,17,17,17,17,17,17,17,17,17
2005,340256,0,1,0,0,0,0,0,0,0,0,0,0
2005,340256,1,1,0,0,0,0,0,0,0,0,0,0
2005,340257,0,1,0,0,0,0,0,0,0,0,0,0
2005,340257,1,1,0,9,0,0,0,0,0,0,0,0
2005,340258,1,1,0,0,0,0,0,0,0,0,0,0
2005,340259,1,1,0,0,0,0,0,0,0,0,0,0
2005,340259,2,1,0,0,0,0,0,0,0,0,0,0
2005,340259,3,1,0,0,0,0,0,0,0,0,0,0
2005,340259,4,1,0,0,0,0,0,0,0,0,0,0
2005,340259,5,1,0,0,0,0,0,0,0,0,0,0
2005,340260,1,1,20,20,20,20,20,20,20,20,20,20
2005,340261,1,1,0,0,0,7,14,0,0,0,0,0
2005,340261,2,1,0,0,0,0,0,0,0,0,0,0
2005,340262,1,1,0,0,0,0,0,0,0,0,0,0
2005,340262,2,1,0,0,0,0,0,0,0,0,0,0
2005,340263,1,1,0,0,0,0,0,0,0,0,0,0
2005,340263,2,1,0,0,0,0,0,0,0,0,0,0
2005,340264,1,1,0,0,0,0,0,0,0,0,0,0
2005,340265,1,1,11,11,11,11,11,11,11,11,11,11
2005,340266,0,1,0,0,0,0,14,0,0,0,0,0
2005,340266,1,1,11,11,11,11,11,11,11,11,11,11
2005,340267,1,1,0,0,13,0,0,0,0,0,0,0
2005,340267,2,1,12,12,12,12,12,12,12,12,12,12
2005,340267,3,1,0,0,0,0,0,0,0,0,0,0
2005,340268,1,1,0,0,0,0,0,0,0,0,0,0
2005,340269,1,1,0,0,0,0,0,0,0,0,0,0
2005,340270,1,1,0,0,0,0,0,0,0,0,0,0
2005,340270,2,1,0,0,0,0,0,0,0,0,0,0
2005,340271,1,1,0,0,0,0,0,0,0,0,0,0
2005,340272,1,1,0,0,0,0,0,0,0,0,20,0
2005,340273,1,1,0,0,0,0,0,0,0,0,0,0
2005,340273,2,1,0,0,0,0,8,0,0,0,0,0
2005,340274,1,1,0,0,0,0,0,0,0,0,0,0
2005,340274,2,1,0,0,0,0,0,0,0,0,0,0
2005,340275,0,1,0,0,0,0,0,0,0,0,0,0
2005,340275,1,1,15,0,0,0,0,0,11,0,0,0
2005,340276,1,1,0,0,0,0,0,0,0,0,0,0
2005,340277,1,1,0,0,0,0,0,0,0,0,0,0
2005,340277,2,1,0,0,0,0,0,0,0,0,0,0
2005,340278,1,1,0,0,0,0,0,0,0,0,0,0
2005,340278,2,1,0,0,0,0,0,0,0,0,0,0
2005,340279,0,1,0,0,0,0,0,0,0,0,0,0
2005,340279,1,1,0,0,0,0,20,0,0,0,0,0
2005,340280,1,1,22,0,0,0,16,0,26,12,22,31
2005,340281,0,1,0,0,0,0,0,0,0,0,0,0
2005,340281,1,1,0,0,0,0,0,0,0,0,0,0
2005,340282,1,1,0,0,0,0,0,0,0,0,0,0
2005,340283,1,1,2,2,2,2,2,2,2,2,2,2
2005,340284,0,1,0,0,0,0,0,0,0,0,0,0
2005,340284,1,1,0,0,0,0,0,0,0,0,0,0
2005,340285,0,1,0,0,0,0,0,0,0,0,0,0
2005,340285,1,1,0,0,0,0,0,0,0,0,0,0
2005,340286,1,1,0,0,0,0,0,0,0,0,0,0
2005,340286,2,1,0,0,0,0,0,0,8,0,0,0
2005,340287,0,1,0,0,0,0,0,0,0,0,0,0
2005,340287,1,1,0,0,0,0,0,0,0,0,0,0
2005,340288,1,1,0,0,0,0,0,0,0,0,0,0
2005,340288,2,1,0,0,0,0,0,0,0,15,0,0
2005,340288,3,1,0,0,0,0,0,0,0,0,0,0
2005,340289,0,1,28,28,28,28,28,28,28,28,28,28
2005,340289,1,1,0,0,0,0,0,0,0,0,0,0
2005,340290,1,1,0,0,0,0,0,0,0,0,0,0
2005,340291,1,1,15,15,15,15,15,15,15,15,15,15
2005,340292,2,1,18,18,18,18,18,18,18,18,18,18
2005,340293,1,1,0,0,0,0,0,0,0,0,0,0
2005,340293,2,1,23,0,0,0,0,0,0,0,0,0
2005,340294,1,1,12,0,14,11,0,20,0,0,0,9
2005,340294,2,1,0,0,0,0,0,0,0,0,0,0
2005,340295,1,1,0,0,0,0,0,0,0,0,0,0
2005,340295,2,1,0,0,0,0,0,0,0,0,0,0
2005,340296,1,1,0,0,0,0,0,0,0,0,0,0
2005,340296,2,1,0,0,0,0,0,0,0,0,0,0
2005,340296,3,1,0,0,0,0,0,0,0,0,0,0
2005,340297,0,1,0,0,0,0,0,0,0,0,0,0
2005,340297,1,1,0,0,11,0,0,0,0,0,0,0
2005,340298,1,1,23,23,23,23,23,23,23,23,23,23
2005,340299,0,1,0,0,0,0,0,0,0,0,0,0
2005,340299,1,1,0,0,0,0,0,0,0,0,0,0
2005,340300,1,1,0,0,0,0,0,0,0,0,0,0
2005,340301,1,1,0,0,0,9,0,0,0,0,0,0
2005,340301,2,1,0,15,0,0,0,0,0,0,0,0
2005,340302,0,1,5,5,5,5,5,5,5,5,5,5
2005,340302,1,1,14,8,11,21,12,10,0,22,0,0
2005,340303,1,1,0,0,0,0,0,0,0,0,0,0
2005,340303,2,1,0,0,0,0,0,0,0,0,0,0
2005,340304,1,1,0,0,0,0,0,0,0,0,0,0
2005,340304,2,1,0,0,0,0,0,0,0,0,0,0
2005,340304,3,1,0,0,0,0,0,0,0,0,0,16
2005,340305,1,1,0,0,0,0,0,0,0,0,0,0
2005,340307,1,1,0,0,0,0,0,0,0,0,0,0
2005,340307,2,1,0,0,0,0,0,0,0,0,0,0
2005,340307,3,1,0,0,0,0,0,0,0,0,0,0
2005,340308,0,1,0,0,0,0,0,0,0,0,0,0
2005,340308,1,1,0,0,0,0,0,0,0,0,7,0
2005,340310,1,1,0,0,11,12,0,16,0,29,4,0
2005,340311,1,1,11,11,11,11,11,11,11,11,11,11
2005,340311,2,1,4,4,4,4,4,4,4,4,4,4
2005,340313,0,1,15,17,24,0,0,23,0,0,0,0
2005,340313,1,1,0,0,0,0,0,0,0,17,0,0
2005,340314,1,1,11,11,11,11,11,11,11,11,11,11
2005,340315,1,1,14,14,14,14,14,14,14,14,14,14
2005,340316,1,1,0,0,0,0,0,0,0,0,0,0
2005,340316,2,1,0,0,0,0,0,0,0,0,0,0
2005,340317,0,1,17,15,0,12,0,0,47,9,0,0
2005,340317,1,1,14,6,0,16,22,18,24,0,0,0
2005,340318,0,1,41,41,41,41,41,41,41,41,41,41
2005,340318,1,1,0,0,0,0,0,0,9,0,0,0
2005,340319,1,1,25,25,25,25,25,25,25,25,25,25
2005,340319,2,1,0,0,0,0,0,0,0,0,0,0
2005,340320,1,1,0,0,0,0,0,0,0,0,0,0
2005,340320,2,1,0,0,0,0,0,0,0,0,0,0
2005,340320,3,1,0,0,0,0,0,0,0,0,0,0
2005,340321,1,1,0,0,0,0,0,0,0,0,0,0
2005,340321,2,1,0,0,0,0,0,0,0,0,0,0
2005,340322,1,1,13,0,12,0,0,21,0,18,0,7
2005,340323,0,1,0,0,0,0,0,0,0,0,0,0
2005,340323,1,1,16,9,0,0,10,0,0,0,18,0
2005,340324,1,1,15,15,15,15,15,15,15,15,15,15
2005,340325,1,1,0,0,0,0,0,0,0,0,0,0
2005,340325,2,1,0,0,0,0,0,0,0,0,0,0
2005,340326,1,1,0,0,15,5,0,0,0,0,0,0
2005,340326,2,1,0,0,0,0,0,0,0,0,0,0
2005,340327,1,1,0,0,0,0,0,0,0,0,0,0
2005,340328,1,1,23,23,23,23,23,23,23,23,23,23
2005,340329,1,1,20,20,20,20,20,20,20,20,20,20
2005,340330,1,1,20,20,20,20,20,20,20,20,20,20
2005,340333,1,1,0,0,0,0,0,0,0,0,0,0
2005,340333,2,1,0,0,0,0,0,0,0,0,0,6
2005,340334,1,1,17,17,17,17,17,17,17,17,17,17
2005,340334,2,1,0,0,0,0,0,0,0,0,0,9
2005,340334,3,1,0,0,0,0,0,0,0,0,0,0
2005,340335,0,1,0,0,0,0,0,0,0,0,0,0
2005,340335,1,1,13,13,13,13,13,13,13,13,13,13
2005,340336,0,1,10,10,10,10,10,10,10,10,10,10
2005,340336,1,1,0,0,0,0,0,0,0,0,0,0
2005,340337,1,1,27,0,0,0,0,0,0,0,0,0
2005,340338,1,1,0,0,0,0,0,0,0,0,0,0
2005,340338,2,1,0,0,0,0,20,0,0,0,14,12