YEAR,ST_CASE,veh_no,per_no,P1,P2,P3,P4,P5,P6,P7,P8,P9,P10
2005,340338,3,1,0,0,0,0,0,0,0,0,0,0
2005,340338,4,1,0,0,0,0,0,0,0,0,0,0
2005,340339,1,1,0,13,0,0,0,0,0,0,0,0
2005,340340,1,1,0,0,0,0,0,0,0,0,0,0
2005,340341,1,1,0,0,0,0,0,0,0,0,0,20
2005,340341,2,1,0,0,0,0,0,0,0,0,0,0
2005,340341,3,1,0,0,0,0,0,0,0,0,0,0
2005,340342,1,1,0,0,0,0,0,0,0,22,0,0
2005,340343,1,1,0,0,0,0,0,0,0,0,0,0
2005,340344,1,1,19,19,19,19,19,19,19,19,19,19
2005,340345,1,1,0,0,0,0,0,0,0,0,0,0
2005,340346,1,1,0,0,0,0,0,0,0,0,0,0
2005,340347,1,1,0,0,0,0,0,0,0,0,0,0
2005,340347,2,1,0,0,0,0,0,0,5,0,0,0
2005,340348,1,1,0,0,0,0,0,0,0,0,0,0
2005,340348,2,1,0,0,0,0,0,0,0,0,0,0
2005,340348,3,1,0,0,0,0,0,0,0,0,0,0
2005,340348,4,1,0,0,0,0,0,0,0,0,0,0
2005,340349,1,1,0,0,0,0,0,0,0,0,0,0
2005,340350,1,1,11,11,11,11,11,11,11,11,11,11
2005,340351,1,1,0,0,0,0,0,0,0,0,0,0
2005,340351,2,1,7,8,14,8,0,0,13,10,0,0
2005,340352,1,1,0,0,0,0,0,0,0,0,0,0
2005,340352,2,1,0,0,0,0,0,0,0,0,21,0
2005,340353,1,1,0,0,0,0,0,0,19,0,0,0
2005,340354,1,1,20,20,20,20,20,20,20,20,20,20
2005,340355,1,1,0,0,0,0,0,0,0,0,0,0
2005,340355,2,1,17,17,17,17,17,17,17,17,17,17
2005,340356,0,1,0,0,0,0,0,0,0,0,0,0
2005,340356,1,1,30,3,10,0,0,5,24,0,0,12
2005,340358,1,1,0,0,0,0,10,0,19,0,0,0
2005,340358,2,1,0,0,0,0,0,0,0,0,0,0
2005,340359,1,1,0,0,0,0,0,0,0,0,0,0
2005,340359,2,1,0,0,0,0,0,0,0,0,0,0
2005,340360,1,1,5,5,5,5,5,5,5,5,5,5
2005,340361,1,1,0,0,0,0,0,0,0,0,0,0
2005,340361,2,1,0,0,0,0,0,0,0,0,0,0
2005,340363,1,1,0,0,0,0,0,0,0,0,0,0
2005,340364,1,1,0,0,0,0,0,0,0,0,0,0
2005,340365,0,1,0,0,0,0,0,0,0,0,0,0
2005,340365,1,1,0,0,0,0,0,0,0,0,0,0
2005,340366,1,1,28,28,28,28,28,28,28,28,28,28
2005,340367,0,1,25,25,25,25,25,25,25,25,25,25
2005,340367,1,1,9,0,9,0,2,0,11,27,7,0
2005,340368,1,1,18,18,18,18,18,18,18,18,18,18
2005,340368,2,1,0,0,0,0,0,0,0,0,0,0
2005,340369,0,1,11,11,11,11,11,11,11,11,11,11
2005,340369,1,1,0,11,0,0,7,0,0,6,27,0
2005,340370,1,1,0,0,0,0,0,0,0,0,0,0
2005,340370,2,1,0,0,0,0,0,0,0,0,0,0
2005,340371,1,1,17,17,17,17,17,17,17,17,17,17
2005,340372,0,1,24,24,24,24,24,24,24,24,24,24
2005,340372,1,1,37,0,0,0,26,25,19,0,9,0
2005,340373,1,1,0,0,0,0,0,0,0,0,0,0
2005,340373,2,1,19,0,20,0,0,0,22,4,0,0
2005,340374,0,1,29,29,29,29,29,29,29,29,29,29
2005,340374,1,1,0,0,0,0,0,0,0,0,0,0
2005,340375,0,1,24,24,24,24,24,24,24,24,24,24
2005,340375,1,1,0,0,0,0,0,0,0,0,0,0
2005,340376,1,1,34,34,34,34,34,34,34,34,34,34
2005,340377,1,1,0,0,0,0,0,0,0,0,0,0
2005,340378,1,1,0,0,0,0,0,0,0,0,0,0
2005,340378,2,1,0,0,0,0,0,0,0,0,0,19
2005,340379,1,1,0,0,0,0,0,0,0,0,0,0
2005,340379,2,1,0,0,0,0,0,0,0,0,0,0
2005,340379,3,1,0,0,0,0,0,0,0,0,0,0
2005,340379,4,1,0,0,0,15,27,23,0,10,27,7
2005,340380,1,1,0,0,0,0,0,0,0,0,0,0
2005,340381,1,1,30,30,30,30,30,30,30,30,30,30
2005,340382,1,1,0,0,0,0,0,0,0,0,0,0
2005,340382,2,1,0,14,0,0,0,0,0,0,0,0
2005,340383,1,1,0,12,0,23,16,26,24,0,0,0
2005,340384,1,1,0,0,0,0,0,0,0,0,0,0
2005,340384,2,1,0,19,0,0,0,0,0,2,0,0
2005,340385,1,1,20,20,20,20,20,20,20,20,20,20
2005,340386,0,1,0,0,0,0,0,0,0,0,0,0
2005,340386,1,1,22,22,22,22,22,22,22,22,22,22
2005,340387,1,1,0,0,0,0,0,0,0,0,0,0
2005,340388,1,1,9,9,9,9,9,9,9,9,9,9
2005,340389,1,1,8,8,8,8,8,8,8,8,8,8
2005,340389,2,1,17,17,17,17,17,17,17,17,17,17
2005,340390,0,1,0,0,0,0,0,0,0,0,0,0
2005,340390,1,1,17,0,0,0,0,0,0,0,0,0
2005,340391,1,1,0,0,0,0,0,0,0,0,0,0
2005,340392,1,1,0,0,0,0,0,0,0,0,0,0
2005,340393,1,1,4,4,4,4,4,4,4,4,4,4
2005,340394,1,1,0,0,0,0,0,0,0,0,0,0
2005,340394,2,1,0,0,0,0,0,0,0,0,0,0
2005,340395,1,1,0,0,0,0,0,0,0,0,0,0
2005,340395,2,1,0,0,0,0,0,0,0,0,0,0
2005,340396,1,1,0,0,0,0,0,0,0,0,0,0
2005,340396,2,1,0,0,0,0,0,0,0,0,0,0
2005,340396,3,1,0,0,0,0,3,0,0,0,0,0
2005,340397,1,1,0,0,0,0,0,0,0,0,0,0
2005,340397,2,1,0,0,0,0,0,0,0,0,0,0
2005,340399,1,1,0,0,0,0,0,0,0,0,0,0
2005,340399,2,1,0,0,12,0,0,0,21,0,4,0
2005,340400,1,1,0,0,0,0,0,0,0,0,0,0
2005,340402,1,1,0,0,0,0,0,0,0,0,0,0
2005,340402,2,1,0,0,0,0,0,0,0,0,0,0
2005,340403,1,1,13,13,13,13,13,13,13,13,13,13
2005,340404,1,1,0,0,0,0,0,0,0,0,0,0
2005,340404,2,1,0,0,0,0,0,0,0,0,0,0
2005,340405,1,1,0,0,0,0,0,0,0,0,0,0
2005,340407,1,1,19,19,19,19,19,19,19,19,19,19
2005,340408,1,1,25,25,25,25,25,25,25,25,25,25
2005,340409,1,1,19,19,19,19,19,19,19,19,19,19
2005,340410,1,1,5,5,5,5,5,5,5,5,5,5
2005,340411,1,1,0,0,0,0,0,0,0,0,0,0
2005,340411,2,1,3,11,23,0,0,0,0,0,37,0
2005,340411,3,1,0,0,0,0,0,0,0,0,0,0
2005,340412,1,1,0,0,0,0,0,0,0,0,0,0
2005,340413,1,1,14,14,14,14,14,14,14,14,14,14
2005,340414,1,1,36,36,36,36,36,36,36,36,36,36
2005,340415,1,1,0,0,0,0,0,0,0,0,0,0
2005,340416,1,1,0,0,0,0,0,0,0,0,0,0
2005,340417,1,1,0,0,0,0,0,0,0,0,0,0
2005,340417,2,1,0,0,0,0,0,0,0,0,0,0
2005,340418,0,1,28,28,28,28,28,28,28,28,28,28
2005,340418,1,1,0,0,0,0,0,0,0,0,0,0
2005,340419,0,1,0,0,0,0,0,0,0,0,0,0
2005,340419,1,1,0,0,0,0,0,0,0,0,0,0
2005,340420,0,1,11,11,11,11,11,11,11,11,11,11
2005,340420,1,1,0,17,22,0,23,0,24,14,10,0
2005,340420,2,1,12,0,7,0,0,0,0,0,0,0
2005,340421,1,1,0,0,0,0,0,0,0,0,0,0
2005,340422,1,1,0,0,0,0,0,0,0,0,0,0
2005,340422,2,1,0,0,0,0,0,0,0,0,0,0
2005,340423,1,1,0,0,0,0,0,0,0,0,0,0
2005,340423,2,1,0,0,9,0,0,0,0,0,0,0
2005,340424,1,1,7,7,7,7,7,7,7,7,7,7
2005,340425,1,1,1,1,1,1,1,1,1,1,1,1
2005,340427,0,1,0,0,0,0,0,24,0,0,0,0
2005,340427,1,1,0,0,0,0,0,0,0,0,0,0
2005,340428,1,1,0,0,0,0,0,0,0,0,0,0
2005,340429,0,1,0,0,0,0,0,0,0,0,0,0
2005,340429,1,1,17,10,0,7,0,17,0,0,20,0
2005,340430,1,1,0,0,0,0,0,0,0,0,0,0
2005,340430,2,1,0,0,0,0,0,0,0,0,0,0
2005,340432,1,1,0,0,0,0,0,0,0,0,0,0
2005,340432,2,1,0,0,0,0,0,0,0,0,0,0
2005,340433,1,1,0,7,0,0,0,0,0,0,0,0
2005,340433,2,1,0,0,0,0,0,0,0,0,0,0
2005,340433,3,1,0,0,0,0,0,0,0,0,0,0
2005,340434,1,1,0,0,0,0,0,0,0,0,0,0
2005,340434,2,1,0,0,0,0,0,0,0,0,0,0
2005,340434,3,1,0,0,0,0,0,0,0,0,0,0
2005,340434,4,1,0,0,0,0,0,0,0,0,0,0
2005,340435,1,1,0,0,0,0,0,0,0,0,0,0
2005,340435,2,1,21,21,21,21,21,21,21,21,21,21
2005,340436,1,1,0,0,0,0,0,0,0,0,0,0
2005,340436,2,1,0,0,0,0,0,0,0,0,0,0
2005,340437,1,1,28,28,28,28,28,28,28,28,28,28
2005,340437,2,1,0,0,0,0,0,0,0,0,0,0
2005,340437,3,1,0,0,15,22,0,0,0,0,0,0
2005,340438,0,1,0,0,0,0,0,0,0,0,0,0
2005,340438,1,1,0,0,0,0,0,0,0,0,0,0
2005,340439,0,1,0,0,0,0,0,0,0,0,0,0
2005,340439,0,2,0,0,0,0,0,0,0,0,12,0
2005,340439,1,1,0,0,0,0,0,0,0,0,0,0
2005,340440,1,1,0,0,0,0,0,0,0,0,0,0
2005,340440,2,1,0,0,0,0,0,0,0,0,0,0
2005,340440,3,1,0,0,0,0,0,0,0,0,0,7
2005,340441,1,1,0,0,0,0,0,0,0,0,0,0
2005,340442,1,1,0,0,0,0,0,0,0,0,0,0
2005,340442,2,1,1,1,1,1,1,1,1,1,1,1
2005,340443,1,1,0,0,0,0,0,0,0,0,0,0
2005,340443,2,1,0,0,0,0,0,0,0,0,0,0
2005,340443,3,1,0,0,0,0,0,0,0,0,6,0
2005,340444,0,1,19,16,18,17,19,39,15,19,28,9
2005,340444,1,1,0,0,0,0,0,0,0,0,0,0
2005,340445,1,1,2,2,2,2,2,2,2,2,2,2
2005,340445,2,1,0,0,0,0,0,0,0,0,0,0
2005,340445,3,1,0,0,0,0,0,0,0,0,0,0
2005,340446,0,1,0,27,0,31,15,29,0,0,19,15
2005,340446,1,1,0,0,0,0,0,0,0,0,0,0
2005,340447,1,1,0,0,0,0,0,0,0,0,0,0
2005,340448,1,1,21,21,21,21,21,21,21,21,21,21
2005,340449,1,1,9,9,9,9,9,9,9,9,9,9
2005,340449,2,1,0,0,0,0,0,0,0,0,0,0
2005,340450,0,1,0,0,0,0,0,0,0,0,0,0
2005,340450,1,1,0,0,0,0,0,0,0,0,0,0
2005,340451,1,1,0,0,0,0,0,0,0,0,0,0
2005,340451,2,1,3,0,8,11,15,13,8,0,0,0
2005,340452,0,1,0,0,0,0,0,0,0,0,0,0
2005,340452,1,1,0,0,0,0,0,0,0,0,0,0
2005,340453,1,1,0,0,0,0,0,0,0,0,0,0
2005,340453,2,1,0,0,0,0,0,0,0,0,0,0
2005,340454,1,1,12,0,19,0,0,0,0,19,10,0
2005,340455,1,1,9,9,9,9,9,9,9,9,9,9
2005,340456,1,1,13,13,13,13,13,13,13,13,13,13
2005,340457,0,1,0,0,0,0,0,0,0,0,0,0
2005,340457,1,1,17,0,4,22,0,0,0,14,0,0
2005,340458,1,1,0,0,0,0,0,0,0,0,0,0
2005,340459,1,1,0,0,0,0,0,0,0,0,0,0
2005,340460,1,1,0,0,0,0,0,0,0,0,0,0
2005,340461,1,1,0,0,0,29,8,0,0,18,0,0
2005,340461,2,1,0,0,0,0,0,0,0,0,0,12
2005,340462,2,1,38,38,38,38,38,38,38,38,38,38
2005,340463,1,1,26,26,26,26,26,26,26,26,26,26
2005,340463,2,1,0,0,0,0,0,0,0,0,0,0
2005,340464,1,1,0,0,0,0,0,0,0,0,0,0
2005,340465,1,1,0,0,0,0,20,0,0,0,0,0
2005,340465,2,1,13,13,13,13,13,13,13,13,13,13
2005,340466,1,1,27,27,27,27,27,27,27,27,27,27
2005,340467,1,1,13,19,0,0,15,11,23,7,0,0
2005,340468,1,1,20,20,20,20,20,20,20,20,20,20
2005,340469,1,1,0,0,0,0,0,0,0,0,0,0
2005,340469,2,1,0,0,0,0,0,0,0,0,0,0
2005,340470,1,1,12,0,0,0,0,0,0,0,0,0
2005,340471,1,1,0,0,0,0,0,0,0,0,0,0
2005,340472,1,1,0,0,0,0,0,0,0,0,0,0
2005,340472,2,1,0,0,0,0,0,0,0,0,0,0
2005,340472,3,1,0,0,0,0,17,0,0,0,0,0
2005,340473,1,1,21,0,0,0,0,0,0,0,0,0
2005,340473,2,1,0,0,0,0,0,0,0,0,0,0
2005,340473,3,1,0,0,0,0,16,0,0,0,0,0
2005,340474,1,1,18,18,18,18,18,18,18,18,18,18
2005,340474,2,1,0,0,0,0,0,0,0,0,0,0
2005,340475,1,1,0,0,0,0,0,0,0,0,0,0
2005,340477,1,1,0,0,0,14,0,0,0,0,0,0
2005,340477,2,1,0,0,0,0,0,0,0,0,0,0
2005,340478,1,1,0,0,0,0,0,0,0,0,0,0
2005,340478,2,1,0,0,0,0,0,0,0,0,0,0
2005,340479,1,1,10,10,10,10,10,10,10,10,10,10
2005,340480,1,1,0,0,0,0,0,0,0,0,0,0
2005,340480,2,1,0,0,0,0,0,0,0,0,0,0
2005,340481,1,1,0,0,0,0,0,0,0,0,0,0
2005,340481,2,1,0,0,0,0,0,0,0,0,0,0
2005,340482,1,1,0,0,0,0,0,0,0,0,0,0
2005,340483,1,1,3,3,3,3,3,3,3,3,3,3
2005,340483,2,1,8,0,0,0,0,0,0,0,0,0
2005,340484,1,1,0,0,0,0,0,0,0,0,0,0
2005,340484,2,1,16,16,16,16,16,16,16,16,16,16
2005,340485,1,1,0,0,0,0,0,0,0,0,0,0
2005,340486,1,1,0,0,0,0,0,0,0,0,0,0
2005,340487,1,1,0,0,0,0,0,0,0,0,0,0
2005,340488,0,1,0,0,0,0,0,0,0,0,0,0
2005,340488,1,1,0,19,0,0,0,0,0,0,0,0
2005,340489,1,1,0,0,0,0,0,0,0,0,0,0
2005,340490,0,1,0,0,0,0,0,0,0,0,0,0
2005,340490,1,1,0,0,0,0,0,10,6,0,0,0
2005,340490,2,1,0,10,0,0,0,0,0,0,0,0
2005,340491,1,1,0,0,0,0,0,0,0,0,0,0
2005,340492,0,1,0,0,0,0,0,0,0,0,0,0
2005,340492,1,1,0,0,0,0,0,0,21,0,0,0
2005,340493,0,1,0,0,0,0,0,0,0,0,0,0
2005,340493,0,2,0,0,0,0,0,0,0,0,0,0
2005,340493,1,1,0,0,0,0,0,0,0,0,0,0
2005,340494,1,1,0,0,0,0,0,4,0,0,20,0
2005,340494,2,1,6,0,0,0,0,0,0,11,0,0
2005,340495,1,1,0,0,0,0,0,0,0,0,0,0
2005,340496,1,1,11,11,11,11,11,11,11,11,11,11
2005,340497,1,1,1,1,1,1,1,1,1,1,1,1
2005,340497,2,1,0,0,0,0,0,0,0,0,0,0
2005,340498,1,1,0,0,0,0,0,22,0,0,0,12
2005,340499,1,1,10,10,10,10,10,10,10,10,10,10
2005,340500,1,1,0,0,0,0,0,0,0,0,0,0
2005,340501,1,1,14,27,7,15,10,16,20,0,3,21
2005,340502,0,1,32,32,32,32,32,32,32,32,32,32
2005,340502,1,1,0,0,21,0,0,0,18,0,0,0
2005,340503,0,1,8,17,21,0,0,27,18,0,0,18
2005,340503,0,2,3,3,3,3,3,3,3,3,3,3
2005,340503,0,3,0,0,0,0,0,0,20,0,0,0
2005,340503,2,1,0,15,0,0,0,0,22,0,29,0
2005,340503,3,1,0,15,0,0,0,0,0,0,0,0
2005,340504,1,1,0,0,0,0,0,0,0,0,0,0
2005,340504,2,1,0,0,0,0,0,0,0,0,0,0
2005,340505,1,1,21,21,21,21,21,21,21,21,21,21
2005,340507,1,1,0,0,0,8,0,0,0,0,0,0
2005,340507,2,1,0,0,0,0,0,0,0,0,0,0
2005,340508,0,1,0,0,0,0,0,0,0,0,0,0
2005,340508,1,1,0,0,0,0,0,0,0,0,0,0
2005,340509,1,1,12,0,13,0,19,0,9,12,11,0
2005,340510,1,1,13,13,13,13,13,13,13,13,13,13
2005,340511,1,1,0,0,0,0,0,0,0,0,0,0
2005,340511,2,1,15,0,0,0,0,0,0,0,0,28
2005,340512,0,1,0,0,0,0,0,0,0,0,0,0
2005,340512,1,1,0,0,0,0,0,0,0,0,0,0
2005,340513,1,1,0,0,0,0,0,0,0,0,0,0
2005,340513,2,1,0,0,0,0,0,0,0,0,0,0
2005,340514,1,1,0,0,0,0,0,0,0,0,0,0
2005,340515,1,1,24,24,24,24,24,24,24,24,24,24
2005,340515,2,1,0,22,0,0,0,0,0,0,0,0
2005,340516,1,1,0,0,0,0,0,0,0,0,0,0
2005,340516,2,1,0,0,0,0,0,0,0,0,0,0
2005,340517,1,1,0,0,0,0,0,0,0,0,0,0
2005,340517,2,1,0,0,17,0,0,0,0,11,0,31
2005,340518,1,1,0,0,0,0,0,0,0,0,0,0
2005,340519,0,1,0,0,0,13,0,0,0,0,0,0
2005,340519,1,1,0,0,0,0,0,0,0,0,0,0
2005,340520,1,1,23,23,23,23,23,23,23,23,23,23
2005,340521,1,1,24,24,24,24,24,24,24,24,24,24
2005,340522,0,1,34,34,34,34,34,34,34,34,34,34
2005,340522,1,1,0,0,0,0,35,0,0,0,0,11
2005,340523,1,1,0,0,0,0,0,0,0,0,0,0
2005,340523,2,1,0,24,0,21,0,0,0,0,0,0
2005,340524,1,1,0,0,0,0,0,0,0,0,0,0
2005,340524,2,1,0,0,0,0,0,0,0,0,0,0
2005,340524,3,1,0,0,22,0,0,0,0,0,0,0
2005,340526,0,1,0,0,0,0,0,0,0,0,0,0
2005,340526,1,1,0,0,0,0,0,0,0,0,0,0
2005,340527,1,1,0,0,0,0,0,0,0,0,0,0
2005,340528,0,1,0,0,0,0,0,0,0,0,0,0
2005,340528,1,1,0,0,0,0,0,0,0,0,0,0
2005,340529,1,1,0,0,0,0,0,0,0,0,0,0
2005,340529,2,1,0,0,0,0,0,0,0,0,0,0
2005,340530,1,1,0,0,0,0,0,0,0,0,0,0
2005,340531,1,1,0,0,0,0,0,0,20,0,0,13
2005,340531,2,1,0,0,0,0,0,0,0,0,0,0
2005,340532,0,1,0,0,0,0,0,0,0,0,0,0
2005,340532,1,1,0,0,0,21,18,0,0,0,0,0
2005,340532,2,1,0,0,0,0,0,0,13,0,0,0
2005,340533,1,1,21,21,21,21,21,21,21,21,21,21
2005,340534,1,1,0,0,0,0,0,0,0,0,0,0
2005,340534,2,1,0,0,0,0,0,0,0,0,0,0
2005,340535,2,1,0,0,0,0,0,0,0,0,0,0
2005,340536,0,1,0,0,0,0,0,0,0,0,0,0
2005,340536,0,2,0,0,0,23,0,0,22,0,0,0
2005,340536,1,1,0,0,0,0,0,0,0,0,0,0
2005,340537,1,1,6,6,6,6,6,6,6,6,6,6
2005,340537,2,1,0,0,0,0,0,0,0,0,0,0
2005,340537,3,1,0,0,0,0,0,0,0,0,0,0
2005,340538,1,1,0,0,0,0,0,0,0,0,0,0
2005,340538,2,1,0,0,0,0,0,0,0,0,0,0
2005,340539,1,1,19,0,0,0,2,0,0,0,16,0
2005,340539,2,1,0,0,13,4,0,0,0,9,0,0
2005,340540,0,1,1,1,1,1,1,1,1,1,1,1
2005,340540,1,1,0,9,0,0,0,0,0,0,0,0
2005,340541,0,1,0,0,0,0,0,0,0,0,0,0
2005,340541,1,1,0,0,0,0,0,0,0,0,0,0
2005,340542,0,1,0,0,0,0,0,0,0,0,0,0
2005,340542,1,1,0,8,22,0,15,9,0,0,0,15
2005,340543,0,1,0,0,0,0,0,0,0,0,0,0
2005,340543,1,1,0,0,0,0,0,0,0,0,0,0
2005,340544,1,1,0,0,0,0,0,0,0,0,0,0
2005,340545,1,1,0,0,0,0,0,0,0,0,0,0
2005,340545,2,1,0,0,0,0,0,0,0,0,0,0
2005,340545,3,1,0,0,0,0,0,0,0,0,0,0
2005,340547,1,1,1,1,1,1,1,1,1,1,1,1
2005,340547,2,1,0,0,0,0,0,0,0,0,0,0
2005,340548,1,1,0,0,0,0,0,0,0,0,0,0
2005,340549,1,1,0,0,0,0,0,0,0,0,0,0
2005,340549,2,1,0,0,0,0,0,0,0,0,0,0
2005,340550,1,1,0,0,0,0,0,0,0,0,0,0
2005,340551,0,1,0,0,0,0,0,0,0,0,0,0
2005,340551,1,1,14,0,0,4,0,0,0,0,0,0
2005,340552,1,1,44,44,44,44,44,44,44,44,44,44
2005,340553,1,1,25,25,25,25,25,25,25,25,25,25
2005,340553,2,1,0,0,0,14,0,1,0,0,0,0
2005,340554,1,1,0,0,0,0,13,2,0,0,10,0
2005,340554,2,1,0,16,0,0,0,8,0,21,0,0
2005,340555,1,1,0,0,0,0,0,0,0,0,0,0
2005,340555,2,1,0,0,0,0,0,0,0,0,0,0
2005,340556,1,1,0,0,0,0,0,0,0,0,0,0
2005,340557,1,1,0,0,0,0,0,0,0,0,0,0
2005,340557,2,1,0,0,0,0,0,0,0,0,0,0
2005,340558,0,1,0,0,0,0,0,0,0,0,0,0
2005,340558,1,1,0,0,0,0,0,0,0,0,0,0
2005,340559,0,1,0,0,0,0,0,0,0,0,0,0
2005,340559,1,1,0,0,0,0,0,0,0,7,0,25
2005,340560,1,1,0,0,0,0,0,0,0,0,0,0
2005,340560,2,1,26,0,0,0,0,0,11,0,10,0
2005,340561,1,1,26,26,26,26,26,26,26,26,26,26
2005,340561,2,1,0,0,0,0,0,0,0,0,0,0
2005,340562,1,1,6,6,6,6,6,6,6,6,6,6
2005,340562,2,1,0,0,0,0,0,0,0,2,0,0
2005,340563,0,1,32,0,0,0,0,0,11,33,0,0
2005,340563,1,1,18,0,0,0,11,0,0,25,20,0
2005,340563,2,1,0,0,21,0,14,0,6,0,0,0
2005,340564,1,1,0,0,0,0,0,0,0,0,0,0
2005,340564,2,1,0,0,0,18,0,0,0,0,0,0
2005,340565,0,1,21,21,21,21,21,21,21,21,21,21
2005,340565,1,1,0,0,0,0,0,0,0,0,0,0
2005,340566,1,1,0,0,0,0,0,0,0,0,0,0
2005,340566,2,1,0,0,0,0,0,0,0,0,0,0
2005,340567,1,1,9,9,9,9,9,9,9,9,9,9
2005,340567,2,1,0,9,0,0,12,0,0,0,0,0
2005,340568,1,1,0,0,0,0,0,0,0,0,0,0
2005,340569,0,1,0,0,0,0,0,0,0,0,0,0
2005,340569,1,1,0,0,0,0,0,0,0,0,0,0
2005,340570,0,1,13,13,13,13,13,13,13,13,13,13
2005,340570,1,1,0,0,0,0,0,0,0,0,0,0
2005,340571,1,1,0,0,0,0,0,0,0,0,0,0
2005,340571,2,1,0,0,0,0,0,0,0,0,0,0
2005,340572,1,1,1,1,1,1,1,1,1,1,1,1
2005,340572,2,1,0,0,0,0,0,0,0,0,0,0
2005,340573,1,1,0,0,0,0,0,0,0,0,0,0
2005,340573,2,1,0,0,0,0,0,0,0,0,0,0
2005,340574,0,1,0,0,0,0,0,0,0,0,0,0
2005,340574,1,1,10,0,0,0,0,12,0,0,0,0
2005,340574,2,1,6,14,19,24,0,0,0,0,0,0
2005,340575,1,1,3,3,3,3,3,3,3,3,3,3
2005,340575,2,1,15,14,11,0,20,0,16,0,0,0
2005,340576,0,1,19,19,19,19,19,19,19,19,19,19
2005,340576,1,1,0,10,0,0,0,0,0,0,0,0
2005,340577,1,1,0,0,0,0,0,0,0,0,0,0
2005,340577,2,1,0,0,0,0,0,0,0,0,0,0
2005,340578,1,1,0,0,0,0,0,0,0,0,0,0
2005,340578,2,1,0,0,0,0,0,0,0,0,12,0
2005,340578,3,1,13,6,0,0,13,0,13,0,16,18
2005,340579,0,1,0,0,0,0,0,0,0,0,0,0
2005,340579,1,1,22,0,0,0,0,0,17,28,0,0
2005,340580,0,1,0,0,0,0,0,0,0,0,0,0
2005,340580,1,1,5,0,0,0,0,0,0,0,0,0
2005,340581,1,1,0,0,0,0,0,0,0,0,0,0
2005,340581,2,1,0,0,0,0,0,0,0,0,0,0
2005,340582,0,1,7,7,7,7,7,7,7,7,7,7
2005,340582,1,1,7,7,7,7,7,7,7,7,7,7
2005,340583,1,1,0,0,0,0,0,0,0,0,0,0
2005,340583,2,1,0,0,0,0,0,0,0,0,0,0
2005,340583,3,1,0,0,0,0,0,0,0,0,0,0
2005,340583,4,1,0,0,0,0,0,0,0,0,0,0
2005,340583,5,1,0,0,0,0,0,0,0,0,0,0
2005,340583,6,1,0,0,0,0,0,0,0,0,0,0
2005,340584,0,1,18,18,18,18,18,18,18,18,18,18
2005,340584,1,1,0,3,0,0,26,0,0,17,18,7
2005,340585,1,1,0,0,0,0,0,0,0,0,0,0
2005,340585,2,1,0,0,0,0,0,0,0,0,0,0
2005,340585,3,1,0,0,7,0,0,0,0,0,0,0
2005,340586,1,1,0,0,0,0,0,0,0,0,0,0
2005,340586,2,1,9,0,32,27,0,0,0,13,0,0
2005,340587,0,1,0,0,0,0,0,0,0,0,0,0
2005,340587,1,1,0,0,0,0,7,0,11,23,0,0
2005,340588,1,1,0,0,0,0,0,0,0,0,0,0
2005,340589,1,1,0,13,0,0,0,0,0,0,0,10
2005,340589,2,1,0,0,0,0,0,0,0,0,0,0
2005,340589,3,1,0,0,0,0,0,0,0,0,0,0
2005,340590,1,1,0,0,0,0,0,0,0,0,0,0
2005,340592,0,1,0,0,0,0,0,0,0,0,0,0
2005,340592,1,1,18,18,18,18,18,18,18,18,18,18
2005,340593,1,1,11,0,40,0,0,0,0,7,16,0
2005,340594,0,1,19,19,19,19,19,19,19,19,19,19
2005,340594,1,1,0,0,0,0,0,0,0,0,0,0
2005,340595,0,1,0,0,0,0,0,0,0,0,0,0
2005,340595,1,1,0,0,0,0,16,25,0,0,7,0
2005,340596,0,1,0,0,0,0,0,0,0,0,0,0
2005,340596,1,1,0,0,0,0,0,0,15,0,0,0
2005,340597,1,1,0,0,0,0,0,0,0,0,0,0
2005,340598,1,1,0,0,0,0,0,0,0,0,0,0
2005,340598,2,1,0,0,0,0,0,0,0,0,0,0
2005,340598,3,1,4,0,0,0,0,0,0,0,0,0
2005,340599,0,1,0,0,0,0,0,0,0,0,0,0
2005,340599,1,1,0,0,0,0,0,0,0,0,0,0
2005,340600,0,1,0,0,0,0,0,0,0,0,0,0
2005,340600,1,1,0,0,0,0,0,0,0,0,0,0
2005,340601,1,1,0,0,0,0,0,0,0,0,0,0
2005,340601,2,1,13,13,13,13,13,13,13,13,13,13
2005,340602,1,1,0,0,0,6,0,0,0,0,0,0
2005,340602,2,1,31,31,31,31,31,31,31,31,31,31
2005,340603,0,1,0,0,0,0,0,0,0,0,0,0
2005,340603,1,1,0,0,0,0,0,0,0,6,6,15
2005,340604,1,1,0,0,0,0,0,0,0,0,0,0
2005,340604,2,1,0,0,0,0,0,0,0,0,0,0
2005,340605,1,1,0,0,0,0,0,0,0,0,0,0
2005,340606,0,1,0,0,0,0,0,0,0,0,0,0
2005,340606,1,1,0,0,0,0,0,15,0,0,0,0
2005,340606,2,1,0,0,0,0,0,19,0,0,0,0
2005,340606,3,1,0,0,0,0,0,0,23,0,0,0
2005,340607,0,1,0,0,0,0,0,0,0,0,0,0
2005,340607,1,1,0,0,0,0,0,0,0,0,0,0
2005,340608,1,1,20,20,20,20,20,20,20,20,20,20
2005,340609,0,1,0,0,0,0,0,0,0,0,0,0
2005,340609,1,1,0,0,0,0,0,0,0,0,0,0
2005,340610,0,1,0,0,0,0,0,0,0,0,0,0