YEAR,ST_CASE,veh_no,per_no,P1,P2,P3,P4,P5,P6,P7,P8,P9,P10
2005,340610,1,1,0,0,0,0,0,0,0,0,0,0
2005,340611,1,1,14,14,14,14,14,14,14,14,14,14
2005,340612,0,1,0,0,0,0,0,0,0,0,0,0
2005,340612,1,1,0,0,0,0,0,0,0,0,0,0
2005,340613,1,1,0,0,0,0,0,0,0,0,0,0
2005,340613,2,1,0,0,0,0,0,0,0,0,0,0
2005,340613,3,1,0,0,0,0,0,0,0,0,0,0
2005,340614,0,1,0,0,0,0,0,0,0,0,0,0
2005,340614,1,1,0,0,0,0,0,0,0,0,0,0
2005,340615,0,1,0,0,0,0,0,0,0,0,0,0
2005,340615,0,2,0,0,0,0,0,0,0,0,0,0
2005,340615,1,1,0,0,0,0,0,0,0,0,0,0
2005,340616,0,1,0,0,0,0,0,0,0,0,0,0
2005,340616,1,1,0,0,24,0,0,0,0,19,0,0
2005,340617,0,1,31,31,31,31,31,31,31,31,31,31
2005,340617,1,1,0,0,0,0,0,0,0,0,0,0
2005,340618,0,1,0,0,0,0,0,0,0,0,0,0
2005,340618,1,1,25,0,0,6,0,0,15,0,0,0
2005,340619,0,1,0,0,0,0,0,0,0,0,0,0
2005,340619,1,1,0,0,0,11,0,0,0,0,0,16
2005,340620,1,1,0,0,0,0,0,0,0,0,0,0
2005,340620,2,1,0,0,0,0,0,0,0,0,0,0
2005,340620,3,1,0,0,0,0,0,0,0,0,0,0
2005,340621,0,1,19,9,21,0,0,0,35,0,0,22
2005,340621,1,1,0,0,9,14,10,0,9,14,15,0
2005,340622,1,1,35,35,35,35,35,35,35,35,35,35
2005,340623,1,1,9,0,0,0,0,0,0,0,0,0
2005,340623,2,1,0,0,0,0,0,0,0,0,0,0
2005,340624,1,1,0,0,0,0,0,0,0,0,0,0
2005,340625,1,1,0,0,0,0,0,0,0,0,0,0
2005,340625,2,1,0,0,0,0,0,0,0,0,0,0
2005,340626,1,1,0,0,0,0,0,0,0,0,0,0
2005,340627,1,1,0,0,0,0,0,0,0,0,0,0
2005,340628,1,1,0,0,0,0,0,0,0,0,0,0
2005,340629,0,1,0,0,0,0,0,0,0,0,0,0
2005,340629,1,1,16,0,0,0,0,0,0,10,0,0
2005,340629,2,1,15,0,0,0,0,0,0,0,0,0
2005,340629,3,1,14,11,10,0,14,0,0,0,0,0
2005,340630,1,1,0,0,0,0,0,0,0,0,0,0
2005,340630,2,1,0,0,0,0,18,15,22,0,0,0
2005,340630,3,1,0,0,0,0,0,0,0,0,0,19
2005,340630,4,1,0,0,0,0,0,0,0,0,0,0
2005,340631,0,1,23,23,23,23,23,23,23,23,23,23
2005,340631,1,1,0,0,0,0,0,0,0,0,0,0
2005,340631,2,1,0,0,31,6,0,0,17,0,24,0
2005,340633,0,1,0,0,0,0,0,0,0,0,0,0
2005,340633,1,1,0,0,0,0,0,0,0,0,0,0
2005,340634,1,1,10,10,10,10,10,10,10,10,10,10
2005,340635,1,1,0,0,0,0,0,0,0,0,0,0
2005,340635,2,1,0,0,0,0,0,0,0,0,0,14
2005,340635,3,1,0,0,0,0,0,0,0,0,0,0
2005,340635,4,1,0,0,0,0,0,0,0,0,0,0
2005,340635,5,1,0,0,0,0,0,0,0,0,0,0
2005,340636,1,1,0,0,0,0,0,0,0,0,0,0
2005,340636,2,1,0,0,0,0,0,0,0,0,0,0
2005,340637,1,1,0,0,0,0,0,0,0,0,0,0
2005,340637,2,1,13,0,40,16,29,17,23,16,11,22
2005,340638,0,1,0,0,0,0,0,0,0,0,0,0
2005,340638,1,1,0,15,19,16,0,0,18,0,23,17
2005,340639,1,1,13,13,13,13,13,13,13,13,13,13
2005,340639,2,1,0,0,0,0,0,23,0,0,0,0
2005,340639,3,1,0,5,0,0,0,0,0,0,18,0
2005,340640,1,1,27,27,27,27,27,27,27,27,27,27
2005,340641,0,1,0,0,0,0,0,0,0,0,0,0
2005,340641,1,1,4,0,11,0,0,17,0,14,0,16
2005,340642,1,1,14,14,14,14,14,14,14,14,14,14
2005,340643,1,1,0,0,0,0,0,0,0,0,0,0
2005,340644,0,1,1,1,1,1,1,1,1,1,1,1
2005,340644,1,1,0,0,0,0,0,0,0,0,0,0
2005,340645,1,1,0,0,0,0,0,0,0,0,0,0
2005,340646,1,1,0,0,0,0,0,0,0,0,0,0
2005,340646,2,1,18,18,18,18,18,18,18,18,18,18
2005,340647,1,1,0,0,0,0,0,0,0,0,0,0
2005,340647,2,1,0,0,0,0,0,0,0,0,0,0
2005,340648,1,1,0,0,0,0,0,0,0,0,0,0
2005,340648,2,1,0,0,0,0,0,0,0,0,0,0
2005,340649,0,1,0,0,0,0,0,0,0,0,0,0
2005,340649,1,1,0,0,0,0,0,0,0,0,0,0
2005,340650,1,1,0,0,0,0,0,0,0,0,0,0
2005,340651,1,1,0,9,0,0,0,0,24,0,0,0
2005,340651,2,1,0,0,5,13,15,20,6,22,0,22
2005,340651,3,1,16,16,16,16,16,16,16,16,16,16
2005,340652,0,1,0,0,0,0,0,0,0,0,0,0
2005,340652,2,1,0,0,0,0,0,0,0,0,0,0
2005,340653,1,1,0,0,0,0,0,0,0,0,0,0
2005,340654,1,1,6,6,6,6,6,6,6,6,6,6
2005,340655,1,1,0,0,0,0,0,0,0,0,0,0
2005,340655,2,1,0,0,0,0,0,0,0,0,0,0
2005,340656,0,1,0,0,0,0,0,0,0,0,0,0
2005,340656,1,1,0,0,0,0,0,10,0,0,0,0
2005,340657,0,1,0,22,16,8,17,0,0,6,0,0
2005,340657,1,1,0,0,0,0,0,0,0,0,0,0
2005,340658,1,1,0,0,0,0,0,0,0,0,0,0
2005,340659,1,1,0,0,0,0,0,0,0,0,0,0
2005,340659,2,1,0,0,0,0,0,0,0,9,0,0
2005,340660,1,1,0,0,0,0,0,0,0,0,0,0
2005,340660,2,1,0,0,0,0,0,0,0,0,0,0
2005,340660,3,1,0,0,0,0,0,0,0,0,0,0
2005,340660,4,1,0,0,0,0,0,0,0,0,0,0
2005,340660,5,1,0,0,0,0,0,0,0,0,0,0
2005,340660,6,1,0,0,0,0,0,0,0,0,0,0
2005,340661,1,1,0,0,0,0,0,0,0,0,0,0
2005,340662,0,1,5,5,5,5,5,5,5,5,5,5
2005,340662,0,2,0,0,0,0,0,0,0,0,0,0
2005,340662,1,1,4,4,4,4,4,4,4,4,4,4
2005,340663,0,1,23,23,23,23,23,23,23,23,23,23
2005,340663,1,1,0,0,17,16,3,20,0,0,0,9
2005,340663,2,1,0,14,8,0,0,0,0,0,11,0
2005,340663,3,1,0,0,0,19,0,0,23,0,0,0
2005,340664,1,1,0,0,0,0,0,0,0,0,0,0
2005,340665,1,1,1,1,1,1,1,1,1,1,1,1
2005,340665,2,1,0,0,0,0,0,0,0,0,0,0
2005,340667,1,1,0,0,0,0,0,0,0,0,0,0
2005,340667,2,1,0,0,0,0,0,0,0,0,0,0
2005,340667,3,1,0,0,0,0,0,0,7,0,0,18
2005,340668,0,1,0,0,0,0,0,0,0,0,0,0
2005,340668,1,1,0,0,0,0,0,0,0,0,0,0
2005,340669,1,1,0,0,0,0,0,0,0,0,0,0
2005,340670,0,1,0,0,0,0,0,0,0,0,0,0
2005,340670,1,1,0,0,10,0,0,0,0,0,0,0
2005,340671,0,1,0,0,0,0,0,0,0,0,0,0
2005,340671,0,2,10,33,0,36,0,13,0,34,16,25
2005,340671,1,1,10,10,10,10,10,10,10,10,10,10
2005,340672,1,1,10,10,10,10,10,10,10,10,10,10
2005,340673,0,1,0,0,0,28,8,0,25,0,0,0
2005,340673,1,1,0,0,0,0,0,0,0,0,0,0
2005,340674,1,1,0,0,0,0,0,0,0,0,0,0
2005,340674,2,1,0,0,0,0,0,0,0,3,0,0
2005,340675,0,1,0,0,0,0,0,0,0,0,0,0
2005,340675,1,1,0,0,0,0,0,0,0,0,0,0
2005,340676,0,1,3,3,3,3,3,3,3,3,3,3
2005,340676,1,1,6,6,6,6,6,6,6,6,6,6
2005,340677,0,1,10,24,0,4,0,0,12,4,0,4
2005,340677,1,1,3,0,19,10,15,12,0,0,0,15
2005,340678,1,1,15,15,15,15,15,15,15,15,15,15
2005,340679,1,1,4,4,4,4,4,4,4,4,4,4
2005,340680,1,1,0,0,0,13,0,0,0,0,0,0
2005,340680,2,1,0,0,0,0,0,0,0,0,0,0
2005,340680,3,1,0,0,0,0,0,0,0,0,0,0
2005,340680,4,1,0,0,0,0,0,0,0,0,0,0
2005,340681,0,1,0,0,0,0,0,0,0,0,0,0
2005,340681,1,1,0,0,0,0,0,0,0,0,0,0
2005,340682,1,1,0,0,0,0,0,0,0,0,0,0
2005,340684,1,1,0,0,0,0,0,0,0,0,0,0
2005,340685,1,1,0,0,0,0,0,0,0,0,0,0
2005,340686,1,1,0,0,0,0,0,0,0,0,0,0
2005,340687,0,1,0,0,0,0,0,0,0,0,0,0
2005,340687,1,1,0,0,0,0,0,0,0,0,0,0
2005,340688,1,1,22,22,22,22,22,22,22,22,22,22
2005,340689,1,1,30,30,30,30,30,30,30,30,30,30
2005,340690,1,1,0,0,0,0,0,0,0,0,0,0
2005,340692,1,1,12,12,12,12,12,12,12,12,12,12
2005,340693,1,1,18,18,18,18,18,18,18,18,18,18
2005,340694,1,1,0,0,0,0,0,0,0,0,0,0
2005,340694,2,1,0,0,0,0,0,0,0,0,0,0
2005,340695,1,1,0,0,0,0,0,0,0,0,0,0
2005,340696,1,1,0,0,0,0,0,0,0,0,0,0
2005,340697,1,1,22,22,22,22,22,22,22,22,22,22
2005,340699,1,1,0,0,0,0,0,0,0,0,0,0
2005,340701,1,1,18,18,18,18,18,18,18,18,18,18
2005,340702,1,1,0,0,0,0,0,0,0,0,0,0
2005,340702,2,1,35,35,35,35,35,35,35,35,35,35
2005,340702,3,1,0,0,0,0,0,0,0,0,0,0
2005,340703,1,1,0,0,0,0,0,0,0,0,0,0
2005,340703,2,1,0,0,0,0,0,0,0,0,0,0
2005,340704,1,1,0,0,0,0,0,0,0,0,11,0
2005,340704,2,1,8,8,8,8,8,8,8,8,8,8
2005,340705,1,1,14,14,14,14,14,14,14,14,14,14
2005,340707,1,1,0,0,0,0,0,0,0,0,0,0
2005,340707,2,1,0,0,0,0,0,0,0,0,0,0
2005,340708,1,1,0,0,0,0,0,0,0,0,0,0
2005,340709,1,1,0,0,0,0,0,0,0,0,0,0
2005,340709,2,1,0,0,0,0,0,0,0,13,0,0
2005,340709,3,1,0,0,0,0,0,0,0,0,0,0
2005,340710,1,1,0,0,0,0,0,0,0,0,0,0
2005,340710,2,1,0,0,0,0,0,0,0,0,0,0
2005,340711,1,1,0,0,0,0,0,0,0,0,0,0
2005,340712,0,1,0,0,0,0,0,0,0,0,0,0
2005,340712,1,1,21,0,30,0,0,0,0,0,0,0
2005,340713,1,1,0,0,0,0,0,0,12,0,0,0
2005,340713,2,1,0,0,0,0,0,0,0,0,0,0
2005,340714,1,1,0,0,0,0,0,0,0,0,0,0
2005,340714,2,1,6,6,6,6,6,6,6,6,6,6
2005,340715,0,1,0,0,0,0,0,0,0,0,0,0
2005,340715,1,1,25,25,25,25,25,25,25,25,25,25
2005,340716,1,1,0,0,0,0,0,0,0,0,0,0
2005,340717,0,1,14,14,14,14,14,14,14,14,14,14
2005,340717,1,1,0,0,0,0,0,0,0,9,13,0
2005,340718,0,1,0,0,0,0,0,0,20,14,0,0
2005,340718,1,1,17,8,26,0,0,0,32,0,0,0
2005,340721,0,1,0,0,0,0,0,0,0,0,0,0
2005,340721,0,2,28,5,0,0,0,14,15,0,0,0
2005,340721,1,1,0,0,0,0,0,0,0,0,0,0
2005,340722,1,1,0,0,0,0,0,0,0,0,0,0
2005,340723,1,1,0,0,0,0,0,0,0,0,0,0
2005,340724,1,1,0,0,0,0,0,0,0,0,0,0
2005,340724,2,1,8,8,8,8,8,8,8,8,8,8
2005,340725,1,1,0,0,0,0,0,0,0,0,0,0
2005,340726,1,1,0,0,0,0,0,0,0,0,0,0
2005,340726,2,1,0,0,0,0,0,0,0,0,0,0
2005,340727,1,1,0,0,0,15,0,0,0,0,0,0
2005,340727,2,1,0,0,0,0,0,0,0,0,0,0
2005,340728,1,1,18,18,18,18,18,18,18,18,18,18
2005,340729,1,1,0,0,0,0,0,0,0,0,0,0
2005,340729,2,1,0,0,16,0,0,0,0,0,0,0
2005,340729,3,1,0,0,0,0,0,0,0,0,0,0
2005,340729,4,1,16,0,0,0,0,4,0,13,0,0
2005,340730,1,1,22,22,22,22,22,22,22,22,22,22
2005,340731,1,1,0,0,0,0,0,0,0,0,0,0
2005,340731,2,1,0,0,0,0,0,0,0,0,0,0
2005,340732,1,1,0,0,0,0,0,12,0,0,0,0
2005,340732,2,1,0,0,0,0,0,0,0,0,0,0
2005,340732,3,1,0,0,0,0,0,0,0,0,0,0
2005,340733,0,1,0,0,0,0,0,0,0,0,0,0
2005,340733,1,1,0,0,0,0,0,0,0,0,0,0
2005,340734,0,1,1,1,1,1,1,1,1,1,1,1
2005,340734,1,1,0,0,0,5,46,0,0,17,0,0
2005,340737,1,1,0,11,0,0,0,0,0,0,0,0
2005,340738,0,1,0,0,0,0,0,0,0,0,0,0
2005,340738,1,1,0,12,0,0,0,0,0,0,0,0
2005,340739,1,1,0,0,0,0,0,0,0,0,0,0
2005,340739,2,1,0,0,0,0,0,0,0,0,0,0
2005,340739,3,1,0,0,0,0,0,0,0,0,0,0
2005,340739,4,1,0,0,0,0,0,0,0,0,0,0
2005,350001,1,1,38,38,38,38,38,38,38,38,38,38
2005,350002,1,1,0,0,0,0,0,0,0,4,0,0
2005,350002,2,1,0,0,0,0,0,0,0,0,0,0
2005,350003,1,1,0,0,0,0,0,0,0,0,0,0
2005,350003,2,1,9,9,9,9,9,9,9,9,9,9
2005,350004,1,1,32,32,32,32,32,32,32,32,32,32
2005,350005,1,1,0,0,0,0,0,0,0,0,0,0
2005,350006,1,1,0,0,0,0,0,0,0,0,0,0
2005,350006,2,1,0,0,0,0,0,0,0,0,0,0
2005,350007,0,1,0,0,0,0,0,0,0,0,0,0
2005,350007,1,1,0,2,0,0,0,0,0,0,0,0
2005,350008,1,1,0,0,0,0,0,0,0,0,0,0
2005,350008,2,1,0,0,0,0,0,0,0,0,0,0
2005,350008,3,1,0,0,0,0,0,0,0,0,0,0
2005,350009,0,1,24,24,24,24,24,24,24,24,24,24
2005,350009,1,1,0,0,0,0,0,0,0,0,0,0
2005,350010,1,1,20,20,20,20,20,20,20,20,20,20
2005,350011,1,1,0,0,0,0,0,0,0,0,0,0
2005,350012,1,1,21,21,21,21,21,21,21,21,21,21
2005,350012,2,1,0,0,0,0,0,0,0,0,0,0
2005,350013,0,1,22,22,22,22,22,22,22,22,22,22
2005,350013,1,1,2,0,0,0,0,0,0,0,0,0
2005,350014,1,1,0,0,0,0,0,0,0,0,0,0
2005,350015,1,1,0,0,0,0,0,0,0,0,0,0
2005,350016,1,1,0,0,0,0,0,0,0,0,0,0
2005,350016,2,1,0,0,0,0,0,0,0,0,0,0
2005,350017,1,1,0,0,0,0,0,0,0,0,0,0
2005,350017,2,1,0,0,0,0,0,0,0,0,0,0
2005,350018,1,1,0,0,0,0,0,0,0,0,0,0
2005,350019,1,1,0,0,0,0,0,0,0,0,0,0
2005,350019,2,1,26,26,26,26,26,26,26,26,26,26
2005,350020,1,1,0,0,0,0,0,0,0,0,0,0
2005,350020,2,1,0,0,0,0,0,0,0,0,0,0
2005,350020,3,1,0,0,0,0,0,0,0,0,0,0
2005,350021,1,1,0,0,0,0,0,0,0,0,0,0
2005,350022,1,1,0,0,0,0,0,0,0,0,0,0
2005,350022,2,1,0,0,0,0,0,0,0,0,0,0
2005,350023,1,1,0,0,0,0,13,0,0,0,0,0
2005,350023,2,1,0,0,0,0,0,0,0,0,0,0
2005,350024,1,1,0,0,0,0,0,0,0,0,0,0
2005,350024,2,1,0,0,0,0,0,0,0,0,0,0
2005,350025,1,1,0,0,0,0,0,0,0,0,0,0
2005,350026,1,1,0,0,0,0,0,0,0,0,0,0
2005,350026,2,1,0,0,0,0,0,0,0,0,0,0
2005,350027,1,1,17,7,21,0,12,29,22,13,7,9
2005,350028,1,1,0,0,0,0,0,0,0,0,0,0
2005,350029,0,1,10,10,10,10,10,10,10,10,10,10
2005,350029,1,1,0,0,0,0,9,13,0,0,0,0
2005,350030,1,1,0,0,0,0,0,0,0,0,0,0
2005,350030,2,1,0,0,0,0,0,10,0,0,0,0
2005,350031,1,1,0,0,0,0,0,0,0,0,0,0
2005,350031,2,1,0,0,0,0,0,0,0,0,0,0
2005,350032,1,1,0,0,0,0,0,0,0,0,0,0
2005,350033,1,1,0,0,0,0,0,0,0,0,0,0
2005,350034,1,1,21,18,7,9,0,23,15,20,16,18
2005,350034,2,1,0,0,0,0,0,0,0,0,0,0
2005,350035,1,1,0,0,0,0,0,0,0,0,0,0
2005,350035,2,1,0,0,0,0,0,0,0,0,0,0
2005,350037,1,1,0,0,0,0,0,0,0,0,0,0
2005,350039,1,1,37,37,37,37,37,37,37,37,37,37
2005,350040,1,1,16,16,16,16,16,16,16,16,16,16
2005,350041,1,1,0,0,0,0,0,0,0,0,0,0
2005,350042,1,1,0,0,0,0,0,0,0,0,0,0
2005,350042,2,1,11,11,11,11,11,11,11,11,11,11
2005,350043,1,1,0,0,0,0,0,0,0,0,0,18
2005,350043,2,1,0,8,0,0,0,0,0,0,0,0
2005,350043,3,1,0,0,0,0,0,0,0,0,0,0
2005,350044,1,1,0,0,0,0,0,0,0,0,0,0
2005,350044,2,1,0,0,0,0,7,0,0,0,0,0
2005,350045,1,1,20,20,20,20,20,20,20,20,20,20
2005,350045,2,1,23,0,6,11,0,0,0,0,0,0
2005,350046,0,1,0,0,0,0,0,0,0,0,0,0
2005,350046,1,1,0,0,0,0,0,0,0,0,0,0
2005,350047,1,1,0,0,0,0,0,0,0,0,0,0
2005,350048,1,1,0,0,0,0,0,0,0,0,0,0
2005,350049,0,1,0,0,0,0,0,0,0,0,0,0
2005,350049,1,1,0,0,0,0,0,0,0,0,0,0
2005,350050,1,1,0,0,0,0,0,0,0,0,0,0
2005,350051,1,1,32,21,0,16,21,9,17,21,9,0
2005,350052,0,1,0,0,0,0,0,0,0,0,0,0
2005,350052,1,1,19,6,16,15,22,16,8,0,0,24
2005,350053,1,1,0,0,0,0,0,0,0,0,0,0
2005,350054,1,1,0,0,0,0,0,0,0,15,0,0
2005,350054,2,1,0,0,0,0,0,0,0,0,0,0
2005,350054,3,1,19,9,10,25,13,12,14,10,13,0
2005,350055,1,1,15,15,15,15,15,15,15,15,15,15
2005,350056,1,1,3,3,3,3,3,3,3,3,3,3
2005,350056,2,1,0,0,0,0,0,0,0,0,0,0
2005,350057,1,1,0,0,0,0,0,0,0,0,0,0
2005,350058,0,1,25,25,25,25,25,25,25,25,25,25
2005,350058,1,1,0,0,0,0,0,0,0,0,0,0
2005,350059,1,1,0,0,0,0,0,0,0,0,0,0
2005,350060,1,1,0,0,0,0,0,0,0,0,0,0
2005,350061,1,1,14,14,14,14,14,14,14,14,14,14
2005,350061,2,1,0,0,0,0,0,0,0,0,0,0
2005,350062,1,1,0,0,0,0,0,0,0,0,0,0
2005,350062,2,1,41,41,41,41,41,41,41,41,41,41
2005,350065,1,1,0,0,0,0,0,0,0,0,0,0
2005,350065,2,1,0,0,0,0,0,0,0,0,0,0
2005,350066,1,1,0,0,0,0,0,0,0,0,0,0
2005,350068,1,1,0,0,0,0,0,0,0,0,0,0
2005,350068,2,1,0,0,0,0,0,0,0,0,0,0
2005,350069,1,1,24,24,24,24,24,24,24,24,24,24
2005,350069,2,1,0,0,0,0,0,0,0,0,0,0
2005,350070,1,1,18,18,18,18,18,18,18,18,18,18
2005,350071,1,1,0,0,0,0,0,0,0,0,0,0
2005,350072,1,1,0,0,0,0,0,0,0,0,0,0
2005,350073,1,1,0,0,0,0,0,0,0,0,0,0
2005,350073,2,1,0,0,0,0,0,0,0,0,0,0
2005,350074,1,1,0,0,0,0,0,0,0,0,0,0
2005,350074,2,1,29,29,29,29,29,29,29,29,29,29
2005,350075,1,1,0,0,0,0,0,0,0,0,0,0
2005,350075,2,1,0,0,0,0,0,0,0,0,0,0
2005,350076,1,1,0,0,0,0,0,0,0,0,0,0
2005,350077,0,1,0,0,0,0,0,0,0,0,0,0
2005,350077,1,1,0,0,0,0,0,0,0,0,0,0
2005,350078,1,1,0,0,0,0,0,0,0,0,0,0
2005,350079,1,1,0,0,0,0,0,0,0,0,0,19
2005,350079,2,1,27,27,27,27,27,27,27,27,27,27
2005,350080,1,1,0,0,0,0,0,0,0,0,0,0
2005,350081,1,1,0,0,0,0,0,0,0,0,0,0
2005,350082,1,1,0,0,0,0,0,0,0,0,0,0
2005,350082,2,1,0,0,0,0,0,0,0,0,0,0
2005,350083,1,1,0,0,0,0,0,0,0,0,0,0
2005,350083,2,1,19,0,26,8,0,12,0,15,0,0
2005,350084,1,1,0,0,0,0,0,0,0,0,0,0
2005,350084,2,1,0,0,0,0,0,0,0,0,0,0
2005,350085,1,1,32,32,32,32,32,32,32,32,32,32
2005,350086,0,1,17,26,16,23,17,18,38,24,15,31
2005,350086,1,1,0,0,0,0,0,0,0,0,13,0
2005,350087,1,1,0,0,0,0,0,0,0,0,0,0
2005,350087,2,1,0,0,0,0,0,0,0,0,0,0
2005,350088,1,1,0,0,0,0,0,0,0,0,0,0
2005,350089,0,1,23,23,23,23,23,23,23,23,23,23
2005,350089,1,1,0,0,0,0,0,0,0,0,0,0
2005,350090,1,1,15,15,15,15,15,15,15,15,15,15
2005,350091,1,1,0,0,0,20,0,0,0,0,0,0
2005,350091,2,1,0,0,0,0,0,0,0,0,0,0
2005,350091,3,1,0,0,0,0,0,0,0,0,0,0
2005,350092,1,1,0,0,0,0,0,0,0,0,0,0
2005,350093,1,1,5,5,5,5,5,5,5,5,5,5
2005,350093,2,1,0,0,0,0,0,0,0,0,0,0
2005,350094,0,1,26,26,26,26,26,26,26,26,26,26
2005,350094,1,1,29,0,12,0,0,0,0,0,0,0
2005,350095,1,1,0,0,0,0,0,0,0,0,0,0
2005,350096,1,1,11,11,11,11,11,11,11,11,11,11
2005,350097,1,1,19,19,19,19,19,19,19,19,19,19
2005,350098,1,1,10,10,10,10,10,10,10,10,10,10
2005,350099,1,1,0,0,0,0,0,0,0,0,0,0
2005,350100,1,1,0,0,0,0,0,0,0,0,0,0
2005,350100,2,1,0,0,0,0,0,0,0,0,0,0
2005,350101,1,1,24,24,24,24,24,24,24,24,24,24
2005,350102,1,1,0,0,0,0,0,0,0,0,0,0
2005,350102,2,1,0,0,0,0,0,0,0,0,0,0
2005,350103,0,1,23,23,23,23,23,23,23,23,23,23
2005,350103,1,1,0,0,0,0,0,0,0,0,0,24
2005,350104,1,1,0,0,29,0,0,10,0,0,0,0
2005,350104,2,1,0,0,0,0,0,0,0,0,0,0
2005,350105,0,1,0,0,0,0,0,0,0,0,0,0
2005,350105,1,1,0,36,0,16,0,22,0,19,19,0
2005,350106,1,1,14,14,14,14,14,14,14,14,14,14
2005,350107,1,1,0,0,0,0,0,0,0,0,0,0
2005,350108,1,1,0,0,0,0,0,0,0,0,0,0
2005,350108,2,1,0,0,0,0,0,0,0,0,0,0
2005,350109,1,1,0,0,0,0,0,0,0,0,0,0
2005,350109,2,1,8,8,8,8,8,8,8,8,8,8
2005,350110,1,1,23,23,23,23,23,23,23,23,23,23
2005,350111,1,1,16,10,12,9,15,21,31,17,18,4
2005,350112,0,1,40,40,40,40,40,40,40,40,40,40
2005,350112,1,1,0,0,0,0,0,0,0,0,0,0
2005,350113,1,1,23,23,23,23,23,23,23,23,23,23
2005,350114,1,1,22,22,22,22,22,22,22,22,22,22
2005,350115,1,1,30,30,30,30,30,30,30,30,30,30
2005,350116,1,1,0,0,0,0,0,0,0,0,0,0
2005,350117,1,1,0,0,0,0,0,0,0,0,0,0
2005,350117,2,1,0,0,0,0,0,0,0,0,0,0
2005,350117,3,1,0,0,0,0,0,0,0,0,0,0
2005,350118,1,1,0,0,0,0,0,0,0,0,0,0
2005,350118,2,1,19,0,0,17,0,0,0,0,0,0
2005,350119,1,1,11,11,11,11,11,11,11,11,11,11
2005,350120,1,1,0,0,0,0,0,0,0,0,0,0
2005,350120,2,1,0,0,0,0,0,0,0,0,0,0
2005,350121,0,1,0,0,0,0,0,0,0,0,0,0
2005,350121,1,1,2,10,13,0,0,6,0,0,0,0
2005,350122,1,1,0,0,0,0,0,0,0,0,0,0
2005,350123,1,1,0,0,0,0,0,0,0,0,0,0
2005,350124,1,1,0,0,0,0,0,0,0,0,0,0
2005,350125,1,1,0,0,0,0,0,0,0,0,0,0
2005,350125,2,1,0,0,0,0,0,0,0,0,0,0
2005,350126,1,1,0,0,0,0,0,0,0,0,0,0
2005,350127,1,1,28,12,22,8,15,5,9,14,18,0
2005,350128,1,1,19,19,19,19,19,19,19,19,19,19
2005,350129,1,1,0,0,0,0,0,0,0,0,0,0
2005,350129,2,1,0,14,0,0,19,6,0,19,0,0
2005,350130,0,1,17,17,17,17,17,17,17,17,17,17
2005,350130,1,1,0,21,0,0,0,8,0,23,19,0
2005,350131,1,1,19,19,19,19,19,19,19,19,19,19
2005,350132,1,1,0,0,0,0,0,0,0,0,0,0
2005,350133,1,1,0,0,0,0,0,0,0,0,0,0
2005,350134,1,1,11,11,11,11,11,11,11,11,11,11
2005,350135,1,1,0,0,0,0,0,0,0,0,0,0
2005,350135,2,1,0,0,0,0,0,0,0,0,0,0
2005,350135,3,1,0,0,0,0,0,0,0,0,0,0
2005,350135,4,1,26,26,26,26,26,26,26,26,26,26
2005,350136,1,1,3,3,3,3,3,3,3,3,3,3
2005,350137,1,1,0,0,0,0,0,0,0,0,0,0
2005,350138,1,1,0,0,0,0,0,0,0,0,0,0
2005,350138,2,1,0,0,0,0,0,0,0,0,0,0
2005,350139,1,1,0,0,0,0,0,0,0,0,0,0
2005,350140,1,1,0,0,0,0,0,0,0,0,0,0
2005,350141,1,1,10,10,10,10,10,10,10,10,10,10
2005,350141,2,1,0,0,0,9,0,0,0,0,0,0
2005,350142,1,1,13,13,13,13,13,13,13,13,13,13
2005,350143,1,1,0,0,0,0,0,0,0,0,0,0
2005,350143,2,1,0,6,0,0,11,0,0,0,0,0
2005,350144,1,1,0,0,0,0,0,0,0,0,0,0
2005,350145,1,1,0,0,0,0,0,0,0,0,0,0
2005,350146,1,1,0,0,0,0,0,0,0,0,0,0
2005,350146,2,1,0,0,0,0,0,0,0,0,0,0
2005,350147,1,1,0,0,0,0,0,0,0,0,0,0
2005,350148,0,1,0,0,0,0,0,0,0,0,0,0
2005,350148,1,1,10,0,0,10,0,0,19,0,0,0
2005,350150,1,1,26,26,26,26,26,26,26,26,26,26
2005,350151,1,1,0,0,0,0,0,0,0,0,0,0
2005,350152,1,1,20,12,26,19,0,38,14,43,21,7
2005,350153,0,1,15,15,15,15,15,15,15,15,15,15
2005,350153,1,1,0,0,0,0,0,0,14,0,0,14
2005,350155,1,1,15,17,26,22,18,0,17,0,11,0
2005,350156,0,1,0,0,0,0,0,0,0,0,0,0
2005,350156,1,1,0,0,0,0,0,0,21,0,0,0
2005,350157,1,1,0,0,0,0,0,0,0,0,0,0
2005,350158,1,1,27,20,20,19,9,20,22,29,0,16
2005,350159,0,1,0,0,0,0,0,0,0,0,0,0
2005,350159,1,1,0,0,0,3,0,0,0,0,0,0
2005,350160,1,1,0,0,0,0,0,0,0,0,0,0
2005,350160,2,1,2,2,2,2,2,2,2,2,2,2
2005,350161,1,1,0,0,0,0,0,0,0,0,0,0
2005,350161,2,1,0,0,0,0,0,0,0,0,0,0