YEAR,ST_CASE,veh_no,per_no,P1,P2,P3,P4,P5,P6,P7,P8,P9,P10
2005,350162,1,1,0,0,0,0,0,0,0,0,0,0
2005,350162,2,1,0,0,0,0,0,0,0,0,0,0
2005,350163,1,1,0,0,0,0,0,0,0,0,0,0
2005,350163,2,1,0,0,0,0,0,0,0,0,0,0
2005,350164,1,1,24,24,24,24,24,24,24,24,24,24
2005,350165,1,1,24,24,24,24,24,24,24,24,24,24
2005,350166,1,1,16,10,13,14,21,14,5,6,6,18
2005,350166,2,1,0,0,0,0,16,0,0,7,0,0
2005,350166,3,1,0,0,0,0,0,0,0,0,0,0
2005,350166,4,1,0,0,0,14,0,0,0,0,0,0
2005,350167,1,1,0,0,0,0,0,0,0,0,0,0
2005,350167,2,1,0,0,0,0,0,0,0,0,0,0
2005,350168,1,1,0,0,0,0,0,0,0,0,0,0
2005,350168,2,1,0,0,0,0,0,0,0,0,0,0
2005,350169,1,1,0,0,0,0,0,0,0,0,0,0
2005,350169,2,1,0,0,0,0,0,0,0,0,0,0
2005,350170,0,1,23,23,23,23,23,23,23,23,23,23
2005,350170,1,1,0,0,0,0,0,0,25,0,0,0
2005,350171,1,1,4,4,4,4,4,4,4,4,4,4
2005,350172,1,1,32,25,20,16,29,21,24,18,22,11
2005,350173,1,1,20,20,20,20,20,20,20,20,20,20
2005,350174,1,1,0,0,0,0,0,0,0,0,0,0
2005,350175,1,1,22,22,22,22,22,22,22,22,22,22
2005,350176,1,1,10,10,10,10,10,10,10,10,10,10
2005,350177,1,1,0,0,0,0,0,0,0,0,0,0
2005,350177,2,1,0,0,0,0,0,0,0,0,0,0
2005,350178,1,1,0,0,0,0,0,0,0,0,0,0
2005,350179,1,1,22,22,22,22,22,22,22,22,22,22
2005,350180,1,1,0,0,0,0,0,0,0,0,0,0
2005,350181,1,1,15,0,0,0,0,0,0,15,0,0
2005,350181,2,1,0,0,0,0,0,0,0,0,0,0
2005,350182,1,1,0,0,0,0,0,0,0,0,0,0
2005,350183,0,1,20,20,20,20,20,20,20,20,20,20
2005,350183,1,1,12,15,0,0,0,0,0,0,0,0
2005,350184,0,1,11,19,13,34,25,27,11,24,30,22
2005,350184,1,1,16,0,0,0,0,0,0,0,0,0
2005,350185,1,1,24,24,24,24,24,24,24,24,24,24
2005,350185,2,1,0,0,0,0,0,0,0,0,0,0
2005,350186,1,1,0,0,0,0,0,0,0,0,0,0
2005,350187,1,1,14,14,14,14,14,14,14,14,14,14
2005,350187,2,1,0,0,0,0,0,0,1,0,0,6
2005,350188,1,1,19,13,19,40,28,7,0,38,11,24
2005,350190,1,1,0,0,0,0,0,0,0,0,0,0
2005,350190,2,1,0,11,0,7,0,0,0,0,0,0
2005,350192,1,1,0,0,0,0,0,0,0,0,0,0
2005,350193,1,1,0,0,0,0,0,0,0,0,0,0
2005,350194,0,1,8,8,8,8,8,8,8,8,8,8
2005,350194,1,1,0,0,0,0,7,0,0,0,0,0
2005,350195,1,1,0,0,0,0,0,0,0,0,0,0
2005,350195,2,1,0,0,0,0,0,0,0,0,0,0
2005,350196,1,1,0,0,0,0,0,0,0,0,0,0
2005,350197,1,1,0,0,0,0,0,0,0,0,0,0
2005,350198,1,1,18,18,18,18,18,18,18,18,18,18
2005,350199,1,1,24,24,24,24,24,24,24,24,24,24
2005,350200,1,1,0,0,0,0,0,0,0,0,0,0
2005,350200,2,1,0,0,0,0,0,0,0,0,0,0
2005,350201,1,1,12,23,21,11,13,9,6,10,12,5
2005,350201,2,1,0,0,0,0,0,0,0,0,0,0
2005,350202,1,1,0,0,0,0,0,0,0,0,0,0
2005,350203,1,1,0,0,0,0,0,0,0,0,0,0
2005,350203,2,1,0,0,0,0,0,0,0,0,0,0
2005,350204,0,1,0,0,0,0,0,0,0,0,0,0
2005,350204,1,1,0,0,0,0,0,0,0,0,0,0
2005,350205,0,1,0,0,0,0,0,0,0,0,0,0
2005,350205,1,1,0,0,0,0,0,0,0,0,0,0
2005,350206,1,1,0,0,0,0,0,0,0,0,0,0
2005,350207,1,1,0,0,0,0,0,0,0,0,0,0
2005,350208,1,1,15,15,15,15,15,15,15,15,15,15
2005,350209,1,1,0,0,0,0,0,0,0,0,0,0
2005,350209,2,1,14,14,14,14,14,14,14,14,14,14
2005,350210,1,1,0,0,0,0,0,0,0,0,0,0
2005,350210,2,1,0,0,0,0,0,0,0,0,0,0
2005,350211,1,1,0,0,0,0,0,0,0,0,0,0
2005,350212,1,1,0,0,0,0,0,0,0,0,0,0
2005,350212,2,1,0,0,0,0,0,0,0,0,0,0
2005,350213,1,1,0,0,0,0,0,0,0,0,0,0
2005,350213,2,1,0,0,0,0,0,0,0,0,0,0
2005,350214,1,1,15,17,10,27,9,23,8,11,10,9
2005,350214,2,1,0,0,0,0,0,0,0,0,0,0
2005,350215,1,1,0,0,0,0,0,0,0,3,0,0
2005,350215,2,1,0,0,0,0,0,0,0,0,0,0
2005,350216,1,1,0,0,0,0,0,0,0,0,0,0
2005,350217,1,1,0,0,0,0,0,0,0,0,0,0
2005,350217,2,1,0,0,0,0,0,0,0,0,0,0
2005,350218,1,1,0,0,0,0,0,0,0,0,0,0
2005,350219,1,1,0,0,0,0,0,0,0,0,0,0
2005,350220,1,1,0,0,0,0,0,0,0,0,0,0
2005,350221,1,1,22,8,13,17,16,0,9,14,14,0
2005,350222,0,1,0,0,0,0,0,0,0,0,0,0
2005,350222,1,1,11,0,0,11,28,0,7,25,12,14
2005,350223,1,1,6,6,6,6,6,6,6,6,6,6
2005,350224,1,1,0,0,0,0,0,0,0,0,0,0
2005,350225,1,1,0,0,0,0,0,0,0,0,0,0
2005,350226,0,1,0,0,0,0,0,0,0,0,0,0
2005,350226,1,1,0,0,0,0,16,0,0,0,0,0
2005,350227,1,1,20,27,18,20,12,13,19,32,14,15
2005,350228,1,1,0,0,0,0,0,0,0,0,0,0
2005,350229,1,1,0,0,0,0,0,0,0,0,0,0
2005,350229,2,1,0,0,0,0,0,0,0,0,0,0
2005,350230,1,1,23,23,23,23,23,23,23,23,23,23
2005,350231,1,1,0,0,0,0,0,0,0,0,0,0
2005,350232,1,1,0,0,0,0,0,0,0,0,0,0
2005,350233,1,1,0,0,0,0,0,0,0,0,0,0
2005,350234,1,1,0,0,0,0,0,0,0,0,0,0
2005,350234,2,1,22,22,22,22,22,22,22,22,22,22
2005,350235,1,1,0,0,0,0,0,0,0,0,0,0
2005,350235,2,1,0,0,0,0,0,0,0,0,0,0
2005,350236,1,1,25,25,25,25,25,25,25,25,25,25
2005,350237,1,1,0,0,0,0,0,0,0,0,0,0
2005,350238,1,1,0,0,0,0,0,0,0,0,0,0
2005,350238,2,1,0,0,0,0,0,0,0,0,0,0
2005,350239,1,1,0,0,0,0,0,0,0,0,0,0
2005,350240,1,1,0,0,0,0,0,0,3,0,2,0
2005,350241,1,1,0,0,0,0,0,0,0,0,0,0
2005,350242,1,1,15,15,15,15,15,15,15,15,15,15
2005,350243,0,1,21,14,8,22,14,26,23,19,19,14
2005,350243,1,1,0,0,0,0,0,0,0,0,0,0
2005,350244,1,1,0,0,0,0,0,0,0,0,0,0
2005,350245,1,1,20,20,20,20,20,20,20,20,20,20
2005,350246,0,1,0,0,0,0,0,0,0,0,0,0
2005,350246,1,1,0,0,0,0,0,0,0,0,0,0
2005,350247,1,1,0,0,0,0,0,0,0,0,0,0
2005,350248,1,1,15,14,3,26,11,21,12,6,12,5
2005,350249,0,1,18,18,18,18,18,18,18,18,18,18
2005,350249,1,1,0,0,0,0,0,0,0,0,11,0
2005,350250,1,1,0,0,0,0,0,0,0,0,0,0
2005,350250,2,1,0,0,0,0,0,0,0,0,0,0
2005,350251,1,1,0,0,0,0,0,0,0,0,0,0
2005,350252,1,1,0,0,0,0,0,0,0,0,0,0
2005,350252,2,1,11,11,11,11,11,11,11,11,11,11
2005,350253,1,1,0,0,0,0,0,0,0,0,0,0
2005,350253,2,1,0,0,0,0,0,0,0,0,0,0
2005,350254,1,1,6,14,21,5,13,23,23,24,4,11
2005,350254,2,1,0,0,0,0,0,0,0,0,0,0
2005,350255,1,1,0,0,0,0,0,0,0,0,0,0
2005,350256,1,1,16,16,16,16,16,16,16,16,16,16
2005,350257,1,1,0,0,0,0,0,0,0,0,0,0
2005,350258,1,1,15,15,15,15,15,15,15,15,15,15
2005,350259,0,1,0,0,0,0,0,0,0,0,0,0
2005,350259,1,1,0,0,0,0,0,0,0,0,0,0
2005,350260,1,1,0,0,0,0,0,0,0,0,0,0
2005,350261,0,1,0,0,0,0,0,0,0,0,0,0
2005,350261,1,1,0,0,0,0,0,0,0,0,14,9
2005,350262,1,1,0,0,0,0,0,0,0,0,0,0
2005,350262,2,1,3,3,3,3,3,3,3,3,3,3
2005,350263,1,1,0,0,0,0,0,0,0,0,0,0
2005,350263,2,1,0,0,0,0,0,0,0,0,0,0
2005,350264,1,1,0,12,12,25,16,3,17,4,11,11
2005,350264,2,1,0,0,0,0,0,0,0,0,0,0
2005,350265,1,1,25,25,25,25,25,25,25,25,25,25
2005,350266,1,1,43,43,43,43,43,43,43,43,43,43
2005,350267,1,1,37,37,37,37,37,37,37,37,37,37
2005,350268,1,1,0,0,0,0,0,0,0,0,0,0
2005,350269,1,1,0,0,0,0,0,0,0,0,0,0
2005,350270,0,1,0,0,0,0,0,0,0,0,0,0
2005,350270,1,1,0,0,0,0,0,0,0,0,0,0
2005,350271,1,1,9,9,9,9,9,9,9,9,9,9
2005,350271,2,1,0,0,0,14,0,0,0,0,0,0
2005,350272,1,1,0,0,0,0,0,0,0,0,0,0
2005,350273,1,1,0,0,0,0,0,0,0,0,0,0
2005,350273,2,1,0,0,0,0,0,0,0,0,0,0
2005,350274,0,1,0,0,0,0,13,0,0,0,0,12
2005,350274,1,1,0,5,12,0,10,0,29,21,0,12
2005,350275,1,1,0,0,0,0,0,0,0,0,0,0
2005,350276,1,1,0,0,0,0,0,0,0,0,0,0
2005,350276,2,1,0,0,0,0,0,0,0,0,0,0
2005,350277,1,1,0,0,0,0,0,0,0,0,0,0
2005,350278,1,1,19,18,15,13,22,16,25,11,2,25
2005,350279,1,1,0,0,0,0,0,0,0,0,0,20
2005,350280,1,1,0,0,0,0,0,0,0,0,0,0
2005,350281,0,1,0,0,0,0,0,0,0,0,0,0
2005,350281,1,1,0,0,0,0,0,0,0,0,0,0
2005,350282,1,1,2,23,19,9,15,27,19,23,4,38
2005,350283,1,1,0,0,0,0,0,0,0,0,0,0
2005,350283,2,1,0,0,0,0,0,0,0,0,0,0
2005,350284,1,1,0,0,0,0,0,0,0,0,0,0
2005,350285,1,1,17,12,23,3,20,11,21,13,24,20
2005,350286,1,1,0,0,0,0,0,0,0,0,0,0
2005,350287,0,1,0,0,0,0,0,0,0,0,0,0
2005,350287,1,1,21,21,21,21,21,21,21,21,21,21
2005,350288,1,1,0,0,0,0,0,0,0,0,0,0
2005,350288,2,1,0,0,0,0,0,0,0,0,0,0
2005,350289,1,1,0,0,0,0,0,0,0,0,0,0
2005,350289,2,1,0,0,0,0,0,0,0,0,0,0
2005,350290,1,1,0,0,0,0,0,0,0,0,0,0
2005,350290,2,1,23,23,23,23,23,23,23,23,23,23
2005,350290,3,1,0,0,0,0,0,0,0,0,0,0
2005,350291,1,1,0,0,0,0,0,0,0,0,0,0
2005,350291,2,1,0,0,0,0,16,0,0,0,0,0
2005,350292,1,1,32,32,32,32,32,32,32,32,32,32
2005,350292,2,1,0,0,0,0,0,0,0,0,0,0
2005,350293,1,1,0,0,0,0,0,0,0,0,0,0
2005,350294,1,1,0,0,0,0,0,0,0,0,0,0
2005,350295,1,1,0,0,0,0,0,0,0,0,0,0
2005,350296,1,1,0,0,0,0,0,0,0,0,0,0
2005,350297,1,1,0,0,0,0,0,0,0,0,0,0
2005,350298,1,1,16,16,16,16,16,16,16,16,16,16
2005,350299,1,1,15,15,15,15,15,15,15,15,15,15
2005,350299,2,1,0,0,0,0,0,0,0,0,0,0
2005,350299,3,1,0,0,0,0,0,0,0,0,0,0
2005,350299,4,1,0,0,0,0,0,0,0,0,0,0
2005,350299,5,1,0,0,0,0,0,0,14,0,0,0
2005,350300,1,1,0,0,0,0,0,0,0,0,0,0
2005,350300,2,1,0,0,0,0,0,0,0,0,0,0
2005,350301,1,1,0,0,0,0,0,0,0,0,0,0
2005,350302,1,1,12,12,12,12,12,12,12,12,12,12
2005,350303,1,1,0,0,0,0,0,0,0,0,0,0
2005,350303,2,1,0,0,0,0,0,0,0,0,0,0
2005,350304,1,1,12,12,12,12,12,12,12,12,12,12
2005,350304,2,1,0,0,0,0,0,0,0,0,17,0
2005,350305,1,1,0,0,19,0,0,0,0,0,0,0
2005,350306,1,1,0,0,0,0,0,0,0,0,0,0
2005,350306,2,1,0,0,0,0,0,0,0,0,0,0
2005,350307,0,1,0,0,0,0,0,0,0,0,0,0
2005,350307,1,1,0,0,0,0,0,0,0,0,0,0
2005,350308,0,1,25,25,25,25,25,25,25,25,25,25
2005,350308,1,1,0,0,0,0,0,0,0,0,0,0
2005,350309,1,1,28,28,28,28,28,28,28,28,28,28
2005,350310,1,1,0,0,0,0,0,0,0,0,0,0
2005,350311,0,1,0,0,0,0,0,0,0,0,0,0
2005,350311,1,1,0,0,0,0,0,0,0,0,0,0
2005,350312,1,1,27,27,27,27,27,27,27,27,27,27
2005,350313,1,1,0,0,0,0,0,0,0,0,0,0
2005,350313,2,1,0,0,0,0,0,0,0,0,0,0
2005,350314,1,1,0,0,0,0,0,0,0,0,0,0
2005,350314,2,1,0,0,0,0,0,0,0,0,0,0
2005,350315,1,1,0,0,0,0,0,0,0,0,0,0
2005,350316,1,1,2,2,2,2,2,2,2,2,2,2
2005,350316,2,1,0,0,0,0,0,0,0,0,0,0
2005,350317,1,1,0,0,0,0,0,0,0,0,0,0
2005,350318,1,1,0,0,0,0,0,0,0,0,0,0
2005,350319,1,1,0,0,0,0,0,0,0,0,0,0
2005,350319,2,1,0,0,0,0,0,0,0,0,0,0
2005,350320,0,1,20,20,20,20,20,20,20,20,20,20
2005,350320,1,1,0,0,0,0,0,0,0,0,0,0
2005,350321,0,1,25,25,25,25,25,25,25,25,25,25
2005,350321,1,1,0,0,0,0,0,0,0,0,0,0
2005,350322,0,1,30,30,30,30,30,30,30,30,30,30
2005,350322,1,1,0,0,8,0,0,0,0,0,0,0
2005,350323,1,1,0,0,0,0,0,0,0,0,0,0
2005,350323,2,1,12,12,12,12,12,12,12,12,12,12
2005,350324,0,1,0,0,0,0,0,0,0,0,0,0
2005,350324,1,1,0,0,0,0,0,0,0,0,0,0
2005,350325,0,1,0,0,0,0,0,0,0,0,0,0
2005,350325,1,1,0,0,0,0,0,0,0,0,0,0
2005,350326,1,1,0,14,13,14,12,21,10,12,16,10
2005,350326,2,1,0,0,0,0,0,0,0,0,0,0
2005,350327,0,1,0,0,0,0,0,0,0,0,0,0
2005,350327,1,1,0,0,0,0,0,0,0,0,0,0
2005,350328,1,1,22,12,22,20,12,13,24,6,29,23
2005,350329,1,1,0,0,0,0,0,0,0,0,0,0
2005,350329,2,1,0,0,0,0,0,0,0,0,0,0
2005,350330,1,1,0,0,0,0,0,0,0,0,0,0
2005,350331,1,1,0,0,0,0,0,0,0,0,0,0
2005,350331,2,1,8,11,18,0,23,17,14,15,0,26
2005,350332,1,1,13,15,24,14,27,43,11,12,15,9
2005,350333,1,1,0,0,0,0,0,0,0,0,0,0
2005,350333,2,1,0,0,0,0,0,0,0,0,0,0
2005,350334,1,1,0,0,0,0,0,0,0,0,0,0
2005,350335,1,1,0,0,0,0,0,0,0,0,0,0
2005,350335,2,1,14,14,14,14,14,14,14,14,14,14
2005,350336,0,1,18,18,18,18,18,18,18,18,18,18
2005,350336,1,1,0,0,0,0,0,0,0,0,0,0
2005,350337,0,1,11,11,11,11,11,11,11,11,11,11
2005,350337,1,1,0,0,0,0,0,0,0,0,23,0
2005,350338,1,1,0,0,0,0,0,0,0,0,0,0
2005,350339,1,1,0,0,0,0,0,0,0,0,0,0
2005,350339,2,1,0,0,0,0,0,0,0,0,0,0
2005,350340,1,1,0,0,0,0,0,0,0,0,0,0
2005,350341,1,1,0,7,8,0,23,17,15,8,9,22
2005,350342,1,1,21,21,21,21,21,21,21,21,21,21
2005,350343,0,1,27,27,27,27,27,27,27,27,27,27
2005,350343,1,1,0,0,0,0,0,0,0,0,0,0
2005,350344,0,1,38,38,38,38,38,38,38,38,38,38
2005,350344,1,1,0,0,0,0,0,0,0,0,0,0
2005,350345,1,1,0,0,0,0,0,0,0,0,0,0
2005,350345,2,1,0,0,0,0,0,0,0,0,0,0
2005,350346,1,1,0,0,0,0,0,0,0,0,0,0
2005,350347,1,1,0,0,0,0,0,0,0,0,0,0
2005,350348,1,1,0,0,0,0,0,0,0,0,0,0
2005,350349,1,1,26,26,26,26,26,26,26,26,26,26
2005,350349,2,1,0,0,0,0,0,0,0,0,0,0
2005,350349,3,1,0,0,0,0,10,0,0,0,0,0
2005,350349,4,1,10,16,2,17,12,19,12,18,4,13
2005,350350,0,1,0,0,0,0,0,0,0,0,0,0
2005,350350,1,1,0,0,0,0,0,0,0,0,0,0
2005,350351,1,1,0,0,0,0,0,0,0,0,0,0
2005,350351,2,1,0,0,0,0,0,0,0,0,0,0
2005,350352,1,1,0,0,0,0,0,0,0,0,0,0
2005,350352,2,1,0,0,0,0,0,0,0,0,0,0
2005,350353,1,1,0,0,0,0,0,0,0,12,0,0
2005,350353,2,1,26,26,26,26,26,26,26,26,26,26
2005,350354,1,1,0,0,0,0,0,0,0,0,0,0
2005,350355,1,1,0,0,0,0,0,0,0,0,0,0
2005,350356,1,1,0,0,0,0,0,0,0,0,0,0
2005,350357,1,1,0,0,0,0,0,0,0,0,0,0
2005,350358,1,1,15,15,15,15,15,15,15,15,15,15
2005,350359,1,1,22,22,22,22,22,22,22,22,22,22
2005,350360,1,1,0,0,0,0,0,0,0,0,0,0
2005,350360,2,1,20,20,20,20,20,20,20,20,20,20
2005,350361,1,1,0,0,0,0,0,0,0,0,0,0
2005,350362,0,1,0,0,0,0,0,0,0,0,0,0
2005,350362,1,1,0,0,0,0,0,0,0,0,0,10
2005,350363,1,1,0,0,0,0,0,0,0,0,0,0
2005,350364,1,1,0,0,0,0,0,0,0,0,0,0
2005,350365,1,1,14,14,14,14,14,14,14,14,14,14
2005,350365,2,1,0,0,6,0,0,0,0,0,0,0
2005,350366,1,1,23,10,17,13,6,3,4,9,11,7
2005,350367,1,1,0,0,0,0,0,0,0,0,0,0
2005,350367,2,1,0,0,0,0,0,0,0,0,0,0
2005,350368,1,1,0,0,0,0,0,0,0,0,0,0
2005,350369,1,1,0,0,0,0,0,0,0,0,0,0
2005,350370,1,1,0,0,0,0,0,0,0,0,0,0
2005,350370,2,1,0,0,0,0,0,0,0,0,0,0
2005,350370,3,1,0,0,0,0,0,0,0,0,0,0
2005,350370,4,1,0,0,0,0,0,0,0,0,0,0
2005,350370,5,1,0,0,0,0,0,0,0,0,0,0
2005,350370,6,1,0,0,0,0,3,0,0,0,0,0
2005,350371,1,1,0,0,0,0,0,0,0,0,0,0
2005,350371,2,1,0,0,0,0,0,0,0,0,0,0
2005,350372,1,1,0,0,0,0,0,0,0,0,0,0
2005,350373,1,1,0,0,0,0,0,0,0,0,0,0
2005,350373,2,1,0,0,0,0,0,0,0,0,0,0
2005,350374,1,1,0,0,0,0,0,0,0,0,0,0
2005,350375,1,1,0,0,0,0,0,0,0,0,0,0
2005,350376,1,1,17,17,17,17,17,17,17,17,17,17
2005,350377,1,1,0,0,0,0,0,6,0,0,0,0
2005,350378,1,1,0,0,0,0,0,0,0,0,0,0
2005,350379,1,1,12,12,12,12,12,12,12,12,12,12
2005,350380,1,1,17,17,17,17,17,17,17,17,17,17
2005,350381,1,1,0,0,0,0,0,0,0,0,0,0
2005,350381,2,1,0,0,0,0,0,0,0,0,0,0
2005,350382,1,1,0,0,0,0,0,0,0,0,0,0
2005,350383,1,1,0,0,0,0,0,0,0,0,0,0
2005,350383,2,1,15,12,6,6,21,4,8,7,9,18
2005,350384,1,1,0,0,0,0,0,0,0,0,0,0
2005,350384,2,1,0,0,0,0,0,0,0,0,0,0
2005,350385,0,1,0,0,0,0,0,0,0,0,0,0
2005,350385,1,1,27,0,0,29,0,0,0,0,0,26
2005,350387,1,1,0,0,0,0,0,0,0,0,0,0
2005,350388,1,1,0,0,0,0,0,0,0,0,0,0
2005,350388,2,1,0,0,0,0,0,0,0,0,0,0
2005,350389,1,1,0,0,0,0,0,0,0,0,0,0
2005,350390,1,1,0,0,0,0,0,0,0,0,0,0
2005,350390,2,1,0,0,0,0,0,0,0,0,0,0
2005,350391,1,1,5,5,5,5,5,5,5,5,5,5
2005,350392,1,1,30,30,30,30,30,30,30,30,30,30
2005,350393,0,1,19,32,56,29,32,26,34,21,17,23
2005,350393,1,1,26,0,16,0,15,0,6,0,0,0
2005,350394,0,1,21,21,21,21,21,21,21,21,21,21
2005,350394,1,1,0,0,0,0,10,10,0,0,0,0
2005,350395,1,1,0,0,0,0,0,0,0,0,0,0
2005,350396,1,1,0,0,23,0,13,0,0,0,0,0
2005,350397,1,1,18,18,18,18,18,18,18,18,18,18
2005,350398,1,1,0,0,0,0,0,0,0,0,0,0
2005,350399,1,1,0,0,0,0,0,0,0,0,0,0
2005,350399,2,1,0,0,0,0,0,0,0,0,0,0
2005,350400,0,1,0,0,0,0,0,0,0,0,0,0
2005,350400,1,1,0,0,0,0,0,0,0,0,0,0
2005,350401,0,1,0,0,0,0,0,0,0,0,0,0
2005,350401,1,1,0,0,0,0,0,0,0,0,0,0
2005,350402,0,1,21,21,21,21,21,21,21,21,21,21
2005,350402,1,1,0,0,0,0,0,0,0,0,0,0
2005,350403,1,1,0,0,0,0,0,0,0,0,0,0
2005,350403,2,1,0,0,0,0,0,0,0,0,0,0
2005,350403,3,1,0,0,0,0,0,0,0,0,0,0
2005,350404,1,1,0,0,0,0,0,0,0,0,0,0
2005,350404,2,1,0,0,0,0,0,0,0,0,0,0
2005,350404,3,1,0,0,0,0,0,0,0,0,0,0
2005,350404,4,1,0,0,0,0,0,0,0,0,0,0
2005,350405,1,1,23,23,23,23,23,23,23,23,23,23
2005,350406,1,1,8,8,8,8,8,8,8,8,8,8
2005,350407,1,1,0,0,0,0,0,0,0,0,0,0
2005,350408,1,1,0,0,0,0,0,0,0,0,0,0
2005,350408,2,1,0,0,0,0,0,0,0,0,0,0
2005,350409,1,1,0,0,0,0,0,0,0,0,0,0
2005,350410,0,1,0,0,0,0,0,0,0,0,0,0
2005,350410,1,1,0,0,0,0,0,0,0,0,0,0
2005,350411,1,1,23,23,23,23,23,23,23,23,23,23
2005,350412,1,1,0,0,0,0,0,0,0,0,0,0
2005,350413,1,1,0,0,0,0,0,0,0,0,0,0
2005,350413,2,1,0,0,0,0,0,0,0,0,0,0
2005,350413,3,1,19,19,19,19,19,19,19,19,19,19
2005,350413,4,1,0,0,0,0,0,0,0,0,0,0
2005,350414,1,1,0,0,0,0,0,0,0,0,0,0
2005,350415,0,1,0,0,0,0,0,0,0,0,0,0
2005,350416,1,1,26,26,26,26,26,26,26,26,26,26
2005,350417,0,1,21,21,21,21,21,21,21,21,21,21
2005,350417,1,1,0,0,0,0,0,0,0,0,0,0
2005,350418,0,1,0,0,0,0,0,0,0,0,0,0
2005,350418,1,1,0,0,0,0,0,0,0,0,0,0
2005,350419,1,1,0,0,0,0,0,0,0,0,0,0
2005,350419,2,1,0,0,0,0,0,0,0,0,0,0
2005,350420,1,1,0,0,0,0,0,0,0,0,0,0
2005,350421,1,1,0,0,0,0,0,0,0,0,0,0
2005,350422,0,1,18,18,18,18,18,18,18,18,18,18
2005,350422,1,1,0,0,0,0,0,0,0,0,0,2
2005,350423,1,1,0,0,0,0,0,0,0,0,0,0
2005,350423,2,1,0,0,0,0,0,0,0,0,0,0
2005,350424,1,1,0,0,0,0,0,0,0,0,0,0
2005,350425,1,1,11,11,11,11,11,11,11,11,11,11
2005,350426,1,1,0,0,0,0,0,0,0,0,0,0
2005,350426,2,1,0,0,0,0,0,0,0,0,0,0
2005,350427,1,1,0,0,0,0,0,0,0,0,0,0
2005,350428,0,1,0,0,0,0,0,0,0,0,0,0
2005,350428,1,1,12,12,12,12,12,12,12,12,12,12
2005,350429,1,1,0,0,0,0,0,0,0,0,0,0
2005,350429,2,1,0,0,0,0,0,0,0,0,0,0
2005,350430,0,1,0,0,0,0,0,0,0,0,0,0
2005,350430,1,1,0,0,0,0,0,0,0,0,0,0
2005,360001,1,1,7,7,7,7,7,7,7,7,7,7
2005,360002,1,1,0,28,6,0,0,0,0,31,0,0
2005,360003,0,1,21,21,21,21,21,21,21,21,21,21
2005,360003,1,1,0,0,0,0,0,0,0,0,0,0
2005,360004,1,1,23,23,23,23,23,23,23,23,23,23
2005,360005,1,1,0,0,0,0,0,22,0,0,0,17
2005,360006,1,1,0,0,0,0,0,0,0,0,0,0
2005,360006,2,1,0,0,0,0,0,0,0,0,0,0
2005,360007,1,1,28,21,6,13,12,0,11,11,8,0
2005,360007,2,1,8,0,16,0,0,0,0,14,0,0
2005,360008,0,1,0,0,0,37,0,0,0,0,0,12
2005,360008,1,1,0,6,0,0,0,0,0,19,0,0
2005,360009,1,1,0,0,0,0,0,0,0,0,0,10
2005,360009,2,1,0,0,0,0,0,0,0,0,0,0
2005,360010,1,1,0,0,0,8,0,0,0,0,27,0
2005,360010,2,1,0,0,0,0,0,16,4,0,0,0
2005,360011,1,1,0,14,0,0,0,0,0,0,0,0
2005,360011,2,1,0,0,0,0,0,0,0,0,0,0
2005,360012,0,1,23,23,23,23,23,23,23,23,23,23
2005,360012,1,1,23,20,15,0,30,0,30,0,20,6
2005,360012,2,1,0,0,28,0,16,0,0,0,9,13
2005,360013,0,1,0,0,0,0,0,0,0,0,0,0
2005,360013,1,1,0,15,0,14,12,0,22,0,9,8
2005,360014,1,1,0,0,0,0,0,0,0,0,0,0
2005,360014,2,1,0,0,0,0,0,0,0,0,0,0
2005,360014,3,1,0,0,0,0,0,0,0,0,0,0
2005,360015,1,1,0,0,0,0,11,0,0,0,0,0
2005,360015,2,1,0,0,0,0,19,0,0,0,0,10
2005,360016,0,1,0,0,0,0,0,0,0,0,0,0
2005,360016,1,1,0,0,0,0,0,0,0,0,0,0
2005,360017,1,1,0,0,0,0,0,0,0,0,0,0
2005,360018,1,1,0,0,0,0,0,0,0,0,0,0
2005,360019,1,1,14,14,14,14,14,14,14,14,14,14
2005,360020,1,1,0,0,0,0,0,0,0,0,0,0
2005,360021,0,1,30,30,30,30,30,30,30,30,30,30
2005,360021,1,1,0,20,15,37,11,0,23,0,0,0
2005,360022,1,1,13,13,13,13,13,13,13,13,13,13
2005,360023,1,1,7,7,7,7,7,7,7,7,7,7
2005,360024,1,1,16,16,16,16,16,16,16,16,16,16
2005,360025,1,1,0,0,0,0,0,0,0,0,0,0
2005,360025,2,1,0,0,0,0,0,0,0,0,0,0
2005,360026,0,1,0,0,0,0,0,0,0,0,0,0
2005,360026,1,1,0,0,0,0,0,0,0,0,0,0
2005,360027,0,1,0,0,0,0,0,0,0,0,0,0
2005,360027,1,1,24,0,0,0,15,15,22,0,0,26
2005,360028,1,1,0,20,12,0,0,0,27,24,3,12
2005,360028,2,1,0,0,9,0,0,0,0,24,22,0
2005,360029,1,1,0,0,0,0,0,0,0,0,0,0
2005,360029,2,1,0,0,0,0,0,0,0,0,0,0