YEAR,ST_CASE,veh_no,per_no,P1,P2,P3,P4,P5,P6,P7,P8,P9,P10
2005,360030,1,1,0,0,0,0,0,0,0,0,0,0
2005,360031,1,1,0,0,0,0,0,0,0,0,0,0
2005,360031,2,1,0,0,0,0,0,0,0,0,0,0
2005,360031,3,1,0,0,0,0,0,0,0,0,0,10
2005,360032,0,1,0,0,0,0,0,0,0,0,0,0
2005,360032,1,1,0,0,0,0,0,0,0,0,0,3
2005,360033,1,1,1,1,1,1,1,1,1,1,1,1
2005,360033,2,1,0,16,0,0,0,0,6,0,0,16
2005,360033,3,1,0,0,0,17,0,0,0,0,0,10
2005,360034,1,1,17,17,17,17,17,17,17,17,17,17
2005,360035,1,1,5,5,5,5,5,5,5,5,5,5
2005,360035,2,1,0,0,0,0,0,0,0,14,0,0
2005,360036,1,1,16,16,16,16,16,16,16,16,16,16
2005,360037,1,1,0,0,0,0,0,9,0,0,0,0
2005,360037,2,1,0,0,0,0,0,0,0,0,0,0
2005,360038,1,1,8,0,0,0,4,0,22,0,0,0
2005,360038,2,1,0,0,0,0,0,0,0,0,0,0
2005,360039,0,1,28,28,28,28,28,28,28,28,28,28
2005,360039,1,1,5,7,0,0,7,0,13,0,0,0
2005,360040,1,1,0,0,0,0,0,0,0,0,0,0
2005,360040,2,1,0,0,0,0,0,0,0,0,0,0
2005,360040,3,1,0,0,0,0,0,0,0,0,0,0
2005,360040,4,1,0,0,0,0,0,0,6,0,0,0
2005,360040,5,1,0,0,0,0,0,0,0,0,0,0
2005,360041,1,1,0,0,0,0,0,0,0,0,0,0
2005,360041,2,1,0,0,0,0,0,0,0,0,0,0
2005,360042,1,1,0,0,0,0,5,0,0,0,0,0
2005,360042,2,1,0,0,0,0,0,0,0,0,0,0
2005,360043,1,1,0,6,0,0,0,0,0,0,0,27
2005,360044,1,2,25,6,37,36,12,0,32,18,34,0
2005,360045,0,1,7,7,7,7,7,7,7,7,7,7
2005,360045,1,1,16,13,10,14,23,22,17,6,16,6
2005,360046,1,1,0,0,0,0,0,0,0,0,0,0
2005,360047,0,1,28,28,28,28,28,28,28,28,28,28
2005,360047,1,1,18,12,0,25,0,19,0,0,0,0
2005,360048,0,1,25,0,16,0,12,6,16,0,29,0
2005,360048,0,2,0,0,0,0,0,0,0,0,0,0
2005,360048,1,1,9,0,0,0,0,0,0,0,10,0
2005,360048,2,1,0,0,0,0,0,0,0,0,0,22
2005,360049,1,1,0,0,0,0,0,0,0,0,0,0
2005,360050,1,1,0,0,0,0,0,0,0,0,0,0
2005,360050,2,1,0,0,0,0,0,0,0,0,0,0
2005,360051,1,1,0,0,0,0,0,0,0,0,0,0
2005,360052,1,1,0,0,0,13,0,0,14,14,22,7
2005,360053,1,1,24,24,24,24,24,24,24,24,24,24
2005,360054,1,1,17,17,17,17,17,17,17,17,17,17
2005,360055,1,1,0,0,0,0,0,0,0,0,0,0
2005,360056,1,1,0,0,0,0,0,0,0,0,0,0
2005,360056,2,1,0,0,0,0,21,0,0,0,0,0
2005,360056,3,1,0,0,0,0,0,0,4,0,0,0
2005,360057,1,1,0,0,0,0,0,0,0,0,0,0
2005,360058,2,1,0,0,0,0,0,0,0,0,0,0
2005,360059,1,1,0,0,0,0,0,0,0,0,0,0
2005,360060,1,1,18,18,18,18,18,18,18,18,18,18
2005,360061,1,1,0,0,0,0,0,0,0,0,0,0
2005,360061,2,1,4,0,0,0,0,0,0,0,0,0
2005,360062,1,1,19,19,19,19,19,19,19,19,19,19
2005,360063,1,1,21,21,21,21,21,21,21,21,21,21
2005,360064,1,1,15,15,15,15,15,15,15,15,15,15
2005,360065,1,1,0,0,0,24,13,0,0,0,0,0
2005,360066,1,1,0,0,0,0,13,0,0,0,0,10
2005,360066,2,1,0,0,0,16,0,0,0,0,7,0
2005,360066,3,1,0,0,0,0,0,0,0,0,0,0
2005,360067,1,1,18,18,18,18,18,18,18,18,18,18
2005,360068,0,1,11,11,11,11,11,11,11,11,11,11
2005,360068,1,1,0,0,0,0,0,0,0,0,0,0
2005,360069,1,1,5,5,5,5,5,5,5,5,5,5
2005,360070,0,1,27,27,27,27,27,27,27,27,27,27
2005,360070,1,1,0,14,0,28,0,24,2,0,39,0
2005,360071,0,1,0,0,0,0,0,0,0,0,0,0
2005,360071,1,1,16,14,7,0,17,6,20,14,11,17
2005,360072,1,1,0,0,9,0,0,0,0,10,0,0
2005,360072,2,1,0,11,0,0,0,0,0,0,0,0
2005,360073,1,1,0,0,0,0,0,6,0,9,12,0
2005,360074,1,1,4,9,5,27,8,0,13,14,11,19
2005,360075,1,1,0,0,0,0,13,0,0,0,0,0
2005,360075,2,1,0,0,0,0,0,0,0,0,0,0
2005,360076,1,1,12,24,17,16,10,29,13,0,20,26
2005,360077,1,1,0,0,0,0,0,0,0,0,0,0
2005,360078,1,1,0,0,0,0,0,0,0,0,0,0
2005,360079,1,1,26,26,26,26,26,26,26,26,26,26
2005,360080,1,1,0,0,0,0,0,0,0,0,0,0
2005,360080,2,1,7,0,0,13,0,0,0,0,0,0
2005,360081,1,1,10,0,0,0,13,0,0,0,0,0
2005,360082,1,1,16,16,16,16,16,16,16,16,16,16
2005,360083,1,1,0,0,0,0,0,0,0,0,0,0
2005,360084,1,1,0,0,0,0,0,0,0,0,0,0
2005,360084,2,1,0,0,0,0,0,0,0,0,0,19
2005,360085,0,1,0,0,0,0,0,0,0,0,0,0
2005,360085,1,1,0,0,0,0,0,0,0,0,0,0
2005,360086,1,1,0,0,0,0,0,0,0,0,0,0
2005,360086,3,1,0,0,0,0,0,0,0,0,0,0
2005,360087,1,1,0,21,0,0,0,0,0,0,0,0
2005,360087,2,1,0,3,0,7,0,0,14,0,14,0
2005,360088,0,1,25,11,0,0,0,19,19,27,27,18
2005,360088,1,1,0,0,0,0,0,5,22,0,9,0
2005,360089,0,1,0,0,0,0,0,0,0,0,0,0
2005,360089,1,1,0,17,0,0,0,0,0,0,0,0
2005,360090,1,1,0,0,0,0,0,0,0,0,0,0
2005,360091,1,1,0,0,0,0,0,0,0,0,0,14
2005,360092,1,1,0,0,0,0,0,0,0,0,0,0
2005,360092,2,1,0,0,0,0,0,0,0,0,0,0
2005,360093,1,1,0,0,0,0,0,0,0,11,0,0
2005,360093,2,1,0,0,9,0,0,0,0,0,0,0
2005,360094,1,1,8,8,8,8,8,8,8,8,8,8
2005,360095,1,1,0,0,0,0,0,0,0,0,0,0
2005,360095,2,1,0,0,0,0,0,0,0,0,0,0
2005,360096,1,1,0,0,0,0,0,0,0,0,0,0
2005,360097,1,1,10,10,10,10,10,10,10,10,10,10
2005,360098,1,1,0,0,0,0,0,0,0,0,0,0
2005,360099,1,1,0,0,17,0,0,0,0,0,0,0
2005,360099,2,1,0,0,0,0,0,0,0,0,0,0
2005,360100,1,1,0,0,0,0,0,0,0,0,0,0
2005,360100,2,1,0,0,0,0,0,0,0,0,0,0
2005,360101,0,1,25,25,25,25,25,25,25,25,25,25
2005,360101,1,1,6,0,0,0,10,0,0,0,0,0
2005,360102,1,1,0,0,0,0,0,0,0,0,0,0
2005,360102,2,1,0,0,0,0,0,0,0,0,0,0
2005,360103,1,1,0,0,0,0,0,0,0,0,0,0
2005,360103,2,1,0,0,0,0,0,0,0,0,0,0
2005,360104,0,1,0,0,0,0,0,0,0,0,0,0
2005,360104,1,1,0,0,0,6,0,0,0,0,0,0
2005,360105,0,1,0,0,0,0,0,0,0,0,0,0
2005,360105,1,1,0,21,0,0,14,31,0,7,0,0
2005,360106,1,1,0,0,0,0,0,0,0,0,0,0
2005,360107,1,1,0,0,0,0,0,0,0,0,0,0
2005,360107,2,1,0,0,0,0,0,0,0,0,0,0
2005,360108,1,1,0,0,0,0,0,0,7,0,0,0
2005,360108,2,1,0,0,0,0,0,0,0,0,0,0
2005,360108,3,1,0,0,0,0,0,0,0,0,0,0
2005,360109,1,1,13,13,13,13,13,13,13,13,13,13
2005,360110,1,1,0,0,0,0,0,0,0,0,0,0
2005,360111,1,1,3,3,3,3,3,3,3,3,3,3
2005,360112,0,1,0,0,0,0,0,0,0,0,0,0
2005,360112,1,1,0,0,0,0,0,0,0,0,0,0
2005,360113,1,1,0,0,0,0,18,8,18,0,0,0
2005,360113,2,1,0,0,0,0,0,0,0,0,0,0
2005,360114,1,1,0,0,0,0,0,0,0,0,0,0
2005,360114,2,1,0,0,0,0,0,0,0,0,0,0
2005,360115,1,1,0,0,0,0,0,0,0,0,0,0
2005,360115,2,1,0,0,0,0,0,0,0,0,0,0
2005,360115,3,1,0,0,19,7,0,0,0,4,0,17
2005,360116,1,1,0,12,0,0,0,0,10,0,0,0
2005,360117,1,1,9,12,0,0,0,0,0,0,0,0
2005,360117,2,1,0,0,0,0,0,0,0,0,0,0
2005,360118,1,1,0,0,0,0,0,0,0,0,0,0
2005,360118,2,1,0,0,0,0,0,0,0,0,0,0
2005,360119,1,1,23,23,23,23,23,23,23,23,23,23
2005,360120,1,1,0,0,0,0,0,0,0,0,0,0
2005,360120,2,1,0,0,0,0,0,0,0,0,0,0
2005,360121,1,1,0,0,0,0,0,0,0,0,0,0
2005,360121,2,1,0,0,0,0,0,0,0,0,0,0
2005,360122,1,1,0,0,0,0,0,0,0,0,0,0
2005,360122,2,1,0,0,0,0,12,0,0,0,0,0
2005,360123,1,1,0,0,0,0,0,0,0,0,2,0
2005,360123,2,1,0,0,0,0,0,0,0,0,0,0
2005,360124,0,1,0,0,0,0,0,0,0,0,0,0
2005,360124,1,1,0,0,0,0,0,0,0,0,0,0
2005,360125,1,1,0,0,0,0,0,0,0,0,0,0
2005,360125,2,1,0,0,0,0,0,0,0,0,0,0
2005,360126,0,1,0,0,0,0,0,0,0,0,0,0
2005,360126,1,1,0,0,0,0,0,6,0,0,0,0
2005,360127,1,1,0,0,0,0,0,0,0,0,0,0
2005,360127,2,1,0,0,0,0,0,0,0,0,0,0
2005,360128,1,1,0,0,0,0,0,0,0,0,0,0
2005,360128,2,1,21,13,0,0,0,0,0,0,0,0
2005,360129,0,1,0,0,0,0,0,0,0,0,0,0
2005,360130,1,1,0,0,0,0,0,0,0,0,0,0
2005,360131,1,1,8,8,8,8,8,8,8,8,8,8
2005,360132,3,1,0,6,20,24,9,3,0,0,17,13
2005,360133,0,1,0,0,0,27,0,0,16,0,0,0
2005,360133,1,1,0,0,0,0,0,0,0,0,0,0
2005,360134,0,1,9,9,9,9,9,9,9,9,9,9
2005,360134,1,1,0,0,0,0,0,0,0,0,0,13
2005,360135,1,1,13,13,13,13,13,13,13,13,13,13
2005,360136,1,1,0,9,0,14,33,0,22,0,0,9
2005,360136,2,1,7,17,0,18,34,22,26,11,13,7
2005,360137,1,1,0,0,0,0,0,0,0,0,0,0
2005,360137,2,1,18,11,14,6,21,21,10,26,5,16
2005,360138,1,1,15,27,13,19,15,44,6,20,0,16
2005,360139,0,1,0,0,0,0,0,0,0,0,0,0
2005,360139,1,1,0,0,0,0,0,0,0,0,0,0
2005,360140,1,1,22,22,22,22,22,22,22,22,22,22
2005,360141,0,1,0,0,0,0,0,0,0,0,0,0
2005,360141,1,1,28,0,15,10,13,0,20,0,0,0
2005,360142,1,1,0,0,0,0,0,0,0,0,0,0
2005,360142,2,1,0,0,0,0,0,0,0,0,0,0
2005,360143,1,1,17,17,17,17,17,17,17,17,17,17
2005,360144,0,1,0,0,0,0,0,0,0,0,0,0
2005,360144,1,1,0,0,0,0,0,0,0,0,0,0
2005,360145,1,1,0,0,0,0,0,0,0,0,0,0
2005,360146,0,1,0,0,0,0,0,0,0,0,0,0
2005,360146,1,1,0,0,8,0,0,23,0,0,0,0
2005,360147,1,1,22,20,8,11,15,16,21,11,21,28
2005,360148,0,1,0,0,0,0,0,0,0,0,0,0
2005,360148,1,1,13,16,0,0,0,0,13,0,0,0
2005,360149,0,1,0,0,0,0,0,0,0,0,0,0
2005,360149,1,1,0,0,0,0,0,0,0,0,0,0
2005,360150,1,1,0,0,0,0,0,0,0,0,0,0
2005,360150,2,1,0,0,0,0,0,0,0,0,0,0
2005,360150,3,1,0,0,0,0,0,0,0,0,0,0
2005,360151,0,1,0,0,0,0,0,0,0,0,0,0
2005,360151,1,1,0,0,0,0,46,26,7,0,0,0
2005,360152,1,1,0,0,0,0,0,0,0,0,0,0
2005,360152,2,1,0,0,0,0,0,0,0,0,0,0
2005,360153,1,1,0,0,0,21,0,0,0,0,0,0
2005,360153,2,1,0,0,0,0,0,0,0,0,0,0
2005,360154,1,1,0,0,0,0,0,0,0,0,0,0
2005,360154,2,1,20,0,0,0,0,0,0,0,0,0
2005,360155,1,1,22,22,22,22,22,22,22,22,22,22
2005,360155,2,1,0,0,0,0,0,0,0,0,0,0
2005,360156,0,1,12,0,0,0,0,0,0,0,0,0
2005,360156,1,1,0,0,0,0,0,0,0,0,0,0
2005,360157,1,1,17,31,20,9,0,39,28,15,0,15
2005,360158,1,1,0,0,0,0,0,0,0,0,0,0
2005,360158,2,1,0,0,0,0,0,0,0,0,0,0
2005,360159,1,1,24,0,20,19,29,16,13,23,22,17
2005,360160,1,1,0,0,0,0,0,0,0,0,0,0
2005,360160,2,1,0,0,0,0,0,0,0,0,0,0
2005,360161,1,1,0,10,0,0,0,15,0,0,0,0
2005,360161,2,1,15,0,0,0,0,8,0,0,15,17
2005,360162,1,1,0,0,0,0,0,0,0,0,0,0
2005,360162,2,1,0,0,0,0,0,0,0,0,0,0
2005,360162,3,1,0,0,0,0,27,13,8,0,0,0
2005,360162,4,1,0,10,0,10,0,7,27,0,0,0
2005,360163,1,1,0,0,0,0,0,0,0,0,0,0
2005,360163,2,1,13,0,12,10,24,7,16,16,7,5
2005,360164,0,1,0,0,0,0,0,0,14,0,0,0
2005,360164,1,1,0,0,0,0,0,0,0,0,0,0
2005,360165,1,1,11,0,0,0,0,0,0,0,0,0
2005,360165,2,1,0,0,0,0,0,0,0,0,0,0
2005,360166,1,1,17,17,17,17,17,17,17,17,17,17
2005,360166,2,1,0,0,0,0,0,0,0,5,0,0
2005,360167,1,1,0,0,0,0,0,0,0,0,0,0
2005,360167,2,1,0,0,0,0,0,0,0,0,0,0
2005,360168,1,1,20,20,20,20,20,20,20,20,20,20
2005,360168,2,1,0,0,0,4,0,0,0,0,0,0
2005,360169,1,1,31,23,20,18,2,17,21,19,13,22
2005,360170,1,1,14,14,14,14,14,14,14,14,14,14
2005,360171,1,1,30,30,30,30,30,30,30,30,30,30
2005,360171,3,1,0,0,0,0,0,0,0,0,0,0
2005,360172,1,1,0,10,0,0,0,0,0,0,0,0
2005,360172,2,1,14,0,0,0,0,0,0,0,0,0
2005,360173,1,1,0,0,0,0,0,0,0,0,0,0
2005,360174,1,1,19,19,19,19,19,19,19,19,19,19
2005,360175,1,1,0,0,0,0,0,0,0,0,0,0
2005,360175,2,1,0,0,0,0,0,0,0,0,0,0
2005,360176,1,1,0,0,0,0,0,11,0,0,0,0
2005,360176,2,1,0,0,0,0,0,0,0,0,0,0
2005,360177,1,1,0,0,0,0,0,0,0,0,0,0
2005,360177,2,1,0,14,0,0,0,0,0,0,24,0
2005,360178,1,1,0,0,0,0,0,0,0,0,0,0
2005,360179,1,1,0,0,17,0,0,0,0,0,0,0
2005,360179,2,1,0,0,0,0,0,0,0,0,0,0
2005,360180,1,1,14,0,0,0,0,0,0,0,0,0
2005,360180,2,1,0,0,0,0,0,0,0,0,0,0
2005,360181,0,1,0,0,0,0,0,0,0,0,0,0
2005,360181,0,2,0,0,38,8,0,0,0,0,23,0
2005,360181,1,1,0,0,0,14,0,0,17,23,23,0
2005,360182,1,1,0,0,0,0,0,0,0,0,0,0
2005,360182,2,1,6,13,20,0,10,18,0,10,0,0
2005,360183,1,1,0,0,0,11,0,0,0,0,0,0
2005,360183,2,1,0,0,0,0,0,0,0,0,0,0
2005,360184,1,1,0,0,0,0,0,0,0,0,0,0
2005,360184,2,1,0,0,0,0,0,0,0,0,0,0
2005,360185,0,1,0,0,0,0,0,0,0,0,0,0
2005,360185,1,1,0,7,0,0,5,0,22,0,0,0
2005,360186,1,1,0,0,0,0,0,0,0,0,0,0
2005,360186,2,1,0,0,0,0,0,0,0,0,0,0
2005,360187,0,1,0,0,0,0,0,0,0,0,0,0
2005,360187,1,1,0,0,0,0,0,0,0,0,0,0
2005,360188,1,1,22,22,22,22,22,22,22,22,22,22
2005,360189,1,1,0,0,0,0,0,0,0,0,0,0
2005,360190,1,1,0,17,0,0,0,0,0,0,0,0
2005,360190,2,1,0,0,0,0,0,0,0,0,0,0
2005,360191,1,1,0,0,0,0,0,0,0,0,0,0
2005,360191,2,1,0,0,0,0,0,0,0,0,0,0
2005,360191,3,1,0,0,0,0,0,0,0,0,0,0
2005,360192,1,1,31,31,31,31,31,31,31,31,31,31
2005,360193,1,1,0,0,0,0,0,11,0,0,23,0
2005,360193,2,1,0,0,0,0,0,0,0,26,0,0
2005,360194,0,1,0,0,0,0,0,0,0,0,0,0
2005,360194,1,1,0,0,0,0,0,0,0,0,0,0
2005,360195,1,1,0,0,0,0,0,0,0,0,0,0
2005,360195,2,1,0,0,0,0,0,0,0,0,0,0
2005,360196,1,1,0,0,0,0,0,0,0,0,0,0
2005,360196,2,1,0,0,0,0,0,0,0,0,0,11
2005,360196,3,1,0,0,0,0,0,0,0,0,0,0
2005,360197,1,1,5,5,5,5,5,5,5,5,5,5
2005,360198,1,1,0,0,0,0,0,0,0,0,0,0
2005,360198,2,1,0,0,0,0,0,0,0,0,0,0
2005,360199,1,1,22,22,22,22,22,22,22,22,22,22
2005,360200,1,1,12,12,12,12,12,12,12,12,12,12
2005,360201,1,1,0,0,0,0,0,0,0,0,0,0
2005,360201,2,1,6,8,14,11,8,10,19,12,13,14
2005,360202,0,1,21,21,21,21,21,21,21,21,21,21
2005,360202,1,1,24,37,12,31,14,8,30,19,16,17
2005,360203,0,1,0,0,0,0,0,0,0,0,0,0
2005,360203,1,1,0,0,0,0,0,0,0,0,0,0
2005,360204,1,1,9,28,0,28,26,7,12,18,12,27
2005,360205,1,1,13,13,13,13,13,13,13,13,13,13
2005,360206,1,1,0,0,0,0,0,0,0,0,0,0
2005,360206,2,1,0,0,0,0,0,0,0,0,0,0
2005,360206,3,1,0,0,0,0,0,0,0,0,0,0
2005,360207,1,1,26,13,0,0,12,24,0,19,12,0
2005,360208,1,1,0,0,0,0,0,0,0,0,0,0
2005,360208,2,1,0,0,0,0,0,0,0,0,0,0
2005,360209,1,1,2,2,2,2,2,2,2,2,2,2
2005,360209,2,1,0,0,0,0,15,0,0,0,4,13
2005,360210,1,1,0,0,0,0,0,0,0,0,0,0
2005,360210,2,1,0,0,0,0,0,0,0,0,0,0
2005,360211,1,1,0,0,22,0,0,0,12,21,0,0
2005,360211,2,1,0,0,0,0,0,0,0,0,0,0
2005,360212,1,1,5,5,5,5,5,5,5,5,5,5
2005,360213,1,1,20,10,22,13,0,0,6,18,0,9
2005,360214,1,1,0,0,0,0,0,0,0,0,0,0
2005,360214,2,1,0,0,0,0,0,0,0,0,0,0
2005,360215,1,1,55,55,55,55,55,55,55,55,55,55
2005,360216,1,1,28,0,14,12,25,10,15,0,14,0
2005,360217,1,1,17,16,0,14,14,41,17,10,22,22
2005,360218,0,1,19,19,19,19,19,19,19,19,19,19
2005,360218,1,1,0,38,0,28,0,0,16,0,0,18
2005,360219,1,1,25,23,6,12,0,27,0,16,0,11
2005,360219,2,1,0,0,0,0,0,0,4,7,0,0
2005,360220,1,1,0,0,9,0,0,19,0,0,7,9
2005,360220,2,1,11,0,0,0,8,0,0,0,0,0
2005,360221,1,1,13,13,13,13,13,13,13,13,13,13
2005,360222,1,1,43,0,0,5,7,0,17,0,0,0
2005,360223,1,1,32,32,32,32,32,32,32,32,32,32
2005,360224,1,1,0,0,0,0,14,0,14,0,0,0
2005,360224,2,1,0,0,0,0,0,0,0,0,0,0
2005,360225,1,1,0,0,0,0,0,0,0,0,0,0
2005,360225,2,1,0,0,0,0,0,0,0,21,0,0
2005,360225,3,1,0,0,0,0,0,0,0,0,0,0
2005,360226,1,1,0,0,0,0,0,0,0,0,0,0
2005,360226,2,1,0,0,0,0,0,0,0,0,2,0
2005,360227,1,1,0,4,11,0,0,0,26,0,21,14
2005,360228,1,1,0,0,0,0,0,0,0,0,0,0
2005,360229,0,1,0,0,0,0,0,0,0,0,0,0
2005,360229,1,1,0,24,0,7,0,0,0,28,0,21
2005,360230,1,1,0,0,0,0,0,0,0,0,0,0
2005,360231,1,1,20,20,20,20,20,20,20,20,20,20
2005,360232,1,1,0,12,0,0,15,0,0,0,19,10
2005,360233,0,1,0,0,0,0,0,0,0,0,0,0
2005,360233,1,1,0,0,0,0,0,0,0,0,0,0
2005,360234,0,1,0,0,0,0,0,0,0,0,0,0
2005,360234,1,1,0,0,0,0,0,0,0,0,0,0
2005,360235,1,1,0,0,0,0,0,0,0,0,0,0
2005,360236,0,1,0,0,0,0,0,0,0,0,0,0
2005,360236,1,1,0,0,0,0,0,0,0,0,0,0
2005,360237,0,1,0,0,0,0,0,0,0,0,0,0
2005,360237,1,1,20,9,26,0,0,10,0,19,0,24
2005,360238,1,1,31,31,31,31,31,31,31,31,31,31
2005,360239,1,1,0,0,0,0,0,0,0,0,0,0
2005,360240,0,1,0,0,0,0,0,0,0,0,0,0
2005,360240,1,1,0,0,0,0,0,0,0,0,0,0
2005,360241,0,1,0,0,0,0,0,0,0,0,0,0
2005,360241,1,1,0,0,0,0,6,0,0,0,9,0
2005,360242,0,1,2,2,2,2,2,2,2,2,2,2
2005,360242,1,1,0,0,0,0,0,0,0,7,0,0
2005,360243,1,1,0,0,0,0,0,7,0,0,0,0
2005,360244,1,1,0,0,0,0,7,12,6,0,0,0
2005,360245,1,1,0,0,0,0,0,0,0,0,0,0
2005,360246,1,1,0,12,0,10,0,0,0,0,14,0
2005,360246,2,1,0,0,0,0,0,0,0,0,0,0
2005,360247,1,1,0,0,0,0,0,0,0,0,0,10
2005,360247,2,1,0,0,0,0,0,0,0,0,0,0
2005,360248,1,1,0,0,0,0,12,0,0,0,0,0
2005,360248,2,1,0,0,0,0,0,0,0,0,0,0
2005,360248,3,1,0,0,0,0,0,0,0,0,0,0
2005,360249,0,1,0,0,0,0,0,0,0,0,0,0
2005,360249,1,1,0,0,0,0,0,0,0,0,0,0
2005,360250,1,1,0,0,0,0,0,0,0,0,0,0
2005,360250,2,1,0,0,0,0,0,0,0,0,0,0
2005,360250,3,1,0,0,0,0,0,0,0,0,0,0
2005,360251,1,1,19,19,19,19,19,19,19,19,19,19
2005,360252,1,1,0,14,9,19,15,15,7,22,20,4
2005,360253,0,1,0,0,0,0,0,18,0,17,0,0
2005,360253,1,1,0,0,13,0,0,26,0,0,15,0
2005,360254,1,1,0,0,0,0,0,0,0,0,0,0
2005,360256,1,1,23,23,23,23,23,23,23,23,23,23
2005,360257,0,1,0,0,0,0,0,0,0,0,0,0
2005,360257,1,1,0,0,0,0,0,0,0,0,0,19
2005,360258,0,1,0,0,0,0,0,0,0,0,0,0
2005,360258,1,1,0,0,0,0,0,0,0,0,0,0
2005,360259,1,1,27,27,27,27,27,27,27,27,27,27
2005,360260,1,1,0,0,0,0,0,0,0,0,0,0
2005,360261,1,1,0,0,0,0,0,0,0,0,0,0
2005,360262,1,1,0,0,0,0,0,0,0,0,0,0
2005,360262,2,1,10,10,10,10,10,10,10,10,10,10
2005,360263,0,1,0,0,0,0,0,0,0,0,0,0
2005,360263,1,1,0,0,0,0,0,0,0,0,0,0
2005,360264,1,1,11,0,0,0,0,0,0,0,0,0
2005,360265,1,1,0,0,0,0,0,0,0,0,0,0
2005,360266,1,1,0,0,0,0,0,0,0,0,0,0
2005,360266,2,1,0,0,0,0,0,0,0,0,0,0
2005,360267,0,1,0,0,0,0,0,0,0,0,0,0
2005,360267,1,1,0,0,0,0,0,0,0,0,0,0
2005,360268,1,1,0,0,0,0,0,0,0,0,0,0
2005,360269,0,1,0,0,0,0,0,0,0,0,0,0
2005,360269,1,1,0,0,0,0,0,0,0,0,0,12
2005,360270,1,1,0,0,0,0,0,0,0,0,0,0
2005,360271,1,1,0,0,0,0,0,10,0,0,0,14
2005,360272,1,1,25,10,16,11,5,26,13,19,13,8
2005,360272,2,1,1,1,1,1,1,1,1,1,1,1
2005,360273,1,1,0,0,0,0,0,2,0,0,0,7
2005,360273,2,1,0,0,0,0,0,0,0,0,0,0
2005,360274,1,1,1,1,1,1,1,1,1,1,1,1
2005,360274,2,1,0,0,0,0,0,0,0,13,0,0
2005,360275,1,1,20,20,20,20,20,20,20,20,20,20
2005,360275,2,1,0,16,8,7,9,0,0,0,0,0
2005,360276,0,1,0,0,0,0,0,0,0,0,0,0
2005,360276,1,1,0,0,0,0,0,0,0,0,0,0
2005,360277,1,1,6,6,6,6,6,6,6,6,6,6
2005,360277,2,1,0,0,10,9,7,5,0,0,4,0
2005,360278,0,1,1,1,1,1,1,1,1,1,1,1
2005,360278,1,1,32,20,35,14,13,0,0,20,22,0
2005,360279,1,1,0,0,0,0,0,0,0,15,16,0
2005,360279,2,1,0,0,0,0,0,0,0,0,0,0
2005,360280,1,1,25,29,19,37,13,26,28,23,32,6
2005,360281,1,1,0,0,0,0,0,0,0,0,0,0
2005,360282,1,1,0,0,0,0,0,0,0,0,0,0
2005,360282,2,1,0,0,0,0,0,0,0,0,0,0
2005,360283,1,1,15,15,15,15,15,15,15,15,15,15
2005,360284,0,1,0,0,0,0,0,0,0,0,0,0
2005,360284,1,1,0,0,0,0,0,0,0,0,0,0
2005,360285,1,1,20,20,20,20,20,20,20,20,20,20
2005,360286,1,1,0,0,0,0,0,0,21,11,0,12
2005,360286,2,1,0,0,0,0,0,0,0,0,0,0
2005,360287,1,1,0,0,0,0,0,0,0,0,0,0
2005,360288,1,1,0,0,0,0,0,0,0,0,0,0
2005,360288,2,1,0,0,0,0,0,0,0,14,0,0
2005,360288,3,1,0,0,0,0,0,0,0,0,0,0
2005,360289,1,1,16,16,16,16,16,16,16,16,16,16
2005,360290,1,1,2,2,2,2,2,2,2,2,2,2
2005,360291,1,1,5,5,5,5,5,5,5,5,5,5
2005,360291,2,1,0,0,0,0,0,0,0,0,0,0
2005,360291,3,1,0,0,0,0,0,0,0,0,0,0
2005,360291,4,1,16,0,0,0,0,0,0,0,0,0
2005,360292,1,1,0,0,0,0,0,0,0,0,0,0
2005,360293,1,1,19,19,19,19,19,19,19,19,19,19
2005,360294,1,1,0,0,0,0,0,0,0,0,0,0
2005,360294,2,1,0,0,0,0,0,0,0,0,0,0
2005,360295,1,1,0,0,0,0,0,0,0,0,0,0
2005,360295,2,1,0,0,0,0,0,0,0,0,0,0
2005,360295,3,1,0,0,0,0,0,0,9,0,0,0
2005,360296,1,1,35,0,9,0,0,24,28,22,16,7
2005,360297,0,1,0,0,0,0,0,0,0,0,0,0
2005,360297,1,1,0,0,13,0,0,0,10,8,0,9
2005,360298,1,1,8,8,8,8,8,8,8,8,8,8
2005,360299,1,1,0,0,0,0,0,0,0,0,0,0
2005,360299,2,1,0,0,0,0,0,0,0,0,0,0
2005,360300,0,1,0,0,0,0,0,0,0,0,0,0
2005,360300,1,1,0,0,21,0,19,0,0,0,0,0
2005,360301,1,1,0,0,0,0,0,0,0,0,0,0
2005,360302,1,1,35,35,35,35,35,35,35,35,35,35
2005,360303,1,1,6,6,6,6,6,6,6,6,6,6
2005,360304,1,1,0,0,0,0,0,0,0,0,0,0
2005,360305,1,1,8,12,22,0,25,0,0,22,9,10
2005,360306,1,1,22,34,15,16,3,15,9,25,20,19
2005,360307,1,1,21,21,21,21,21,21,21,21,21,21
2005,360308,1,1,0,0,0,0,0,0,0,0,0,0
2005,360309,1,1,0,0,0,0,0,0,0,0,0,0