YEAR,ST_CASE,veh_no,per_no,P1,P2,P3,P4,P5,P6,P7,P8,P9,P10
2005,360598,1,1,0,0,0,0,0,30,7,19,0,20
2005,360599,0,1,0,0,0,0,0,0,0,0,0,0
2005,360599,1,1,9,0,0,16,0,0,0,0,0,17
2005,360600,0,1,0,0,0,0,0,0,0,0,0,0
2005,360600,0,2,0,0,22,0,0,3,20,0,15,19
2005,360600,1,1,0,0,0,0,0,0,0,0,0,0
2005,360601,1,1,19,0,13,6,21,15,13,14,23,5
2005,360601,2,1,0,0,0,0,17,0,0,0,0,0
2005,360602,0,1,19,19,19,19,19,19,19,19,19,19
2005,360602,1,1,0,0,0,0,21,0,0,0,0,0
2005,360603,1,1,0,0,0,0,0,0,0,0,0,0
2005,360603,2,1,1,1,1,1,1,1,1,1,1,1
2005,360603,3,1,0,0,0,0,0,0,0,0,0,0
2005,360604,1,1,0,0,0,0,0,0,0,0,0,0
2005,360605,1,1,0,0,0,0,0,0,0,0,0,0
2005,360605,2,1,0,0,0,0,0,0,0,18,0,0
2005,360606,1,1,0,0,0,0,0,10,11,0,0,0
2005,360606,2,1,0,13,0,0,0,0,0,0,0,0
2005,360607,1,1,0,0,0,0,0,0,0,0,0,0
2005,360607,2,1,0,0,0,0,0,0,0,0,0,0
2005,360608,0,1,12,24,15,20,25,15,44,27,10,0
2005,360608,1,1,0,0,0,0,0,0,0,0,22,0
2005,360609,1,1,0,0,0,0,0,0,0,0,0,0
2005,360609,2,1,0,0,0,0,0,0,0,0,0,0
2005,360610,0,1,0,0,0,0,0,0,0,0,0,0
2005,360610,1,1,0,0,0,0,0,0,0,0,0,0
2005,360611,1,1,13,13,13,13,13,13,13,13,13,13
2005,360612,1,1,0,0,0,0,0,0,0,0,0,0
2005,360613,1,1,0,18,0,0,9,0,0,0,0,0
2005,360613,2,1,0,0,0,0,0,0,0,12,0,0
2005,360614,1,1,8,0,12,0,13,12,4,17,14,13
2005,360615,0,1,0,0,0,0,0,0,3,0,0,0
2005,360615,1,1,0,0,0,0,0,0,0,0,0,0
2005,360616,1,1,4,4,4,4,4,4,4,4,4,4
2005,360617,1,1,0,0,0,0,0,0,0,0,0,0
2005,360618,1,1,0,0,0,0,0,0,0,0,0,0
2005,360619,1,1,0,0,0,0,0,0,0,0,0,0
2005,360620,1,1,28,28,28,28,28,28,28,28,28,28
2005,360621,0,1,0,0,0,0,0,0,0,0,0,0
2005,360621,1,1,0,0,0,0,0,0,0,0,0,0
2005,360622,1,1,1,1,1,1,1,1,1,1,1,1
2005,360622,2,1,0,0,0,0,0,0,0,0,0,0
2005,360623,1,1,0,0,0,0,0,0,0,0,0,0
2005,360624,1,1,17,17,17,17,17,17,17,17,17,17
2005,360625,1,1,0,0,0,0,0,0,0,0,0,0
2005,360625,2,1,0,0,0,0,0,0,0,11,0,0
2005,360626,1,1,25,0,10,0,0,12,0,0,0,0
2005,360626,2,1,0,0,0,0,0,0,0,0,0,0
2005,360627,1,1,12,21,0,0,0,0,0,0,16,0
2005,360628,0,1,0,10,0,0,0,0,0,0,0,0
2005,360628,1,1,17,20,12,19,0,27,18,16,11,33
2005,360629,1,1,0,0,0,0,0,0,0,0,0,0
2005,360630,2,1,25,25,25,25,25,25,25,25,25,25
2005,360631,1,1,21,25,24,28,22,0,29,10,12,19
2005,360632,1,1,0,0,0,0,0,0,0,0,0,0
2005,360632,2,1,0,0,13,0,0,0,0,11,0,0
2005,360633,1,1,0,0,0,0,0,0,0,0,0,0
2005,360634,1,1,0,0,0,0,0,0,0,0,0,0
2005,360635,1,1,0,0,0,0,0,0,0,0,0,0
2005,360635,2,1,0,0,0,0,0,0,0,0,0,0
2005,360635,3,1,0,0,0,0,0,0,0,0,0,0
2005,360636,1,1,0,0,0,0,0,0,0,0,0,0
2005,360636,2,1,0,0,0,0,0,0,0,0,0,0
2005,360637,1,1,17,0,0,0,0,0,7,0,0,0
2005,360637,2,1,0,0,0,0,0,0,0,0,0,0
2005,360638,1,1,0,0,0,0,0,0,0,0,0,0
2005,360638,2,1,0,0,0,0,0,0,0,0,0,0
2005,360639,0,1,0,0,0,0,0,0,0,0,0,0
2005,360639,0,2,0,0,0,0,0,0,0,0,0,0
2005,360639,1,1,0,0,8,0,0,0,0,0,0,0
2005,360640,0,1,19,16,0,0,0,0,0,0,27,0
2005,360640,1,1,0,0,20,0,0,13,9,12,0,22
2005,360641,1,1,19,0,0,0,0,0,0,0,0,0
2005,360641,2,1,0,0,0,16,25,0,28,0,0,0
2005,360642,1,1,0,0,0,0,0,0,0,0,0,9
2005,360643,0,1,8,14,0,0,0,0,0,0,16,20
2005,360643,1,1,0,0,0,0,0,0,0,0,0,0
2005,360644,1,1,0,0,0,0,0,0,0,0,0,10
2005,360644,2,1,0,0,46,0,0,0,0,6,0,0
2005,360645,1,1,6,6,6,6,6,6,6,6,6,6
2005,360646,1,1,0,0,0,0,0,0,0,0,0,0
2005,360647,1,1,0,0,0,0,0,0,0,0,0,0
2005,360647,2,1,0,0,11,0,0,0,0,0,0,0
2005,360648,1,1,0,0,0,0,0,0,0,0,0,0
2005,360648,2,1,0,0,0,0,0,0,0,0,0,0
2005,360649,0,1,0,0,14,0,0,0,0,0,0,0
2005,360649,1,1,0,0,0,0,0,0,0,0,0,0
2005,360650,1,1,0,0,0,0,0,0,0,0,0,0
2005,360650,2,1,0,0,0,0,13,0,0,0,0,0
2005,360651,1,1,0,0,8,0,0,0,0,0,0,0
2005,360651,2,1,0,0,0,0,0,0,0,0,0,0
2005,360652,1,1,0,0,0,0,0,0,0,0,0,0
2005,360652,2,1,0,0,0,0,0,0,0,0,0,0
2005,360653,1,1,0,6,0,20,0,0,0,0,12,15
2005,360654,1,1,0,0,0,0,0,0,0,0,0,0
2005,360654,2,1,0,0,14,6,0,0,16,0,0,0
2005,360655,1,1,0,0,0,0,0,0,0,0,0,0
2005,360655,2,1,0,0,0,0,0,0,0,0,0,0
2005,360656,1,1,0,0,0,0,0,0,0,0,0,0
2005,360656,2,1,0,0,0,0,0,0,0,0,0,0
2005,360657,1,1,20,20,20,20,20,20,20,20,20,20
2005,360658,1,1,0,0,0,0,0,0,0,0,0,0
2005,360658,2,1,8,27,11,3,8,13,10,21,6,0
2005,360658,3,1,0,0,6,14,9,16,0,14,0,2
2005,360659,1,1,4,4,4,4,4,4,4,4,4,4
2005,360660,0,1,0,0,0,0,0,0,0,0,0,0
2005,360660,1,1,0,0,0,0,0,0,0,0,0,0
2005,360661,1,1,16,16,16,16,16,16,16,16,16,16
2005,360662,1,1,0,13,0,0,0,0,0,0,0,0
2005,360663,1,1,0,0,0,0,0,0,0,0,0,0
2005,360663,2,1,0,0,0,0,0,0,0,0,0,0
2005,360664,1,1,3,3,3,3,3,3,3,3,3,3
2005,360664,2,1,14,0,0,0,0,0,0,0,0,0
2005,360665,1,1,0,0,0,0,0,0,0,0,0,0
2005,360665,2,1,0,0,0,0,0,0,0,0,0,0
2005,360666,1,1,0,0,0,0,0,10,0,0,0,0
2005,360667,1,1,0,0,0,0,0,0,0,0,0,0
2005,360667,2,1,0,0,0,0,0,0,0,0,0,0
2005,360667,3,1,0,0,0,0,0,0,0,0,0,0
2005,360668,0,1,0,0,0,0,0,17,0,0,0,9
2005,360668,1,1,0,0,0,0,0,17,0,0,0,0
2005,360669,0,1,27,27,27,27,27,27,27,27,27,27
2005,360669,1,1,0,0,26,0,0,0,0,0,0,0
2005,360670,0,1,0,0,0,0,0,0,0,0,0,0
2005,360670,1,1,0,0,0,0,0,0,0,0,0,0
2005,360671,0,1,0,0,0,0,0,0,0,0,0,0
2005,360671,1,1,0,16,0,0,0,0,0,10,10,0
2005,360672,1,1,0,21,0,0,14,32,0,23,0,9
2005,360673,0,1,26,26,26,26,26,26,26,26,26,26
2005,360673,1,1,0,0,0,0,0,0,0,0,0,0
2005,360674,1,1,5,0,0,0,0,0,0,0,0,0
2005,360675,1,1,0,0,0,0,0,0,0,0,0,0
2005,360676,0,1,40,40,40,40,40,40,40,40,40,40
2005,360676,1,1,4,0,0,0,0,0,0,0,0,0
2005,360677,1,1,0,0,0,0,0,0,0,0,0,0
2005,360678,1,1,0,9,0,0,21,15,8,21,15,8
2005,360679,1,1,25,13,17,23,20,22,10,7,25,23
2005,360680,1,1,0,0,0,0,0,0,0,0,0,0
2005,360681,0,1,0,15,0,0,0,0,0,0,0,0
2005,360681,1,1,0,0,0,0,0,0,0,0,0,0
2005,360682,1,1,0,0,0,0,0,0,0,0,0,0
2005,360683,1,1,0,0,0,0,0,0,0,0,30,25
2005,360684,1,1,15,17,0,0,0,0,0,17,8,13
2005,360684,2,1,0,0,0,0,0,0,0,0,0,0
2005,360685,1,1,34,34,34,34,34,34,34,34,34,34
2005,360686,0,1,4,4,4,4,4,4,4,4,4,4
2005,360686,1,1,0,0,0,0,0,0,0,0,0,0
2005,360687,1,1,13,13,13,13,13,13,13,13,13,13
2005,360688,0,1,0,0,0,0,0,0,0,0,0,0
2005,360688,1,1,0,0,0,0,0,0,19,0,0,2
2005,360689,1,1,0,0,18,0,0,0,0,0,0,0
2005,360690,1,1,9,0,7,0,0,0,0,10,14,23
2005,360691,1,1,0,0,0,0,0,0,0,0,0,0
2005,360691,2,1,0,0,0,0,0,0,0,0,0,0
2005,360692,1,1,18,18,18,18,18,18,18,18,18,18
2005,360693,1,1,0,0,0,0,0,0,0,0,0,0
2005,360693,2,1,0,0,0,0,0,0,0,0,0,0
2005,360694,1,1,20,20,20,20,20,20,20,20,20,20
2005,360695,0,1,0,0,0,0,0,0,0,0,0,0
2005,360695,0,2,0,9,0,0,24,14,20,0,15,22
2005,360695,1,1,6,21,15,0,25,24,18,0,14,0
2005,360696,1,1,0,0,0,0,0,0,0,0,0,0
2005,360697,1,1,24,24,24,24,24,24,24,24,24,24
2005,360698,1,1,13,13,13,13,13,13,13,13,13,13
2005,360698,2,1,0,0,0,0,0,0,0,0,0,0
2005,360699,0,1,23,23,23,23,23,23,23,23,23,23
2005,360699,1,1,16,16,4,6,13,9,9,18,18,8
2005,360700,0,1,0,0,0,0,0,0,0,0,0,0
2005,360700,1,1,18,21,18,0,0,0,0,14,0,20
2005,360701,1,1,0,12,0,0,29,18,0,4,11,0
2005,360702,0,1,0,0,0,0,0,0,0,0,0,0
2005,360702,1,1,0,0,6,0,0,0,0,0,0,0
2005,360703,1,1,0,11,0,0,0,0,0,0,0,0
2005,360703,2,1,14,14,14,14,14,14,14,14,14,14
2005,360704,1,1,0,0,0,0,0,0,0,0,0,0
2005,360705,1,1,0,0,0,0,0,0,0,0,0,0
2005,360705,2,1,13,9,0,0,0,0,27,0,0,0
2005,360706,1,1,0,0,0,0,0,0,0,0,0,0
2005,360706,2,1,0,0,0,0,0,0,0,0,0,0
2005,360706,3,1,0,0,0,0,0,0,0,0,0,0
2005,360707,1,1,25,0,10,17,0,0,6,0,0,8
2005,360707,2,1,0,0,0,0,0,0,0,0,0,0
2005,360708,0,1,0,0,0,0,0,0,0,0,0,0
2005,360708,1,1,0,0,0,0,0,0,0,0,0,0
2005,360709,1,1,0,0,8,0,0,0,0,0,0,0
2005,360709,2,1,0,0,0,0,0,0,0,0,0,0
2005,360710,0,1,0,0,0,0,0,0,7,0,0,0
2005,360710,1,1,0,0,0,0,0,0,0,0,0,0
2005,360711,0,1,18,18,18,18,18,18,18,18,18,18
2005,360711,1,1,8,21,13,5,19,17,19,18,31,19
2005,360712,0,1,0,0,0,0,0,0,0,0,0,0
2005,360712,1,1,12,0,0,8,0,0,0,29,0,19
2005,360713,0,1,0,0,0,0,0,0,0,0,0,0
2005,360713,1,1,0,6,0,9,0,0,0,13,0,0
2005,360714,1,1,0,0,0,0,0,0,0,0,0,0
2005,360714,2,1,0,0,0,0,0,0,0,0,0,0
2005,360714,3,1,0,0,0,12,0,0,0,0,0,0
2005,360714,4,1,0,0,0,0,0,0,0,0,0,0
2005,360715,0,1,0,0,0,0,0,0,0,0,0,0
2005,360715,1,1,0,0,0,0,0,0,0,0,0,0
2005,360716,1,1,0,0,0,0,0,0,0,0,0,0
2005,360716,2,1,11,11,11,11,11,11,11,11,11,11
2005,360717,1,1,0,15,39,23,19,16,19,24,17,22
2005,360718,1,1,0,0,0,0,0,0,0,0,0,0
2005,360718,2,1,0,0,0,0,0,0,0,0,0,0
2005,360719,0,1,0,0,0,0,0,0,0,0,0,0
2005,360719,1,1,0,0,0,0,0,0,0,0,0,0
2005,360720,0,1,33,33,33,33,33,33,33,33,33,33
2005,360720,1,1,0,0,0,0,0,22,0,0,0,0
2005,360721,1,1,0,0,0,0,0,0,21,10,0,0
2005,360721,2,1,0,0,0,0,0,0,0,0,0,0
2005,360722,1,1,6,0,0,15,21,0,0,0,0,14
2005,360722,2,1,17,0,0,0,10,0,0,0,0,4
2005,360723,0,1,0,0,0,0,0,0,0,0,0,0
2005,360723,1,1,0,0,0,0,0,0,0,0,16,14
2005,360724,1,1,0,0,0,0,0,0,0,0,0,0
2005,360725,0,1,0,0,0,0,0,0,0,0,0,0
2005,360725,0,2,0,0,0,0,0,25,0,0,0,0
2005,360725,0,3,0,0,24,0,0,14,30,16,17,0
2005,360725,1,1,3,0,0,50,1,3,46,19,3,3
2005,360725,2,1,0,0,0,5,0,0,0,0,0,0
2005,360725,3,1,13,0,0,10,0,0,0,0,0,0
2005,360725,4,1,0,0,0,0,0,0,0,0,0,0
2005,360725,5,1,0,0,0,0,0,9,0,0,0,14
2005,360726,1,1,0,0,0,0,0,0,0,0,0,0
2005,360726,2,1,0,0,0,0,0,0,0,0,0,0
2005,360727,0,1,0,0,0,22,0,0,0,0,5,0
2005,360727,1,1,0,0,0,0,0,0,0,0,0,11
2005,360728,1,1,13,13,13,13,13,13,13,13,13,13
2005,360729,1,1,9,0,0,0,0,13,0,0,0,13
2005,360729,2,1,0,9,0,0,0,0,0,0,0,0
2005,360730,1,1,0,0,0,0,0,0,0,0,0,22
2005,360731,1,1,0,0,0,0,0,0,0,0,0,0
2005,360731,2,1,0,0,0,0,0,0,0,0,7,0
2005,360732,0,1,0,0,0,0,0,0,0,0,0,0
2005,360732,1,1,0,13,9,8,14,0,0,0,17,0
2005,360733,1,1,0,0,0,0,7,0,0,14,0,0
2005,360734,1,1,0,0,0,0,0,0,0,0,0,0
2005,360735,1,1,0,0,0,0,0,0,0,0,0,0
2005,360736,1,1,0,0,0,0,0,0,0,0,0,0
2005,360736,2,1,0,0,0,0,0,0,0,0,0,2
2005,360737,0,1,0,0,0,0,0,0,0,0,0,0
2005,360737,1,1,0,0,0,0,16,0,27,18,0,18
2005,360738,1,1,0,0,0,14,0,0,0,0,0,5
2005,360739,0,1,0,0,0,0,0,0,0,0,0,0
2005,360739,1,1,14,9,0,0,30,14,0,0,31,0
2005,360740,1,1,0,0,0,0,0,0,0,0,0,0
2005,360741,1,1,0,0,0,23,0,0,0,9,0,0
2005,360742,0,1,0,0,0,0,0,0,0,0,0,0
2005,360742,1,1,0,0,0,0,12,0,0,17,0,0
2005,360743,0,1,5,0,0,15,13,27,12,22,0,26
2005,360743,0,2,6,6,6,6,6,6,6,6,6,6
2005,360743,2,1,0,0,0,0,11,0,0,26,10,0
2005,360744,1,1,0,0,0,0,0,0,0,0,0,0
2005,360744,2,1,0,0,0,0,0,0,0,0,0,0
2005,360745,1,1,0,0,0,0,0,0,0,0,0,0
2005,360745,2,1,7,0,0,0,0,0,0,0,0,0
2005,360746,0,1,0,0,0,0,2,0,0,0,0,9
2005,360746,1,1,0,0,0,0,0,0,0,0,0,0
2005,360747,1,1,0,0,38,0,0,0,0,23,22,0
2005,360748,1,1,0,10,0,19,20,0,19,7,17,12
2005,360749,1,1,15,12,22,4,11,3,20,14,6,11
2005,360750,1,1,0,0,0,0,0,0,0,0,0,0
2005,360751,1,1,11,11,11,11,11,11,11,11,11,11
2005,360752,1,1,0,0,0,0,0,0,0,0,0,0
2005,360752,2,1,0,0,0,0,0,12,0,0,0,0
2005,360753,1,1,19,23,0,12,0,22,28,0,22,19
2005,360754,1,1,0,6,18,27,35,0,17,0,17,0
2005,360755,1,1,38,38,38,38,38,38,38,38,38,38
2005,360756,1,1,0,17,0,0,0,0,0,0,0,0
2005,360756,2,1,1,1,1,1,1,1,1,1,1,1
2005,360757,1,1,0,0,0,0,0,0,0,0,0,0
2005,360758,1,1,0,0,0,0,0,0,0,0,0,0
2005,360758,2,1,0,0,0,0,0,0,25,0,0,0
2005,360759,1,1,8,8,8,8,8,8,8,8,8,8
2005,360760,1,1,0,0,0,0,0,0,0,0,0,0
2005,360761,1,1,0,0,0,0,0,0,0,0,0,0
2005,360761,2,1,0,0,0,0,0,0,0,0,0,0
2005,360762,1,1,17,17,17,17,17,17,17,17,17,17
2005,360763,3,1,0,0,0,0,0,13,0,0,0,0
2005,360764,1,1,0,3,0,10,0,0,0,0,0,0
2005,360764,2,1,0,0,0,0,0,0,0,0,0,0
2005,360765,1,1,0,0,0,0,0,0,0,0,13,0
2005,360766,1,1,0,0,0,0,0,0,0,0,0,0
2005,360767,1,1,0,18,0,0,0,0,0,0,0,0
2005,360767,2,1,0,0,0,0,0,0,0,0,0,0
2005,360767,3,1,0,0,0,0,0,0,0,0,0,0
2005,360767,4,1,0,0,0,0,0,0,0,19,0,0
2005,360767,5,1,0,0,0,0,0,0,0,0,0,0
2005,360767,6,1,0,0,0,0,0,0,0,0,0,0
2005,360767,7,1,0,0,0,0,0,0,0,0,0,0
2005,360768,1,1,0,0,0,0,0,0,0,0,0,0
2005,360768,2,1,0,0,10,0,0,0,4,0,0,0
2005,360768,3,1,0,0,0,0,0,0,17,0,0,0
2005,360769,0,1,0,0,0,0,0,0,0,0,0,0
2005,360769,1,1,0,0,0,0,5,0,0,0,0,0
2005,360770,1,1,22,22,22,22,22,22,22,22,22,22
2005,360771,1,1,0,0,0,0,0,0,0,0,0,0
2005,360772,1,1,0,0,0,0,10,0,0,0,0,0
2005,360772,2,1,0,0,0,15,0,0,0,0,0,0
2005,360773,1,1,0,0,0,0,0,0,0,0,0,0
2005,360773,2,1,0,0,0,0,0,0,0,0,0,0
2005,360774,0,1,0,0,0,0,0,0,0,0,0,0
2005,360774,1,1,0,0,23,18,0,0,16,0,17,0
2005,360775,1,1,0,0,0,0,0,0,0,9,9,15
2005,360776,0,1,0,0,33,0,25,0,17,13,0,25
2005,360776,1,1,0,0,0,0,0,0,0,0,0,8
2005,360777,0,1,18,0,15,0,24,22,0,0,0,0
2005,360777,1,1,0,0,0,0,0,0,0,0,0,0
2005,360778,1,1,0,0,0,14,0,0,0,0,0,0
2005,360778,2,1,8,0,0,0,0,0,0,0,0,0
2005,360778,3,1,0,0,0,0,0,0,0,0,0,14
2005,360778,4,1,0,0,0,0,0,0,0,0,0,0
2005,360778,5,1,0,0,0,0,0,0,0,0,0,0
2005,360778,6,1,8,0,0,0,0,0,0,0,0,0
2005,360778,7,1,0,0,0,0,0,0,0,0,0,0
2005,360778,8,1,0,0,0,6,0,0,0,0,0,0
2005,360778,9,1,0,0,11,0,20,0,0,0,0,0
2005,360778,10,1,0,0,0,0,0,0,0,0,22,0
2005,360778,11,1,0,0,0,0,0,0,0,0,10,0
2005,360778,12,1,0,0,0,0,0,0,0,0,0,0
2005,360778,13,1,0,0,0,0,0,0,0,0,0,0
2005,360778,14,1,0,0,0,0,0,0,0,0,2,0
2005,360779,1,1,0,0,13,22,13,0,0,0,0,12
2005,360780,1,1,5,0,0,0,0,0,0,0,9,0
2005,360780,2,1,8,8,8,8,8,8,8,8,8,8
2005,360781,1,1,13,13,13,13,13,13,13,13,13,13
2005,360782,0,1,0,0,0,0,0,0,0,0,7,37
2005,360782,0,2,0,4,22,10,0,0,22,0,0,0
2005,360782,0,3,0,0,13,0,0,0,24,0,0,0
2005,360782,1,1,7,0,0,0,0,0,0,0,0,0
2005,360782,2,1,0,0,0,0,0,16,0,0,0,0
2005,360782,3,1,0,0,0,0,0,0,0,0,0,0
2005,360783,1,1,0,0,0,0,0,0,0,0,0,0
2005,360783,2,1,0,0,0,0,0,0,0,0,0,0
2005,360784,0,1,0,0,0,0,0,0,0,0,0,0
2005,360784,1,1,0,0,0,0,0,0,0,0,0,0
2005,360785,1,1,0,11,0,0,0,0,0,20,0,5
2005,360786,1,1,0,0,0,0,0,0,0,0,0,0
2005,360786,2,1,0,0,0,0,0,0,0,0,0,0
2005,360787,1,1,10,0,10,7,10,7,0,13,0,15
2005,360788,1,1,0,0,0,0,0,0,0,0,0,0
2005,360788,2,1,0,0,0,0,0,0,0,0,0,0
2005,360789,1,1,0,0,0,0,0,0,0,0,0,0
2005,360789,2,1,0,0,0,0,0,0,0,0,0,0
2005,360790,1,1,0,0,0,0,0,0,0,0,0,0
2005,360791,1,1,0,0,0,0,0,0,3,0,0,0
2005,360792,0,1,16,16,16,16,16,16,16,16,16,16
2005,360792,1,1,28,0,0,11,0,9,0,8,20,14
2005,360793,1,1,0,0,0,0,0,0,0,0,0,0
2005,360793,2,1,0,0,0,0,0,0,0,0,0,0
2005,360794,1,1,0,0,0,0,0,0,0,0,0,0
2005,360794,2,1,0,0,0,0,0,0,0,0,0,0
2005,360795,1,1,0,0,0,0,0,0,0,0,0,0
2005,360795,2,1,0,0,17,0,6,0,16,0,0,0
2005,360796,1,1,0,0,0,6,0,0,0,0,0,0
2005,360797,1,1,35,6,22,29,0,29,18,16,13,23
2005,360798,1,1,0,0,0,0,0,0,0,0,0,0
2005,360799,0,1,20,20,20,20,20,20,20,20,20,20
2005,360799,1,1,8,13,8,0,0,0,18,5,8,7
2005,360800,1,1,22,22,22,22,22,22,22,22,22,22
2005,360801,1,1,0,0,0,0,0,0,0,0,0,0
2005,360801,2,1,0,0,0,0,19,0,0,0,0,0
2005,360802,1,1,0,0,0,0,0,0,0,0,0,0
2005,360803,1,1,0,10,0,0,0,0,0,0,0,0
2005,360803,2,1,0,0,0,0,0,0,0,0,0,6
2005,360804,1,1,0,0,0,0,0,0,0,0,0,0
2005,360804,2,1,0,0,0,0,0,0,0,0,0,0
2005,360805,1,1,0,23,0,16,7,0,17,15,14,0
2005,360806,1,1,0,0,0,0,0,0,0,0,0,0
2005,360806,2,1,0,5,0,9,0,0,0,0,0,6
2005,360807,1,1,0,0,0,0,0,0,0,0,12,0
2005,360807,2,1,0,0,0,0,0,0,0,0,0,0
2005,360808,1,1,0,11,0,0,0,0,0,0,0,0
2005,360808,2,1,0,0,0,0,0,0,0,0,0,0
2005,360809,1,1,0,0,0,0,0,0,0,37,0,0
2005,360810,1,1,0,0,0,0,0,0,0,0,0,0
2005,360811,0,1,0,0,0,0,0,0,0,0,0,0
2005,360811,1,1,0,0,0,0,19,0,17,12,0,0
2005,360812,0,1,0,0,0,0,0,0,0,0,0,0
2005,360812,0,2,0,0,0,0,0,0,0,0,0,0
2005,360812,1,1,0,0,0,0,0,0,0,0,0,0
2005,360813,1,1,0,0,0,0,0,0,0,0,0,0
2005,360814,1,1,22,21,0,12,6,25,0,7,10,22
2005,360815,0,1,0,39,0,29,7,18,11,15,0,0
2005,360815,1,1,0,0,2,0,14,0,3,0,0,0
2005,360816,1,1,0,0,0,0,0,0,0,0,0,0
2005,360817,0,1,23,23,23,23,23,23,23,23,23,23
2005,360817,1,1,0,0,0,0,0,0,0,0,0,0
2005,360817,2,1,0,29,0,0,0,0,0,0,0,0
2005,360817,3,1,0,0,0,0,0,0,0,0,0,0
2005,360818,1,1,0,45,0,0,6,0,0,0,0,0
2005,360818,2,1,0,0,0,0,0,0,0,0,0,0
2005,360819,1,1,0,0,0,0,0,0,0,0,0,0
2005,360819,2,1,0,0,0,0,0,0,0,0,0,0
2005,360820,1,1,18,12,17,0,12,10,23,10,8,18
2005,360820,2,1,0,0,0,0,0,0,7,0,2,0
2005,360820,3,1,0,0,0,0,0,0,0,0,0,0
2005,360820,4,1,0,0,0,0,0,0,0,0,0,15
2005,360821,0,1,0,0,0,0,0,0,0,0,0,0
2005,360821,1,1,0,0,0,0,0,0,0,0,0,0
2005,360822,1,1,0,0,0,0,0,0,0,0,0,0
2005,360823,1,1,15,15,15,15,15,15,15,15,15,15
2005,360824,1,1,0,0,0,4,0,0,0,0,0,0
2005,360824,2,1,0,11,0,0,4,0,0,0,0,0
2005,360825,0,1,17,17,17,17,17,17,17,17,17,17
2005,360825,1,1,0,0,0,16,0,0,0,0,0,0
2005,360826,0,1,8,17,0,16,6,16,0,0,25,23
2005,360826,1,1,0,0,11,0,6,0,14,9,0,0
2005,360826,2,1,0,0,24,0,26,13,0,0,16,0
2005,360827,0,1,0,0,0,0,0,0,0,0,0,0
2005,360827,0,2,5,0,5,0,0,0,0,6,0,0
2005,360827,1,1,0,0,0,0,0,0,0,0,0,0
2005,360827,2,1,0,0,0,0,0,0,0,0,0,0
2005,360827,3,1,0,0,0,11,0,0,0,0,0,0
2005,360828,1,1,0,14,12,0,0,0,0,0,0,0
2005,360829,1,1,15,8,20,22,10,28,0,28,18,17
2005,360830,1,1,8,13,6,11,9,0,7,8,13,0
2005,360830,2,1,15,0,0,0,0,0,0,0,0,0
2005,360831,1,1,5,0,0,0,0,0,0,0,0,0
2005,360831,2,1,0,0,0,0,0,0,0,0,0,0
2005,360831,3,1,0,0,0,0,0,0,0,0,0,0
2005,360832,1,1,0,0,0,0,0,0,0,0,0,0
2005,360833,0,1,17,24,0,9,53,27,18,31,31,21
2005,360833,1,1,14,0,0,0,26,0,0,0,0,0
2005,360834,1,1,0,0,0,28,0,0,0,9,0,0
2005,360835,1,1,0,0,0,0,0,0,0,0,0,0
2005,360836,1,1,10,10,7,0,0,8,4,43,8,0
2005,360837,0,1,0,0,26,8,0,0,0,22,0,0
2005,360837,1,1,0,0,0,0,0,0,0,0,5,8
2005,360838,1,1,17,17,17,17,17,17,17,17,17,17
2005,360838,2,1,0,0,0,0,0,0,0,0,0,0
2005,360839,1,1,17,17,17,17,17,17,17,17,17,17
2005,360840,1,1,12,16,0,0,0,0,28,0,0,0
2005,360840,2,1,0,0,0,0,0,0,0,16,0,0
2005,360841,0,1,0,0,0,0,0,0,0,0,0,0
2005,360841,1,1,0,0,0,0,0,0,0,0,0,0
2005,360842,1,1,0,0,0,0,0,0,0,0,0,0
2005,360842,2,1,0,0,0,0,0,0,0,0,0,0
2005,360843,1,1,0,24,23,6,12,13,11,17,4,7
2005,360844,1,1,1,1,1,1,1,1,1,1,1,1
2005,360845,1,1,0,0,0,0,0,0,0,0,0,0
2005,360845,2,1,0,0,5,0,0,0,0,0,0,0
2005,360846,1,1,8,8,8,8,8,8,8,8,8,8
2005,360847,0,1,0,0,0,0,0,0,0,0,0,0
2005,360847,1,1,0,0,0,17,0,0,0,0,0,0
2005,360848,1,1,0,0,0,0,0,9,0,7,0,0
2005,360849,0,1,22,22,22,22,22,22,22,22,22,22
2005,360849,1,1,0,0,0,0,0,0,0,0,9,18
2005,360850,1,1,12,14,14,28,8,22,11,23,32,24
2005,360851,0,1,0,0,0,0,0,0,0,0,0,0
2005,360851,1,1,0,0,0,0,0,0,0,0,0,0
2005,360852,1,1,0,12,0,0,0,0,0,0,0,0
2005,360852,2,1,0,0,0,0,0,6,0,0,0,0
2005,360852,3,1,29,5,0,0,8,0,0,14,0,0
2005,360853,0,1,0,0,0,0,0,0,0,0,0,0
2005,360853,0,2,0,0,0,0,0,0,0,0,0,0
2005,360853,1,1,8,0,0,0,30,0,11,15,0,0
2005,360854,1,1,0,0,0,0,0,0,0,0,0,0
2005,360854,2,1,0,0,0,0,0,0,0,0,0,0
2005,360855,1,1,7,0,20,0,0,0,0,0,27,0
2005,360855,2,1,0,0,0,0,0,0,0,0,0,0
2005,360856,0,1,0,0,0,0,0,0,0,0,0,0
2005,360856,1,1,9,22,20,0,15,0,0,13,23,18
2005,360857,0,1,9,9,9,9,9,9,9,9,9,9