YEAR,ST_CASE,veh_no,per_no,P1,P2,P3,P4,P5,P6,P7,P8,P9,P10
2005,360857,1,1,0,0,30,0,0,0,0,0,0,0
2005,360858,1,1,0,0,0,0,0,0,0,0,0,0
2005,360858,2,1,0,0,0,0,0,0,0,0,0,0
2005,360858,3,1,0,0,0,0,0,0,0,0,0,0
2005,360859,0,1,19,19,19,19,19,19,19,19,19,19
2005,360859,1,1,0,0,0,17,17,0,6,0,0,15
2005,360860,0,1,19,19,19,19,19,19,19,19,19,19
2005,360860,1,1,12,17,15,0,14,0,0,4,0,0
2005,360861,0,1,0,0,0,0,0,0,0,0,0,0
2005,360861,1,1,15,28,0,0,17,0,0,0,0,0
2005,360862,1,1,0,0,0,0,0,0,0,0,0,0
2005,360862,2,1,0,0,0,0,0,0,0,0,0,0
2005,360863,0,1,0,0,0,0,0,0,0,0,0,0
2005,360863,1,1,0,0,0,0,0,0,0,0,0,0
2005,360864,0,1,0,0,0,0,0,0,0,0,0,0
2005,360864,1,1,0,0,0,0,0,0,21,0,0,0
2005,360865,0,1,0,0,0,0,0,0,0,0,0,0
2005,360865,1,1,0,0,0,0,0,0,0,0,0,0
2005,360866,1,1,0,0,0,0,0,0,0,0,0,0
2005,360867,1,1,22,22,22,22,22,22,22,22,22,22
2005,360868,1,1,0,0,0,0,0,0,0,0,0,0
2005,360868,2,1,0,0,0,0,0,0,0,0,0,0
2005,360869,1,1,6,13,22,20,6,27,16,6,15,14
2005,360870,1,1,0,0,22,0,0,0,0,0,0,0
2005,360870,2,1,0,0,0,0,0,0,12,0,0,0
2005,360871,1,1,11,24,6,7,26,34,21,23,13,5
2005,360872,0,1,0,0,0,0,0,0,0,0,0,0
2005,360872,1,1,0,0,0,0,0,0,0,0,0,0
2005,360873,1,1,0,0,0,0,0,0,0,0,10,0
2005,360873,2,1,0,0,0,0,0,0,0,0,0,0
2005,360874,1,1,0,13,0,0,0,0,4,12,4,0
2005,360875,1,1,0,0,0,0,0,0,0,0,0,0
2005,360876,1,1,0,7,14,0,0,22,0,0,4,0
2005,360877,1,1,3,3,3,3,3,3,3,3,3,3
2005,360878,0,1,0,0,0,0,0,0,0,0,0,0
2005,360878,1,1,0,0,0,0,0,0,0,0,0,0
2005,360879,0,1,0,0,0,0,0,0,0,0,0,0
2005,360879,1,1,0,0,0,0,0,17,0,0,10,0
2005,360880,1,1,0,0,0,0,0,0,0,0,0,0
2005,360880,2,1,0,0,0,0,0,0,0,0,0,0
2005,360881,0,1,0,0,0,0,0,0,0,0,0,0
2005,360881,1,1,0,0,0,0,0,0,0,0,0,0
2005,360882,1,1,0,0,0,0,0,0,0,0,0,0
2005,360883,1,1,0,0,0,0,0,0,0,0,0,0
2005,360883,2,1,12,0,0,0,0,0,0,0,0,0
2005,360884,1,1,0,0,0,16,0,0,0,0,0,0
2005,360884,2,1,0,0,0,0,0,0,0,0,0,0
2005,360885,1,1,0,0,0,0,0,0,0,0,0,0
2005,360886,1,1,26,17,25,13,16,10,24,33,0,7
2005,360887,0,1,0,0,0,0,0,0,0,0,0,0
2005,360887,1,1,0,0,0,0,0,0,0,0,0,0
2005,360888,1,1,0,0,0,0,0,0,0,0,0,0
2005,360888,2,1,0,0,0,0,0,0,0,0,0,0
2005,360888,3,1,0,0,0,0,0,0,0,0,0,0
2005,360889,0,1,0,0,0,0,0,0,0,0,0,0
2005,360889,1,1,0,0,0,0,0,0,0,0,0,0
2005,360890,0,1,26,26,26,26,26,26,26,26,26,26
2005,360890,1,1,27,0,0,0,9,0,36,0,0,0
2005,360891,1,1,0,0,0,0,0,0,0,0,0,0
2005,360892,1,1,0,0,0,0,0,0,0,0,0,0
2005,360892,2,1,0,0,0,0,0,0,0,0,0,0
2005,360893,1,1,12,14,28,10,15,0,0,9,17,14
2005,360893,2,1,0,0,0,0,0,0,0,0,0,0
2005,360894,1,1,0,0,0,0,0,0,0,0,0,0
2005,360894,2,1,0,0,9,0,0,0,0,10,11,0
2005,360895,0,1,0,0,0,0,0,0,0,0,0,0
2005,360895,1,1,0,0,0,0,0,0,0,0,0,0
2005,360896,0,1,0,0,27,21,0,0,31,32,0,0
2005,360896,1,1,0,0,0,16,0,0,0,0,0,0
2005,360897,0,1,0,0,0,0,0,0,17,0,0,0
2005,360897,1,1,0,0,0,0,0,0,0,0,0,0
2005,360898,0,1,0,0,0,0,0,0,0,0,0,0
2005,360898,1,1,11,0,0,0,0,0,17,0,30,0
2005,360899,1,1,0,0,0,0,28,0,0,0,0,0
2005,360899,2,1,0,0,8,0,0,0,0,18,0,0
2005,360899,3,1,0,0,0,0,0,0,0,0,6,0
2005,360900,1,1,0,0,0,0,0,0,0,0,0,0
2005,360900,2,1,0,0,0,0,0,0,0,0,0,0
2005,360901,0,1,21,21,21,21,21,21,21,21,21,21
2005,360901,1,1,0,0,0,0,0,0,0,0,0,0
2005,360902,0,1,0,0,0,0,0,0,0,0,0,0
2005,360902,1,1,0,0,0,16,0,0,0,0,0,0
2005,360903,1,1,0,0,0,0,0,0,0,0,0,0
2005,360904,1,1,14,0,15,0,0,11,0,0,13,0
2005,360905,1,1,0,0,0,0,0,0,0,0,0,0
2005,360906,1,1,0,0,0,0,0,0,0,0,0,0
2005,360907,1,1,0,0,0,0,0,0,3,0,0,14
2005,360907,2,1,12,12,12,12,12,12,12,12,12,12
2005,360908,1,1,0,0,0,0,0,0,0,0,0,0
2005,360909,1,1,16,16,16,16,16,16,16,16,16,16
2005,360910,1,1,0,27,17,17,9,8,13,0,13,23
2005,360910,2,1,0,0,0,0,5,0,0,0,21,0
2005,360911,0,1,0,14,0,0,8,0,0,0,0,18
2005,360911,1,1,38,14,22,17,20,13,10,10,5,22
2005,360912,1,1,0,0,0,0,0,17,0,0,0,0
2005,360913,0,1,19,0,14,0,0,0,0,0,0,0
2005,360913,1,1,0,0,0,0,16,0,16,0,0,0
2005,360913,2,1,0,0,0,0,0,0,0,0,0,0
2005,360913,3,1,0,0,0,0,0,0,0,0,0,0
2005,360913,4,1,0,0,0,0,0,0,0,24,0,0
2005,360913,5,1,0,0,0,33,3,0,0,0,0,0
2005,360913,6,1,0,12,0,0,0,0,0,0,0,0
2005,360913,7,1,0,0,0,0,0,0,0,0,0,0
2005,360913,8,1,0,0,0,0,0,0,0,0,0,0
2005,360913,9,1,14,0,0,0,0,0,0,0,0,0
2005,360914,1,1,18,3,7,41,0,0,12,20,0,0
2005,360914,2,1,0,0,0,0,0,0,0,0,0,0
2005,360915,1,1,0,0,0,0,0,0,0,0,0,0
2005,360915,2,1,0,0,0,0,0,0,0,0,0,0
2005,360915,3,1,0,0,0,0,0,18,0,0,0,0
2005,360916,1,1,0,0,0,0,0,0,0,0,0,0
2005,360916,2,1,0,0,0,0,19,0,0,0,0,0
2005,360917,0,1,0,0,0,0,0,0,0,0,0,0
2005,360917,1,1,0,0,0,0,0,0,0,0,0,0
2005,360918,1,1,0,0,0,0,0,0,0,0,0,0
2005,360919,1,1,8,8,8,8,8,8,8,8,8,8
2005,360920,1,1,18,35,17,12,13,9,13,14,12,34
2005,360921,1,1,0,0,0,0,0,0,0,0,0,0
2005,360921,2,1,0,0,0,0,0,0,0,0,0,0
2005,360922,1,1,0,0,0,0,0,0,0,0,0,0
2005,360922,2,1,0,0,0,0,0,0,0,0,0,0
2005,360923,1,1,0,0,0,0,0,0,0,0,0,0
2005,360923,2,1,0,0,0,0,0,0,0,0,0,0
2005,360924,1,1,0,0,0,19,0,0,0,0,0,0
2005,360925,1,1,25,25,25,25,25,25,25,25,25,25
2005,360926,1,1,0,0,0,0,0,0,0,0,0,0
2005,360927,1,1,15,25,12,28,13,9,19,6,11,11
2005,360927,2,1,0,0,0,26,15,0,0,0,0,0
2005,360928,1,1,0,0,0,0,0,0,0,0,0,0
2005,360928,2,1,0,0,0,0,0,0,0,0,0,0
2005,360929,0,1,0,0,0,0,0,0,0,0,0,0
2005,360929,1,1,0,0,0,0,0,21,0,0,0,0
2005,360930,1,1,7,16,0,8,12,0,12,16,12,15
2005,360931,1,1,0,0,0,0,0,0,17,0,0,0
2005,360932,0,1,14,14,14,14,14,14,14,14,14,14
2005,360932,1,1,0,0,0,0,0,0,0,0,0,0
2005,360933,1,1,9,18,14,5,9,13,23,36,27,13
2005,360934,1,1,13,13,13,13,13,13,13,13,13,13
2005,360935,1,1,0,0,2,0,0,18,12,15,0,8
2005,360936,1,1,19,19,19,19,19,19,19,19,19,19
2005,360937,1,1,0,0,0,24,0,0,0,0,0,0
2005,360937,2,1,0,0,0,0,0,0,0,0,0,0
2005,360938,1,1,30,28,21,0,13,7,15,17,23,16
2005,360939,0,1,0,0,24,12,0,0,0,0,15,15
2005,360939,1,1,11,14,21,6,15,6,24,0,8,7
2005,360940,1,1,6,8,14,18,32,11,29,33,17,23
2005,360940,2,1,23,21,0,23,0,13,0,0,0,0
2005,360941,0,1,0,0,10,0,0,0,0,0,0,0
2005,360941,1,1,0,0,0,0,0,0,0,0,0,0
2005,360942,1,1,19,11,18,7,6,17,8,4,21,21
2005,360942,2,1,13,15,0,18,0,16,6,0,14,5
2005,360942,3,1,0,0,0,15,0,0,0,0,0,0
2005,360942,4,1,0,0,0,0,0,0,0,0,0,0
2005,360943,1,1,0,0,0,0,0,0,0,0,0,0
2005,360943,2,1,0,0,0,0,0,0,0,0,0,0
2005,360944,1,1,0,0,0,0,0,0,0,0,0,0
2005,360944,2,1,0,0,0,0,0,0,0,0,0,0
2005,360945,1,1,0,0,0,0,0,0,0,25,0,0
2005,360946,1,1,22,0,0,0,0,0,0,0,0,0
2005,360947,0,1,4,4,4,4,4,4,4,4,4,4
2005,360947,1,1,22,0,0,0,13,7,28,0,0,0
2005,360948,1,1,17,10,0,34,8,0,21,28,16,24
2005,360949,1,1,0,0,0,0,0,0,0,0,0,0
2005,360949,2,1,0,0,0,0,0,0,0,0,0,0
2005,360950,1,1,6,17,0,0,5,0,0,0,0,6
2005,360951,0,1,20,20,20,20,20,20,20,20,20,20
2005,360951,1,1,0,0,24,19,0,0,0,0,0,0
2005,360951,2,1,0,0,0,0,0,0,0,0,0,0
2005,360951,3,1,0,0,6,0,0,0,0,0,11,0
2005,360951,4,1,0,0,0,0,0,0,0,0,0,0
2005,360952,1,1,0,0,0,0,0,0,0,0,0,0
2005,360953,0,1,0,0,0,0,0,0,0,0,0,0
2005,360953,1,1,0,0,18,4,0,12,16,0,6,15
2005,360954,1,1,0,0,0,0,0,0,0,0,0,0
2005,360955,0,1,0,0,0,0,0,0,0,0,0,0
2005,360955,1,1,0,0,0,0,0,0,0,0,0,0
2005,360956,1,1,0,0,4,0,0,0,0,0,0,0
2005,360956,2,1,0,0,0,0,0,0,0,0,0,0
2005,360957,1,1,0,0,0,0,0,0,0,0,0,0
2005,360957,2,1,0,0,0,7,0,0,0,0,0,0
2005,360958,1,1,0,0,0,0,0,0,0,0,0,0
2005,360958,2,1,0,0,0,0,0,0,0,0,0,0
2005,360959,0,1,0,0,0,13,0,0,4,30,0,0
2005,360959,0,2,15,0,0,30,0,0,0,43,0,0
2005,360959,0,3,26,0,8,40,0,28,0,18,0,0
2005,360959,0,4,0,0,26,30,0,0,0,46,0,0
2005,360959,1,1,12,9,0,22,10,11,16,10,22,9
2005,360960,1,1,0,0,0,0,0,0,0,0,0,0
2005,360960,2,1,0,0,0,0,0,0,0,0,0,0
2005,360961,0,1,0,0,0,0,0,0,0,0,0,0
2005,360961,0,2,0,0,0,0,0,0,0,0,0,0
2005,360961,1,1,0,0,0,0,0,0,0,0,0,0
2005,360962,1,1,0,0,0,0,0,0,0,0,0,0
2005,360963,0,1,0,0,0,0,0,0,0,0,0,0
2005,360963,1,1,18,22,15,20,8,16,10,29,25,18
2005,360964,0,1,0,0,0,0,0,0,0,0,0,0
2005,360964,1,1,0,0,0,0,0,0,0,0,0,0
2005,360965,0,1,0,0,0,16,0,29,11,0,15,12
2005,360965,1,1,0,0,0,18,0,0,0,0,0,0
2005,360966,1,1,15,8,19,6,14,8,5,5,15,11
2005,360966,2,1,0,0,0,0,0,0,0,0,0,0
2005,360967,1,1,0,0,0,0,0,0,0,0,0,0
2005,360968,1,1,12,29,15,23,9,0,19,14,13,13
2005,360969,0,1,0,0,19,35,0,0,0,0,32,0
2005,360969,1,1,9,0,14,0,0,27,18,0,0,6
2005,360970,1,1,9,9,9,9,9,9,9,9,9,9
2005,360971,1,1,0,0,0,0,0,0,0,0,0,0
2005,360971,2,1,0,0,0,0,0,0,0,0,0,0
2005,360972,1,1,7,12,25,24,24,42,34,10,23,29
2005,360973,1,1,0,0,0,0,0,0,0,0,0,0
2005,360973,2,1,0,0,0,0,0,0,0,0,0,0
2005,360974,1,1,24,24,24,24,24,24,24,24,24,24
2005,360975,1,1,0,0,0,0,0,0,0,0,0,0
2005,360975,2,1,0,0,0,0,0,0,0,0,0,0
2005,360976,1,1,0,9,0,0,0,0,0,0,0,15
2005,360976,2,1,0,0,0,0,0,0,0,0,0,0
2005,360977,1,1,0,0,0,0,0,0,0,0,15,0
2005,360977,2,1,0,0,0,0,0,0,0,0,0,0
2005,360978,1,1,29,29,29,29,29,29,29,29,29,29
2005,360979,0,1,0,0,0,0,0,0,30,0,0,13
2005,360979,1,1,25,6,0,11,0,0,9,8,0,14
2005,360980,1,1,0,0,0,0,0,0,0,0,0,0
2005,360981,1,1,0,0,0,0,0,0,0,0,0,0
2005,360982,1,1,4,0,0,0,0,0,0,0,0,0
2005,360983,0,1,0,0,0,17,13,0,0,0,26,0
2005,360983,1,1,0,0,0,0,0,0,0,0,0,0
2005,360984,1,1,0,0,0,0,0,8,20,0,0,0
2005,360984,2,1,0,0,0,0,0,0,0,0,0,0
2005,360985,0,1,0,0,0,0,0,0,0,0,0,0
2005,360985,1,1,21,0,0,0,0,0,0,0,0,34
2005,360986,1,1,19,19,19,19,19,19,19,19,19,19
2005,360987,1,1,0,0,0,0,0,0,0,0,0,0
2005,360987,2,1,0,0,0,0,0,0,0,0,0,0
2005,360987,3,1,37,0,0,12,0,0,8,7,0,0
2005,360988,1,1,6,6,6,6,6,6,6,6,6,6
2005,360989,1,1,7,0,27,0,0,0,0,0,0,0
2005,360989,2,1,0,0,0,0,0,0,0,0,0,0
2005,360990,0,1,0,0,0,0,0,0,0,0,0,0
2005,360990,1,1,0,0,0,0,0,0,0,0,0,0
2005,360991,0,1,0,0,0,0,15,0,28,0,0,0
2005,360991,1,1,0,0,0,0,0,0,0,0,0,0
2005,360992,1,1,0,17,0,14,0,0,0,0,0,0
2005,360993,1,1,22,22,22,22,22,22,22,22,22,22
2005,360994,1,1,0,0,0,2,36,0,0,20,0,21
2005,360994,2,1,0,32,0,0,0,0,0,0,0,0
2005,360995,1,1,22,22,22,22,22,22,22,22,22,22
2005,360996,1,1,0,0,0,0,0,0,0,0,0,0
2005,360997,1,1,0,0,0,0,0,0,0,0,0,0
2005,360998,1,1,0,9,0,0,0,0,0,0,11,0
2005,360999,0,1,0,0,0,0,0,0,0,0,0,0
2005,360999,1,1,0,0,0,0,0,0,0,0,0,0
2005,361000,1,1,0,0,0,0,0,0,0,0,0,0
2005,361000,2,1,0,0,0,0,0,0,0,0,0,0
2005,361000,3,1,0,0,3,0,0,0,20,7,0,0
2005,361000,4,1,0,0,0,0,0,0,0,0,0,0
2005,361001,1,1,0,0,0,0,0,0,0,0,0,0
2005,361001,2,1,0,0,0,0,0,0,0,0,0,0
2005,361002,1,1,14,0,0,0,0,0,0,0,0,0
2005,361002,2,1,0,0,0,0,0,0,0,0,0,0
2005,361002,3,1,0,0,0,0,0,0,0,0,0,0
2005,361003,1,1,13,15,15,0,8,19,32,24,26,28
2005,361004,0,1,0,25,25,0,19,0,33,0,9,0
2005,361004,1,1,0,0,0,0,0,0,0,0,0,0
2005,361005,1,1,11,11,11,11,11,11,11,11,11,11
2005,361006,0,1,19,19,19,19,19,19,19,19,19,19
2005,361006,1,1,10,0,11,0,28,11,13,0,0,0
2005,361007,1,1,0,0,0,0,0,0,0,0,0,0
2005,361008,0,1,0,0,0,0,0,0,0,0,0,0
2005,361008,1,1,0,0,0,0,0,0,0,0,0,0
2005,361009,1,1,0,0,0,0,0,0,0,0,0,0
2005,361009,2,1,0,0,0,0,0,5,0,0,0,0
2005,361010,1,1,0,0,17,12,38,21,0,17,0,0
2005,361010,2,1,0,0,0,0,0,0,0,0,0,0
2005,361011,0,1,0,0,0,0,0,0,0,0,0,0
2005,361011,1,1,0,7,0,0,0,0,0,0,22,0
2005,361012,0,1,0,0,0,0,0,0,31,0,0,0
2005,361012,1,1,0,0,0,0,0,0,0,0,23,0
2005,361012,2,1,0,0,0,0,0,0,0,0,2,0
2005,361013,1,1,0,0,0,0,0,0,0,0,0,0
2005,361013,2,1,0,0,0,0,0,0,0,19,0,0
2005,361014,0,1,0,0,0,0,0,0,0,0,0,0
2005,361014,1,1,0,0,0,0,0,0,0,0,0,0
2005,361015,0,1,0,0,0,0,0,0,0,0,0,0
2005,361015,1,1,0,0,0,0,0,0,0,0,0,0
2005,361016,0,1,0,0,0,0,0,0,0,0,0,0
2005,361016,1,1,0,0,0,0,0,0,0,0,0,0
2005,361017,0,1,0,0,0,0,0,0,0,0,0,0
2005,361017,1,1,0,0,0,0,0,0,0,0,0,0
2005,361018,0,1,0,0,0,0,0,0,0,0,0,0
2005,361018,1,1,0,0,0,0,0,0,0,0,0,15
2005,361019,0,1,0,0,0,0,0,0,0,0,0,0
2005,361019,1,1,0,0,0,0,0,0,0,0,0,0
2005,361020,1,1,2,2,2,2,2,2,2,2,2,2
2005,361021,1,1,0,0,0,0,0,0,0,0,0,0
2005,361021,2,1,0,0,19,0,0,0,0,0,0,9
2005,361022,0,1,0,0,0,0,0,23,0,0,0,0
2005,361022,1,1,0,0,0,0,0,0,0,0,0,0
2005,361023,0,1,28,28,28,28,28,28,28,28,28,28
2005,361023,1,1,0,0,0,0,0,0,0,0,0,0
2005,361024,1,1,0,28,21,41,0,0,0,5,0,0
2005,361025,0,1,0,0,0,0,0,0,0,0,0,0
2005,361025,1,1,0,0,0,0,0,0,0,0,0,0
2005,361026,1,1,5,8,14,9,0,11,3,20,16,5
2005,361026,2,1,0,0,0,0,0,0,0,0,0,0
2005,361027,1,1,2,26,8,15,13,8,20,15,10,19
2005,361028,1,1,0,0,0,0,0,0,0,0,0,0
2005,361028,2,1,0,0,7,0,0,13,0,0,9,0
2005,361029,1,1,17,9,28,14,8,23,8,15,10,0
2005,361029,2,1,0,0,0,0,0,0,12,0,18,0
2005,361030,1,1,0,15,27,0,0,25,0,0,0,0
2005,361030,2,1,0,0,0,0,0,0,0,0,0,0
2005,361031,1,1,0,0,0,0,2,0,0,0,7,5
2005,361032,0,1,20,20,20,20,20,20,20,20,20,20
2005,361032,1,1,17,0,25,0,19,17,0,25,34,0
2005,361033,0,1,20,20,20,20,20,20,20,20,20,20
2005,361033,1,1,12,0,0,0,0,0,0,0,0,9
2005,361034,1,1,0,0,0,0,0,0,0,0,0,0
2005,361035,1,1,13,13,13,13,13,13,13,13,13,13
2005,361036,1,1,0,0,16,0,11,10,23,18,0,25
2005,361037,1,1,0,0,0,0,0,0,0,0,0,0
2005,361037,2,1,0,0,0,0,0,0,0,0,0,0
2005,361038,0,1,9,0,0,0,0,0,0,0,15,0
2005,361038,1,1,5,0,0,0,5,0,0,0,0,0
2005,361039,1,1,7,16,14,17,11,18,23,13,0,11
2005,361039,2,1,0,0,0,0,0,0,0,0,0,0
2005,361039,3,1,0,27,7,0,0,0,0,0,26,16
2005,361040,1,1,1,1,1,1,1,1,1,1,1,1
2005,361040,2,1,0,0,0,0,0,0,0,0,0,0
2005,361041,1,1,0,0,19,0,0,0,0,25,15,17
2005,361041,2,1,0,0,0,9,0,0,0,4,0,6
2005,361042,1,1,1,1,1,1,1,1,1,1,1,1
2005,361043,1,1,0,0,0,3,0,0,0,0,0,0
2005,361043,2,1,26,26,26,26,26,26,26,26,26,26
2005,361044,1,1,0,19,0,6,0,20,10,7,0,9
2005,361045,0,1,23,23,23,23,23,23,23,23,23,23
2005,361045,1,1,0,0,0,3,0,0,0,0,0,0
2005,361046,0,1,29,29,29,29,29,29,29,29,29,29
2005,361046,1,1,9,0,13,34,0,13,5,0,0,0
2005,361047,0,1,23,23,23,23,23,23,23,23,23,23
2005,361047,1,1,14,0,3,6,12,4,0,0,0,0
2005,361048,0,1,8,8,8,8,8,8,8,8,8,8
2005,361048,1,1,0,0,0,0,0,19,21,0,0,0
2005,361049,0,1,0,0,0,0,0,0,0,0,0,0
2005,361049,1,1,0,0,0,0,0,0,0,0,0,0
2005,361050,1,1,0,0,0,0,0,0,0,0,0,0
2005,361051,1,3,6,0,0,10,4,7,0,24,0,16
2005,361052,1,1,17,26,22,17,6,6,27,15,18,13
2005,361053,1,1,11,0,0,0,0,0,0,0,0,0
2005,361053,2,1,0,0,0,0,0,0,0,0,0,0
2005,361054,1,1,0,0,0,0,0,0,0,0,0,0
2005,361054,2,1,0,0,0,0,0,0,0,0,0,0
2005,361055,1,1,1,1,1,1,1,1,1,1,1,1
2005,361055,2,1,13,23,0,0,0,0,0,0,13,0
2005,361056,0,1,0,0,0,0,0,0,0,0,0,0
2005,361056,1,1,0,0,0,0,0,0,0,0,0,13
2005,361057,0,1,0,0,0,0,0,0,0,0,0,0
2005,361057,1,1,0,0,0,0,0,0,0,0,0,0
2005,361058,0,1,0,0,0,0,23,0,0,15,0,0
2005,361058,1,1,19,5,0,0,0,0,0,0,0,0
2005,361059,1,1,30,0,16,23,14,16,10,0,24,29
2005,361060,1,1,0,0,0,0,0,0,0,0,0,0
2005,361061,0,1,0,0,0,0,0,0,0,12,0,21
2005,361061,1,1,0,0,0,0,0,0,0,0,0,0
2005,361062,1,1,0,0,0,0,0,0,0,0,0,0
2005,361062,2,1,0,0,0,7,0,14,0,0,0,6
2005,361063,0,1,0,0,0,0,0,0,0,0,0,0
2005,361063,1,1,15,0,0,0,0,0,0,0,0,0
2005,361064,1,1,23,18,7,15,13,10,9,7,13,3
2005,361065,0,1,0,0,0,20,0,3,12,27,0,0
2005,361065,1,1,0,17,0,0,0,0,0,0,22,0
2005,361066,0,1,42,17,12,33,0,0,24,0,0,0
2005,361066,1,1,13,4,17,0,4,13,21,11,10,26
2005,361067,1,1,0,0,23,39,0,12,18,7,21,17
2005,361068,1,1,18,0,14,0,0,0,0,0,0,0
2005,361068,2,1,0,9,0,0,0,0,0,0,0,0
2005,361069,1,1,0,0,0,0,0,0,0,0,22,0
2005,361069,2,1,0,11,0,0,0,0,0,0,0,0
2005,361070,0,1,0,0,0,0,0,0,0,0,0,0
2005,361070,1,1,0,0,0,0,0,13,0,0,0,0
2005,361071,1,1,20,20,20,20,20,20,20,20,20,20
2005,361072,0,1,0,0,0,0,0,0,0,0,0,0
2005,361072,1,1,0,0,0,0,0,0,0,0,0,0
2005,361073,0,1,0,0,0,0,0,0,0,0,0,0
2005,361073,1,1,6,0,25,0,12,17,19,0,0,0
2005,361074,1,1,23,23,23,23,23,23,23,23,23,23
2005,361074,2,1,13,0,20,0,8,0,0,0,0,0
2005,361074,3,1,0,0,0,0,13,0,0,0,0,0
2005,361075,1,1,0,0,0,0,0,0,23,0,0,0
2005,361076,0,1,0,0,0,0,0,0,0,0,0,0
2005,361076,1,1,0,0,0,0,0,0,0,0,0,0
2005,361077,0,1,12,12,12,12,12,12,12,12,12,12
2005,361077,1,1,0,0,0,0,0,0,10,30,0,0
2005,361078,1,1,0,8,13,9,7,10,24,0,10,14
2005,361079,1,1,23,23,23,23,23,23,23,23,23,23
2005,361080,0,1,0,0,0,0,0,0,0,0,0,0
2005,361080,1,1,0,0,0,0,0,0,0,0,0,0
2005,361081,0,1,0,16,0,46,0,28,0,0,0,36
2005,361081,1,1,0,7,0,9,0,0,0,0,17,0
2005,361082,1,1,0,0,0,0,0,0,0,0,0,0
2005,361082,2,1,0,0,0,0,0,0,0,0,0,0
2005,361082,3,1,0,0,0,0,0,0,0,0,0,0
2005,361082,4,1,0,0,0,0,0,0,0,0,0,0
2005,361082,5,1,0,0,0,0,0,0,0,0,0,0
2005,361083,1,1,0,0,0,0,0,0,0,0,0,0
2005,361083,2,1,0,0,0,0,0,0,0,0,0,0
2005,361084,1,1,0,0,0,0,0,0,0,0,0,0
2005,361084,2,1,0,0,0,0,3,0,0,0,0,0
2005,361085,1,1,0,0,0,0,0,9,10,11,0,11
2005,361086,1,1,0,0,0,0,0,0,0,0,0,0
2005,361086,2,1,0,0,5,0,0,0,0,0,0,0
2005,361087,1,1,3,0,0,0,0,0,0,0,0,0
2005,361087,2,1,0,0,0,0,0,0,0,0,0,0
2005,361088,0,1,0,0,0,0,0,0,0,0,0,0
2005,361088,1,1,0,0,0,0,0,0,0,0,0,0
2005,361089,1,1,0,0,0,0,0,0,0,0,0,0
2005,361089,2,1,8,0,0,0,0,0,0,0,0,0
2005,361090,0,1,0,0,0,0,0,0,0,19,24,0
2005,361090,1,1,0,0,11,0,0,0,0,0,10,0
2005,361091,1,1,0,0,0,0,0,0,0,0,0,0
2005,361091,2,1,12,21,0,14,0,0,0,16,0,0
2005,361092,0,1,0,0,0,0,0,0,0,0,0,0
2005,361092,1,1,0,0,0,0,0,0,0,0,0,0
2005,361093,1,1,0,0,0,0,0,0,0,0,0,0
2005,361093,2,1,0,0,0,0,0,0,0,0,0,0
2005,361094,1,1,0,0,0,0,0,0,0,0,0,0
2005,361096,1,1,4,4,4,4,4,4,4,4,4,4
2005,361097,1,1,0,3,21,10,11,4,11,18,16,5
2005,361098,1,1,0,0,0,6,0,0,0,0,0,0
2005,361099,1,1,7,6,8,0,4,12,17,10,17,0
2005,361100,1,1,0,0,0,0,0,0,0,0,0,0
2005,361100,2,1,0,9,0,0,0,0,0,0,13,0
2005,361101,1,1,0,0,0,0,0,0,0,0,0,0
2005,361102,1,1,12,0,0,0,0,0,0,0,0,0
2005,361102,2,1,2,2,2,2,2,2,2,2,2,2
2005,361103,1,1,0,0,0,0,0,0,0,0,0,0
2005,361103,2,1,15,0,0,0,0,0,0,0,0,9
2005,361103,3,1,0,0,0,0,0,0,0,0,0,0
2005,361104,1,1,26,26,26,26,26,26,26,26,26,26
2005,361105,0,1,0,0,0,0,0,0,0,0,0,0
2005,361105,1,1,0,15,7,0,0,0,0,0,0,19
2005,361106,1,1,0,0,0,0,0,0,0,0,0,0
2005,361106,2,1,3,13,0,0,0,0,0,0,0,0
2005,361107,1,1,0,0,0,0,0,0,20,0,0,0
2005,361107,2,1,0,0,0,0,0,0,0,0,0,0
2005,361108,0,1,0,0,0,0,0,0,0,0,0,0
2005,361108,1,1,0,0,0,0,0,0,0,0,0,0
2005,361109,0,1,0,0,0,0,0,0,0,0,0,0
2005,361109,1,1,18,9,9,0,0,0,0,0,0,0
2005,361110,1,1,16,15,6,17,16,55,8,24,18,14
2005,361110,2,1,0,8,0,0,0,0,0,17,0,16
2005,361110,3,1,0,20,0,35,0,14,14,0,24,22
2005,361110,4,1,0,8,10,0,0,0,7,0,0,31
2005,361111,1,1,0,0,0,0,0,0,0,0,0,0
2005,361111,2,1,0,0,0,0,0,0,0,0,0,0
2005,361112,1,1,0,0,0,0,0,0,0,7,0,0
2005,361112,2,1,0,0,0,0,0,0,0,0,0,0
2005,361113,1,1,0,0,0,0,0,0,0,0,0,0
2005,361114,1,1,19,29,14,29,16,3,18,12,16,11
2005,361115,1,1,12,0,9,14,9,0,19,18,0,28
2005,361115,2,1,0,0,0,0,0,0,0,0,0,0
2005,361116,1,1,21,24,23,8,11,16,15,11,12,28
2005,361117,1,1,21,21,21,21,21,21,21,21,21,21
2005,361118,1,1,0,0,30,0,24,0,0,0,0,0
2005,361119,1,1,0,0,0,0,0,0,0,0,0,0