YEAR,ST_CASE,veh_no,per_no,P1,P2,P3,P4,P5,P6,P7,P8,P9,P10
2005,361119,2,1,0,0,0,0,0,0,2,4,0,0
2005,361120,0,1,0,0,0,0,0,0,0,0,0,0
2005,361120,0,2,14,18,0,0,0,3,0,0,19,8
2005,361120,0,3,24,12,22,0,0,0,0,0,15,0
2005,361120,1,1,21,0,0,0,15,0,21,0,10,24
2005,361121,0,1,0,0,0,0,0,0,0,0,0,0
2005,361121,1,1,0,27,0,0,0,0,0,7,0,0
2005,361122,0,1,0,0,0,0,0,0,0,0,0,0
2005,361122,1,1,0,0,2,0,0,0,0,0,0,0
2005,361123,0,1,0,0,0,0,0,0,0,0,0,0
2005,361123,1,1,0,0,0,0,0,0,0,0,0,0
2005,361124,0,1,0,0,0,0,0,0,27,0,0,0
2005,361124,1,1,0,0,0,0,0,0,0,0,0,0
2005,361125,0,1,0,0,0,0,0,0,0,0,0,0
2005,361125,1,1,0,0,0,0,13,0,0,0,7,0
2005,361126,1,1,17,13,4,12,0,12,29,5,14,0
2005,361126,2,1,19,0,7,10,0,0,0,12,0,0
2005,361127,0,1,22,0,0,0,0,0,0,0,0,0
2005,361127,1,1,8,8,0,0,0,0,12,0,0,0
2005,361128,1,1,0,0,0,0,0,0,0,0,0,0
2005,361128,2,1,0,0,0,0,0,0,0,0,0,0
2005,361129,0,1,37,0,0,0,16,0,0,7,0,0
2005,361129,1,1,0,0,13,0,0,13,33,5,16,18
2005,361130,0,1,0,0,0,0,0,0,0,0,0,0
2005,361130,1,1,0,0,0,0,25,0,0,0,0,0
2005,361131,0,1,0,0,0,0,0,0,0,0,0,0
2005,361131,1,1,0,0,0,0,0,0,0,0,0,0
2005,361132,0,1,45,28,10,18,12,26,23,10,0,24
2005,361132,0,2,0,0,0,0,0,0,0,0,0,0
2005,361132,1,1,0,14,0,0,11,0,11,0,0,0
2005,361132,2,1,13,0,0,18,0,14,13,0,10,0
2005,361133,0,1,6,0,41,0,9,17,0,33,0,29
2005,361133,1,1,11,23,0,0,0,0,15,0,0,0
2005,361134,0,1,0,0,0,0,0,0,0,0,0,0
2005,361134,1,1,0,0,9,0,0,0,0,0,0,0
2005,361135,0,1,0,0,0,0,0,0,0,0,0,0
2005,361135,1,1,0,14,0,0,0,22,24,0,0,0
2005,361136,0,1,0,0,0,0,0,0,0,0,0,0
2005,361136,1,1,0,0,5,0,24,19,0,0,0,0
2005,361137,1,1,18,12,0,0,0,0,0,0,0,0
2005,361137,2,1,0,10,14,0,9,8,7,7,0,13
2005,361138,0,1,0,0,0,0,0,0,18,0,0,0
2005,361138,1,1,0,0,0,0,0,0,12,0,0,0
2005,361139,1,1,0,0,0,0,0,0,10,0,0,0
2005,361139,2,1,6,6,6,6,6,6,6,6,6,6
2005,361140,1,1,0,0,0,0,0,0,0,0,0,0
2005,361141,0,1,0,0,0,0,0,0,0,0,0,0
2005,361141,0,2,0,30,0,0,0,0,0,0,0,0
2005,361141,1,1,0,0,0,0,0,0,0,0,0,0
2005,361142,0,1,28,28,28,28,28,28,28,28,28,28
2005,361142,1,1,0,0,0,0,5,25,0,27,0,0
2005,361142,2,1,0,0,0,0,0,0,0,0,0,0
2005,361143,0,1,0,0,0,0,0,0,0,0,0,0
2005,361143,1,1,16,0,0,11,0,0,0,0,0,0
2005,361144,0,1,0,0,0,0,0,0,0,0,0,0
2005,361144,1,1,0,0,0,0,12,0,0,0,0,0
2005,361145,1,1,0,0,0,0,0,0,0,18,0,0
2005,361146,0,1,0,0,0,0,0,0,0,0,0,0
2005,361146,1,1,0,0,0,0,0,0,0,0,0,0
2005,361147,0,1,0,3,0,0,0,0,0,0,0,18
2005,361147,1,1,0,19,34,12,5,13,12,14,6,0
2005,361148,1,1,16,16,16,16,16,16,16,16,16,16
2005,361149,1,1,0,0,0,0,0,0,0,0,0,0
2005,361149,2,1,0,0,0,0,0,0,0,0,0,0
2005,361150,1,1,7,0,0,0,0,0,0,0,0,0
2005,361150,2,1,0,0,0,0,0,0,0,0,0,0
2005,361151,1,1,12,0,0,0,15,0,9,12,8,0
2005,361151,2,1,0,0,0,0,0,0,0,0,0,0
2005,361152,1,1,19,23,0,15,0,18,9,0,4,13
2005,361152,2,1,18,25,20,17,17,21,8,9,17,16
2005,361153,1,1,0,0,0,0,0,0,0,0,0,0
2005,361154,1,1,13,13,13,13,13,13,13,13,13,13
2005,361155,0,1,32,32,32,32,32,32,32,32,32,32
2005,361155,1,1,0,0,16,0,0,9,0,0,20,0
2005,361156,1,1,0,0,0,0,0,0,0,0,0,0
2005,361156,2,1,0,0,0,0,0,0,0,0,0,0
2005,361157,1,1,15,15,15,15,15,15,15,15,15,15
2005,361158,0,1,0,0,0,0,0,0,0,0,0,0
2005,361158,1,1,0,0,0,0,0,0,0,0,0,0
2005,361159,1,1,19,19,19,19,19,19,19,19,19,19
2005,361160,1,1,0,0,0,0,0,0,0,0,11,0
2005,361160,2,1,0,0,0,0,0,0,0,0,0,0
2005,361161,0,1,32,32,32,32,32,32,32,32,32,32
2005,361161,1,1,0,0,0,0,0,0,0,0,0,0
2005,361162,0,1,22,22,22,22,22,22,22,22,22,22
2005,361162,1,1,0,0,0,0,0,0,0,0,0,0
2005,361163,1,1,0,0,0,0,0,0,0,0,0,0
2005,361163,2,1,0,0,0,0,0,0,0,3,0,0
2005,361164,1,1,0,0,0,0,0,0,0,0,0,4
2005,361164,2,1,0,0,0,0,0,0,0,0,0,0
2005,361165,1,1,0,0,0,0,0,0,0,0,0,0
2005,361166,1,1,0,0,0,0,0,0,0,0,0,0
2005,361166,2,1,0,0,0,0,0,0,0,0,0,0
2005,361167,0,1,0,0,0,0,0,0,0,0,0,0
2005,361167,1,1,0,0,0,9,0,0,0,0,20,0
2005,361168,1,1,10,0,0,10,17,10,15,8,24,11
2005,361169,0,1,2,24,7,0,9,0,12,0,12,0
2005,361169,1,1,0,13,0,13,0,12,18,0,15,17
2005,361169,2,1,10,0,15,0,11,0,22,0,16,17
2005,361170,1,1,0,0,0,0,0,0,0,0,0,0
2005,361170,2,1,0,0,0,0,0,0,0,0,0,0
2005,361171,1,1,0,0,0,0,0,0,21,0,16,12
2005,361171,2,1,0,0,0,0,0,0,0,0,0,0
2005,361172,0,1,0,0,0,0,0,0,0,0,0,0
2005,361172,1,1,0,0,0,0,0,0,0,0,0,11
2005,361173,0,1,0,0,0,0,0,0,0,0,0,0
2005,361173,1,1,0,0,0,0,0,0,0,0,0,24
2005,361174,1,1,0,0,0,0,0,0,0,0,0,0
2005,361174,2,1,0,0,0,0,0,0,0,0,0,0
2005,361175,0,1,0,0,0,0,0,0,0,0,0,0
2005,361175,1,1,0,0,0,0,0,0,0,0,0,0
2005,361176,0,1,0,0,0,0,0,0,0,0,0,0
2005,361176,1,1,0,0,0,0,0,0,0,7,0,0
2005,361177,1,1,0,0,0,0,0,0,0,0,0,0
2005,361178,0,1,0,0,0,0,0,0,0,0,0,0
2005,361178,1,1,6,0,0,22,0,0,0,0,0,0
2005,361179,1,1,17,17,17,17,17,17,17,17,17,17
2005,361179,2,1,0,0,0,0,0,0,0,0,0,0
2005,361180,1,1,0,6,0,18,0,0,0,0,0,0
2005,361181,0,1,0,0,0,0,0,0,0,0,0,0
2005,361181,1,1,0,0,0,0,0,0,28,7,0,0
2005,361182,1,1,0,0,0,0,0,0,0,0,19,0
2005,361182,2,1,13,13,0,0,17,21,0,25,8,13
2005,361183,1,1,15,15,9,17,11,20,15,4,5,0
2005,361184,1,1,0,0,0,6,0,0,0,0,0,0
2005,361185,0,1,0,0,0,0,0,0,0,0,0,0
2005,361185,1,1,0,0,0,0,0,0,0,0,0,0
2005,361186,1,1,6,0,0,0,0,0,0,0,0,0
2005,361186,2,1,12,0,0,0,0,0,0,0,0,0
2005,361187,1,1,0,0,0,0,0,0,0,0,0,0
2005,361188,0,1,0,0,0,0,0,0,0,0,0,0
2005,361188,1,1,0,0,0,0,0,0,0,0,0,0
2005,361189,1,1,0,0,0,0,0,8,0,0,0,0
2005,361189,2,1,0,0,0,0,0,0,0,0,0,0
2005,361190,1,1,0,38,0,0,24,0,0,0,0,0
2005,361190,2,1,0,0,12,0,12,3,0,0,7,6
2005,361191,0,1,20,0,0,18,17,40,14,21,33,0
2005,361191,1,1,0,5,0,0,21,0,0,13,3,23
2005,361192,1,1,0,0,0,36,0,20,0,22,0,0
2005,361193,1,1,13,26,0,15,14,27,23,29,15,37
2005,361194,0,1,0,0,0,0,0,0,0,0,0,0
2005,361194,1,1,0,0,0,0,0,19,0,0,0,0
2005,361195,0,1,18,0,0,0,25,0,0,0,0,0
2005,361195,1,1,0,15,23,31,13,22,0,25,23,30
2005,361196,0,1,0,0,0,0,0,0,14,0,0,20
2005,361196,1,1,0,9,0,32,19,0,0,14,0,0
2005,361197,1,1,2,2,2,2,2,2,2,2,2,2
2005,361197,2,1,0,10,7,11,0,0,17,8,0,0
2005,361198,1,1,15,0,0,0,0,0,0,0,0,0
2005,361198,2,1,0,0,0,0,0,0,0,0,0,0
2005,361199,1,1,0,0,0,0,0,0,0,0,0,0
2005,361199,2,1,0,0,0,0,0,0,0,0,0,0
2005,361200,1,1,0,0,0,0,0,0,0,0,0,0
2005,361200,2,1,0,0,0,0,0,0,0,4,0,0
2005,361201,1,1,1,1,1,1,1,1,1,1,1,1
2005,361202,0,1,0,0,0,0,0,0,0,0,0,0
2005,361202,1,1,0,0,0,0,0,0,0,0,0,0
2005,361203,0,1,0,0,0,0,0,0,0,0,0,0
2005,361203,1,1,0,0,0,0,0,0,0,0,0,0
2005,361204,1,1,26,26,26,26,26,26,26,26,26,26
2005,361205,0,1,11,11,11,11,11,11,11,11,11,11
2005,361205,1,1,7,0,0,26,16,14,13,0,0,34
2005,361206,1,1,14,16,18,18,10,11,0,0,19,11
2005,361207,1,1,0,0,0,0,0,16,0,0,0,0
2005,361207,2,1,0,0,0,0,0,0,0,19,0,0
2005,361208,0,1,0,0,21,0,0,0,13,0,11,0
2005,361208,1,1,0,0,0,0,0,0,11,0,0,0
2005,361210,0,1,25,25,25,25,25,25,25,25,25,25
2005,361210,1,1,0,0,0,0,0,0,0,0,0,0
2005,361211,1,1,0,0,0,0,0,0,0,0,0,0
2005,361212,1,1,17,17,17,17,17,17,17,17,17,17
2005,361213,1,1,8,8,8,8,8,8,8,8,8,8
2005,361214,0,1,0,0,0,0,0,0,0,0,0,0
2005,361214,1,1,0,0,0,0,0,0,0,0,0,0
2005,361215,0,1,18,18,18,18,18,18,18,18,18,18
2005,361215,1,1,0,0,17,16,20,13,14,8,0,0
2005,361216,1,1,0,0,0,0,0,0,0,0,0,0
2005,361216,2,1,0,0,0,0,0,0,0,0,0,0
2005,361217,1,1,0,0,0,0,0,0,0,0,0,0
2005,361217,2,1,9,9,9,9,9,9,9,9,9,9
2005,361218,0,1,0,0,0,0,32,0,0,0,0,0
2005,361218,1,1,0,0,0,0,0,0,0,0,0,0
2005,361219,0,1,19,0,0,0,0,0,21,0,0,0
2005,361219,1,1,0,0,0,24,24,0,6,0,0,0
2005,361220,1,1,0,0,0,0,0,0,0,0,0,0
2005,361220,2,1,0,0,0,0,0,0,0,0,0,0
2005,361221,0,1,29,0,0,13,0,0,0,30,0,16
2005,361221,1,1,0,25,0,11,0,0,0,12,0,0
2005,361222,0,1,0,0,0,0,0,0,0,0,0,0
2005,361222,1,1,0,6,32,6,16,7,13,12,0,20
2005,361223,0,1,0,0,0,0,0,0,0,0,0,19
2005,361223,1,1,3,0,0,0,0,0,12,13,0,17
2005,361224,1,1,0,0,0,0,0,0,0,0,0,0
2005,361224,2,1,0,0,0,0,0,16,0,0,0,0
2005,361225,0,1,0,20,10,0,0,0,4,0,9,12
2005,361225,1,1,0,0,0,0,0,16,16,0,0,0
2005,361225,2,1,0,0,0,0,0,0,5,0,15,0
2005,361226,0,1,15,41,24,11,22,25,11,0,13,10
2005,361226,1,1,29,23,26,0,0,0,0,0,0,0
2005,361227,0,1,0,14,0,8,24,43,9,0,0,10
2005,361227,1,1,0,4,0,0,0,0,0,4,0,0
2005,361228,1,1,0,0,0,0,0,0,0,0,0,0
2005,361228,2,1,0,0,0,0,0,0,0,0,0,0
2005,361229,1,1,0,0,0,25,0,0,0,0,16,0
2005,361229,2,1,16,0,0,0,0,0,0,0,0,0
2005,361230,0,1,9,19,6,0,25,27,28,36,5,0
2005,361230,1,1,0,0,0,15,17,0,9,0,17,16
2005,361231,1,1,0,8,0,5,0,0,0,0,0,0
2005,361231,2,1,0,10,0,10,0,0,0,0,0,0
2005,361232,0,1,0,0,0,0,0,0,0,0,0,0
2005,361232,1,1,0,0,0,0,0,0,0,0,0,0
2005,361232,2,1,18,0,0,11,0,0,0,0,0,0
2005,361233,0,1,0,0,0,0,0,0,0,0,0,0
2005,361233,1,1,0,0,0,15,0,0,0,0,0,0
2005,361234,0,1,0,0,0,0,0,0,0,0,0,0
2005,361234,1,1,0,0,0,0,0,0,0,0,0,14
2005,361235,1,1,0,0,0,0,14,0,0,0,0,0
2005,361235,2,1,0,0,0,0,0,0,0,0,0,0
2005,361236,1,1,0,0,0,0,0,0,0,0,0,0
2005,361236,2,1,0,0,0,0,12,0,0,0,0,0
2005,361237,0,1,0,22,17,10,26,26,30,36,34,36
2005,361237,1,1,0,0,0,0,0,0,0,0,0,0
2005,361238,1,1,0,0,6,0,0,0,0,0,10,0
2005,361239,0,1,0,0,0,0,0,19,0,0,0,0
2005,361239,1,1,0,0,0,0,0,0,0,0,0,0
2005,361240,0,1,35,12,0,17,0,13,0,0,0,0
2005,361240,1,1,0,28,0,16,0,0,38,0,0,0
2005,361241,0,1,0,0,11,12,19,0,23,0,32,21
2005,361241,1,1,15,0,5,10,0,0,0,0,0,0
2005,361242,0,1,0,0,0,0,0,17,0,0,0,0
2005,361242,1,1,0,0,0,0,0,0,0,0,0,0
2005,361243,0,1,0,0,0,0,0,0,0,0,0,0
2005,361243,1,1,0,0,0,0,0,0,0,0,0,0
2005,361244,0,1,0,0,0,0,0,0,0,0,13,0
2005,361244,1,1,0,0,0,0,0,0,0,0,0,0
2005,361245,1,1,0,0,0,5,0,0,0,0,0,20
2005,361247,0,1,0,0,20,27,0,23,0,27,0,0
2005,361247,1,1,0,0,0,0,0,0,0,0,0,0
2005,361248,1,1,0,0,0,0,0,0,0,0,0,0
2005,361249,0,1,0,15,30,28,28,17,35,0,25,0
2005,361249,2,1,0,0,0,0,0,0,0,0,0,0
2005,361250,0,1,0,0,0,0,0,0,0,0,0,0
2005,361250,1,1,0,0,0,0,0,0,0,0,0,0
2005,361251,0,1,0,0,0,0,0,0,0,0,0,0
2005,361251,1,1,0,0,28,0,17,11,0,20,0,0
2005,361252,1,1,0,0,0,0,0,0,0,0,0,4
2005,361252,2,1,0,0,0,0,0,0,0,0,0,0
2005,361253,1,1,7,8,0,0,0,26,0,41,22,21
2005,361253,2,1,0,0,0,0,0,0,14,0,0,18
2005,361254,1,1,8,0,12,0,11,0,10,6,0,9
2005,361255,0,1,30,0,7,4,27,0,0,0,0,29
2005,361255,1,1,0,0,0,0,0,0,0,0,0,0
2005,361256,1,1,0,0,0,0,0,0,0,0,0,0
2005,361257,1,1,0,0,0,0,0,0,0,0,0,15
2005,361258,0,1,0,36,0,23,0,0,0,0,0,0
2005,361258,1,1,11,19,29,7,10,8,24,27,19,11
2005,361259,1,1,20,0,0,0,0,0,0,0,0,7
2005,361259,2,1,16,0,0,0,0,0,0,0,0,0
2005,361260,0,1,0,21,38,7,0,0,0,0,9,0
2005,361260,1,1,0,0,0,0,0,0,0,0,26,0
2005,361261,1,1,0,7,31,0,0,0,0,0,14,0
2005,361262,1,1,0,19,17,0,0,13,10,0,17,30
2005,361263,0,1,0,0,42,18,0,34,0,38,11,0
2005,361263,1,1,16,19,23,11,22,33,16,6,8,11
2005,361264,1,1,9,16,17,13,24,5,28,20,4,20
2005,361264,2,1,0,0,0,0,0,0,0,4,0,0
2005,361265,1,1,21,27,25,0,17,9,0,0,22,17
2005,361266,0,1,0,0,0,0,0,0,0,0,0,0
2005,361266,1,1,0,14,0,0,0,9,0,0,0,21
2005,361267,1,1,0,0,0,10,0,0,0,0,0,0
2005,361267,2,1,0,0,0,0,0,0,0,0,0,0
2005,361268,0,1,0,18,0,12,0,0,0,0,0,16
2005,361268,1,1,14,7,13,16,0,6,0,13,0,10
2005,361269,1,1,0,0,0,0,30,0,0,12,0,0
2005,361270,1,1,0,0,0,0,0,0,0,0,0,18
2005,361270,2,1,0,0,0,0,0,0,0,0,0,0
2005,361271,1,1,0,0,0,16,0,0,0,0,0,0
2005,361272,1,1,0,0,0,5,0,0,0,0,17,0
2005,361273,0,1,0,0,0,17,0,0,0,0,0,0
2005,361273,1,1,0,0,0,8,0,0,0,15,0,0
2005,361274,1,1,0,0,0,0,0,0,0,0,0,0
2005,361274,2,1,0,0,0,0,0,0,0,0,0,0
2005,361275,1,1,0,0,0,0,0,0,0,0,0,0
2005,361275,2,1,0,0,0,0,0,0,0,0,0,0
2005,361276,1,1,0,0,0,0,14,3,0,10,0,0
2005,361277,1,1,0,15,0,15,0,9,0,12,16,20
2005,361278,0,1,0,0,0,22,0,0,0,0,0,0
2005,361278,1,1,9,0,0,0,0,0,0,0,0,0
2005,361279,1,1,0,0,0,0,0,0,0,0,0,0
2005,361279,2,1,0,0,0,0,0,0,0,0,0,0
2005,361280,1,1,0,0,0,0,0,0,0,0,0,0
2005,361281,1,1,0,0,0,0,0,28,0,0,0,0
2005,361282,0,1,0,0,0,0,0,0,0,0,0,0
2005,361282,1,1,0,0,0,0,0,30,5,0,0,21
2005,361283,0,1,0,0,0,0,0,0,0,0,0,0
2005,361283,1,1,0,0,0,0,0,0,0,0,0,0
2005,361284,0,1,0,19,6,0,8,9,28,0,21,0
2005,361284,1,1,6,0,0,0,0,0,0,0,0,0
2005,361285,0,1,0,0,0,0,0,0,0,0,0,0
2005,361285,1,1,7,17,0,0,0,0,12,0,0,0
2005,361286,0,1,13,34,20,18,0,21,18,0,0,15
2005,361286,1,1,0,0,6,10,15,0,0,0,0,10
2005,361287,0,1,0,0,0,0,0,0,0,0,0,0
2005,361287,1,1,0,0,0,21,0,7,0,0,0,0
2005,361288,1,1,0,0,0,0,0,0,0,14,0,0
2005,361289,0,1,0,0,0,0,0,0,9,0,0,0
2005,361289,1,1,15,0,0,0,0,0,12,0,0,0
2005,361290,1,1,0,0,0,0,11,0,0,0,0,0
2005,361290,2,1,0,0,0,0,0,0,0,0,0,0
2005,361291,0,1,45,0,7,10,0,9,0,0,0,0
2005,361291,0,2,26,23,12,0,0,0,0,27,18,0
2005,361291,1,1,0,0,0,33,0,0,16,0,0,0
2005,361292,1,1,0,0,0,0,0,0,15,11,0,0
2005,361293,0,1,12,11,8,28,18,25,29,22,25,21
2005,361293,1,1,15,23,22,10,0,0,0,0,0,0
2005,361294,0,1,9,0,0,0,0,0,0,0,0,0
2005,361294,1,1,0,0,0,0,0,0,0,0,0,20
2005,361295,0,1,0,0,0,0,0,0,0,0,0,0
2005,361295,1,1,0,0,0,7,0,12,0,0,23,0
2005,361296,1,1,0,0,0,0,0,0,0,8,0,0
2005,361297,1,1,0,0,0,0,0,0,0,0,0,0
2005,361297,2,1,0,0,0,0,0,0,0,0,0,0
2005,361297,3,1,0,0,0,0,0,0,0,0,0,0
2005,361298,0,1,0,0,0,12,0,15,18,24,0,0
2005,361298,1,1,25,23,0,10,13,0,0,0,2,0
2005,361299,1,1,0,0,0,0,0,0,0,0,0,0
2005,361299,2,1,0,0,0,0,0,0,0,0,0,0
2005,361299,3,1,0,0,6,0,0,0,0,0,0,0
2005,361300,1,1,20,20,20,20,20,20,20,20,20,20
2005,361301,1,1,14,0,0,15,0,9,0,26,24,0
2005,361301,2,1,0,21,0,0,0,0,0,0,0,0
2005,361302,1,1,0,0,22,0,0,0,0,18,0,0
2005,361303,1,1,9,6,0,0,14,0,11,10,0,0
2005,361304,0,1,0,0,0,0,0,0,0,0,0,0
2005,361304,1,1,0,0,0,4,0,27,0,0,0,0
2005,361305,1,1,0,0,0,6,17,0,0,0,0,18
2005,361305,2,1,14,10,8,26,0,22,28,30,34,35
2005,361306,2,1,0,0,0,0,0,0,0,0,0,0
2005,361306,3,1,0,0,0,0,0,0,0,0,0,0
2005,361307,1,1,0,0,0,0,13,0,0,23,16,30
2005,361308,1,1,0,0,0,0,0,0,0,0,0,0
2005,361308,2,1,0,0,0,0,16,0,0,0,0,0
2005,361309,0,1,13,0,0,0,0,24,0,16,26,16
2005,361309,1,1,16,15,14,33,14,34,0,0,21,15
2005,361310,1,1,18,0,0,0,0,20,0,0,0,3
2005,361310,2,1,45,6,17,9,0,0,13,24,0,6
2005,361311,0,1,0,0,0,0,0,0,0,0,0,22
2005,361311,1,1,0,0,24,0,0,0,0,0,13,0
2005,361312,0,1,0,0,0,0,0,22,0,17,0,0
2005,361312,1,1,27,21,7,19,34,16,19,10,42,15
2005,361313,0,1,0,0,0,0,0,0,0,0,0,0
2005,361313,1,1,0,6,0,0,0,0,0,0,6,0
2005,361314,0,1,0,0,0,0,0,0,0,0,0,0
2005,361314,1,1,0,0,0,16,0,4,0,0,0,0
2005,361315,0,1,0,0,0,0,0,0,0,0,0,0
2005,361315,1,1,7,0,0,0,0,13,0,0,0,16
2005,361316,0,1,0,0,24,13,13,0,14,30,24,0
2005,361316,1,1,13,0,0,0,0,7,0,0,12,0
2005,361317,1,1,0,0,0,0,0,0,0,0,0,0
2005,361317,2,1,0,0,0,0,0,0,0,0,0,0
2005,361318,1,1,11,11,11,11,11,11,11,11,11,11
2005,361319,0,1,0,0,0,0,0,0,0,0,0,0
2005,361319,1,1,0,0,0,0,0,0,29,2,0,0
2005,361320,0,1,0,19,0,28,31,0,0,17,0,14
2005,361320,1,1,0,0,16,0,0,16,10,11,7,0
2005,361321,0,1,0,0,0,0,0,0,0,0,0,0
2005,361321,1,1,0,0,0,0,0,0,0,0,0,0
2005,361322,1,1,17,0,0,0,0,15,0,0,0,0
2005,361323,0,1,37,8,0,36,0,20,0,14,29,22
2005,361323,1,1,0,34,31,0,0,0,0,20,0,0
2005,361324,0,1,0,0,0,0,0,0,0,0,0,0
2005,361324,1,1,0,0,0,0,0,0,17,0,0,0
2005,361325,1,1,20,35,19,21,0,20,0,24,0,30
2005,361326,1,1,0,0,0,0,0,0,0,0,0,0
2005,361326,2,1,0,9,0,0,0,10,0,0,15,0
2005,361327,1,1,0,0,0,0,0,0,0,0,0,0
2005,361328,1,1,0,0,0,0,0,0,0,9,0,0
2005,361329,1,1,0,0,0,11,0,0,0,0,0,0
2005,361330,0,1,15,0,26,4,0,0,23,28,10,22
2005,361330,1,1,19,0,0,0,0,0,0,0,24,0
2005,361332,1,1,0,0,0,0,0,7,0,2,0,0
2005,361333,1,1,0,0,0,0,0,0,0,0,0,0
2005,361333,2,1,0,0,0,0,0,0,0,0,0,0
2005,361334,0,1,0,0,0,0,0,0,0,0,20,0
2005,361334,0,2,0,0,12,0,0,24,0,0,0,0
2005,361334,1,1,0,0,5,0,0,0,0,0,0,0
2005,361335,1,1,7,0,0,0,0,22,12,10,24,0
2005,361335,2,1,0,3,0,18,7,4,30,0,30,0
2005,361336,0,1,13,6,0,0,0,0,0,0,15,29
2005,361336,1,1,7,0,0,0,0,0,0,0,0,0
2005,361337,1,1,0,17,20,37,17,0,0,15,13,0
2005,361337,2,1,10,16,0,23,0,6,14,0,0,0
2005,361338,0,1,5,5,30,9,13,0,24,30,0,0
2005,361338,1,1,5,0,0,0,0,0,0,0,10,0
2005,370001,1,1,18,18,18,18,18,18,18,18,18,18
2005,370002,1,1,0,0,0,0,0,0,0,0,0,0
2005,370002,2,1,13,13,13,13,13,13,13,13,13,13
2005,370003,0,1,25,25,25,25,25,25,25,25,25,25
2005,370003,1,1,0,0,0,0,0,0,0,0,0,0
2005,370004,1,1,0,0,0,0,0,0,0,0,0,0
2005,370005,0,1,0,0,0,0,0,0,0,0,0,0
2005,370005,1,1,33,0,0,12,0,44,13,7,0,0
2005,370006,1,1,0,0,0,0,0,0,0,0,0,0
2005,370007,1,1,0,0,0,0,0,0,0,0,0,0
2005,370007,2,1,15,15,15,15,15,15,15,15,15,15
2005,370008,1,1,13,17,16,0,22,12,22,21,30,21
2005,370009,1,1,0,0,0,0,0,0,0,0,0,0
2005,370010,1,1,0,0,0,0,0,0,0,0,0,0
2005,370010,2,1,0,0,0,0,0,0,0,0,0,0
2005,370011,1,1,12,12,12,12,12,12,12,12,12,12
2005,370012,1,1,0,0,0,0,0,0,0,0,0,0
2005,370013,1,1,0,0,0,0,0,0,0,0,0,0
2005,370013,2,1,0,0,0,0,0,0,0,0,0,0
2005,370014,1,1,0,0,0,0,0,0,0,0,0,0
2005,370015,1,1,0,0,0,0,0,0,0,0,0,0
2005,370015,2,1,0,0,0,0,0,0,0,0,0,10
2005,370016,1,1,25,25,25,25,25,25,25,25,25,25
2005,370017,1,1,8,23,25,10,34,0,20,18,23,20
2005,370018,1,1,15,15,15,15,15,15,15,15,15,15
2005,370019,1,1,0,19,12,16,12,11,15,25,0,18
2005,370019,2,1,0,0,0,0,0,0,0,0,0,0
2005,370020,0,1,0,0,0,0,0,0,0,0,0,0
2005,370020,1,1,0,0,0,0,0,0,0,0,0,0
2005,370021,1,1,0,0,0,0,0,0,0,0,19,0
2005,370022,1,1,0,0,0,0,0,0,0,0,0,0
2005,370022,2,1,0,0,0,0,13,0,0,0,0,0
2005,370023,1,1,0,0,0,0,0,0,0,0,0,0
2005,370023,2,1,0,0,0,0,0,0,0,0,0,0
2005,370024,1,1,0,0,0,0,0,0,0,0,0,0
2005,370024,2,1,0,0,0,0,0,0,0,0,0,0
2005,370024,3,1,0,0,0,0,0,0,0,0,0,0
2005,370025,1,1,20,20,20,20,20,20,20,20,20,20
2005,370026,1,1,0,0,0,0,0,0,0,0,0,0
2005,370026,2,1,0,0,0,0,0,0,0,0,0,0
2005,370027,1,1,0,0,0,0,0,0,0,0,0,0
2005,370028,1,1,0,0,0,0,0,0,0,0,0,0
2005,370028,2,1,0,0,0,0,16,0,0,0,0,0
2005,370029,1,1,0,0,0,0,0,0,0,0,0,0
2005,370030,1,1,0,0,0,0,0,0,0,0,0,0
2005,370030,2,1,0,0,0,0,0,0,0,0,0,0
2005,370031,1,1,0,0,0,0,0,0,0,0,0,0
2005,370031,2,1,22,22,22,22,22,22,22,22,22,22
2005,370032,1,1,17,17,17,17,17,17,17,17,17,17
2005,370033,1,1,20,20,20,20,20,20,20,20,20,20
2005,370034,1,1,0,0,0,0,0,0,0,0,0,0
2005,370034,2,1,0,0,0,0,0,0,0,0,0,0
2005,370035,1,1,0,0,0,0,0,0,0,0,0,0
2005,370035,2,1,0,0,0,0,0,0,0,0,0,0
2005,370035,3,1,0,0,0,0,0,0,0,0,0,0
2005,370036,0,1,14,14,14,14,14,14,14,14,14,14
2005,370036,1,1,0,0,0,0,0,0,0,0,13,0
2005,370037,1,1,15,13,13,26,0,11,0,9,25,4
2005,370037,2,1,0,0,0,0,0,0,0,0,0,0
2005,370038,1,1,0,0,0,0,0,0,0,0,0,0
2005,370038,2,1,0,0,0,0,0,0,0,0,0,0
2005,370039,1,1,0,0,0,0,0,0,0,0,0,0
2005,370040,0,1,0,0,0,0,0,0,0,0,0,0
2005,370040,1,1,0,20,0,0,0,0,0,0,0,0
2005,370041,1,1,25,25,25,25,25,25,25,25,25,25
2005,370042,1,1,0,0,0,0,0,0,0,0,0,0
2005,370043,1,1,21,19,15,25,15,11,24,11,15,20