YEAR,ST_CASE,veh_no,per_no,P1,P2,P3,P4,P5,P6,P7,P8,P9,P10
2005,370044,1,1,0,0,0,0,0,0,0,0,0,0
2005,370044,2,1,0,0,0,0,0,0,0,0,0,0
2005,370045,1,1,0,0,0,0,0,0,0,0,0,0
2005,370046,1,1,0,0,0,0,0,0,0,0,0,0
2005,370046,2,1,0,0,0,0,0,0,0,0,0,0
2005,370047,1,1,0,0,0,0,0,0,0,0,0,0
2005,370047,2,1,0,0,0,0,0,0,0,0,0,0
2005,370048,1,1,7,7,7,7,7,7,7,7,7,7
2005,370049,1,1,0,0,0,0,0,0,0,0,0,0
2005,370049,2,1,15,15,15,15,15,15,15,15,15,15
2005,370050,1,1,0,0,0,0,0,0,0,0,0,0
2005,370051,1,1,0,0,0,0,0,0,0,0,0,0
2005,370051,2,1,0,0,0,0,0,0,0,0,0,0
2005,370052,1,1,0,26,17,22,0,29,21,29,14,20
2005,370053,1,1,0,0,0,0,0,0,0,0,0,0
2005,370053,2,1,0,0,0,0,0,0,0,0,0,0
2005,370054,1,1,0,0,0,0,0,0,0,0,0,0
2005,370054,2,1,0,0,0,0,0,0,0,0,0,0
2005,370055,1,1,0,0,0,0,0,0,0,0,0,0
2005,370055,2,1,0,0,0,0,0,0,0,0,0,0
2005,370056,1,1,0,0,0,0,0,0,0,0,0,0
2005,370056,2,1,0,0,0,0,0,0,0,0,0,0
2005,370057,1,1,0,0,0,0,0,7,0,0,0,0
2005,370057,2,1,0,0,0,0,0,0,0,0,0,0
2005,370058,1,1,0,0,0,0,0,0,0,0,0,0
2005,370059,1,1,0,0,0,0,0,0,0,0,0,0
2005,370060,1,1,0,0,0,0,0,0,0,0,0,0
2005,370061,1,1,0,0,0,0,0,0,0,0,0,0
2005,370061,2,1,0,0,0,0,0,0,0,0,0,0
2005,370062,1,1,0,0,0,0,0,0,0,0,0,0
2005,370063,1,1,0,0,0,0,0,0,0,0,0,0
2005,370063,2,1,0,0,0,0,0,0,0,0,0,0
2005,370063,3,1,0,0,0,0,0,0,0,4,0,0
2005,370064,1,1,0,0,0,0,0,0,0,0,0,0
2005,370064,2,1,0,0,0,0,0,0,0,0,0,0
2005,370065,1,1,0,0,0,0,0,0,0,0,0,0
2005,370065,2,1,0,0,0,0,0,0,0,0,0,0
2005,370066,1,1,0,0,0,0,0,0,0,0,0,0
2005,370067,1,1,0,13,18,14,9,4,19,18,16,17
2005,370068,1,1,34,34,34,34,34,34,34,34,34,34
2005,370069,1,1,0,0,0,0,0,0,0,0,0,0
2005,370070,1,1,0,0,0,0,0,0,0,0,0,0
2005,370070,2,1,0,0,0,0,0,0,0,0,0,0
2005,370071,1,1,0,0,0,0,0,12,0,0,0,0
2005,370072,0,1,9,9,9,9,9,9,9,9,9,9
2005,370072,1,1,13,0,0,0,0,0,0,0,0,0
2005,370073,1,1,30,30,30,30,30,30,30,30,30,30
2005,370074,1,1,0,0,0,0,0,0,0,0,0,0
2005,370074,2,1,0,0,0,0,0,0,0,0,0,0
2005,370075,1,1,20,20,20,20,20,20,20,20,20,20
2005,370076,1,1,29,29,29,29,29,29,29,29,29,29
2005,370077,1,1,13,11,21,11,18,32,17,22,0,15
2005,370077,2,1,0,0,0,0,0,0,0,0,0,0
2005,370077,3,1,0,0,0,0,0,0,0,0,0,0
2005,370078,1,1,0,0,0,0,0,0,0,0,0,0
2005,370078,2,1,0,0,0,0,0,0,0,0,0,0
2005,370079,1,1,0,0,0,0,0,0,0,0,0,0
2005,370079,2,1,0,0,0,0,0,0,0,0,0,0
2005,370080,1,1,4,0,0,0,0,0,0,0,0,12
2005,370080,2,1,0,0,0,0,0,0,0,0,0,0
2005,370081,1,1,6,15,23,7,9,9,6,10,11,16
2005,370081,2,1,0,0,0,0,0,0,0,0,0,0
2005,370082,1,1,0,0,0,0,0,0,0,0,0,0
2005,370082,2,1,0,0,0,0,0,12,0,0,0,0
2005,370083,0,1,0,0,0,0,0,0,0,0,0,0
2005,370083,1,1,0,0,0,0,0,0,0,0,0,0
2005,370084,2,1,5,0,0,0,0,8,0,0,0,0
2005,370085,1,1,0,0,0,0,0,0,0,0,0,0
2005,370086,1,1,0,0,0,0,0,0,0,0,0,0
2005,370087,0,1,7,7,7,7,7,7,7,7,7,7
2005,370087,1,1,0,0,0,0,0,0,0,0,0,0
2005,370088,1,1,18,18,18,18,18,18,18,18,18,18
2005,370088,2,1,0,23,0,0,0,0,0,0,0,0
2005,370089,1,1,26,26,26,26,26,26,26,26,26,26
2005,370090,1,1,0,0,0,0,0,0,0,0,0,0
2005,370091,1,1,17,17,17,17,17,17,17,17,17,17
2005,370091,2,1,0,0,0,0,0,0,0,0,0,0
2005,370092,1,1,0,0,0,0,0,0,0,0,0,0
2005,370092,2,1,0,0,0,0,0,0,16,0,0,0
2005,370092,3,1,0,0,0,0,0,0,0,0,0,0
2005,370092,4,1,0,0,0,0,0,0,0,0,0,0
2005,370092,5,1,0,0,0,0,0,0,0,0,0,0
2005,370093,1,1,0,0,0,0,0,0,0,0,0,0
2005,370094,1,1,0,0,0,0,0,0,0,0,0,0
2005,370094,2,1,0,0,0,0,0,0,0,0,0,0
2005,370094,3,1,0,0,0,0,7,7,0,0,0,0
2005,370095,1,1,0,0,0,0,0,0,0,0,0,0
2005,370096,1,1,0,0,0,0,0,0,0,0,0,0
2005,370096,2,1,0,0,0,0,0,0,0,0,0,0
2005,370097,1,1,3,3,3,3,3,3,3,3,3,3
2005,370098,2,1,0,0,0,0,0,0,0,0,0,0
2005,370099,1,1,0,0,0,0,0,0,0,0,0,0
2005,370100,0,1,0,0,0,0,0,0,0,0,0,0
2005,370100,1,1,0,0,0,0,10,0,0,0,0,0
2005,370101,0,1,3,3,3,3,3,3,3,3,3,3
2005,370101,1,1,0,0,0,0,0,0,0,0,0,0
2005,370102,1,1,0,0,0,0,0,0,0,0,0,0
2005,370102,2,1,0,0,0,0,0,0,0,0,0,0
2005,370103,1,1,14,17,7,19,12,15,27,23,22,20
2005,370104,1,1,0,0,0,0,0,0,0,0,0,0
2005,370104,2,1,22,22,22,22,22,22,22,22,22,22
2005,370105,0,1,0,0,0,0,0,0,0,0,0,0
2005,370105,1,1,0,0,0,0,0,0,0,0,0,0
2005,370106,1,1,0,0,0,0,0,0,0,0,0,0
2005,370107,0,1,0,0,0,0,0,0,0,0,0,0
2005,370107,1,1,0,0,25,0,0,0,0,0,0,0
2005,370108,0,1,0,0,0,0,0,0,0,0,0,0
2005,370108,1,1,8,0,0,9,16,17,12,11,5,18
2005,370109,1,1,0,0,0,0,0,0,0,0,0,0
2005,370109,2,1,0,0,0,0,0,0,0,0,0,6
2005,370110,1,1,0,0,0,0,0,0,0,0,0,0
2005,370111,1,1,5,24,17,9,8,19,16,5,0,20
2005,370111,2,1,0,0,0,0,0,0,0,0,0,0
2005,370112,1,1,0,0,0,0,0,0,0,0,0,0
2005,370112,2,1,16,16,16,16,16,16,16,16,16,16
2005,370113,1,1,8,8,8,8,8,8,8,8,8,8
2005,370114,0,1,0,0,0,0,0,0,0,0,0,0
2005,370114,1,1,0,0,0,0,0,0,0,0,0,0
2005,370114,2,1,0,8,21,0,0,0,0,13,0,0
2005,370114,3,1,0,0,0,0,13,0,0,0,0,14
2005,370115,1,1,0,0,0,0,0,0,0,0,0,0
2005,370115,2,1,0,0,0,0,6,0,0,0,0,0
2005,370116,1,1,0,0,0,0,0,0,0,0,0,0
2005,370116,2,1,21,11,13,9,16,16,22,5,0,12
2005,370117,1,1,0,0,0,0,0,0,0,0,0,0
2005,370117,2,1,0,0,0,0,0,0,0,0,0,0
2005,370118,1,1,6,0,0,0,0,0,0,0,0,0
2005,370118,2,1,0,0,0,0,0,0,0,0,0,0
2005,370119,1,1,0,0,0,0,0,0,0,0,0,0
2005,370120,1,1,0,0,0,0,0,0,0,0,0,0
2005,370120,2,1,0,0,0,0,0,0,0,0,0,0
2005,370120,3,1,0,0,0,0,0,0,0,0,0,0
2005,370121,1,1,24,24,24,24,24,24,24,24,24,24
2005,370122,1,1,0,0,0,0,0,0,0,0,0,0
2005,370123,1,1,0,0,0,0,0,0,0,0,0,0
2005,370123,2,1,0,0,0,0,0,0,0,0,0,0
2005,370124,1,1,23,12,12,15,14,22,0,13,17,28
2005,370124,2,1,0,0,0,0,0,0,0,0,0,0
2005,370124,3,1,0,0,0,0,0,0,0,0,0,0
2005,370125,1,1,0,0,0,0,0,0,0,0,0,0
2005,370125,2,1,0,0,0,0,0,0,0,0,0,0
2005,370126,1,1,0,0,0,0,0,0,0,0,0,0
2005,370127,1,1,27,27,27,27,27,27,27,27,27,27
2005,370128,0,1,27,27,27,27,27,27,27,27,27,27
2005,370128,1,1,0,0,0,0,0,0,0,0,13,0
2005,370128,2,1,0,0,6,0,0,0,0,0,0,0
2005,370129,1,1,0,0,0,0,0,0,0,0,0,0
2005,370129,2,1,0,0,0,0,0,0,0,0,0,0
2005,370130,1,1,0,0,0,0,0,12,0,0,0,0
2005,370130,2,1,6,6,6,6,6,6,6,6,6,6
2005,370131,1,1,0,0,0,0,0,0,0,0,0,0
2005,370131,2,1,0,0,0,0,13,0,0,0,0,0
2005,370132,0,1,5,5,5,5,5,5,5,5,5,5
2005,370132,1,1,6,0,7,15,0,0,15,0,0,0
2005,370133,1,1,21,21,21,21,21,21,21,21,21,21
2005,370134,1,1,20,20,20,20,20,20,20,20,20,20
2005,370135,1,1,25,25,25,25,25,25,25,25,25,25
2005,370136,1,1,0,0,0,0,0,0,0,0,0,0
2005,370137,1,1,0,0,0,0,0,0,0,0,0,0
2005,370138,1,1,0,0,0,0,0,0,0,0,0,0
2005,370138,2,1,21,21,21,21,21,21,21,21,21,21
2005,370139,1,1,0,0,0,0,0,0,0,0,0,0
2005,370139,2,1,0,0,0,0,0,0,0,0,0,0
2005,370140,1,1,4,0,19,0,4,0,0,0,0,0
2005,370141,1,1,21,21,21,21,21,21,21,21,21,21
2005,370142,1,1,13,11,8,0,8,0,15,32,0,10
2005,370143,1,1,25,3,9,10,10,18,17,15,16,12
2005,370144,1,1,0,0,20,13,0,0,0,0,14,0
2005,370145,1,1,0,0,0,0,0,0,0,0,0,0
2005,370146,1,1,0,0,0,0,0,0,0,0,0,0
2005,370147,1,1,0,0,0,0,0,0,0,0,0,0
2005,370147,2,1,0,0,0,0,0,0,0,0,0,0
2005,370148,1,1,0,0,0,0,0,0,0,0,0,0
2005,370148,2,1,0,0,0,0,0,0,0,0,0,0
2005,370149,1,1,0,0,0,0,0,0,0,0,0,0
2005,370150,1,1,0,0,0,0,0,0,0,0,25,0
2005,370151,1,1,0,0,0,0,0,0,0,0,0,0
2005,370152,1,1,35,35,35,35,35,35,35,35,35,35
2005,370152,2,1,0,0,0,0,0,0,0,0,0,0
2005,370152,3,1,0,0,0,0,0,0,0,0,0,0
2005,370153,1,1,0,0,0,0,0,0,0,0,0,0
2005,370153,2,1,0,0,0,0,0,0,0,0,0,0
2005,370153,3,1,0,0,0,0,0,0,0,0,0,0
2005,370154,0,1,0,0,0,0,0,0,0,0,0,0
2005,370154,1,1,0,0,0,0,0,0,0,0,0,0
2005,370155,1,1,0,0,0,0,0,0,0,0,0,0
2005,370155,2,1,0,0,0,0,0,0,0,0,0,0
2005,370156,1,1,25,25,25,25,25,25,25,25,25,25
2005,370157,1,1,0,0,0,0,0,0,0,0,0,0
2005,370157,2,1,0,0,0,0,0,0,0,0,0,0
2005,370158,0,1,0,0,0,0,0,0,0,0,0,0
2005,370158,1,1,0,0,16,0,0,0,0,0,0,0
2005,370159,1,1,0,0,0,0,0,0,0,0,0,0
2005,370160,1,1,0,0,0,0,0,0,0,0,0,0
2005,370161,1,1,18,18,18,18,18,18,18,18,18,18
2005,370162,1,1,19,19,19,19,19,19,19,19,19,19
2005,370163,1,1,0,0,0,0,15,0,0,0,0,0
2005,370163,2,1,0,0,0,0,0,0,0,0,0,0
2005,370163,3,1,0,0,0,0,0,0,0,0,0,0
2005,370164,1,1,0,0,0,0,0,0,0,0,0,0
2005,370164,2,1,0,0,0,0,0,0,0,0,0,0
2005,370165,1,1,13,13,13,13,13,13,13,13,13,13
2005,370166,0,1,24,24,24,24,24,24,24,24,24,24
2005,370166,1,1,0,0,0,0,0,0,0,0,0,0
2005,370167,0,1,21,21,21,21,21,21,21,21,21,21
2005,370167,1,1,0,0,0,18,0,0,0,0,0,0
2005,370168,1,1,0,0,0,0,0,0,0,0,0,0
2005,370168,2,1,0,0,0,0,0,0,0,0,0,0
2005,370169,0,1,23,23,23,23,23,23,23,23,23,23
2005,370169,1,1,0,0,3,0,0,10,0,0,0,0
2005,370170,1,1,0,0,0,0,0,0,0,0,0,0
2005,370170,2,1,0,0,0,0,0,0,0,0,0,0
2005,370171,1,1,0,0,0,0,0,0,0,0,0,0
2005,370171,2,1,0,0,0,0,0,0,0,0,0,0
2005,370172,1,1,3,0,0,10,0,0,0,0,0,0
2005,370173,1,1,0,0,0,0,0,0,0,0,0,0
2005,370174,1,1,0,0,0,0,0,0,0,0,0,0
2005,370175,1,1,10,0,35,24,35,21,8,25,28,13
2005,370176,1,1,0,0,0,0,16,0,12,0,0,0
2005,370177,1,1,12,12,12,12,12,12,12,12,12,12
2005,370178,1,1,0,0,0,10,0,0,14,0,0,0
2005,370179,1,1,0,0,0,0,0,0,0,0,0,0
2005,370179,2,1,0,0,0,0,0,0,0,0,0,0
2005,370180,1,1,0,0,0,0,0,0,0,0,0,0
2005,370180,2,1,0,0,0,0,0,0,0,0,0,0
2005,370181,1,1,0,22,19,12,0,21,6,14,0,22
2005,370182,0,1,25,25,25,25,25,25,25,25,25,25
2005,370182,1,1,0,0,0,0,0,0,0,9,8,0
2005,370183,1,1,0,0,0,0,0,0,0,0,0,0
2005,370183,2,1,0,0,0,0,0,0,0,0,0,0
2005,370184,1,1,0,0,0,0,0,0,0,0,0,0
2005,370185,1,1,0,0,0,0,0,0,0,0,0,0
2005,370185,2,1,0,0,0,0,0,0,0,0,0,0
2005,370185,3,1,0,0,0,0,0,0,0,0,0,0
2005,370186,1,1,15,15,15,15,15,15,15,15,15,15
2005,370186,2,1,0,0,0,0,0,0,0,0,0,29
2005,370186,3,1,0,0,0,0,0,0,0,0,0,0
2005,370187,1,1,0,0,0,0,0,0,0,0,0,0
2005,370188,1,1,6,0,30,15,12,10,0,0,13,0
2005,370189,1,1,0,0,0,0,0,0,0,0,0,0
2005,370189,2,1,0,0,0,0,0,0,0,0,0,0
2005,370190,1,1,0,0,0,0,0,0,0,0,0,0
2005,370191,1,1,0,0,0,0,0,0,0,0,0,0
2005,370192,1,1,9,9,9,9,9,9,9,9,9,9
2005,370193,0,1,15,15,15,15,15,15,15,15,15,15
2005,370193,1,1,0,0,0,0,0,0,0,0,0,0
2005,370194,1,1,8,8,8,8,8,8,8,8,8,8
2005,370195,1,1,10,10,10,10,10,10,10,10,10,10
2005,370196,1,1,13,13,13,13,13,13,13,13,13,13
2005,370197,1,1,0,0,0,0,0,0,0,0,0,0
2005,370197,2,1,0,0,0,0,0,0,0,0,0,0
2005,370198,1,1,0,0,0,0,0,0,0,0,0,0
2005,370198,2,1,0,0,0,0,0,0,0,0,0,0
2005,370198,3,1,0,0,0,0,0,0,0,0,0,0
2005,370199,1,1,0,0,0,0,0,0,0,0,0,0
2005,370199,2,1,0,0,0,0,0,0,0,0,0,0
2005,370200,1,1,0,0,0,0,0,0,0,0,0,0
2005,370200,2,1,0,0,0,0,0,18,0,15,0,12
2005,370201,1,1,0,0,0,0,0,0,0,0,0,0
2005,370202,1,1,29,29,29,29,29,29,29,29,29,29
2005,370203,1,1,23,23,23,23,23,23,23,23,23,23
2005,370203,2,1,0,0,0,0,0,0,0,0,0,0
2005,370204,0,1,21,21,21,21,21,21,21,21,21,21
2005,370204,1,1,0,0,0,0,0,0,0,0,0,0
2005,370205,1,1,0,0,0,0,0,0,0,0,0,0
2005,370206,1,1,14,14,14,14,14,14,14,14,14,14
2005,370207,1,1,24,24,24,24,24,24,24,24,24,24
2005,370208,1,1,0,0,0,0,0,0,0,0,0,0
2005,370209,1,1,0,0,0,0,0,0,0,0,0,0
2005,370209,2,1,0,19,0,0,0,0,0,0,0,0
2005,370210,1,1,0,0,0,0,0,0,0,0,0,0
2005,370211,1,1,0,0,0,0,0,11,0,0,6,0
2005,370212,1,1,0,0,0,0,0,0,0,0,0,0
2005,370212,2,1,0,0,0,0,0,0,0,0,0,0
2005,370213,1,1,16,16,16,16,16,16,16,16,16,16
2005,370214,1,1,7,7,7,7,7,7,7,7,7,7
2005,370214,2,1,0,0,0,0,0,0,0,0,0,0
2005,370215,1,1,0,0,0,0,0,0,0,0,0,0
2005,370215,2,1,0,0,0,0,0,0,0,0,0,0
2005,370215,3,1,0,0,0,0,0,0,0,0,0,0
2005,370216,1,1,0,0,0,0,0,0,0,0,0,0
2005,370216,2,1,0,0,0,0,0,0,0,0,0,0
2005,370217,1,1,4,4,4,4,4,4,4,4,4,4
2005,370218,1,1,0,0,0,0,0,0,0,0,0,0
2005,370219,0,1,0,0,0,0,0,0,0,0,0,0
2005,370219,1,1,7,11,8,0,16,21,6,13,14,2
2005,370220,1,1,31,19,7,23,32,9,35,23,12,14
2005,370220,2,1,0,0,0,0,0,0,0,0,0,0
2005,370220,3,1,0,0,0,0,0,0,0,0,0,0
2005,370221,1,1,0,0,0,0,0,0,0,0,0,0
2005,370222,1,1,0,0,0,0,0,0,0,0,0,0
2005,370223,0,1,0,0,0,0,0,0,0,0,0,0
2005,370223,1,1,0,7,0,0,0,0,0,13,0,0
2005,370224,0,1,31,31,31,31,31,31,31,31,31,31
2005,370224,1,1,16,17,0,0,0,0,0,0,13,0
2005,370225,1,1,0,0,0,0,0,0,0,0,0,0
2005,370226,1,1,24,0,0,0,0,6,0,0,0,0
2005,370226,2,1,0,0,0,0,0,8,0,0,0,0
2005,370227,1,1,24,24,24,24,24,24,24,24,24,24
2005,370228,1,1,0,0,0,0,0,0,0,0,0,0
2005,370229,1,1,0,0,0,0,0,0,0,0,0,0
2005,370229,2,1,0,0,0,0,0,0,0,0,0,0
2005,370229,3,1,0,0,0,0,0,0,0,0,0,0
2005,370229,4,1,0,0,0,0,0,0,0,0,0,0
2005,370230,1,1,0,0,0,0,0,0,0,0,0,0
2005,370230,2,1,35,35,35,35,35,35,35,35,35,35
2005,370231,1,1,0,0,0,0,0,0,0,0,0,0
2005,370231,2,1,0,0,0,0,0,0,0,0,0,0
2005,370231,3,1,0,0,0,0,0,0,0,0,0,0
2005,370232,1,1,0,0,0,0,0,0,0,0,0,0
2005,370232,2,1,0,0,0,0,0,0,0,0,0,0
2005,370233,1,1,0,0,0,0,0,0,0,0,0,0
2005,370234,1,1,15,20,17,34,19,15,9,12,0,20
2005,370234,2,1,0,0,0,0,0,0,0,0,0,0
2005,370235,1,1,0,0,0,0,0,0,0,0,0,0
2005,370235,2,1,0,0,0,0,0,0,0,0,0,0
2005,370236,1,1,0,0,0,0,0,0,0,0,0,0
2005,370236,2,1,0,10,0,0,0,0,0,0,0,0
2005,370237,1,1,0,0,0,0,0,0,0,0,0,0
2005,370237,2,1,0,0,0,0,0,0,0,0,0,0
2005,370238,1,1,0,0,0,0,0,0,0,0,0,0
2005,370238,2,1,19,0,0,0,0,0,0,0,6,0
2005,370239,1,1,0,0,0,0,0,7,0,0,0,0
2005,370239,2,1,0,0,0,0,0,0,0,0,0,0
2005,370240,1,1,10,10,10,10,10,10,10,10,10,10
2005,370241,1,1,17,17,17,17,17,17,17,17,17,17
2005,370242,0,1,38,38,38,38,38,38,38,38,38,38
2005,370242,1,1,0,0,0,0,0,0,0,0,0,0
2005,370243,1,1,0,0,0,0,0,0,0,0,0,0
2005,370244,1,1,6,10,0,9,0,6,0,14,0,14
2005,370244,2,1,0,0,0,0,0,0,0,0,0,0
2005,370245,0,1,23,23,23,23,23,23,23,23,23,23
2005,370245,1,1,0,0,0,18,0,0,0,0,0,0
2005,370246,1,1,0,0,0,0,0,0,0,0,0,0
2005,370247,1,1,25,25,25,25,25,25,25,25,25,25
2005,370248,1,1,0,0,0,0,0,0,0,0,0,0
2005,370248,2,1,0,0,0,0,0,0,0,0,0,0
2005,370248,3,1,0,0,0,0,0,0,0,0,0,0
2005,370249,0,1,0,0,0,0,0,0,0,0,0,0
2005,370249,1,1,0,0,0,0,0,0,0,0,0,0
2005,370250,1,1,0,0,0,0,0,0,0,0,0,0
2005,370250,2,1,0,0,0,8,0,0,0,0,0,0
2005,370250,3,1,0,0,0,0,0,0,0,0,0,0
2005,370251,0,1,17,17,17,17,17,17,17,17,17,17
2005,370251,1,1,0,0,0,0,0,0,0,0,0,0
2005,370252,1,1,20,20,20,20,20,20,20,20,20,20
2005,370253,0,1,0,0,0,0,0,0,0,0,0,0
2005,370253,1,1,0,0,0,0,0,0,0,0,0,0
2005,370254,1,1,0,0,0,0,0,0,0,0,0,0
2005,370255,1,1,18,5,9,6,25,31,7,7,18,9
2005,370256,1,1,0,0,0,0,0,0,0,0,0,0
2005,370256,2,1,0,0,0,0,0,0,0,0,0,0
2005,370256,3,1,0,0,0,0,0,0,0,0,0,0
2005,370257,1,1,0,0,0,0,0,0,0,0,0,0
2005,370257,2,1,0,0,0,0,0,0,0,0,0,0
2005,370258,1,1,20,20,20,20,20,20,20,20,20,20
2005,370259,1,1,7,0,0,0,0,9,0,0,0,0
2005,370260,0,1,4,4,4,4,4,4,4,4,4,4
2005,370260,1,1,0,0,0,0,0,0,0,0,0,0
2005,370261,1,1,0,0,0,0,0,0,0,0,0,0
2005,370261,2,1,0,0,0,0,0,0,0,0,0,0
2005,370262,1,1,8,0,19,12,0,13,0,0,0,12
2005,370263,1,1,0,0,0,0,0,0,0,0,0,18
2005,370263,2,1,9,9,9,9,9,9,9,9,9,9
2005,370264,0,1,29,29,29,29,29,29,29,29,29,29
2005,370264,1,1,0,0,0,0,17,0,0,0,0,0
2005,370265,1,1,0,0,0,0,0,0,0,0,0,0
2005,370266,1,1,9,9,9,9,9,9,9,9,9,9
2005,370267,1,1,0,0,0,0,0,0,0,0,0,0
2005,370268,1,1,0,0,0,0,0,0,0,0,0,0
2005,370268,2,1,0,0,0,0,0,0,0,0,0,0
2005,370269,1,1,0,0,0,0,0,0,0,0,0,0
2005,370270,1,1,0,0,0,0,0,0,0,0,0,0
2005,370270,2,1,0,0,0,6,0,0,0,0,0,0
2005,370271,1,1,35,0,0,3,0,0,9,27,28,0
2005,370272,1,1,0,0,0,0,0,0,0,0,0,0
2005,370273,1,1,0,0,0,0,0,0,0,0,0,0
2005,370273,2,1,0,0,0,0,0,0,0,0,0,0
2005,370274,1,1,0,0,0,0,0,0,0,0,0,0
2005,370275,1,1,0,0,0,0,0,0,0,0,0,0
2005,370275,2,1,0,0,0,0,0,0,0,0,0,0
2005,370275,3,1,0,0,0,0,0,0,0,0,0,0
2005,370276,1,1,0,0,0,0,0,0,0,0,0,0
2005,370277,0,1,0,0,0,0,0,0,0,0,0,0
2005,370277,1,1,0,10,0,0,10,0,0,15,13,0
2005,370278,0,1,14,14,14,14,14,14,14,14,14,14
2005,370278,1,1,0,0,0,13,17,0,0,0,0,0
2005,370279,1,1,6,6,6,6,6,6,6,6,6,6
2005,370280,1,1,0,0,0,0,0,0,0,0,0,0
2005,370281,1,1,16,16,16,16,16,16,16,16,16,16
2005,370282,1,1,0,0,0,0,0,0,0,0,0,0
2005,370283,1,1,0,0,0,0,0,0,0,0,0,0
2005,370283,2,1,0,0,0,0,0,0,0,0,0,0
2005,370284,1,1,0,0,0,0,0,0,0,0,0,0
2005,370284,2,1,0,0,0,0,0,0,0,0,0,0
2005,370284,3,1,0,0,0,0,0,0,0,0,0,0
2005,370285,1,1,0,0,0,0,0,0,0,0,0,0
2005,370285,2,1,0,0,0,0,0,0,0,0,0,0
2005,370286,1,1,17,15,19,20,19,18,27,18,29,28
2005,370287,1,1,8,0,0,0,0,0,0,0,0,19
2005,370288,1,1,0,0,0,0,0,0,0,0,0,0
2005,370289,1,1,0,0,0,0,0,0,0,0,0,0
2005,370290,1,1,0,0,0,0,0,0,0,0,0,0
2005,370290,2,1,0,0,0,0,0,0,0,0,16,0
2005,370291,1,1,0,0,0,0,0,0,0,0,0,0
2005,370292,1,1,0,0,0,0,10,0,0,0,0,0
2005,370292,2,1,0,0,0,0,0,0,0,0,0,0
2005,370293,1,1,10,10,10,10,10,10,10,10,10,10
2005,370294,1,1,0,0,0,0,0,0,0,0,0,0
2005,370294,2,1,0,0,0,0,0,0,0,0,0,0
2005,370295,1,1,0,0,0,0,0,0,0,0,0,0
2005,370295,2,1,0,0,0,0,0,0,0,0,0,0
2005,370295,3,1,0,0,0,0,0,0,0,0,0,0
2005,370296,1,1,6,13,0,23,23,33,17,12,17,22
2005,370297,1,1,0,0,0,0,0,0,0,5,0,0
2005,370298,1,1,0,0,0,0,0,0,0,0,0,8
2005,370298,2,1,0,0,0,0,0,0,11,0,0,0
2005,370299,1,1,0,0,0,0,0,0,0,0,0,0
2005,370299,2,1,0,0,0,0,0,0,0,0,0,0
2005,370299,3,1,0,0,0,0,0,0,0,0,0,0
2005,370300,1,1,0,0,0,0,0,0,0,0,0,0
2005,370300,2,1,0,0,0,0,0,0,0,0,0,0
2005,370300,3,1,0,0,0,0,0,0,0,0,0,0
2005,370301,1,1,17,17,17,17,17,17,17,17,17,17
2005,370302,1,1,0,0,0,0,0,0,0,0,0,0
2005,370303,1,1,2,2,2,2,2,2,2,2,2,2
2005,370303,2,1,0,0,0,0,0,0,0,0,0,0
2005,370304,1,1,0,0,0,0,0,0,0,0,0,0
2005,370304,2,1,0,0,0,0,8,0,0,0,0,0
2005,370305,1,1,0,0,0,0,0,0,0,0,0,0
2005,370305,2,1,0,0,0,0,0,0,14,0,0,0
2005,370306,1,1,0,4,0,0,0,0,0,0,0,0
2005,370306,2,1,0,0,0,0,0,0,0,0,0,0
2005,370307,1,1,0,0,0,0,0,0,27,11,0,0
2005,370308,1,1,0,0,0,16,0,0,0,0,0,0
2005,370308,2,1,0,0,12,0,0,12,0,7,0,0
2005,370309,1,1,0,0,0,0,0,0,0,0,0,0
2005,370310,1,1,0,0,0,3,0,0,0,0,0,4
2005,370311,1,1,0,0,0,0,0,0,0,0,0,0
2005,370312,1,1,0,0,0,0,0,0,0,0,0,0
2005,370312,2,1,0,0,0,0,0,9,0,0,0,0
2005,370313,1,1,0,0,0,0,0,0,0,0,0,0
2005,370314,0,1,0,0,0,0,0,0,0,0,0,0
2005,370314,1,1,0,0,0,0,0,0,0,0,0,0
2005,370315,1,1,0,0,0,0,0,0,0,0,0,0
2005,370316,1,1,38,38,38,38,38,38,38,38,38,38
2005,370316,2,1,0,0,0,0,0,0,0,0,0,0
2005,370317,1,1,16,16,16,16,16,16,16,16,16,16
2005,370318,1,1,0,0,0,0,0,0,0,0,0,0
2005,370319,1,1,9,9,9,9,9,9,9,9,9,9
2005,370320,1,1,0,0,0,0,0,0,0,0,0,0
2005,370321,1,1,0,0,0,0,0,0,0,0,0,0
2005,370322,1,1,10,22,19,11,21,6,21,8,11,13
2005,370322,2,1,0,0,0,0,0,0,0,0,0,0
2005,370323,1,1,0,0,0,0,0,0,0,17,0,0
2005,370323,2,1,0,0,0,0,0,0,0,0,0,0
2005,370324,1,1,12,12,12,12,12,12,12,12,12,12
2005,370324,2,1,0,0,0,0,0,0,0,0,0,0
2005,370325,1,1,0,0,20,0,0,0,0,0,0,0
2005,370326,1,1,0,0,0,0,0,0,0,0,0,0
2005,370327,1,1,0,0,0,0,0,0,0,0,0,0
2005,370328,1,1,0,11,10,17,0,0,11,14,0,0
2005,370329,1,1,0,0,0,0,0,0,0,0,0,0
2005,370329,2,1,0,0,0,0,0,0,0,0,0,0
2005,370329,3,1,0,0,0,0,0,0,0,0,0,0
2005,370330,1,1,0,0,0,0,0,0,0,0,0,0