YEAR,ST_CASE,veh_no,per_no,P1,P2,P3,P4,P5,P6,P7,P8,P9,P10
2005,370330,2,1,3,0,0,0,0,0,0,0,0,0
2005,370331,1,1,0,0,0,0,0,0,0,0,0,0
2005,370331,2,1,0,0,0,0,0,0,0,0,0,0
2005,370332,0,1,0,0,0,0,0,0,0,0,0,0
2005,370332,1,1,0,0,0,0,0,0,15,0,0,0
2005,370334,1,1,13,13,13,13,13,13,13,13,13,13
2005,370334,2,1,0,0,0,0,0,0,0,0,0,0
2005,370335,1,1,13,13,13,13,13,13,13,13,13,13
2005,370335,2,1,0,0,0,0,0,0,0,0,0,0
2005,370335,3,1,0,0,0,9,0,0,0,0,0,0
2005,370335,4,1,0,0,0,0,0,0,0,0,9,0
2005,370336,1,1,0,0,0,0,0,0,0,0,0,0
2005,370337,1,1,0,0,0,0,0,0,0,0,0,0
2005,370338,1,1,0,0,0,0,0,0,0,0,0,0
2005,370339,1,1,0,0,0,7,0,0,0,0,0,0
2005,370339,2,1,16,30,3,8,7,10,6,14,4,7
2005,370340,1,1,0,0,0,0,0,0,0,0,0,0
2005,370340,2,1,0,14,0,0,0,0,0,0,0,0
2005,370341,1,1,0,0,0,0,0,0,0,0,0,0
2005,370342,1,1,0,8,15,8,0,0,5,0,25,0
2005,370343,1,1,28,28,28,28,28,28,28,28,28,28
2005,370344,1,1,0,0,0,0,0,0,0,0,0,0
2005,370345,1,1,0,0,0,0,0,0,0,0,0,0
2005,370345,2,1,0,0,0,0,0,0,0,0,0,0
2005,370345,3,1,0,0,0,0,0,0,0,0,0,0
2005,370345,4,1,0,0,0,0,0,0,0,0,0,0
2005,370346,1,1,0,0,0,0,0,0,0,0,0,0
2005,370347,1,1,0,0,0,0,0,0,0,0,0,0
2005,370348,1,1,0,0,0,0,0,0,0,0,0,0
2005,370349,1,1,0,0,0,0,0,0,0,0,0,0
2005,370349,2,1,0,0,0,0,0,0,0,0,0,0
2005,370350,0,1,0,0,0,0,0,0,0,0,0,0
2005,370350,1,1,0,0,0,0,0,0,0,0,0,0
2005,370351,1,1,10,10,10,10,10,10,10,10,10,10
2005,370352,1,1,0,0,0,0,0,0,0,0,0,0
2005,370352,2,1,0,0,0,0,0,0,0,0,0,0
2005,370353,0,1,0,0,0,0,0,0,0,0,0,0
2005,370353,1,1,0,0,0,13,0,0,0,0,0,0
2005,370354,1,1,0,0,0,0,0,0,0,0,0,0
2005,370354,2,1,0,0,0,0,0,0,0,0,0,0
2005,370355,1,1,8,8,8,8,8,8,8,8,8,8
2005,370356,1,1,0,0,0,0,0,0,0,0,0,0
2005,370357,1,1,0,0,0,0,0,0,0,0,0,0
2005,370357,2,1,0,0,0,0,0,0,0,0,0,0
2005,370358,1,1,0,0,0,0,0,0,0,0,0,0
2005,370358,2,1,0,0,0,0,0,0,0,0,0,0
2005,370359,1,1,0,0,0,0,0,0,0,0,0,0
2005,370359,2,1,0,0,0,20,0,0,0,0,0,0
2005,370360,1,1,0,0,0,0,0,0,0,0,0,0
2005,370360,2,1,0,0,0,0,0,0,0,0,0,0
2005,370361,1,1,2,2,2,2,2,2,2,2,2,2
2005,370362,1,1,0,0,0,0,0,0,0,0,0,0
2005,370362,2,1,0,0,0,0,0,0,0,0,0,0
2005,370363,1,1,9,9,9,9,9,9,9,9,9,9
2005,370364,1,1,0,0,0,0,0,0,0,0,0,0
2005,370364,2,1,0,0,0,0,0,0,0,8,0,0
2005,370365,1,1,0,0,0,0,0,0,0,0,0,0
2005,370365,2,1,0,0,0,0,0,23,0,0,0,0
2005,370366,1,1,16,16,16,16,16,16,16,16,16,16
2005,370367,1,1,18,21,24,0,28,16,20,0,0,0
2005,370368,1,1,0,0,0,0,0,0,0,0,0,0
2005,370368,2,1,0,0,0,0,0,0,0,0,0,0
2005,370369,1,1,0,0,0,0,0,0,0,0,0,0
2005,370369,2,1,0,0,0,0,0,0,0,0,0,0
2005,370370,1,1,0,0,0,0,0,0,0,0,0,0
2005,370371,1,1,12,12,12,12,12,12,12,12,12,12
2005,370372,1,1,34,34,34,34,34,34,34,34,34,34
2005,370373,1,1,0,0,0,0,0,0,0,0,0,0
2005,370374,1,1,0,0,0,0,0,0,0,0,0,0
2005,370374,2,1,0,15,0,0,0,0,0,0,5,0
2005,370375,1,1,22,22,22,22,22,22,22,22,22,22
2005,370376,1,1,0,0,0,0,0,0,0,0,0,0
2005,370376,2,1,0,0,0,0,0,0,0,0,0,0
2005,370377,1,1,0,0,0,0,0,0,0,0,0,0
2005,370377,2,1,0,0,0,0,0,0,0,0,0,0
2005,370378,1,1,0,0,0,0,0,0,0,0,0,0
2005,370378,2,1,0,0,0,0,0,0,0,0,0,0
2005,370379,1,1,0,18,0,0,0,0,0,0,0,0
2005,370380,1,1,16,16,16,16,16,16,16,16,16,16
2005,370380,2,1,0,0,0,0,0,0,0,0,0,0
2005,370381,1,1,16,17,20,9,23,13,15,19,28,15
2005,370381,2,1,0,0,0,0,0,0,0,0,0,0
2005,370382,1,1,0,0,0,0,0,0,0,0,0,0
2005,370382,2,1,0,0,0,0,0,0,0,0,0,0
2005,370383,1,1,0,0,0,0,13,0,0,0,0,0
2005,370384,1,1,31,31,31,31,31,31,31,31,31,31
2005,370384,2,1,0,0,0,0,0,0,0,0,0,0
2005,370385,1,1,22,22,22,22,22,22,22,22,22,22
2005,370386,1,1,11,23,8,2,21,0,0,12,0,23
2005,370387,1,1,0,0,0,0,0,0,0,0,0,0
2005,370387,2,1,0,0,0,0,0,0,0,0,0,0
2005,370387,3,1,0,21,0,0,0,0,0,0,0,0
2005,370388,1,1,0,0,0,0,0,0,0,0,0,0
2005,370389,1,1,9,9,9,9,9,9,9,9,9,9
2005,370390,1,1,0,0,0,0,0,5,0,0,0,0
2005,370390,2,1,0,0,0,0,0,0,0,0,0,0
2005,370391,0,1,16,16,16,16,16,16,16,16,16,16
2005,370391,1,1,25,24,14,0,0,14,27,24,25,10
2005,370392,1,1,23,23,23,23,23,23,23,23,23,23
2005,370393,1,1,0,0,0,0,0,0,0,0,0,0
2005,370394,1,1,16,16,16,16,16,16,16,16,16,16
2005,370395,1,1,0,0,0,0,0,0,0,0,0,0
2005,370395,2,1,0,0,0,0,0,0,0,0,0,0
2005,370396,1,1,26,26,26,26,26,26,26,26,26,26
2005,370397,1,1,0,0,0,0,0,0,0,0,0,0
2005,370397,2,1,0,0,0,0,0,0,0,0,0,0
2005,370398,1,1,0,0,0,0,0,0,0,0,0,0
2005,370398,2,1,0,0,0,0,0,0,0,0,0,0
2005,370399,1,1,0,0,0,0,0,0,0,0,0,0
2005,370399,2,1,0,22,0,0,0,0,0,13,0,0
2005,370400,1,1,0,0,0,0,0,0,0,0,0,0
2005,370401,1,1,0,0,0,0,0,0,0,0,0,0
2005,370402,1,1,0,0,0,0,0,0,0,0,0,0
2005,370402,2,1,0,0,0,0,0,0,0,0,0,0
2005,370403,0,1,0,0,0,0,0,0,0,0,0,0
2005,370403,1,1,8,0,0,0,0,0,0,0,0,0
2005,370404,1,1,30,30,30,30,30,30,30,30,30,30
2005,370405,1,1,0,0,0,0,0,0,0,0,0,0
2005,370406,1,1,24,24,24,24,24,24,24,24,24,24
2005,370407,0,1,15,15,15,15,15,15,15,15,15,15
2005,370407,1,1,0,0,0,0,0,0,0,0,0,0
2005,370408,1,1,0,0,0,0,0,0,0,0,0,0
2005,370409,1,1,0,0,0,0,0,0,0,0,0,0
2005,370410,1,1,0,0,0,0,0,0,0,0,0,0
2005,370410,2,1,0,0,0,0,0,0,0,0,0,0
2005,370411,1,1,0,0,0,0,0,0,0,0,0,0
2005,370411,2,1,0,0,0,0,0,0,0,0,0,0
2005,370411,3,1,0,0,0,0,0,0,0,0,0,0
2005,370412,1,1,0,0,0,0,0,0,0,0,0,0
2005,370412,2,1,0,0,0,0,0,0,0,0,0,0
2005,370413,1,1,0,0,0,0,0,0,0,0,0,0
2005,370413,2,1,0,0,0,0,0,0,0,0,0,0
2005,370414,1,1,0,0,5,0,15,34,16,0,20,0
2005,370415,1,1,0,0,0,0,0,0,0,0,0,0
2005,370415,2,1,0,0,0,0,0,0,0,0,0,0
2005,370416,1,1,0,0,0,0,0,0,0,0,0,0
2005,370416,2,1,0,0,0,0,0,0,0,0,0,0
2005,370417,1,1,0,0,14,0,0,0,0,0,0,0
2005,370417,2,1,0,0,0,0,0,0,0,0,0,0
2005,370418,1,1,0,0,0,0,0,0,0,0,0,0
2005,370419,1,1,0,0,0,0,0,0,0,0,0,0
2005,370419,2,1,0,0,0,0,0,0,0,0,0,0
2005,370420,1,1,0,0,0,0,0,0,0,0,0,0
2005,370420,2,1,20,0,7,14,21,13,18,4,31,21
2005,370421,1,1,0,0,0,0,0,0,0,0,0,0
2005,370421,2,1,0,0,0,0,0,0,0,0,0,0
2005,370422,0,1,0,0,0,0,0,0,0,0,0,0
2005,370422,1,1,0,0,0,0,0,0,0,0,0,0
2005,370423,1,1,0,0,0,0,0,0,0,0,0,0
2005,370424,1,1,26,26,26,26,26,26,26,26,26,26
2005,370425,1,1,0,0,0,0,0,0,0,0,0,0
2005,370425,2,1,0,0,0,0,0,0,0,0,0,0
2005,370426,1,1,16,16,16,16,16,16,16,16,16,16
2005,370427,1,1,0,0,0,0,0,0,0,0,0,0
2005,370427,2,1,0,0,0,0,0,0,0,0,0,0
2005,370427,3,1,0,0,0,0,0,0,0,0,0,0
2005,370428,1,1,18,18,18,18,18,18,18,18,18,18
2005,370429,1,1,7,7,7,7,7,7,7,7,7,7
2005,370430,1,1,0,0,0,0,0,0,0,0,0,0
2005,370431,1,1,0,0,0,0,0,0,0,0,0,0
2005,370431,2,1,0,0,0,0,0,0,0,0,0,0
2005,370432,1,1,0,0,0,0,0,0,0,0,0,0
2005,370433,0,1,0,0,0,0,0,0,0,0,0,0
2005,370433,1,1,0,0,0,0,0,0,0,0,0,0
2005,370434,0,1,0,0,0,0,0,0,0,0,0,0
2005,370434,1,1,8,5,17,12,7,18,24,19,3,16
2005,370435,1,1,17,17,17,17,17,17,17,17,17,17
2005,370436,1,1,0,0,0,0,0,0,0,0,0,0
2005,370436,2,1,2,2,2,2,2,2,2,2,2,2
2005,370437,1,1,19,19,19,19,19,19,19,19,19,19
2005,370438,1,1,0,0,0,0,0,0,0,0,0,0
2005,370438,2,1,0,0,0,0,0,0,0,0,0,0
2005,370438,3,1,0,0,0,0,0,0,0,0,0,0
2005,370439,1,1,25,25,25,25,25,25,25,25,25,25
2005,370440,0,1,0,0,0,0,0,0,0,0,0,0
2005,370440,1,1,0,0,9,0,0,0,0,0,0,0
2005,370441,1,1,34,34,34,34,34,34,34,34,34,34
2005,370442,1,1,24,24,24,24,24,24,24,24,24,24
2005,370443,1,1,0,0,0,0,0,0,0,0,0,0
2005,370444,1,1,0,0,0,0,19,0,0,0,0,0
2005,370444,2,1,12,0,0,0,0,0,0,0,0,0
2005,370445,1,1,23,12,0,16,0,11,12,24,0,0
2005,370446,1,1,10,10,10,10,10,10,10,10,10,10
2005,370447,1,1,0,0,0,0,0,0,0,0,0,0
2005,370448,0,1,0,0,0,0,0,0,0,0,0,0
2005,370448,1,1,0,0,0,0,0,0,0,0,0,0
2005,370449,1,1,0,0,0,0,0,0,0,0,0,0
2005,370449,2,1,0,0,0,0,0,0,0,0,0,0
2005,370450,0,1,25,25,25,25,25,25,25,25,25,25
2005,370450,1,1,0,0,0,10,0,0,0,0,0,0
2005,370451,1,1,0,0,0,0,0,0,0,0,0,0
2005,370451,2,1,0,0,0,0,0,0,0,0,0,0
2005,370452,1,1,0,0,0,0,0,0,0,0,0,0
2005,370452,2,1,0,0,0,0,0,0,0,0,0,0
2005,370453,1,1,0,0,0,0,0,0,0,0,0,0
2005,370454,1,1,9,0,0,13,17,12,11,17,16,2
2005,370454,2,1,0,0,0,0,0,0,0,0,0,0
2005,370455,0,1,0,0,0,0,0,0,0,0,0,0
2005,370455,1,1,0,0,0,0,0,0,0,0,0,0
2005,370456,1,1,0,0,0,0,0,0,0,0,0,0
2005,370456,2,1,0,0,0,0,0,0,0,0,0,0
2005,370457,1,1,24,24,24,24,24,24,24,24,24,24
2005,370458,1,1,0,0,0,0,0,0,0,0,0,0
2005,370458,2,1,0,0,0,0,10,0,0,0,0,0
2005,370459,1,1,10,10,10,10,10,10,10,10,10,10
2005,370459,2,1,0,0,0,0,0,0,0,6,0,0
2005,370460,1,1,0,0,0,0,0,0,0,0,0,0
2005,370460,2,1,0,0,0,0,0,0,0,0,0,0
2005,370461,0,1,0,0,0,0,0,0,0,0,0,0
2005,370461,1,1,0,0,0,0,0,0,0,0,0,0
2005,370462,1,1,0,0,0,0,0,0,0,0,0,0
2005,370462,2,1,0,0,0,0,0,0,0,0,0,0
2005,370463,1,1,0,15,17,33,0,38,23,10,6,8
2005,370464,1,1,22,22,22,22,22,22,22,22,22,22
2005,370465,1,1,19,19,19,19,19,19,19,19,19,19
2005,370466,1,1,24,24,24,24,24,24,24,24,24,24
2005,370467,1,1,0,0,0,0,0,0,0,0,0,0
2005,370468,1,1,0,0,0,0,0,0,0,0,0,0
2005,370469,0,1,0,0,0,0,0,0,0,0,0,0
2005,370469,1,1,0,0,0,0,0,0,0,0,0,0
2005,370470,1,1,0,0,0,0,0,0,0,0,0,0
2005,370470,2,1,0,0,0,0,0,0,0,0,0,0
2005,370471,1,1,0,0,0,0,0,0,0,0,0,0
2005,370472,1,1,0,0,0,11,0,0,0,0,0,15
2005,370473,1,1,0,0,0,0,0,0,0,0,0,0
2005,370473,2,1,0,10,0,0,0,0,0,0,0,0
2005,370474,1,1,0,0,0,0,0,0,0,0,0,0
2005,370474,2,1,0,0,0,0,0,0,10,0,0,15
2005,370475,1,1,0,0,0,0,0,0,0,0,0,0
2005,370476,1,1,0,0,0,0,0,0,0,0,0,0
2005,370477,1,1,0,0,0,0,0,0,0,0,0,0
2005,370477,2,1,0,0,0,0,0,0,0,0,0,0
2005,370478,1,1,0,0,0,0,0,0,0,0,0,0
2005,370478,2,1,0,0,0,0,0,0,0,0,0,0
2005,370479,1,1,21,21,21,21,21,21,21,21,21,21
2005,370480,1,1,0,0,0,0,0,0,0,0,0,0
2005,370481,2,1,0,0,0,0,0,0,0,0,0,0
2005,370482,1,1,0,0,0,0,0,0,0,0,0,0
2005,370483,0,1,0,0,0,0,0,0,0,0,0,0
2005,370483,0,2,0,12,0,0,13,0,14,0,18,7
2005,370483,1,1,20,20,20,20,20,20,20,20,20,20
2005,370484,1,1,0,0,0,0,0,0,0,0,0,0
2005,370484,2,1,0,0,0,0,0,0,0,0,0,0
2005,370484,3,1,0,0,0,0,0,0,0,0,0,0
2005,370484,4,1,0,0,0,0,0,0,0,0,0,0
2005,370485,1,1,0,0,0,0,0,0,0,0,0,0
2005,370485,2,1,0,0,0,0,0,0,0,0,0,0
2005,370486,1,1,20,20,20,20,20,20,20,20,20,20
2005,370487,0,1,0,0,0,0,0,0,0,0,0,0
2005,370487,0,2,13,10,0,16,0,19,0,19,0,13
2005,370487,1,1,0,0,0,0,0,0,0,0,13,12
2005,370488,1,1,0,0,0,0,0,0,0,0,0,0
2005,370489,1,1,0,0,0,0,0,0,0,0,0,0
2005,370489,2,1,0,0,0,0,0,0,0,0,0,0
2005,370490,1,1,0,0,0,0,0,0,0,0,0,0
2005,370491,1,1,0,0,0,0,0,0,0,0,0,0
2005,370492,0,1,0,0,0,0,0,0,0,0,0,0
2005,370492,1,1,17,17,8,0,0,0,0,0,0,0
2005,370493,1,1,0,0,0,0,0,0,0,0,0,0
2005,370493,2,1,0,0,0,0,0,0,0,0,0,0
2005,370494,1,1,0,0,23,20,0,0,0,28,0,0
2005,370494,2,1,0,0,0,0,0,0,0,0,0,0
2005,370495,1,1,0,0,0,0,0,0,0,0,0,0
2005,370495,2,1,0,0,0,0,0,0,0,0,0,0
2005,370496,1,1,0,0,0,0,0,0,0,0,0,0
2005,370497,1,1,0,0,0,0,0,0,0,0,0,0
2005,370498,1,1,0,9,0,0,0,0,0,0,0,0
2005,370498,2,1,0,0,0,0,0,0,0,0,0,0
2005,370499,0,1,0,0,0,0,0,0,0,0,0,0
2005,370499,1,1,0,0,0,0,0,0,0,0,0,0
2005,370500,1,1,0,0,0,0,0,0,0,0,0,0
2005,370500,2,1,0,0,0,0,0,0,0,0,0,0
2005,370501,2,1,0,0,0,0,0,0,0,0,0,0
2005,370502,1,1,0,0,0,0,0,0,0,0,0,0
2005,370503,1,1,0,0,0,0,0,0,0,0,0,0
2005,370503,2,1,0,0,0,0,0,0,0,0,0,0
2005,370504,1,1,0,0,0,0,0,0,0,0,0,0
2005,370505,1,1,25,20,13,13,27,2,11,31,17,19
2005,370506,1,1,0,11,20,32,0,7,13,15,27,9
2005,370506,2,1,0,0,0,0,0,0,0,0,0,0
2005,370507,1,1,12,12,12,12,12,12,12,12,12,12
2005,370508,1,1,0,0,0,0,0,0,0,0,0,0
2005,370508,2,1,0,0,0,0,0,0,0,0,0,0
2005,370509,1,1,12,12,12,12,12,12,12,12,12,12
2005,370510,1,1,0,0,0,0,0,0,0,0,0,0
2005,370510,2,1,0,0,0,0,0,0,0,0,0,0
2005,370510,3,1,0,0,0,0,0,0,0,0,0,0
2005,370511,1,1,0,0,0,0,0,0,0,0,0,0
2005,370511,2,1,0,0,0,0,0,0,0,0,0,0
2005,370512,1,1,0,0,0,0,0,0,0,0,0,0
2005,370513,1,1,0,0,0,0,0,0,0,0,0,0
2005,370514,1,1,0,0,0,0,0,0,0,0,13,0
2005,370514,2,1,0,0,0,0,0,0,0,0,0,0
2005,370515,0,1,0,0,0,0,0,0,0,0,0,0
2005,370515,1,1,0,0,0,0,0,0,0,0,0,0
2005,370516,1,1,0,0,0,0,0,0,0,0,0,0
2005,370516,2,1,0,0,0,0,0,0,0,0,0,13
2005,370516,3,1,0,0,0,0,0,0,0,0,0,0
2005,370517,1,1,0,0,0,0,0,0,0,0,0,0
2005,370518,1,1,0,0,0,0,0,0,0,0,0,0
2005,370518,2,1,0,0,0,0,0,0,0,0,0,0
2005,370518,3,1,0,0,0,0,0,0,0,0,0,0
2005,370519,1,1,0,0,0,0,0,0,0,0,0,0
2005,370520,1,1,0,0,0,0,0,0,0,0,0,0
2005,370520,2,1,0,0,0,0,0,0,0,0,0,0
2005,370521,1,1,21,21,21,21,21,21,21,21,21,21
2005,370521,2,1,0,0,0,0,0,0,0,0,0,0
2005,370522,1,1,0,0,0,0,0,0,0,0,0,0
2005,370523,0,1,0,0,0,0,0,0,0,0,0,0
2005,370523,1,1,12,12,12,12,12,12,12,12,12,12
2005,370524,1,1,21,21,21,21,21,21,21,21,21,21
2005,370525,1,1,0,0,0,0,0,0,0,0,0,0
2005,370525,2,1,0,0,0,0,0,0,0,0,0,0
2005,370526,1,1,0,0,6,0,0,0,0,0,0,0
2005,370526,2,1,0,0,0,0,0,0,0,0,0,0
2005,370526,3,1,0,0,0,0,0,0,0,0,0,0
2005,370527,1,1,0,0,0,0,0,0,0,0,0,0
2005,370528,1,1,0,0,0,0,0,0,0,0,0,0
2005,370528,2,1,0,0,0,0,0,0,0,0,0,0
2005,370528,3,1,0,0,0,0,0,0,0,0,0,0
2005,370529,1,1,0,0,0,0,0,0,0,0,0,0
2005,370529,2,1,0,0,0,0,0,0,0,0,0,0
2005,370530,1,1,0,0,0,0,0,0,0,0,0,0
2005,370531,1,1,0,0,0,0,0,0,0,0,0,0
2005,370532,1,1,0,0,0,0,0,0,0,0,0,0
2005,370532,2,1,0,0,0,0,0,0,0,0,0,0
2005,370533,1,1,9,9,9,9,9,9,9,9,9,9
2005,370534,1,1,27,12,11,13,6,2,11,34,19,0
2005,370535,1,1,15,15,15,15,15,15,15,15,15,15
2005,370536,1,1,0,0,0,0,0,0,0,0,0,0
2005,370537,1,1,0,0,0,0,0,0,0,0,0,0
2005,370538,1,1,20,20,20,20,20,20,20,20,20,20
2005,370538,2,1,0,0,0,0,0,0,0,0,0,0
2005,370539,1,1,0,0,0,0,0,0,0,0,0,0
2005,370539,2,1,0,0,0,0,0,0,0,0,0,0
2005,370540,1,1,13,13,13,13,13,13,13,13,13,13
2005,370541,1,1,0,0,0,0,0,0,0,0,0,0
2005,370541,2,1,0,0,0,0,0,0,0,0,0,0
2005,370542,1,1,17,17,17,17,17,17,17,17,17,17
2005,370543,1,1,0,0,0,0,0,0,0,0,0,0
2005,370543,2,1,0,0,0,0,0,0,0,0,0,0
2005,370544,1,1,30,30,30,30,30,30,30,30,30,30
2005,370544,2,1,0,0,0,0,0,0,0,0,0,0
2005,370545,1,1,2,2,2,2,2,2,2,2,2,2
2005,370546,1,1,19,21,20,18,0,14,0,9,0,5
2005,370547,1,1,10,10,10,10,10,10,10,10,10,10
2005,370547,2,1,22,9,0,19,35,29,21,17,19,33
2005,370548,1,1,0,0,0,0,0,0,0,0,0,0
2005,370549,1,1,5,5,5,5,5,5,5,5,5,5
2005,370550,1,1,0,0,12,0,4,12,0,0,0,7
2005,370551,0,1,0,0,0,0,0,0,0,0,0,0
2005,370551,1,1,0,0,0,0,0,0,0,0,0,0
2005,370552,1,1,0,0,0,0,0,0,0,0,0,0
2005,370553,0,1,0,0,0,0,0,0,0,0,0,0
2005,370553,1,1,15,15,15,15,15,15,15,15,15,15
2005,370554,0,1,11,11,11,11,11,11,11,11,11,11
2005,370554,1,1,0,0,0,0,0,0,0,10,0,0
2005,370555,1,1,12,12,12,12,12,12,12,12,12,12
2005,370556,0,1,32,32,32,32,32,32,32,32,32,32
2005,370556,1,1,18,16,0,0,0,0,0,0,4,11
2005,370557,0,1,0,0,0,0,0,0,0,0,0,0
2005,370557,1,1,0,0,0,0,0,0,0,0,0,0
2005,370558,0,1,0,0,0,0,0,0,0,0,14,0
2005,370558,1,1,0,0,0,0,0,0,0,0,0,0
2005,370559,1,1,19,19,19,19,19,19,19,19,19,19
2005,370560,1,1,17,26,21,16,19,6,19,16,17,8
2005,370561,1,1,0,0,0,0,0,0,0,0,0,0
2005,370562,1,1,0,0,0,0,0,0,0,0,0,0
2005,370563,1,1,0,0,0,0,0,0,0,0,0,0
2005,370563,2,1,0,0,0,0,0,0,0,0,0,0
2005,370564,1,1,0,0,0,0,0,0,0,0,0,0
2005,370564,2,1,0,0,0,0,0,0,0,0,0,0
2005,370565,1,1,0,0,0,0,9,0,0,0,0,0
2005,370565,2,1,0,0,0,0,0,0,0,0,0,0
2005,370566,1,1,14,28,11,11,9,20,17,0,0,0
2005,370567,0,1,26,8,11,22,17,15,19,31,31,29
2005,370567,1,1,0,0,0,0,0,0,0,0,0,0
2005,370568,1,1,0,0,0,0,0,12,7,0,0,0
2005,370568,2,1,0,0,0,0,0,0,0,0,0,0
2005,370569,1,1,0,0,0,0,0,0,0,0,0,0
2005,370569,2,1,0,7,0,0,6,0,0,0,22,0
2005,370570,1,1,0,0,0,0,0,0,0,0,0,0
2005,370570,2,1,0,0,0,0,0,0,0,0,0,0
2005,370571,1,1,0,0,0,0,0,0,0,0,0,0
2005,370571,2,1,0,0,0,0,14,0,8,0,0,6
2005,370572,0,1,0,0,0,0,0,0,0,0,0,0
2005,370572,1,1,0,0,0,0,0,0,0,0,0,0
2005,370573,1,1,23,13,12,9,8,3,0,13,16,15
2005,370573,2,1,13,13,13,13,13,13,13,13,13,13
2005,370573,3,1,0,0,0,0,11,0,0,0,0,0
2005,370574,1,1,22,22,22,22,22,22,22,22,22,22
2005,370575,1,1,0,0,0,0,0,0,0,7,0,0
2005,370575,2,1,0,0,0,0,0,0,0,0,0,0
2005,370575,3,1,18,18,18,18,18,18,18,18,18,18
2005,370576,1,1,0,0,0,0,0,0,0,0,0,0
2005,370577,1,1,7,7,7,7,7,7,7,7,7,7
2005,370578,0,1,0,0,0,0,0,0,0,0,0,0
2005,370578,1,1,0,0,0,13,0,12,0,0,0,0
2005,370579,1,1,0,0,0,0,0,0,0,0,0,0
2005,370579,2,1,0,0,0,0,0,0,0,0,0,0
2005,370580,1,1,18,18,18,18,18,18,18,18,18,18
2005,370581,1,1,0,0,0,0,19,0,0,0,0,0
2005,370581,2,1,0,0,0,0,0,0,0,0,26,0
2005,370582,1,1,0,0,0,0,0,0,0,0,0,0
2005,370583,1,1,0,0,0,0,0,0,0,0,0,0
2005,370583,2,1,0,0,0,0,0,0,3,0,0,0
2005,370584,1,1,0,0,0,0,0,0,0,0,0,0
2005,370584,2,1,0,0,0,0,0,0,0,0,0,0
2005,370585,1,1,5,9,19,16,16,12,16,4,16,7
2005,370586,1,1,0,0,4,0,0,0,0,0,0,0
2005,370586,2,1,0,0,0,0,0,0,0,0,0,0
2005,370587,1,1,0,0,0,0,0,0,0,0,0,0
2005,370587,2,1,0,0,0,0,0,0,0,0,0,0
2005,370588,1,1,0,0,0,0,0,0,0,0,0,0
2005,370588,2,1,0,0,0,0,0,0,16,0,0,0
2005,370588,3,1,0,0,0,0,0,0,0,0,0,0
2005,370588,4,1,0,0,0,0,0,0,0,0,0,0
2005,370589,1,1,0,0,0,4,0,0,0,2,0,8
2005,370589,2,1,0,0,0,0,0,0,0,0,0,0
2005,370590,0,1,6,6,6,6,6,6,6,6,6,6
2005,370590,1,1,0,8,0,0,7,0,0,7,19,0
2005,370591,0,1,8,8,8,8,8,8,8,8,8,8
2005,370591,1,1,0,0,0,0,0,0,0,0,0,0
2005,370592,1,1,8,20,14,6,15,15,26,17,0,19
2005,370593,0,1,24,24,24,24,24,24,24,24,24,24
2005,370593,1,1,31,0,0,0,0,0,0,0,0,0
2005,370594,0,1,0,0,0,0,0,0,0,0,0,0
2005,370594,1,1,11,11,11,11,11,11,11,11,11,11
2005,370595,1,1,0,0,0,0,7,0,0,0,0,0
2005,370595,2,1,26,26,26,26,26,26,26,26,26,26
2005,370596,1,1,0,0,0,0,0,0,0,0,0,0
2005,370597,1,1,0,0,0,0,0,0,0,0,0,0
2005,370598,1,1,0,0,0,0,0,0,0,0,0,0
2005,370598,2,1,0,0,0,0,0,0,0,0,0,0
2005,370599,1,1,0,0,0,0,0,0,0,0,0,0
2005,370600,1,1,0,0,0,0,0,0,0,0,0,0
2005,370600,2,1,0,0,0,8,0,0,0,0,0,0
2005,370601,1,1,2,2,2,2,2,2,2,2,2,2
2005,370602,1,1,21,15,25,21,9,28,12,10,20,27
2005,370603,1,1,0,0,0,0,0,0,0,0,0,0
2005,370603,2,1,0,0,0,0,0,0,0,0,0,0
2005,370604,1,1,0,0,0,0,0,0,0,0,0,0
2005,370604,2,1,23,23,23,23,23,23,23,23,23,23
2005,370605,1,1,0,0,0,0,0,0,0,0,0,0
2005,370605,2,1,0,0,0,0,0,0,0,0,0,0
2005,370606,0,1,18,18,18,18,18,18,18,18,18,18
2005,370606,1,1,0,0,11,0,0,0,7,0,0,34
2005,370607,1,1,18,18,18,18,18,18,18,18,18,18
2005,370607,2,1,0,4,0,0,0,0,0,0,0,0
2005,370608,1,1,0,0,0,0,0,0,0,0,0,0
2005,370609,1,1,0,0,0,0,0,0,0,0,0,0
2005,370609,2,1,0,0,0,0,0,0,0,0,0,0
2005,370610,0,1,20,20,20,20,20,20,20,20,20,20
2005,370610,1,1,7,23,0,0,12,5,19,11,7,12
2005,370611,1,1,0,0,0,0,0,0,0,0,0,0
2005,370611,2,1,0,0,0,0,0,0,0,0,0,0
2005,370612,1,1,8,8,16,0,3,14,0,6,13,19
2005,370613,1,1,0,0,0,0,0,0,0,0,0,0
2005,370613,2,1,0,0,0,0,0,0,0,0,0,0
2005,370614,2,1,0,18,0,0,0,0,0,0,0,0
2005,370614,3,1,0,0,0,0,2,0,0,0,0,0
2005,370615,1,1,0,0,0,0,0,0,0,0,0,0
2005,370615,2,1,0,0,0,0,0,0,9,0,0,0
2005,370615,3,1,0,0,0,0,0,0,0,0,0,0