YEAR,ST_CASE,veh_no,per_no,P1,P2,P3,P4,P5,P6,P7,P8,P9,P10
2005,370911,1,1,30,21,16,22,8,22,17,20,35,15
2005,370912,0,1,0,0,0,0,0,0,0,0,0,0
2005,370912,1,1,7,3,21,0,5,21,2,16,15,16
2005,370913,1,1,0,0,0,0,0,0,0,0,0,0
2005,370913,2,1,0,0,0,0,0,0,0,0,0,0
2005,370914,0,1,0,0,0,0,0,0,0,0,0,0
2005,370914,1,1,0,0,0,0,0,0,0,0,0,0
2005,370914,2,1,0,0,0,0,0,0,0,0,0,0
2005,370914,3,1,0,0,0,0,0,0,0,0,0,0
2005,370915,1,1,0,0,0,0,0,0,0,0,0,0
2005,370916,1,1,0,0,0,0,0,0,0,0,0,0
2005,370916,2,1,0,0,0,0,0,0,0,0,0,0
2005,370917,1,1,0,0,0,0,0,0,0,0,0,0
2005,370917,2,1,0,0,0,0,0,0,16,0,0,0
2005,370918,1,1,0,0,0,0,0,0,0,0,0,0
2005,370918,2,1,0,0,0,0,0,0,0,0,0,0
2005,370919,1,1,34,34,34,34,34,34,34,34,34,34
2005,370919,2,1,0,0,0,0,0,0,0,0,0,0
2005,370919,3,1,0,0,0,0,0,0,0,0,0,5
2005,370920,1,1,0,0,0,0,0,0,0,0,0,0
2005,370920,2,1,0,0,0,0,0,0,0,0,0,0
2005,370921,0,1,25,25,25,25,25,25,25,25,25,25
2005,370921,1,1,0,0,0,0,0,0,0,0,0,0
2005,370922,1,1,0,0,0,0,0,0,0,20,0,0
2005,370922,2,1,0,0,0,0,0,0,0,0,0,0
2005,370923,1,1,4,0,0,0,0,0,0,0,0,11
2005,370924,0,1,0,0,0,0,0,0,0,0,0,0
2005,370924,1,1,0,0,0,0,0,0,0,0,0,0
2005,370925,0,1,0,0,0,0,0,0,0,0,0,0
2005,370925,1,1,0,0,0,0,0,18,0,0,12,0
2005,370926,1,1,0,0,0,0,0,0,0,0,0,0
2005,370927,0,1,0,0,0,0,0,0,0,0,0,0
2005,370927,1,1,0,0,0,0,0,0,8,0,0,0
2005,370928,1,1,0,0,0,0,0,0,4,6,0,0
2005,370928,2,1,20,20,20,20,20,20,20,20,20,20
2005,370929,1,1,27,27,27,27,27,27,27,27,27,27
2005,370930,1,1,34,34,34,34,34,34,34,34,34,34
2005,370931,1,1,0,0,0,0,0,0,0,0,0,0
2005,370932,1,1,0,0,0,0,0,0,0,0,0,0
2005,370932,2,1,0,0,0,0,0,0,0,0,0,0
2005,370933,1,1,16,16,16,16,16,16,16,16,16,16
2005,370934,1,1,23,23,23,23,23,23,23,23,23,23
2005,370934,2,1,0,0,0,0,0,0,0,0,0,0
2005,370935,1,1,27,27,27,27,27,27,27,27,27,27
2005,370935,2,1,0,0,0,0,0,0,0,0,0,0
2005,370936,0,1,0,0,0,0,0,0,0,0,0,0
2005,370936,1,1,0,0,0,0,0,0,0,0,0,0
2005,370937,1,1,0,0,0,0,0,0,0,0,0,0
2005,370937,2,1,0,0,0,0,0,0,0,0,0,0
2005,370938,1,1,0,0,0,0,0,0,0,0,0,0
2005,370939,1,1,26,26,26,26,26,26,26,26,26,26
2005,370940,0,1,19,19,19,19,19,19,19,19,19,19
2005,370940,1,1,22,9,0,0,0,13,0,21,8,0
2005,370941,0,1,34,25,15,16,0,0,0,0,0,33
2005,370941,1,1,23,10,0,29,4,23,0,0,0,0
2005,370942,0,1,0,0,0,0,0,0,0,0,0,0
2005,370942,1,1,0,0,0,8,11,0,0,0,0,0
2005,370943,1,1,10,10,10,10,10,10,10,10,10,10
2005,370944,0,1,0,0,0,0,0,0,0,0,0,0
2005,370944,1,1,0,0,0,0,0,0,0,0,0,0
2005,370945,1,1,0,0,0,0,0,0,0,0,0,0
2005,370945,2,1,0,0,0,0,0,0,0,0,0,0
2005,370946,1,1,0,0,0,0,0,0,0,0,0,0
2005,370946,2,1,0,0,0,0,0,0,0,0,0,0
2005,370947,1,1,21,21,21,21,21,21,21,21,21,21
2005,370947,2,1,0,0,0,0,0,0,0,0,0,0
2005,370948,0,1,20,20,20,20,20,20,20,20,20,20
2005,370948,1,1,0,0,0,0,0,19,0,0,0,0
2005,370949,1,1,9,9,9,9,9,9,9,9,9,9
2005,370950,1,1,0,0,0,3,0,0,0,0,0,0
2005,370950,2,1,0,0,0,0,6,0,0,0,0,0
2005,370951,1,1,20,20,20,20,20,20,20,20,20,20
2005,370952,1,1,0,0,0,0,0,0,0,0,0,0
2005,370952,2,1,0,0,0,0,0,0,0,0,0,20
2005,370953,1,1,16,16,16,16,16,16,16,16,16,16
2005,370953,2,1,0,0,0,0,0,0,0,0,0,0
2005,370954,1,1,0,0,0,0,0,0,0,0,0,0
2005,370955,1,1,39,23,18,20,14,21,9,19,24,38
2005,370956,1,1,25,25,25,25,25,25,25,25,25,25
2005,370957,1,1,0,0,0,0,0,0,0,0,0,0
2005,370957,2,1,0,0,0,0,0,0,0,0,0,0
2005,370958,1,1,0,0,0,0,0,0,0,0,0,0
2005,370959,1,1,12,26,0,26,18,12,13,20,17,4
2005,370960,1,1,0,0,0,0,0,0,0,0,0,0
2005,370961,1,1,30,30,30,30,30,30,30,30,30,30
2005,370962,1,1,18,18,18,18,18,18,18,18,18,18
2005,370963,1,1,0,0,0,0,0,0,0,0,0,0
2005,370963,2,1,10,20,15,15,24,12,5,13,11,15
2005,370964,1,1,0,0,0,0,0,0,0,0,0,0
2005,370964,2,1,0,0,0,0,0,0,0,0,0,0
2005,370965,1,1,31,31,31,31,31,31,31,31,31,31
2005,370966,1,1,0,0,0,0,0,0,0,0,0,0
2005,370967,1,1,0,0,0,0,0,0,0,0,0,0
2005,370967,2,1,0,0,0,0,0,0,0,0,0,0
2005,370968,0,1,28,28,28,28,28,28,28,28,28,28
2005,370968,1,1,0,0,0,0,0,0,0,0,0,0
2005,370969,1,1,0,0,0,0,7,0,0,0,0,0
2005,370969,2,1,0,0,0,14,0,0,0,0,10,0
2005,370970,1,1,0,0,0,0,0,0,0,0,0,0
2005,370970,2,1,0,0,0,0,0,0,0,0,0,0
2005,370970,3,1,0,0,0,0,0,0,0,0,0,0
2005,370971,1,1,0,0,0,0,0,0,0,0,0,0
2005,370971,2,1,0,0,0,0,0,0,0,0,0,0
2005,370972,1,1,0,0,0,0,0,0,0,0,0,0
2005,370972,2,1,0,0,0,0,0,0,0,0,0,0
2005,370973,0,1,11,11,11,11,11,11,11,11,11,11
2005,370973,1,1,0,0,0,0,0,0,0,0,0,0
2005,370974,1,1,0,0,0,0,0,0,0,0,0,0
2005,370975,1,1,0,0,0,0,0,0,0,0,0,0
2005,370976,1,1,0,0,0,0,0,0,0,0,0,0
2005,370977,1,1,13,13,13,13,13,13,13,13,13,13
2005,370978,1,1,0,0,0,0,0,0,0,0,0,0
2005,370978,2,1,0,0,0,0,0,0,0,0,0,0
2005,370979,1,1,0,0,0,0,0,0,0,0,0,0
2005,370980,1,1,0,0,0,0,0,0,0,0,0,0
2005,370980,2,1,0,0,0,0,0,0,0,0,0,0
2005,370981,1,1,0,0,0,0,0,0,0,0,0,0
2005,370981,2,1,0,0,0,0,0,0,0,0,0,0
2005,370982,1,1,0,30,4,36,9,15,0,15,14,3
2005,370983,1,1,7,19,0,31,0,0,0,15,0,0
2005,370984,1,1,0,0,0,0,0,0,0,0,0,0
2005,370984,2,1,0,0,0,0,0,0,0,0,0,0
2005,370985,1,1,0,0,0,0,0,0,0,0,0,0
2005,370985,2,1,0,0,0,0,0,0,0,0,0,0
2005,370986,1,1,0,0,0,0,0,0,0,0,0,0
2005,370986,2,1,3,3,3,3,3,3,3,3,3,3
2005,370987,0,1,0,39,26,35,23,13,14,22,12,14
2005,370987,1,1,0,0,0,0,0,0,0,0,0,0
2005,370988,1,1,0,0,0,0,0,0,0,0,0,0
2005,370988,2,1,0,0,0,0,0,0,0,0,0,0
2005,370989,1,1,0,0,0,0,0,0,0,0,0,0
2005,370990,1,1,19,19,19,19,19,19,19,19,19,19
2005,370991,1,1,0,0,0,0,0,0,0,0,0,0
2005,370992,0,1,0,0,0,0,0,0,0,0,0,0
2005,370992,1,1,36,18,33,0,24,0,5,0,21,0
2005,370993,1,1,0,0,0,0,0,0,0,0,0,0
2005,370993,2,1,0,0,0,0,0,0,0,0,0,0
2005,370994,1,1,18,0,0,0,0,0,14,0,0,0
2005,370995,1,1,0,0,0,0,0,0,0,5,0,0
2005,370995,2,1,0,0,0,0,0,16,0,0,0,0
2005,370996,1,1,0,0,0,0,0,0,0,0,0,0
2005,370996,2,1,0,0,0,0,0,0,0,0,0,0
2005,370996,3,1,0,0,0,0,0,0,0,0,0,0
2005,370996,4,1,0,0,0,0,0,0,0,0,0,0
2005,370997,1,1,17,17,17,17,17,17,17,17,17,17
2005,370998,1,1,0,0,0,0,0,0,0,0,0,0
2005,370999,1,1,15,15,15,15,15,15,15,15,15,15
2005,371000,1,1,23,23,23,23,23,23,23,23,23,23
2005,371001,1,1,0,0,0,0,0,0,0,0,0,0
2005,371002,1,1,0,0,0,0,0,0,0,0,0,0
2005,371002,2,1,0,0,0,0,0,0,0,0,0,0
2005,371003,1,1,11,11,11,11,11,11,11,11,11,11
2005,371004,1,1,4,4,4,4,4,4,4,4,4,4
2005,371005,1,1,11,17,33,6,11,15,17,14,8,27
2005,371006,0,1,0,0,0,0,0,0,0,0,0,0
2005,371006,1,1,19,15,17,30,0,15,0,21,14,0
2005,371007,1,1,0,0,0,0,0,0,0,0,0,0
2005,371007,2,1,0,0,0,0,0,0,0,0,0,0
2005,371007,3,1,0,0,0,0,0,0,0,0,0,0
2005,371008,1,1,6,6,6,6,6,6,6,6,6,6
2005,371009,0,1,0,0,0,0,0,0,0,0,0,0
2005,371009,1,1,0,0,0,0,0,0,0,0,0,0
2005,371010,1,1,0,0,0,0,0,0,0,0,0,0
2005,371010,2,1,0,0,0,0,0,0,0,0,0,0
2005,371011,1,1,0,0,0,0,0,0,0,0,0,0
2005,371012,0,1,0,0,0,0,0,0,0,0,0,0
2005,371012,1,1,0,0,0,0,0,0,0,0,0,0
2005,371013,1,1,0,0,0,0,0,0,0,0,0,0
2005,371013,2,1,0,0,0,0,0,0,0,0,0,0
2005,371014,1,1,24,0,9,0,0,0,17,0,0,0
2005,371014,2,1,0,0,0,0,0,0,0,0,0,0
2005,371015,1,1,2,2,2,2,2,2,2,2,2,2
2005,371015,2,1,0,0,0,0,0,0,0,0,0,0
2005,371016,1,1,0,0,0,0,0,0,0,0,0,0
2005,371016,2,1,0,0,0,0,10,0,0,0,0,0
2005,371017,1,1,12,12,12,12,12,12,12,12,12,12
2005,371018,1,1,0,0,0,0,0,0,0,0,0,0
2005,371018,2,1,0,0,0,0,0,0,0,0,0,0
2005,371019,0,1,0,0,0,0,0,0,0,0,0,0
2005,371019,1,1,0,0,0,0,0,0,0,0,0,0
2005,371020,1,1,0,0,0,0,0,0,0,0,0,0
2005,371021,1,1,0,0,0,0,0,0,0,0,0,0
2005,371021,2,1,0,0,21,0,0,0,0,0,0,0
2005,371022,2,1,0,0,0,0,0,0,0,0,0,0
2005,371023,1,1,0,0,0,0,0,0,0,0,0,0
2005,371023,2,1,0,0,0,0,0,0,21,0,0,0
2005,371024,1,1,0,0,0,0,0,0,0,0,0,0
2005,371024,2,1,0,0,0,0,0,0,0,0,0,0
2005,371025,1,1,0,0,0,0,0,0,0,0,0,0
2005,371026,1,1,0,0,0,0,0,0,0,0,0,0
2005,371026,2,1,10,10,10,10,10,10,10,10,10,10
2005,371027,1,1,10,35,16,13,16,9,17,7,21,29
2005,371027,3,1,0,0,0,0,0,0,0,0,0,0
2005,371028,1,1,0,0,0,0,0,0,0,0,0,0
2005,371028,2,1,15,15,15,15,15,15,15,15,15,15
2005,371029,0,1,35,35,35,35,35,35,35,35,35,35
2005,371029,1,1,11,11,11,11,11,11,11,11,11,11
2005,371030,1,1,32,32,32,32,32,32,32,32,32,32
2005,371031,1,1,0,0,0,0,0,0,0,0,0,0
2005,371031,2,1,0,0,0,0,0,0,27,0,0,0
2005,371032,1,1,0,0,0,0,0,0,0,0,0,0
2005,371032,2,1,0,0,0,0,0,0,0,0,0,0
2005,371033,1,1,0,0,0,0,0,0,0,0,0,0
2005,371033,2,1,0,0,0,0,0,0,0,0,0,0
2005,371034,1,1,26,26,26,26,26,26,26,26,26,26
2005,371035,1,1,13,13,13,13,13,13,13,13,13,13
2005,371036,1,1,14,14,14,14,14,14,14,14,14,14
2005,371037,1,1,0,0,0,0,0,0,0,0,0,0
2005,371038,0,1,0,0,0,0,0,0,0,0,0,0
2005,371038,1,1,0,0,0,0,0,0,0,0,0,0
2005,371039,1,1,0,0,0,0,0,0,0,0,0,0
2005,371039,2,1,0,0,0,3,0,0,0,0,0,0
2005,371039,3,1,0,0,0,0,0,0,0,0,0,0
2005,371040,1,1,13,3,14,26,4,10,10,0,0,15
2005,371041,1,1,0,0,0,0,0,0,0,0,0,0
2005,371041,2,1,0,0,0,0,0,0,0,0,0,0
2005,371042,1,1,5,5,5,5,5,5,5,5,5,5
2005,371042,2,1,0,0,0,0,0,0,0,0,0,0
2005,371043,1,1,0,0,0,0,0,0,0,0,0,0
2005,371044,1,1,0,0,0,0,0,0,0,0,0,0
2005,371044,2,1,0,0,0,0,0,0,0,0,0,7
2005,371045,1,1,0,0,0,0,0,0,0,0,0,0
2005,371045,2,1,0,0,0,0,0,0,0,0,0,0
2005,371046,0,1,27,11,18,0,11,24,24,5,5,0
2005,371046,1,1,0,16,0,10,0,0,0,16,20,0
2005,371047,0,1,34,34,34,34,34,34,34,34,34,34
2005,371047,1,1,0,0,0,0,0,0,0,0,0,0
2005,371048,1,1,0,0,0,0,0,0,0,0,0,0
2005,371048,2,1,0,0,0,0,0,0,0,0,0,0
2005,371049,0,1,0,0,0,0,0,0,0,0,0,0
2005,371049,1,1,0,0,0,0,0,0,0,0,0,0
2005,371050,1,1,23,23,23,23,23,23,23,23,23,23
2005,371051,1,1,0,0,0,0,0,0,0,0,0,0
2005,371051,2,1,0,18,0,0,0,0,0,0,2,0
2005,371052,1,1,8,8,8,8,8,8,8,8,8,8
2005,371053,0,1,0,0,0,0,0,0,0,0,0,0
2005,371053,1,1,0,0,0,0,0,0,0,0,0,0
2005,371054,1,1,0,0,0,0,0,0,0,0,0,0
2005,371054,2,1,0,0,0,0,0,0,3,0,0,0
2005,371055,1,1,0,0,0,0,0,0,0,0,0,0
2005,371055,2,1,0,0,0,0,0,0,0,0,0,0
2005,371056,1,1,0,0,0,0,0,0,0,0,0,0
2005,371056,2,1,0,0,0,0,0,0,2,0,0,0
2005,371056,3,1,0,0,0,0,0,0,0,0,0,0
2005,371057,1,1,0,0,0,0,0,0,0,0,0,0
2005,371057,2,1,0,0,0,0,0,0,0,0,0,0
2005,371058,0,1,0,0,0,0,0,0,0,0,0,0
2005,371058,1,1,0,0,0,0,0,0,0,0,0,0
2005,371059,1,1,0,0,0,0,0,0,0,0,0,0
2005,371059,2,1,0,0,0,0,0,0,0,0,0,0
2005,371059,3,1,0,0,0,0,0,0,0,0,0,0
2005,371060,1,1,0,0,0,0,0,0,0,0,0,0
2005,371060,2,1,23,9,21,15,8,23,13,10,15,28
2005,371061,1,1,25,25,25,25,25,25,25,25,25,25
2005,371061,2,1,0,0,0,0,0,0,0,0,0,0
2005,371062,1,1,0,0,0,0,0,19,0,0,0,0
2005,371062,2,1,0,0,0,0,0,0,8,0,0,0
2005,371063,1,1,0,0,0,0,0,0,0,0,0,0
2005,371064,1,1,0,0,0,0,0,0,0,0,0,0
2005,371065,1,1,0,0,0,0,0,0,0,0,0,0
2005,371065,2,1,0,0,0,0,0,0,0,0,0,0
2005,371066,1,1,0,0,0,0,0,0,0,0,0,0
2005,371066,2,1,0,0,0,0,0,0,0,0,18,0
2005,371067,1,1,0,0,0,0,0,0,0,0,0,0
2005,371067,2,1,0,0,0,0,0,0,0,0,0,0
2005,371068,1,1,0,0,0,0,0,0,0,0,0,0
2005,371068,2,1,0,0,0,0,0,0,0,0,0,0
2005,371069,1,1,0,0,29,0,0,0,0,0,0,0
2005,371069,2,1,0,0,0,0,0,0,0,0,0,0
2005,371070,1,1,0,0,0,0,0,0,0,0,0,0
2005,371071,1,1,0,0,0,0,0,0,0,0,0,0
2005,371071,2,1,0,0,0,0,0,0,0,0,0,0
2005,371072,1,1,0,0,0,0,0,0,0,0,0,0
2005,371073,1,1,0,0,0,0,0,0,0,0,0,0
2005,371073,2,1,0,0,0,0,0,0,0,0,0,0
2005,371074,1,1,0,0,0,0,0,0,0,0,0,0
2005,371075,1,1,9,12,0,6,30,15,11,31,15,16
2005,371076,1,1,22,22,22,22,22,22,22,22,22,22
2005,371077,0,1,0,0,0,0,0,0,0,0,0,0
2005,371077,1,1,0,7,0,24,0,0,0,0,0,0
2005,371078,1,1,0,0,0,0,0,0,0,0,0,0
2005,371078,2,1,0,0,0,0,0,0,0,0,0,0
2005,371078,3,1,0,0,0,0,0,0,0,0,0,0
2005,371079,0,1,0,0,0,0,0,0,0,0,0,0
2005,371079,1,1,0,0,0,0,0,0,0,0,19,0
2005,371080,1,1,0,0,0,0,0,0,0,0,0,0
2005,371080,2,1,0,0,0,0,0,0,0,0,0,0
2005,371080,3,1,0,0,0,0,0,0,0,0,0,0
2005,371081,1,1,0,0,0,0,0,0,17,22,0,0
2005,371082,0,1,28,28,28,28,28,28,28,28,28,28
2005,371082,1,1,9,18,19,3,18,12,17,4,0,20
2005,371083,0,1,29,29,29,29,29,29,29,29,29,29
2005,371083,1,1,0,0,0,0,0,0,7,0,0,0
2005,371084,1,1,22,22,22,22,22,22,22,22,22,22
2005,371085,0,1,24,10,23,26,27,19,11,23,24,19
2005,371085,1,1,0,6,0,0,0,8,0,0,0,0
2005,371086,1,1,0,0,0,0,0,0,0,0,0,0
2005,371086,2,1,0,0,0,5,0,0,0,0,0,0
2005,371087,1,1,25,25,25,25,25,25,25,25,25,25
2005,371088,1,1,20,20,20,20,20,20,20,20,20,20
2005,371089,0,1,0,0,0,0,0,0,0,0,0,0
2005,371089,1,1,0,0,0,0,0,0,0,0,0,0
2005,371089,2,1,0,0,0,0,0,0,0,0,0,0
2005,371090,1,1,18,31,14,15,9,20,11,14,19,19
2005,371091,1,1,27,27,27,27,27,27,27,27,27,27
2005,371092,1,1,0,35,0,0,0,17,0,0,0,0
2005,371093,1,1,0,0,0,0,0,0,0,0,0,0
2005,371093,2,1,0,0,0,0,0,0,0,0,0,0
2005,371094,1,1,5,15,17,24,24,13,19,20,25,28
2005,371095,1,1,0,32,32,21,15,17,22,14,21,33
2005,371096,1,1,0,0,0,0,0,0,0,0,0,0
2005,371097,1,1,0,0,0,0,0,0,0,0,0,0
2005,371098,1,1,0,0,0,0,0,0,0,0,0,0
2005,371099,1,1,0,0,0,0,0,0,0,0,0,0
2005,371099,2,1,0,0,0,0,0,0,0,0,0,0
2005,371100,1,1,0,0,0,0,0,0,0,0,0,0
2005,371100,2,1,0,0,0,0,0,0,0,0,0,0
2005,371101,1,1,0,0,0,0,0,0,0,0,0,0
2005,371102,1,1,0,0,0,0,0,5,0,0,19,0
2005,371102,2,1,0,0,12,0,0,4,9,0,0,0
2005,371103,1,1,0,0,0,0,0,0,0,0,0,0
2005,371103,2,1,0,0,0,0,0,0,0,0,0,0
2005,371104,1,1,20,20,20,20,20,20,20,20,20,20
2005,371105,1,1,32,5,13,11,0,16,0,5,21,8
2005,371106,1,1,0,0,0,0,0,0,0,0,0,0
2005,371106,2,1,0,0,0,0,0,0,0,0,0,0
2005,371107,1,1,0,24,0,0,0,29,0,0,4,0
2005,371107,2,1,0,0,0,0,0,0,0,0,0,0
2005,371108,1,1,0,0,0,0,0,0,5,0,0,0
2005,371109,2,1,0,0,0,0,0,0,0,0,0,0
2005,371110,1,1,0,0,15,0,27,0,8,19,0,0
2005,371111,1,1,0,0,0,0,0,0,0,0,0,0
2005,371111,2,1,28,0,0,13,0,0,0,0,0,0
2005,371112,1,1,18,18,18,18,18,18,18,18,18,18
2005,371113,1,1,0,0,0,0,0,0,0,0,0,0
2005,371113,2,1,0,0,0,0,0,0,0,0,0,0
2005,371114,1,1,37,37,37,37,37,37,37,37,37,37
2005,371114,2,1,0,0,0,0,0,0,0,0,0,0
2005,371115,1,1,18,18,18,18,18,18,18,18,18,18
2005,371116,1,1,8,8,8,8,8,8,8,8,8,8
2005,371117,1,1,0,0,0,0,0,0,0,0,0,0
2005,371118,1,1,10,26,12,13,14,7,19,9,9,22
2005,371118,2,1,0,0,0,0,0,0,0,0,0,0
2005,371119,1,1,24,24,24,24,24,24,24,24,24,24
2005,371120,1,1,0,0,0,13,0,0,0,0,0,0
2005,371121,1,1,1,0,0,0,0,0,0,0,0,0
2005,371121,2,1,0,7,4,0,0,21,0,0,0,0
2005,371122,0,1,18,26,9,20,15,20,0,0,0,0
2005,371122,1,1,0,0,0,0,0,0,0,0,0,0
2005,371123,0,1,17,17,17,17,17,17,17,17,17,17
2005,371123,1,1,0,0,0,0,0,0,0,0,0,0
2005,371124,1,1,24,24,24,24,24,24,24,24,24,24
2005,371125,1,1,0,0,0,0,0,0,0,0,0,0
2005,371126,1,1,17,17,17,17,17,17,17,17,17,17
2005,371127,1,1,0,0,0,0,0,0,0,0,0,0
2005,371127,2,1,0,0,0,21,0,0,0,0,0,0
2005,371127,3,1,0,0,0,0,0,0,0,0,0,0
2005,371128,0,1,0,0,0,0,0,0,0,0,0,0
2005,371128,1,1,0,0,0,0,0,0,0,0,0,0
2005,371129,1,1,0,0,0,0,0,0,0,0,0,0
2005,371129,2,1,0,0,0,0,0,9,0,0,0,0
2005,371130,1,1,0,0,0,0,0,0,0,0,0,0
2005,371130,2,1,0,0,0,0,0,0,0,0,0,0
2005,371131,1,1,0,0,0,0,0,0,0,0,0,0
2005,371131,2,1,0,0,0,0,0,0,0,0,0,0
2005,371132,1,1,20,20,20,20,20,20,20,20,20,20
2005,371133,1,1,0,13,0,0,0,0,0,0,0,0
2005,371133,2,1,0,0,0,0,0,0,0,0,0,0
2005,371134,1,1,0,0,0,0,0,0,0,0,0,0
2005,371134,2,1,19,19,19,19,19,19,19,19,19,19
2005,371135,1,1,21,21,21,21,21,21,21,21,21,21
2005,371136,0,1,0,0,0,0,0,0,0,0,0,0
2005,371136,1,1,0,0,0,0,0,0,0,0,0,0
2005,371137,1,1,0,0,0,0,0,0,0,0,0,0
2005,371138,1,1,20,7,0,12,9,4,17,8,11,8
2005,371138,2,1,0,0,0,0,0,0,0,0,0,0
2005,371138,3,1,6,0,0,0,0,0,0,0,0,0
2005,371139,1,1,0,0,0,0,0,0,0,0,0,0
2005,371140,1,1,0,16,11,16,0,26,8,20,14,23
2005,371141,1,1,0,0,0,0,0,0,0,0,0,0
2005,371142,1,1,29,29,29,29,29,29,29,29,29,29
2005,371142,2,1,0,0,0,0,0,0,0,0,0,0
2005,371142,3,1,0,0,0,0,0,0,0,0,0,0
2005,371142,4,1,0,0,0,0,0,0,0,0,0,0
2005,371143,1,1,0,0,0,0,0,0,0,0,0,0
2005,371144,1,1,0,0,0,0,0,0,0,0,0,0
2005,371144,2,1,0,0,0,0,0,0,0,0,0,0
2005,371145,1,1,0,0,0,0,0,0,0,0,0,0
2005,371146,1,1,16,22,15,29,9,19,21,20,16,22
2005,371147,1,1,0,0,0,0,0,0,0,0,0,0
2005,371147,2,1,0,0,0,0,0,0,0,0,0,0
2005,371148,1,1,0,0,0,0,0,0,0,0,0,0
2005,371148,2,1,0,0,0,0,0,0,0,0,0,0
2005,371149,1,1,0,0,0,9,0,0,0,0,24,0
2005,371150,1,1,0,0,0,0,0,0,0,0,0,0
2005,371150,2,1,0,0,0,0,0,0,0,0,0,0
2005,371151,1,1,18,18,18,18,18,18,18,18,18,18
2005,371152,1,1,0,0,0,0,0,0,0,0,0,0
2005,371153,1,1,20,0,0,19,13,0,29,0,26,39
2005,371154,1,1,0,0,0,0,0,0,0,5,0,0
2005,371154,2,1,0,0,0,0,0,0,0,0,0,0
2005,371155,1,1,10,14,23,24,24,12,12,8,18,19
2005,371156,1,1,0,0,0,0,0,0,0,0,0,0
2005,371157,1,1,0,0,0,0,0,0,0,0,0,0
2005,371158,1,1,0,0,0,0,0,0,0,0,0,0
2005,371158,2,1,0,0,0,10,0,0,0,0,0,0
2005,371159,1,1,0,0,0,0,0,0,0,0,0,0
2005,371160,1,1,25,25,25,25,25,25,25,25,25,25
2005,371161,1,1,1,1,1,1,1,1,1,1,1,1
2005,371162,1,1,19,0,7,0,6,0,0,0,0,0
2005,371163,1,1,0,0,0,0,0,0,0,0,0,0
2005,371163,2,1,0,0,0,0,0,0,0,0,0,0
2005,371164,1,1,17,17,17,17,17,17,17,17,17,17
2005,371165,1,1,0,0,0,0,0,0,0,0,0,0
2005,371166,1,1,0,0,0,0,0,0,0,0,0,0
2005,371166,2,1,0,0,0,0,0,0,0,0,0,0
2005,371167,1,1,0,0,0,0,0,0,0,0,0,0
2005,371168,1,1,0,0,0,0,0,0,0,0,0,0
2005,371169,1,1,0,0,0,0,0,0,0,0,0,0
2005,371170,0,1,0,0,0,0,0,0,0,0,0,0
2005,371171,1,1,18,18,18,18,18,18,18,18,18,18
2005,371172,1,1,0,0,0,0,0,0,0,0,0,0
2005,371173,0,1,0,0,0,0,0,0,0,0,0,0
2005,371173,1,1,0,0,0,0,0,0,0,0,0,0
2005,371174,0,1,0,0,0,0,0,0,0,0,0,0
2005,371174,1,1,0,0,0,0,0,0,0,0,0,0
2005,371175,0,1,0,0,0,0,0,0,0,0,0,0
2005,371175,1,1,0,0,0,0,0,0,0,0,0,0
2005,371176,1,1,0,0,0,0,0,0,0,0,0,0
2005,371176,2,1,0,0,0,0,0,0,0,0,0,0
2005,371176,3,1,0,0,0,0,0,0,0,0,0,0
2005,371177,1,1,5,0,0,0,0,0,0,0,0,0
2005,371177,2,1,0,0,0,0,0,0,0,0,0,0
2005,371178,1,1,0,0,0,0,0,0,0,5,0,0
2005,371178,2,1,0,0,0,0,0,0,0,0,0,0
2005,371179,0,1,0,0,0,0,0,0,0,0,0,0
2005,371179,1,1,0,0,0,0,0,27,0,0,0,0
2005,371180,0,1,0,0,0,0,0,0,0,0,0,0
2005,371180,1,1,0,0,0,0,0,0,0,0,0,0
2005,371181,0,1,28,28,28,28,28,28,28,28,28,28
2005,371181,1,1,0,0,0,0,0,0,16,0,0,12
2005,371182,1,1,0,0,0,0,0,0,0,0,0,0
2005,371182,2,1,0,0,0,0,0,0,0,0,0,0
2005,371183,1,1,0,0,0,0,0,0,0,0,0,0
2005,371183,2,1,0,0,0,0,0,0,0,0,0,0
2005,371183,3,1,0,0,0,0,3,0,0,0,0,0
2005,371184,0,1,0,0,0,0,0,0,0,0,0,0
2005,371184,1,1,0,0,0,0,0,17,9,0,8,0
2005,371185,1,1,0,0,0,0,0,0,0,0,0,0
2005,371185,2,1,0,0,0,0,0,0,0,0,0,0
2005,371186,0,1,0,0,0,0,0,0,0,0,0,0
2005,371186,1,1,0,0,0,0,0,0,0,0,0,0
2005,371187,1,1,0,0,0,0,0,0,0,0,0,0
2005,371187,2,1,3,3,3,3,3,3,3,3,3,3
2005,371188,1,1,0,0,0,0,0,0,0,0,0,0
2005,371188,2,1,0,0,0,0,0,0,0,0,0,0
2005,371189,1,1,0,0,0,0,0,0,0,0,0,0
2005,371189,2,1,0,0,0,0,0,0,0,0,0,0
2005,371190,1,1,0,0,0,0,0,0,0,0,0,0
2005,371190,2,1,0,0,0,0,0,0,0,0,0,0
2005,371191,1,1,11,11,11,11,11,11,11,11,11,11
2005,371192,1,1,0,0,0,0,0,0,0,0,0,0