YEAR,ST_CASE,veh_no,per_no,P1,P2,P3,P4,P5,P6,P7,P8,P9,P10
2005,371192,2,1,0,0,0,0,0,0,0,0,0,0
2005,371192,3,1,0,0,0,0,0,0,0,0,0,0
2005,371192,4,1,0,0,0,0,0,0,0,0,0,0
2005,371193,1,1,0,0,0,0,0,0,0,0,0,0
2005,371193,2,1,13,3,19,6,15,15,9,9,28,0
2005,371194,1,1,0,0,6,0,0,11,21,0,0,0
2005,371195,1,1,0,0,0,0,0,0,0,0,0,0
2005,371195,2,1,0,0,0,0,0,0,0,0,0,0
2005,371195,3,1,0,0,0,0,0,0,0,0,3,0
2005,371196,0,1,0,0,0,0,0,0,0,0,0,0
2005,371196,1,1,0,0,0,0,0,0,0,0,0,0
2005,371197,1,1,0,0,0,0,0,0,0,0,0,0
2005,371197,2,1,0,0,0,0,0,0,0,0,0,0
2005,371198,1,1,0,0,0,0,0,0,0,0,0,0
2005,371198,2,1,0,0,0,0,0,0,0,0,0,0
2005,371199,1,1,0,0,0,0,0,0,0,0,0,0
2005,371199,2,1,0,0,0,0,0,0,0,0,0,0
2005,371200,1,1,0,0,0,0,0,0,0,0,0,0
2005,371201,1,1,0,0,0,0,0,0,0,0,0,0
2005,371201,2,1,0,0,0,0,0,0,0,0,0,0
2005,371202,1,1,0,0,0,0,0,0,0,0,0,0
2005,371203,1,1,0,0,0,0,0,0,0,0,0,0
2005,371203,2,1,0,0,0,0,0,0,0,0,0,0
2005,371204,1,1,0,0,0,0,0,0,0,14,0,0
2005,371205,1,1,0,0,0,0,0,0,0,0,0,0
2005,371206,1,1,0,0,0,0,0,0,0,0,0,0
2005,371206,2,1,13,20,0,0,0,0,0,0,0,0
2005,371207,1,1,0,0,0,0,0,0,0,0,0,0
2005,371207,2,1,0,0,0,0,0,0,0,0,0,0
2005,371208,1,1,0,0,0,0,0,0,0,0,0,0
2005,371208,2,1,0,0,0,0,0,0,0,0,0,0
2005,371209,1,1,0,0,0,0,0,0,0,0,0,0
2005,371209,2,1,0,0,0,0,0,0,0,0,0,0
2005,371210,1,1,0,0,0,0,0,0,0,0,0,0
2005,371210,2,1,0,0,0,0,0,5,0,0,0,0
2005,371210,3,1,0,0,0,0,14,0,0,0,0,0
2005,371211,1,1,0,0,0,0,0,0,0,0,0,0
2005,371211,2,1,0,0,0,0,0,0,0,0,0,0
2005,371212,1,1,0,0,0,0,0,0,0,0,0,0
2005,371212,2,1,0,0,0,0,0,0,0,0,0,0
2005,371213,1,1,0,0,0,0,0,0,0,0,0,0
2005,371213,2,1,0,0,0,0,0,0,0,4,0,0
2005,371214,1,1,5,13,15,26,0,10,10,0,15,24
2005,371215,0,1,0,0,0,0,0,11,0,0,0,0
2005,371215,1,1,0,0,0,0,0,0,0,0,0,0
2005,371216,1,1,0,0,0,0,0,0,0,0,0,0
2005,371216,2,1,0,0,0,0,0,0,0,0,0,0
2005,371217,0,1,0,0,0,0,0,0,0,0,0,0
2005,371217,1,1,5,6,11,0,13,17,16,0,8,13
2005,371218,1,1,14,14,14,14,14,14,14,14,14,14
2005,371219,1,1,0,0,0,0,0,0,0,0,0,0
2005,371219,2,1,0,0,0,0,0,0,0,0,0,0
2005,371220,1,1,0,0,0,0,0,0,0,0,0,0
2005,371220,2,1,0,0,0,0,0,0,0,0,0,0
2005,371221,1,1,0,0,0,0,0,0,0,11,0,0
2005,371221,2,1,0,0,0,0,0,0,0,18,0,0
2005,371222,1,1,0,0,0,0,0,0,13,0,0,0
2005,371222,2,1,0,0,0,0,0,0,0,0,0,0
2005,371223,1,1,0,0,0,0,5,0,0,0,0,0
2005,371224,1,1,0,0,0,0,0,2,0,0,0,0
2005,371225,1,1,0,0,0,0,0,0,0,0,0,0
2005,371226,1,1,0,11,14,29,6,15,22,13,17,17
2005,371226,2,1,0,0,0,0,0,0,0,0,0,0
2005,371227,1,1,0,0,23,0,8,0,0,0,0,0
2005,371228,0,1,30,30,30,30,30,30,30,30,30,30
2005,371228,1,1,0,0,0,0,0,0,0,0,0,0
2005,371229,1,1,0,0,0,0,0,0,0,0,0,0
2005,371229,2,1,0,0,0,0,0,0,0,0,0,0
2005,371229,3,1,0,0,0,0,0,0,0,0,0,0
2005,371230,1,1,0,0,0,0,0,0,0,0,0,0
2005,371230,2,1,0,0,0,0,0,0,0,0,0,0
2005,371231,1,1,0,0,0,28,0,0,0,0,0,0
2005,371232,1,1,0,0,0,0,0,0,0,0,0,0
2005,371233,1,1,0,0,0,0,0,0,0,0,0,0
2005,371233,2,1,0,0,0,0,12,0,0,0,0,0
2005,371233,3,1,0,0,0,0,0,0,0,0,0,0
2005,371234,1,1,0,0,0,0,0,0,0,0,0,0
2005,371234,2,1,0,0,0,0,0,0,0,0,0,0
2005,371235,1,1,0,0,0,0,0,0,0,0,0,19
2005,371235,2,1,5,0,0,0,0,0,0,0,0,0
2005,371235,3,1,0,0,0,0,0,0,0,0,0,0
2005,371236,1,1,0,0,0,0,0,0,0,0,0,0
2005,371236,2,1,0,0,0,0,0,0,0,0,0,0
2005,371237,1,1,0,0,0,0,0,0,0,0,0,0
2005,371238,1,1,0,0,0,0,0,0,0,0,0,0
2005,371238,2,1,0,0,0,0,0,0,0,0,0,0
2005,371239,1,1,0,0,0,0,0,0,0,0,0,0
2005,371239,2,1,0,0,0,0,0,0,0,0,0,0
2005,371240,0,1,20,20,20,20,20,20,20,20,20,20
2005,371240,1,1,0,0,0,16,0,0,0,0,0,0
2005,371241,1,1,22,17,23,0,11,31,14,19,11,21
2005,371242,1,1,0,0,0,0,0,0,0,0,0,0
2005,371243,1,1,0,0,0,0,0,0,0,0,0,0
2005,371243,2,1,0,0,0,0,0,0,0,0,0,0
2005,371243,3,1,0,0,0,0,0,0,0,0,0,0
2005,371244,1,1,0,0,0,0,0,0,0,0,0,0
2005,371244,2,1,0,0,0,0,0,0,0,0,0,0
2005,371245,1,1,0,0,0,0,0,0,0,0,0,0
2005,371245,2,1,0,0,0,0,0,0,0,0,0,0
2005,371246,1,1,0,0,0,0,0,0,0,0,0,0
2005,371246,2,1,0,0,0,0,0,0,0,0,0,0
2005,371247,1,1,18,8,0,10,14,0,0,0,0,7
2005,371247,2,1,0,0,0,0,0,0,0,0,0,0
2005,371248,0,1,31,31,31,31,31,31,31,31,31,31
2005,371248,1,1,15,0,0,9,0,0,0,0,23,0
2005,371249,1,1,9,9,9,9,9,9,9,9,9,9
2005,371250,1,1,0,0,0,0,0,0,0,0,0,0
2005,371250,2,1,0,0,0,0,0,0,0,0,0,0
2005,371250,3,1,0,0,0,0,0,0,0,0,0,0
2005,371250,4,1,0,0,0,0,0,0,0,0,0,0
2005,371251,1,1,31,31,31,31,31,31,31,31,31,31
2005,371251,2,1,0,0,0,0,0,0,0,0,0,0
2005,371251,4,1,0,0,0,0,0,0,0,0,0,0
2005,371252,1,1,0,0,0,0,0,0,0,0,0,0
2005,371252,2,1,0,0,0,0,0,0,0,0,0,0
2005,371253,1,1,0,0,0,0,0,0,0,19,0,0
2005,371253,2,1,0,0,0,0,0,0,0,0,0,0
2005,371254,1,1,0,0,0,0,0,0,0,0,0,0
2005,371254,2,1,0,0,0,0,0,0,0,0,0,0
2005,371255,1,1,0,0,0,0,0,0,0,0,0,0
2005,371255,2,1,0,0,0,0,0,0,0,0,0,0
2005,371256,1,1,19,19,19,19,19,19,19,19,19,19
2005,371257,1,1,0,0,0,0,0,0,0,0,0,0
2005,371257,2,1,0,0,0,0,0,0,0,0,0,0
2005,371258,1,1,0,0,0,0,0,0,0,0,0,0
2005,371258,2,1,0,0,0,0,0,0,0,0,0,0
2005,371258,3,1,0,0,0,0,0,0,0,0,0,0
2005,371259,1,1,0,0,0,0,0,0,0,0,0,0
2005,371259,2,1,0,0,0,0,0,0,0,0,0,0
2005,371259,3,1,0,0,0,0,0,0,0,0,0,0
2005,371259,4,1,0,0,0,0,0,0,0,0,0,0
2005,371260,1,1,0,0,0,0,0,0,0,20,0,0
2005,371261,1,1,2,2,2,2,2,2,2,2,2,2
2005,371262,1,1,22,13,4,8,13,11,11,16,12,9
2005,371262,2,1,0,0,0,0,0,0,0,0,0,0
2005,371263,1,1,23,23,23,23,23,23,23,23,23,23
2005,371264,1,1,22,22,22,22,22,22,22,22,22,22
2005,371265,1,1,0,0,0,0,0,0,0,0,0,0
2005,371265,2,1,0,0,20,0,0,0,0,0,0,0
2005,371266,1,1,0,0,0,0,0,0,0,0,0,0
2005,371266,2,1,0,0,0,0,0,0,0,0,0,0
2005,371267,0,1,0,0,0,0,0,0,0,0,0,0
2005,371267,1,1,0,0,16,0,0,0,0,0,0,0
2005,371268,1,1,0,0,0,0,0,0,0,0,0,0
2005,371269,1,1,0,0,0,0,0,0,0,0,0,0
2005,371269,2,1,13,13,13,13,13,13,13,13,13,13
2005,371270,1,1,0,0,0,0,0,0,0,0,0,0
2005,371270,2,1,0,0,0,0,0,0,0,0,0,0
2005,371271,1,1,14,14,14,14,14,14,14,14,14,14
2005,371272,0,1,0,0,0,0,0,0,0,0,0,0
2005,371272,1,1,0,0,12,0,0,0,0,0,0,0
2005,371272,2,1,0,0,0,0,0,0,0,0,0,0
2005,371273,1,1,15,0,0,15,0,0,0,0,21,0
2005,371273,2,1,0,0,0,0,0,0,0,10,0,0
2005,371273,3,1,0,0,0,0,0,0,0,0,0,0
2005,371273,4,1,0,0,0,0,0,0,0,0,0,0
2005,371273,5,1,0,0,0,0,0,0,0,0,0,0
2005,371274,1,1,0,0,0,0,0,0,0,0,0,0
2005,371274,2,1,0,0,0,0,0,0,0,0,0,0
2005,371275,1,1,0,0,0,0,0,0,0,0,0,0
2005,371276,1,1,0,0,0,0,0,0,0,0,0,0
2005,371276,2,1,0,0,0,0,0,0,0,0,0,0
2005,371277,1,1,30,30,30,30,30,30,30,30,30,30
2005,371278,0,1,0,0,0,0,0,0,0,0,0,0
2005,371278,1,1,15,0,37,0,0,0,0,0,0,0
2005,371279,0,1,0,0,0,0,0,0,0,0,0,0
2005,371279,1,1,0,26,16,7,6,14,13,18,16,13
2005,371280,1,1,0,0,0,0,0,0,0,0,0,0
2005,371280,2,1,0,0,0,0,0,0,0,0,0,0
2005,371280,3,1,0,0,0,0,0,0,0,0,0,0
2005,371281,1,1,0,0,0,0,0,0,0,0,0,0
2005,371282,0,1,8,8,8,8,8,8,8,8,8,8
2005,371282,1,1,12,2,16,11,4,0,40,16,0,10
2005,371283,1,1,0,0,0,0,0,0,0,0,0,0
2005,371284,1,1,11,11,11,11,11,11,11,11,11,11
2005,371285,1,1,26,0,0,0,0,0,0,0,0,0
2005,371285,2,1,0,0,0,0,0,0,0,0,0,0
2005,371286,1,1,0,0,0,0,0,0,0,0,0,0
2005,371286,2,1,0,0,0,0,0,0,0,13,0,0
2005,371287,1,1,0,0,0,0,0,0,0,0,0,0
2005,371287,2,1,0,0,0,0,0,0,0,0,0,0
2005,371288,1,1,0,0,0,0,0,0,0,0,0,0
2005,371289,1,1,0,0,0,0,0,0,0,0,0,0
2005,371290,1,1,29,29,29,29,29,29,29,29,29,29
2005,371291,1,1,20,20,20,20,20,20,20,20,20,20
2005,371292,0,1,21,21,21,21,21,21,21,21,21,21
2005,371292,0,2,20,20,20,20,20,20,20,20,20,20
2005,371292,1,1,16,8,5,19,16,26,0,23,15,25
2005,371293,1,1,23,23,23,23,23,23,23,23,23,23
2005,371293,2,1,0,0,0,0,0,0,0,0,0,0
2005,371294,1,1,8,8,8,8,8,8,8,8,8,8
2005,371295,1,1,44,44,44,44,44,44,44,44,44,44
2005,371296,0,1,25,25,25,25,25,25,25,25,25,25
2005,371296,1,1,0,0,0,0,0,0,0,0,0,0
2005,371297,1,1,14,14,14,14,14,14,14,14,14,14
2005,371298,0,1,0,0,0,0,0,0,0,0,0,0
2005,371298,1,1,0,0,0,0,0,0,0,0,0,0
2005,371299,1,1,0,0,0,0,0,0,0,0,0,0
2005,371300,1,1,0,0,0,0,0,0,0,0,0,0
2005,371301,1,1,0,0,0,0,0,0,0,0,0,0
2005,371301,2,1,0,0,0,0,0,0,0,0,0,0
2005,371302,1,1,0,0,0,0,0,0,0,0,0,0
2005,371302,2,1,0,0,0,0,0,0,0,0,0,0
2005,371303,1,1,0,0,0,0,0,0,0,0,0,0
2005,371303,2,1,0,18,0,7,13,8,19,20,14,19
2005,371304,1,1,0,0,0,0,0,0,0,0,0,0
2005,371305,0,1,0,0,0,0,0,0,0,0,0,0
2005,371305,1,1,0,0,0,0,0,0,0,0,0,0
2005,371306,1,1,0,0,0,0,0,0,0,0,0,0
2005,371306,2,1,0,0,0,0,0,0,0,0,0,0
2005,371307,0,1,18,18,18,18,18,18,18,18,18,18
2005,371307,1,1,0,0,0,0,0,0,0,0,0,0
2005,371308,1,1,0,0,0,0,0,0,0,0,0,0
2005,371308,2,1,0,0,0,16,0,0,0,0,0,0
2005,371309,1,1,0,0,0,0,0,0,0,0,0,0
2005,371309,2,1,0,0,0,0,0,0,0,0,0,0
2005,371310,0,1,21,21,21,21,21,21,21,21,21,21
2005,371310,1,1,0,0,0,0,0,0,0,0,0,0
2005,371311,1,1,0,0,0,0,0,0,0,0,0,0
2005,371311,2,1,0,0,0,0,0,0,0,0,0,0
2005,371311,3,1,0,0,0,0,0,0,0,0,0,0
2005,371311,4,1,0,0,0,0,0,0,0,0,0,0
2005,371312,1,1,10,0,0,0,0,0,0,0,0,0
2005,371312,2,1,0,0,0,0,0,0,6,0,0,0
2005,371313,0,1,0,0,0,0,0,0,0,0,0,0
2005,371313,1,1,0,0,0,0,0,13,0,0,0,0
2005,371314,1,1,15,10,12,14,10,0,21,9,17,7
2005,371314,2,1,0,0,0,0,0,0,0,0,0,0
2005,371315,1,1,0,0,0,0,0,0,0,0,0,0
2005,371315,2,1,0,0,0,0,0,0,0,0,0,0
2005,371316,1,1,0,0,0,0,0,0,0,0,0,0
2005,371316,2,1,2,2,2,2,2,2,2,2,2,2
2005,371317,0,1,0,0,0,0,0,0,0,0,0,0
2005,371317,1,1,0,0,0,0,0,0,0,0,0,0
2005,371318,1,1,17,17,17,17,17,17,17,17,17,17
2005,371318,2,1,3,3,3,3,3,3,3,3,3,3
2005,371319,1,1,0,0,0,0,0,0,0,0,0,0
2005,371320,1,1,0,0,0,0,0,0,0,0,0,0
2005,371320,2,1,0,0,0,0,0,0,0,0,0,0
2005,371321,1,1,0,0,0,0,0,0,0,0,0,0
2005,371321,2,1,0,0,0,0,0,0,16,0,0,0
2005,371322,1,1,10,25,33,0,17,16,22,10,26,33
2005,371323,0,1,28,28,28,28,28,28,28,28,28,28
2005,371323,1,1,0,0,0,0,0,0,0,0,0,0
2005,371324,1,1,0,0,0,0,0,0,0,0,0,0
2005,371325,1,1,0,0,0,10,0,0,0,0,0,0
2005,371326,1,1,0,0,0,0,0,0,0,0,0,0
2005,371326,2,1,0,0,0,0,0,0,0,0,0,0
2005,371327,1,1,0,0,0,0,0,0,0,0,0,0
2005,371327,2,1,0,0,0,0,0,0,0,0,0,0
2005,371328,1,1,31,13,24,28,15,10,19,17,13,29
2005,371329,1,1,0,0,0,0,0,0,0,0,0,0
2005,371330,1,1,0,0,0,0,0,0,0,0,0,0
2005,371330,2,1,0,0,0,0,0,0,0,0,0,0
2005,371331,1,1,0,0,0,0,0,0,0,0,0,0
2005,371331,2,1,0,0,0,0,0,0,0,0,0,0
2005,371332,1,1,0,0,0,0,0,0,0,0,0,0
2005,371332,2,1,0,0,0,0,0,0,0,0,0,0
2005,371333,1,1,21,21,21,21,21,21,21,21,21,21
2005,371333,2,1,0,0,0,0,0,0,0,0,0,0
2005,371333,3,1,0,0,0,0,0,0,0,0,0,0
2005,371334,1,1,0,0,0,0,0,0,0,0,0,0
2005,371335,0,1,39,39,39,39,39,39,39,39,39,39
2005,371335,1,1,15,3,28,4,5,24,7,0,11,9
2005,371336,1,1,0,0,0,0,0,0,0,0,0,0
2005,371336,2,1,0,0,0,0,0,0,0,0,0,0
2005,371336,3,1,0,0,0,0,0,0,0,0,0,0
2005,371336,5,1,0,0,0,3,0,0,0,0,0,0
2005,371336,6,1,0,0,0,0,0,0,0,0,0,0
2005,371336,7,1,0,0,0,0,0,0,0,0,0,0
2005,371336,8,1,0,0,0,0,0,0,0,0,0,0
2005,371337,1,1,0,0,0,0,0,0,0,0,0,0
2005,371337,2,1,0,0,0,0,0,0,0,0,0,0
2005,371338,1,1,14,14,14,14,14,14,14,14,14,14
2005,371339,1,1,0,0,0,0,0,0,0,0,0,0
2005,371339,2,1,0,0,0,0,0,0,0,0,0,0
2005,371340,0,1,0,0,0,0,0,0,0,0,0,0
2005,371340,1,1,0,0,0,0,12,0,0,13,0,0
2005,371341,0,1,0,0,0,0,0,0,0,0,0,0
2005,371341,1,1,0,0,0,0,0,0,0,0,0,0
2005,371342,1,1,13,13,13,13,13,13,13,13,13,13
2005,371343,0,1,0,0,0,0,15,0,0,0,0,0
2005,371343,1,1,15,15,15,15,15,15,15,15,15,15
2005,371344,1,1,0,0,0,24,8,0,17,0,0,0
2005,371345,1,1,0,0,0,0,0,0,0,0,0,0
2005,371346,1,1,0,0,0,0,0,0,0,0,0,0
2005,371347,0,1,0,0,0,0,0,0,0,0,0,0
2005,371347,1,1,0,0,0,0,0,0,0,0,0,0
2005,371348,1,1,0,0,0,0,0,0,0,0,0,0
2005,371348,2,1,0,0,0,0,0,0,6,0,0,0
2005,371349,1,1,0,0,0,0,0,0,0,0,0,0
2005,371349,2,1,0,0,0,0,0,0,0,0,0,0
2005,371350,1,1,0,0,0,0,0,0,0,0,0,0
2005,371350,2,1,0,0,9,0,0,0,0,0,0,0
2005,371351,1,1,0,0,0,0,0,0,0,0,0,0
2005,371352,1,1,0,0,0,0,0,0,0,0,0,0
2005,371353,0,1,26,26,26,26,26,26,26,26,26,26
2005,371353,1,1,0,0,18,0,0,0,0,0,17,0
2005,371354,0,1,33,33,33,33,33,33,33,33,33,33
2005,371354,1,1,0,21,0,15,0,0,0,0,0,0
2005,371355,1,1,0,0,0,0,0,0,0,0,0,0
2005,371356,1,1,15,15,15,15,15,15,15,15,15,15
2005,371357,1,1,0,0,0,0,0,0,0,0,0,0
2005,371358,1,1,0,0,0,11,0,0,0,0,0,0
2005,371358,2,1,0,0,0,0,0,0,0,0,0,0
2005,371358,3,1,0,0,0,0,0,0,0,0,0,0
2005,371358,4,1,0,0,0,11,0,0,0,11,0,0
2005,371359,1,1,0,0,0,0,0,0,0,0,0,0
2005,371359,2,1,0,0,0,17,0,0,0,12,0,2
2005,371360,1,1,0,0,0,0,0,0,0,0,0,0
2005,371360,2,1,0,0,0,0,0,0,0,0,0,0
2005,371361,1,1,0,0,0,0,0,0,0,0,0,0
2005,371361,2,1,0,0,0,0,6,0,0,0,0,0
2005,371362,1,1,0,0,0,0,0,0,0,0,0,0
2005,371362,2,1,0,0,0,0,0,0,0,0,0,0
2005,371363,0,1,0,0,0,0,0,0,0,0,0,0
2005,371363,1,1,0,0,0,0,0,0,0,0,0,0
2005,371364,1,1,0,0,0,0,0,0,0,0,0,0
2005,371364,2,1,0,0,0,0,0,0,0,0,0,0
2005,371364,3,1,0,0,0,0,0,0,0,0,0,0
2005,371365,1,1,0,0,0,0,0,0,0,0,0,0
2005,371365,2,1,0,0,0,10,14,0,0,0,0,0
2005,371366,1,1,0,0,0,0,0,0,0,0,0,0
2005,371367,0,1,0,0,0,0,0,0,0,0,4,0
2005,371367,0,2,0,0,0,0,0,0,0,0,0,18
2005,371367,0,3,0,0,0,0,0,0,0,0,0,0
2005,371367,1,1,0,0,0,0,0,0,0,0,0,0
2005,371368,0,1,0,0,0,0,0,0,0,0,0,0
2005,371368,1,1,0,0,0,0,0,0,0,0,0,0
2005,371369,1,1,3,3,3,3,3,3,3,3,3,3
2005,371370,1,1,0,0,0,0,0,0,0,0,0,0
2005,371370,2,1,0,0,0,0,0,0,0,0,0,0
2005,371371,1,1,0,0,0,0,0,0,0,0,0,0
2005,371371,2,1,0,0,0,0,0,0,0,0,0,0
2005,371372,1,1,0,0,0,0,0,0,0,0,0,0
2005,371372,2,1,0,0,0,0,0,0,0,0,0,0
2005,371373,1,1,27,27,27,27,27,27,27,27,27,27
2005,371373,2,1,0,0,0,0,0,0,0,0,0,0
2005,371374,1,1,0,0,0,0,0,0,0,0,0,0
2005,371374,2,1,0,0,0,0,0,0,0,0,0,0
2005,371375,1,1,32,32,32,32,32,32,32,32,32,32
2005,371376,1,1,16,16,28,14,16,18,23,22,11,24
2005,371376,2,1,0,0,0,0,0,0,0,0,0,8
2005,371377,1,1,0,0,0,0,0,0,0,0,0,0
2005,371378,0,1,11,0,8,32,19,33,25,12,29,38
2005,371378,1,1,0,0,0,0,0,0,0,0,0,0
2005,371379,1,1,22,22,22,22,22,22,22,22,22,22
2005,371380,1,1,0,0,0,0,0,0,0,0,0,0
2005,371380,2,1,0,0,0,0,0,0,0,0,0,0
2005,371381,1,1,0,0,0,0,0,0,0,0,0,0
2005,371381,2,1,0,0,0,0,0,0,0,0,0,0
2005,371382,1,1,0,0,0,0,0,0,0,0,10,0
2005,371382,2,1,0,0,0,0,0,0,0,0,0,0
2005,371383,1,1,0,0,0,0,0,0,0,0,0,0
2005,371383,2,1,0,0,0,0,0,0,0,0,0,0
2005,371384,1,1,22,22,22,22,22,22,22,22,22,22
2005,371385,0,1,0,0,0,0,0,0,0,0,0,0
2005,371385,1,1,0,0,0,0,0,0,0,0,0,0
2005,371386,1,1,24,24,24,24,24,24,24,24,24,24
2005,371387,1,1,0,0,0,0,0,0,0,0,0,0
2005,371387,2,1,0,0,0,0,0,0,0,0,0,0
2005,371388,0,1,14,14,14,14,14,14,14,14,14,14
2005,371388,1,1,5,13,0,14,10,23,17,11,11,3
2005,371389,1,1,17,17,17,17,17,17,17,17,17,17
2005,371389,2,1,0,0,0,0,0,0,0,0,0,0
2005,371390,0,1,0,0,0,0,0,0,0,0,0,0
2005,371390,1,1,0,0,0,0,0,24,0,0,0,0
2005,371391,1,1,0,0,0,0,0,0,0,0,0,0
2005,371392,0,1,24,17,28,37,24,16,27,20,10,24
2005,371392,1,1,0,0,0,0,0,0,0,0,0,0
2005,371393,0,1,13,0,37,7,3,17,25,0,0,0
2005,371394,0,1,31,13,34,31,34,14,2,0,11,18
2005,371394,1,1,0,0,0,0,0,0,0,0,0,0
2005,371394,2,1,0,0,0,0,0,0,0,0,0,0
2005,371395,1,1,0,0,0,0,0,0,0,0,0,0
2005,371395,2,1,0,0,0,0,0,0,0,0,0,0
2005,371395,3,1,0,0,0,0,0,0,0,9,0,0
2005,371396,1,1,0,0,0,0,0,0,8,0,0,0
2005,371396,2,1,0,0,0,0,0,0,0,0,0,0
2005,371396,3,1,0,0,0,0,0,0,0,0,0,0
2005,371397,1,1,0,0,0,0,0,0,0,0,0,0
2005,371398,1,1,13,26,18,10,13,29,25,23,17,32
2005,371399,1,1,29,13,0,25,17,15,12,0,27,29
2005,371400,1,1,0,32,7,27,5,0,40,29,0,33
2005,371401,1,1,19,0,11,18,0,0,0,0,0,0
2005,371401,2,1,0,0,0,0,5,6,0,0,0,0
2005,371402,1,1,0,0,0,0,0,0,0,0,0,0
2005,371403,1,1,15,0,0,0,0,0,0,0,0,0
2005,371403,2,1,8,0,0,0,0,0,0,0,0,0
2005,371404,1,1,40,9,14,12,5,7,0,15,6,13
2005,371405,1,1,0,0,0,0,0,0,0,0,0,0
2005,371405,2,1,0,0,0,0,0,0,0,0,0,0
2005,371406,0,1,24,32,31,5,29,26,20,30,19,22
2005,371406,1,1,23,27,15,17,14,11,26,5,22,14
2005,371407,1,1,0,0,0,30,0,0,0,0,0,10
2005,371407,2,1,0,0,0,0,0,0,0,0,0,0
2005,371408,1,1,0,0,0,0,0,0,4,0,0,0
2005,371408,2,1,0,0,0,0,0,0,0,0,0,0
2005,371409,1,1,12,21,22,12,20,38,26,5,15,15
2005,371409,2,1,2,0,0,0,0,0,0,0,0,0
2005,371410,1,1,0,0,17,0,0,22,0,12,0,0
2005,371411,1,1,0,0,0,0,0,0,0,0,0,0
2005,371411,2,1,0,0,0,0,0,0,0,0,0,0
2005,371412,1,1,0,0,0,0,0,0,0,0,0,0
2005,371412,2,1,0,0,0,0,0,0,0,0,0,8
2005,371413,1,1,0,0,0,0,0,0,0,0,0,0
2005,371413,2,1,0,0,0,0,0,0,0,0,0,0
2005,371414,1,1,0,0,0,0,0,0,0,0,0,0
2005,371414,2,1,0,0,0,0,0,0,0,0,0,0
2005,371414,3,1,0,0,0,0,0,0,0,0,0,0
2005,371415,1,1,0,0,0,0,0,0,0,0,0,0
2005,371415,2,1,0,0,0,0,0,0,0,0,0,0
2005,371416,1,1,0,0,0,0,0,0,0,0,0,0
2005,371417,1,1,0,0,0,0,0,0,0,0,0,0
2005,371417,2,1,0,0,0,0,0,0,0,0,0,0
2005,371418,1,1,8,35,25,26,0,14,0,23,21,32
2005,371419,1,1,0,0,0,0,22,0,0,0,0,0
2005,371420,1,1,0,0,0,0,0,0,0,0,0,0
2005,371420,2,1,0,0,0,0,0,0,0,0,0,0
2005,371421,1,1,0,0,0,0,0,0,0,0,0,0
2005,371421,2,1,0,0,0,0,0,0,0,0,0,0
2005,380002,1,1,21,21,21,21,21,21,21,21,21,21
2005,380003,1,1,15,19,32,21,0,18,14,0,21,19
2005,380004,1,1,0,0,0,0,0,0,0,0,0,0
2005,380004,2,1,0,4,0,0,0,17,0,0,0,0
2005,380005,1,1,0,0,0,0,0,0,0,0,0,0
2005,380006,0,1,6,6,6,6,6,6,6,6,6,6
2005,380006,1,1,0,0,0,0,0,0,0,0,0,0
2005,380007,1,1,0,0,0,0,0,0,0,0,0,0
2005,380008,1,1,0,0,15,0,13,0,0,0,0,0
2005,380009,0,1,0,0,0,0,0,0,0,0,0,0
2005,380009,0,2,0,0,0,0,0,37,0,0,0,0
2005,380009,1,1,0,0,0,0,0,0,0,0,0,0
2005,380010,1,1,18,18,18,18,18,18,18,18,18,18
2005,380010,2,1,0,0,0,0,0,0,0,0,0,0
2005,380011,1,1,0,0,0,0,0,0,0,0,0,0
2005,380012,1,1,25,25,25,25,25,25,25,25,25,25
2005,380013,0,1,0,0,0,0,0,0,0,0,0,0
2005,380013,1,1,0,0,0,0,0,0,0,0,0,0
2005,380014,1,1,24,24,24,24,24,24,24,24,24,24
2005,380015,1,1,0,0,0,0,0,0,0,0,0,0
2005,380015,2,1,0,0,0,0,0,0,0,0,0,0
2005,380016,1,1,0,0,0,0,0,0,0,0,0,0
2005,380017,1,1,19,19,19,19,19,19,19,19,19,19
2005,380018,1,1,0,0,0,0,0,0,0,0,0,0
2005,380019,1,1,15,15,15,15,15,15,15,15,15,15
2005,380020,1,1,0,9,0,0,0,0,0,0,0,20
2005,380021,1,1,21,21,21,21,21,21,21,21,21,21
2005,380022,1,1,26,26,26,26,26,26,26,26,26,26
2005,380023,0,1,0,0,0,0,0,0,0,0,0,0
2005,380023,1,1,23,0,0,0,10,0,0,0,0,0
2005,380024,1,1,0,0,0,0,0,0,0,0,0,0
2005,380025,1,1,0,0,0,0,0,0,0,0,0,0
2005,380026,1,1,18,12,13,27,13,23,34,12,25,4
2005,380027,1,1,9,9,9,9,9,9,9,9,9,9
2005,380027,2,1,0,0,0,0,0,0,0,0,0,0
2005,380028,1,1,0,0,0,0,0,0,0,0,0,0
2005,380029,1,1,14,14,14,14,14,14,14,14,14,14
2005,380031,1,1,16,16,16,16,16,16,16,16,16,16
2005,380032,1,1,0,0,0,0,0,0,0,0,0,0
2005,380032,2,1,6,6,6,6,6,6,6,6,6,6
2005,380033,1,1,0,0,0,0,0,0,0,0,0,0
2005,380034,1,1,23,23,23,23,23,23,23,23,23,23
2005,380035,1,1,21,21,21,21,21,21,21,21,21,21
2005,380036,1,1,19,19,19,19,19,19,19,19,19,19