YEAR,ST_CASE,veh_no,per_no,P1,P2,P3,P4,P5,P6,P7,P8,P9,P10
2005,380037,1,1,0,0,0,0,0,0,0,0,0,9
2005,380037,2,1,0,0,0,0,0,0,0,0,0,0
2005,380038,0,1,0,0,0,0,0,0,0,0,0,0
2005,380038,1,1,0,0,0,0,0,0,0,0,0,0
2005,380039,0,1,0,0,0,0,0,0,0,0,0,0
2005,380040,1,1,0,0,0,0,0,0,0,0,0,0
2005,380040,2,1,0,0,0,0,0,0,0,0,0,0
2005,380041,1,1,0,0,0,0,0,0,0,0,0,0
2005,380042,1,1,0,0,0,10,0,0,0,0,0,0
2005,380042,2,1,0,0,0,0,0,0,0,0,0,0
2005,380043,1,1,0,0,0,0,0,0,0,23,0,0
2005,380043,2,1,0,0,0,0,0,0,0,0,0,0
2005,380044,1,1,19,19,19,19,19,19,19,19,19,19
2005,380045,1,1,0,0,0,0,0,0,0,0,0,0
2005,380045,2,1,0,0,0,0,0,0,0,0,0,0
2005,380046,1,1,14,14,14,14,14,14,14,14,14,14
2005,380047,1,1,0,0,0,0,0,0,0,0,0,0
2005,380047,2,1,0,0,0,0,0,0,0,0,0,0
2005,380048,1,1,6,6,6,6,6,6,6,6,6,6
2005,380048,2,1,0,0,0,0,0,0,0,0,0,0
2005,380049,1,1,17,17,17,17,17,17,17,17,17,17
2005,380050,1,1,0,0,0,0,0,0,0,0,0,0
2005,380051,1,1,0,0,0,0,0,0,0,0,0,0
2005,380051,2,1,2,2,2,2,2,2,2,2,2,2
2005,380052,1,1,0,0,0,0,0,0,0,0,0,0
2005,380053,1,1,28,28,28,28,28,28,28,28,28,28
2005,380054,1,1,0,0,0,0,0,0,0,0,0,0
2005,380055,1,1,0,0,0,0,0,0,0,0,0,0
2005,380055,2,1,0,0,0,0,0,0,0,0,0,0
2005,380056,0,1,20,20,20,20,20,20,20,20,20,20
2005,380056,1,1,27,27,27,27,27,27,27,27,27,27
2005,380057,0,1,23,23,23,23,23,23,23,23,23,23
2005,380057,1,1,17,18,16,11,19,23,0,8,11,20
2005,380058,1,1,0,0,0,0,0,0,0,0,0,0
2005,380059,1,1,20,20,20,20,20,20,20,20,20,20
2005,380060,1,1,0,0,0,0,0,0,0,0,0,0
2005,380061,1,1,31,31,31,31,31,31,31,31,31,31
2005,380062,1,1,27,27,27,27,27,27,27,27,27,27
2005,380063,1,1,0,0,0,0,0,0,0,0,0,0
2005,380063,2,1,0,0,0,0,0,0,0,0,0,0
2005,380064,1,1,12,12,12,12,12,12,12,12,12,12
2005,380065,1,1,0,0,0,0,0,0,7,0,0,0
2005,380066,0,1,0,0,0,0,0,0,0,0,0,0
2005,380066,1,1,5,0,0,0,0,0,0,0,0,0
2005,380067,1,1,0,0,0,0,0,0,0,0,0,0
2005,380068,1,1,0,0,0,0,0,0,0,0,0,0
2005,380068,2,1,0,0,0,0,0,0,0,0,0,0
2005,380069,0,1,0,0,0,0,0,0,0,0,0,0
2005,380069,1,1,0,0,25,0,0,0,0,0,0,0
2005,380070,1,1,11,11,11,11,11,11,11,11,11,11
2005,380071,1,1,0,0,0,0,0,0,0,0,0,0
2005,380071,2,1,0,0,0,0,0,0,0,0,0,0
2005,380072,1,1,15,15,15,15,15,15,15,15,15,15
2005,380072,2,1,0,0,0,0,0,0,0,0,0,16
2005,380073,1,1,0,0,0,0,0,0,0,0,0,0
2005,380074,1,1,0,0,0,0,0,0,0,0,0,0
2005,380075,1,1,0,0,0,0,0,0,0,0,0,0
2005,380075,2,1,0,0,0,0,0,0,0,0,0,0
2005,380076,1,1,16,16,16,16,16,16,16,16,16,16
2005,380077,0,1,0,0,0,0,0,0,0,0,0,0
2005,380077,1,1,0,0,0,0,0,0,0,0,13,0
2005,380078,1,1,0,0,0,0,0,0,0,0,0,0
2005,380079,1,1,0,0,0,0,0,0,0,0,0,7
2005,380080,1,1,0,0,0,0,0,0,0,0,0,0
2005,380080,2,1,0,0,0,0,0,0,0,0,0,0
2005,380081,1,1,0,0,0,0,0,0,0,0,0,0
2005,380081,2,1,13,13,13,13,13,13,13,13,13,13
2005,380082,1,1,28,28,28,28,28,28,28,28,28,28
2005,380083,1,1,29,29,29,29,29,29,29,29,29,29
2005,380084,1,1,17,17,17,17,17,17,17,17,17,17
2005,380085,1,1,2,2,2,2,2,2,2,2,2,2
2005,380085,2,1,10,0,0,0,0,0,0,0,0,0
2005,380086,1,1,16,16,16,16,16,16,16,16,16,16
2005,380087,1,1,0,0,0,0,0,0,0,0,0,0
2005,380088,1,1,24,24,24,24,24,24,24,24,24,24
2005,380089,1,1,0,0,0,0,0,0,0,0,0,0
2005,380090,1,1,20,20,20,20,20,20,20,20,20,20
2005,380091,1,1,0,0,0,0,0,0,0,0,0,0
2005,380091,2,1,0,0,0,0,0,0,0,0,0,0
2005,380092,1,1,0,0,0,0,0,0,0,0,0,0
2005,380093,1,1,0,0,0,0,0,0,0,0,0,0
2005,380093,2,1,0,0,0,0,0,0,0,0,0,0
2005,380094,1,1,30,30,30,30,30,30,30,30,30,30
2005,380095,1,1,0,0,0,0,0,0,0,0,0,0
2005,380096,1,1,12,11,16,7,13,31,5,11,15,17
2005,380097,1,1,0,0,0,0,0,0,0,0,0,0
2005,380098,1,1,21,21,21,21,21,21,21,21,21,21
2005,380099,1,1,23,23,23,23,23,23,23,23,23,23
2005,380100,1,1,0,0,0,0,0,0,0,14,0,0
2005,380100,2,1,1,1,1,1,1,1,1,1,1,1
2005,380101,1,1,21,21,21,21,21,21,21,21,21,21
2005,380102,1,1,18,18,18,18,18,18,18,18,18,18
2005,380103,1,1,23,23,23,23,23,23,23,23,23,23
2005,380104,1,1,0,0,0,0,0,0,0,0,0,0
2005,380105,1,1,2,2,2,2,2,2,2,2,2,2
2005,380105,2,1,0,0,0,0,0,0,0,0,0,0
2005,380106,1,1,0,0,0,0,0,0,0,0,0,0
2005,380106,2,1,0,0,0,0,0,0,0,0,0,0
2005,380107,1,1,0,0,0,0,12,0,0,0,0,0
2005,380107,2,1,0,0,0,0,0,0,0,0,0,0
2005,390001,0,1,17,17,17,17,17,17,17,17,17,17
2005,390001,1,1,12,19,15,20,15,22,18,22,34,9
2005,390002,1,1,23,23,23,23,23,23,23,23,23,23
2005,390003,1,1,0,0,0,0,0,0,0,0,0,0
2005,390003,2,1,15,15,15,15,15,15,15,15,15,15
2005,390004,1,1,0,0,0,0,0,0,0,0,0,0
2005,390004,2,1,0,0,0,0,0,0,0,0,0,0
2005,390005,1,1,0,0,0,0,0,0,0,0,0,0
2005,390005,2,1,0,0,0,0,0,0,0,0,0,0
2005,390006,1,1,0,0,0,0,0,0,0,0,0,0
2005,390007,1,1,0,0,0,0,0,0,0,0,0,0
2005,390007,2,1,0,0,0,0,0,0,0,0,0,0
2005,390008,0,1,0,0,0,0,0,0,0,0,0,0
2005,390008,1,1,0,0,0,0,0,0,0,0,0,0
2005,390008,2,1,0,0,0,0,0,0,0,0,0,0
2005,390009,1,1,0,0,0,0,0,0,0,0,0,0
2005,390010,1,1,0,0,0,0,0,0,0,0,0,0
2005,390011,1,1,0,0,0,0,0,0,0,0,0,0
2005,390011,2,1,0,0,0,0,0,0,0,0,0,0
2005,390012,0,1,0,0,0,0,0,0,0,0,0,0
2005,390012,1,1,0,0,0,7,0,0,0,11,0,0
2005,390013,1,1,0,0,0,0,0,0,0,0,0,0
2005,390013,2,1,0,0,0,0,0,0,0,0,0,0
2005,390014,1,1,0,0,0,0,0,0,0,0,0,0
2005,390014,2,1,24,24,24,24,24,24,24,24,24,24
2005,390015,1,1,1,1,1,1,1,1,1,1,1,1
2005,390016,1,1,26,26,26,26,26,26,26,26,26,26
2005,390017,1,1,16,16,16,16,16,16,16,16,16,16
2005,390018,1,1,19,19,19,19,19,19,19,19,19,19
2005,390019,1,1,0,0,0,0,0,0,0,0,0,0
2005,390019,2,1,0,0,0,0,0,0,0,0,0,0
2005,390020,1,1,19,19,19,19,19,19,19,19,19,19
2005,390021,1,1,0,0,0,0,0,0,0,0,0,0
2005,390021,2,1,0,0,0,0,23,0,0,0,0,0
2005,390022,1,1,0,0,0,0,0,0,0,0,0,0
2005,390022,2,1,0,0,0,0,0,0,0,0,0,0
2005,390023,1,1,0,0,0,0,0,0,0,0,0,0
2005,390023,2,1,0,0,0,0,0,0,0,0,0,0
2005,390023,3,1,0,0,0,0,0,0,0,0,0,0
2005,390024,1,1,0,0,0,0,0,0,0,0,0,0
2005,390024,2,1,0,0,0,0,0,0,0,0,0,0
2005,390024,3,1,0,0,0,0,0,0,0,0,0,0
2005,390025,1,1,6,6,6,6,6,6,6,6,6,6
2005,390026,1,1,10,10,10,10,10,10,10,10,10,10
2005,390026,2,1,0,0,0,0,0,0,0,0,0,0
2005,390027,1,1,30,30,30,30,30,30,30,30,30,30
2005,390028,1,1,0,0,0,0,0,0,0,0,0,0
2005,390028,2,1,0,0,0,0,0,0,0,0,0,0
2005,390029,1,1,0,0,0,0,0,0,0,0,0,0
2005,390029,2,1,0,0,0,0,0,0,0,0,0,0
2005,390030,1,1,0,0,0,0,0,0,0,0,0,0
2005,390030,2,1,0,0,0,0,0,0,0,0,0,0
2005,390031,1,1,0,0,0,0,0,0,0,0,0,0
2005,390031,2,1,0,0,0,0,0,0,0,0,0,0
2005,390032,1,1,0,0,0,0,0,0,0,0,0,0
2005,390032,2,1,0,0,0,0,0,0,0,0,0,0
2005,390033,0,1,15,12,21,0,16,22,23,7,11,23
2005,390033,1,1,0,0,0,0,0,0,0,0,0,0
2005,390034,0,1,24,24,24,24,24,24,24,24,24,24
2005,390034,1,1,10,10,10,10,10,10,10,10,10,10
2005,390035,1,1,6,6,6,6,6,6,6,6,6,6
2005,390036,1,1,0,0,0,0,0,0,0,0,0,0
2005,390036,2,1,0,0,0,0,0,0,0,0,0,0
2005,390036,3,1,0,0,0,0,0,0,0,0,0,0
2005,390036,4,1,0,0,0,0,0,0,0,0,0,0
2005,390036,5,1,0,0,0,0,0,0,0,0,0,0
2005,390037,1,1,0,0,0,0,0,0,0,0,0,0
2005,390037,2,1,22,22,22,22,22,22,22,22,22,22
2005,390038,1,1,16,16,16,16,16,16,16,16,16,16
2005,390039,1,1,0,0,0,0,0,0,0,0,0,0
2005,390039,2,1,0,0,0,0,0,0,0,0,0,0
2005,390040,1,1,26,26,26,26,26,26,26,26,26,26
2005,390041,1,1,0,0,0,0,0,0,0,0,0,0
2005,390042,1,1,0,0,0,0,0,0,0,0,0,0
2005,390042,2,1,0,0,0,0,0,0,0,0,0,0
2005,390043,1,1,2,2,2,2,2,2,2,2,2,2
2005,390044,1,1,0,0,0,0,0,0,0,0,0,0
2005,390045,1,1,6,14,12,27,13,19,21,14,33,17
2005,390046,1,1,0,0,0,0,0,0,0,0,0,0
2005,390047,1,1,0,0,0,0,0,0,0,0,0,0
2005,390047,2,1,0,0,0,0,0,0,0,0,0,0
2005,390047,3,1,0,0,11,0,0,0,0,0,0,0
2005,390047,4,1,0,0,0,0,0,0,0,0,0,0
2005,390047,5,1,0,0,0,0,0,0,0,0,0,0
2005,390048,1,1,0,0,0,0,0,0,0,0,0,0
2005,390048,2,1,0,0,0,0,0,0,0,0,0,0
2005,390049,1,1,0,0,0,0,0,0,0,0,0,0
2005,390049,2,1,0,0,0,0,0,0,0,0,0,0
2005,390050,1,1,0,0,0,0,0,0,0,0,0,0
2005,390050,2,1,0,0,0,0,0,0,0,0,0,0
2005,390051,1,1,0,0,0,0,0,0,0,0,0,0
2005,390051,2,1,0,0,0,0,0,0,0,0,0,16
2005,390052,1,1,0,0,0,0,0,0,0,0,0,0
2005,390052,2,1,0,0,0,0,0,0,0,0,0,0
2005,390053,1,1,0,0,0,0,0,0,0,0,0,0
2005,390053,2,1,0,0,0,0,0,0,0,0,0,0
2005,390054,1,1,0,0,0,0,0,0,0,0,0,0
2005,390054,2,1,0,0,0,0,0,0,5,15,0,11
2005,390055,1,1,0,0,0,0,0,0,0,0,0,0
2005,390055,2,1,0,0,0,0,0,0,0,0,0,0
2005,390056,1,1,0,0,0,0,0,0,0,0,0,0
2005,390056,2,1,21,21,21,21,21,21,21,21,21,21
2005,390057,1,1,0,0,0,0,0,0,0,0,0,0
2005,390058,1,1,29,29,29,29,29,29,29,29,29,29
2005,390058,2,1,0,17,0,21,12,20,14,0,38,15
2005,390058,3,1,0,0,0,0,0,0,0,0,0,0
2005,390059,1,1,0,0,0,0,0,0,0,0,0,0
2005,390059,2,1,18,18,18,18,18,18,18,18,18,18
2005,390060,1,1,0,0,0,0,0,0,0,0,0,0
2005,390061,1,1,0,0,0,0,0,0,0,0,0,0
2005,390062,1,1,0,0,0,0,0,0,0,0,0,0
2005,390063,1,1,0,0,0,0,0,0,0,0,0,0
2005,390064,1,1,0,0,0,0,0,0,0,0,0,0
2005,390065,1,1,0,0,0,0,0,0,0,0,0,0
2005,390065,2,1,0,0,0,0,0,0,0,0,0,0
2005,390066,1,1,20,20,20,20,20,20,20,20,20,20
2005,390067,1,1,0,0,0,0,0,0,0,0,0,0
2005,390067,2,1,0,0,0,0,0,0,0,0,0,0
2005,390068,1,1,0,0,0,0,0,0,0,0,0,0
2005,390068,2,1,0,0,0,0,0,0,0,0,0,0
2005,390069,1,1,0,0,0,0,0,0,0,0,0,0
2005,390070,1,1,0,0,10,0,0,0,0,0,0,0
2005,390071,1,1,0,0,0,0,0,0,0,0,0,0
2005,390071,2,1,0,0,0,0,0,0,0,0,0,0
2005,390072,1,1,0,0,0,0,0,13,0,0,0,0
2005,390073,1,1,0,0,0,0,0,0,0,0,0,0
2005,390074,1,1,6,6,6,6,6,6,6,6,6,6
2005,390075,1,1,0,0,0,0,0,0,0,0,0,0
2005,390075,2,1,15,15,15,15,15,15,15,15,15,15
2005,390076,1,1,0,0,0,0,0,0,0,0,0,0
2005,390077,1,1,0,0,0,0,0,0,0,0,0,0
2005,390077,2,1,0,0,0,0,0,0,0,0,0,0
2005,390078,1,1,0,0,0,0,0,0,0,0,0,0
2005,390078,2,1,0,0,0,0,0,0,0,0,0,0
2005,390079,1,1,0,0,0,0,0,0,0,0,0,0
2005,390080,1,1,19,19,19,19,19,19,19,19,19,19
2005,390081,1,1,30,30,30,30,30,30,30,30,30,30
2005,390082,1,1,34,34,34,34,34,34,34,34,34,34
2005,390083,1,1,0,0,0,0,0,0,0,0,0,0
2005,390083,2,1,0,0,0,9,28,0,15,0,13,0
2005,390084,1,1,15,15,15,15,15,15,15,15,15,15
2005,390084,2,1,0,0,0,0,0,0,0,0,0,0
2005,390085,1,1,0,0,0,0,0,0,0,0,0,0
2005,390086,1,1,17,17,17,17,17,17,17,17,17,17
2005,390087,1,1,6,6,6,6,6,6,6,6,6,6
2005,390087,2,1,0,0,0,0,0,0,0,0,0,0
2005,390088,1,1,0,0,0,0,0,0,0,0,0,0
2005,390088,2,1,0,0,0,0,0,0,0,0,0,0
2005,390089,1,1,0,0,0,0,0,0,0,0,0,0
2005,390089,2,1,0,0,0,0,0,0,0,0,0,0
2005,390090,1,1,3,3,3,3,3,3,3,3,3,3
2005,390091,1,1,21,21,21,21,21,21,21,21,21,21
2005,390092,0,1,18,18,18,18,18,18,18,18,18,18
2005,390092,1,1,13,9,0,18,0,14,0,31,2,0
2005,390093,0,1,0,0,0,0,0,0,0,0,0,0
2005,390093,1,1,0,0,0,0,0,0,0,0,0,0
2005,390094,1,1,0,0,0,0,0,0,0,0,0,0
2005,390094,2,1,0,0,0,0,0,0,0,0,0,0
2005,390095,1,1,0,0,0,0,0,0,0,0,0,0
2005,390095,2,1,0,0,0,0,0,0,0,0,0,0
2005,390096,1,1,0,0,0,0,0,0,0,0,0,0
2005,390096,2,1,0,0,0,0,0,0,0,0,0,0
2005,390097,1,1,0,0,0,0,0,0,0,0,0,0
2005,390097,2,1,0,0,0,0,0,0,0,0,0,0
2005,390098,1,1,0,0,0,0,0,0,0,0,0,0
2005,390099,1,1,0,0,0,0,0,0,0,0,0,0
2005,390100,1,1,12,12,12,12,12,12,12,12,12,12
2005,390102,1,1,0,0,0,0,0,0,0,0,0,0
2005,390102,2,1,0,0,0,0,0,0,0,0,0,0
2005,390103,0,1,0,0,0,0,0,0,0,0,0,0
2005,390103,1,1,0,0,0,0,0,0,0,0,0,0
2005,390104,1,1,0,0,0,0,0,0,0,0,0,0
2005,390104,2,1,0,0,0,0,0,0,0,0,0,0
2005,390105,1,1,0,0,0,0,0,0,0,0,0,0
2005,390105,2,1,19,19,19,19,19,19,19,19,19,19
2005,390106,1,1,0,0,0,0,0,0,0,0,0,0
2005,390106,2,1,0,0,0,0,0,0,0,0,0,0
2005,390107,1,1,35,35,35,35,35,35,35,35,35,35
2005,390108,0,1,0,0,0,0,0,0,0,0,0,0
2005,390108,1,1,0,0,0,0,0,0,0,0,0,0
2005,390109,1,1,0,0,0,0,0,0,0,0,0,0
2005,390109,2,1,0,0,0,0,0,0,0,0,0,0
2005,390110,1,1,0,0,0,0,0,0,0,0,0,0
2005,390110,2,1,0,0,0,0,0,0,0,0,0,0
2005,390111,1,1,3,3,3,3,3,3,3,3,3,3
2005,390112,1,1,0,0,0,0,0,0,0,0,0,0
2005,390112,2,1,23,23,23,23,23,23,23,23,23,23
2005,390113,1,1,0,0,0,12,11,0,0,0,13,17
2005,390114,1,1,0,0,0,0,0,0,0,0,0,0
2005,390114,2,1,0,0,0,0,43,0,0,0,0,0
2005,390115,1,1,0,0,0,0,0,0,0,0,0,0
2005,390115,2,1,0,0,0,0,0,0,0,0,0,0
2005,390116,1,1,27,27,27,27,27,27,27,27,27,27
2005,390117,1,1,0,0,0,0,0,0,0,0,0,0
2005,390117,2,1,0,0,0,0,0,0,0,0,0,0
2005,390118,1,1,21,21,21,21,21,21,21,21,21,21
2005,390119,0,1,25,25,25,25,25,25,25,25,25,25
2005,390119,1,1,0,0,0,0,0,0,0,0,0,0
2005,390119,2,1,0,0,0,0,0,0,0,0,0,0
2005,390120,1,1,0,0,0,0,0,0,0,0,0,0
2005,390121,1,1,0,0,0,0,0,0,0,0,0,0
2005,390122,1,2,29,23,0,16,0,0,28,11,17,15
2005,390123,1,1,0,0,0,0,0,0,0,0,6,0
2005,390123,2,1,30,30,30,30,30,30,30,30,30,30
2005,390125,1,1,0,0,0,0,0,0,0,0,0,0
2005,390126,1,1,0,0,0,0,0,0,0,0,0,0
2005,390127,1,1,0,0,0,0,0,0,0,0,0,0
2005,390127,2,1,20,20,20,20,20,20,20,20,20,20
2005,390127,3,1,0,0,0,0,0,0,0,0,0,0
2005,390128,1,1,0,0,0,0,0,0,0,0,0,0
2005,390128,2,1,0,0,0,0,0,0,0,0,0,0
2005,390129,1,1,0,0,0,0,0,0,0,0,0,0
2005,390129,2,1,0,0,0,0,0,0,0,0,0,0
2005,390130,1,1,1,1,1,1,1,1,1,1,1,1
2005,390130,2,1,0,0,0,0,0,0,0,0,0,0
2005,390131,1,1,0,0,0,0,0,0,0,0,0,0
2005,390131,2,1,0,0,0,0,0,0,0,0,0,0
2005,390131,3,1,0,0,0,0,0,0,0,0,0,0
2005,390132,1,1,0,0,0,0,0,0,0,0,0,0
2005,390133,1,1,0,0,0,0,0,0,0,0,0,0
2005,390133,2,1,0,0,0,0,0,0,0,0,0,0
2005,390134,1,1,17,17,17,17,17,17,17,17,17,17
2005,390135,1,1,0,0,0,0,0,0,0,0,0,0
2005,390136,1,1,16,16,16,16,16,16,16,16,16,16
2005,390137,1,1,0,0,0,0,0,0,0,0,0,0
2005,390138,1,1,0,0,0,0,0,0,0,0,0,0
2005,390138,2,1,0,0,0,0,0,0,0,0,0,0
2005,390138,3,1,0,0,0,0,0,0,0,0,0,0
2005,390138,4,1,0,0,0,0,0,0,0,0,0,0
2005,390139,1,1,43,43,43,43,43,43,43,43,43,43
2005,390140,0,1,0,0,0,0,0,0,0,0,0,0
2005,390140,1,1,0,0,0,0,0,0,0,0,0,0
2005,390142,1,1,0,0,0,0,0,0,0,0,0,0
2005,390142,2,1,0,0,0,0,0,3,0,0,0,0
2005,390142,3,1,0,0,0,0,0,0,0,0,0,0
2005,390143,1,1,15,15,15,15,15,15,15,15,15,15
2005,390144,1,1,0,0,0,0,0,0,0,0,0,0
2005,390144,2,1,0,0,0,0,0,0,0,0,0,0
2005,390145,1,1,24,24,24,24,24,24,24,24,24,24
2005,390146,1,1,19,19,19,19,19,19,19,19,19,19
2005,390147,1,1,0,0,0,0,0,0,0,0,0,0
2005,390148,1,1,0,0,0,0,0,0,0,0,0,0
2005,390149,1,1,17,17,17,17,17,17,17,17,17,17
2005,390150,1,1,1,1,1,1,1,1,1,1,1,1
2005,390151,1,1,16,16,16,16,16,16,16,16,16,16
2005,390152,1,1,0,0,0,0,0,0,0,0,0,0
2005,390153,0,1,0,0,0,0,0,0,0,0,0,0
2005,390153,1,1,0,0,0,0,0,0,0,0,0,0
2005,390154,1,1,0,0,0,0,0,0,0,0,0,0
2005,390154,2,1,19,19,19,19,19,19,19,19,19,19
2005,390155,0,1,28,28,28,28,28,28,28,28,28,28
2005,390155,1,1,0,0,0,0,0,0,0,0,19,21
2005,390156,1,1,0,0,0,0,0,0,0,0,0,0
2005,390156,2,1,0,0,0,0,0,0,0,0,0,0
2005,390157,1,1,26,26,26,26,26,26,26,26,26,26
2005,390158,1,1,15,15,15,15,15,15,15,15,15,15
2005,390159,1,1,9,9,9,9,9,9,9,9,9,9
2005,390160,1,1,28,28,28,28,28,28,28,28,28,28
2005,390161,1,1,19,19,19,19,19,19,19,19,19,19
2005,390162,1,1,1,1,1,1,1,1,1,1,1,1
2005,390163,1,1,0,0,0,0,0,0,0,0,0,0
2005,390163,2,1,0,0,0,0,0,0,0,0,0,0
2005,390164,1,1,0,0,0,0,0,0,0,0,0,0
2005,390165,0,1,0,0,0,0,0,0,0,0,0,0
2005,390165,1,1,0,0,0,0,0,0,0,0,0,0
2005,390166,1,1,0,0,3,0,0,0,0,0,0,0
2005,390167,1,1,0,0,0,0,0,0,0,0,0,0
2005,390168,1,1,0,0,0,0,0,0,0,0,0,0
2005,390168,2,1,0,0,0,0,0,0,0,0,0,0
2005,390168,3,1,11,0,0,13,0,0,0,0,0,0
2005,390169,1,1,15,15,15,15,15,15,15,15,15,15
2005,390170,1,1,0,0,0,16,0,0,0,0,0,0
2005,390170,2,1,0,0,0,0,0,0,0,0,0,0
2005,390171,1,1,0,0,0,0,0,0,0,0,0,0
2005,390172,1,1,0,0,0,0,0,0,0,0,0,0
2005,390172,2,1,0,0,0,0,0,0,0,0,0,0
2005,390173,1,1,0,0,0,0,0,0,0,0,0,0
2005,390174,1,1,0,0,0,0,0,0,0,0,0,0
2005,390174,2,1,0,0,0,0,0,0,0,0,0,0
2005,390175,0,1,1,1,1,1,1,1,1,1,1,1
2005,390175,1,1,0,0,0,0,0,0,0,0,0,0
2005,390176,1,1,0,0,0,0,0,0,0,0,0,0
2005,390177,1,1,17,17,17,17,17,17,17,17,17,17
2005,390178,1,1,0,0,0,0,0,0,0,0,0,0
2005,390178,2,1,0,0,0,0,0,0,0,0,0,0
2005,390179,1,1,0,0,0,0,0,0,0,0,0,0
2005,390180,1,1,8,8,8,8,8,8,8,8,8,8
2005,390181,0,1,17,17,17,17,17,17,17,17,17,17
2005,390181,1,1,12,23,15,16,2,31,8,9,8,0
2005,390182,1,1,0,0,0,0,0,0,0,0,0,0
2005,390182,2,1,0,0,0,0,0,0,0,0,0,0
2005,390183,1,1,27,27,27,27,27,27,27,27,27,27
2005,390183,2,1,0,0,0,0,0,0,0,0,0,0
2005,390184,1,1,0,2,0,0,0,0,0,0,0,0
2005,390184,2,1,0,0,0,0,0,0,0,0,0,0
2005,390184,3,1,17,17,17,17,17,17,17,17,17,17
2005,390185,0,1,0,0,0,0,0,0,0,0,0,0
2005,390185,1,1,0,0,0,0,0,0,0,0,0,0
2005,390185,2,1,0,0,0,0,0,0,0,0,0,0
2005,390186,1,1,11,14,5,31,12,11,29,20,17,17
2005,390187,1,1,16,16,16,16,16,16,16,16,16,16
2005,390187,2,1,0,0,0,0,0,0,0,0,0,0
2005,390188,1,1,0,0,0,0,0,0,0,0,0,0
2005,390189,1,1,29,29,29,29,29,29,29,29,29,29
2005,390190,1,1,21,21,21,21,21,21,21,21,21,21
2005,390191,1,1,0,0,0,0,0,0,0,0,0,0
2005,390191,2,1,0,0,0,0,0,0,0,0,0,0
2005,390192,1,1,30,30,30,30,30,30,30,30,30,30
2005,390193,1,1,5,5,5,5,5,5,5,5,5,5
2005,390193,2,1,0,0,0,0,0,0,0,0,0,0
2005,390193,3,1,0,0,0,0,0,0,0,0,0,0
2005,390193,4,1,0,0,0,0,0,0,0,0,0,0
2005,390194,1,1,0,0,0,0,0,0,0,0,0,0
2005,390194,2,1,0,0,0,0,0,0,0,0,0,0
2005,390195,1,1,0,0,0,0,0,0,0,0,0,0
2005,390195,2,1,0,0,0,0,0,0,0,0,0,0
2005,390196,1,1,0,17,0,0,0,0,0,0,0,0
2005,390196,2,1,21,21,21,21,21,21,21,21,21,21
2005,390196,3,1,9,10,21,9,0,3,0,8,13,0
2005,390197,1,1,9,0,0,0,19,28,33,17,11,0
2005,390198,1,1,51,51,51,51,51,51,51,51,51,51
2005,390198,2,1,0,0,19,0,0,0,0,0,0,0
2005,390199,1,1,21,21,21,21,21,21,21,21,21,21
2005,390199,2,1,0,0,2,18,0,18,0,0,29,0
2005,390200,0,1,0,0,0,0,0,0,0,0,0,0
2005,390200,1,1,0,0,0,23,23,0,20,14,0,0
2005,390201,1,1,26,26,26,26,26,26,26,26,26,26
2005,390201,2,1,0,0,0,0,0,0,0,11,0,0
2005,390202,1,1,11,0,20,0,0,0,0,0,0,0
2005,390202,2,1,0,0,0,0,0,0,0,0,0,0
2005,390202,3,1,0,0,0,0,0,0,0,0,0,0
2005,390203,1,1,0,0,0,0,0,0,0,0,0,0
2005,390203,2,1,0,0,0,0,0,0,0,0,0,0
2005,390204,1,1,0,0,0,0,0,0,0,0,0,0
2005,390204,2,1,0,0,0,0,0,0,0,0,0,0
2005,390205,1,1,0,0,0,0,0,0,0,0,0,0
2005,390205,2,1,2,2,2,2,2,2,2,2,2,2
2005,390206,1,1,0,0,0,0,0,0,0,0,0,0
2005,390206,2,1,0,0,0,0,0,0,3,0,0,0
2005,390206,3,1,0,0,0,0,0,0,0,0,0,0
2005,390207,1,1,0,0,8,0,26,0,17,20,11,0
2005,390208,1,1,0,0,0,0,0,0,0,0,0,0
2005,390208,2,1,0,0,0,0,0,0,0,0,14,0
2005,390209,1,1,23,23,23,23,23,23,23,23,23,23
2005,390210,1,1,0,0,0,0,0,0,0,14,0,0
2005,390210,2,1,0,0,0,0,0,0,0,0,0,0
2005,390211,1,1,0,0,0,0,0,0,0,0,0,0
2005,390211,2,1,0,0,0,0,0,25,0,0,0,0
2005,390212,1,1,0,0,0,0,0,0,0,0,0,0
2005,390213,1,1,0,0,0,0,0,0,0,0,0,0
2005,390214,1,1,0,0,0,0,0,0,0,0,0,0
2005,390214,2,1,0,0,0,0,0,0,0,0,0,0
2005,390215,1,1,0,0,0,0,0,0,0,0,0,0
2005,390215,2,1,0,0,0,0,0,0,0,0,0,0
2005,390216,1,1,1,1,1,1,1,1,1,1,1,1
2005,390216,2,1,0,0,0,0,0,0,0,0,0,0
2005,390217,1,1,0,0,0,0,0,0,0,0,0,0
2005,390217,2,1,0,0,0,0,0,0,0,0,0,0
2005,390218,1,1,0,0,0,0,0,0,0,0,0,0