YEAR,ST_CASE,veh_no,per_no,P1,P2,P3,P4,P5,P6,P7,P8,P9,P10
2005,390218,2,1,0,0,0,0,0,0,0,0,0,0
2005,390219,1,1,5,5,5,5,5,5,5,5,5,5
2005,390220,1,1,0,0,0,0,0,0,0,0,0,0
2005,390221,0,1,0,0,0,0,0,0,0,0,0,0
2005,390221,1,1,0,0,0,0,0,0,0,0,0,0
2005,390222,1,1,22,22,22,22,22,22,22,22,22,22
2005,390223,1,1,0,0,0,0,0,0,0,0,0,0
2005,390223,2,1,0,0,0,0,0,0,0,0,0,0
2005,390224,1,1,25,27,0,0,0,13,0,0,0,0
2005,390225,1,1,0,0,0,0,0,0,0,0,0,0
2005,390225,2,1,0,0,0,0,0,0,0,0,0,0
2005,390226,0,1,0,0,0,0,0,0,0,0,0,0
2005,390226,1,1,0,0,0,0,0,4,0,0,0,0
2005,390227,1,1,0,0,0,0,0,0,0,0,0,0
2005,390228,1,1,8,8,8,8,8,8,8,8,8,8
2005,390229,1,1,0,0,0,0,0,0,0,0,0,0
2005,390229,2,1,0,0,0,0,0,0,0,0,0,0
2005,390229,3,1,0,0,12,0,0,0,0,0,0,0
2005,390230,1,1,12,16,0,0,0,15,13,0,6,16
2005,390231,1,1,0,0,0,0,0,15,0,0,0,0
2005,390231,2,1,0,0,0,0,0,0,0,0,0,0
2005,390232,1,1,11,0,0,0,0,0,0,0,0,0
2005,390233,1,1,0,0,0,0,0,0,0,0,0,0
2005,390233,2,1,0,0,0,0,0,0,0,0,0,0
2005,390234,1,1,24,24,24,24,24,24,24,24,24,24
2005,390235,0,1,21,21,21,21,21,21,21,21,21,21
2005,390235,1,1,0,0,0,0,0,0,0,0,0,0
2005,390236,1,1,0,0,0,0,0,0,0,0,0,0
2005,390236,2,1,0,0,0,0,0,0,0,0,0,0
2005,390237,1,1,18,18,18,18,18,18,18,18,18,18
2005,390237,2,1,0,0,0,0,0,0,0,0,0,0
2005,390238,1,1,0,0,0,0,0,0,0,0,0,0
2005,390239,1,1,24,24,24,24,24,24,24,24,24,24
2005,390241,1,1,0,0,0,7,7,7,0,0,13,0
2005,390242,0,1,0,0,0,0,0,0,0,0,0,0
2005,390242,1,1,0,0,0,19,10,0,0,0,4,0
2005,390243,1,1,0,0,0,0,0,0,0,0,0,0
2005,390243,2,1,0,0,0,0,0,0,0,0,0,0
2005,390244,1,1,31,31,31,31,31,31,31,31,31,31
2005,390244,2,1,0,0,0,0,0,0,0,0,0,0
2005,390245,1,1,0,0,0,0,0,0,0,0,0,0
2005,390245,2,1,0,0,0,0,0,0,0,0,0,0
2005,390246,1,1,0,0,0,0,0,0,0,0,0,0
2005,390246,2,1,0,0,0,0,0,0,0,0,0,0
2005,390246,3,1,0,0,0,0,0,0,0,0,0,0
2005,390246,4,1,0,6,0,0,0,0,0,0,0,0
2005,390246,5,1,0,0,0,0,0,0,0,0,0,0
2005,390247,1,1,15,15,15,15,15,15,15,15,15,15
2005,390248,1,1,25,25,25,25,25,25,25,25,25,25
2005,390249,1,1,20,20,20,20,20,20,20,20,20,20
2005,390250,1,1,0,0,0,0,0,0,0,0,0,0
2005,390250,2,1,0,0,0,0,0,0,0,0,0,0
2005,390251,1,1,19,19,19,19,19,19,19,19,19,19
2005,390252,1,1,19,19,19,19,19,19,19,19,19,19
2005,390253,1,1,0,19,19,3,22,7,5,11,0,0
2005,390254,1,1,0,0,0,0,0,0,0,0,0,0
2005,390254,2,1,0,0,0,0,0,0,0,0,0,0
2005,390255,1,1,0,0,0,0,0,0,0,0,0,0
2005,390255,2,1,0,0,0,0,0,0,0,0,0,0
2005,390256,1,1,0,0,0,0,0,0,0,0,0,0
2005,390256,2,1,0,0,0,0,0,0,0,0,0,0
2005,390257,1,1,0,0,0,0,0,0,0,0,0,0
2005,390258,2,1,17,17,17,17,17,17,17,17,17,17
2005,390259,1,1,0,0,0,0,0,0,0,0,0,0
2005,390260,0,1,0,0,0,0,0,0,0,0,0,0
2005,390260,1,1,27,0,0,0,0,0,0,0,0,0
2005,390261,1,1,45,45,45,45,45,45,45,45,45,45
2005,390262,1,1,0,0,0,0,0,0,21,0,9,0
2005,390263,1,1,0,0,0,0,0,0,0,0,0,0
2005,390264,1,1,0,0,0,0,0,0,0,0,0,0
2005,390265,1,1,0,0,0,0,0,0,0,0,0,0
2005,390265,2,1,0,0,0,3,0,0,0,0,0,11
2005,390266,1,1,0,0,0,0,0,0,0,0,0,0
2005,390266,2,1,0,0,0,0,0,0,0,0,0,0
2005,390267,0,1,0,0,0,0,0,0,0,0,0,0
2005,390267,1,1,17,0,0,9,0,0,0,0,0,0
2005,390268,1,1,0,0,0,0,0,0,0,0,0,0
2005,390268,2,1,0,0,0,0,0,0,0,0,0,0
2005,390269,1,1,0,5,3,0,0,0,0,10,0,0
2005,390269,2,1,0,0,0,0,0,0,0,0,0,0
2005,390270,1,1,0,0,0,0,0,0,0,0,0,0
2005,390270,2,1,0,0,0,0,0,0,0,0,0,0
2005,390271,1,1,0,0,0,0,0,0,0,0,0,0
2005,390272,1,1,18,18,18,18,18,18,18,18,18,18
2005,390273,1,1,22,22,22,22,22,22,22,22,22,22
2005,390274,1,1,0,0,0,0,0,0,0,0,0,0
2005,390275,0,1,0,0,0,0,0,0,0,0,0,0
2005,390275,1,1,0,0,15,0,0,0,0,0,0,0
2005,390276,1,1,0,0,0,0,0,0,0,0,0,0
2005,390276,2,1,0,0,0,0,0,0,0,0,0,0
2005,390277,0,1,37,37,37,37,37,37,37,37,37,37
2005,390277,1,1,0,0,0,0,0,0,0,0,3,0
2005,390278,1,1,0,0,0,0,0,0,0,0,0,0
2005,390278,2,1,0,0,0,0,0,0,0,0,0,0
2005,390279,1,1,23,23,23,23,23,23,23,23,23,23
2005,390280,1,1,0,0,0,0,0,0,0,0,0,0
2005,390280,2,1,0,0,0,0,0,0,0,0,0,0
2005,390281,1,1,13,13,13,13,13,13,13,13,13,13
2005,390281,2,1,0,0,0,0,0,0,0,0,0,0
2005,390282,2,1,0,0,0,0,0,0,0,0,0,0
2005,390283,1,1,0,0,0,0,0,0,0,0,0,0
2005,390284,0,1,0,0,0,0,0,0,0,0,0,0
2005,390284,1,1,0,0,0,0,0,0,0,0,0,0
2005,390285,1,1,0,0,0,0,0,0,0,0,0,0
2005,390285,2,1,0,0,0,0,0,0,0,0,0,0
2005,390286,1,1,12,12,12,12,12,12,12,12,12,12
2005,390287,1,1,0,0,0,0,0,0,0,0,0,0
2005,390288,1,1,0,0,0,0,0,0,0,0,0,0
2005,390288,2,1,3,3,3,3,3,3,3,3,3,3
2005,390289,1,1,0,0,0,0,0,0,0,0,0,0
2005,390289,2,1,0,0,0,0,0,0,0,0,0,0
2005,390290,1,1,33,33,33,33,33,33,33,33,33,33
2005,390291,1,1,28,28,28,28,28,28,28,28,28,28
2005,390293,1,1,33,33,33,33,33,33,33,33,33,33
2005,390294,1,1,0,0,0,0,0,0,0,0,0,0
2005,390294,2,1,0,0,0,0,0,0,0,0,0,0
2005,390295,1,1,0,0,0,0,0,0,0,0,0,0
2005,390295,2,1,0,0,0,0,0,0,0,0,0,0
2005,390296,1,1,0,0,0,0,0,0,0,0,0,21
2005,390296,2,1,0,0,0,0,0,0,0,0,0,0
2005,390297,1,1,0,0,0,0,0,0,0,0,0,0
2005,390297,2,1,0,0,0,0,0,0,0,0,0,0
2005,390298,1,1,25,25,25,25,25,25,25,25,25,25
2005,390298,2,1,0,0,0,12,0,0,0,0,0,0
2005,390299,1,1,20,20,20,20,20,20,20,20,20,20
2005,390300,1,1,0,0,0,0,0,0,0,0,0,0
2005,390301,1,1,0,0,0,0,0,0,0,0,0,0
2005,390302,1,1,0,0,0,0,0,0,0,0,0,0
2005,390302,2,1,0,0,0,0,0,0,0,0,0,0
2005,390302,3,1,0,0,0,0,0,0,0,0,0,0
2005,390303,1,1,0,0,0,0,0,0,0,0,0,0
2005,390303,2,1,0,0,0,0,0,0,0,0,0,0
2005,390304,1,1,0,0,0,0,0,0,0,0,0,0
2005,390304,2,1,0,0,0,0,0,0,0,0,0,0
2005,390305,1,1,0,0,0,0,0,0,0,0,0,0
2005,390305,2,1,0,0,0,0,0,0,0,0,0,0
2005,390306,1,1,0,0,0,0,0,0,0,0,0,0
2005,390306,2,1,0,0,0,0,0,0,0,0,0,0
2005,390307,1,1,0,0,0,0,0,0,0,0,0,0
2005,390308,1,1,0,0,0,0,0,0,0,0,0,0
2005,390308,2,1,14,14,14,14,14,14,14,14,14,14
2005,390309,1,1,0,0,0,0,0,0,0,0,0,0
2005,390309,2,1,0,0,0,0,0,0,0,0,0,0
2005,390310,1,1,11,0,0,0,0,0,0,0,0,0
2005,390312,1,1,17,17,17,17,17,17,17,17,17,17
2005,390313,1,1,0,0,0,0,0,0,0,0,0,0
2005,390313,2,1,0,0,0,0,0,0,0,0,0,0
2005,390313,3,1,0,0,0,0,0,0,0,0,0,0
2005,390314,1,1,0,0,0,0,0,0,24,0,0,0
2005,390315,1,1,0,0,0,0,0,0,0,0,0,0
2005,390316,1,1,24,24,24,24,24,24,24,24,24,24
2005,390317,0,1,0,0,0,0,0,0,0,0,0,0
2005,390317,1,1,0,0,0,0,0,0,0,0,0,0
2005,390318,1,1,0,0,0,0,0,0,0,0,0,0
2005,390318,2,1,0,0,0,0,0,0,0,0,0,0
2005,390319,1,1,22,22,22,22,22,22,22,22,22,22
2005,390320,1,1,0,0,9,0,0,0,0,0,0,0
2005,390320,2,1,0,0,0,4,0,0,0,0,16,0
2005,390320,3,1,0,0,0,0,0,0,0,0,0,0
2005,390321,1,1,0,0,0,0,0,0,0,0,0,0
2005,390321,2,1,6,0,0,0,0,20,0,0,14,0
2005,390322,1,1,0,0,0,0,0,0,0,0,0,0
2005,390322,2,1,0,0,0,0,0,0,0,0,0,0
2005,390323,1,1,0,22,0,22,0,17,21,11,27,12
2005,390324,1,1,0,0,0,0,0,0,0,0,0,0
2005,390324,2,1,0,0,0,0,0,0,0,0,0,0
2005,390325,1,1,23,10,0,0,0,0,0,0,11,0
2005,390325,2,1,0,0,0,0,0,0,0,0,0,0
2005,390325,3,1,0,0,0,0,0,0,0,0,0,0
2005,390325,4,1,0,0,0,0,0,0,0,0,0,0
2005,390326,1,1,23,23,23,23,23,23,23,23,23,23
2005,390327,1,1,0,0,0,0,0,0,0,0,0,0
2005,390328,1,1,0,0,0,0,0,0,0,0,0,0
2005,390329,1,1,14,14,14,14,14,14,14,14,14,14
2005,390330,1,1,0,0,21,0,0,0,0,1,0,0
2005,390330,2,1,0,0,0,0,0,0,0,0,0,0
2005,390331,1,1,0,0,0,38,0,25,16,0,0,0
2005,390332,1,1,0,0,0,0,0,0,0,0,0,0
2005,390333,1,1,17,17,17,17,17,17,17,17,17,17
2005,390334,1,1,0,0,0,0,0,0,0,0,0,7
2005,390335,0,1,0,0,0,0,0,0,0,0,0,0
2005,390335,1,1,0,0,0,0,0,0,0,0,0,0
2005,390336,0,1,0,0,0,0,0,0,0,0,0,0
2005,390336,1,1,0,0,0,0,0,0,0,0,0,0
2005,390337,1,1,16,16,16,16,16,16,16,16,16,16
2005,390338,1,1,7,7,7,7,7,7,7,7,7,7
2005,390338,2,1,1,1,1,1,1,1,1,1,1,1
2005,390339,1,1,0,0,0,0,0,0,0,0,0,0
2005,390339,2,1,0,0,0,0,0,0,0,0,0,0
2005,390340,1,1,0,0,0,0,0,0,0,0,0,0
2005,390341,1,1,0,0,0,0,0,0,0,0,0,0
2005,390341,2,1,1,1,1,1,1,1,1,1,1,1
2005,390342,1,1,19,19,19,19,19,19,19,19,19,19
2005,390343,1,1,0,0,0,0,0,0,0,0,0,0
2005,390344,0,1,0,0,0,0,0,0,0,0,0,0
2005,390344,1,1,0,0,0,0,0,0,0,0,0,0
2005,390345,1,1,13,0,0,0,0,0,0,0,0,0
2005,390346,1,1,20,20,20,20,20,20,20,20,20,20
2005,390347,1,1,17,17,17,17,17,17,17,17,17,17
2005,390348,1,1,13,13,13,13,13,13,13,13,13,13
2005,390349,1,1,0,0,0,0,0,0,0,0,0,0
2005,390350,1,1,0,0,0,0,0,0,0,0,0,0
2005,390350,2,1,0,0,0,0,0,0,0,0,0,0
2005,390351,1,1,8,0,0,0,0,0,15,0,0,0
2005,390352,1,1,0,0,0,0,0,0,0,0,0,0
2005,390352,2,1,0,0,0,0,0,0,0,0,0,0
2005,390353,1,1,12,12,12,12,12,12,12,12,12,12
2005,390354,1,1,6,6,6,6,6,6,6,6,6,6
2005,390354,2,1,0,0,0,20,0,0,0,0,0,0
2005,390355,1,1,0,0,0,0,0,0,0,0,0,0
2005,390355,2,1,0,0,0,0,0,0,0,0,0,0
2005,390355,3,1,0,0,0,0,0,0,0,0,0,0
2005,390356,1,1,0,0,0,0,0,0,0,0,0,0
2005,390356,2,1,0,0,0,0,0,0,0,0,0,0
2005,390357,1,1,0,0,0,0,0,0,0,0,0,0
2005,390357,2,1,14,14,14,14,14,14,14,14,14,14
2005,390358,0,1,6,6,6,6,6,6,6,6,6,6
2005,390358,1,1,31,0,0,0,0,0,16,0,0,0
2005,390359,1,1,0,0,0,0,0,0,0,0,0,0
2005,390360,1,1,6,19,8,0,0,0,18,18,0,0
2005,390361,1,1,0,0,0,0,0,0,0,0,0,0
2005,390361,2,1,0,0,0,0,0,4,25,0,0,0
2005,390362,1,1,0,0,0,0,0,5,0,0,0,0
2005,390363,1,1,0,17,0,0,0,0,0,0,0,0
2005,390363,2,1,9,21,13,34,8,0,0,0,7,13
2005,390364,1,1,0,0,0,0,0,0,0,0,0,0
2005,390364,2,1,0,0,0,0,0,0,0,0,0,0
2005,390365,1,1,2,2,2,2,2,2,2,2,2,2
2005,390365,2,1,0,0,0,0,0,0,0,0,0,0
2005,390365,3,1,0,0,0,0,0,0,0,0,0,0
2005,390366,1,1,7,7,7,7,7,7,7,7,7,7
2005,390366,2,1,0,0,0,0,0,0,0,0,0,0
2005,390367,1,1,0,0,0,0,0,0,0,0,0,0
2005,390368,1,1,0,0,0,0,0,0,0,0,0,0
2005,390368,2,1,0,0,0,0,0,0,0,0,0,0
2005,390369,1,1,20,20,20,20,20,20,20,20,20,20
2005,390370,1,1,0,0,0,0,0,0,0,0,0,0
2005,390370,2,1,0,0,0,0,0,0,0,0,0,0
2005,390371,1,1,0,0,0,0,0,0,0,0,0,0
2005,390371,2,1,0,0,0,0,0,0,0,0,0,0
2005,390372,1,1,0,0,0,0,0,0,0,0,0,0
2005,390372,2,1,0,0,0,0,0,0,0,0,0,0
2005,390373,1,1,0,0,0,0,0,0,0,0,0,0
2005,390373,2,1,0,0,0,0,0,0,0,0,0,0
2005,390374,1,1,0,0,0,10,6,0,0,7,0,0
2005,390375,1,1,4,4,4,4,4,4,4,4,4,4
2005,390376,1,1,0,16,0,0,16,31,0,0,0,0
2005,390376,2,1,0,0,0,0,0,0,0,0,0,0
2005,390377,1,1,16,16,16,16,16,16,16,16,16,16
2005,390377,2,1,19,19,19,19,19,19,19,19,19,19
2005,390378,1,1,30,30,30,30,30,30,30,30,30,30
2005,390379,1,1,21,21,21,21,21,21,21,21,21,21
2005,390380,1,1,5,5,5,5,5,5,5,5,5,5
2005,390380,2,1,0,0,0,0,0,0,0,0,0,0
2005,390382,1,1,19,19,19,19,19,19,19,19,19,19
2005,390383,1,1,0,0,0,0,0,0,0,0,0,0
2005,390384,1,1,0,0,0,0,0,0,0,0,0,0
2005,390384,2,1,0,16,0,0,0,0,0,0,0,0
2005,390385,1,1,0,0,0,0,0,0,0,0,0,0
2005,390385,2,1,3,3,3,3,3,3,3,3,3,3
2005,390386,1,1,0,0,0,0,0,0,0,5,4,0
2005,390386,2,1,0,0,0,0,0,0,3,0,0,0
2005,390386,3,1,0,0,0,0,0,0,0,0,0,0
2005,390387,1,1,0,0,0,0,0,0,0,0,0,0
2005,390388,1,1,0,0,0,0,0,0,0,0,0,0
2005,390388,2,1,0,0,0,0,0,0,0,0,0,0
2005,390389,1,1,0,0,0,0,0,0,0,0,0,0
2005,390389,2,1,0,0,0,0,0,0,0,0,0,0
2005,390390,1,1,0,0,0,0,0,0,0,0,0,0
2005,390391,1,1,16,16,16,16,16,16,16,16,16,16
2005,390392,1,1,22,11,0,11,12,30,0,26,0,0
2005,390393,1,1,31,31,31,31,31,31,31,31,31,31
2005,390393,2,1,0,0,0,0,16,0,11,0,0,0
2005,390394,1,1,0,0,0,0,0,0,0,0,0,0
2005,390395,1,1,0,0,0,0,0,0,0,0,0,0
2005,390395,2,1,0,0,0,0,0,0,0,0,0,0
2005,390396,1,1,0,0,0,0,0,0,0,0,0,0
2005,390397,1,1,0,0,0,0,0,0,0,0,0,0
2005,390398,1,1,0,0,0,0,0,0,0,0,0,0
2005,390398,2,1,0,0,0,0,0,0,0,0,0,0
2005,390398,3,1,0,0,0,0,0,0,0,0,0,0
2005,390399,1,1,0,0,0,0,0,0,0,0,0,0
2005,390399,2,1,0,0,0,0,0,0,0,0,0,0
2005,390399,3,1,0,0,0,0,0,0,0,0,0,0
2005,390400,1,1,0,0,0,0,0,0,0,0,0,0
2005,390401,0,1,0,0,0,0,22,0,0,0,0,0
2005,390401,1,1,0,0,0,0,0,0,0,0,0,0
2005,390402,1,1,0,0,0,0,0,0,0,0,0,0
2005,390402,2,1,0,0,0,0,0,0,0,0,0,0
2005,390403,1,1,0,0,0,0,0,0,0,0,0,0
2005,390403,2,1,0,0,0,0,0,0,0,0,0,0
2005,390404,1,1,3,3,3,3,3,3,3,3,3,3
2005,390405,1,1,23,23,23,23,23,23,23,23,23,23
2005,390406,1,1,0,0,0,0,0,0,0,0,0,0
2005,390407,1,1,0,0,0,0,0,0,0,0,0,0
2005,390407,2,1,23,23,23,23,23,23,23,23,23,23
2005,390408,1,1,0,0,0,0,0,0,0,0,0,0
2005,390409,1,1,0,0,0,0,0,0,0,0,0,0
2005,390409,2,1,0,0,0,0,0,0,0,0,0,0
2005,390410,1,1,0,0,0,0,0,0,0,0,0,0
2005,390410,2,1,0,0,0,0,0,0,7,0,0,0
2005,390411,1,1,0,0,0,0,0,0,0,0,0,0
2005,390411,2,1,0,0,0,0,0,0,0,0,0,0
2005,390412,1,1,0,0,0,0,0,0,0,0,0,0
2005,390413,1,1,0,0,0,0,0,0,0,0,0,0
2005,390414,1,1,0,0,0,0,0,0,0,0,0,0
2005,390414,2,1,0,0,0,0,0,0,0,0,0,0
2005,390414,3,1,0,0,0,0,0,0,0,0,0,0
2005,390415,1,1,7,7,7,7,7,7,7,7,7,7
2005,390416,1,1,0,0,0,0,0,0,0,0,0,0
2005,390417,1,1,17,17,17,17,17,17,17,17,17,17
2005,390418,1,1,27,27,27,27,27,27,27,27,27,27
2005,390419,1,1,1,1,1,1,1,1,1,1,1,1
2005,390420,1,1,21,21,21,21,21,21,21,21,21,21
2005,390421,1,1,0,0,0,0,0,0,0,0,0,0
2005,390421,2,1,0,0,0,0,0,0,0,0,0,0
2005,390422,1,1,0,0,0,0,0,0,0,0,0,0
2005,390422,2,1,0,0,0,0,0,0,0,0,0,0
2005,390423,0,1,24,24,24,24,24,24,24,24,24,24
2005,390423,1,1,0,0,0,0,0,0,0,0,0,0
2005,390424,1,1,0,0,0,0,0,0,0,0,0,0
2005,390424,2,1,28,28,28,28,28,28,28,28,28,28
2005,390425,1,1,0,0,0,0,0,0,0,0,0,0
2005,390425,2,1,0,0,0,0,0,0,0,0,0,0
2005,390426,1,1,0,0,0,0,0,0,0,0,0,0
2005,390426,2,1,0,0,0,0,0,0,0,0,0,0
2005,390427,1,1,0,0,0,0,0,0,0,0,0,0
2005,390428,1,1,0,0,0,0,0,0,0,0,0,0
2005,390428,2,1,0,0,0,0,0,0,0,0,0,0
2005,390429,1,1,25,25,25,25,25,25,25,25,25,25
2005,390430,1,1,16,16,16,16,16,16,16,16,16,16
2005,390431,1,1,0,0,0,0,0,0,0,0,0,0
2005,390431,2,1,0,0,0,0,0,0,0,0,0,0
2005,390432,1,1,0,0,0,0,0,0,0,0,0,0
2005,390433,1,1,14,14,14,14,14,14,14,14,14,14
2005,390434,1,1,0,0,0,0,0,0,0,0,0,0
2005,390434,2,1,0,0,0,0,0,0,0,0,0,0
2005,390435,1,1,6,6,6,6,6,6,6,6,6,6
2005,390436,1,1,9,9,9,9,9,9,9,9,9,9
2005,390437,1,1,0,0,0,0,0,0,0,0,0,0
2005,390437,2,1,0,0,0,0,0,0,0,0,0,0
2005,390438,1,1,0,0,0,0,0,0,0,0,0,0
2005,390438,2,1,0,0,0,0,0,0,0,0,0,0
2005,390439,1,1,1,1,1,1,1,1,1,1,1,1
2005,390439,2,1,0,0,0,0,0,0,0,0,0,0
2005,390440,1,1,20,20,20,20,20,20,20,20,20,20
2005,390441,1,1,18,18,18,18,18,18,18,18,18,18
2005,390442,1,1,10,10,10,10,10,10,10,10,10,10
2005,390443,1,1,19,19,19,19,19,19,19,19,19,19
2005,390444,0,1,0,0,0,0,0,0,0,0,0,0
2005,390444,1,1,0,9,0,0,0,0,15,0,0,0
2005,390445,1,1,15,15,15,15,15,15,15,15,15,15
2005,390446,1,1,0,0,0,0,0,0,0,0,0,0
2005,390446,2,1,8,8,8,8,8,8,8,8,8,8
2005,390447,1,1,0,0,0,0,0,0,0,0,0,0
2005,390447,2,1,0,0,0,0,0,0,0,0,0,0
2005,390448,1,1,0,0,0,0,0,0,0,0,0,0
2005,390448,2,1,0,0,0,0,0,0,0,0,0,0
2005,390449,1,1,0,0,0,0,0,0,0,0,0,0
2005,390450,1,1,0,0,0,0,0,0,0,0,0,0
2005,390450,2,1,15,0,0,0,0,0,0,0,0,0
2005,390451,0,1,21,27,39,0,0,14,0,24,16,0
2005,390451,1,1,0,0,0,0,0,0,0,0,0,0
2005,390452,1,1,0,0,0,0,0,0,0,0,0,0
2005,390452,2,1,0,0,0,0,0,0,0,0,0,0
2005,390453,0,1,19,19,19,19,19,19,19,19,19,19
2005,390453,0,2,0,0,0,0,0,0,0,0,0,0
2005,390453,0,3,0,14,0,0,0,5,0,0,0,0
2005,390453,1,1,0,11,0,0,0,0,0,0,0,0
2005,390454,1,1,0,0,0,0,0,0,0,0,0,0
2005,390454,2,1,0,0,0,0,0,0,0,0,0,0
2005,390455,0,1,0,0,0,0,0,0,0,0,0,0
2005,390455,1,1,0,0,0,0,0,0,0,0,0,0
2005,390455,2,1,0,0,0,0,0,0,0,0,0,0
2005,390455,3,1,0,0,0,0,0,0,0,0,0,0
2005,390456,1,1,15,15,15,15,15,15,15,15,15,15
2005,390457,1,1,16,16,16,16,16,16,16,16,16,16
2005,390458,1,1,30,30,30,30,30,30,30,30,30,30
2005,390459,1,1,0,29,19,0,0,13,15,0,30,7
2005,390460,1,1,0,0,0,0,0,0,0,0,0,0
2005,390460,2,1,0,0,0,0,0,0,0,0,0,0
2005,390461,1,1,0,0,0,0,0,0,0,0,0,0
2005,390462,1,1,0,0,0,0,0,0,0,0,0,0
2005,390462,2,1,0,8,0,0,0,0,0,0,0,0
2005,390462,3,1,0,0,0,0,0,0,0,0,0,0
2005,390463,1,1,0,0,0,0,0,0,0,0,0,0
2005,390463,2,1,0,0,0,0,0,0,0,0,0,0
2005,390463,3,1,0,0,0,0,0,0,0,0,0,0
2005,390464,0,1,0,0,0,0,0,0,0,0,0,0
2005,390464,1,1,0,0,0,0,0,0,0,0,13,0
2005,390465,1,1,0,0,0,0,0,0,0,0,0,0
2005,390465,2,1,0,0,0,0,0,0,0,0,0,0
2005,390466,1,1,20,20,20,20,20,20,20,20,20,20
2005,390467,1,1,0,0,0,0,7,0,0,0,0,0
2005,390468,1,1,0,0,0,0,0,0,0,0,0,0
2005,390469,1,1,10,0,0,0,23,16,0,26,13,0
2005,390470,1,1,0,0,0,0,0,0,0,0,0,0
2005,390471,1,1,0,0,0,0,0,0,0,0,0,0
2005,390472,1,1,0,0,11,0,0,0,0,0,0,0
2005,390472,2,1,0,0,0,0,0,0,0,0,0,0
2005,390473,1,1,24,24,24,24,24,24,24,24,24,24
2005,390474,1,1,0,0,0,0,0,0,0,0,0,0
2005,390474,2,1,0,0,0,0,0,0,0,0,0,0
2005,390475,1,1,0,0,0,0,0,0,0,0,0,0
2005,390476,1,1,17,17,17,17,17,17,17,17,17,17
2005,390476,2,1,0,0,0,0,0,0,0,0,0,0
2005,390476,3,1,0,0,0,0,0,0,0,0,0,0
2005,390476,4,1,0,0,0,0,0,0,0,0,0,0
2005,390477,1,1,0,0,0,0,0,0,0,0,0,0
2005,390477,2,1,0,0,0,0,0,0,0,0,0,0
2005,390477,3,1,0,0,0,0,0,0,0,0,0,0
2005,390478,0,1,0,0,0,0,0,0,0,0,0,0
2005,390478,1,1,0,0,0,0,0,0,0,0,0,0
2005,390479,1,1,0,0,0,0,0,0,0,0,0,0
2005,390480,1,1,30,30,30,30,30,30,30,30,30,30
2005,390480,2,1,0,0,0,0,0,0,0,0,0,0
2005,390481,1,1,0,0,0,0,0,0,0,0,0,0
2005,390481,2,1,0,0,0,0,0,0,0,0,0,0
2005,390482,1,1,19,0,0,0,5,0,0,0,0,14
2005,390483,1,1,0,0,0,0,0,0,0,0,0,0
2005,390484,1,1,0,0,0,0,0,0,0,0,0,0
2005,390484,2,1,0,0,0,0,0,0,0,0,0,0
2005,390485,1,1,0,0,0,0,0,0,0,0,0,0
2005,390486,1,1,0,0,0,0,0,0,0,0,0,0
2005,390487,1,1,0,0,0,0,0,0,0,0,0,0
2005,390487,2,1,0,0,0,0,0,0,0,0,0,0
2005,390488,1,1,0,0,0,0,0,0,0,0,0,0
2005,390488,2,1,0,0,0,0,0,0,0,0,0,0
2005,390489,1,1,0,0,0,0,18,0,0,0,0,0
2005,390490,0,1,0,0,0,0,0,0,0,0,0,0
2005,390490,1,1,0,0,0,0,0,0,0,0,0,0
2005,390491,1,1,0,0,0,0,0,0,0,0,0,0
2005,390492,1,1,19,19,19,19,19,19,19,19,19,19
2005,390493,1,1,22,22,22,22,22,22,22,22,22,22
2005,390494,1,1,0,0,0,0,0,0,0,0,0,0
2005,390495,1,1,16,16,16,16,16,16,16,16,16,16
2005,390495,2,1,0,0,0,0,0,0,0,0,0,0
2005,390495,3,1,26,10,10,0,10,13,23,17,0,3
2005,390496,1,1,0,0,0,0,0,0,0,0,0,0
2005,390497,1,1,0,0,0,0,0,0,0,0,0,0
2005,390497,2,1,0,0,0,0,0,0,0,0,0,0
2005,390498,1,1,1,1,1,1,1,1,1,1,1,1
2005,390498,2,1,0,0,0,0,0,0,0,0,0,0
2005,390498,3,1,0,0,0,6,0,0,0,0,0,0
2005,390498,4,1,0,0,6,0,0,0,0,0,0,0
2005,390499,0,1,0,0,0,0,0,0,0,0,0,0
2005,390499,1,1,0,0,0,0,14,0,16,0,0,0
2005,390500,0,1,0,0,0,0,0,0,0,0,0,0
2005,390500,1,1,0,0,0,0,0,0,0,0,0,0
2005,390501,1,1,23,23,23,23,23,23,23,23,23,23
2005,390502,1,1,0,0,0,0,0,0,0,0,0,0
2005,390502,2,1,0,0,0,0,0,0,0,0,0,0
2005,390503,1,1,0,0,0,0,0,0,18,0,0,0
2005,390503,2,1,0,0,0,0,0,0,0,0,0,0
2005,390504,1,1,0,0,0,0,0,0,0,0,0,0
2005,390504,2,1,0,0,0,0,0,0,0,0,0,0
2005,390504,3,1,0,0,0,0,0,0,0,0,0,0
2005,390505,1,1,0,0,0,0,0,0,0,0,0,0
2005,390506,1,1,0,0,0,0,0,0,0,0,0,0
2005,390506,2,1,0,0,0,0,0,0,0,0,0,0
2005,390507,1,1,0,0,0,0,0,0,0,0,0,0
2005,390508,1,1,0,0,0,0,0,0,0,0,0,0
2005,390508,2,1,0,0,0,0,0,0,0,0,0,0
2005,390509,1,1,0,0,0,0,0,0,0,0,0,0
2005,390509,2,1,0,0,0,0,0,0,0,0,0,0