YEAR,ST_CASE,veh_no,per_no,P1,P2,P3,P4,P5,P6,P7,P8,P9,P10
2005,390509,3,1,0,0,0,0,0,0,0,0,0,0
2005,390510,1,1,32,32,32,32,32,32,32,32,32,32
2005,390510,2,1,0,0,0,0,0,0,0,0,0,0
2005,390511,0,1,0,0,0,0,0,0,0,0,0,0
2005,390511,1,1,0,0,0,0,0,0,0,0,0,0
2005,390512,1,1,0,0,0,0,0,0,0,0,0,0
2005,390512,2,1,0,0,0,0,0,0,0,0,0,0
2005,390513,1,1,25,11,0,24,0,19,11,12,6,11
2005,390513,2,1,0,0,7,0,0,0,0,0,0,8
2005,390514,1,1,0,0,0,0,0,0,8,0,7,0
2005,390515,1,1,0,0,0,0,0,0,0,0,0,0
2005,390515,2,1,0,0,0,18,0,0,0,0,0,0
2005,390515,3,1,0,0,0,0,0,0,0,0,0,0
2005,390516,1,1,0,0,0,0,0,16,0,0,0,0
2005,390516,2,1,0,0,0,0,0,0,0,0,0,0
2005,390517,1,1,23,23,23,23,23,23,23,23,23,23
2005,390518,1,1,21,21,21,21,21,21,21,21,21,21
2005,390518,2,1,6,6,6,6,6,6,6,6,6,6
2005,390519,1,1,3,3,3,3,3,3,3,3,3,3
2005,390520,1,1,0,0,0,0,0,0,0,0,0,0
2005,390520,2,1,0,0,0,0,0,0,0,0,0,0
2005,390521,1,1,0,0,0,0,0,0,0,0,0,0
2005,390522,1,1,7,7,7,7,7,7,7,7,7,7
2005,390522,2,1,0,0,0,0,0,0,0,0,0,0
2005,390523,1,1,0,0,5,0,0,0,0,0,0,0
2005,390523,2,1,0,0,0,0,0,0,0,0,0,0
2005,390524,1,1,0,0,0,0,0,0,0,0,0,0
2005,390524,2,1,0,0,0,8,0,8,0,0,0,0
2005,390525,1,1,0,0,0,0,0,0,0,0,0,0
2005,390525,2,1,0,0,0,0,0,0,0,0,0,0
2005,390526,1,1,0,0,0,0,0,0,0,0,0,0
2005,390527,1,1,0,0,0,6,0,0,0,0,0,0
2005,390527,2,1,0,0,0,0,0,0,0,0,0,0
2005,390528,0,1,36,0,0,16,11,35,0,0,0,0
2005,390528,1,1,0,0,0,0,0,0,0,0,0,0
2005,390529,1,1,0,0,0,0,0,0,0,0,0,0
2005,390529,2,1,0,0,0,0,0,0,0,0,0,0
2005,390530,1,1,1,1,1,1,1,1,1,1,1,1
2005,390531,1,1,0,0,0,0,0,0,0,0,0,0
2005,390531,2,1,0,0,0,0,0,0,0,0,0,0
2005,390533,1,1,5,5,5,5,5,5,5,5,5,5
2005,390534,1,1,17,17,17,17,17,17,17,17,17,17
2005,390535,1,1,11,11,11,11,11,11,11,11,11,11
2005,390536,1,1,0,0,0,0,0,0,0,0,0,0
2005,390536,2,1,0,0,0,0,0,0,0,0,0,0
2005,390537,1,1,0,0,0,0,0,0,0,0,0,10
2005,390538,1,1,0,0,0,0,0,0,0,0,0,0
2005,390539,0,1,22,22,22,22,22,22,22,22,22,22
2005,390539,1,1,0,0,0,0,0,0,0,0,0,0
2005,390540,1,1,11,11,11,11,11,11,11,11,11,11
2005,390541,1,1,0,0,0,0,0,0,0,0,0,0
2005,390541,2,1,5,5,5,5,5,5,5,5,5,5
2005,390542,1,1,0,0,0,0,0,0,0,0,0,0
2005,390542,2,1,0,0,0,0,0,0,0,0,0,0
2005,390543,1,1,0,0,0,0,0,0,0,0,0,0
2005,390543,2,1,0,0,0,0,0,0,0,0,0,0
2005,390544,0,1,7,7,7,7,7,7,7,7,7,7
2005,390544,1,1,0,0,0,0,0,0,0,0,0,0
2005,390545,1,1,20,20,20,20,20,20,20,20,20,20
2005,390546,0,1,0,0,0,0,0,0,0,0,0,0
2005,390546,1,1,0,0,0,0,0,0,0,0,0,0
2005,390547,1,1,0,0,0,0,0,0,0,0,0,0
2005,390547,2,1,0,0,0,0,0,0,0,0,0,0
2005,390548,1,1,0,0,0,11,0,0,0,7,0,0
2005,390548,2,1,8,0,0,0,0,0,0,0,0,0
2005,390549,1,1,0,0,0,0,0,0,0,0,0,12
2005,390549,2,1,21,21,21,21,21,21,21,21,21,21
2005,390550,1,1,7,7,7,7,7,7,7,7,7,7
2005,390551,1,1,28,28,28,28,28,28,28,28,28,28
2005,390552,1,1,24,24,24,24,24,24,24,24,24,24
2005,390553,1,1,0,0,0,0,0,0,0,0,0,0
2005,390554,1,1,0,0,0,0,0,0,0,0,0,0
2005,390554,2,1,0,0,0,0,0,0,0,0,0,0
2005,390554,3,1,0,0,0,0,0,0,0,0,0,0
2005,390555,1,1,0,0,0,7,0,0,0,0,21,0
2005,390556,1,1,2,2,2,2,2,2,2,2,2,2
2005,390557,1,1,0,0,0,0,0,0,0,0,0,0
2005,390558,1,1,0,0,0,0,0,0,0,0,0,0
2005,390558,2,1,0,0,0,0,0,0,0,0,0,0
2005,390558,3,1,0,0,0,0,0,0,0,0,0,0
2005,390559,0,1,0,0,0,0,0,0,0,0,0,0
2005,390559,1,1,0,0,0,0,0,0,0,0,0,0
2005,390560,1,1,15,15,15,15,15,15,15,15,15,15
2005,390561,1,1,0,0,0,0,0,0,0,0,0,0
2005,390562,1,1,0,0,0,0,0,0,0,0,0,0
2005,390562,2,1,15,10,0,0,0,0,5,8,13,14
2005,390563,1,1,0,0,0,0,0,0,0,0,0,0
2005,390564,0,1,0,0,0,0,0,0,0,0,0,0
2005,390564,1,1,0,0,0,0,0,0,0,0,0,0
2005,390565,1,1,0,0,0,0,0,0,0,0,0,0
2005,390566,1,1,0,0,0,0,0,0,0,0,0,0
2005,390566,2,1,0,0,0,0,0,0,0,0,0,0
2005,390566,3,1,0,0,0,0,0,0,0,0,0,0
2005,390567,0,1,0,0,0,14,6,0,0,0,7,0
2005,390567,1,1,0,15,0,0,0,0,0,0,0,0
2005,390568,1,1,0,0,0,0,0,0,0,0,0,0
2005,390568,2,1,0,0,0,0,0,0,0,0,0,0
2005,390569,1,1,12,12,12,12,12,12,12,12,12,12
2005,390570,1,1,0,0,0,0,0,0,0,0,0,0
2005,390570,2,1,0,0,0,0,0,0,0,0,0,0
2005,390570,3,1,0,0,0,0,0,0,0,0,0,0
2005,390571,1,1,0,0,0,0,0,0,0,0,0,0
2005,390571,2,1,0,0,0,0,0,0,0,0,0,0
2005,390572,1,1,0,0,0,0,0,0,0,0,0,0
2005,390573,1,1,2,2,2,2,2,2,2,2,2,2
2005,390574,1,1,1,1,1,1,1,1,1,1,1,1
2005,390574,2,1,0,0,0,0,0,0,0,0,0,0
2005,390575,1,1,0,0,0,0,0,0,0,0,0,0
2005,390575,2,1,0,0,0,0,0,0,0,0,0,0
2005,390576,1,1,0,0,0,0,0,0,0,0,0,0
2005,390577,1,1,0,0,0,0,0,0,0,0,0,0
2005,390577,2,1,0,0,0,0,0,0,0,0,0,0
2005,390578,1,1,0,0,0,0,0,0,0,0,0,0
2005,390578,2,1,0,0,0,0,0,0,0,0,0,0
2005,390578,3,1,0,0,0,0,0,0,0,0,0,0
2005,390579,1,1,24,24,24,24,24,24,24,24,24,24
2005,390580,1,1,0,0,0,0,0,0,0,0,0,0
2005,390580,2,1,0,0,0,0,0,0,0,0,0,0
2005,390580,3,1,0,0,0,0,0,0,0,0,0,0
2005,390580,4,1,0,0,0,0,0,0,0,0,0,0
2005,390581,1,1,17,17,17,17,17,17,17,17,17,17
2005,390582,1,1,0,0,0,0,0,0,0,0,0,0
2005,390582,2,1,0,0,0,0,0,0,0,0,0,0
2005,390583,1,1,0,0,0,0,0,0,0,0,0,0
2005,390583,2,1,0,0,0,0,0,0,0,0,0,0
2005,390584,1,1,0,0,0,0,0,0,0,0,0,0
2005,390584,2,1,0,0,0,0,0,0,0,0,0,0
2005,390585,1,1,0,0,0,0,0,0,0,0,0,0
2005,390586,1,1,0,0,0,0,0,0,0,0,0,0
2005,390586,2,1,0,0,0,0,0,0,0,0,0,0
2005,390587,1,1,7,7,7,7,7,7,7,7,7,7
2005,390588,0,1,0,0,17,16,0,0,0,19,19,16
2005,390588,1,1,0,0,0,0,0,0,0,0,0,0
2005,390589,1,1,0,0,0,0,7,0,0,0,0,0
2005,390589,2,1,0,0,0,0,0,0,0,0,0,0
2005,390590,1,1,0,0,0,0,0,0,0,0,0,0
2005,390591,1,1,0,0,0,0,0,0,0,0,4,0
2005,390591,2,1,3,3,3,3,3,3,3,3,3,3
2005,390592,1,1,12,0,0,0,0,0,0,0,0,0
2005,390593,1,1,0,0,0,0,0,0,0,10,0,0
2005,390593,2,1,0,0,0,0,0,0,0,0,0,0
2005,390594,1,1,0,0,0,0,0,0,0,0,0,0
2005,390594,2,1,18,18,18,18,18,18,18,18,18,18
2005,390594,3,1,0,0,0,0,0,0,0,0,0,0
2005,390594,4,1,0,0,0,0,0,0,0,0,0,0
2005,390595,1,1,0,0,0,0,0,0,0,0,0,0
2005,390595,2,1,1,1,1,1,1,1,1,1,1,1
2005,390596,1,1,20,20,20,20,20,20,20,20,20,20
2005,390596,2,1,0,0,0,0,0,13,0,0,0,0
2005,390597,1,1,10,10,10,10,10,10,10,10,10,10
2005,390598,1,1,17,17,17,17,17,17,17,17,17,17
2005,390599,1,1,0,0,0,0,0,0,0,0,0,0
2005,390600,1,1,11,0,0,0,0,0,0,0,0,9
2005,390601,1,1,3,12,8,19,7,22,15,6,23,19
2005,390602,1,1,18,18,18,18,18,18,18,18,18,18
2005,390603,0,1,0,0,0,0,0,0,0,0,0,0
2005,390603,1,1,0,0,0,0,0,0,0,0,0,0
2005,390604,0,1,14,14,14,14,14,14,14,14,14,14
2005,390604,1,1,0,0,0,0,0,0,10,0,13,0
2005,390605,1,1,0,0,0,0,0,0,0,0,0,0
2005,390605,2,1,0,0,0,0,0,0,0,0,0,0
2005,390606,1,1,6,6,6,6,6,6,6,6,6,6
2005,390606,2,1,14,14,14,14,14,14,14,14,14,14
2005,390607,1,1,0,0,0,0,0,0,0,0,0,0
2005,390608,1,1,0,0,0,0,0,0,0,0,0,0
2005,390608,2,1,29,29,29,29,29,29,29,29,29,29
2005,390609,1,1,36,36,36,36,36,36,36,36,36,36
2005,390610,1,1,0,0,0,0,0,0,0,0,0,0
2005,390611,1,1,0,12,0,0,0,0,0,0,0,0
2005,390611,2,1,0,0,0,0,0,0,0,0,0,0
2005,390612,1,1,6,6,6,6,6,6,6,6,6,6
2005,390613,1,1,0,0,0,0,0,0,0,0,0,0
2005,390613,2,1,0,0,0,0,0,0,0,0,0,0
2005,390613,3,1,0,0,0,0,0,0,0,0,0,0
2005,390614,1,1,17,17,17,17,17,17,17,17,17,17
2005,390615,1,1,1,1,1,1,1,1,1,1,1,1
2005,390616,1,1,0,0,0,0,0,0,0,0,0,0
2005,390616,2,1,0,0,0,0,0,0,0,0,0,0
2005,390616,3,1,0,0,0,0,0,0,0,0,0,0
2005,390617,1,1,22,9,19,11,18,0,0,0,4,0
2005,390617,2,1,2,2,2,2,2,2,2,2,2,2
2005,390618,1,1,0,0,0,0,0,0,0,0,0,0
2005,390618,2,1,0,0,0,0,0,0,0,0,0,0
2005,390619,1,1,0,0,0,0,0,0,0,0,0,0
2005,390620,1,1,17,0,0,0,0,0,0,0,0,0
2005,390620,2,1,19,19,19,19,19,19,19,19,19,19
2005,390621,1,1,25,25,25,25,25,25,25,25,25,25
2005,390622,1,1,0,0,0,0,0,0,0,0,0,0
2005,390622,2,1,0,0,0,0,0,0,0,0,0,9
2005,390623,1,1,0,0,0,0,0,0,0,0,0,0
2005,390624,1,1,22,22,22,22,22,22,22,22,22,22
2005,390625,1,1,21,21,21,21,21,21,21,21,21,21
2005,390626,1,1,0,0,0,0,0,0,0,0,0,0
2005,390626,2,1,23,23,23,23,23,23,23,23,23,23
2005,390627,1,1,0,0,0,0,0,0,0,0,0,0
2005,390628,1,1,0,0,0,0,0,0,0,0,0,0
2005,390628,2,1,0,0,0,0,0,0,0,0,0,0
2005,390629,1,1,14,14,14,14,14,14,14,14,14,14
2005,390630,0,1,0,0,0,0,0,0,0,0,0,0
2005,390630,1,1,0,0,0,0,0,0,0,0,0,0
2005,390631,1,1,0,0,0,0,0,0,0,0,0,0
2005,390631,2,1,0,0,0,0,0,0,0,0,0,0
2005,390632,1,1,7,7,7,7,7,7,7,7,7,7
2005,390632,2,1,0,0,0,0,0,0,0,0,0,0
2005,390633,1,1,0,0,0,0,0,0,0,0,0,0
2005,390633,2,1,0,0,0,0,0,0,0,0,0,0
2005,390634,1,1,0,0,0,0,0,0,0,0,0,0
2005,390634,2,1,0,0,0,0,0,0,0,0,0,0
2005,390635,1,1,0,0,0,0,0,0,0,0,0,0
2005,390635,2,1,0,0,0,0,0,0,0,0,0,0
2005,390636,1,1,13,13,13,13,13,13,13,13,13,13
2005,390637,1,1,33,33,33,33,33,33,33,33,33,33
2005,390637,2,1,0,0,0,0,0,0,0,0,0,4
2005,390638,0,1,25,25,25,25,25,25,25,25,25,25
2005,390638,1,1,14,0,0,4,3,0,0,0,0,0
2005,390639,1,1,14,22,46,8,25,0,29,0,12,10
2005,390640,1,1,0,0,0,0,0,0,0,0,0,0
2005,390641,1,1,0,0,0,0,0,0,0,0,0,0
2005,390641,2,1,0,0,0,0,0,0,15,0,12,0
2005,390642,1,1,0,0,0,0,0,0,0,0,0,0
2005,390642,2,1,0,0,0,0,0,0,0,0,0,0
2005,390643,1,1,0,0,0,0,0,0,0,0,0,0
2005,390644,1,1,11,11,11,11,11,11,11,11,11,11
2005,390645,1,1,0,0,0,0,0,0,0,0,0,0
2005,390645,2,1,0,0,0,0,0,0,0,0,0,0
2005,390645,3,1,0,0,0,0,0,0,0,0,0,0
2005,390646,1,1,23,27,14,19,6,4,17,20,7,10
2005,390646,2,1,0,0,0,0,0,0,0,0,0,0
2005,390647,1,1,0,0,0,0,0,0,0,0,0,0
2005,390647,2,1,0,0,0,0,0,0,0,0,13,14
2005,390648,1,1,0,0,0,0,0,0,0,0,0,0
2005,390648,2,1,3,3,3,3,3,3,3,3,3,3
2005,390650,1,1,0,16,0,0,0,0,0,0,0,0
2005,390651,0,1,16,16,16,16,16,16,16,16,16,16
2005,390651,1,1,0,0,0,0,0,0,0,0,0,0
2005,390652,0,1,0,0,0,11,0,0,0,0,0,0
2005,390652,1,1,0,0,0,0,0,0,0,0,0,0
2005,390653,1,1,0,0,0,0,0,0,0,0,0,0
2005,390653,2,1,0,0,0,0,0,0,0,0,0,0
2005,390654,1,1,0,0,0,0,0,0,0,0,0,0
2005,390654,2,1,0,0,0,0,0,0,0,0,0,0
2005,390655,1,1,0,0,0,0,0,0,0,0,0,0
2005,390655,2,1,0,0,0,0,0,0,0,0,0,0
2005,390656,1,1,19,19,19,19,19,19,19,19,19,19
2005,390657,1,1,19,19,19,19,19,19,19,19,19,19
2005,390657,2,1,0,0,0,0,0,0,0,0,7,0
2005,390658,1,1,10,10,0,0,12,9,0,0,0,0
2005,390659,1,1,0,0,0,0,0,0,0,0,0,0
2005,390659,2,1,0,0,0,0,0,0,0,0,0,0
2005,390660,1,1,26,26,26,26,26,26,26,26,26,26
2005,390661,1,1,0,0,0,0,0,6,0,0,0,15
2005,390661,2,1,0,0,0,0,0,0,0,0,0,0
2005,390662,1,1,0,0,0,0,0,0,0,0,0,0
2005,390663,1,1,27,27,27,27,27,27,27,27,27,27
2005,390664,1,1,0,0,0,0,0,0,0,0,0,0
2005,390666,1,1,0,0,0,0,0,0,0,0,0,0
2005,390666,2,1,0,0,0,0,0,0,0,0,0,0
2005,390667,1,1,26,26,26,26,26,26,26,26,26,26
2005,390667,2,1,0,0,0,0,0,0,0,0,0,0
2005,390667,3,1,0,0,0,0,0,0,0,0,0,0
2005,390668,1,1,0,0,0,0,0,0,0,0,0,0
2005,390668,2,1,10,10,10,10,10,10,10,10,10,10
2005,390669,1,1,0,0,0,0,0,0,0,0,0,0
2005,390669,2,1,12,12,12,12,12,12,12,12,12,12
2005,390670,1,1,17,17,17,17,17,17,17,17,17,17
2005,390671,1,1,21,21,21,21,21,21,21,21,21,21
2005,390671,2,1,0,0,0,0,0,0,0,0,0,0
2005,390672,1,1,0,0,0,0,0,0,0,0,0,0
2005,390673,1,1,0,0,0,0,0,0,0,0,0,0
2005,390673,2,1,0,0,0,0,0,0,0,0,0,0
2005,390674,1,1,0,0,0,0,0,0,0,0,0,0
2005,390674,2,1,0,0,0,0,0,0,0,0,0,0
2005,390675,1,1,0,0,0,0,0,0,0,0,0,0
2005,390676,1,1,0,0,0,0,0,0,0,0,0,0
2005,390676,2,1,0,0,0,0,0,0,0,0,0,0
2005,390677,1,1,13,13,13,13,13,13,13,13,13,13
2005,390678,1,1,0,0,0,0,0,0,0,0,0,0
2005,390678,2,1,22,22,22,22,22,22,22,22,22,22
2005,390679,1,1,0,0,0,0,0,0,0,0,0,0
2005,390680,1,1,0,0,0,0,0,0,0,0,0,0
2005,390680,2,1,0,0,0,0,0,0,0,0,0,0
2005,390681,1,1,0,0,0,0,0,0,0,0,0,0
2005,390682,1,1,0,0,0,0,0,0,0,0,0,0
2005,390682,2,1,0,0,0,0,0,0,0,0,0,0
2005,390683,1,1,21,21,21,21,21,21,21,21,21,21
2005,390684,1,1,23,23,23,23,23,23,23,23,23,23
2005,390684,2,1,0,0,0,0,0,0,0,0,0,0
2005,390685,1,1,23,23,23,23,23,23,23,23,23,23
2005,390686,1,1,46,46,46,46,46,46,46,46,46,46
2005,390686,2,1,0,0,0,0,0,0,0,0,0,0
2005,390686,3,1,0,0,0,0,0,20,22,0,0,0
2005,390686,4,1,0,0,0,0,0,18,0,29,22,0
2005,390686,5,1,0,0,0,0,0,0,0,0,0,0
2005,390687,1,1,0,0,0,0,0,0,0,0,0,2
2005,390688,1,1,0,0,7,0,0,0,0,0,0,0
2005,390688,2,1,0,0,0,0,0,0,0,0,0,0
2005,390689,1,1,0,0,0,0,0,0,0,0,0,0
2005,390689,2,1,0,0,0,0,0,0,0,0,0,0
2005,390690,1,1,28,28,28,28,28,28,28,28,28,28
2005,390690,2,1,0,0,0,0,0,0,0,0,0,0
2005,390690,3,1,0,12,0,0,0,0,0,0,0,0
2005,390691,1,1,0,0,0,0,0,0,0,0,0,0
2005,390691,2,1,0,0,0,0,0,0,0,0,0,0
2005,390692,1,1,0,0,0,0,0,0,0,0,0,0
2005,390692,2,1,0,0,0,0,0,0,0,0,0,0
2005,390693,1,1,0,0,0,0,0,0,0,0,0,0
2005,390694,1,1,0,0,0,0,0,0,0,0,0,0
2005,390694,2,1,0,0,0,0,0,0,0,0,0,0
2005,390695,1,1,0,0,0,0,0,0,0,0,0,0
2005,390696,1,1,14,14,14,14,14,14,14,14,14,14
2005,390697,1,1,0,0,0,0,0,0,0,0,0,0
2005,390697,2,1,0,0,0,0,0,0,0,0,0,0
2005,390698,1,1,22,22,22,22,22,22,22,22,22,22
2005,390699,1,1,0,0,0,0,0,0,0,0,0,0
2005,390699,2,1,0,0,0,0,0,0,0,0,0,0
2005,390699,3,1,0,0,0,0,0,0,0,0,0,0
2005,390699,4,1,0,0,0,0,0,0,0,0,0,0
2005,390699,5,1,0,0,0,0,0,0,0,0,0,0
2005,390700,0,1,0,0,0,0,0,0,0,0,0,0
2005,390700,1,1,0,0,0,0,0,0,0,0,0,0
2005,390701,1,1,0,0,0,0,0,0,0,0,0,0
2005,390702,1,1,26,26,26,26,26,26,26,26,26,26
2005,390703,1,1,0,0,0,0,0,0,0,0,0,0
2005,390704,1,1,0,0,0,0,0,0,0,0,0,0
2005,390704,2,1,0,0,0,0,0,0,0,0,0,0
2005,390705,1,1,0,0,0,0,0,0,0,0,0,0
2005,390705,2,1,0,0,0,0,0,0,0,0,0,0
2005,390706,1,1,0,0,0,0,0,0,0,0,8,0
2005,390706,2,1,0,0,0,0,0,0,0,0,0,0
2005,390707,1,1,25,25,25,25,25,25,25,25,25,25
2005,390708,1,1,7,7,7,7,7,7,7,7,7,7
2005,390709,1,1,24,24,24,24,24,24,24,24,24,24
2005,390710,1,1,0,0,0,0,0,0,0,0,0,0
2005,390710,2,1,7,7,7,7,7,7,7,7,7,7
2005,390711,1,1,17,17,17,17,17,17,17,17,17,17
2005,390712,1,1,15,15,15,15,15,15,15,15,15,15
2005,390713,1,1,0,0,0,0,0,0,0,0,0,0
2005,390713,2,1,0,7,0,0,0,0,0,0,0,0
2005,390713,3,1,0,0,0,0,0,0,0,0,0,0
2005,390713,4,1,0,0,0,0,0,0,0,0,0,0
2005,390713,5,1,0,0,0,0,0,0,0,0,0,0
2005,390713,6,1,0,0,0,0,0,0,0,0,0,0
2005,390714,1,1,19,19,19,19,19,19,19,19,19,19
2005,390715,1,1,12,21,43,10,26,15,17,27,0,25
2005,390716,1,1,24,24,24,24,24,24,24,24,24,24
2005,390717,1,1,0,0,0,0,0,0,0,0,0,0
2005,390717,2,1,2,2,2,2,2,2,2,2,2,2
2005,390718,1,1,0,0,0,0,0,0,0,0,0,0
2005,390718,2,1,0,0,0,0,0,0,0,0,0,0
2005,390719,0,1,0,0,0,0,0,0,0,0,0,0
2005,390719,1,1,0,0,0,0,0,0,0,0,0,0
2005,390720,1,1,0,0,0,0,0,0,0,0,0,0
2005,390720,2,1,20,20,20,20,20,20,20,20,20,20
2005,390721,1,1,0,0,0,0,0,0,0,0,0,0
2005,390721,2,1,0,0,0,0,0,0,0,0,0,0
2005,390722,1,1,0,0,10,0,0,0,0,18,0,0
2005,390722,2,1,0,0,0,0,0,0,0,0,0,0
2005,390723,1,1,0,0,0,0,0,0,0,0,0,0
2005,390723,2,1,0,0,0,0,0,0,8,0,0,0
2005,390724,1,1,0,0,0,0,0,0,0,0,0,0
2005,390724,2,1,0,0,0,0,0,0,0,0,0,0
2005,390725,1,1,17,17,17,17,17,17,17,17,17,17
2005,390726,1,1,22,22,22,22,22,22,22,22,22,22
2005,390727,1,1,0,0,0,0,0,0,0,0,0,0
2005,390728,1,1,23,23,23,23,23,23,23,23,23,23
2005,390729,1,1,0,0,0,0,0,0,0,0,0,0
2005,390729,2,1,14,14,14,14,14,14,14,14,14,14
2005,390730,1,1,0,0,0,0,0,0,0,0,0,0
2005,390730,2,1,0,0,0,0,0,0,0,0,0,0
2005,390731,1,1,16,16,16,16,16,16,16,16,16,16
2005,390732,1,1,0,0,0,0,0,0,0,0,0,0
2005,390732,2,1,0,0,0,0,0,0,0,0,0,0
2005,390733,1,1,0,0,0,0,0,0,0,0,0,0
2005,390733,2,1,0,0,0,0,0,0,0,0,0,0
2005,390734,1,1,0,10,0,0,0,0,0,0,0,0
2005,390734,2,1,11,0,0,0,0,0,0,0,0,0
2005,390735,1,1,0,0,0,0,0,0,0,0,0,0
2005,390735,2,1,0,0,0,0,0,0,0,0,0,0
2005,390736,1,1,0,0,0,0,0,0,0,0,0,0
2005,390736,2,1,0,0,0,0,0,0,0,0,0,0
2005,390737,1,1,0,0,0,0,0,0,0,0,0,0
2005,390737,2,1,0,0,0,0,0,0,0,0,0,0
2005,390737,3,1,0,0,0,0,0,0,0,0,0,0
2005,390738,0,1,0,0,0,0,0,0,0,0,0,0
2005,390738,1,1,5,0,18,12,5,0,0,20,0,0
2005,390739,0,1,0,0,0,0,0,0,0,0,0,0
2005,390739,0,2,0,0,0,0,0,0,0,0,15,0
2005,390739,1,1,0,0,0,0,0,0,0,0,0,0
2005,390740,1,1,0,0,0,0,0,0,0,0,0,0
2005,390740,2,1,12,12,12,12,12,12,12,12,12,12
2005,390741,1,1,0,0,0,0,0,0,0,0,0,7
2005,390741,2,1,0,0,0,0,0,0,0,0,0,0
2005,390742,1,1,0,0,0,0,0,0,0,0,0,0
2005,390742,2,1,0,0,0,0,0,0,0,0,0,0
2005,390742,3,1,0,0,0,0,0,0,0,0,0,0
2005,390743,1,1,0,0,0,0,0,0,0,0,0,0
2005,390743,2,1,0,0,0,0,0,0,0,0,0,0
2005,390744,1,1,0,0,0,0,0,0,0,0,0,0
2005,390745,1,1,0,0,0,0,0,0,0,0,0,0
2005,390745,2,1,0,0,0,0,0,0,0,0,0,0
2005,390746,1,1,7,7,7,7,7,7,7,7,7,7
2005,390747,1,1,0,0,0,0,0,0,0,0,0,0
2005,390747,2,1,0,0,0,0,0,0,0,0,0,0
2005,390748,1,1,0,0,0,0,0,0,0,0,0,0
2005,390749,1,1,6,6,6,6,6,6,6,6,6,6
2005,390750,1,1,16,16,16,16,16,16,16,16,16,16
2005,390751,1,1,21,21,21,21,21,21,21,21,21,21
2005,390752,1,1,0,0,0,0,0,0,0,0,0,0
2005,390752,2,1,0,0,0,0,0,0,0,0,0,0
2005,390753,1,1,0,0,0,0,0,0,0,0,0,0
2005,390754,1,1,0,0,0,0,0,0,0,0,0,0
2005,390755,1,1,0,0,0,0,0,0,0,0,0,0
2005,390756,1,1,20,20,20,20,20,20,20,20,20,20
2005,390757,1,1,0,0,0,0,0,0,0,0,0,0
2005,390758,1,1,1,1,1,1,1,1,1,1,1,1
2005,390759,0,1,0,0,0,0,0,0,0,0,0,0
2005,390759,1,1,0,0,0,0,0,0,0,0,0,0
2005,390760,1,1,0,0,0,0,0,0,0,0,0,0
2005,390760,2,1,0,0,0,0,0,0,0,0,0,0
2005,390761,1,1,0,3,0,0,0,0,0,0,0,0
2005,390763,1,1,0,0,0,0,0,0,0,0,0,0
2005,390763,2,1,0,0,0,0,0,0,0,0,0,0
2005,390764,1,1,22,22,22,22,22,22,22,22,22,22
2005,390765,1,1,0,0,0,0,0,0,0,0,0,0
2005,390765,2,1,0,0,0,0,0,0,0,0,0,0
2005,390765,3,1,0,0,0,0,0,0,0,0,0,0
2005,390765,4,1,0,0,0,0,0,0,0,0,0,0
2005,390766,1,1,0,0,0,0,0,0,0,0,0,0
2005,390766,2,1,0,0,0,0,0,0,0,0,0,0
2005,390767,1,1,19,19,19,19,19,19,19,19,19,19
2005,390767,2,1,0,0,0,0,0,0,0,0,0,0
2005,390768,1,1,0,0,0,0,0,0,0,0,0,0
2005,390768,2,1,0,0,0,0,0,0,0,0,0,0
2005,390769,1,1,0,0,0,0,0,0,0,0,0,0
2005,390769,2,1,0,17,0,0,0,18,0,0,11,0
2005,390769,3,1,0,0,0,0,8,0,0,0,0,0
2005,390769,4,1,0,0,0,0,0,0,0,0,0,0
2005,390770,1,1,0,0,0,0,0,0,0,0,0,0
2005,390771,1,1,1,1,1,1,1,1,1,1,1,1
2005,390772,1,1,0,0,0,0,0,0,0,0,0,0
2005,390772,2,1,0,0,0,0,0,0,0,0,0,0
2005,390773,1,1,0,0,0,0,0,0,0,0,0,0
2005,390773,2,1,0,0,0,0,0,0,0,0,10,0
2005,390773,3,1,0,0,0,0,0,0,0,0,0,0
2005,390774,1,2,0,19,15,7,13,0,31,24,0,27
2005,390775,1,1,19,19,19,19,19,19,19,19,19,19
2005,390776,1,1,0,0,0,0,0,0,0,0,0,0
2005,390777,1,1,0,0,0,5,0,0,5,0,0,19
2005,390777,2,1,0,0,0,0,0,0,16,0,0,0
2005,390778,1,1,0,0,0,0,0,0,0,0,0,0
2005,390778,2,1,0,0,0,0,0,0,0,0,0,0
2005,390779,0,1,33,33,33,33,33,33,33,33,33,33
2005,390779,1,1,0,0,0,0,0,0,0,0,0,0
2005,390780,0,1,0,0,0,0,0,0,0,0,0,0
2005,390780,1,1,0,0,0,0,0,0,0,0,0,0
2005,390781,1,1,1,1,1,1,1,1,1,1,1,1
2005,390781,2,1,0,0,0,0,0,0,0,0,0,0
2005,390782,0,1,42,42,42,42,42,42,42,42,42,42
2005,390782,1,1,0,0,0,0,0,0,0,0,0,0
2005,390783,1,1,0,0,0,0,0,0,0,0,0,0
2005,390783,2,1,14,14,14,14,14,14,14,14,14,14
2005,390784,1,1,0,0,0,0,0,0,0,0,0,0
2005,390784,2,1,0,0,0,0,0,0,0,0,0,0