YEAR,ST_CASE,veh_no,per_no,P1,P2,P3,P4,P5,P6,P7,P8,P9,P10
2005,390785,1,1,0,0,0,0,0,0,0,0,0,0
2005,390786,1,1,0,0,0,0,0,0,0,0,0,0
2005,390786,2,1,0,0,0,0,0,0,0,0,0,0
2005,390787,1,1,0,0,0,0,0,0,0,0,0,0
2005,390787,2,1,0,0,0,0,0,0,0,0,0,0
2005,390788,1,1,0,0,0,0,0,0,0,0,0,0
2005,390788,2,1,0,0,0,0,0,0,0,0,0,0
2005,390789,1,1,27,27,27,27,27,27,27,27,27,27
2005,390790,1,1,0,0,0,0,0,0,0,0,0,0
2005,390790,2,1,0,0,0,0,0,0,0,0,0,0
2005,390791,1,1,0,0,0,0,0,0,0,0,0,0
2005,390792,1,1,0,0,0,0,0,9,0,0,0,0
2005,390792,2,1,18,18,18,18,18,18,18,18,18,18
2005,390793,1,1,6,6,6,6,6,6,6,6,6,6
2005,390794,1,1,0,0,18,0,0,0,0,0,19,0
2005,390794,2,1,0,0,0,0,0,0,0,0,0,0
2005,390794,3,1,0,0,0,0,0,0,0,0,0,0
2005,390795,1,1,13,13,13,13,13,13,13,13,13,13
2005,390796,1,1,0,0,0,0,0,0,10,0,0,0
2005,390796,2,1,0,0,0,0,0,0,0,0,0,0
2005,390797,1,1,0,0,0,0,0,0,0,0,0,0
2005,390798,0,1,0,0,0,0,0,0,0,0,0,0
2005,390798,1,1,0,0,0,0,0,0,0,0,0,0
2005,390799,1,1,0,0,0,0,0,0,0,0,0,0
2005,390800,1,1,17,17,17,17,17,17,17,17,17,17
2005,390801,1,1,20,20,20,20,20,20,20,20,20,20
2005,390802,1,1,18,18,18,18,18,18,18,18,18,18
2005,390803,0,1,0,0,0,0,0,0,0,0,0,0
2005,390803,1,1,0,0,0,0,0,0,0,0,0,0
2005,390804,0,1,0,0,0,0,0,0,0,0,0,0
2005,390804,1,1,7,9,8,22,20,20,31,14,24,13
2005,390805,1,1,0,0,0,0,0,0,0,0,0,0
2005,390805,2,1,0,0,0,0,0,0,0,0,0,0
2005,390806,1,1,6,6,6,6,6,6,6,6,6,6
2005,390806,2,1,0,0,0,0,2,0,0,0,0,0
2005,390806,3,1,0,0,0,0,0,0,0,0,0,0
2005,390807,1,1,0,0,0,0,0,0,0,0,0,0
2005,390807,2,1,0,0,0,0,0,0,0,0,0,0
2005,390807,3,1,0,0,0,0,0,0,0,0,0,0
2005,390808,1,1,0,0,0,0,0,0,0,0,0,0
2005,390808,2,1,0,0,0,0,0,0,0,7,0,0
2005,390808,3,1,0,0,0,0,0,0,0,0,0,0
2005,390809,1,1,0,0,0,0,0,0,0,0,0,0
2005,390809,2,1,0,0,0,0,0,0,0,0,0,0
2005,390810,1,1,0,0,0,0,0,0,0,0,0,0
2005,390810,2,1,0,0,0,0,0,0,0,0,0,2
2005,390811,1,1,0,0,0,0,0,0,0,0,3,0
2005,390811,2,1,0,0,0,0,0,0,0,0,0,0
2005,390812,1,1,0,0,0,0,0,0,0,0,0,0
2005,390812,2,1,0,0,0,0,0,0,0,0,0,0
2005,390813,1,1,0,0,0,0,0,0,0,0,0,0
2005,390814,1,1,0,0,0,0,0,0,0,0,0,0
2005,390814,2,1,0,0,0,0,0,0,0,0,0,0
2005,390815,1,1,13,0,24,34,0,26,0,0,20,0
2005,390815,2,1,0,0,0,0,0,0,0,0,0,0
2005,390816,1,1,0,0,0,0,0,0,0,0,0,0
2005,390816,2,1,0,0,0,0,0,0,0,0,0,0
2005,390817,1,1,0,0,0,0,0,0,0,0,0,0
2005,390817,2,1,0,0,0,0,0,0,0,0,0,0
2005,390818,1,1,0,0,0,0,0,0,0,0,0,0
2005,390819,1,1,0,0,0,0,0,0,0,0,0,0
2005,390819,2,1,0,0,0,0,0,0,0,0,0,0
2005,390820,1,1,0,0,0,0,0,0,0,0,0,0
2005,390820,2,1,0,0,0,0,0,0,0,0,0,0
2005,390821,1,1,0,0,0,0,0,0,0,0,0,0
2005,390822,1,1,0,0,0,0,0,0,0,0,0,0
2005,390823,1,1,25,25,25,25,25,25,25,25,25,25
2005,390824,1,1,30,30,30,30,30,30,30,30,30,30
2005,390824,2,1,30,30,30,30,30,30,30,30,30,30
2005,390825,1,1,0,0,0,0,0,0,0,0,0,0
2005,390825,2,1,0,0,0,0,0,0,0,0,0,0
2005,390826,1,1,15,15,15,15,15,15,15,15,15,15
2005,390827,1,1,0,0,0,0,12,0,0,0,0,0
2005,390827,2,1,0,0,0,0,0,0,0,0,0,0
2005,390828,1,1,0,0,0,0,0,0,0,0,0,0
2005,390828,2,1,0,0,0,0,0,0,0,0,0,0
2005,390829,1,1,0,0,0,0,0,0,0,0,0,0
2005,390829,2,1,0,0,0,0,0,0,0,0,0,0
2005,390830,1,1,0,0,7,0,0,0,0,0,0,21
2005,390831,1,1,14,14,14,14,14,14,14,14,14,14
2005,390832,1,1,6,6,6,6,6,6,6,6,6,6
2005,390833,1,1,0,0,0,0,0,0,0,0,0,0
2005,390833,2,1,15,15,15,15,15,15,15,15,15,15
2005,390834,1,1,0,0,0,0,0,0,0,0,0,0
2005,390834,2,1,0,0,0,0,0,0,0,0,0,0
2005,390835,1,1,3,3,3,3,3,3,3,3,3,3
2005,390836,1,1,0,0,0,0,0,0,0,0,0,0
2005,390836,2,1,0,0,0,0,0,0,0,0,0,0
2005,390837,1,1,18,18,18,18,18,18,18,18,18,18
2005,390838,1,1,0,0,0,0,0,0,0,0,0,0
2005,390838,2,1,0,0,0,0,0,0,0,0,0,0
2005,390839,0,1,0,0,0,0,0,0,0,0,0,0
2005,390839,1,1,0,0,0,0,0,0,0,0,0,0
2005,390840,1,1,0,0,0,0,0,0,0,0,0,0
2005,390840,2,1,0,0,0,0,0,0,0,0,0,0
2005,390841,1,1,0,0,0,0,0,0,0,0,0,0
2005,390841,2,1,0,0,0,0,0,0,0,0,0,0
2005,390842,1,1,7,7,7,7,7,7,7,7,7,7
2005,390844,1,1,3,3,3,3,3,3,3,3,3,3
2005,390844,2,1,0,0,0,0,0,0,0,0,0,0
2005,390845,0,1,0,0,0,0,0,0,0,0,0,0
2005,390845,1,1,0,0,0,0,0,0,0,0,0,0
2005,390846,1,1,0,0,0,0,0,0,0,0,0,0
2005,390846,2,1,0,0,0,0,0,0,0,0,0,0
2005,390847,1,1,2,2,2,2,2,2,2,2,2,2
2005,390848,0,1,0,0,0,0,0,0,0,0,0,0
2005,390848,1,1,0,0,0,0,0,0,0,0,0,0
2005,390849,1,1,0,0,0,0,0,0,0,0,0,0
2005,390850,1,1,0,0,0,0,0,0,0,0,0,0
2005,390850,2,1,0,0,0,0,0,0,0,0,0,0
2005,390851,1,1,24,24,24,24,24,24,24,24,24,24
2005,390852,1,1,0,0,0,5,0,12,0,0,0,0
2005,390852,2,1,0,0,0,0,0,0,0,0,0,0
2005,390852,3,1,0,0,0,0,0,0,0,0,0,0
2005,390852,4,1,0,0,0,0,0,0,0,0,0,0
2005,390853,1,1,0,0,0,0,0,0,0,0,0,0
2005,390853,2,1,0,0,0,0,0,0,0,0,0,0
2005,390854,1,1,0,0,0,0,0,0,0,0,0,0
2005,390854,2,1,0,0,0,0,0,0,0,0,0,0
2005,390854,3,1,0,0,0,0,0,0,0,0,0,0
2005,390855,1,1,0,0,0,0,0,0,0,0,0,0
2005,390856,1,1,0,0,0,0,0,0,0,0,0,0
2005,390856,2,1,0,0,0,8,0,0,0,0,0,0
2005,390857,1,1,0,0,0,6,14,0,0,0,11,31
2005,390858,1,1,0,0,0,0,0,0,0,0,0,0
2005,390859,1,1,0,0,0,0,0,0,0,0,0,0
2005,390860,0,1,0,0,0,0,0,0,0,0,0,0
2005,390860,1,1,0,0,0,0,0,0,0,0,0,0
2005,390861,0,1,0,0,0,0,0,0,0,0,0,0
2005,390861,1,1,0,0,0,0,0,0,0,0,0,0
2005,390862,1,1,18,18,18,18,18,18,18,18,18,18
2005,390863,1,1,24,24,24,24,24,24,24,24,24,24
2005,390863,2,1,0,0,0,0,0,0,0,0,0,0
2005,390864,1,1,0,0,0,0,0,0,0,0,0,0
2005,390865,1,1,0,0,0,0,0,0,0,0,0,0
2005,390866,1,1,0,0,0,0,0,0,0,0,0,0
2005,390866,2,1,0,0,0,19,0,0,0,0,0,0
2005,390867,1,1,0,0,0,0,0,10,0,0,0,0
2005,390867,2,1,0,10,0,0,0,0,0,0,0,0
2005,390867,3,1,0,0,0,4,0,0,10,23,3,0
2005,390868,1,1,17,17,17,17,17,17,17,17,17,17
2005,390869,1,1,0,0,0,0,0,0,0,0,0,0
2005,390870,1,1,0,0,0,0,0,0,0,0,0,0
2005,390871,1,1,0,0,0,0,0,0,0,0,0,0
2005,390871,2,1,0,0,0,0,0,0,0,0,0,0
2005,390871,3,1,0,0,0,0,0,0,0,0,0,0
2005,390871,4,1,0,0,0,0,0,0,0,0,0,0
2005,390871,5,1,0,0,0,0,0,0,0,0,8,0
2005,390872,1,1,18,18,18,18,18,18,18,18,18,18
2005,390872,2,1,0,0,0,0,0,0,0,0,0,0
2005,390873,1,1,0,0,0,0,0,0,0,0,0,0
2005,390873,2,1,0,0,0,11,0,0,11,0,0,9
2005,390874,1,1,26,26,26,26,26,26,26,26,26,26
2005,390875,1,1,0,0,0,0,0,0,0,0,0,0
2005,390875,2,1,0,0,0,0,0,0,0,0,0,0
2005,390875,3,1,0,0,0,0,0,0,0,0,0,0
2005,390876,1,1,0,0,0,0,0,0,0,0,0,0
2005,390876,2,1,0,0,0,0,0,0,0,0,0,0
2005,390877,1,1,0,0,0,0,0,0,0,0,0,0
2005,390878,1,1,0,0,0,0,0,0,0,0,0,0
2005,390878,2,1,0,0,0,0,0,0,0,0,0,0
2005,390879,1,1,18,18,18,18,18,18,18,18,18,18
2005,390880,1,1,13,13,13,13,13,13,13,13,13,13
2005,390881,1,1,23,14,5,14,15,22,13,10,11,13
2005,390882,0,1,0,0,0,0,0,0,0,0,0,0
2005,390882,1,1,0,0,0,0,0,0,0,0,0,0
2005,390883,1,1,0,0,0,0,0,0,0,0,0,0
2005,390883,2,1,0,0,0,0,0,0,0,0,0,0
2005,390884,1,1,0,0,0,0,0,0,0,0,14,0
2005,390884,2,1,0,0,0,0,0,0,0,0,0,0
2005,390884,3,1,0,0,0,0,0,0,0,0,0,0
2005,390885,1,1,0,0,0,0,0,0,0,0,0,0
2005,390885,2,1,0,0,0,0,0,0,0,0,0,0
2005,390886,1,1,24,24,24,24,24,24,24,24,24,24
2005,390887,1,1,0,0,0,0,0,0,0,0,0,0
2005,390887,2,1,0,0,0,0,0,0,0,0,0,0
2005,390888,1,1,0,0,0,0,0,0,0,0,0,0
2005,390888,2,1,0,0,0,0,0,0,0,0,0,0
2005,390889,0,1,0,0,0,0,0,0,0,0,0,0
2005,390889,1,1,0,0,0,0,0,0,0,0,0,0
2005,390891,1,1,0,0,0,0,0,0,0,0,0,0
2005,390891,2,1,0,0,0,0,0,0,0,0,0,0
2005,390892,1,1,12,12,12,12,12,12,12,12,12,12
2005,390893,1,1,24,24,24,24,24,24,24,24,24,24
2005,390894,1,1,0,0,0,0,0,0,0,0,0,0
2005,390895,1,1,0,0,0,0,0,0,0,0,0,0
2005,390895,2,1,0,0,0,0,0,0,0,0,0,0
2005,390896,1,1,0,0,0,0,0,0,0,0,0,0
2005,390896,2,1,0,0,0,0,0,0,0,0,0,0
2005,390897,1,1,0,0,0,0,0,0,0,0,0,8
2005,390897,2,1,0,11,7,16,0,0,0,0,5,6
2005,390898,1,1,0,0,0,0,0,0,0,0,0,0
2005,390898,2,1,0,0,0,0,0,0,0,0,0,0
2005,390898,3,1,0,0,0,0,0,0,0,0,0,0
2005,390899,1,1,0,0,0,0,0,0,0,0,0,0
2005,390899,2,1,0,0,0,0,0,0,0,0,0,0
2005,390900,1,1,0,0,0,0,0,0,0,0,0,0
2005,390900,2,1,0,0,0,0,0,0,0,0,0,0
2005,390901,1,1,0,0,0,0,0,0,0,0,0,0
2005,390901,2,1,0,0,0,0,0,0,0,0,0,0
2005,390902,1,1,0,0,0,0,0,0,0,0,0,0
2005,390902,2,1,4,4,4,4,4,4,4,4,4,4
2005,390903,1,1,0,0,0,0,0,0,0,0,0,0
2005,390903,2,1,0,0,0,0,0,0,0,0,0,0
2005,390903,3,1,0,0,0,0,0,0,0,0,0,0
2005,390903,4,1,0,0,0,0,0,0,0,0,0,0
2005,390904,1,1,17,17,17,17,17,17,17,17,17,17
2005,390905,1,1,15,29,17,27,23,14,11,17,27,14
2005,390906,1,1,0,0,0,0,0,0,0,0,0,0
2005,390907,1,1,0,0,0,0,0,0,0,0,0,0
2005,390907,2,1,24,24,24,24,24,24,24,24,24,24
2005,390908,1,1,0,0,0,0,0,0,0,0,0,0
2005,390908,2,1,0,0,0,0,0,0,0,0,0,0
2005,390909,1,1,0,0,0,0,0,0,0,0,0,0
2005,390909,2,1,0,0,0,0,0,0,0,0,0,0
2005,390909,3,1,0,0,0,0,0,0,0,0,0,0
2005,390909,4,1,0,0,0,0,0,0,0,0,0,0
2005,390910,1,1,0,0,0,0,0,0,0,0,0,0
2005,390910,2,1,0,0,0,0,0,0,0,0,0,0
2005,390911,2,1,0,0,0,0,0,0,0,0,0,0
2005,390912,1,1,0,0,0,0,0,11,0,0,0,0
2005,390912,2,1,0,0,12,0,0,0,0,16,0,0
2005,390913,0,1,28,28,28,28,28,28,28,28,28,28
2005,390913,1,1,0,0,0,0,0,0,0,0,0,0
2005,390915,0,1,0,0,0,0,0,0,0,0,0,0
2005,390915,1,1,0,0,0,0,0,0,0,0,0,0
2005,390915,2,1,7,0,0,0,0,0,6,0,17,0
2005,390916,1,1,0,0,0,0,0,0,0,0,5,0
2005,390917,1,1,0,0,0,0,0,0,0,0,0,0
2005,390917,2,1,0,0,0,0,0,0,0,0,0,0
2005,390918,1,1,0,0,10,0,0,0,0,0,0,0
2005,390918,2,1,0,0,0,0,0,0,0,0,0,0
2005,390919,1,1,10,10,10,10,10,10,10,10,10,10
2005,390920,1,1,13,13,13,13,13,13,13,13,13,13
2005,390921,1,1,0,0,0,0,0,0,0,0,0,0
2005,390921,2,1,0,0,0,0,0,0,0,0,0,0
2005,390922,0,1,0,0,0,0,0,0,0,0,0,0
2005,390922,1,1,0,0,0,0,0,0,0,0,0,7
2005,390922,2,1,0,0,0,0,0,0,0,0,0,0
2005,390923,1,1,0,0,0,0,0,0,0,0,0,0
2005,390923,2,1,0,0,0,0,0,0,0,0,0,0
2005,390924,1,1,0,0,0,0,0,0,6,0,0,0
2005,390924,2,1,20,20,20,20,20,20,20,20,20,20
2005,390925,1,1,0,0,0,0,0,0,0,0,0,0
2005,390925,2,1,16,0,0,0,0,0,0,0,0,0
2005,390926,1,1,0,0,0,0,0,0,0,0,0,0
2005,390926,2,1,0,0,0,0,0,0,0,12,0,0
2005,390927,0,1,14,14,14,14,14,14,14,14,14,14
2005,390927,1,1,0,0,0,0,0,0,0,0,14,0
2005,390928,0,1,0,0,0,14,0,0,0,0,13,0
2005,390928,1,1,0,0,0,0,0,0,0,0,0,0
2005,390929,1,1,0,0,0,0,0,0,0,0,0,0
2005,390929,2,1,0,0,0,0,4,0,0,0,0,0
2005,390929,3,1,10,10,10,10,10,10,10,10,10,10
2005,390930,1,1,0,0,0,0,0,0,0,0,0,0
2005,390930,2,1,0,0,0,0,0,0,0,0,9,0
2005,390930,3,1,0,0,0,0,0,0,0,0,0,0
2005,390931,1,1,21,21,21,21,21,21,21,21,21,21
2005,390932,1,1,14,14,14,14,14,14,14,14,14,14
2005,390932,2,1,0,0,0,0,0,0,0,0,0,0
2005,390933,1,1,0,15,0,0,0,0,6,20,0,0
2005,390934,1,1,19,19,19,19,19,19,19,19,19,19
2005,390935,1,1,9,9,9,9,9,9,9,9,9,9
2005,390936,1,1,25,25,25,25,25,25,25,25,25,25
2005,390937,1,1,0,0,0,0,0,0,0,0,0,0
2005,390937,2,1,0,0,0,0,0,0,0,0,0,0
2005,390938,1,1,13,13,13,13,13,13,13,13,13,13
2005,390939,1,1,0,0,0,0,0,0,0,0,0,0
2005,390940,1,1,0,0,0,0,0,0,0,0,0,0
2005,390941,1,1,0,0,0,0,0,0,0,0,0,0
2005,390941,2,1,0,0,0,0,0,0,0,0,0,0
2005,390942,1,1,0,0,0,0,0,0,0,0,0,0
2005,390942,2,1,0,0,0,4,0,0,12,0,0,0
2005,390943,1,1,0,0,0,0,0,0,0,0,0,0
2005,390943,2,1,0,0,0,0,0,0,0,0,0,0
2005,390944,1,1,0,0,0,0,0,0,0,2,0,0
2005,390944,2,1,0,0,0,0,0,0,0,0,0,0
2005,390945,2,1,0,0,0,0,0,0,0,0,0,0
2005,390946,1,1,0,0,0,0,0,0,0,0,0,0
2005,390946,2,1,2,2,2,2,2,2,2,2,2,2
2005,390947,1,1,0,0,0,0,0,0,0,0,0,0
2005,390947,2,1,0,0,0,0,0,0,0,0,0,0
2005,390948,1,1,30,30,30,30,30,30,30,30,30,30
2005,390949,1,1,10,0,0,0,0,0,0,14,14,0
2005,390950,1,1,0,0,0,0,0,0,0,0,0,0
2005,390950,2,1,0,0,0,0,0,0,0,0,0,0
2005,390951,1,1,0,0,0,0,0,0,0,0,0,0
2005,390951,2,1,0,0,0,0,0,0,0,0,0,0
2005,390952,1,1,0,0,0,0,0,0,0,0,0,0
2005,390952,2,1,0,0,0,0,0,0,0,0,0,0
2005,390953,1,1,0,0,0,0,0,0,0,0,0,0
2005,390953,2,1,0,0,0,0,0,0,0,0,0,0
2005,390954,1,1,0,0,0,0,0,0,0,0,0,0
2005,390954,2,1,0,0,0,0,0,0,0,0,0,0
2005,390955,1,1,10,10,10,10,10,10,10,10,10,10
2005,390955,2,1,25,34,17,0,23,0,25,26,19,12
2005,390956,1,1,0,0,0,0,0,0,0,0,0,4
2005,390956,2,1,28,28,28,28,28,28,28,28,28,28
2005,390957,1,1,13,13,13,13,13,13,13,13,13,13
2005,390958,1,1,0,0,0,0,0,0,0,0,0,0
2005,390958,2,1,0,0,0,0,7,0,0,0,0,0
2005,390959,1,1,0,0,0,0,0,0,0,0,0,0
2005,390959,2,1,0,0,0,0,0,0,0,0,0,0
2005,390960,0,1,9,9,9,9,9,9,9,9,9,9
2005,390960,1,1,0,0,0,0,0,0,0,0,0,0
2005,390960,2,1,0,0,20,0,0,0,0,0,0,0
2005,390961,1,1,19,19,19,19,19,19,19,19,19,19
2005,390962,1,1,0,0,0,0,0,0,0,0,0,0
2005,390962,2,1,0,0,0,0,0,0,0,0,0,0
2005,390963,1,1,0,0,0,0,0,0,0,0,0,0
2005,390963,2,1,0,0,0,0,0,0,0,0,0,0
2005,390964,1,1,20,20,20,20,20,20,20,20,20,20
2005,390965,1,1,0,0,0,20,29,25,5,0,18,0
2005,390966,1,1,0,0,0,0,0,0,0,0,0,0
2005,390967,1,1,0,0,0,0,0,0,0,0,0,0
2005,390968,1,1,0,0,0,0,0,0,0,0,0,0
2005,390968,2,1,0,0,0,0,0,0,0,0,0,0
2005,390969,1,1,23,23,23,23,23,23,23,23,23,23
2005,390970,0,1,0,0,0,0,0,0,0,21,0,0
2005,390970,0,2,0,0,0,0,0,0,0,0,0,0
2005,390970,1,1,0,0,21,0,0,0,9,0,0,0
2005,390971,1,1,5,5,5,5,5,5,5,5,5,5
2005,390972,1,1,0,0,0,0,0,0,0,0,0,0
2005,390972,2,1,0,0,0,0,0,0,0,0,0,0
2005,390973,0,1,0,0,0,0,0,0,0,0,0,0
2005,390973,1,1,0,0,11,0,0,0,0,0,15,0
2005,390974,1,1,0,0,0,0,0,0,0,0,0,0
2005,390974,2,1,0,0,0,0,0,0,0,0,0,0
2005,390975,1,1,22,22,22,22,22,22,22,22,22,22
2005,390976,1,1,0,0,0,0,0,0,0,0,0,0
2005,390977,1,1,1,1,1,1,1,1,1,1,1,1
2005,390978,1,1,0,0,0,0,0,0,0,0,0,0
2005,390978,2,1,0,0,0,0,0,0,0,0,0,0
2005,390979,1,1,22,22,22,22,22,22,22,22,22,22
2005,390979,2,1,0,0,0,0,0,0,0,0,0,0
2005,390980,1,1,16,3,18,16,12,5,13,10,18,11
2005,390980,2,1,14,14,14,14,14,14,14,14,14,14
2005,390981,1,1,0,0,0,0,0,0,0,0,0,0
2005,390981,2,1,0,0,0,0,0,0,0,0,0,0
2005,390982,1,1,0,0,0,0,0,0,0,0,0,0
2005,390983,1,1,21,21,21,21,21,21,21,21,21,21
2005,390983,2,1,0,0,0,0,0,0,0,0,0,0
2005,390984,1,1,0,0,0,0,0,0,0,0,0,0
2005,390984,2,1,6,6,6,6,6,6,6,6,6,6
2005,390985,1,1,0,0,0,0,2,0,0,12,0,0
2005,390985,2,1,0,0,0,0,0,0,0,0,0,0
2005,390986,1,1,17,17,17,17,17,17,17,17,17,17
2005,390987,1,1,16,16,16,16,16,16,16,16,16,16
2005,390988,1,1,12,0,9,0,0,0,0,0,0,0
2005,390988,2,1,20,20,20,20,20,20,20,20,20,20
2005,390989,1,1,0,0,0,0,0,0,0,0,0,0
2005,390990,1,1,23,23,23,23,23,23,23,23,23,23
2005,390991,1,1,0,0,0,0,0,0,0,0,0,0
2005,390991,2,1,20,20,20,20,20,20,20,20,20,20
2005,390992,1,1,19,19,19,19,19,19,19,19,19,19
2005,390992,2,1,0,0,0,0,0,0,0,0,0,0
2005,390993,1,1,0,0,0,0,0,0,0,0,0,0
2005,390994,1,1,0,0,0,0,0,0,0,0,0,0
2005,390994,2,1,0,0,0,0,0,0,0,0,0,0
2005,390995,1,1,0,0,0,0,0,0,0,0,0,0
2005,390995,2,1,40,6,0,0,18,23,0,0,0,0
2005,390996,1,1,3,0,0,0,0,0,0,0,0,0
2005,390996,2,1,0,0,0,0,0,0,0,0,0,0
2005,390997,2,1,0,0,0,0,0,0,0,0,0,0
2005,390998,0,1,0,0,0,0,0,0,0,0,0,0
2005,390998,1,1,0,0,0,0,0,0,0,0,0,0
2005,390999,1,1,26,26,26,26,26,26,26,26,26,26
2005,391000,1,1,12,12,12,12,12,12,12,12,12,12
2005,391001,0,1,0,0,0,0,0,0,0,0,0,0
2005,391001,1,1,0,0,0,0,0,0,0,0,0,0
2005,391002,1,1,11,11,11,11,11,11,11,11,11,11
2005,391002,2,1,0,0,0,0,0,0,0,0,0,0
2005,391003,1,1,16,20,0,0,0,0,0,0,7,0
2005,391004,1,1,0,0,0,0,0,0,0,0,0,0
2005,391005,1,1,0,0,0,0,0,0,0,0,0,0
2005,391006,1,1,0,0,0,0,0,11,0,0,0,0
2005,391006,2,1,0,0,0,0,0,0,0,0,0,0
2005,391007,1,1,0,0,0,0,0,0,0,0,0,0
2005,391007,2,1,0,0,0,0,0,0,0,0,0,0
2005,391008,1,1,0,0,0,0,0,0,0,0,0,0
2005,391009,1,1,2,2,2,2,2,2,2,2,2,2
2005,391009,2,1,0,0,0,0,8,0,0,0,0,0
2005,391010,1,1,17,17,17,17,17,17,17,17,17,17
2005,391011,1,1,19,19,19,19,19,19,19,19,19,19
2005,391012,1,1,0,0,0,0,0,0,0,0,0,0
2005,391012,2,1,0,0,0,0,0,0,0,0,0,0
2005,391013,1,1,0,0,0,0,0,0,0,0,0,0
2005,391013,2,1,0,0,0,0,0,0,0,0,0,0
2005,391014,1,1,8,8,8,8,8,8,8,8,8,8
2005,391015,1,1,0,6,0,0,0,0,0,0,0,0
2005,391016,1,1,0,0,0,0,15,0,0,0,0,0
2005,391016,2,1,0,0,0,0,0,0,0,0,0,0
2005,391017,1,1,0,0,0,0,0,0,0,0,0,0
2005,391018,1,1,14,14,14,14,14,14,14,14,14,14
2005,391019,1,1,0,0,0,0,0,0,0,0,0,0
2005,391019,2,1,0,0,0,0,0,0,0,0,0,0
2005,391020,1,1,0,17,0,0,17,0,0,0,14,0
2005,391020,2,1,0,0,0,0,0,0,0,0,0,0
2005,391020,3,1,0,0,0,0,0,0,0,0,0,0
2005,391021,1,1,0,0,0,0,0,0,0,0,0,0
2005,391022,1,1,0,0,0,0,0,0,0,0,0,0
2005,391022,2,1,0,0,0,0,0,0,0,0,0,0
2005,391022,3,1,0,0,0,0,0,0,0,0,0,0
2005,391023,1,1,20,20,20,20,20,20,20,20,20,20
2005,391024,1,1,26,26,26,26,26,26,26,26,26,26
2005,391025,1,1,0,0,0,0,0,0,0,0,0,0
2005,391026,1,1,15,15,15,15,15,15,15,15,15,15
2005,391027,1,1,0,0,0,0,0,0,0,0,0,0
2005,391027,2,1,0,0,0,0,0,0,0,0,0,0
2005,391028,1,1,0,0,0,0,0,0,0,0,0,0
2005,391029,1,1,0,0,0,0,0,0,0,0,0,0
2005,391029,2,1,0,0,0,0,0,0,0,0,0,0
2005,391029,3,1,0,0,0,0,0,0,0,0,0,0
2005,391030,1,1,0,7,18,10,0,0,0,22,31,0
2005,391031,1,1,23,23,23,23,23,23,23,23,23,23
2005,391032,1,1,12,12,12,12,12,12,12,12,12,12
2005,391033,1,1,0,0,0,0,0,0,0,0,0,0
2005,391034,1,1,30,30,30,30,30,30,30,30,30,30
2005,391034,2,1,0,0,0,0,0,0,0,0,0,0
2005,391034,3,1,0,0,0,0,0,18,0,0,0,0
2005,391035,1,1,1,1,1,1,1,1,1,1,1,1
2005,391036,1,1,25,25,25,25,25,25,25,25,25,25
2005,391037,0,1,0,0,0,0,0,0,0,0,0,0
2005,391037,1,1,0,0,0,0,0,0,0,0,0,0
2005,391038,1,1,0,0,0,0,0,0,0,0,0,0
2005,391038,2,1,0,0,0,0,0,0,0,0,0,0
2005,391039,1,1,0,0,0,0,0,0,0,0,0,0
2005,391039,2,1,25,25,25,25,25,25,25,25,25,25
2005,391040,1,1,0,0,0,0,0,0,0,0,0,0
2005,391040,2,1,0,0,0,0,0,0,0,0,0,0
2005,391041,1,1,0,0,0,0,0,0,0,0,0,0
2005,391041,2,1,0,0,0,0,0,0,0,0,0,0
2005,391042,1,1,23,23,23,23,23,23,23,23,23,23
2005,391043,1,1,14,14,14,14,14,14,14,14,14,14
2005,391045,1,1,0,0,0,0,0,0,0,0,0,0
2005,391045,2,1,0,11,17,19,10,24,15,13,0,4
2005,391046,1,1,12,12,12,12,12,12,12,12,12,12
2005,391047,0,1,0,0,0,0,0,0,0,0,0,0
2005,391047,1,1,0,0,0,0,0,0,0,0,0,0
2005,391048,1,1,6,6,6,6,6,6,6,6,6,6
2005,391049,1,1,8,8,8,8,8,8,8,8,8,8
2005,391049,2,1,24,24,24,24,24,24,24,24,24,24
2005,391050,1,1,6,6,6,6,6,6,6,6,6,6
2005,391051,1,1,15,15,15,15,15,15,15,15,15,15
2005,391052,1,1,0,0,0,0,0,0,0,0,0,0
2005,391053,1,1,13,13,13,13,13,13,13,13,13,13
2005,391054,0,1,0,0,0,0,0,0,0,0,0,0
2005,391054,0,2,0,10,16,11,7,15,0,0,0,0
2005,391054,0,3,14,0,16,7,0,12,32,0,0,0
2005,391054,1,1,7,7,7,7,7,7,7,7,7,7
2005,391055,1,1,15,15,15,15,15,15,15,15,15,15
2005,391056,1,1,5,5,5,5,5,5,5,5,5,5
2005,391056,2,1,0,0,0,0,0,0,0,0,0,0
2005,391057,1,1,0,0,0,0,0,0,0,0,0,0
2005,391057,2,1,1,1,1,1,1,1,1,1,1,1
2005,391058,0,1,34,34,34,34,34,34,34,34,34,34
2005,391058,1,1,2,2,2,2,2,2,2,2,2,2
2005,391059,1,1,0,0,0,0,0,0,0,0,0,0
2005,391060,1,1,0,0,0,0,0,0,0,0,0,0
2005,391060,2,1,25,25,25,25,25,25,25,25,25,25
2005,391061,1,1,0,0,0,0,0,0,0,0,0,0
2005,391061,2,1,0,0,0,0,0,0,0,0,9,0
2005,391061,3,1,0,0,0,0,0,0,0,0,0,0