YEAR,ST_CASE,veh_no,per_no,P1,P2,P3,P4,P5,P6,P7,P8,P9,P10
2005,391062,0,1,0,0,0,0,0,0,0,0,0,0
2005,391062,1,1,0,0,0,0,0,0,0,0,0,0
2005,391063,1,1,25,25,25,25,25,25,25,25,25,25
2005,391065,1,1,0,0,0,0,0,0,0,0,0,0
2005,391065,2,1,0,0,0,0,0,0,0,0,0,0
2005,391066,1,1,0,0,0,0,0,0,0,0,0,0
2005,391067,1,1,21,21,21,21,21,21,21,21,21,21
2005,391068,1,1,0,0,0,0,0,0,0,0,0,0
2005,391068,2,1,0,0,0,0,0,0,9,0,0,0
2005,391068,3,1,0,0,0,0,0,0,0,0,0,0
2005,391069,1,1,12,0,0,0,0,0,0,0,0,0
2005,391069,2,1,0,0,0,0,0,0,0,0,0,0
2005,391070,0,1,16,16,16,16,16,16,16,16,16,16
2005,391070,1,1,0,0,0,0,0,0,0,0,0,0
2005,391071,1,1,14,14,14,14,14,14,14,14,14,14
2005,391072,1,1,0,0,0,0,0,0,0,0,0,0
2005,391072,2,1,0,0,0,0,0,0,0,0,0,0
2005,391073,1,1,0,0,0,0,0,0,0,0,0,0
2005,391073,2,1,0,0,0,0,0,0,0,0,0,0
2005,391074,1,1,14,14,14,14,14,14,14,14,14,14
2005,391075,0,1,0,0,0,0,0,0,0,0,0,0
2005,391075,1,1,0,0,0,0,0,0,0,0,0,0
2005,391076,0,1,0,0,0,0,0,0,0,0,0,0
2005,391076,1,1,0,0,0,0,0,0,0,0,0,0
2005,391077,1,1,0,0,0,0,0,0,0,0,0,0
2005,391078,1,1,0,0,0,0,0,0,0,0,0,0
2005,391078,2,1,0,0,0,0,0,0,0,0,0,0
2005,391079,1,1,0,0,0,0,0,0,0,0,0,0
2005,391080,1,1,0,0,0,0,0,0,0,0,0,0
2005,391081,1,1,0,0,0,0,0,0,0,0,0,0
2005,391081,2,1,0,0,0,0,0,0,0,0,0,0
2005,391081,3,1,0,0,0,0,0,0,0,0,0,0
2005,391082,1,1,0,0,0,0,0,0,0,0,0,0
2005,391083,0,1,0,15,0,0,0,3,0,11,0,31
2005,391083,0,2,0,0,0,0,0,12,0,0,0,0
2005,391083,1,1,0,0,0,0,0,0,0,0,0,0
2005,391084,1,1,0,13,0,0,6,0,4,20,22,0
2005,391085,1,1,0,0,0,0,0,0,0,0,0,0
2005,391085,2,1,0,0,0,0,0,0,0,0,0,0
2005,391085,3,1,0,0,0,0,0,0,0,0,0,0
2005,391085,4,1,0,0,0,0,0,0,0,0,0,0
2005,391085,5,1,0,0,0,0,0,0,0,0,0,0
2005,391086,1,1,0,0,0,0,0,0,0,0,0,0
2005,391086,2,1,0,0,0,0,0,0,0,0,0,0
2005,391087,1,1,0,0,0,0,0,0,0,0,0,0
2005,391087,2,1,20,20,20,20,20,20,20,20,20,20
2005,391087,3,1,0,0,0,0,0,0,0,0,0,0
2005,391088,1,1,11,11,11,11,11,11,11,11,11,11
2005,391088,2,1,0,0,0,0,0,0,0,0,0,0
2005,391088,3,1,0,0,5,0,0,0,14,0,0,0
2005,391089,1,1,0,0,0,0,0,0,0,0,0,0
2005,391089,2,1,0,0,0,0,0,0,0,0,0,0
2005,391090,1,1,29,29,29,29,29,29,29,29,29,29
2005,391091,1,1,10,10,10,10,10,10,10,10,10,10
2005,391092,1,1,13,13,13,13,13,13,13,13,13,13
2005,391093,1,1,0,0,0,0,0,0,0,0,0,0
2005,391093,2,1,0,0,0,0,0,0,0,0,0,0
2005,391094,1,1,28,28,28,28,28,28,28,28,28,28
2005,391094,2,1,0,0,0,0,0,0,0,0,0,0
2005,391094,3,1,0,0,0,0,0,0,0,0,0,0
2005,391095,1,1,0,0,0,0,0,0,0,0,0,0
2005,391096,1,1,1,1,1,1,1,1,1,1,1,1
2005,391096,2,1,0,4,0,0,11,0,0,17,0,0
2005,391097,1,1,0,0,0,0,0,0,0,0,0,0
2005,391097,2,1,0,0,0,0,0,0,0,0,0,0
2005,391097,3,1,0,0,0,0,0,0,0,0,0,0
2005,391097,4,1,0,0,0,0,0,0,0,0,0,0
2005,391097,5,1,0,0,0,0,0,0,0,0,0,0
2005,391098,1,1,1,1,1,1,1,1,1,1,1,1
2005,391099,1,1,0,0,0,0,0,0,0,0,0,0
2005,391099,2,1,0,0,0,0,0,0,0,0,0,0
2005,391100,1,1,0,0,0,0,0,0,0,0,0,0
2005,391101,1,1,0,0,0,0,0,0,0,0,0,0
2005,391102,1,1,0,0,0,0,0,0,0,0,0,0
2005,391103,1,1,0,0,0,0,0,0,0,0,0,0
2005,391104,1,1,13,13,13,13,13,13,13,13,13,13
2005,391106,1,1,0,0,0,0,0,0,0,0,0,0
2005,391106,2,1,0,19,0,0,0,0,0,0,0,0
2005,391107,1,1,0,0,0,0,0,0,0,0,0,0
2005,391108,1,1,0,0,0,0,0,0,0,0,0,0
2005,391109,1,1,21,21,21,21,21,21,21,21,21,21
2005,391110,1,1,0,0,0,0,0,0,0,0,0,0
2005,391110,2,1,0,0,0,0,0,0,0,0,0,0
2005,391111,1,1,0,0,0,14,0,0,0,0,0,0
2005,391111,2,1,18,18,18,18,18,18,18,18,18,18
2005,391112,1,1,0,0,0,0,0,0,0,0,0,0
2005,391113,1,1,17,17,17,17,17,17,17,17,17,17
2005,391114,1,1,0,0,0,0,0,0,0,0,0,0
2005,391114,2,1,0,0,0,0,0,0,0,0,0,0
2005,391115,1,1,0,0,0,0,0,0,0,0,0,0
2005,391116,1,1,21,21,21,21,21,21,21,21,21,21
2005,391117,1,1,0,0,0,0,0,0,0,0,0,0
2005,391117,2,1,0,0,0,23,0,0,10,0,0,0
2005,391118,1,1,0,0,0,0,0,0,0,0,0,0
2005,391118,2,1,0,0,0,0,0,0,0,0,0,0
2005,391119,1,1,13,13,13,13,13,13,13,13,13,13
2005,391120,1,1,0,0,0,0,0,0,0,0,0,0
2005,391120,2,1,0,0,0,0,0,0,0,0,0,0
2005,391121,1,1,19,19,19,19,19,19,19,19,19,19
2005,391122,0,1,0,0,0,0,0,0,0,0,0,0
2005,391122,1,1,0,0,0,0,0,0,0,0,0,0
2005,391123,1,1,16,16,16,16,16,16,16,16,16,16
2005,391124,1,1,2,2,2,2,2,2,2,2,2,2
2005,391125,1,1,0,0,0,0,0,0,0,0,0,0
2005,391125,2,1,0,0,0,0,0,0,0,0,0,0
2005,391125,3,1,0,0,0,0,0,0,0,0,0,0
2005,391126,1,1,0,0,0,0,0,0,0,0,0,0
2005,391126,2,1,0,0,0,0,0,0,0,0,0,0
2005,391126,3,1,0,0,0,0,0,0,0,2,0,3
2005,391127,0,1,0,0,0,0,0,0,0,0,0,0
2005,391127,1,1,0,0,0,0,0,0,0,0,0,0
2005,391128,1,1,25,25,25,25,25,25,25,25,25,25
2005,391129,1,1,28,28,28,28,28,28,28,28,28,28
2005,391129,2,1,0,0,0,0,0,0,0,0,0,0
2005,391130,1,1,0,0,0,0,0,0,0,0,0,0
2005,391130,2,1,0,0,0,0,0,0,0,0,0,0
2005,391131,1,1,0,0,0,0,0,0,0,0,0,0
2005,391131,2,1,2,2,2,2,2,2,2,2,2,2
2005,391134,1,1,0,0,0,0,0,0,0,0,0,0
2005,391134,2,1,0,0,0,0,0,0,17,0,0,0
2005,391135,1,1,0,0,0,0,0,0,0,0,0,0
2005,391136,1,1,0,0,0,0,0,0,0,0,0,0
2005,391136,2,1,0,0,0,0,0,0,0,0,0,0
2005,391137,1,1,11,11,11,11,11,11,11,11,11,11
2005,391138,1,1,19,19,19,19,19,19,19,19,19,19
2005,391139,1,1,0,0,0,0,0,0,0,0,0,0
2005,391140,1,1,0,0,0,0,0,0,0,0,0,0
2005,391140,2,1,0,0,0,0,0,0,0,0,0,0
2005,391140,3,1,0,0,0,0,0,0,0,0,0,0
2005,391141,1,1,0,0,0,0,0,0,0,0,0,0
2005,391141,2,1,0,0,0,0,0,0,0,0,0,0
2005,391142,1,1,4,0,0,0,20,0,0,0,0,6
2005,391143,1,1,0,0,0,0,0,0,0,0,0,0
2005,391143,2,1,0,0,0,0,0,0,0,0,0,0
2005,391144,0,1,0,0,0,0,0,0,0,0,0,0
2005,391144,1,1,0,0,0,0,0,0,0,0,0,0
2005,391145,1,1,0,0,0,0,0,0,0,0,0,0
2005,391145,2,1,0,0,0,0,0,0,0,0,0,0
2005,391145,3,1,0,27,0,15,18,0,0,16,0,0
2005,391146,1,1,25,25,25,25,25,25,25,25,25,25
2005,391147,1,1,0,0,0,0,0,0,0,0,0,0
2005,391148,1,1,24,24,24,24,24,24,24,24,24,24
2005,391149,1,1,13,13,13,13,13,13,13,13,13,13
2005,391150,1,1,0,0,0,0,0,0,0,0,0,0
2005,391150,2,1,16,16,16,16,16,16,16,16,16,16
2005,391151,1,1,20,20,20,20,20,20,20,20,20,20
2005,391152,1,1,0,0,0,0,0,0,0,0,0,0
2005,391152,2,1,0,0,0,0,0,0,0,0,0,0
2005,391153,1,1,3,3,3,3,3,3,3,3,3,3
2005,391153,2,1,0,0,0,0,0,0,0,0,0,0
2005,391154,1,1,0,24,6,0,0,0,0,0,0,0
2005,391154,2,1,0,0,0,0,0,0,0,0,0,0
2005,391154,3,1,0,0,0,0,0,0,0,5,0,0
2005,391154,4,1,0,0,0,0,0,0,0,0,0,0
2005,391155,1,1,25,25,25,25,25,25,25,25,25,25
2005,391156,1,1,0,0,0,0,0,0,0,0,0,0
2005,391156,2,1,0,0,0,0,0,0,0,0,0,0
2005,391157,1,1,0,0,0,0,0,0,0,0,0,0
2005,391157,2,1,0,0,0,0,0,11,0,0,0,0
2005,391157,3,1,0,0,0,0,0,0,0,0,0,0
2005,391158,1,1,0,0,0,0,0,0,0,0,0,0
2005,391159,1,1,0,0,0,0,0,0,0,0,0,0
2005,391159,2,1,0,0,0,0,0,0,0,0,0,0
2005,391159,3,1,0,0,0,0,0,0,0,0,0,0
2005,391160,1,1,8,8,8,8,8,8,8,8,8,8
2005,391160,2,1,0,0,0,0,0,0,0,0,8,0
2005,391161,1,1,0,0,0,0,0,0,0,0,0,0
2005,391162,1,1,0,0,0,0,0,0,0,0,0,0
2005,391163,0,1,0,0,0,0,0,0,0,0,0,0
2005,391163,1,1,0,0,0,0,0,0,0,0,0,0
2005,391164,1,1,0,0,0,0,0,0,0,0,0,0
2005,391164,2,1,0,0,0,0,0,0,0,0,10,0
2005,391164,3,1,0,0,0,0,0,0,0,0,0,0
2005,391165,1,1,0,0,0,0,0,0,0,0,0,0
2005,391166,1,1,0,0,0,0,0,0,0,0,0,0
2005,391167,1,1,0,0,0,0,0,0,0,0,0,0
2005,391167,2,1,0,0,0,0,0,0,0,0,0,0
2005,391168,1,1,0,0,0,0,0,0,0,0,0,0
2005,391168,2,1,0,0,0,0,0,0,0,0,0,0
2005,391169,1,1,0,0,0,0,0,0,0,0,0,0
2005,391170,1,1,15,15,15,15,15,15,15,15,15,15
2005,391171,1,1,0,0,0,0,0,0,0,0,0,0
2005,391171,2,1,21,21,21,21,21,21,21,21,21,21
2005,391171,3,1,0,0,0,0,0,0,0,0,0,0
2005,391172,1,1,0,0,0,0,0,0,0,0,0,0
2005,391172,2,1,0,0,0,0,0,0,0,0,0,0
2005,391173,1,1,25,25,25,25,25,25,25,25,25,25
2005,391174,1,1,24,24,24,24,24,24,24,24,24,24
2005,391175,1,1,0,0,0,0,0,0,0,0,0,0
2005,391176,1,1,0,0,0,0,0,0,0,0,0,0
2005,391176,2,1,0,0,0,0,0,9,0,0,0,0
2005,391176,3,1,0,0,0,0,0,0,0,0,0,0
2005,391177,1,1,0,0,0,0,0,0,0,0,0,0
2005,391177,2,1,0,0,0,0,0,0,0,0,0,0
2005,391178,0,1,0,0,0,0,0,0,0,0,0,0
2005,391178,1,1,0,0,0,0,0,0,0,0,0,17
2005,391178,2,1,0,0,0,0,0,0,0,0,0,0
2005,391179,1,1,0,0,0,8,0,0,0,0,7,0
2005,391179,2,1,18,18,18,18,18,18,18,18,18,18
2005,391180,1,1,13,13,13,13,13,13,13,13,13,13
2005,391181,1,1,0,0,0,0,0,0,0,0,0,0
2005,391182,1,1,0,0,0,0,0,0,0,0,0,0
2005,391182,2,1,0,0,0,0,0,0,0,0,0,0
2005,391183,1,1,14,9,20,11,11,36,8,22,18,29
2005,391184,1,1,0,8,0,0,0,0,0,0,0,0
2005,391185,1,1,3,3,3,3,3,3,3,3,3,3
2005,391186,1,1,13,13,13,13,13,13,13,13,13,13
2005,391187,0,1,22,22,22,22,22,22,22,22,22,22
2005,391187,1,1,0,0,0,0,0,0,0,0,0,0
2005,391188,0,1,12,12,12,12,12,12,12,12,12,12
2005,391188,1,1,14,15,14,12,9,16,19,15,13,4
2005,391189,1,1,28,28,28,28,28,28,28,28,28,28
2005,391190,1,1,0,0,0,0,0,0,0,0,0,0
2005,391190,2,1,0,0,0,0,0,0,0,0,0,0
2005,391190,3,1,0,0,0,0,0,0,0,0,0,0
2005,391191,2,1,0,0,0,0,0,0,0,0,0,0
2005,391191,3,1,0,0,0,0,0,0,0,0,0,0
2005,391191,4,1,0,0,0,0,0,0,0,0,0,0
2005,391192,1,1,0,0,0,0,0,0,0,0,0,0
2005,391193,1,1,19,22,10,19,15,27,30,13,21,19
2005,391193,2,1,0,0,0,0,0,0,0,0,0,0
2005,391194,1,1,0,0,0,0,0,0,0,0,0,0
2005,391194,2,1,0,0,0,0,0,0,0,0,0,0
2005,391195,1,1,0,0,0,0,0,0,0,0,0,0
2005,391195,2,1,0,0,0,0,0,0,0,0,0,0
2005,391196,1,1,0,0,0,0,0,0,0,0,0,0
2005,391196,2,1,0,0,0,0,0,0,0,0,0,0
2005,391197,1,1,0,0,0,0,0,0,0,0,0,0
2005,391197,2,1,0,0,0,0,0,0,0,0,0,0
2005,391198,1,1,0,0,0,0,0,0,0,0,0,0
2005,391198,2,1,0,0,0,0,0,0,0,0,0,0
2005,391199,0,1,0,0,0,0,0,0,0,0,0,0
2005,391199,0,2,0,0,0,0,0,0,0,0,0,0
2005,391199,1,1,0,0,0,0,0,4,0,0,0,0
2005,391200,1,1,0,0,0,0,0,0,0,0,0,0
2005,391200,2,1,0,0,0,0,0,0,0,0,0,0
2005,391201,1,1,0,0,0,0,0,0,0,0,0,0
2005,391201,2,1,29,24,10,29,0,0,19,14,26,20
2005,391202,1,1,0,0,0,0,0,0,0,0,0,0
2005,391202,2,1,0,0,9,0,0,0,0,0,0,0
2005,391203,1,1,0,0,0,0,0,0,0,0,0,0
2005,391204,1,1,0,0,0,0,0,0,0,0,0,0
2005,391204,2,1,0,0,0,0,0,0,0,0,0,0
2005,391205,1,1,14,14,14,14,14,14,14,14,14,14
2005,391206,1,1,0,0,0,0,0,0,0,0,0,0
2005,391206,2,1,0,0,0,0,0,0,0,0,0,0
2005,391207,1,1,0,0,0,0,0,0,0,0,0,0
2005,391208,1,1,0,0,0,0,0,0,0,0,0,0
2005,391208,2,1,0,0,0,0,0,0,0,0,0,0
2005,391209,1,1,0,0,0,0,0,0,0,0,0,0
2005,391209,2,1,0,0,0,0,0,0,0,0,0,0
2005,391210,0,1,0,0,0,0,0,0,0,0,0,0
2005,391210,1,1,13,0,0,0,0,0,0,0,11,0
2005,391211,1,1,0,0,0,0,0,0,0,0,0,0
2005,391211,2,1,0,0,0,0,0,0,0,0,0,0
2005,391212,1,1,0,0,0,0,0,0,0,0,0,0
2005,391212,2,1,0,0,0,0,0,0,0,0,0,0
2005,391213,1,1,0,0,0,0,0,0,0,0,0,0
2005,391214,1,1,0,0,0,0,0,0,0,0,0,0
2005,391215,0,1,0,0,0,0,0,0,0,0,0,0
2005,391215,1,1,0,0,0,0,0,0,0,0,0,0
2005,391216,1,1,34,34,34,34,34,34,34,34,34,34
2005,391216,2,1,0,0,0,0,0,0,0,0,0,0
2005,391217,1,1,0,0,0,0,22,0,0,0,0,0
2005,391217,2,1,0,0,0,0,3,0,28,0,16,0
2005,391218,1,1,10,0,0,0,0,0,0,0,0,0
2005,391218,2,1,0,0,0,0,0,0,0,0,0,0
2005,391218,3,1,0,0,0,0,0,0,0,0,0,0
2005,391218,4,1,0,0,0,0,0,0,0,0,0,0
2005,391219,1,1,0,0,0,0,0,0,0,0,0,0
2005,391221,0,1,24,24,24,24,24,24,24,24,24,24
2005,391221,1,1,0,0,0,0,7,0,0,0,0,0
2005,391222,1,1,0,0,0,0,0,0,0,0,0,0
2005,391223,0,1,0,0,0,0,0,0,0,0,0,0
2005,391223,1,1,0,0,0,0,0,0,0,0,0,0
2005,391224,1,1,4,4,4,4,4,4,4,4,4,4
2005,391224,2,1,0,0,0,0,0,0,0,0,0,0
2005,391225,1,1,0,0,0,0,0,0,0,0,0,0
2005,391226,1,1,22,22,22,22,22,22,22,22,22,22
2005,391227,1,1,0,0,0,0,0,0,0,0,0,0
2005,391227,2,1,0,0,0,0,0,0,0,0,0,0
2005,391228,1,1,10,10,10,10,10,10,10,10,10,10
2005,391229,1,1,18,18,18,18,18,18,18,18,18,18
2005,391230,1,1,0,0,0,0,0,0,0,0,0,0
2005,391230,2,1,0,0,0,0,0,0,0,0,0,0
2005,391230,3,1,0,12,0,0,0,0,0,0,0,0
2005,391231,1,1,0,0,0,0,0,0,0,0,0,0
2005,391231,2,1,0,0,0,0,0,0,0,0,0,0
2005,391232,0,1,0,0,0,0,0,0,0,0,0,0
2005,391232,1,1,0,0,0,0,0,0,0,0,0,0
2005,391233,1,1,19,19,19,19,19,19,19,19,19,19
2005,391234,0,1,0,0,0,0,0,0,0,0,0,0
2005,391234,1,1,0,0,0,0,0,0,0,0,0,0
2005,391235,0,1,0,0,0,0,0,0,0,0,0,0
2005,391235,1,1,0,16,0,12,0,0,0,0,0,0
2005,391236,1,1,23,21,28,29,10,33,24,11,14,20
2005,391237,1,1,0,0,0,0,0,0,0,0,0,0
2005,391237,2,1,0,0,0,0,0,0,0,0,0,0
2005,391238,1,1,0,0,0,0,0,0,0,0,0,0
2005,391238,2,1,0,0,0,0,0,0,0,0,0,0
2005,391239,1,1,0,0,0,0,0,0,0,0,0,0
2005,391239,2,1,0,0,0,0,0,0,0,0,0,0
2005,391240,0,1,36,0,0,0,0,20,0,29,0,32
2005,391240,1,1,10,14,0,13,0,12,0,13,17,0
2005,391240,2,1,0,0,0,0,0,0,0,0,0,0
2005,391241,1,1,23,23,23,23,23,23,23,23,23,23
2005,391242,1,1,0,0,0,0,0,0,0,0,0,0
2005,391242,2,1,0,0,0,0,0,0,0,0,0,0
2005,391242,3,1,0,0,0,0,0,0,0,0,0,0
2005,391242,4,1,0,0,0,0,0,0,0,0,0,0
2005,391243,1,1,0,9,13,0,0,0,0,0,0,4
2005,400001,1,1,25,25,25,25,25,25,25,25,25,25
2005,400002,1,1,0,0,0,0,0,0,0,0,0,0
2005,400002,2,1,0,0,0,0,0,0,0,0,0,0
2005,400002,3,1,0,0,0,0,0,0,0,0,0,0
2005,400003,1,1,0,0,0,0,0,0,0,0,0,0
2005,400003,2,1,0,0,0,0,0,0,0,0,0,0
2005,400004,1,1,0,0,0,0,0,0,0,0,0,0
2005,400004,2,1,0,0,0,0,0,0,0,0,0,0
2005,400004,3,1,0,0,0,0,0,0,0,0,0,0
2005,400005,1,1,0,0,0,0,0,0,0,0,0,0
2005,400005,2,1,0,0,0,0,0,0,0,0,0,0
2005,400006,1,1,0,0,0,0,0,0,0,0,0,0
2005,400006,2,1,0,0,0,0,0,0,0,0,0,0
2005,400007,1,1,0,0,0,0,0,0,0,0,0,0
2005,400007,2,1,0,0,0,0,0,0,0,0,0,0
2005,400007,3,1,0,0,0,0,0,0,0,0,0,0
2005,400008,1,1,0,0,0,0,0,0,2,0,0,0
2005,400008,2,1,0,0,0,0,0,0,0,0,0,0
2005,400009,2,1,0,0,0,0,0,0,0,0,0,0
2005,400010,1,1,0,0,0,0,0,14,0,5,0,0
2005,400011,1,1,22,22,22,22,22,22,22,22,22,22
2005,400011,2,1,0,0,0,0,0,0,9,0,0,0
2005,400012,1,1,0,0,0,0,0,0,0,0,0,0
2005,400012,2,1,19,0,0,0,0,0,0,0,0,0
2005,400013,0,1,27,27,27,27,27,27,27,27,27,27
2005,400013,1,1,0,0,0,0,0,0,0,0,0,12
2005,400014,1,1,23,0,0,0,0,0,0,0,0,0
2005,400014,2,1,0,0,0,0,0,0,0,0,0,0
2005,400015,1,1,0,0,0,0,0,0,0,0,0,0
2005,400016,1,1,0,0,0,0,0,0,0,0,0,0
2005,400016,2,1,0,0,0,0,0,0,0,0,0,0
2005,400017,0,1,0,0,0,0,0,0,0,0,0,0
2005,400017,1,1,0,0,0,0,0,0,0,0,0,0
2005,400018,1,1,20,20,20,20,20,20,20,20,20,20
2005,400019,1,1,0,0,0,0,0,0,0,0,0,0
2005,400019,2,1,0,0,0,0,0,6,0,0,0,0
2005,400019,3,1,0,24,0,12,0,0,8,23,0,0
2005,400020,1,1,0,0,0,0,0,0,0,0,0,0
2005,400020,2,1,0,0,0,0,0,0,0,0,0,0
2005,400021,1,1,18,18,18,18,18,18,18,18,18,18
2005,400022,1,1,0,0,0,0,0,0,0,0,0,0
2005,400023,1,1,0,0,0,0,0,0,0,0,0,0
2005,400023,2,1,0,0,0,0,0,0,0,0,0,0
2005,400024,1,1,0,0,0,0,0,0,0,0,0,0
2005,400024,2,1,0,0,0,0,0,0,0,0,0,0
2005,400025,1,1,0,0,0,0,0,0,0,0,0,0
2005,400025,2,1,0,0,0,0,0,0,0,0,0,0
2005,400026,1,1,0,0,0,0,0,0,0,0,0,0
2005,400026,2,1,0,0,0,0,0,0,0,0,0,0
2005,400026,3,1,0,0,0,0,0,0,0,0,0,0
2005,400027,1,1,0,0,0,0,0,0,0,0,0,0
2005,400027,2,1,0,0,0,0,0,0,0,0,0,13
2005,400028,1,1,0,0,0,0,0,0,0,0,0,0
2005,400029,1,1,14,14,14,14,14,14,14,14,14,14
2005,400029,2,1,0,0,0,0,0,0,0,0,0,0
2005,400030,1,1,26,26,26,26,26,26,26,26,26,26
2005,400031,1,1,0,0,0,0,0,0,0,0,0,0
2005,400031,2,1,0,0,0,18,13,0,0,0,0,22
2005,400032,1,1,18,18,18,18,18,18,18,18,18,18
2005,400033,1,1,12,12,12,12,12,12,12,12,12,12
2005,400033,2,1,0,0,0,0,0,0,0,0,0,0
2005,400034,1,1,0,0,0,0,0,0,0,0,0,0
2005,400035,1,1,0,0,0,0,0,0,0,0,0,0
2005,400036,1,1,0,0,0,0,0,0,0,0,0,0
2005,400036,2,1,0,0,0,0,0,0,0,0,0,0
2005,400037,1,1,18,18,18,18,18,18,18,18,18,18
2005,400037,2,1,19,19,19,19,19,19,19,19,19,19
2005,400038,1,1,14,14,14,14,14,14,14,14,14,14
2005,400039,1,1,20,26,35,0,0,23,17,19,0,29
2005,400040,1,1,28,8,28,21,0,22,9,33,8,0
2005,400041,1,1,0,0,0,0,0,0,0,0,0,0
2005,400041,2,1,0,0,0,0,0,0,0,0,0,0
2005,400042,1,1,0,0,0,0,0,0,0,0,0,0
2005,400042,2,1,0,0,0,0,0,0,0,3,0,0
2005,400043,1,1,0,0,0,0,0,0,0,0,0,0
2005,400043,2,1,0,0,0,0,0,0,0,0,0,20
2005,400044,1,1,0,0,16,0,0,0,0,0,0,0
2005,400044,2,1,0,0,0,0,0,0,0,0,0,0
2005,400045,1,1,0,0,0,0,0,0,0,0,0,0
2005,400045,2,1,0,0,0,0,0,0,0,0,0,0
2005,400046,1,1,0,0,0,0,0,0,0,0,0,0
2005,400047,1,1,20,20,20,20,20,20,20,20,20,20
2005,400047,2,1,0,0,0,0,0,0,0,0,0,0
2005,400048,1,1,35,35,35,35,35,35,35,35,35,35
2005,400049,1,1,30,30,30,30,30,30,30,30,30,30
2005,400049,2,1,0,0,0,0,0,0,0,0,0,0
2005,400049,3,1,0,0,0,0,0,0,0,0,0,0
2005,400050,1,1,20,20,20,20,20,20,20,20,20,20
2005,400050,2,1,0,0,0,0,0,0,0,0,0,0
2005,400051,1,1,16,26,15,12,43,26,18,17,22,8
2005,400052,0,1,7,7,7,7,7,7,7,7,7,7
2005,400052,1,1,0,0,0,0,0,0,0,0,0,0
2005,400053,1,1,27,27,27,27,27,27,27,27,27,27
2005,400054,1,1,0,0,0,0,0,0,0,0,0,0
2005,400054,2,1,0,0,0,0,0,0,0,0,0,0
2005,400055,1,1,0,0,0,0,0,0,0,0,0,0
2005,400056,1,1,0,0,0,0,0,0,0,0,0,0
2005,400056,2,1,0,0,0,0,0,0,0,0,0,0
2005,400057,1,1,14,14,14,14,14,14,14,14,14,14
2005,400057,2,1,0,0,0,0,17,0,0,0,0,0
2005,400058,1,1,0,0,0,0,0,0,0,0,0,0
2005,400058,2,1,0,0,0,0,0,0,0,0,0,0
2005,400059,1,1,0,0,0,0,0,0,0,0,0,0
2005,400060,1,1,0,0,0,0,0,0,0,0,0,0
2005,400060,2,1,0,0,0,0,0,0,0,0,0,0
2005,400061,0,1,0,0,0,0,0,0,0,0,0,0
2005,400061,1,1,0,0,0,0,0,0,0,0,0,0
2005,400062,1,1,0,0,0,0,0,0,0,0,0,0
2005,400063,1,1,0,0,0,0,0,0,0,0,0,0
2005,400063,2,1,0,0,0,0,0,0,0,0,0,0
2005,400064,1,1,11,11,11,11,11,11,11,11,11,11
2005,400065,0,1,0,0,0,0,0,0,0,0,0,0
2005,400065,1,1,0,0,0,0,0,0,0,0,0,0
2005,400066,1,1,0,0,0,0,0,0,0,0,0,0
2005,400067,1,1,30,30,30,30,30,30,30,30,30,30
2005,400068,1,1,0,0,0,0,0,0,0,0,0,0
2005,400069,1,1,0,0,0,0,0,0,0,0,0,0
2005,400069,2,1,0,0,0,0,0,0,0,0,0,0
2005,400069,3,1,0,0,0,0,0,0,0,0,0,0
2005,400069,4,1,0,0,0,0,0,0,0,0,0,0
2005,400070,1,1,0,0,0,0,0,0,0,0,0,0
2005,400070,2,1,0,0,0,0,0,0,0,0,0,0
2005,400071,1,1,26,26,26,26,26,26,26,26,26,26
2005,400072,1,1,0,0,0,0,0,0,0,0,0,0
2005,400072,2,1,0,0,0,0,0,0,0,0,0,0
2005,400072,3,1,0,0,0,0,0,0,0,0,0,0
2005,400072,4,1,0,0,0,0,0,0,0,0,0,0
2005,400073,1,1,0,0,18,0,0,0,0,0,0,35
2005,400073,2,1,0,0,19,0,0,21,0,0,0,0
2005,400074,1,1,23,23,23,23,23,23,23,23,23,23
2005,400075,1,1,0,0,0,0,0,0,0,0,0,0
2005,400075,2,1,0,0,0,0,0,0,0,0,0,0
2005,400076,1,1,0,0,0,0,0,0,0,0,0,0
2005,400076,2,1,0,0,0,0,0,0,0,0,0,0
2005,400077,0,1,26,26,26,26,26,26,26,26,26,26
2005,400077,1,1,0,0,0,0,0,0,0,0,0,0
2005,400078,1,1,19,19,19,19,19,19,19,19,19,19
2005,400079,1,1,5,5,5,5,5,5,5,5,5,5
2005,400080,1,1,0,0,0,0,0,0,0,0,0,0
2005,400081,1,1,12,12,12,12,12,12,12,12,12,12
2005,400081,2,1,0,0,0,0,0,0,0,0,0,0
2005,400082,1,1,0,0,0,15,0,0,0,0,0,18
2005,400083,1,1,21,21,21,21,21,21,21,21,21,21
2005,400084,1,1,0,0,0,0,0,0,0,0,0,0
2005,400084,2,1,0,0,0,0,0,0,0,6,0,0
2005,400084,3,1,0,0,0,0,0,0,0,0,7,0
2005,400085,1,1,0,0,0,0,0,0,0,0,0,0
2005,400085,2,1,0,0,0,0,0,0,0,0,0,0
2005,400085,3,1,0,0,0,0,0,0,0,0,0,0
2005,400086,1,1,0,0,0,0,0,0,0,0,0,0
2005,400086,2,1,0,0,0,0,0,0,0,0,0,0
2005,400087,1,1,5,25,8,17,23,23,17,31,18,18
2005,400088,1,1,26,26,26,26,26,26,26,26,26,26