YEAR,ST_CASE,veh_no,per_no,P1,P2,P3,P4,P5,P6,P7,P8,P9,P10
2005,400088,2,1,0,0,0,0,0,0,0,0,0,0
2005,400089,1,1,25,25,25,25,25,25,25,25,25,25
2005,400089,2,1,0,0,0,0,0,0,0,0,0,0
2005,400090,1,1,0,0,0,0,0,0,0,0,0,0
2005,400090,2,1,0,0,0,0,0,0,0,0,0,0
2005,400091,1,1,0,0,0,0,0,0,0,0,0,0
2005,400091,2,1,0,0,0,0,0,0,0,0,0,0
2005,400092,1,1,0,0,0,0,0,0,0,0,0,0
2005,400092,2,1,0,0,0,0,0,0,0,0,0,0
2005,400093,1,1,0,0,13,0,32,18,0,0,0,0
2005,400094,1,1,0,0,0,0,0,0,0,0,0,0
2005,400095,1,1,0,0,0,0,0,0,0,0,0,0
2005,400096,1,1,0,0,0,0,0,0,0,0,0,0
2005,400097,1,1,0,0,0,0,0,0,0,0,0,0
2005,400098,1,1,0,0,0,0,0,0,0,0,0,0
2005,400099,1,1,0,0,0,0,0,0,0,0,0,0
2005,400099,2,1,0,0,0,0,0,0,0,0,0,0
2005,400100,1,1,0,7,0,5,12,0,0,0,0,0
2005,400101,1,1,0,0,0,0,0,0,0,0,0,0
2005,400102,1,1,0,0,0,0,0,0,0,0,0,0
2005,400102,2,1,0,0,0,0,0,0,0,0,0,0
2005,400103,1,1,0,0,0,0,0,0,0,0,0,0
2005,400104,1,1,30,10,15,16,27,25,21,27,15,19
2005,400105,1,1,20,20,20,20,20,20,20,20,20,20
2005,400106,0,1,0,0,0,0,0,0,0,0,0,0
2005,400106,0,2,0,23,16,0,0,0,0,9,11,0
2005,400106,1,1,5,6,12,17,20,28,10,15,0,12
2005,400107,1,1,0,0,0,0,0,0,0,0,21,0
2005,400107,2,1,0,0,0,0,0,0,0,0,0,0
2005,400108,1,1,0,0,0,0,0,0,0,0,0,0
2005,400108,2,1,0,0,0,0,6,0,0,0,0,0
2005,400109,1,1,19,19,19,19,19,19,19,19,19,19
2005,400110,1,1,21,21,21,21,21,21,21,21,21,21
2005,400110,2,1,0,0,0,0,0,0,0,0,0,0
2005,400111,1,1,6,6,6,6,6,6,6,6,6,6
2005,400112,1,1,0,0,0,0,0,0,0,0,0,0
2005,400113,1,1,24,24,24,24,24,24,24,24,24,24
2005,400114,1,1,29,29,29,29,29,29,29,29,29,29
2005,400115,1,1,20,20,20,20,20,20,20,20,20,20
2005,400116,1,1,0,0,0,0,0,0,0,0,0,0
2005,400117,1,1,0,0,0,0,0,0,0,0,0,0
2005,400118,1,1,0,0,0,0,0,0,0,0,0,0
2005,400118,2,1,0,0,0,0,0,0,0,0,0,0
2005,400119,1,1,0,0,0,0,0,0,0,0,0,0
2005,400119,2,1,0,0,0,0,0,0,0,0,0,0
2005,400120,1,1,0,0,0,0,0,0,0,0,0,0
2005,400121,1,1,16,16,16,16,16,16,16,16,16,16
2005,400122,1,1,0,0,0,0,0,0,19,0,0,0
2005,400123,1,1,25,25,25,25,25,25,25,25,25,25
2005,400124,1,1,0,0,0,0,0,0,0,0,0,0
2005,400124,2,1,15,0,0,24,11,0,0,0,0,0
2005,400125,0,1,0,0,0,0,7,0,0,0,0,0
2005,400125,1,1,0,0,0,0,0,0,0,0,0,0
2005,400126,1,1,0,0,0,0,0,0,0,0,0,0
2005,400127,0,1,0,0,0,0,0,0,0,0,0,0
2005,400127,1,1,0,0,0,0,0,14,17,0,0,13
2005,400128,1,1,0,0,0,0,0,0,0,0,0,0
2005,400129,1,1,0,0,0,0,0,26,0,0,0,0
2005,400130,1,1,24,24,24,24,24,24,24,24,24,24
2005,400130,2,1,0,0,0,0,0,0,0,0,0,0
2005,400131,1,1,0,0,0,0,0,0,0,0,0,0
2005,400131,2,1,0,0,0,0,0,0,0,0,0,0
2005,400132,1,1,0,0,0,0,0,0,0,0,0,0
2005,400132,2,1,0,0,0,0,0,0,0,0,0,0
2005,400133,1,1,0,0,0,0,0,0,0,0,0,0
2005,400134,1,1,27,27,27,27,27,27,27,27,27,27
2005,400134,2,1,0,0,0,0,0,0,0,0,0,0
2005,400135,0,1,34,34,34,34,34,34,34,34,34,34
2005,400135,1,1,12,0,0,0,0,0,0,0,0,0
2005,400136,1,1,18,18,18,18,18,18,18,18,18,18
2005,400137,0,1,22,22,22,22,22,22,22,22,22,22
2005,400137,1,1,0,0,0,0,0,0,0,0,0,0
2005,400137,2,1,0,0,0,0,0,0,0,0,0,0
2005,400138,1,1,0,0,0,0,0,0,0,0,0,0
2005,400139,1,1,10,10,10,10,10,10,10,10,10,10
2005,400140,1,1,0,0,0,0,0,0,0,0,0,0
2005,400140,2,1,0,0,0,0,0,0,0,0,0,0
2005,400141,1,1,0,0,0,0,0,0,0,0,0,0
2005,400142,1,1,6,6,6,6,6,6,6,6,6,6
2005,400142,2,1,0,0,0,0,0,0,0,0,0,0
2005,400143,0,1,0,0,0,0,0,0,0,0,0,0
2005,400143,2,1,0,0,0,0,0,0,0,0,0,0
2005,400144,1,1,15,13,9,24,28,16,26,8,25,23
2005,400144,2,1,0,30,0,0,0,12,0,0,0,0
2005,400145,1,1,21,14,28,26,35,26,6,21,33,33
2005,400146,1,1,0,0,0,0,0,0,0,0,0,0
2005,400147,1,1,0,0,0,0,0,0,0,0,0,0
2005,400148,1,1,0,0,0,0,0,0,0,0,0,0
2005,400149,1,1,18,18,18,18,18,18,18,18,18,18
2005,400150,1,1,0,0,0,0,0,0,0,0,0,0
2005,400151,1,1,18,18,18,18,18,18,18,18,18,18
2005,400152,1,1,7,7,7,7,7,7,7,7,7,7
2005,400153,1,1,0,0,0,0,0,0,0,0,0,0
2005,400153,2,1,0,0,6,0,0,0,0,0,0,0
2005,400154,1,1,0,0,0,0,0,0,0,0,0,0
2005,400155,1,1,0,0,0,0,0,6,0,0,0,0
2005,400155,2,1,9,9,9,9,9,9,9,9,9,9
2005,400156,1,1,16,16,16,16,16,16,16,16,16,16
2005,400156,2,1,0,0,0,0,0,0,0,0,0,0
2005,400157,1,1,0,0,0,0,0,0,0,0,0,0
2005,400157,2,1,0,0,0,0,0,0,0,0,0,0
2005,400158,1,1,22,22,22,22,22,22,22,22,22,22
2005,400159,0,1,0,0,0,0,0,0,0,0,0,0
2005,400159,1,1,0,0,0,0,0,0,0,0,0,0
2005,400160,1,1,0,0,0,0,0,25,0,0,0,0
2005,400161,1,1,38,38,38,38,38,38,38,38,38,38
2005,400162,1,1,22,22,22,22,22,22,22,22,22,22
2005,400163,1,1,14,14,14,14,14,14,14,14,14,14
2005,400164,1,1,0,0,0,0,0,0,0,0,0,0
2005,400164,2,1,0,0,0,0,0,0,0,0,0,0
2005,400165,1,1,0,0,0,0,0,0,0,0,0,0
2005,400165,2,1,0,0,0,0,0,0,0,0,0,0
2005,400166,1,1,0,0,0,0,0,0,0,0,0,0
2005,400166,2,1,0,0,0,0,0,0,0,0,0,0
2005,400167,1,1,22,22,22,22,22,22,22,22,22,22
2005,400168,1,1,0,0,0,0,0,0,0,0,0,0
2005,400168,2,1,0,0,0,0,0,0,0,0,0,0
2005,400169,1,1,0,0,0,0,0,0,0,0,0,0
2005,400169,2,1,0,0,0,0,0,0,0,0,0,0
2005,400170,0,1,0,0,0,0,0,0,0,18,0,0
2005,400170,1,1,0,0,0,0,0,0,0,0,0,0
2005,400171,1,1,0,0,0,0,0,14,0,10,0,0
2005,400171,2,1,0,0,0,0,0,0,0,0,0,0
2005,400172,1,1,0,0,0,0,0,0,0,0,0,0
2005,400172,2,1,0,0,0,0,0,0,0,0,0,0
2005,400173,1,1,0,0,0,0,0,0,0,0,0,0
2005,400174,1,1,0,0,0,0,0,0,0,0,0,0
2005,400175,1,1,0,0,0,0,0,0,0,0,0,0
2005,400175,2,1,0,0,0,0,0,0,0,0,0,0
2005,400176,1,1,13,13,13,13,13,13,13,13,13,13
2005,400177,1,1,28,28,28,28,28,28,28,28,28,28
2005,400177,2,1,0,0,0,0,0,0,0,0,0,0
2005,400178,1,1,0,0,0,0,0,0,0,0,0,0
2005,400179,1,1,18,20,20,23,36,0,13,6,0,38
2005,400180,1,1,0,0,0,0,0,0,0,0,0,0
2005,400180,2,1,0,0,0,0,0,0,0,0,0,0
2005,400181,2,1,0,0,0,0,0,0,0,0,0,0
2005,400182,1,1,0,0,0,0,0,0,0,0,0,0
2005,400182,2,1,0,0,0,0,0,0,0,0,0,0
2005,400183,1,1,0,0,0,0,0,0,0,0,0,0
2005,400183,2,1,0,0,0,0,0,0,0,0,0,0
2005,400183,3,1,0,0,0,0,0,0,0,0,0,0
2005,400184,1,1,15,15,15,15,15,15,15,15,15,15
2005,400185,1,1,0,0,0,0,0,0,0,0,0,0
2005,400185,2,1,0,0,0,0,0,0,0,0,0,0
2005,400186,1,1,0,0,0,0,0,0,33,0,0,0
2005,400186,2,1,6,6,6,6,6,6,6,6,6,6
2005,400187,1,1,0,0,0,0,0,0,0,0,0,0
2005,400187,2,1,0,0,0,0,0,0,0,0,0,0
2005,400187,3,1,0,0,0,0,0,0,0,0,0,0
2005,400188,1,1,25,25,25,25,25,25,25,25,25,25
2005,400188,2,1,0,0,0,0,0,0,0,0,0,0
2005,400188,3,1,0,0,0,0,0,7,0,0,0,0
2005,400189,1,1,0,0,0,0,0,0,0,0,0,0
2005,400190,1,1,5,14,8,8,36,25,14,18,18,10
2005,400191,1,1,0,0,0,0,0,0,0,0,0,0
2005,400192,1,1,0,0,0,0,0,0,0,0,0,0
2005,400193,1,1,16,16,16,16,16,16,16,16,16,16
2005,400193,2,1,0,0,0,0,0,0,0,0,0,0
2005,400194,1,1,0,0,0,0,0,0,0,0,0,0
2005,400195,1,1,0,0,0,0,0,0,0,0,0,0
2005,400195,2,1,0,0,0,0,0,0,0,0,0,0
2005,400196,1,1,0,0,0,0,0,0,0,0,0,0
2005,400197,1,1,9,9,9,9,9,9,9,9,9,9
2005,400198,1,1,17,17,17,17,17,17,17,17,17,17
2005,400199,1,1,0,0,0,0,0,0,0,0,0,0
2005,400199,2,1,0,0,0,0,0,0,0,0,0,0
2005,400200,1,1,20,20,20,20,20,20,20,20,20,20
2005,400201,1,1,0,0,0,0,0,0,0,0,0,0
2005,400202,1,1,0,0,0,0,0,0,0,0,0,0
2005,400202,2,1,0,0,0,0,0,0,0,0,0,0
2005,400203,1,1,0,0,0,0,0,0,0,0,0,0
2005,400203,2,1,0,0,0,0,0,0,0,0,0,0
2005,400204,1,1,7,7,7,7,7,7,7,7,7,7
2005,400205,1,1,0,0,0,0,0,0,0,0,0,0
2005,400205,2,1,0,0,0,0,0,0,0,0,0,0
2005,400206,1,1,0,0,0,17,17,10,0,14,7,0
2005,400206,2,1,0,0,0,0,0,0,0,0,0,0
2005,400207,1,1,0,0,0,6,0,0,0,0,0,0
2005,400207,2,1,0,0,0,0,0,0,0,0,0,0
2005,400207,3,1,0,0,0,0,7,0,0,0,0,0
2005,400208,0,1,18,18,18,18,18,18,18,18,18,18
2005,400208,1,1,0,0,22,0,0,0,0,0,0,0
2005,400209,1,1,0,0,0,0,0,0,0,0,0,0
2005,400210,1,1,0,0,0,0,7,0,0,0,0,0
2005,400211,1,1,28,28,28,28,28,28,28,28,28,28
2005,400211,2,1,0,0,0,0,0,0,0,0,0,0
2005,400212,1,1,14,13,33,27,45,32,16,28,10,0
2005,400213,1,1,0,0,0,0,0,0,0,0,0,0
2005,400214,1,1,19,19,19,19,19,19,19,19,19,19
2005,400215,1,1,0,0,0,0,0,0,0,0,0,0
2005,400215,2,1,0,0,0,0,0,0,0,0,0,0
2005,400216,1,1,12,12,12,12,12,12,12,12,12,12
2005,400216,2,1,0,0,0,0,0,0,0,0,0,0
2005,400217,1,1,0,0,0,0,0,0,0,0,0,0
2005,400218,1,1,7,7,7,7,7,7,7,7,7,7
2005,400218,2,1,0,0,0,0,0,0,0,0,0,0
2005,400219,1,1,0,0,0,0,0,0,0,0,0,0
2005,400219,2,1,0,0,0,0,0,0,0,0,0,0
2005,400220,1,1,28,28,28,28,28,28,28,28,28,28
2005,400221,1,1,0,0,0,0,0,0,0,0,0,0
2005,400221,2,1,0,0,0,0,0,0,0,0,0,0
2005,400222,1,1,0,0,0,0,0,0,0,0,0,0
2005,400222,2,1,0,0,0,0,0,0,9,0,0,0
2005,400223,1,1,0,0,0,0,0,0,0,0,0,0
2005,400224,1,1,0,0,0,0,0,0,0,0,0,0
2005,400224,2,1,0,0,0,0,0,0,0,0,0,0
2005,400225,1,1,0,0,0,4,0,0,0,0,0,0
2005,400225,2,1,0,0,0,0,0,0,0,0,0,0
2005,400226,1,1,0,0,0,0,0,0,0,0,0,0
2005,400226,2,1,0,0,0,0,0,0,0,0,0,0
2005,400227,1,1,0,0,0,0,0,0,0,0,0,0
2005,400227,2,1,0,0,0,0,0,0,0,0,0,0
2005,400228,1,1,10,24,26,11,8,10,24,12,9,17
2005,400229,1,1,0,0,0,0,0,4,0,0,0,0
2005,400229,2,1,0,0,0,0,0,0,0,0,0,0
2005,400230,1,1,16,16,16,16,16,16,16,16,16,16
2005,400231,1,1,0,0,0,0,0,0,0,0,0,0
2005,400232,1,1,18,18,18,18,18,18,18,18,18,18
2005,400233,1,1,0,0,0,0,0,0,0,0,0,0
2005,400234,1,1,0,0,0,0,0,0,0,0,0,0
2005,400235,1,1,0,0,0,0,0,0,0,0,0,0
2005,400236,1,1,0,0,0,0,0,0,0,0,0,0
2005,400236,2,1,0,0,0,0,0,0,0,0,0,0
2005,400237,1,1,0,0,0,0,0,0,0,0,0,0
2005,400237,2,1,0,0,0,0,0,0,0,0,0,0
2005,400238,1,1,0,0,0,0,0,0,0,0,0,0
2005,400238,2,1,0,0,0,0,0,0,0,0,0,0
2005,400239,1,1,0,0,0,0,0,0,0,0,0,0
2005,400240,1,1,19,19,19,19,19,19,19,19,19,19
2005,400241,1,1,0,0,0,0,0,0,0,0,0,0
2005,400241,2,1,0,0,0,0,0,0,0,0,0,0
2005,400242,1,1,17,17,17,17,17,17,17,17,17,17
2005,400242,2,1,0,0,0,0,0,0,0,0,0,0
2005,400243,1,1,0,0,0,0,0,0,0,0,0,0
2005,400244,1,1,0,0,0,0,0,0,0,0,0,0
2005,400244,2,1,0,0,0,0,0,0,0,0,0,0
2005,400245,1,1,0,0,0,0,0,0,0,0,0,0
2005,400246,1,1,21,21,21,21,21,21,21,21,21,21
2005,400247,1,1,10,10,10,10,10,10,10,10,10,10
2005,400248,1,1,13,13,13,13,13,13,13,13,13,13
2005,400249,0,1,0,0,0,0,0,0,0,0,0,0
2005,400249,1,1,0,0,0,0,0,0,0,0,0,0
2005,400250,1,1,24,24,24,24,24,24,24,24,24,24
2005,400251,1,1,0,0,0,0,0,0,0,0,0,0
2005,400252,1,1,0,0,0,0,0,0,0,0,0,0
2005,400253,1,1,0,0,0,0,0,0,0,0,0,0
2005,400254,1,1,0,0,0,0,0,0,0,0,0,0
2005,400254,2,1,0,0,0,0,0,0,0,0,0,0
2005,400255,1,1,0,0,0,0,0,0,0,0,0,0
2005,400255,2,1,0,0,0,0,0,0,0,0,0,0
2005,400256,1,1,0,0,0,0,0,0,0,0,0,0
2005,400257,1,1,0,0,0,0,0,0,0,0,0,0
2005,400257,2,1,0,0,0,0,0,0,0,0,0,0
2005,400258,1,1,21,21,21,21,21,21,21,21,21,21
2005,400258,2,1,0,7,0,0,0,0,0,0,22,0
2005,400259,1,1,0,0,0,0,0,0,0,0,0,0
2005,400259,2,1,0,0,0,0,0,0,0,0,0,0
2005,400260,1,1,0,0,0,0,0,0,0,0,0,0
2005,400260,2,1,0,0,0,0,0,0,0,0,0,0
2005,400261,1,1,0,0,0,0,0,0,0,0,0,0
2005,400261,2,1,0,0,0,0,0,0,0,0,0,0
2005,400262,1,1,0,0,0,0,0,22,6,0,0,0
2005,400262,2,1,0,0,0,0,0,0,0,0,0,0
2005,400263,1,1,5,5,5,5,5,5,5,5,5,5
2005,400263,2,1,0,0,0,0,0,0,0,0,0,0
2005,400263,3,1,14,0,23,23,0,0,0,0,0,0
2005,400264,1,1,10,10,10,10,10,10,10,10,10,10
2005,400264,2,1,0,0,0,0,0,0,0,0,0,0
2005,400265,1,1,0,0,0,0,0,0,0,0,0,0
2005,400265,2,1,0,0,0,0,0,0,0,0,0,0
2005,400266,1,1,0,0,0,0,0,0,0,0,0,5
2005,400266,2,1,0,0,0,0,0,0,0,0,0,0
2005,400267,1,1,30,30,30,30,30,30,30,30,30,30
2005,400267,2,1,0,0,0,0,0,0,0,0,0,0
2005,400268,1,1,0,0,0,0,0,0,0,0,0,0
2005,400268,2,1,0,0,0,0,0,0,2,0,0,0
2005,400269,1,1,0,0,0,0,0,0,0,0,0,0
2005,400270,1,1,15,12,32,21,12,20,25,33,2,9
2005,400271,1,1,0,13,0,0,0,0,0,0,0,0
2005,400272,1,1,9,9,9,9,9,9,9,9,9,9
2005,400273,1,1,0,0,0,0,11,0,0,0,0,0
2005,400273,2,1,7,7,7,7,7,7,7,7,7,7
2005,400274,1,1,0,0,0,0,0,0,0,0,0,0
2005,400275,1,1,0,0,0,0,0,0,0,0,0,0
2005,400275,2,1,0,0,0,0,0,0,0,0,0,0
2005,400276,1,1,0,16,8,0,0,42,25,0,18,28
2005,400276,2,1,0,0,0,0,0,0,0,15,0,0
2005,400276,3,1,0,0,0,0,0,0,0,0,0,0
2005,400277,1,1,0,0,0,0,0,0,0,0,0,0
2005,400278,1,1,0,0,0,0,0,0,0,0,0,0
2005,400278,2,1,0,0,0,0,0,0,0,0,0,0
2005,400279,1,1,0,0,0,0,0,0,0,0,0,0
2005,400279,2,1,0,0,0,0,0,0,0,0,0,0
2005,400280,1,1,22,22,22,22,22,22,22,22,22,22
2005,400280,2,1,0,0,0,0,0,0,0,0,0,0
2005,400281,1,1,0,0,0,0,0,0,0,0,0,0
2005,400281,2,1,0,0,0,0,0,0,0,0,0,0
2005,400282,1,1,0,0,0,0,0,0,0,0,0,0
2005,400283,1,1,0,0,0,0,0,0,0,0,0,0
2005,400283,2,1,0,0,0,0,0,0,0,0,0,0
2005,400283,3,1,0,0,0,0,0,0,0,0,0,0
2005,400284,1,1,16,16,16,16,16,16,16,16,16,16
2005,400285,1,1,12,12,12,12,12,12,12,12,12,12
2005,400286,1,1,29,29,29,29,29,29,29,29,29,29
2005,400287,1,1,0,0,0,18,0,0,0,0,21,24
2005,400288,1,1,0,0,0,0,0,0,0,0,0,0
2005,400289,1,1,0,0,0,0,0,0,0,0,0,0
2005,400289,2,1,0,0,0,0,0,0,0,0,0,0
2005,400290,1,1,0,0,0,0,0,0,0,0,0,0
2005,400290,2,1,0,0,0,0,0,0,0,0,0,0
2005,400291,1,1,0,0,0,0,0,0,0,0,0,0
2005,400291,2,1,0,0,0,0,0,0,0,0,0,0
2005,400291,3,1,0,0,0,0,0,0,0,0,0,0
2005,400292,1,1,0,0,0,0,0,0,0,0,0,0
2005,400293,1,1,0,0,22,0,0,0,0,4,0,3
2005,400293,2,1,0,0,0,0,0,0,0,0,0,0
2005,400294,1,1,0,0,0,0,0,0,0,0,0,0
2005,400295,1,1,22,22,22,22,22,22,22,22,22,22
2005,400296,1,1,0,0,0,0,0,0,0,0,0,0
2005,400296,2,1,0,0,0,0,0,0,0,0,0,0
2005,400297,1,1,0,0,0,0,0,0,0,0,0,0
2005,400298,1,1,34,34,34,34,34,34,34,34,34,34
2005,400299,1,1,0,0,0,6,0,0,0,0,0,4
2005,400300,1,1,9,9,9,9,9,9,9,9,9,9
2005,400300,2,1,0,0,15,0,0,10,0,0,0,16
2005,400301,1,1,0,0,0,0,0,0,0,0,0,0
2005,400301,2,1,0,0,0,0,0,9,0,0,0,0
2005,400302,1,1,19,19,19,19,19,19,19,19,19,19
2005,400303,1,1,0,0,0,0,0,0,21,0,0,0
2005,400304,1,1,30,30,30,30,30,30,30,30,30,30
2005,400305,1,1,0,0,0,0,0,0,0,0,0,0
2005,400306,1,1,0,0,0,0,0,0,0,0,0,0
2005,400307,1,1,0,0,0,0,0,0,0,0,0,0
2005,400307,2,1,0,0,0,0,0,0,0,0,0,0
2005,400308,0,1,26,26,26,26,26,26,26,26,26,26
2005,400308,1,1,0,0,0,0,0,0,0,0,0,0
2005,400309,1,1,0,0,0,0,0,0,0,0,0,0
2005,400309,2,1,0,0,0,0,0,0,0,0,0,0
2005,400309,3,1,0,0,0,0,0,0,0,0,0,0
2005,400309,4,1,9,17,0,0,16,0,0,0,0,0
2005,400309,5,1,0,0,0,0,0,0,0,0,0,0
2005,400310,1,1,0,0,0,0,0,0,0,0,0,0
2005,400310,2,1,0,0,0,0,0,0,0,0,0,0
2005,400311,1,1,21,21,21,21,21,21,21,21,21,21
2005,400312,1,1,0,0,0,0,0,0,0,0,0,0
2005,400313,1,1,9,9,9,9,9,9,9,9,9,9
2005,400314,1,1,18,18,18,18,18,18,18,18,18,18
2005,400315,1,1,0,0,0,0,0,0,0,0,0,0
2005,400316,1,1,13,13,13,13,13,13,13,13,13,13
2005,400317,1,1,21,10,36,8,20,17,13,17,18,23
2005,400318,1,1,6,13,0,7,0,30,0,15,0,0
2005,400319,1,1,0,0,0,0,0,0,0,0,0,0
2005,400319,2,1,0,0,0,0,0,0,0,0,0,0
2005,400319,3,1,0,0,0,0,0,0,0,0,0,0
2005,400319,4,1,0,0,0,0,0,0,0,0,0,0
2005,400320,1,1,0,0,0,0,0,0,0,0,0,0
2005,400320,2,1,0,0,0,0,0,0,0,0,0,0
2005,400321,0,1,26,26,26,26,26,26,26,26,26,26
2005,400321,1,1,0,0,0,9,0,0,0,0,0,0
2005,400322,1,1,0,0,0,0,0,0,0,0,0,0
2005,400322,2,1,0,0,0,0,0,0,0,0,0,0
2005,400323,1,1,24,24,24,24,24,24,24,24,24,24
2005,400324,1,1,0,0,0,0,0,0,0,0,0,0
2005,400325,1,1,3,3,3,3,3,3,3,3,3,3
2005,400325,2,1,0,0,0,0,0,0,0,0,0,0
2005,400326,0,1,30,30,30,30,30,30,30,30,30,30
2005,400326,1,1,10,0,0,0,0,0,0,0,0,0
2005,400326,2,1,0,0,0,0,0,0,0,0,0,0
2005,400327,1,1,1,1,1,1,1,1,1,1,1,1
2005,400327,2,1,0,0,0,0,0,0,0,0,0,0
2005,400327,3,1,15,0,0,0,0,0,0,0,0,0
2005,400328,1,1,0,0,0,0,0,0,0,0,0,0
2005,400328,2,1,0,0,0,0,0,0,0,0,0,0
2005,400329,1,1,0,0,0,0,0,0,0,0,0,0
2005,400330,1,1,21,21,21,21,21,21,21,21,21,21
2005,400331,1,1,0,0,0,0,0,0,0,0,0,0
2005,400331,2,1,0,0,0,0,0,0,0,0,0,0
2005,400332,1,1,0,0,0,0,0,0,0,0,8,0
2005,400332,2,1,0,0,0,10,0,0,0,0,0,0
2005,400333,1,1,0,0,0,0,0,0,0,0,0,0
2005,400333,2,1,0,0,0,0,0,0,0,0,0,0
2005,400334,1,1,0,0,0,0,0,0,0,0,0,0
2005,400334,2,1,0,0,0,0,0,0,0,0,0,0
2005,400334,3,1,0,0,0,0,0,0,0,0,0,0
2005,400335,1,1,7,7,7,7,7,7,7,7,7,7
2005,400335,2,1,0,0,0,0,0,0,0,0,0,0
2005,400335,3,1,19,19,19,19,19,19,19,19,19,19
2005,400336,0,1,14,14,14,14,14,14,14,14,14,14
2005,400336,1,1,0,0,0,0,0,0,21,0,0,0
2005,400337,1,1,0,0,0,0,0,0,0,0,0,0
2005,400337,2,1,0,0,0,0,0,0,0,0,0,0
2005,400338,1,1,0,0,0,0,0,0,0,0,0,0
2005,400338,2,1,0,0,0,0,0,0,0,0,0,0
2005,400339,1,1,0,0,0,0,0,0,0,0,0,0
2005,400339,2,1,0,0,0,0,0,0,0,0,0,0
2005,400341,1,1,14,23,8,13,6,18,27,9,23,0
2005,400342,1,1,0,0,0,0,0,0,0,0,0,0
2005,400343,1,1,0,0,0,0,0,0,0,0,0,0
2005,400343,2,1,0,0,0,0,0,0,0,0,0,0
2005,400344,1,1,12,12,12,12,12,12,12,12,12,12
2005,400345,1,1,5,26,22,13,6,31,24,34,0,15
2005,400346,1,1,0,0,0,0,0,0,0,0,0,0
2005,400347,1,1,5,5,5,5,5,5,5,5,5,5
2005,400348,1,1,0,0,0,8,0,0,0,16,0,0
2005,400349,1,1,0,0,0,0,0,0,0,0,0,0
2005,400349,2,1,0,0,0,0,0,0,0,0,0,0
2005,400349,3,1,0,0,0,0,0,0,0,0,0,0
2005,400349,4,1,0,0,0,0,0,0,0,0,0,0
2005,400350,1,1,0,0,0,0,0,0,0,0,0,0
2005,400351,1,1,0,0,0,0,0,0,0,0,0,0
2005,400352,1,1,0,21,0,0,12,5,0,0,20,11
2005,400353,1,1,28,28,28,28,28,28,28,28,28,28
2005,400354,1,1,0,4,0,0,0,0,0,0,0,0
2005,400354,2,1,0,0,0,0,0,0,0,0,0,0
2005,400355,1,1,21,21,21,21,21,21,21,21,21,21
2005,400355,2,1,0,0,0,0,0,0,0,0,0,0
2005,400356,1,1,23,23,23,23,23,23,23,23,23,23
2005,400357,1,1,0,0,0,0,0,0,0,0,0,0
2005,400358,1,1,0,0,0,0,0,0,0,0,0,0
2005,400358,2,1,0,0,0,0,0,0,0,0,0,0
2005,400359,1,1,9,9,9,9,9,9,9,9,9,9
2005,400360,1,1,15,15,15,15,15,15,15,15,15,15
2005,400361,1,1,0,0,0,0,0,0,0,0,0,0
2005,400361,2,1,0,0,0,0,0,0,0,0,0,0
2005,400362,1,1,0,0,0,0,0,0,0,0,0,0
2005,400362,2,1,0,0,0,0,0,0,0,0,0,0
2005,400363,1,1,0,0,0,0,0,0,0,0,0,0
2005,400363,2,1,0,0,0,0,0,0,0,0,0,0
2005,400364,1,1,0,0,0,0,0,0,0,0,0,0
2005,400364,2,1,0,0,0,0,0,0,0,0,0,0
2005,400365,1,1,0,0,0,0,0,0,0,0,0,0
2005,400366,1,1,25,25,25,25,25,25,25,25,25,25
2005,400366,2,1,0,0,0,0,0,0,0,0,0,0
2005,400366,3,1,0,0,5,0,0,0,0,0,0,0
2005,400367,1,1,8,8,8,8,8,8,8,8,8,8
2005,400368,1,1,0,0,0,0,0,0,0,0,0,0
2005,400369,1,1,16,16,16,16,16,16,16,16,16,16
2005,400369,2,1,0,0,0,0,0,0,0,0,0,0
2005,400370,1,1,8,8,8,8,8,8,8,8,8,8
2005,400371,1,1,7,7,7,7,7,7,7,7,7,7
2005,400372,0,1,34,34,34,34,34,34,34,34,34,34
2005,400372,1,1,0,0,0,0,0,0,0,0,0,0
2005,400373,0,1,0,0,0,0,0,0,0,0,0,0
2005,400373,0,2,29,0,0,0,0,19,0,0,0,0
2005,400373,0,3,11,0,0,0,0,0,23,7,0,12
2005,400373,1,1,0,0,0,0,0,0,0,0,0,2
2005,400374,1,1,0,0,0,0,0,0,0,0,0,0
2005,400374,2,1,0,0,0,0,0,0,0,0,0,0
2005,400375,1,1,0,0,0,0,0,0,0,0,0,0
2005,400375,2,1,0,0,0,0,0,0,0,0,0,0
2005,400376,1,1,0,0,0,0,0,0,0,0,0,0
2005,400376,2,1,0,19,0,0,0,0,0,8,0,0
2005,400377,0,1,16,16,16,16,16,16,16,16,16,16
2005,400377,1,1,0,22,0,0,0,0,0,0,9,17
2005,400378,1,1,7,7,7,7,7,7,7,7,7,7
2005,400379,1,1,19,19,19,19,19,19,19,19,19,19
2005,400379,2,1,0,0,0,0,0,0,0,0,0,0
2005,400380,1,1,0,0,0,0,0,0,0,0,0,0
2005,400381,1,1,0,0,0,0,0,0,0,0,0,0
2005,400381,2,1,0,8,0,0,0,0,0,0,0,0
2005,400381,3,1,0,0,0,0,0,0,0,0,0,0