YEAR,ST_CASE,veh_no,per_no,P1,P2,P3,P4,P5,P6,P7,P8,P9,P10
2005,400382,1,1,0,0,0,0,0,0,0,0,0,0
2005,400383,1,1,0,0,0,0,0,0,0,0,0,0
2005,400383,2,1,0,0,0,0,0,0,0,0,0,0
2005,400384,1,1,0,0,0,0,0,0,0,0,0,0
2005,400384,2,1,0,0,0,0,0,0,0,0,0,0
2005,400385,1,1,12,12,12,12,12,12,12,12,12,12
2005,400386,1,1,0,0,0,0,0,0,0,0,0,0
2005,400386,2,1,0,0,0,0,0,0,0,0,0,0
2005,400387,1,1,0,0,0,0,0,0,0,0,0,0
2005,400387,2,1,0,0,0,0,0,0,0,0,0,0
2005,400388,1,1,0,0,0,0,0,0,0,0,0,0
2005,400389,1,1,20,22,15,18,18,31,8,9,15,19
2005,400390,1,1,0,0,0,0,0,0,0,0,0,0
2005,400391,1,1,0,0,0,0,0,0,0,0,0,0
2005,400392,1,1,0,0,0,0,0,0,0,0,0,0
2005,400392,2,1,0,0,0,0,0,0,0,0,0,0
2005,400393,1,1,12,12,12,12,12,12,12,12,12,12
2005,400393,2,1,0,0,0,0,0,0,0,0,0,0
2005,400393,3,1,0,0,0,0,0,0,0,0,0,0
2005,400395,1,1,20,20,20,20,20,20,20,20,20,20
2005,400395,2,1,0,0,0,0,0,0,0,0,0,0
2005,400396,1,1,0,0,0,0,0,0,0,0,0,0
2005,400396,2,1,0,0,0,0,0,0,0,0,0,0
2005,400396,3,1,0,0,0,0,0,0,0,0,14,0
2005,400397,1,1,0,7,0,0,16,0,0,0,0,0
2005,400398,1,1,0,12,0,0,28,15,2,36,0,13
2005,400398,2,1,26,7,11,27,13,15,17,15,6,0
2005,400399,1,1,0,0,0,0,0,0,0,0,0,0
2005,400400,1,1,15,15,15,15,15,15,15,15,15,15
2005,400400,2,1,0,0,0,0,0,0,0,0,0,0
2005,400401,1,1,0,0,0,0,0,0,0,0,0,0
2005,400401,2,1,0,0,0,0,0,0,0,0,0,0
2005,400402,0,1,0,0,0,0,0,0,0,25,0,0
2005,400402,1,1,0,0,17,0,0,0,0,0,0,0
2005,400403,1,1,20,20,20,20,20,20,20,20,20,20
2005,400404,0,1,0,0,0,0,0,0,0,0,0,0
2005,400404,1,1,0,0,0,0,0,0,0,0,0,0
2005,400405,1,1,0,0,0,0,0,0,0,0,0,2
2005,400405,2,1,0,0,0,0,0,0,0,0,0,0
2005,400406,1,1,0,0,0,0,0,0,0,0,0,0
2005,400406,2,1,1,1,1,1,1,1,1,1,1,1
2005,400407,1,1,10,10,10,10,10,10,10,10,10,10
2005,400408,1,1,0,0,0,0,0,0,0,0,0,0
2005,400408,2,1,0,0,0,0,0,0,0,0,0,0
2005,400409,0,1,0,0,0,0,0,0,0,0,0,0
2005,400409,1,1,0,0,0,0,0,0,0,0,0,0
2005,400410,0,1,0,0,0,0,0,0,0,0,0,0
2005,400410,1,1,0,0,0,0,0,0,0,0,0,0
2005,400411,0,1,0,0,0,0,0,0,0,0,0,0
2005,400411,1,1,0,0,0,0,0,0,0,0,0,0
2005,400412,1,1,20,20,20,20,20,20,20,20,20,20
2005,400412,2,1,0,0,0,0,0,0,0,0,0,0
2005,400412,3,1,0,0,0,0,0,0,0,0,0,0
2005,400413,1,1,0,0,0,0,0,0,0,0,0,0
2005,400413,2,1,0,0,0,0,0,0,0,0,0,0
2005,400414,1,1,0,0,0,0,0,0,0,0,0,0
2005,400415,1,1,26,26,26,26,26,26,26,26,26,26
2005,400416,1,1,6,6,6,6,6,6,6,6,6,6
2005,400417,1,1,2,2,2,2,2,2,2,2,2,2
2005,400418,1,1,0,0,0,0,0,0,0,0,0,0
2005,400419,1,1,0,0,0,0,0,0,4,0,0,0
2005,400419,2,1,0,0,0,0,0,0,0,0,7,0
2005,400420,1,1,0,0,0,0,0,0,0,0,0,0
2005,400420,2,1,0,0,0,0,0,0,0,0,0,0
2005,400421,1,1,0,0,0,0,0,0,0,0,0,0
2005,400421,2,1,0,0,0,0,0,0,0,0,0,0
2005,400422,1,1,0,0,0,16,0,6,0,0,0,0
2005,400422,2,1,0,0,0,0,0,0,0,0,0,0
2005,400423,1,1,0,0,0,0,0,0,0,0,0,0
2005,400424,1,1,0,0,0,0,0,0,0,0,0,0
2005,400424,2,1,0,0,0,0,0,0,0,0,0,0
2005,400425,1,1,0,0,0,0,0,0,0,0,0,0
2005,400425,2,1,0,0,0,0,0,0,0,0,0,0
2005,400426,1,1,27,0,0,0,20,10,0,0,0,0
2005,400427,1,1,0,0,0,0,0,0,0,0,0,0
2005,400428,1,1,19,0,0,20,15,24,15,0,26,0
2005,400429,1,1,0,0,0,0,0,0,0,0,0,0
2005,400430,1,1,0,0,0,0,0,0,0,0,0,0
2005,400430,2,1,0,0,0,0,0,0,0,0,0,0
2005,400431,0,1,0,0,0,0,0,0,0,0,0,0
2005,400431,0,2,0,0,0,0,0,0,0,19,0,0
2005,400431,0,3,0,19,0,20,0,0,0,0,20,21
2005,400431,1,1,0,0,0,0,0,0,0,0,0,0
2005,400432,1,1,0,0,0,0,0,0,0,0,0,0
2005,400432,2,1,0,0,0,0,0,0,0,0,0,0
2005,400433,1,1,0,0,0,0,0,0,0,0,0,0
2005,400434,1,1,0,0,0,0,0,0,0,0,0,0
2005,400434,2,1,11,11,11,11,11,11,11,11,11,11
2005,400435,1,1,0,0,0,0,0,0,0,0,0,0
2005,400436,0,1,0,0,0,0,0,0,0,0,0,0
2005,400436,1,1,0,0,0,0,0,0,0,0,0,0
2005,400437,1,1,0,0,0,0,0,0,0,0,0,0
2005,400438,1,1,0,0,0,0,0,0,0,0,0,0
2005,400439,1,1,0,0,0,0,0,0,0,0,0,0
2005,400439,2,1,0,0,0,0,0,0,0,0,0,0
2005,400440,1,1,0,0,6,0,0,3,0,0,0,0
2005,400441,1,1,23,23,23,23,23,23,23,23,23,23
2005,400441,2,1,0,0,0,0,0,0,0,0,0,0
2005,400442,1,1,0,0,0,0,0,0,0,0,0,0
2005,400442,2,1,0,0,0,0,0,0,0,0,0,0
2005,400442,3,1,0,11,0,0,0,0,0,0,0,0
2005,400443,1,1,0,0,0,0,0,0,0,0,0,0
2005,400444,1,1,0,0,0,0,0,0,0,0,0,0
2005,400445,1,1,0,0,0,0,0,0,0,0,0,0
2005,400445,2,1,0,0,0,0,0,0,0,0,0,0
2005,400445,3,1,0,0,0,0,0,0,0,0,0,0
2005,400446,1,1,0,0,0,0,0,0,0,0,0,0
2005,400446,2,1,0,0,0,0,0,0,0,0,0,0
2005,400447,1,1,3,3,3,3,3,3,3,3,3,3
2005,400448,1,1,0,0,0,0,0,0,0,0,0,0
2005,400449,1,1,0,0,0,0,0,0,0,0,0,0
2005,400449,2,1,0,0,0,0,0,0,0,0,0,0
2005,400450,0,1,29,29,29,29,29,29,29,29,29,29
2005,400450,1,1,0,0,0,30,0,0,0,0,0,0
2005,400451,1,1,0,0,0,0,0,0,0,0,0,0
2005,400452,1,1,0,0,0,0,0,0,0,0,0,0
2005,400453,1,1,41,41,41,41,41,41,41,41,41,41
2005,400454,1,1,0,0,0,0,0,0,0,0,0,0
2005,400455,1,1,0,0,0,0,0,0,0,0,0,0
2005,400456,1,1,0,0,0,0,0,0,0,0,0,0
2005,400456,2,1,0,0,0,0,27,0,0,0,0,0
2005,400457,1,1,0,0,0,0,0,0,0,0,0,0
2005,400458,0,1,0,0,0,0,0,0,0,0,0,0
2005,400458,0,2,0,0,18,0,0,18,0,24,0,0
2005,400458,1,1,0,0,0,0,0,0,0,0,0,0
2005,400459,0,1,0,0,0,0,0,0,0,0,0,0
2005,400459,1,1,0,0,0,0,0,0,0,0,0,0
2005,400460,1,1,0,0,15,0,0,17,0,0,21,0
2005,400461,1,1,19,19,19,19,19,19,19,19,19,19
2005,400462,1,1,0,0,0,0,0,0,0,0,0,0
2005,400462,2,1,0,0,0,0,0,0,0,0,0,0
2005,400463,1,1,0,0,0,0,0,0,0,0,0,0
2005,400463,2,1,0,0,0,0,0,0,0,0,0,0
2005,400464,1,1,0,0,0,0,0,0,0,0,0,0
2005,400464,2,1,0,0,0,0,0,0,0,0,0,0
2005,400465,1,1,0,0,0,0,0,0,0,0,0,0
2005,400466,1,1,0,0,0,0,0,0,0,0,0,0
2005,400467,1,1,0,0,0,0,0,0,0,0,0,0
2005,400467,2,1,0,0,0,0,0,0,0,0,0,0
2005,400468,1,1,0,0,0,0,0,0,0,0,0,0
2005,400469,1,1,0,0,0,0,0,0,0,0,0,0
2005,400469,2,1,0,0,0,0,15,0,0,0,0,18
2005,400470,1,1,5,5,5,5,5,5,5,5,5,5
2005,400471,1,1,37,37,37,37,37,37,37,37,37,37
2005,400472,1,1,0,0,0,0,0,0,0,0,0,0
2005,400472,2,1,0,0,0,0,0,0,0,0,0,0
2005,400473,1,1,0,0,0,0,0,0,0,0,0,0
2005,400473,2,1,0,0,0,0,0,0,0,0,0,0
2005,400474,1,1,0,0,0,0,0,0,0,0,0,0
2005,400475,1,1,0,0,0,0,0,0,0,0,0,0
2005,400476,1,1,0,0,0,0,0,0,0,0,0,0
2005,400477,1,1,21,21,21,21,21,21,21,21,21,21
2005,400478,1,1,0,0,0,0,0,0,0,0,0,0
2005,400479,1,1,0,0,0,0,0,0,0,0,0,0
2005,400480,1,1,0,0,0,0,0,0,0,0,0,0
2005,400481,1,1,0,0,0,0,0,0,0,0,0,0
2005,400482,1,1,0,0,0,0,0,0,0,0,0,0
2005,400482,2,1,0,0,0,0,0,0,0,0,0,0
2005,400483,1,1,0,0,0,0,0,0,0,0,0,0
2005,400483,2,1,0,0,0,0,0,0,0,0,0,0
2005,400484,1,1,27,27,27,27,27,27,27,27,27,27
2005,400485,0,1,0,0,0,0,0,0,0,0,0,0
2005,400485,1,1,0,0,0,0,17,0,0,0,0,0
2005,400486,1,1,0,0,0,10,0,0,0,6,0,14
2005,400486,2,1,0,0,0,0,0,0,0,0,0,0
2005,400486,3,1,0,0,0,0,0,0,0,0,0,0
2005,400487,0,1,16,21,29,35,35,31,18,0,23,33
2005,400487,1,1,0,0,0,0,0,0,0,0,0,0
2005,400488,1,1,0,0,0,0,0,0,0,0,0,0
2005,400489,1,1,18,18,18,18,18,18,18,18,18,18
2005,400490,1,1,0,0,0,0,0,0,0,0,0,0
2005,400490,2,1,0,0,0,0,0,0,0,0,0,0
2005,400490,3,1,0,4,0,0,0,0,0,0,0,12
2005,400491,1,1,0,0,0,0,0,0,0,0,0,0
2005,400492,1,1,0,0,16,0,0,13,7,0,0,0
2005,400492,2,1,0,0,0,0,0,0,0,0,0,0
2005,400493,1,1,0,0,0,0,0,0,0,0,0,0
2005,400494,0,1,0,0,0,0,0,0,0,0,0,0
2005,400494,1,1,0,0,0,0,0,0,0,0,0,0
2005,400495,1,1,0,0,0,0,0,0,0,0,0,0
2005,400495,2,1,0,0,0,0,0,0,0,0,0,0
2005,400496,1,1,0,0,0,0,0,0,0,0,0,0
2005,400497,1,1,16,16,16,16,16,16,16,16,16,16
2005,400498,1,1,9,9,9,9,9,9,9,9,9,9
2005,400499,1,1,17,17,17,17,17,17,17,17,17,17
2005,400500,1,1,23,23,23,23,23,23,23,23,23,23
2005,400501,0,1,31,31,31,31,31,31,31,31,31,31
2005,400501,1,1,0,0,0,0,0,0,0,0,0,0
2005,400502,1,1,0,0,0,0,0,0,0,0,0,0
2005,400503,0,1,0,0,0,0,0,0,0,0,0,0
2005,400503,1,1,0,0,0,0,0,0,0,0,0,0
2005,400504,1,1,0,0,11,0,0,0,0,0,0,0
2005,400504,2,1,0,0,0,0,0,0,0,0,0,0
2005,400504,3,1,0,0,0,0,0,0,0,0,0,0
2005,400504,4,1,0,0,0,0,0,0,0,10,0,0
2005,400505,1,1,0,0,0,0,0,0,0,0,0,0
2005,400505,2,1,0,0,0,0,0,0,0,0,0,0
2005,400506,1,1,0,0,0,0,0,0,0,0,0,0
2005,400507,1,1,17,17,17,17,17,17,17,17,17,17
2005,400508,1,1,15,15,15,15,15,15,15,15,15,15
2005,400508,2,1,0,0,0,0,0,0,0,0,0,0
2005,400509,1,1,0,0,0,0,3,0,0,9,0,0
2005,400510,0,1,0,0,0,0,0,0,0,0,0,0
2005,400510,1,1,0,0,0,0,0,0,0,0,0,0
2005,400512,1,1,0,0,0,0,0,10,0,0,0,0
2005,400513,0,1,20,20,20,20,20,20,20,20,20,20
2005,400513,1,1,0,0,0,0,0,0,0,0,0,0
2005,400514,0,1,0,0,0,0,0,0,0,0,0,0
2005,400514,1,1,0,0,0,0,0,0,0,0,0,0
2005,400515,1,1,0,7,0,16,0,0,0,0,0,0
2005,400516,1,1,0,0,0,0,0,0,0,0,0,0
2005,400516,2,1,0,0,0,0,0,0,12,0,0,0
2005,400517,1,1,0,0,0,0,0,0,0,0,0,0
2005,400517,2,1,0,0,0,0,0,0,0,0,0,0
2005,400518,1,1,0,0,0,44,0,0,0,0,0,0
2005,400519,1,1,9,9,9,9,9,9,9,9,9,9
2005,400520,1,1,0,0,0,10,0,0,0,0,0,0
2005,400521,1,1,0,0,0,0,0,0,0,0,0,0
2005,400521,2,1,0,0,0,0,0,0,0,0,0,0
2005,400522,1,1,14,14,14,14,14,14,14,14,14,14
2005,400523,1,1,0,0,0,0,0,0,0,0,0,0
2005,400524,1,1,0,0,0,0,0,0,0,0,0,0
2005,400525,1,1,15,15,15,15,15,15,15,15,15,15
2005,400526,1,1,11,11,11,11,11,11,11,11,11,11
2005,400527,1,1,0,0,0,0,0,0,0,0,0,0
2005,400527,2,1,0,0,0,0,0,0,0,0,0,0
2005,400528,1,1,0,0,0,0,0,0,0,0,0,0
2005,400529,1,1,0,0,0,0,0,0,0,0,0,0
2005,400530,1,1,0,0,0,0,0,0,0,0,0,0
2005,400530,2,1,0,0,0,0,0,0,0,0,0,0
2005,400531,1,1,14,14,14,14,14,14,14,14,14,14
2005,400532,1,1,3,3,3,3,3,3,3,3,3,3
2005,400533,1,1,20,20,20,20,20,20,20,20,20,20
2005,400534,1,1,18,18,13,23,20,17,13,8,13,10
2005,400534,2,1,0,0,0,0,0,0,0,0,0,0
2005,400535,1,1,3,3,3,3,3,3,3,3,3,3
2005,400535,2,1,0,0,0,0,0,0,0,0,0,0
2005,400536,1,1,12,12,12,12,12,12,12,12,12,12
2005,400537,1,1,0,0,0,0,0,0,0,0,0,0
2005,400538,1,1,0,0,0,0,0,0,0,0,0,0
2005,400538,2,1,0,0,0,0,0,0,0,0,0,0
2005,400539,1,1,19,19,19,19,19,19,19,19,19,19
2005,400540,1,1,0,0,0,0,0,0,0,0,0,0
2005,400540,2,1,0,0,0,0,0,0,0,0,0,0
2005,400541,1,1,0,0,0,0,0,0,0,0,0,0
2005,400541,2,1,0,0,0,0,0,0,0,0,0,0
2005,400542,1,1,0,0,0,0,0,0,0,0,0,0
2005,400542,2,1,0,0,0,0,0,0,0,0,0,0
2005,400543,1,1,0,0,0,0,0,0,0,0,0,0
2005,400543,2,1,0,0,0,0,0,0,0,0,0,0
2005,400544,1,1,0,0,0,0,0,0,0,0,0,0
2005,400545,1,1,0,0,0,0,0,0,0,0,0,0
2005,400545,2,1,0,0,0,0,0,0,0,0,0,0
2005,400546,1,1,0,0,0,0,0,0,0,0,0,0
2005,400546,2,1,0,0,0,0,0,0,0,0,0,0
2005,400547,1,1,0,0,0,0,0,0,0,0,0,0
2005,400548,1,1,26,26,26,26,26,26,26,26,26,26
2005,400549,1,1,0,4,0,0,0,0,0,0,0,0
2005,400550,1,1,0,0,0,0,0,0,0,0,0,0
2005,400550,2,1,11,12,12,11,14,5,15,5,12,2
2005,400551,0,1,25,25,25,25,25,25,25,25,25,25
2005,400551,1,1,0,0,0,5,0,4,0,26,10,0
2005,400552,1,1,0,0,0,0,0,0,0,0,0,0
2005,400553,1,1,0,10,11,22,22,20,32,15,0,4
2005,400554,1,1,0,0,0,0,0,0,0,0,0,0
2005,400555,0,1,21,6,0,0,15,0,0,0,0,0
2005,400555,0,2,0,0,0,0,0,0,0,0,0,0
2005,400555,1,1,19,19,19,19,19,19,19,19,19,19
2005,400556,1,1,17,17,17,17,17,17,17,17,17,17
2005,400557,1,1,0,0,0,0,0,0,0,0,0,0
2005,400557,2,1,0,0,0,0,0,0,0,0,0,0
2005,400558,1,1,0,0,0,0,0,0,0,0,0,0
2005,400559,1,1,0,0,0,0,0,0,0,0,0,0
2005,400560,1,1,0,0,0,9,0,0,0,0,0,0
2005,400560,2,1,0,0,0,0,0,0,0,0,0,0
2005,400561,1,1,0,0,0,0,0,0,0,0,0,0
2005,400561,2,1,0,0,0,0,0,0,0,0,0,0
2005,400561,3,1,0,0,0,0,0,0,0,0,0,0
2005,400562,0,1,0,0,0,0,0,0,0,0,0,0
2005,400562,1,1,20,0,11,7,0,5,16,17,0,11
2005,400563,1,1,0,0,0,0,0,0,0,0,0,0
2005,400563,2,1,0,0,0,0,0,0,0,0,0,0
2005,400564,1,1,0,0,0,0,0,0,0,0,0,0
2005,400565,1,1,0,0,0,0,0,0,0,0,0,0
2005,400566,1,1,22,22,22,22,22,22,22,22,22,22
2005,400567,1,1,18,18,18,18,18,18,18,18,18,18
2005,400568,1,1,22,22,22,22,22,22,22,22,22,22
2005,400569,1,1,0,0,0,0,0,0,10,14,0,0
2005,400570,0,1,0,0,0,0,0,0,0,0,0,0
2005,400570,1,1,0,15,0,0,0,0,0,0,27,14
2005,400571,1,1,0,0,0,0,0,0,0,0,0,0
2005,400571,2,1,0,0,0,0,0,0,0,0,0,0
2005,400572,1,1,28,0,0,0,0,0,0,0,0,0
2005,400573,1,1,16,16,16,16,16,16,16,16,16,16
2005,400574,1,1,15,15,15,15,15,15,15,15,15,15
2005,400575,1,1,0,0,0,0,0,0,0,0,0,0
2005,400575,2,1,0,0,0,0,0,0,0,0,0,0
2005,400576,1,1,0,0,0,0,0,0,0,0,0,0
2005,400576,2,1,0,0,0,0,0,0,0,0,0,0
2005,400576,3,1,0,0,0,0,0,0,0,18,0,0
2005,400577,1,1,0,0,0,0,0,0,0,0,0,0
2005,400578,1,1,0,0,0,0,0,0,0,0,0,0
2005,400579,1,1,0,0,0,0,0,0,0,19,0,0
2005,400580,1,1,3,3,3,3,3,3,3,3,3,3
2005,400581,1,1,24,20,16,18,11,12,14,13,24,28
2005,400581,2,1,0,0,0,0,0,0,0,0,0,0
2005,400582,1,1,0,0,0,0,0,0,0,0,0,0
2005,400583,0,1,0,0,0,0,0,0,0,0,0,0
2005,400583,1,1,0,0,0,0,0,0,0,0,0,0
2005,400584,1,1,28,28,28,28,28,28,28,28,28,28
2005,400585,1,1,0,0,0,0,0,0,0,0,0,0
2005,400585,2,1,0,0,0,0,0,0,0,0,0,0
2005,400586,1,1,17,17,17,17,17,17,17,17,17,17
2005,400586,2,1,0,0,0,0,0,0,0,0,0,0
2005,400587,1,1,0,0,0,0,0,0,0,0,0,0
2005,400587,2,1,0,0,0,0,0,0,0,0,0,0
2005,400588,1,1,0,0,0,0,0,0,0,0,0,0
2005,400588,2,1,0,0,0,0,0,0,0,0,0,0
2005,400589,1,1,0,0,0,0,0,0,0,12,0,0
2005,400590,1,1,0,0,0,0,0,0,0,0,0,0
2005,400590,2,1,0,0,0,0,0,0,0,18,0,0
2005,400590,3,1,0,0,0,0,0,0,0,0,0,0
2005,400591,1,1,0,0,0,0,0,0,0,0,0,0
2005,400591,2,1,0,0,0,0,0,0,0,0,0,0
2005,400592,1,1,17,17,17,17,17,17,17,17,17,17
2005,400593,1,1,25,25,25,25,25,25,25,25,25,25
2005,400594,1,1,22,22,22,22,22,22,22,22,22,22
2005,400595,1,1,0,0,0,0,0,0,0,0,0,0
2005,400595,2,1,0,0,0,0,0,0,0,0,0,0
2005,400596,1,1,0,0,0,0,0,0,0,0,0,0
2005,400596,2,1,0,0,0,0,0,0,0,0,0,0
2005,400597,1,1,13,14,23,9,11,9,13,8,22,10
2005,400598,1,1,0,15,0,0,0,0,0,0,0,0
2005,400599,1,1,0,0,0,0,0,0,0,0,0,0
2005,400599,2,1,0,0,0,0,0,0,0,0,0,0
2005,400600,1,1,0,0,0,0,0,0,0,0,0,0
2005,400600,2,1,0,0,0,0,0,0,3,25,0,0
2005,400601,0,1,0,0,0,0,0,0,0,0,0,0
2005,400601,1,1,0,0,0,0,4,0,0,24,0,0
2005,400602,1,1,0,0,0,0,0,0,0,0,0,0
2005,400602,2,1,0,0,0,0,0,0,0,2,0,0
2005,400603,1,1,0,0,0,0,0,0,0,0,0,0
2005,400603,2,1,0,0,0,0,0,0,0,0,0,0
2005,400604,1,1,0,0,0,0,0,0,0,0,0,0
2005,400604,2,1,0,0,0,0,0,0,0,0,0,0
2005,400605,1,1,0,0,0,0,0,0,0,0,0,0
2005,400605,2,1,0,0,0,0,0,19,0,0,0,0
2005,400606,1,1,0,0,0,0,0,0,0,0,0,0
2005,400606,2,1,0,0,0,0,0,0,0,0,0,0
2005,400607,1,1,0,0,0,0,0,0,0,0,0,0
2005,400607,2,1,0,0,14,0,0,25,0,0,0,0
2005,400608,1,1,0,0,0,0,0,0,0,0,0,0
2005,400608,2,1,0,0,0,0,0,0,0,0,0,0
2005,400609,1,1,9,9,9,9,9,9,9,9,9,9
2005,400610,0,1,0,0,0,0,0,0,0,0,0,0
2005,400610,0,2,0,0,0,0,0,0,0,0,0,0
2005,400610,1,1,19,0,0,0,0,0,7,0,0,0
2005,400611,1,1,0,0,0,0,0,0,0,30,0,0
2005,400611,2,1,8,8,8,8,8,8,8,8,8,8
2005,400612,1,1,0,0,0,0,0,0,0,0,0,0
2005,400612,2,1,0,0,0,0,0,0,0,0,0,0
2005,400613,0,1,28,28,28,28,28,28,28,28,28,28
2005,400613,1,1,17,0,17,0,0,8,0,22,0,0
2005,400614,1,1,0,0,0,0,0,0,0,0,0,0
2005,400615,1,1,0,0,0,0,0,0,0,0,13,0
2005,400615,2,1,0,0,0,0,0,0,0,0,0,0
2005,400615,3,1,0,0,0,0,0,17,0,0,0,0
2005,400616,0,1,0,0,0,0,0,0,0,0,0,0
2005,400616,1,1,0,0,0,0,0,0,0,0,0,0
2005,400617,1,1,20,20,20,20,20,20,20,20,20,20
2005,400618,1,1,0,0,0,0,0,0,0,0,0,0
2005,400619,1,1,28,28,28,28,28,28,28,28,28,28
2005,400620,1,1,0,0,0,0,0,0,0,0,0,0
2005,400620,2,1,0,0,0,0,0,0,0,0,0,0
2005,400621,1,1,0,0,0,0,0,0,0,0,0,0
2005,400621,2,1,0,0,0,0,0,0,0,0,0,0
2005,400622,1,1,0,0,0,0,0,0,0,0,0,0
2005,400623,1,1,0,0,0,0,0,0,0,0,0,0
2005,400624,1,1,0,5,0,0,0,0,0,0,0,0
2005,400624,2,1,0,0,0,0,0,0,0,0,0,0
2005,400625,1,1,0,0,0,0,0,0,0,0,0,0
2005,400626,1,1,31,31,31,31,31,31,31,31,31,31
2005,400627,1,1,0,0,0,0,0,0,0,0,0,0
2005,400628,1,1,0,0,7,0,0,0,0,0,0,0
2005,400629,1,1,0,0,0,0,0,0,0,0,0,0
2005,400629,2,1,0,0,0,0,0,0,0,0,0,0
2005,400630,1,1,0,0,0,0,0,0,0,0,0,0
2005,400631,1,1,10,10,10,10,10,10,10,10,10,10
2005,400632,1,1,0,0,0,0,0,0,0,0,0,0
2005,400633,1,1,0,0,0,0,0,0,0,0,0,0
2005,400634,1,1,0,0,0,0,0,0,0,0,0,0
2005,400634,2,1,0,0,0,0,0,0,0,0,0,0
2005,400635,1,1,29,29,29,29,29,29,29,29,29,29
2005,400636,1,1,0,0,0,0,0,0,0,0,0,0
2005,400637,1,1,21,21,21,21,21,21,21,21,21,21
2005,400638,1,1,22,15,19,20,12,15,0,12,17,11
2005,400639,1,1,0,0,0,0,0,0,0,0,0,0
2005,400640,1,1,16,20,25,14,22,24,18,23,9,19
2005,400641,1,1,3,3,3,3,3,3,3,3,3,3
2005,400641,2,1,0,0,0,0,0,0,0,0,0,0
2005,400642,1,1,0,0,0,0,0,0,0,0,0,0
2005,400642,2,1,0,0,0,0,0,0,0,0,0,0
2005,400643,1,1,0,0,0,0,0,0,0,0,0,0
2005,400644,1,1,0,0,0,0,0,0,0,0,0,0
2005,400645,1,1,0,0,0,0,12,0,0,0,0,15
2005,400646,1,1,0,0,0,0,0,0,0,0,0,0
2005,400647,1,1,0,0,0,0,0,0,0,0,0,0
2005,400647,2,1,0,0,0,0,0,0,0,0,0,0
2005,400648,0,1,18,0,0,0,16,10,0,6,0,0
2005,400648,0,2,22,0,0,0,0,0,0,0,0,0
2005,400648,1,1,0,0,0,0,0,0,0,0,0,0
2005,400648,2,1,0,0,0,0,0,0,0,0,0,0
2005,400649,1,1,18,18,18,18,18,18,18,18,18,18
2005,400649,2,1,0,0,0,0,0,0,0,0,0,0
2005,400650,1,1,0,0,0,0,0,0,0,0,0,0
2005,400651,1,1,28,28,28,28,28,28,28,28,28,28
2005,400652,1,1,22,22,22,22,22,22,22,22,22,22
2005,400653,1,1,24,24,24,24,24,24,24,24,24,24
2005,400654,1,1,0,0,0,0,0,0,0,0,0,0
2005,400655,1,1,28,5,35,12,19,12,31,24,12,9
2005,400656,1,1,16,16,16,16,16,16,16,16,16,16
2005,400657,1,1,10,10,10,10,10,10,10,10,10,10
2005,400657,2,1,0,0,0,0,0,0,0,0,0,0
2005,400658,1,1,15,15,15,15,15,15,15,15,15,15
2005,400659,1,1,17,17,17,17,17,17,17,17,17,17
2005,400660,1,1,0,0,0,0,0,0,0,0,0,0
2005,400662,0,1,0,0,0,0,0,0,0,0,0,0
2005,400662,1,1,0,0,0,0,0,0,0,0,0,0
2005,400663,1,1,21,21,21,21,21,21,21,21,21,21
2005,400664,1,1,0,0,0,0,0,0,0,0,0,0
2005,400665,1,1,0,19,0,3,0,3,23,0,0,30
2005,400666,1,1,16,16,16,16,16,16,16,16,16,16
2005,400667,1,1,19,19,19,19,19,19,19,19,19,19
2005,400667,2,1,0,0,15,4,0,0,0,0,7,0
2005,400667,3,1,0,0,0,0,0,0,0,0,0,0
2005,400667,4,1,0,0,0,0,0,0,0,0,0,0
2005,400668,0,1,0,0,0,0,0,0,0,0,0,0
2005,400668,1,1,0,0,0,0,21,0,13,0,0,0
2005,400669,1,1,0,0,17,0,0,10,0,20,16,20
2005,400670,1,1,0,26,0,0,0,0,0,0,15,0
2005,400671,1,1,0,0,0,0,0,0,0,0,0,0
2005,400671,2,1,0,0,0,0,0,0,0,0,0,0
2005,400672,0,1,0,0,0,0,0,0,0,0,0,0
2005,400672,1,1,0,0,0,0,0,0,0,0,0,0
2005,400673,0,1,0,0,0,0,0,0,0,0,0,0
2005,400673,1,1,0,0,0,29,0,0,0,0,0,19
2005,400674,1,1,13,13,13,13,13,13,13,13,13,13
2005,400674,2,1,19,0,0,0,13,5,0,0,8,12
2005,400675,1,1,0,0,0,0,0,0,0,0,0,0
2005,400675,2,1,0,0,0,0,0,0,0,0,0,0
2005,400676,1,1,0,0,8,0,0,0,0,0,0,13
2005,400676,2,1,0,0,0,0,0,0,28,0,25,0
2005,400676,3,1,16,15,0,23,0,6,12,0,26,0
2005,400677,1,1,0,0,0,8,0,0,0,0,0,0
2005,400677,2,1,0,0,0,0,0,0,0,0,0,0
2005,400679,1,1,0,0,0,0,0,0,0,0,0,0
2005,400679,2,1,0,0,0,0,0,0,0,0,0,0
2005,400680,1,1,0,0,0,0,0,0,0,0,0,0
2005,400681,1,1,12,0,25,0,0,0,0,0,0,39
2005,400682,1,1,0,0,0,0,0,0,0,0,0,0
2005,400683,0,1,0,0,0,0,0,0,0,0,0,0
2005,400683,1,1,0,0,0,0,0,0,0,0,0,0
2005,400684,1,1,0,0,0,0,0,0,0,0,0,0
2005,400685,1,1,21,21,21,21,21,21,21,21,21,21