YEAR,ST_CASE,veh_no,per_no,P1,P2,P3,P4,P5,P6,P7,P8,P9,P10
2005,400686,0,1,25,25,25,25,25,25,25,25,25,25
2005,400686,1,1,0,0,0,0,0,0,0,0,0,0
2005,400687,1,1,20,20,20,20,20,20,20,20,20,20
2005,400687,2,1,0,0,0,0,6,0,0,0,0,0
2005,400688,1,1,0,0,0,0,0,0,0,0,0,0
2005,400689,1,1,0,0,0,0,0,0,0,0,0,0
2005,400690,1,1,0,0,0,0,0,0,0,0,0,0
2005,400690,2,1,0,0,0,0,0,0,0,0,0,0
2005,400691,1,1,0,0,0,0,0,0,0,0,0,0
2005,400691,2,1,0,0,0,0,0,0,0,0,0,0
2005,400692,2,1,0,0,0,0,0,0,0,0,0,0
2005,400693,1,1,0,0,0,0,0,0,0,0,0,0
2005,400693,2,1,0,0,0,0,0,0,0,0,0,0
2005,400694,1,1,25,25,25,25,25,25,25,25,25,25
2005,400695,1,1,0,0,0,0,0,0,0,0,0,0
2005,400696,1,1,0,0,0,0,0,0,0,0,0,0
2005,400697,1,1,0,0,0,0,0,0,0,0,0,0
2005,400697,2,1,0,0,0,0,0,0,0,0,0,0
2005,400698,0,1,0,0,0,0,0,0,0,0,0,0
2005,400698,2,1,0,0,0,0,0,0,0,0,0,0
2005,400699,1,1,0,0,0,0,0,0,0,0,0,0
2005,400699,2,1,0,0,0,0,0,0,0,0,0,0
2005,400700,1,1,0,0,0,0,15,0,0,0,0,0
2005,400700,2,1,0,0,0,0,0,0,0,0,12,0
2005,400701,1,1,0,0,0,0,0,0,0,0,19,0
2005,400702,1,1,0,0,0,0,0,0,0,0,0,0
2005,400702,2,1,0,0,0,5,0,0,0,0,0,0
2005,400703,1,1,8,0,18,14,0,13,6,0,0,0
2005,400704,1,1,21,21,21,21,21,21,21,21,21,21
2005,400705,1,1,17,17,17,17,17,17,17,17,17,17
2005,400706,1,1,0,0,0,0,0,0,0,0,0,12
2005,400706,2,1,0,0,0,0,0,0,0,13,0,0
2005,400707,1,1,0,0,0,0,0,0,0,0,0,0
2005,400707,2,1,0,0,0,0,0,0,0,0,0,0
2005,400708,1,1,0,0,0,0,0,0,0,0,0,0
2005,400708,2,1,0,0,0,0,0,0,0,0,0,0
2005,400709,1,1,0,0,0,0,0,0,0,0,0,0
2005,400709,2,1,0,0,0,0,0,0,0,0,0,0
2005,400709,3,1,0,0,0,0,0,0,9,0,7,0
2005,400710,1,1,22,9,0,15,18,15,28,0,14,29
2005,400711,1,1,0,0,0,0,0,0,0,0,0,0
2005,400711,2,1,0,0,0,0,0,0,0,0,0,0
2005,400711,3,1,18,0,0,0,0,0,0,0,0,0
2005,400712,1,1,0,0,0,0,0,0,0,0,0,0
2005,400712,2,1,0,0,0,0,0,0,0,0,0,0
2005,400713,1,1,0,0,0,0,0,0,0,8,0,0
2005,400714,1,1,0,0,0,0,0,0,0,0,3,0
2005,400715,1,1,0,0,0,0,0,0,0,0,0,0
2005,400715,2,1,0,0,0,0,0,0,0,0,0,0
2005,400716,1,1,29,0,0,4,0,35,0,0,23,6
2005,410001,1,1,0,0,0,0,0,0,0,0,0,0
2005,410002,1,1,0,0,0,0,0,0,0,0,0,0
2005,410003,1,1,0,0,0,0,0,0,0,0,0,0
2005,410003,2,1,0,0,0,0,0,0,0,0,0,0
2005,410003,3,1,0,0,0,0,0,0,0,0,0,0
2005,410004,0,1,0,0,0,0,0,0,0,0,0,0
2005,410004,1,1,4,4,4,4,4,4,4,4,4,4
2005,410005,1,1,0,0,0,0,0,0,0,0,0,0
2005,410006,1,1,0,0,0,0,0,0,0,0,0,0
2005,410006,2,1,0,0,0,0,0,0,0,0,0,0
2005,410007,0,1,0,0,0,0,0,0,0,0,0,0
2005,410007,1,1,0,0,0,0,0,0,0,0,14,0
2005,410008,1,1,0,0,0,0,0,0,0,0,0,0
2005,410008,2,1,0,0,0,0,0,0,0,0,0,0
2005,410009,1,1,10,10,10,10,10,10,10,10,10,10
2005,410010,1,1,0,0,0,0,0,0,0,0,0,0
2005,410010,2,1,0,0,0,0,0,0,0,0,0,0
2005,410011,1,1,1,1,1,1,1,1,1,1,1,1
2005,410011,2,1,0,0,0,2,0,0,0,0,0,0
2005,410012,1,1,0,0,0,0,0,0,0,0,0,0
2005,410012,2,1,0,0,0,0,0,0,0,0,0,0
2005,410012,3,1,0,0,0,0,0,0,0,0,0,0
2005,410013,1,1,0,0,0,0,0,0,0,0,0,0
2005,410013,2,1,0,0,0,0,0,0,0,0,0,0
2005,410014,1,1,13,0,0,0,0,0,0,0,0,0
2005,410015,0,1,0,0,0,0,0,0,0,0,0,0
2005,410015,1,1,0,0,0,0,0,0,0,0,0,0
2005,410016,1,1,0,0,0,0,0,0,0,0,0,0
2005,410016,2,1,18,18,18,18,18,18,18,18,18,18
2005,410017,1,1,4,4,4,4,4,4,4,4,4,4
2005,410017,2,1,0,0,0,0,0,0,0,0,0,0
2005,410018,1,1,12,12,12,12,12,12,12,12,12,12
2005,410018,2,1,0,0,0,0,0,0,0,0,0,0
2005,410021,1,1,0,0,0,0,0,0,0,0,0,0
2005,410021,2,1,0,0,0,0,0,0,0,0,0,0
2005,410022,1,1,0,0,0,0,0,0,0,0,0,0
2005,410022,2,1,0,0,0,0,0,0,0,0,0,0
2005,410023,1,1,12,12,12,12,12,12,12,12,12,12
2005,410023,2,1,0,0,0,0,0,0,0,0,0,0
2005,410023,3,1,0,0,0,0,0,0,0,0,0,0
2005,410023,4,1,9,9,9,9,9,9,9,9,9,9
2005,410024,1,1,0,0,0,0,0,0,0,0,0,0
2005,410024,2,1,0,0,0,0,0,0,0,0,0,0
2005,410025,1,1,0,0,0,0,0,0,0,0,0,0
2005,410026,1,1,0,0,0,0,0,0,0,0,0,0
2005,410027,1,1,0,0,0,0,0,0,0,0,0,0
2005,410027,2,1,0,0,0,0,0,0,0,0,0,0
2005,410028,1,1,15,15,15,15,15,15,15,15,15,15
2005,410029,0,1,5,0,0,0,0,0,0,0,0,0
2005,410029,1,1,0,0,0,0,0,0,0,0,0,0
2005,410029,2,1,0,0,0,0,0,0,0,0,0,0
2005,410030,1,1,0,0,0,0,0,0,0,0,0,0
2005,410030,2,1,0,0,0,0,0,0,0,0,0,0
2005,410030,3,1,0,0,0,0,0,0,0,2,0,0
2005,410031,1,1,0,0,0,0,0,0,0,0,0,0
2005,410032,1,1,0,0,0,0,0,0,0,0,0,0
2005,410032,2,1,0,0,0,0,0,0,0,0,0,0
2005,410032,3,1,0,0,0,0,0,0,0,0,0,0
2005,410033,1,1,0,0,0,0,0,0,0,0,0,0
2005,410034,1,1,0,0,0,0,0,0,0,0,0,0
2005,410035,0,1,0,0,0,0,0,0,0,0,0,0
2005,410035,1,1,0,0,0,0,0,0,0,0,0,0
2005,410036,0,1,14,14,14,14,14,14,14,14,14,14
2005,410036,1,1,0,22,0,0,0,0,0,0,0,0
2005,410037,1,1,17,17,17,17,17,17,17,17,17,17
2005,410038,1,1,11,11,11,11,11,11,11,11,11,11
2005,410039,1,1,0,0,0,0,0,0,0,0,0,0
2005,410040,1,1,0,0,0,0,0,0,0,0,0,0
2005,410040,2,1,0,0,0,0,0,0,0,0,0,0
2005,410041,1,1,0,0,0,0,0,0,0,0,0,0
2005,410041,2,1,0,0,0,0,0,0,0,0,0,0
2005,410042,1,1,0,0,0,0,0,0,0,0,0,0
2005,410043,1,1,9,9,9,9,9,9,9,9,9,9
2005,410044,1,1,0,0,0,0,0,0,0,0,0,0
2005,410045,0,1,36,36,36,36,36,36,36,36,36,36
2005,410045,1,1,0,0,0,0,0,0,0,0,0,0
2005,410045,2,1,0,0,12,0,0,32,0,0,0,0
2005,410046,1,1,0,0,0,0,0,0,0,0,0,0
2005,410046,2,1,0,0,0,0,0,0,0,0,0,0
2005,410047,1,1,16,16,16,16,16,16,16,16,16,16
2005,410047,2,1,0,0,0,0,0,0,0,0,0,0
2005,410048,1,1,0,0,0,0,0,0,0,0,0,0
2005,410048,2,1,0,0,0,0,0,0,0,0,0,0
2005,410049,1,1,27,27,27,27,27,27,27,27,27,27
2005,410050,1,1,22,22,22,22,22,22,22,22,22,22
2005,410051,1,1,0,0,0,0,0,0,0,0,0,0
2005,410052,1,1,19,19,19,19,19,19,19,19,19,19
2005,410053,1,1,0,0,0,0,0,0,13,0,0,0
2005,410053,2,1,0,0,0,0,0,0,0,0,0,0
2005,410054,0,1,8,8,8,8,8,8,8,8,8,8
2005,410054,1,1,0,0,0,0,0,0,0,0,0,0
2005,410055,1,1,0,0,0,0,0,0,0,0,0,0
2005,410055,2,1,0,0,0,0,0,0,0,0,0,0
2005,410055,3,1,0,0,0,0,0,0,0,0,0,0
2005,410055,4,1,0,0,0,0,0,0,0,0,0,0
2005,410055,5,1,0,0,0,0,0,0,0,0,0,0
2005,410056,1,1,0,0,0,0,0,0,0,0,0,0
2005,410056,2,1,0,0,0,0,0,0,0,0,0,0
2005,410057,1,1,9,9,9,9,9,9,9,9,9,9
2005,410057,2,1,0,0,0,0,0,0,0,0,0,0
2005,410058,1,1,0,0,0,0,0,0,0,0,0,0
2005,410059,1,1,0,0,0,0,0,0,0,0,0,0
2005,410059,2,1,0,0,0,0,0,0,0,0,0,0
2005,410060,1,1,0,0,0,0,0,0,0,0,0,0
2005,410061,1,1,0,0,0,0,0,0,0,0,0,0
2005,410061,2,1,0,0,0,0,0,0,0,0,0,0
2005,410061,3,1,0,0,0,0,0,0,0,0,0,0
2005,410061,4,1,0,0,0,0,0,0,0,0,0,0
2005,410061,5,1,0,0,0,0,0,0,0,0,0,0
2005,410062,1,1,0,0,0,0,0,0,0,0,0,0
2005,410062,2,1,0,0,0,0,0,0,0,0,0,0
2005,410063,1,1,0,0,0,0,0,0,0,0,0,0
2005,410063,2,1,0,0,0,0,0,0,0,0,0,0
2005,410064,1,1,0,0,0,0,0,0,0,0,0,0
2005,410065,1,1,0,0,0,0,0,0,0,0,0,0
2005,410065,2,1,0,0,0,0,0,0,0,0,0,0
2005,410067,0,1,0,0,0,0,0,0,0,0,0,0
2005,410067,1,1,0,0,0,0,0,0,0,0,0,0
2005,410068,1,1,0,0,0,0,0,0,0,0,0,0
2005,410068,2,1,0,0,0,0,0,0,0,0,0,0
2005,410068,3,1,0,13,0,0,0,0,0,0,0,0
2005,410069,1,1,0,5,0,0,12,0,7,25,0,6
2005,410069,2,1,0,0,0,0,0,0,0,0,0,0
2005,410070,1,1,0,0,0,0,0,0,0,0,0,0
2005,410071,0,1,1,1,1,1,1,1,1,1,1,1
2005,410071,1,1,0,0,0,0,0,0,0,0,0,0
2005,410072,0,1,0,0,0,0,0,0,0,0,0,0
2005,410072,1,1,0,0,0,0,0,0,0,0,0,0
2005,410073,1,1,21,21,21,21,21,21,21,21,21,21
2005,410074,1,1,0,0,0,0,0,0,0,0,0,0
2005,410074,2,1,0,0,0,0,0,0,0,0,0,0
2005,410074,3,1,0,0,0,0,0,0,0,0,0,0
2005,410075,1,1,26,26,26,26,26,26,26,26,26,26
2005,410076,1,1,31,31,31,31,31,31,31,31,31,31
2005,410076,2,1,0,0,0,0,0,0,0,0,0,0
2005,410076,3,1,0,0,0,0,0,0,0,0,0,0
2005,410076,4,1,0,0,0,0,0,0,0,0,0,0
2005,410078,1,1,0,18,18,29,15,19,20,0,33,0
2005,410079,1,1,7,7,7,7,7,7,7,7,7,7
2005,410080,1,1,0,0,0,0,0,0,0,0,0,0
2005,410080,2,1,3,3,3,3,3,3,3,3,3,3
2005,410081,1,1,0,0,0,0,0,0,0,0,0,0
2005,410082,1,1,9,9,9,9,9,9,9,9,9,9
2005,410082,2,1,0,0,0,0,0,0,0,0,0,0
2005,410083,1,1,16,16,16,16,16,16,16,16,16,16
2005,410084,0,1,0,0,0,0,0,0,0,0,0,0
2005,410084,1,1,0,0,0,0,0,0,0,0,0,0
2005,410085,1,1,0,0,0,0,0,0,0,0,0,0
2005,410085,2,1,0,0,0,0,0,0,0,0,0,0
2005,410086,1,1,0,0,0,0,0,0,0,0,0,0
2005,410087,1,1,0,0,0,0,0,0,0,0,0,0
2005,410087,2,1,0,0,0,0,0,0,0,0,0,0
2005,410088,1,1,0,0,0,0,0,0,0,0,0,0
2005,410088,2,1,0,0,0,0,0,0,0,0,0,0
2005,410089,1,1,0,0,0,0,0,0,0,0,0,0
2005,410090,1,1,18,18,18,18,18,18,18,18,18,18
2005,410091,1,1,0,0,0,0,0,0,0,0,0,0
2005,410091,2,1,0,0,0,0,0,0,0,0,0,0
2005,410091,3,1,0,0,0,0,0,0,0,18,0,0
2005,410092,1,1,23,23,23,23,23,23,23,23,23,23
2005,410092,2,1,0,0,0,5,0,0,0,0,0,0
2005,410093,1,1,0,0,0,0,0,0,0,0,0,0
2005,410093,2,1,0,0,0,0,0,0,0,0,0,0
2005,410093,3,1,0,0,0,0,0,0,0,0,0,0
2005,410094,1,1,11,26,0,0,16,0,0,0,0,0
2005,410096,1,1,0,0,0,0,0,0,0,0,0,0
2005,410097,1,1,5,5,5,5,5,5,5,5,5,5
2005,410098,1,1,0,0,0,0,0,0,0,0,0,0
2005,410099,1,1,0,0,0,0,0,0,0,0,0,0
2005,410099,2,1,0,0,0,0,0,0,0,0,0,0
2005,410099,3,1,0,0,0,0,0,0,0,0,0,0
2005,410100,1,1,0,0,0,0,0,0,0,0,0,0
2005,410100,2,1,0,0,0,0,0,0,0,0,0,0
2005,410100,3,1,0,0,0,0,0,0,0,0,0,0
2005,410101,0,1,0,0,0,0,0,0,0,0,0,0
2005,410101,0,2,15,12,0,4,25,0,14,3,0,20
2005,410101,1,1,0,0,0,0,0,0,0,0,0,0
2005,410102,1,1,3,3,3,3,3,3,3,3,3,3
2005,410103,1,1,1,1,1,1,1,1,1,1,1,1
2005,410104,0,1,0,0,0,0,0,0,0,0,0,0
2005,410104,0,2,18,39,40,30,0,32,19,0,0,22
2005,410104,1,1,0,0,0,0,0,0,0,0,0,0
2005,410104,2,1,0,0,0,0,0,0,0,0,0,0
2005,410105,1,1,0,0,0,0,0,0,0,0,0,0
2005,410105,2,1,0,0,0,0,0,0,15,0,0,0
2005,410105,3,1,0,0,0,0,5,17,0,6,0,0
2005,410106,1,1,0,0,0,0,0,0,0,0,0,0
2005,410106,2,1,0,0,0,0,0,0,0,0,0,0
2005,410107,1,1,0,0,0,0,0,0,0,0,0,0
2005,410107,2,1,0,0,0,0,0,0,0,0,0,0
2005,410108,1,1,0,0,0,0,0,0,0,0,0,0
2005,410108,2,1,0,0,0,0,0,0,0,0,0,0
2005,410109,1,1,0,0,0,0,0,0,0,4,0,0
2005,410110,1,1,1,1,1,1,1,1,1,1,1,1
2005,410110,2,1,0,0,0,0,0,0,0,0,0,0
2005,410111,1,1,14,14,14,14,14,14,14,14,14,14
2005,410112,1,1,0,0,0,0,0,23,0,0,0,0
2005,410112,2,1,5,0,0,0,0,39,0,0,0,0
2005,410113,0,1,23,23,23,23,23,23,23,23,23,23
2005,410113,1,1,0,0,0,0,0,0,0,0,0,0
2005,410114,1,1,0,0,0,0,0,0,0,0,0,0
2005,410114,2,1,0,0,0,0,7,0,0,0,0,0
2005,410115,1,1,0,0,0,0,0,0,0,0,0,0
2005,410115,2,1,0,0,0,0,0,0,0,0,0,0
2005,410115,3,1,0,0,0,0,0,0,0,0,0,0
2005,410115,4,1,0,0,0,0,0,17,0,0,0,19
2005,410115,5,1,0,0,0,0,0,0,0,0,0,0
2005,410116,1,1,0,0,0,0,0,0,0,0,0,0
2005,410117,1,1,0,0,0,0,0,0,0,0,0,0
2005,410117,2,1,0,0,0,0,0,0,0,0,0,0
2005,410118,1,1,23,23,23,23,23,23,23,23,23,23
2005,410119,1,1,28,28,28,28,28,28,28,28,28,28
2005,410120,1,1,0,0,0,0,0,0,0,0,0,0
2005,410120,2,1,0,0,0,0,0,0,0,0,0,0
2005,410121,1,1,6,6,6,6,6,6,6,6,6,6
2005,410122,1,1,0,0,0,0,0,0,0,0,0,0
2005,410123,1,1,8,8,8,8,8,8,8,8,8,8
2005,410124,1,1,0,0,0,0,0,0,0,0,0,0
2005,410124,2,1,6,0,0,0,0,0,0,0,2,0
2005,410125,1,1,22,22,22,22,22,22,22,22,22,22
2005,410126,1,1,19,19,19,19,19,19,19,19,19,19
2005,410127,1,1,0,0,19,0,0,0,0,0,0,0
2005,410127,2,1,0,0,0,0,0,0,0,0,0,0
2005,410128,1,1,10,10,10,10,10,10,10,10,10,10
2005,410129,1,1,0,0,0,0,0,0,0,0,0,0
2005,410129,2,1,1,1,1,1,1,1,1,1,1,1
2005,410130,1,1,26,26,26,26,26,26,26,26,26,26
2005,410131,1,1,13,13,13,13,13,13,13,13,13,13
2005,410132,1,1,8,0,22,0,0,19,0,0,0,0
2005,410133,1,1,24,24,24,24,24,24,24,24,24,24
2005,410134,0,1,0,0,0,0,0,0,0,0,0,0
2005,410134,1,1,17,0,13,0,30,0,0,14,0,0
2005,410135,1,1,0,0,0,0,0,0,0,0,0,0
2005,410136,1,1,11,0,0,0,8,0,0,0,0,0
2005,410136,2,1,0,0,15,19,0,8,0,0,18,0
2005,410137,1,1,0,0,0,0,0,0,0,0,0,0
2005,410137,2,1,0,0,0,0,0,0,0,0,0,0
2005,410138,1,1,17,36,6,26,11,18,10,14,19,14
2005,410139,1,1,1,1,1,1,1,1,1,1,1,1
2005,410140,1,1,22,22,22,22,22,22,22,22,22,22
2005,410141,1,1,23,23,23,23,23,23,23,23,23,23
2005,410142,1,1,0,0,0,0,0,0,0,0,0,0
2005,410142,2,1,0,0,0,0,0,0,0,0,0,0
2005,410143,0,1,33,33,33,33,33,33,33,33,33,33
2005,410143,1,1,20,20,20,20,20,20,20,20,20,20
2005,410144,1,1,15,15,15,15,15,15,15,15,15,15
2005,410145,1,1,0,0,0,0,0,0,0,0,0,0
2005,410145,2,1,0,0,0,0,0,0,0,0,0,0
2005,410146,1,1,0,0,0,0,0,0,0,0,0,0
2005,410146,2,1,0,0,0,0,0,0,0,0,0,0
2005,410147,1,1,0,0,0,0,0,0,0,0,0,0
2005,410148,0,1,10,10,10,10,10,10,10,10,10,10
2005,410148,1,1,0,0,0,0,0,0,0,0,0,0
2005,410149,1,1,2,2,2,2,2,2,2,2,2,2
2005,410149,2,1,0,0,0,0,0,0,0,0,0,0
2005,410149,3,1,0,0,0,0,0,0,11,0,0,0
2005,410150,1,1,0,0,0,0,0,0,0,0,0,0
2005,410150,2,1,0,0,0,0,0,0,0,0,0,0
2005,410151,1,1,0,0,0,0,0,0,0,0,0,0
2005,410152,1,1,0,0,0,0,0,0,0,0,0,0
2005,410152,2,1,0,0,0,0,0,0,0,0,0,0
2005,410153,1,1,0,0,0,0,0,0,0,0,0,0
2005,410153,2,1,0,0,0,0,0,0,0,0,0,0
2005,410154,1,1,0,0,0,0,0,0,0,0,0,0
2005,410155,0,1,20,20,20,20,20,20,20,20,20,20
2005,410155,1,1,0,0,0,0,0,0,0,0,0,0
2005,410156,1,1,0,0,0,0,0,0,0,0,0,0
2005,410157,1,1,0,0,0,0,0,0,0,0,0,0
2005,410157,2,1,0,0,0,0,0,0,0,0,0,0
2005,410157,3,1,0,0,0,0,0,0,0,0,0,0
2005,410157,4,1,0,0,0,0,0,0,0,0,0,0
2005,410157,5,1,0,0,0,0,0,0,0,0,0,0
2005,410158,1,1,0,0,0,0,0,0,0,0,0,0
2005,410158,2,1,0,0,0,0,0,0,0,0,0,0
2005,410158,3,1,0,0,0,0,0,0,0,0,0,0
2005,410159,1,1,0,0,0,0,0,0,0,0,0,0
2005,410159,2,1,0,0,0,0,0,0,0,0,0,0
2005,410160,1,1,17,17,17,17,17,17,17,17,17,17
2005,410160,2,1,0,0,0,0,0,0,0,0,0,0
2005,410161,0,1,0,0,0,0,0,0,0,0,0,0
2005,410161,1,1,0,0,0,0,0,0,0,0,0,0
2005,410162,1,1,0,0,0,0,0,0,0,0,0,0
2005,410162,2,1,0,0,0,0,0,0,0,0,0,0
2005,410163,0,1,0,0,0,0,11,0,0,0,0,0
2005,410163,1,1,8,0,0,0,0,0,0,0,0,0
2005,410163,2,1,0,0,0,0,0,0,0,0,0,13
2005,410164,0,1,0,0,0,0,0,0,0,0,0,0
2005,410164,1,1,0,0,0,0,0,0,0,0,0,0
2005,410165,0,1,0,0,0,0,0,0,0,0,0,0
2005,410165,1,1,0,0,0,0,0,0,0,0,0,0
2005,410166,0,1,0,0,0,0,0,0,0,0,0,0
2005,410166,1,1,16,0,8,0,0,0,0,0,0,12
2005,410167,0,1,0,0,0,0,0,0,0,0,0,0
2005,410167,1,1,0,0,0,0,0,0,0,0,0,0
2005,410168,1,1,0,0,0,0,0,0,0,0,0,0
2005,410168,2,1,0,0,0,0,0,0,0,0,0,0
2005,410169,1,1,24,24,24,24,24,24,24,24,24,24
2005,410170,1,1,20,20,20,20,20,20,20,20,20,20
2005,410171,1,1,0,0,0,0,0,0,0,0,0,0
2005,410171,2,1,0,0,0,0,0,0,0,0,0,0
2005,410172,1,1,14,14,14,14,14,14,14,14,14,14
2005,410173,1,1,0,0,0,0,0,0,0,0,0,0
2005,410174,1,1,0,0,0,0,0,0,0,0,0,0
2005,410175,1,1,0,0,0,0,0,0,0,0,0,0
2005,410175,2,1,0,0,0,0,0,0,0,0,0,0
2005,410176,0,1,0,0,0,0,6,0,0,0,0,0
2005,410176,1,1,0,0,0,0,0,0,0,0,0,0
2005,410177,1,1,0,0,0,0,0,0,0,0,0,0
2005,410178,1,1,17,26,18,17,20,24,28,16,8,28
2005,410179,0,1,11,11,11,11,11,11,11,11,11,11
2005,410179,1,1,10,18,9,9,19,25,7,0,18,9
2005,410179,2,1,0,0,0,0,8,0,11,0,0,0
2005,410180,1,1,0,0,0,0,0,0,0,0,0,0
2005,410181,1,1,18,18,18,18,18,18,18,18,18,18
2005,410182,0,1,0,0,0,0,0,0,0,0,0,0
2005,410182,1,1,0,0,0,0,0,0,0,0,0,0
2005,410183,0,1,6,6,6,6,6,6,6,6,6,6
2005,410183,1,1,15,15,15,15,15,15,15,15,15,15
2005,410184,1,1,0,0,0,0,0,0,0,0,0,0
2005,410185,1,1,23,23,23,23,23,23,23,23,23,23
2005,410186,1,1,0,0,0,0,0,0,0,0,0,0
2005,410186,2,1,0,0,0,0,0,0,0,0,0,0
2005,410187,1,1,0,0,0,0,0,0,0,0,0,0
2005,410187,2,1,11,0,0,0,0,0,0,0,0,0
2005,410188,1,1,0,0,0,0,0,0,0,0,0,0
2005,410190,1,1,0,0,0,0,0,0,0,0,0,0
2005,410190,2,1,0,0,0,0,0,0,0,0,0,0
2005,410191,1,1,0,0,0,0,0,0,0,0,0,0
2005,410192,0,1,0,0,0,0,0,0,0,0,0,0
2005,410192,1,1,0,0,0,0,0,0,0,0,10,0
2005,410193,1,1,28,0,0,0,0,0,0,9,0,0
2005,410193,2,1,0,0,0,0,0,0,0,0,0,0
2005,410194,1,1,0,0,0,0,0,0,0,0,0,0
2005,410194,2,1,0,0,0,0,0,0,0,0,0,0
2005,410194,3,1,0,0,0,0,0,0,0,0,0,0
2005,410195,1,1,0,0,0,0,0,0,0,0,0,0
2005,410196,1,1,0,0,0,0,0,0,0,0,0,0
2005,410197,1,1,0,0,0,0,0,0,0,0,0,0
2005,410198,1,1,13,13,19,25,9,15,34,36,25,16
2005,410199,1,1,0,0,0,0,0,0,0,0,0,0
2005,410199,2,1,0,0,0,0,0,0,0,0,0,0
2005,410200,1,1,0,0,0,0,0,0,0,0,0,0
2005,410201,1,1,11,11,11,11,11,11,11,11,11,11
2005,410202,1,1,0,0,0,0,0,0,0,0,0,0
2005,410202,2,1,0,0,0,0,0,0,0,0,0,0
2005,410203,1,1,0,0,0,0,0,0,0,0,0,0
2005,410203,2,1,0,0,0,0,0,0,0,0,0,0
2005,410203,3,1,0,0,0,0,0,0,0,0,0,0
2005,410204,1,1,9,9,9,9,9,9,9,9,9,9
2005,410204,2,1,0,0,0,0,0,0,0,0,0,0
2005,410205,1,1,0,0,0,0,0,0,0,0,0,0
2005,410205,2,1,0,0,0,0,0,30,0,0,0,20
2005,410206,1,1,0,0,0,0,0,0,0,0,0,25
2005,410206,2,1,0,0,0,0,0,0,0,0,0,0
2005,410207,1,1,0,0,0,0,0,0,0,0,0,0
2005,410207,2,1,0,0,0,0,0,0,0,0,0,0
2005,410208,1,1,11,11,11,11,11,11,11,11,11,11
2005,410208,2,1,0,0,0,0,0,0,0,0,0,0
2005,410208,3,1,0,15,0,0,0,0,0,0,0,0
2005,410209,1,1,0,3,0,0,0,0,0,0,0,0
2005,410210,1,1,27,27,27,27,27,27,27,27,27,27
2005,410211,1,1,0,28,0,0,0,0,0,16,0,15
2005,410212,1,1,0,0,0,0,0,0,0,0,0,0
2005,410212,2,1,11,11,11,11,11,11,11,11,11,11
2005,410213,1,1,27,27,27,27,27,27,27,27,27,27
2005,410214,0,1,1,1,1,1,1,1,1,1,1,1
2005,410214,1,1,0,19,0,0,0,0,0,0,0,32
2005,410215,0,1,22,22,22,22,22,22,22,22,22,22
2005,410215,1,1,0,0,0,0,0,9,0,0,0,0
2005,410216,1,1,0,0,0,0,0,0,0,0,0,0
2005,410217,1,1,0,0,0,0,0,0,0,0,0,0
2005,410217,2,1,7,0,0,0,0,0,18,0,0,0
2005,410218,1,1,0,0,0,0,0,0,0,0,0,0
2005,410218,2,1,0,0,0,0,0,0,0,0,0,0
2005,410219,1,1,0,0,0,0,0,0,0,0,0,0
2005,410219,2,1,0,0,0,0,0,0,0,0,0,0
2005,410220,1,1,30,30,30,30,30,30,30,30,30,30
2005,410221,1,1,0,0,0,0,0,0,0,0,0,0
2005,410221,2,1,0,0,0,0,0,0,0,0,0,0
2005,410222,1,1,8,8,8,8,8,8,8,8,8,8
2005,410223,1,1,0,0,0,0,0,0,0,0,0,0
2005,410223,2,1,0,0,0,0,0,0,0,0,0,0
2005,410224,1,1,8,8,8,8,8,8,8,8,8,8
2005,410225,1,1,6,6,6,6,6,6,6,6,6,6
2005,410226,1,1,0,0,0,0,0,0,0,0,0,0
2005,410226,2,1,0,0,0,0,0,0,0,0,0,0
2005,410227,1,1,0,0,0,0,0,0,0,0,0,0
2005,410227,2,1,0,0,0,0,0,0,0,0,0,0
2005,410228,1,1,0,0,0,0,0,0,0,0,0,0
2005,410229,1,1,5,5,5,5,5,5,5,5,5,5
2005,410229,2,1,0,0,0,0,0,0,0,0,0,0
2005,410230,1,1,6,6,6,6,6,6,6,6,6,6
2005,410231,1,1,21,21,21,21,21,21,21,21,21,21
2005,410231,2,1,0,0,0,0,0,0,0,0,0,0
2005,410231,3,1,0,0,0,0,0,0,0,0,0,0
2005,410232,0,1,22,22,22,22,22,22,22,22,22,22
2005,410232,1,1,0,9,18,9,0,0,28,13,0,0
2005,410233,1,1,0,0,0,0,0,0,0,0,0,10
2005,410234,1,1,19,21,17,19,20,24,23,11,28,30
2005,410236,0,1,10,10,10,10,10,10,10,10,10,10
2005,410236,1,1,0,0,0,0,0,18,0,7,0,3
2005,410237,1,1,0,0,0,0,0,0,0,0,0,0
2005,410238,1,1,20,20,20,20,20,20,20,20,20,20
2005,410239,0,1,0,0,0,0,0,0,0,0,0,0
2005,410239,1,1,0,0,0,0,0,0,0,0,0,0
2005,410240,1,1,0,0,0,0,0,0,0,0,0,0
2005,410240,2,1,0,0,0,0,0,0,0,0,0,0
2005,410241,1,1,0,0,0,0,0,0,0,0,0,0
2005,410241,2,1,0,0,0,0,0,0,0,0,0,0
2005,410242,1,1,0,0,0,0,0,0,0,0,0,0
2005,410242,2,1,0,0,0,0,0,0,0,0,0,0
2005,410243,1,1,0,0,0,0,0,0,0,0,0,0
2005,410243,2,1,0,0,0,0,0,0,0,0,0,0
2005,410244,1,1,17,17,17,17,17,17,17,17,17,17
2005,410245,1,1,0,0,0,0,0,0,0,0,0,0
2005,410245,2,1,0,0,0,0,0,0,0,0,0,0
2005,410245,3,1,0,0,0,0,0,0,0,0,0,0
2005,410245,4,1,0,0,0,0,0,0,0,0,0,0