YEAR,ST_CASE,veh_no,per_no,P1,P2,P3,P4,P5,P6,P7,P8,P9,P10
2005,410246,1,1,0,0,0,0,0,0,0,0,0,0
2005,410246,2,1,0,0,0,0,0,0,0,0,20,0
2005,410246,3,1,0,0,0,0,0,0,0,0,0,0
2005,410247,1,1,0,0,0,0,0,0,0,0,0,0
2005,410248,1,1,22,22,22,22,22,22,22,22,22,22
2005,410249,1,1,0,0,0,0,0,0,0,0,0,0
2005,410249,2,1,0,0,0,0,0,0,0,0,0,0
2005,410250,1,1,5,5,5,5,5,5,5,5,5,5
2005,410251,1,1,15,15,15,15,15,15,15,15,15,15
2005,410252,1,1,0,0,0,0,0,0,0,0,0,0
2005,410252,2,1,0,0,0,0,0,0,0,0,0,0
2005,410253,0,1,1,1,1,1,1,1,1,1,1,1
2005,410253,0,2,0,0,0,0,0,0,0,0,0,0
2005,410253,1,1,9,0,0,0,0,0,0,0,0,22
2005,410254,1,1,21,21,21,21,21,21,21,21,21,21
2005,410255,0,1,0,0,0,0,0,0,0,0,0,0
2005,410255,1,1,0,0,0,0,0,0,0,0,0,0
2005,410256,1,1,0,0,0,0,0,0,0,0,0,0
2005,410257,1,1,9,9,9,9,9,9,9,9,9,9
2005,410257,2,1,0,0,0,0,0,0,0,0,0,0
2005,410258,1,1,0,0,0,0,0,0,0,0,0,0
2005,410259,1,1,0,0,0,0,0,0,0,0,0,0
2005,410259,2,1,15,0,0,0,0,0,0,0,0,0
2005,410260,1,1,0,0,0,0,0,0,0,0,0,0
2005,410260,2,1,0,0,0,0,0,0,6,0,0,0
2005,410260,3,1,28,0,44,0,0,0,19,0,0,0
2005,410260,4,1,0,0,0,7,0,0,0,11,0,0
2005,410260,5,1,0,0,0,0,0,0,0,0,0,0
2005,410261,1,1,14,14,14,14,14,14,14,14,14,14
2005,410262,1,1,0,0,0,0,0,0,0,0,0,0
2005,410262,2,1,0,0,0,0,0,0,0,0,0,0
2005,410263,1,1,0,0,0,0,0,0,0,0,0,0
2005,410264,1,1,0,0,0,0,0,0,0,0,0,0
2005,410264,2,1,0,0,0,0,0,0,0,0,0,0
2005,410265,0,1,21,21,21,21,21,21,21,21,21,21
2005,410265,1,1,0,0,0,0,0,0,0,0,0,0
2005,410266,1,1,18,18,18,18,18,18,18,18,18,18
2005,410267,1,1,0,0,0,0,0,0,0,0,0,0
2005,410268,1,1,17,17,17,17,17,17,17,17,17,17
2005,410269,1,1,0,0,0,0,0,0,0,0,0,0
2005,410269,2,1,0,0,0,0,0,0,0,0,0,0
2005,410270,1,1,0,0,0,0,0,0,0,0,0,0
2005,410270,2,1,0,0,0,0,0,0,0,0,0,0
2005,410271,1,1,3,3,3,3,3,3,3,3,3,3
2005,410272,1,1,0,0,0,7,0,9,0,0,0,0
2005,410272,2,1,0,0,0,0,0,0,0,0,0,0
2005,410272,3,1,0,0,0,0,0,0,0,0,0,0
2005,410273,1,1,0,0,0,0,0,12,0,12,0,0
2005,410274,1,1,10,10,10,10,10,10,10,10,10,10
2005,410275,1,1,13,13,13,13,13,13,13,13,13,13
2005,410276,1,1,0,0,0,0,0,0,0,0,0,0
2005,410276,2,1,0,0,0,0,0,0,0,0,0,0
2005,410276,3,1,0,0,0,0,0,0,0,0,0,0
2005,410276,4,1,0,0,0,0,0,0,0,0,0,0
2005,410277,1,1,0,0,0,0,0,0,0,0,0,0
2005,410278,0,1,0,0,0,0,0,0,0,0,0,0
2005,410278,1,1,0,0,0,0,0,0,0,0,0,0
2005,410279,1,1,12,0,0,0,0,0,0,0,0,0
2005,410279,2,1,0,0,0,0,0,0,0,0,0,0
2005,410280,1,1,17,17,17,17,17,17,17,17,17,17
2005,410281,1,1,20,20,20,20,20,20,20,20,20,20
2005,410281,2,1,0,0,0,0,0,0,0,0,0,0
2005,410282,1,1,0,0,0,0,0,0,0,0,0,0
2005,410282,2,1,0,0,0,0,0,0,0,0,0,0
2005,410283,0,1,0,0,0,0,0,0,0,0,0,0
2005,410283,1,1,17,13,0,0,0,11,0,6,7,11
2005,410284,1,1,0,0,0,0,0,0,0,0,0,0
2005,410284,2,1,0,0,0,0,0,0,0,0,0,0
2005,410285,1,1,3,3,3,3,3,3,3,3,3,3
2005,410287,1,1,5,5,5,5,5,5,5,5,5,5
2005,410288,1,1,0,0,0,0,0,0,0,0,0,0
2005,410288,2,1,0,0,0,0,0,0,0,0,0,0
2005,410289,1,1,0,0,0,0,0,0,0,0,0,0
2005,410290,1,1,10,10,10,10,10,10,10,10,10,10
2005,410291,1,1,48,48,48,48,48,48,48,48,48,48
2005,410292,1,1,0,0,0,0,0,0,0,0,0,0
2005,410293,1,1,0,0,0,0,0,0,0,0,0,0
2005,410294,1,1,16,16,16,16,16,16,16,16,16,16
2005,410295,1,1,0,0,0,0,0,0,0,0,0,0
2005,410296,1,1,17,17,17,17,17,17,17,17,17,17
2005,410296,2,1,0,0,0,0,0,0,0,0,22,0
2005,410297,1,1,11,11,11,11,11,11,11,11,11,11
2005,410298,0,1,0,0,0,22,0,30,0,0,0,0
2005,410298,1,1,0,0,0,0,0,0,0,0,0,0
2005,410299,1,1,0,0,0,0,0,0,0,0,0,0
2005,410299,2,1,0,0,0,0,3,0,0,0,0,0
2005,410300,0,1,0,0,0,0,0,0,0,0,0,0
2005,410300,1,1,0,0,0,19,0,0,0,0,0,0
2005,410301,1,1,0,0,0,0,0,0,0,0,0,0
2005,410302,1,1,0,0,0,0,0,0,0,0,0,0
2005,410302,2,1,0,0,0,0,0,0,0,0,0,0
2005,410302,3,1,0,0,0,26,0,0,0,0,0,0
2005,410303,1,1,0,0,0,0,0,0,0,0,0,0
2005,410303,2,1,0,0,0,0,0,0,0,0,0,0
2005,410304,1,1,18,18,18,18,18,18,18,18,18,18
2005,410306,1,1,20,20,20,20,20,20,20,20,20,20
2005,410307,1,1,25,25,25,25,25,25,25,25,25,25
2005,410308,1,1,0,0,0,0,0,0,0,0,0,0
2005,410308,2,1,0,0,0,0,0,0,0,0,0,0
2005,410309,1,1,0,0,0,0,0,0,0,0,0,0
2005,410309,2,1,0,0,0,0,0,0,0,0,0,0
2005,410310,1,1,3,0,0,10,0,0,0,0,0,0
2005,410310,2,1,0,0,0,0,0,0,0,0,0,0
2005,410310,3,1,0,0,0,0,0,0,0,0,0,0
2005,410311,1,1,0,0,0,0,0,0,0,0,0,0
2005,410312,1,1,0,0,0,0,0,0,0,0,0,0
2005,410312,2,1,0,0,0,0,0,0,0,0,0,0
2005,410313,1,1,0,0,0,0,0,0,0,0,0,0
2005,410314,1,1,0,0,0,0,0,0,0,0,0,0
2005,410314,2,1,8,8,8,8,8,8,8,8,8,8
2005,410315,1,1,0,0,0,0,0,0,0,0,0,0
2005,410316,0,1,0,0,0,0,0,0,0,0,0,0
2005,410316,1,1,5,25,14,15,0,17,14,0,19,21
2005,410317,1,1,0,0,0,0,0,0,0,0,5,0
2005,410318,1,1,31,31,31,31,31,31,31,31,31,31
2005,410318,2,1,0,0,0,0,0,0,0,0,0,0
2005,410319,1,1,25,25,25,25,25,25,25,25,25,25
2005,410319,2,1,0,0,3,0,5,0,0,0,0,0
2005,410320,1,1,0,0,0,0,0,0,0,0,0,0
2005,410320,2,1,0,0,0,0,0,0,0,0,0,0
2005,410321,1,1,0,0,0,0,0,0,0,0,0,0
2005,410321,2,1,0,0,0,0,0,0,0,0,0,0
2005,410322,0,1,19,19,19,19,19,19,19,19,19,19
2005,410322,1,1,0,0,0,0,0,0,0,0,0,0
2005,410323,1,1,0,0,0,0,0,0,0,0,0,0
2005,410323,2,1,0,0,0,0,0,0,0,0,0,0
2005,410324,1,1,18,18,18,18,18,18,18,18,18,18
2005,410324,2,1,0,0,0,0,0,0,0,0,0,0
2005,410325,1,1,12,12,12,12,12,12,12,12,12,12
2005,410326,1,1,21,21,21,21,21,21,21,21,21,21
2005,410327,1,1,0,0,0,0,0,0,0,0,0,0
2005,410328,1,1,0,0,0,0,0,0,0,0,0,0
2005,410329,1,1,20,20,20,20,20,20,20,20,20,20
2005,410330,1,1,18,18,18,18,18,18,18,18,18,18
2005,410331,0,1,7,7,7,7,7,7,7,7,7,7
2005,410331,1,1,0,0,0,0,0,0,0,0,0,0
2005,410332,1,1,0,0,0,0,0,0,0,0,0,0
2005,410332,2,1,0,0,0,0,0,0,0,0,0,0
2005,410333,1,1,36,36,36,36,36,36,36,36,36,36
2005,410334,1,1,22,22,22,22,22,22,22,22,22,22
2005,410335,1,1,22,0,0,0,0,0,0,0,13,0
2005,410336,1,1,0,0,0,0,0,0,0,0,0,0
2005,410336,2,1,0,0,0,0,0,0,0,0,0,0
2005,410337,1,1,25,25,25,25,25,25,25,25,25,25
2005,410338,1,1,15,15,15,15,15,15,15,15,15,15
2005,410339,1,1,0,0,0,0,0,0,0,0,0,0
2005,410340,2,1,0,0,0,0,0,0,0,0,0,0
2005,410341,1,1,0,0,0,0,0,0,0,0,0,0
2005,410341,2,1,0,0,0,0,0,0,0,0,0,0
2005,410342,1,1,0,0,0,0,0,0,0,0,0,0
2005,410342,2,1,0,0,0,0,0,0,0,0,0,0
2005,410343,1,1,17,17,17,17,17,17,17,17,17,17
2005,410344,1,1,0,0,0,0,0,0,0,0,0,0
2005,410344,2,1,0,0,0,0,0,0,0,0,0,0
2005,410345,0,1,0,0,0,0,0,0,0,0,0,0
2005,410345,0,2,0,0,0,0,0,0,0,0,0,0
2005,410345,1,1,0,0,0,0,0,0,0,0,0,0
2005,410346,1,1,0,0,0,0,0,0,0,0,0,0
2005,410346,2,1,0,0,0,0,0,0,0,0,0,0
2005,410347,1,1,17,17,17,17,17,17,17,17,17,17
2005,410347,2,1,0,0,0,7,11,0,0,0,0,0
2005,410347,3,1,0,0,11,6,0,0,10,14,0,0
2005,410348,0,1,0,0,0,0,0,0,0,0,0,0
2005,410348,1,1,0,0,0,0,0,0,0,0,0,0
2005,410349,1,1,0,0,0,0,0,0,0,0,0,0
2005,410349,2,1,0,0,0,0,0,0,0,0,0,0
2005,410350,1,1,0,0,0,0,0,0,0,0,0,0
2005,410350,2,1,0,0,0,0,0,0,0,0,0,0
2005,410351,0,1,14,14,14,14,14,14,14,14,14,14
2005,410351,1,1,13,0,0,14,0,0,41,9,0,0
2005,410352,1,1,0,0,0,0,0,0,0,0,0,0
2005,410352,2,1,0,0,0,0,0,0,0,0,0,0
2005,410353,1,1,0,0,0,0,0,0,0,0,0,0
2005,410353,2,1,0,0,19,0,0,0,0,0,0,0
2005,410354,1,1,30,30,30,30,30,30,30,30,30,30
2005,410355,1,1,29,29,29,29,29,29,29,29,29,29
2005,410356,1,1,0,0,0,0,0,0,0,0,0,0
2005,410357,1,1,0,0,0,0,0,0,0,0,0,0
2005,410358,1,1,0,0,0,0,0,0,0,0,0,0
2005,410358,2,1,0,0,0,0,0,0,0,0,0,0
2005,410359,0,1,22,22,22,22,22,22,22,22,22,22
2005,410359,1,1,0,0,0,0,0,0,0,0,0,0
2005,410359,2,1,0,0,0,0,0,13,0,0,10,0
2005,410360,1,1,0,0,0,0,0,0,0,0,0,0
2005,410360,2,1,0,0,0,0,0,0,0,0,0,0
2005,410361,1,1,0,0,0,0,0,0,0,0,0,0
2005,410361,2,1,0,0,0,0,0,0,0,0,0,0
2005,410362,1,1,0,0,0,0,0,0,0,0,0,0
2005,410363,1,1,0,0,0,15,0,0,0,0,0,16
2005,410363,2,1,0,0,0,0,0,0,0,0,28,16
2005,410364,1,1,0,0,0,0,0,0,0,0,0,0
2005,410364,2,1,20,20,20,20,20,20,20,20,20,20
2005,410364,3,1,0,0,0,0,0,0,0,0,0,0
2005,410365,1,1,0,0,0,0,0,0,0,0,0,0
2005,410366,1,1,0,0,0,0,0,0,0,0,0,0
2005,410366,2,1,0,0,0,0,0,0,0,0,0,0
2005,410367,1,1,0,0,0,0,0,0,0,0,0,0
2005,410368,1,1,0,0,0,0,0,0,0,0,0,0
2005,410368,2,1,0,0,0,0,0,0,0,0,0,0
2005,410369,1,1,0,0,0,0,0,0,0,0,0,0
2005,410370,1,1,0,0,0,0,0,0,0,0,0,0
2005,410370,2,1,0,0,0,0,0,0,0,0,0,0
2005,410371,1,1,0,0,0,0,0,0,0,0,0,0
2005,410371,2,1,0,0,0,0,0,0,0,0,0,0
2005,410372,1,1,0,0,0,0,0,0,0,0,0,0
2005,410373,1,1,0,0,0,0,0,0,0,0,0,0
2005,410373,2,1,0,0,0,0,0,0,0,0,0,0
2005,410374,1,1,13,13,13,13,13,13,13,13,13,13
2005,410374,2,1,0,0,0,0,0,0,0,0,0,0
2005,410375,1,1,0,0,0,0,0,0,0,0,0,0
2005,410375,2,1,3,3,3,3,3,3,3,3,3,3
2005,410376,1,1,0,0,0,0,0,0,0,0,0,0
2005,410377,1,1,0,0,0,0,0,0,0,0,0,0
2005,410379,1,1,27,27,27,27,27,27,27,27,27,27
2005,410380,1,1,0,0,0,0,0,0,0,0,0,0
2005,410380,2,1,0,0,0,0,0,0,0,0,0,0
2005,410381,0,1,0,0,0,0,0,0,0,0,0,0
2005,410381,1,1,0,0,0,0,0,0,0,0,0,0
2005,410382,1,1,0,0,0,0,0,0,0,0,0,0
2005,410383,0,1,0,0,0,0,0,0,0,0,0,0
2005,410383,1,1,0,0,0,0,0,0,0,0,0,0
2005,410384,1,1,0,0,0,0,0,0,0,0,0,0
2005,410385,0,1,5,5,5,5,5,5,5,5,5,5
2005,410385,1,1,0,0,0,0,0,0,0,0,0,0
2005,410386,1,1,0,0,0,0,0,0,0,0,0,0
2005,410387,1,1,0,0,0,0,0,0,0,0,0,0
2005,410388,1,1,0,0,0,0,0,0,0,0,0,0
2005,410388,2,1,0,0,0,0,0,0,0,0,0,0
2005,410389,1,1,24,24,24,24,24,24,24,24,24,24
2005,410390,1,1,0,0,0,17,0,0,0,18,0,0
2005,410390,2,1,0,0,0,9,0,0,0,0,0,0
2005,410391,1,1,0,0,0,0,0,0,0,0,0,0
2005,410391,2,1,0,0,0,0,0,0,0,0,0,0
2005,410392,1,1,0,0,0,0,0,0,0,0,0,0
2005,410392,2,1,0,0,0,0,0,0,0,0,0,0
2005,410393,1,1,0,0,0,0,0,0,0,0,0,0
2005,410394,1,1,0,0,0,0,0,0,0,0,0,0
2005,410394,2,1,0,0,0,0,0,0,0,0,0,0
2005,410395,1,1,7,7,7,7,7,7,7,7,7,7
2005,410396,1,1,0,0,0,0,0,0,0,0,0,0
2005,410396,2,1,0,0,0,0,0,0,0,0,8,0
2005,410397,1,1,0,0,0,0,0,0,0,0,0,0
2005,410397,2,1,0,0,0,0,0,0,0,0,0,0
2005,410398,1,1,0,0,0,0,0,0,0,0,0,0
2005,410398,2,1,0,0,0,0,0,0,0,0,0,0
2005,410399,1,1,0,0,0,0,0,0,0,0,0,0
2005,410400,1,1,0,0,0,0,0,0,22,0,0,0
2005,410400,2,1,0,0,0,0,0,0,0,0,0,0
2005,410401,1,3,0,0,0,14,13,0,38,0,9,0
2005,410402,1,1,0,0,0,0,0,0,0,0,0,0
2005,410402,2,1,0,0,0,0,0,0,0,0,0,0
2005,410403,1,1,0,0,0,0,0,0,0,0,0,0
2005,410403,2,1,0,0,0,0,0,0,0,0,0,0
2005,410404,1,1,0,0,0,0,0,0,0,0,0,0
2005,410405,1,1,0,0,0,0,0,0,0,0,0,0
2005,410405,2,1,0,0,0,0,0,0,0,0,0,0
2005,410406,1,1,26,26,26,26,26,26,26,26,26,26
2005,410407,0,1,0,0,0,0,0,0,0,0,0,0
2005,410407,1,1,0,0,0,0,0,0,0,0,0,0
2005,410408,1,1,0,0,0,0,0,0,0,0,0,0
2005,410409,0,1,0,0,0,0,0,0,0,0,0,0
2005,410409,1,1,0,0,0,0,0,0,0,0,0,0
2005,410410,1,1,0,0,0,0,0,0,0,0,0,0
2005,410411,1,1,0,0,0,0,0,0,0,0,0,0
2005,410412,1,1,0,0,0,0,0,0,0,0,0,0
2005,410412,2,1,0,0,0,0,0,0,0,0,0,0
2005,410413,0,1,23,23,23,23,23,23,23,23,23,23
2005,410413,1,1,0,0,0,29,0,0,0,0,0,0
2005,410414,1,1,0,0,0,0,0,0,0,0,0,0
2005,410415,1,1,0,0,0,0,0,0,0,0,0,0
2005,410415,2,1,0,0,0,0,0,0,0,0,0,0
2005,410416,1,1,1,1,1,1,1,1,1,1,1,1
2005,410416,2,1,0,0,0,0,0,0,0,0,0,0
2005,410416,3,1,0,0,0,0,0,0,0,0,0,0
2005,410417,1,1,0,0,0,0,0,0,0,0,0,0
2005,410418,1,1,0,0,0,0,0,0,0,0,0,0
2005,410418,2,1,0,0,0,0,0,0,0,0,0,0
2005,410419,1,1,0,0,0,0,0,0,0,0,0,0
2005,410419,2,1,0,0,0,0,0,0,0,0,0,0
2005,410420,0,1,0,0,0,0,0,0,0,0,0,0
2005,410420,1,1,0,0,0,0,0,0,0,13,0,7
2005,410422,0,1,0,0,0,0,0,0,0,0,0,0
2005,410422,1,1,0,0,0,0,0,0,0,0,0,0
2005,410422,2,1,0,0,0,0,0,0,0,0,0,0
2005,410422,3,1,0,0,14,0,0,0,0,0,0,0
2005,410423,1,1,0,0,0,0,0,0,0,0,0,0
2005,410424,1,1,0,0,0,0,0,0,0,0,0,0
2005,410425,1,1,0,0,0,0,0,0,0,0,0,0
2005,410425,2,1,0,0,0,0,0,0,0,0,0,0
2005,410426,1,1,0,0,0,0,0,0,0,0,0,0
2005,410427,1,1,4,4,4,4,4,4,4,4,4,4
2005,410427,2,1,0,0,0,0,0,0,0,0,0,0
2005,410428,1,1,34,34,34,34,34,34,34,34,34,34
2005,410428,2,1,11,0,0,0,0,0,0,0,0,0
2005,410429,1,1,0,0,0,0,0,12,0,0,0,0
2005,410429,2,1,0,0,0,0,0,0,0,0,0,0
2005,410430,1,1,0,0,0,0,0,0,0,0,0,0
2005,410431,0,1,0,0,0,0,0,0,0,0,0,0
2005,410431,1,1,0,0,0,0,0,0,0,0,0,0
2005,410432,0,1,33,33,33,33,33,33,33,33,33,33
2005,410432,1,1,0,0,0,0,0,0,0,0,0,0
2005,410434,1,1,0,0,0,0,0,0,0,0,0,0
2005,410434,2,1,0,0,0,0,0,0,0,0,12,0
2005,410435,1,1,3,3,3,3,3,3,3,3,3,3
2005,410436,1,1,18,18,18,18,18,18,18,18,18,18
2005,410437,1,1,15,15,15,15,15,15,15,15,15,15
2005,410438,1,1,4,4,4,4,4,4,4,4,4,4
2005,410438,2,1,0,0,0,0,0,0,0,0,0,0
2005,410439,1,1,0,0,0,0,0,0,0,0,0,0
2005,410440,1,1,25,25,25,25,25,25,25,25,25,25
2005,410442,0,1,0,0,0,0,0,0,0,0,0,0
2005,410442,1,1,0,0,0,0,0,0,0,0,0,0
2005,410443,1,1,0,0,0,0,0,0,0,0,0,0
2005,410444,1,1,0,0,0,0,0,0,0,0,0,0
2005,410444,2,1,0,6,0,0,0,0,0,0,0,0
2005,410445,1,1,0,0,0,0,0,0,0,0,0,0
2005,410446,1,1,0,0,0,0,0,0,0,0,0,0
2005,410447,1,1,27,27,27,27,27,27,27,27,27,27
2005,410448,1,1,28,28,28,28,28,28,28,28,28,28
2005,410449,1,1,0,0,0,0,0,0,0,0,0,0
2005,410450,1,1,0,0,0,14,0,0,0,0,0,0
2005,410452,1,1,25,14,0,18,6,0,0,11,22,0
2005,410452,2,1,0,0,0,13,0,0,0,0,0,0
2005,410453,1,1,37,37,37,37,37,37,37,37,37,37
2005,410454,1,1,0,0,0,0,0,0,0,0,0,0
2005,410454,2,1,0,0,0,0,0,0,0,0,0,0
2005,410455,1,1,0,0,0,0,0,0,0,0,0,0
2005,410455,2,1,0,0,0,0,0,0,0,0,0,0
2005,410455,3,1,30,0,0,12,0,0,0,16,0,8
2005,410456,1,1,0,15,0,0,0,0,18,0,0,0
2005,410456,2,1,0,28,0,0,0,0,0,0,19,0
2005,410457,1,1,14,0,0,0,0,0,0,0,0,0
2005,410457,2,1,0,0,0,0,0,20,0,0,0,0
2005,420001,1,1,8,8,8,8,8,8,8,8,8,8
2005,420001,2,1,0,0,0,0,0,0,0,0,0,0
2005,420002,0,1,0,4,28,0,5,17,0,22,0,0
2005,420002,1,1,0,0,0,0,0,0,0,0,0,0
2005,420003,1,1,0,0,0,0,0,0,0,0,0,0
2005,420004,1,1,18,18,18,18,18,18,18,18,18,18
2005,420005,1,1,0,0,0,0,0,0,0,0,0,0
2005,420005,2,1,0,0,0,0,0,0,0,0,0,0
2005,420006,1,1,25,26,5,10,5,32,11,4,11,5
2005,420006,2,1,0,0,0,0,0,0,0,0,0,0
2005,420007,1,1,0,0,0,0,0,0,0,0,0,0
2005,420008,0,1,0,0,0,0,0,0,0,0,0,0
2005,420008,1,1,0,0,0,0,0,0,0,0,0,0
2005,420009,1,1,22,22,22,22,22,22,22,22,22,22
2005,420010,0,1,0,0,0,0,0,0,0,0,0,0
2005,420010,1,1,0,0,0,0,0,0,0,0,0,0
2005,420011,1,1,0,0,0,0,0,0,0,0,0,0
2005,420011,2,1,0,0,0,0,0,0,0,0,0,0
2005,420011,3,1,0,0,0,0,0,0,0,0,0,0
2005,420012,1,1,16,16,16,16,16,16,16,16,16,16
2005,420013,1,1,0,0,0,0,0,0,0,0,0,19
2005,420014,1,1,0,0,0,0,0,0,0,0,0,0
2005,420015,1,1,0,0,0,0,0,0,0,0,0,0
2005,420015,2,1,0,0,0,0,0,0,0,0,0,0
2005,420016,1,1,0,0,0,0,0,0,0,0,0,0
2005,420017,1,1,0,0,0,0,0,0,0,0,0,0
2005,420017,2,1,0,0,0,0,0,0,0,0,0,0
2005,420018,1,1,0,0,0,0,0,0,0,0,0,0
2005,420019,1,1,0,0,0,0,0,0,0,0,0,0
2005,420019,2,1,0,0,0,0,0,0,0,0,0,0
2005,420020,1,1,12,12,12,12,12,12,12,12,12,12
2005,420021,1,1,16,16,16,16,16,16,16,16,16,16
2005,420022,1,1,0,0,0,0,0,0,0,13,0,16
2005,420022,2,1,0,0,0,0,0,0,0,0,0,0
2005,420023,1,1,41,41,41,41,41,41,41,41,41,41
2005,420024,0,1,0,0,0,0,0,0,0,0,0,0
2005,420024,0,2,0,0,0,24,0,7,13,24,20,0
2005,420024,1,1,31,31,31,31,31,31,31,31,31,31
2005,420025,0,1,0,0,0,0,0,0,0,0,0,0
2005,420025,1,1,0,0,0,0,0,0,0,0,0,0
2005,420026,0,1,0,0,0,0,0,0,0,0,0,0
2005,420026,1,1,0,0,0,0,0,0,0,0,0,0
2005,420027,0,1,17,17,17,17,17,17,17,17,17,17
2005,420027,1,1,0,0,0,0,0,0,0,0,0,0
2005,420028,1,1,11,11,11,11,11,11,11,11,11,11
2005,420029,0,1,0,0,0,0,0,0,0,0,0,0
2005,420029,1,1,0,0,0,0,0,0,0,0,0,0
2005,420030,1,1,0,0,0,0,0,0,0,0,0,0
2005,420031,1,1,12,12,12,12,12,12,12,12,12,12
2005,420032,1,1,25,25,29,6,24,37,11,0,21,9
2005,420033,1,1,20,0,0,0,0,0,0,0,0,0
2005,420034,1,1,0,0,0,0,0,0,0,0,0,0
2005,420034,2,1,0,0,0,0,0,0,0,0,0,0
2005,420035,1,1,0,0,0,0,0,0,0,0,0,0
2005,420035,2,1,0,0,0,0,0,0,0,0,0,0
2005,420036,1,1,18,18,18,18,18,18,18,18,18,18
2005,420037,1,1,0,17,0,0,0,9,22,0,8,0
2005,420038,1,1,21,21,21,21,21,21,21,21,21,21
2005,420038,2,1,0,0,0,0,0,0,0,0,0,0
2005,420039,1,1,0,0,0,0,22,0,0,15,0,0
2005,420040,1,1,0,7,0,0,0,0,0,0,0,4
2005,420041,1,1,22,22,22,22,22,22,22,22,22,22
2005,420042,1,1,0,0,0,0,0,0,0,0,0,0
2005,420042,2,1,0,0,0,0,0,0,0,0,0,0
2005,420043,1,1,0,0,0,0,0,0,0,0,0,0
2005,420043,2,1,0,0,0,0,0,0,0,0,0,0
2005,420043,3,1,0,0,0,0,0,0,0,0,0,0
2005,420044,1,1,0,0,0,0,0,0,8,0,0,0
2005,420044,2,1,0,0,0,0,0,0,0,0,0,0
2005,420044,3,1,0,0,0,0,0,0,0,0,0,0
2005,420045,0,1,0,0,0,0,0,0,0,0,0,0
2005,420045,1,1,0,0,0,0,0,0,0,0,11,0
2005,420046,1,1,0,0,0,0,0,0,0,0,0,0
2005,420046,2,1,0,0,0,0,0,0,0,0,0,0
2005,420046,3,1,0,0,0,0,0,0,0,0,0,0
2005,420047,0,1,0,0,0,0,0,0,0,0,0,0
2005,420047,0,2,0,0,0,0,0,0,15,18,0,13
2005,420047,1,1,0,0,0,0,0,0,0,0,0,0
2005,420048,1,1,0,0,0,0,0,0,0,0,0,0
2005,420049,1,1,20,0,18,9,19,20,20,15,20,24
2005,420049,2,1,0,0,0,0,10,11,5,4,8,0
2005,420050,1,1,0,0,0,0,0,0,0,0,0,0
2005,420051,1,1,0,0,0,0,0,0,0,0,0,0
2005,420051,2,1,0,0,0,0,0,0,0,0,0,0
2005,420052,1,1,19,19,19,19,19,19,19,19,19,19
2005,420052,2,1,2,2,2,2,2,2,2,2,2,2
2005,420053,1,1,0,0,0,0,0,0,0,0,0,0
2005,420053,2,1,0,9,0,0,0,0,0,0,0,0
2005,420054,1,1,0,0,0,0,0,0,0,0,0,0
2005,420055,1,1,0,0,0,0,0,0,0,0,0,0
2005,420056,1,1,0,0,0,0,0,0,0,0,0,0
2005,420056,2,1,0,0,0,0,0,0,0,0,0,0
2005,420057,1,1,0,0,0,0,0,0,0,0,0,0
2005,420057,2,1,0,0,0,0,0,0,0,0,0,0
2005,420057,3,1,0,0,0,0,0,0,0,0,0,0
2005,420057,4,1,0,0,0,0,0,0,0,0,0,0
2005,420058,0,1,0,0,0,0,0,0,0,0,0,0
2005,420058,1,1,28,28,28,28,28,28,28,28,28,28
2005,420059,1,1,0,0,0,0,0,0,0,0,0,0
2005,420059,2,1,0,0,0,0,0,0,0,0,0,0
2005,420060,1,1,13,13,13,13,13,13,13,13,13,13
2005,420060,2,1,13,13,13,13,13,13,13,13,13,13
2005,420060,3,1,8,0,0,0,0,0,0,0,0,10
2005,420060,4,1,0,0,0,8,8,0,0,0,0,0
2005,420061,1,1,18,18,18,18,18,18,18,18,18,18
2005,420062,1,1,19,19,19,19,19,19,19,19,19,19
2005,420063,0,1,0,0,0,0,0,0,0,0,0,0
2005,420063,1,1,0,0,0,0,0,0,0,0,0,0
2005,420064,1,1,38,20,0,14,6,27,16,18,26,11
2005,420065,1,1,0,0,0,0,0,0,0,0,0,0
2005,420065,2,1,0,0,0,0,0,0,0,0,0,0
2005,420065,3,1,0,0,0,0,0,0,0,0,0,0
2005,420066,1,1,0,0,0,0,0,0,0,0,0,0
2005,420066,2,1,21,21,21,21,21,21,21,21,21,21
2005,420067,1,1,20,20,20,20,20,20,20,20,20,20
2005,420068,1,1,0,0,0,0,0,0,0,0,0,0
2005,420069,1,1,5,5,5,5,5,5,5,5,5,5
2005,420070,1,1,25,25,25,25,25,25,25,25,25,25
2005,420070,2,1,0,0,0,0,0,0,0,0,0,0
2005,420071,1,1,0,0,0,0,0,0,0,0,0,0
2005,420071,2,1,0,0,0,0,0,0,0,0,0,0
2005,420072,0,1,0,0,0,0,0,0,0,0,0,0
2005,420072,1,1,0,0,0,0,0,0,0,0,0,0
2005,420073,0,1,0,0,0,0,0,0,0,0,0,0
2005,420073,1,1,0,0,0,0,0,0,0,0,0,0
2005,420074,1,1,15,15,15,15,15,15,15,15,15,15
2005,420075,1,1,22,22,22,22,22,22,22,22,22,22
2005,420076,1,1,0,0,0,0,0,0,0,0,0,0
2005,420077,0,1,0,0,0,0,0,0,0,0,0,0
2005,420077,1,1,0,0,18,24,0,0,5,0,0,9