YEAR,ST_CASE,veh_no,per_no,P1,P2,P3,P4,P5,P6,P7,P8,P9,P10
2005,420363,1,1,0,0,0,0,0,0,0,0,0,0
2005,420363,2,1,0,0,0,0,0,0,0,0,0,0
2005,420363,3,1,0,0,0,0,0,0,0,0,0,0
2005,420363,4,1,0,0,0,0,0,0,0,0,0,0
2005,420364,1,1,0,0,0,0,0,0,0,0,0,0
2005,420364,2,1,0,0,0,0,0,0,0,0,0,0
2005,420364,3,1,0,0,0,0,0,0,0,0,0,0
2005,420365,1,1,27,9,14,13,0,18,10,6,13,5
2005,420365,2,1,0,0,0,0,0,0,5,0,0,0
2005,420365,3,1,0,0,0,0,0,0,0,0,0,0
2005,420365,4,1,0,0,0,0,0,0,0,0,0,0
2005,420366,0,1,0,0,0,0,0,0,0,0,0,0
2005,420367,0,1,0,0,0,0,0,0,0,0,0,0
2005,420367,1,1,0,0,0,0,0,0,0,0,0,0
2005,420368,1,1,18,18,18,18,18,18,18,18,18,18
2005,420368,2,1,0,0,0,0,0,0,0,0,0,0
2005,420369,0,1,0,0,0,0,0,0,0,0,0,0
2005,420369,0,2,0,0,0,0,0,0,0,0,0,0
2005,420369,0,3,0,16,0,0,0,0,0,0,6,0
2005,420369,1,1,0,0,0,0,0,0,0,0,0,0
2005,420370,1,1,0,0,0,0,0,0,0,0,0,0
2005,420370,2,1,0,0,0,0,0,0,0,0,0,0
2005,420371,1,1,0,0,0,0,0,0,0,0,0,0
2005,420371,2,1,0,0,0,0,0,0,0,0,0,0
2005,420372,1,1,0,0,0,0,0,0,0,0,0,0
2005,420373,1,1,0,0,0,0,0,0,0,0,0,0
2005,420373,2,1,0,0,0,0,0,0,0,0,0,0
2005,420374,1,1,0,0,0,0,0,0,0,0,0,0
2005,420374,2,1,0,0,0,0,0,0,0,0,0,0
2005,420374,3,1,0,0,0,0,0,2,0,0,0,0
2005,420375,1,1,21,21,21,21,21,21,21,21,21,21
2005,420376,1,1,0,0,0,0,0,0,0,0,0,0
2005,420376,2,1,0,0,7,0,0,0,0,0,0,0
2005,420377,1,1,0,0,0,0,0,0,0,0,0,0
2005,420377,2,1,9,0,0,0,0,0,0,0,0,0
2005,420378,1,1,0,0,0,0,0,0,0,0,0,0
2005,420378,2,1,2,2,2,2,2,2,2,2,2,2
2005,420379,1,1,0,0,0,0,0,0,0,0,0,0
2005,420379,2,1,0,0,18,0,0,15,0,0,0,0
2005,420380,1,1,0,0,0,0,0,0,0,0,0,0
2005,420381,1,1,9,9,9,9,9,9,9,9,9,9
2005,420381,2,1,0,0,0,0,0,0,0,0,0,0
2005,420382,1,1,0,0,0,0,0,0,0,0,0,0
2005,420382,2,1,0,0,0,0,0,0,0,0,0,0
2005,420383,1,1,10,10,10,10,10,10,10,10,10,10
2005,420384,0,1,0,0,0,0,0,0,0,0,0,0
2005,420384,1,1,0,0,0,0,0,0,0,0,0,0
2005,420385,1,1,0,0,0,0,0,0,0,0,0,0
2005,420385,2,1,0,0,0,0,0,0,0,0,0,0
2005,420385,3,1,0,0,0,0,0,0,0,0,0,0
2005,420386,0,1,0,0,0,0,0,0,0,0,0,0
2005,420386,1,1,0,0,0,0,0,0,0,0,0,11
2005,420387,1,1,0,0,0,0,0,0,0,0,0,0
2005,420387,2,1,0,0,0,0,0,0,0,0,0,0
2005,420388,1,1,6,6,6,6,6,6,6,6,6,6
2005,420389,1,1,0,0,0,0,0,0,0,0,0,0
2005,420389,2,1,0,0,0,0,0,0,0,0,0,0
2005,420390,1,1,18,18,18,18,18,18,18,18,18,18
2005,420390,2,1,0,0,0,0,0,0,0,0,0,0
2005,420391,1,1,0,0,0,0,0,0,0,0,0,0
2005,420391,2,1,0,0,0,0,0,0,0,0,0,0
2005,420392,1,1,0,13,0,10,16,4,12,6,14,12
2005,420392,2,1,0,0,0,0,0,0,0,0,0,0
2005,420393,1,1,33,33,33,33,33,33,33,33,33,33
2005,420394,1,1,0,0,0,0,0,0,0,0,0,0
2005,420394,2,1,0,0,0,0,0,0,0,0,0,0
2005,420394,3,1,0,0,0,0,0,0,0,0,0,0
2005,420394,4,1,0,0,0,0,0,0,3,0,0,0
2005,420395,1,1,0,0,0,0,0,0,0,0,0,0
2005,420395,2,1,0,0,0,0,0,0,0,0,0,0
2005,420396,1,1,14,14,14,14,14,14,14,14,14,14
2005,420397,1,1,12,12,12,12,12,12,12,12,12,12
2005,420397,2,1,0,0,0,0,0,0,0,0,0,0
2005,420398,1,1,0,0,0,0,0,0,0,0,0,0
2005,420399,1,1,0,0,0,0,0,0,0,0,0,0
2005,420399,2,1,0,0,0,0,0,0,0,0,0,0
2005,420400,1,1,0,0,0,0,0,0,0,0,0,0
2005,420401,1,1,0,0,0,0,0,9,0,0,0,0
2005,420402,1,1,0,0,0,0,0,0,0,0,0,0
2005,420402,2,1,0,0,0,0,0,0,0,0,0,0
2005,420403,1,1,15,15,15,15,15,15,15,15,15,15
2005,420404,0,1,0,0,0,0,0,0,0,0,0,0
2005,420404,1,1,2,2,2,2,2,2,2,2,2,2
2005,420404,2,1,0,0,0,0,0,0,0,0,0,0
2005,420405,0,1,0,0,0,0,0,0,0,0,0,0
2005,420405,1,1,14,14,14,14,14,14,14,14,14,14
2005,420406,1,1,0,0,0,0,0,0,0,0,0,0
2005,420406,2,1,0,0,0,0,0,0,0,0,0,0
2005,420407,1,1,0,0,0,0,0,0,0,0,0,0
2005,420408,1,1,8,8,8,8,8,8,8,8,8,8
2005,420409,1,1,0,0,0,0,0,0,0,0,0,0
2005,420409,2,1,0,0,0,0,0,0,0,0,0,0
2005,420410,1,1,0,0,0,0,0,0,0,0,0,0
2005,420410,2,1,0,0,0,0,0,0,0,0,0,0
2005,420411,1,1,0,0,0,0,0,0,0,0,0,0
2005,420411,2,1,0,0,0,0,0,0,0,0,0,0
2005,420411,3,1,0,0,0,0,0,0,0,0,0,0
2005,420412,1,1,23,23,23,23,23,23,23,23,23,23
2005,420413,1,1,0,0,0,0,0,0,0,0,0,0
2005,420414,1,1,9,0,0,0,0,0,0,26,0,0
2005,420415,1,1,0,0,0,0,0,0,0,0,0,0
2005,420415,2,1,0,0,0,0,0,0,0,0,0,0
2005,420416,1,1,0,0,16,0,31,24,0,18,0,22
2005,420417,1,1,27,27,27,27,27,27,27,27,27,27
2005,420418,0,1,0,0,0,0,0,0,0,0,0,0
2005,420418,1,1,0,0,0,0,0,0,0,0,0,0
2005,420419,1,1,0,0,0,0,0,0,0,0,0,0
2005,420419,2,1,0,0,0,0,0,0,0,0,0,0
2005,420420,1,1,0,0,0,0,0,0,0,0,0,0
2005,420420,2,1,0,0,0,0,0,0,0,0,0,0
2005,420421,1,1,19,0,0,0,0,0,0,0,4,0
2005,420421,2,1,0,0,0,0,0,0,0,0,0,0
2005,420422,1,1,0,0,0,0,0,0,0,0,0,0
2005,420422,2,1,0,0,0,0,0,0,0,0,0,0
2005,420423,1,1,0,0,0,0,0,0,0,0,0,0
2005,420424,1,1,20,20,20,20,20,20,20,20,20,20
2005,420424,2,1,0,0,0,0,0,14,0,0,0,0
2005,420425,1,1,24,18,19,16,14,20,22,26,10,21
2005,420425,2,1,0,0,0,0,0,0,0,0,0,0
2005,420426,1,1,0,0,0,0,0,0,0,0,0,0
2005,420427,1,1,6,6,22,5,0,15,11,18,13,9
2005,420427,2,1,0,0,0,0,0,0,0,0,0,0
2005,420428,1,1,21,21,21,21,21,21,21,21,21,21
2005,420429,1,1,8,8,8,8,8,8,8,8,8,8
2005,420429,2,1,0,0,0,0,0,0,0,0,0,0
2005,420430,1,1,22,22,22,22,22,22,22,22,22,22
2005,420431,1,1,0,0,0,0,0,0,0,0,0,0
2005,420432,1,1,19,19,19,19,19,19,19,19,19,19
2005,420433,0,1,0,0,0,0,0,0,0,0,0,0
2005,420433,1,1,0,0,0,0,0,0,0,0,0,0
2005,420434,1,1,0,0,11,0,0,0,0,0,0,0
2005,420435,1,1,0,0,0,0,0,0,0,0,0,0
2005,420435,2,1,0,0,0,0,0,0,0,0,0,0
2005,420436,1,1,0,0,0,0,0,0,0,0,0,0
2005,420437,1,1,15,15,15,15,15,15,15,15,15,15
2005,420438,1,1,0,0,0,0,0,0,0,0,0,0
2005,420439,1,1,0,0,0,0,0,0,0,0,0,0
2005,420439,2,1,0,0,0,11,5,0,0,0,0,0
2005,420440,1,1,0,0,0,0,0,0,0,0,0,0
2005,420441,1,1,0,0,0,0,0,0,0,0,0,0
2005,420442,1,1,0,0,0,0,0,0,0,0,0,0
2005,420442,2,1,0,0,0,0,0,0,0,0,0,0
2005,420443,1,1,0,0,0,0,0,0,0,0,0,0
2005,420443,2,1,0,0,0,0,0,0,0,0,0,0
2005,420444,1,1,3,0,0,0,0,0,0,11,0,7
2005,420444,2,1,0,0,0,0,0,0,0,0,13,0
2005,420445,1,1,0,0,0,0,0,0,0,0,0,0
2005,420445,2,1,0,0,0,0,0,0,0,0,0,0
2005,420446,1,1,19,19,19,19,19,19,19,19,19,19
2005,420447,1,1,0,0,0,0,0,0,0,0,0,0
2005,420447,2,1,0,0,0,0,0,0,0,0,0,0
2005,420447,3,1,0,0,0,0,0,0,0,0,0,0
2005,420448,1,1,23,23,23,23,23,23,23,23,23,23
2005,420448,2,1,0,0,0,0,9,0,0,0,0,0
2005,420449,1,1,0,0,0,0,0,0,0,0,0,0
2005,420450,1,1,0,0,0,0,0,0,0,0,0,0
2005,420450,2,1,0,0,0,0,0,0,0,0,0,0
2005,420451,1,1,7,7,7,7,7,7,7,7,7,7
2005,420452,1,1,13,13,13,13,13,13,13,13,13,13
2005,420453,0,1,0,0,0,18,0,19,0,5,20,21
2005,420453,1,1,0,30,19,0,0,0,0,0,0,29
2005,420454,0,1,0,0,0,0,0,0,0,0,0,0
2005,420454,1,1,0,0,0,0,0,0,0,0,0,0
2005,420455,1,1,0,0,0,0,0,0,0,0,0,0
2005,420456,1,1,0,0,0,0,0,0,0,0,0,0
2005,420456,2,1,0,0,0,0,0,0,0,0,0,0
2005,420457,1,1,6,6,6,6,6,6,6,6,6,6
2005,420458,1,1,0,0,0,0,0,0,0,0,0,0
2005,420459,1,1,0,0,0,0,0,0,0,0,0,0
2005,420459,2,1,0,0,0,0,0,0,0,0,0,0
2005,420460,1,1,9,9,9,9,9,9,9,9,9,9
2005,420461,1,1,15,15,15,15,15,15,15,15,15,15
2005,420461,2,1,1,1,1,1,1,1,1,1,1,1
2005,420462,1,1,0,11,0,21,0,35,0,0,0,10
2005,420462,2,1,0,0,0,0,0,0,0,0,0,0
2005,420463,1,1,0,0,0,0,0,0,0,0,0,0
2005,420464,1,1,0,0,0,0,0,0,0,0,0,0
2005,420464,2,1,0,0,0,0,0,0,0,0,0,0
2005,420465,1,1,0,0,0,0,0,0,0,0,0,0
2005,420465,2,1,0,0,0,16,0,0,0,0,0,0
2005,420466,1,1,0,0,0,0,0,0,0,0,0,0
2005,420467,1,1,16,14,19,5,6,30,9,0,19,10
2005,420468,1,1,0,0,0,0,0,0,0,0,0,0
2005,420468,2,1,0,0,0,0,0,0,0,0,0,0
2005,420468,3,1,0,0,0,0,0,0,0,0,0,0
2005,420469,1,1,21,21,21,21,21,21,21,21,21,21
2005,420470,1,1,0,0,0,0,0,0,0,0,0,0
2005,420470,2,1,0,0,0,0,0,0,0,3,0,0
2005,420471,1,1,0,0,0,0,0,0,0,0,0,0
2005,420472,1,1,22,22,22,22,22,22,22,22,22,22
2005,420473,0,1,0,0,0,35,0,0,0,0,0,0
2005,420473,1,1,0,0,0,0,0,0,0,0,0,0
2005,420474,1,1,0,0,0,0,0,0,0,0,0,0
2005,420474,2,1,0,0,0,0,0,0,0,0,0,0
2005,420475,1,1,0,0,0,0,0,0,0,0,0,0
2005,420475,2,1,0,0,0,0,0,0,0,0,0,0
2005,420476,0,1,2,15,13,24,4,9,16,11,29,0
2005,420476,0,2,0,29,0,0,0,16,0,0,19,0
2005,420476,1,1,14,8,0,23,22,8,11,16,21,13
2005,420476,2,1,0,0,0,0,0,0,0,0,0,0
2005,420477,1,1,13,13,13,13,13,13,13,13,13,13
2005,420478,1,1,30,30,30,30,30,30,30,30,30,30
2005,420479,1,1,0,0,0,0,16,0,0,0,0,26
2005,420480,1,1,26,22,24,31,10,31,19,22,45,17
2005,420481,0,1,23,23,23,23,23,23,23,23,23,23
2005,420481,1,1,0,0,0,0,0,0,0,0,0,0
2005,420482,1,1,0,0,0,0,0,0,0,0,0,0
2005,420483,1,1,14,14,14,14,14,14,14,14,14,14
2005,420484,1,1,0,0,0,0,0,0,0,0,0,0
2005,420484,2,1,0,0,0,0,0,0,0,0,0,0
2005,420484,3,1,0,0,0,0,0,0,0,0,0,0
2005,420485,1,1,0,0,0,0,0,0,0,0,0,0
2005,420485,2,1,0,0,0,0,0,0,0,0,0,0
2005,420485,3,1,0,0,0,0,0,0,0,0,0,0
2005,420486,1,1,24,24,24,24,24,24,24,24,24,24
2005,420486,2,1,0,0,0,0,0,0,0,0,0,0
2005,420486,3,1,0,0,0,0,0,0,2,0,16,0
2005,420487,1,1,0,0,0,0,0,0,0,0,0,0
2005,420487,2,1,0,0,0,0,0,0,0,0,0,0
2005,420488,1,1,0,0,0,0,0,0,0,0,0,0
2005,420488,5,1,0,0,0,0,0,0,0,0,0,0
2005,420489,1,1,8,8,8,8,8,8,8,8,8,8
2005,420490,1,1,0,0,0,0,0,0,0,0,0,0
2005,420490,2,1,0,0,0,0,0,0,0,0,0,0
2005,420490,3,1,0,0,0,0,0,0,0,0,0,0
2005,420491,1,1,0,0,0,0,0,0,0,0,0,0
2005,420491,2,1,0,0,0,0,0,0,17,0,0,0
2005,420492,1,1,25,25,25,25,25,25,25,25,25,25
2005,420493,1,1,0,0,0,0,0,0,0,0,0,0
2005,420493,2,1,0,0,0,0,0,0,0,0,0,0
2005,420494,1,1,0,0,0,0,0,0,0,0,0,0
2005,420495,1,1,5,5,5,5,5,5,5,5,5,5
2005,420496,0,1,0,0,0,0,0,0,0,0,0,0
2005,420496,1,1,0,0,0,0,0,0,0,0,0,0
2005,420497,1,1,25,25,25,25,25,25,25,25,25,25
2005,420498,0,1,4,0,0,0,0,7,0,0,4,0
2005,420498,1,1,0,0,0,0,0,0,0,0,0,0
2005,420499,1,1,24,24,24,24,24,24,24,24,24,24
2005,420500,1,1,0,0,0,0,0,0,0,0,0,0
2005,420501,1,1,0,0,0,0,0,0,0,0,0,0
2005,420501,2,1,0,0,0,0,0,0,0,0,0,0
2005,420502,1,1,22,22,22,22,22,22,22,22,22,22
2005,420503,1,1,0,0,0,0,0,0,0,0,0,0
2005,420504,1,1,0,0,0,0,0,0,0,0,0,0
2005,420505,1,1,0,0,0,0,0,0,0,0,0,0
2005,420505,2,1,0,0,0,19,0,0,0,0,0,0
2005,420506,1,1,0,0,0,0,0,0,0,0,0,0
2005,420507,1,1,0,0,0,0,0,0,0,0,0,0
2005,420507,2,1,0,16,0,0,0,0,0,0,0,0
2005,420508,1,1,0,0,0,0,0,0,0,0,0,0
2005,420508,2,1,0,0,0,0,0,0,0,0,0,0
2005,420509,1,1,0,0,0,0,0,0,0,0,0,0
2005,420509,2,1,0,0,0,0,0,0,0,0,0,0
2005,420510,1,1,16,16,16,16,16,16,16,16,16,16
2005,420511,1,1,0,0,0,0,0,0,0,0,0,0
2005,420511,2,1,0,0,0,0,0,0,0,0,0,0
2005,420512,1,1,20,20,20,20,20,20,20,20,20,20
2005,420513,1,1,0,0,0,0,0,0,0,0,0,0
2005,420513,2,1,0,0,0,0,0,0,0,0,0,0
2005,420514,1,1,0,0,0,0,0,0,0,0,0,0
2005,420515,1,1,0,0,0,0,0,0,0,0,0,0
2005,420516,0,1,11,11,11,11,11,11,11,11,11,11
2005,420516,1,1,0,0,0,0,32,0,0,0,15,0
2005,420517,1,1,0,0,0,0,0,0,0,0,0,0
2005,420517,2,1,0,0,0,0,0,0,0,0,0,0
2005,420518,1,1,0,0,0,0,0,0,0,0,0,0
2005,420518,2,1,0,0,0,0,0,0,0,0,0,0
2005,420519,1,1,0,0,0,0,0,0,0,0,0,0
2005,420520,1,1,30,30,30,30,30,30,30,30,30,30
2005,420520,2,1,0,0,0,0,0,0,0,0,0,0
2005,420521,1,1,5,5,5,5,5,5,5,5,5,5
2005,420522,1,1,0,0,0,0,0,0,0,0,0,0
2005,420523,1,1,0,0,0,0,0,0,16,0,0,0
2005,420523,2,1,0,0,0,0,0,0,0,0,0,0
2005,420524,1,1,0,0,0,0,12,0,0,0,0,0
2005,420525,1,1,0,0,0,0,0,0,0,0,0,0
2005,420526,1,1,15,15,15,15,15,15,15,15,15,15
2005,420527,1,1,28,28,28,28,28,28,28,28,28,28
2005,420528,0,1,0,0,0,0,0,0,0,0,0,0
2005,420528,1,1,0,0,0,0,0,0,0,0,0,0
2005,420529,1,1,16,16,16,16,16,16,16,16,16,16
2005,420530,1,1,0,0,0,0,21,0,0,0,0,0
2005,420531,1,1,0,0,0,0,0,0,0,0,0,0
2005,420532,1,1,0,0,0,0,0,0,0,0,0,0
2005,420533,1,1,22,22,22,22,22,22,22,22,22,22
2005,420534,1,1,10,16,25,17,18,25,23,10,19,17
2005,420535,1,1,0,0,0,0,0,0,0,0,0,0
2005,420535,2,1,0,0,0,0,0,0,0,12,0,0
2005,420536,1,1,20,20,20,20,20,20,20,20,20,20
2005,420537,1,1,2,2,2,2,2,2,2,2,2,2
2005,420537,2,1,0,0,0,0,0,0,0,0,0,0
2005,420538,0,1,0,0,0,0,0,0,0,0,0,0
2005,420538,1,1,0,0,0,0,0,0,0,0,0,0
2005,420539,1,1,16,16,16,16,16,16,16,16,16,16
2005,420540,1,1,0,0,0,0,0,0,0,0,0,0
2005,420541,1,1,0,0,0,0,0,0,0,0,0,0
2005,420541,2,1,0,0,0,0,0,0,0,0,0,0
2005,420542,1,1,4,4,4,4,4,4,4,4,4,4
2005,420542,2,1,0,0,0,0,0,0,0,0,0,0
2005,420543,1,1,24,24,24,24,24,24,24,24,24,24
2005,420544,1,1,0,0,0,0,0,0,0,0,0,0
2005,420544,2,1,0,0,0,0,0,0,0,0,0,0
2005,420545,1,1,4,4,4,4,4,4,4,4,4,4
2005,420546,0,1,0,0,0,0,0,0,0,0,0,0
2005,420546,1,1,0,0,0,0,0,0,7,0,0,0
2005,420547,1,1,0,0,0,0,0,0,0,0,0,0
2005,420547,2,1,0,0,0,0,0,0,0,0,0,0
2005,420548,1,1,0,0,0,0,0,0,0,0,0,0
2005,420548,2,1,0,0,0,0,0,0,0,0,0,14
2005,420549,1,1,0,0,0,0,0,0,0,0,0,0
2005,420549,2,1,0,0,0,0,0,0,0,0,0,0
2005,420550,1,1,0,0,0,0,0,0,0,0,0,0
2005,420550,2,1,10,10,10,10,10,10,10,10,10,10
2005,420551,0,1,22,22,22,22,22,22,22,22,22,22
2005,420551,1,1,0,0,6,0,8,0,12,0,0,0
2005,420552,1,1,5,5,5,5,5,5,5,5,5,5
2005,420553,1,1,0,0,0,0,0,0,0,0,0,0
2005,420553,2,1,0,0,0,0,0,0,0,0,0,0
2005,420554,1,1,15,0,0,0,13,0,4,0,8,0
2005,420554,2,1,15,15,15,15,15,15,15,15,15,15
2005,420555,1,1,0,0,0,0,0,0,0,0,0,0
2005,420555,2,1,0,0,0,0,0,0,0,0,0,0
2005,420556,1,1,18,18,18,18,18,18,18,18,18,18
2005,420557,1,1,0,0,0,12,0,0,0,0,0,0
2005,420557,2,1,0,0,0,0,0,0,0,0,0,0
2005,420558,1,1,0,0,0,0,0,0,0,0,0,0
2005,420558,2,1,0,0,0,0,0,0,0,0,0,0
2005,420558,3,1,0,0,0,0,0,0,0,0,0,0
2005,420559,1,1,0,0,0,0,0,0,0,0,0,0
2005,420560,1,1,0,0,0,0,0,0,0,0,0,17
2005,420561,1,1,0,0,0,0,0,0,0,0,0,0
2005,420561,2,1,0,0,0,0,0,0,0,0,0,0
2005,420562,1,1,0,0,0,0,0,0,0,0,0,0
2005,420563,1,1,0,0,0,0,0,0,0,0,0,0
2005,420563,2,1,0,0,0,0,0,0,0,0,0,0
2005,420564,1,1,16,16,16,16,16,16,16,16,16,16
2005,420564,2,1,0,0,0,0,0,0,0,0,0,0
2005,420564,3,1,0,0,0,0,0,0,0,0,0,0
2005,420565,1,1,0,0,0,0,0,0,0,0,0,0
2005,420565,2,1,0,0,0,0,0,0,0,0,0,0
2005,420566,0,1,27,27,27,27,27,27,27,27,27,27
2005,420566,1,1,0,0,15,0,26,47,0,30,24,18
2005,420567,1,1,0,0,0,0,0,0,0,0,0,0
2005,420567,2,1,0,0,0,0,0,0,0,0,0,0
2005,420568,1,1,18,18,18,18,18,18,18,18,18,18
2005,420569,1,1,17,17,17,17,17,17,17,17,17,17
2005,420570,1,1,16,16,16,16,16,16,16,16,16,16
2005,420570,2,1,0,0,0,0,0,0,0,0,16,0
2005,420571,1,1,0,0,0,0,0,0,0,0,0,0
2005,420571,2,1,0,0,0,0,0,0,0,0,0,0
2005,420572,1,1,14,14,14,14,14,14,14,14,14,14
2005,420573,1,1,0,0,0,0,0,0,0,0,0,0
2005,420573,2,1,0,0,0,0,0,0,0,0,0,0
2005,420574,1,1,0,0,0,0,0,0,0,0,0,0
2005,420574,2,1,0,0,0,0,0,0,0,0,0,0
2005,420575,1,1,29,29,29,29,29,29,29,29,29,29
2005,420575,2,1,0,0,0,0,0,0,0,0,0,0
2005,420575,3,1,0,0,0,0,0,4,0,0,0,0
2005,420576,1,1,0,0,0,0,0,15,0,0,13,0
2005,420577,1,1,32,32,32,32,32,32,32,32,32,32
2005,420578,1,1,10,10,10,10,10,10,10,10,10,10
2005,420579,1,1,0,0,0,0,0,0,0,0,0,0
2005,420579,2,1,0,0,0,0,0,0,0,0,0,0
2005,420580,1,1,0,0,0,0,0,0,0,0,0,0
2005,420580,2,1,0,0,0,0,0,0,0,0,0,0
2005,420581,1,1,0,0,0,15,0,0,0,12,0,0
2005,420582,0,1,0,0,0,0,0,0,0,0,0,0
2005,420582,1,1,0,0,0,0,0,0,0,0,0,0
2005,420583,1,1,20,20,20,20,20,20,20,20,20,20
2005,420584,1,1,0,0,0,0,0,0,0,0,0,0
2005,420584,2,1,0,0,0,4,0,0,0,0,0,0
2005,420585,1,1,19,19,19,19,19,19,19,19,19,19
2005,420586,1,1,0,0,0,0,0,0,0,0,0,0
2005,420586,2,1,0,0,0,0,0,0,0,0,0,0
2005,420587,0,1,0,0,0,0,0,0,0,0,0,0
2005,420587,1,1,0,0,0,0,0,0,0,0,0,0
2005,420588,1,1,0,0,6,0,0,4,8,0,0,0
2005,420588,2,1,0,0,0,0,0,0,0,0,0,0
2005,420589,1,1,0,0,0,0,0,0,4,0,0,0
2005,420589,2,1,0,0,0,0,0,0,0,0,0,0
2005,420590,0,1,0,0,0,0,0,0,0,0,0,0
2005,420590,1,1,0,0,0,0,14,0,0,0,0,0
2005,420591,1,1,0,0,0,0,0,0,0,0,0,0
2005,420591,2,1,0,0,0,0,0,0,0,0,0,0
2005,420592,1,1,0,0,11,25,10,26,19,0,36,21
2005,420593,1,1,18,22,21,0,8,30,0,4,12,14
2005,420594,1,1,0,0,0,0,0,0,0,0,0,0
2005,420594,2,1,0,0,0,0,0,0,0,0,0,0
2005,420595,1,1,18,18,18,18,18,18,18,18,18,18
2005,420596,1,1,0,0,0,0,0,0,0,0,0,0
2005,420597,1,1,40,40,40,40,40,40,40,40,40,40
2005,420598,1,1,39,39,39,39,39,39,39,39,39,39
2005,420599,1,1,0,0,0,0,0,0,0,0,0,0
2005,420600,1,1,19,19,19,19,19,19,19,19,19,19
2005,420601,0,1,0,0,0,0,0,0,0,0,0,0
2005,420601,1,1,0,0,0,0,0,0,0,0,0,0
2005,420602,0,1,0,0,0,0,0,0,0,0,0,0
2005,420602,0,2,10,0,0,0,0,0,13,26,6,0
2005,420602,0,3,17,0,0,0,0,0,6,20,0,4
2005,420602,1,1,0,0,0,0,0,0,0,0,0,0
2005,420603,0,1,0,0,0,0,0,0,0,0,0,0
2005,420603,1,1,0,0,0,0,0,0,0,0,0,0
2005,420604,1,1,0,0,0,0,0,0,0,0,0,0
2005,420605,1,1,0,0,0,0,0,0,0,0,0,0
2005,420606,1,1,0,0,0,0,0,0,0,0,0,0
2005,420607,1,1,12,12,12,12,12,12,12,12,12,12
2005,420608,1,1,0,0,0,0,0,0,0,0,0,0
2005,420608,2,1,12,0,0,18,0,10,0,20,6,0
2005,420609,1,1,12,37,0,0,19,0,0,0,0,0
2005,420610,1,1,10,10,10,10,10,10,10,10,10,10
2005,420612,1,1,26,26,26,26,26,26,26,26,26,26
2005,420612,2,1,0,0,0,0,0,0,0,0,0,0
2005,420613,1,1,10,10,10,10,10,10,10,10,10,10
2005,420614,1,1,0,0,0,0,0,0,0,0,0,0
2005,420615,1,1,0,0,0,0,0,0,0,0,0,0
2005,420616,1,1,0,0,0,0,0,0,0,0,0,0
2005,420617,1,1,0,0,0,0,29,0,0,0,0,0
2005,420618,1,1,17,17,17,17,17,17,17,17,17,17
2005,420619,1,1,15,15,15,15,15,15,15,15,15,15
2005,420620,1,1,19,19,19,19,19,19,19,19,19,19
2005,420621,1,1,0,0,0,0,0,0,0,0,0,0
2005,420621,2,1,0,0,0,0,0,0,0,0,0,0
2005,420622,1,1,0,0,0,0,0,0,0,0,0,0
2005,420622,2,1,0,0,0,0,0,0,0,0,0,0
2005,420623,1,1,0,0,0,0,0,0,0,0,0,0
2005,420624,1,1,0,0,0,0,0,0,0,0,0,0
2005,420624,2,1,0,0,0,0,0,0,0,0,0,0
2005,420625,1,1,0,0,0,0,0,0,0,0,0,0
2005,420625,2,1,0,0,0,0,0,0,0,0,0,0
2005,420626,1,1,0,0,0,0,0,0,0,0,0,0
2005,420626,2,1,0,0,0,0,0,0,0,0,0,0
2005,420627,1,1,0,0,0,0,0,0,0,0,0,0
2005,420628,1,1,0,0,0,0,0,0,0,0,10,0
2005,420628,2,1,0,0,0,0,0,0,0,0,0,0
2005,420629,1,1,0,0,0,0,0,0,0,0,0,0
2005,420629,2,1,0,0,0,0,0,0,0,0,0,0
2005,420629,3,1,0,0,0,0,0,0,0,0,0,0
2005,420630,1,1,6,6,6,6,6,6,6,6,6,6
2005,420631,0,1,0,0,0,0,0,0,0,0,0,0
2005,420631,1,1,0,0,0,0,0,0,0,0,0,0
2005,420632,1,1,1,1,1,1,1,1,1,1,1,1
2005,420632,2,1,1,1,1,1,1,1,1,1,1,1
2005,420633,1,1,0,0,0,0,0,0,0,0,0,0
2005,420633,2,1,0,0,0,0,0,0,0,0,0,0
2005,420633,3,1,0,0,0,0,0,0,0,0,0,0
2005,420634,1,1,20,20,20,20,20,20,20,20,20,20
2005,420634,2,1,0,0,0,0,0,0,0,0,0,0
2005,420635,1,1,16,16,16,16,16,16,16,16,16,16
2005,420636,1,1,23,23,23,23,23,23,23,23,23,23
2005,420637,1,1,9,9,9,9,9,9,9,9,9,9
2005,420638,1,1,0,0,0,0,0,0,0,0,0,0
2005,420638,2,1,0,0,0,0,0,0,0,0,0,0
2005,420639,1,1,0,0,0,0,0,0,0,0,0,0
2005,420640,1,1,0,0,0,0,0,0,0,0,0,0
2005,420641,1,1,0,0,0,0,0,0,0,0,0,0
2005,420642,1,1,0,0,0,0,0,0,15,0,0,0
2005,420642,2,1,0,0,0,0,0,0,0,0,0,0
2005,420643,1,1,0,0,0,0,0,0,0,0,0,0
2005,420643,2,1,0,0,0,0,0,0,0,0,0,0
2005,420644,1,1,0,0,0,0,2,0,0,0,0,0
2005,420644,2,1,0,0,0,0,0,0,0,0,0,0
2005,420645,1,1,0,0,0,0,0,0,0,0,0,0
2005,420645,2,1,0,0,0,0,7,0,0,0,0,0
2005,420646,1,1,14,14,14,14,14,14,14,14,14,14