YEAR,ST_CASE,veh_no,per_no,P1,P2,P3,P4,P5,P6,P7,P8,P9,P10
2005,420647,1,1,0,0,0,0,0,0,0,0,0,0
2005,420648,1,1,0,0,0,0,0,0,0,0,0,0
2005,420649,1,1,0,0,0,0,0,0,0,0,0,0
2005,420649,2,1,0,0,0,0,0,0,0,0,0,0
2005,420650,1,1,37,37,37,37,37,37,37,37,37,37
2005,420651,1,1,12,12,12,12,12,12,12,12,12,12
2005,420652,1,1,20,17,18,7,0,18,10,20,29,13
2005,420652,2,1,0,22,0,0,0,0,0,0,24,0
2005,420653,1,1,0,0,0,0,0,0,0,0,0,0
2005,420653,2,1,0,0,0,0,0,0,0,0,0,0
2005,420654,1,1,0,0,0,8,14,8,0,0,0,14
2005,420655,1,1,24,24,24,24,24,24,24,24,24,24
2005,420656,1,1,0,0,0,0,0,0,0,0,0,0
2005,420656,2,1,0,0,0,0,0,0,0,0,0,0
2005,420656,3,1,0,0,0,0,0,0,0,0,0,0
2005,420656,4,1,0,0,0,0,0,0,0,0,0,0
2005,420657,1,1,28,28,28,28,28,28,28,28,28,28
2005,420658,0,1,0,0,0,16,0,0,0,0,0,0
2005,420658,0,2,17,0,0,0,0,0,0,0,0,0
2005,420658,1,1,0,0,0,0,0,0,0,0,0,0
2005,420658,2,1,0,0,0,0,0,0,0,0,0,0
2005,420658,3,1,0,0,0,0,0,0,0,0,0,0
2005,420659,1,1,0,0,9,0,0,0,0,0,0,0
2005,420660,1,1,0,0,0,0,0,0,0,0,0,0
2005,420660,2,1,0,0,0,0,0,0,0,0,0,0
2005,420661,1,1,0,0,0,0,0,0,0,0,0,0
2005,420661,2,1,5,5,5,5,5,5,5,5,5,5
2005,420662,1,1,0,0,0,0,0,0,0,0,0,0
2005,420662,2,1,0,0,0,0,0,0,0,0,0,0
2005,420663,1,1,0,0,0,0,0,0,15,0,10,0
2005,420664,1,1,17,17,17,17,17,17,17,17,17,17
2005,420664,2,1,0,11,0,0,2,0,0,0,0,11
2005,420665,1,1,0,0,0,0,0,0,0,0,0,0
2005,420666,1,1,0,0,0,0,0,0,0,0,0,0
2005,420666,2,1,0,0,0,0,0,0,0,0,0,0
2005,420667,1,1,30,30,30,30,30,30,30,30,30,30
2005,420668,1,1,0,0,0,0,0,0,0,0,0,0
2005,420668,2,1,0,0,0,0,0,0,0,0,0,0
2005,420669,1,1,0,0,0,0,0,0,0,0,0,0
2005,420670,1,1,0,0,0,0,0,0,0,0,0,0
2005,420671,1,1,0,0,0,0,0,0,0,0,0,0
2005,420671,2,1,0,15,0,30,0,0,0,0,0,0
2005,420672,1,1,0,0,0,0,0,0,0,0,0,0
2005,420673,0,1,0,0,0,0,0,0,0,0,0,0
2005,420673,1,1,0,0,0,0,0,0,0,0,0,0
2005,420674,1,1,0,0,0,0,0,0,0,0,0,0
2005,420674,2,1,0,0,0,0,0,0,0,0,14,0
2005,420674,3,1,0,0,0,0,0,0,0,0,0,0
2005,420675,0,1,35,35,35,35,35,35,35,35,35,35
2005,420675,1,1,0,0,0,0,0,0,0,0,0,0
2005,420676,0,1,8,8,8,8,8,8,8,8,8,8
2005,420676,1,1,34,19,4,9,17,0,0,0,0,6
2005,420677,1,1,0,0,0,0,0,0,0,0,0,0
2005,420678,1,1,0,0,0,0,0,0,0,0,0,0
2005,420678,2,1,0,0,0,0,0,0,0,0,0,0
2005,420679,1,1,0,0,0,0,0,0,0,0,0,0
2005,420680,1,1,0,0,0,0,0,0,0,0,0,0
2005,420680,2,1,0,0,0,0,0,0,0,0,0,0
2005,420681,1,1,25,25,25,25,25,25,25,25,25,25
2005,420682,1,1,28,28,28,28,28,28,28,28,28,28
2005,420683,1,1,20,20,20,20,20,20,20,20,20,20
2005,420684,0,1,0,0,0,0,0,0,0,0,0,0
2005,420684,1,1,0,0,0,0,0,0,0,29,0,0
2005,420685,1,1,0,0,0,0,0,0,0,0,0,0
2005,420685,2,1,0,0,0,0,0,0,0,0,0,0
2005,420685,3,1,0,0,0,0,0,0,0,0,0,0
2005,420686,1,1,18,13,29,22,0,18,0,0,29,0
2005,420687,1,1,0,0,0,0,0,0,0,0,0,0
2005,420688,1,1,20,20,20,20,20,20,20,20,20,20
2005,420689,1,1,0,0,0,0,0,0,0,0,0,0
2005,420690,0,1,0,20,0,17,0,25,0,20,0,0
2005,420690,1,1,17,19,9,11,21,28,11,16,18,6
2005,420691,1,1,0,0,0,0,0,0,0,0,0,0
2005,420691,2,1,0,0,0,0,0,0,0,0,0,0
2005,420692,1,1,8,8,8,8,8,8,8,8,8,8
2005,420693,1,1,2,2,2,2,2,2,2,2,2,2
2005,420694,1,1,10,10,10,10,10,10,10,10,10,10
2005,420695,1,1,19,19,19,19,19,19,19,19,19,19
2005,420696,1,1,8,8,8,8,8,8,8,8,8,8
2005,420697,1,1,22,22,22,22,22,22,22,22,22,22
2005,420697,2,1,0,0,0,0,0,0,0,0,0,0
2005,420698,1,1,0,0,0,0,0,0,0,0,0,0
2005,420699,1,1,0,0,0,0,0,0,0,0,0,0
2005,420699,2,1,0,0,0,0,0,0,0,0,0,0
2005,420700,1,1,0,0,0,0,0,0,0,0,0,0
2005,420700,2,1,0,0,0,0,0,0,0,0,0,0
2005,420701,1,1,10,10,10,10,10,10,10,10,10,10
2005,420702,1,1,27,27,27,27,27,27,27,27,27,27
2005,420702,2,1,0,0,0,0,0,0,0,0,0,0
2005,420703,1,1,0,0,0,0,0,0,0,0,0,0
2005,420704,1,1,0,0,0,0,0,0,0,0,0,0
2005,420704,2,1,0,0,0,0,0,0,0,0,0,0
2005,420705,1,1,23,31,16,36,16,18,17,34,22,17
2005,420705,2,1,0,0,0,0,0,0,0,0,0,0
2005,420706,1,1,22,22,22,22,22,22,22,22,22,22
2005,420707,1,1,29,29,29,29,29,29,29,29,29,29
2005,420708,1,1,8,8,8,8,8,8,8,8,8,8
2005,420709,1,1,0,0,0,0,0,0,0,0,0,0
2005,420709,2,1,0,0,0,0,0,0,0,0,0,0
2005,420710,1,1,0,0,0,15,0,0,0,0,0,0
2005,420711,0,1,16,16,16,16,16,16,16,16,16,16
2005,420711,1,1,0,0,0,0,0,0,0,0,0,0
2005,420712,1,1,10,0,6,6,0,0,0,0,0,0
2005,420713,1,1,12,12,12,12,12,12,12,12,12,12
2005,420713,2,1,0,0,0,0,0,0,0,0,0,0
2005,420713,3,1,0,0,0,0,0,0,0,0,0,0
2005,420714,1,1,0,15,0,0,0,0,0,0,0,0
2005,420715,1,1,0,0,0,0,0,0,0,0,0,0
2005,420715,2,1,0,0,0,0,0,0,0,0,0,0
2005,420716,1,1,0,0,0,0,0,0,0,0,0,0
2005,420716,2,1,0,0,0,0,0,0,0,0,0,0
2005,420717,1,1,12,12,12,12,12,12,12,12,12,12
2005,420717,2,1,0,0,0,0,0,5,0,23,4,0
2005,420718,1,1,11,0,5,0,0,0,0,14,0,0
2005,420718,2,1,0,0,0,0,0,0,0,0,0,10
2005,420719,1,1,12,12,12,12,12,12,12,12,12,12
2005,420720,1,1,0,0,0,0,0,0,0,0,0,0
2005,420720,2,1,0,0,0,0,0,0,0,0,0,0
2005,420721,1,1,12,12,12,12,12,12,12,12,12,12
2005,420721,2,1,0,0,0,19,0,0,0,21,0,0
2005,420722,1,1,0,0,0,0,0,0,0,0,0,0
2005,420722,2,1,0,0,0,0,0,0,0,0,0,0
2005,420723,1,1,15,15,15,15,15,15,15,15,15,15
2005,420724,1,1,0,0,0,0,0,0,0,0,0,0
2005,420725,1,1,0,0,0,0,0,0,0,0,0,0
2005,420725,2,1,0,0,0,0,2,0,0,0,0,0
2005,420726,1,1,25,25,25,25,25,25,25,25,25,25
2005,420727,1,1,0,0,0,0,0,0,0,0,0,0
2005,420727,2,1,0,0,0,0,0,0,0,0,0,0
2005,420727,3,1,0,0,0,0,0,0,0,0,0,0
2005,420727,4,1,0,0,0,0,0,0,0,0,0,0
2005,420728,1,1,26,26,26,26,26,26,26,26,26,26
2005,420729,1,1,0,0,0,0,0,0,0,0,0,0
2005,420730,1,1,0,0,0,0,0,0,0,0,0,0
2005,420731,1,1,0,0,0,0,0,0,0,0,0,0
2005,420731,2,1,0,0,0,0,0,0,0,0,0,0
2005,420731,3,1,0,0,0,0,0,0,0,0,0,0
2005,420732,1,1,0,0,0,0,0,0,0,0,0,0
2005,420733,1,1,0,0,0,0,0,0,0,0,0,0
2005,420733,2,1,0,0,0,0,0,0,0,0,0,0
2005,420734,0,1,0,0,0,0,0,0,0,0,0,0
2005,420734,0,2,0,0,0,0,0,0,0,0,0,0
2005,420734,1,1,0,0,0,0,0,0,0,0,0,0
2005,420735,1,1,0,0,0,0,0,0,0,0,0,0
2005,420735,2,1,0,0,0,0,0,0,0,0,0,0
2005,420735,3,1,0,0,0,0,0,0,0,0,0,0
2005,420736,1,1,0,0,0,0,0,0,0,0,0,0
2005,420737,1,1,0,0,0,0,0,0,0,0,0,0
2005,420738,1,1,25,25,25,25,25,25,25,25,25,25
2005,420739,1,1,0,0,0,0,0,0,0,0,0,0
2005,420739,2,1,0,0,0,8,0,0,0,0,0,0
2005,420740,1,1,0,0,0,0,0,0,0,0,0,0
2005,420740,2,1,0,0,0,0,0,0,0,0,20,0
2005,420741,1,1,23,23,23,23,23,23,23,23,23,23
2005,420742,1,1,0,0,0,0,0,0,0,0,0,0
2005,420743,1,1,0,0,0,0,0,0,0,0,0,0
2005,420744,1,1,0,0,0,0,0,0,0,0,0,0
2005,420744,2,1,0,0,0,0,0,0,0,0,0,0
2005,420745,1,1,0,0,0,0,0,0,0,0,0,0
2005,420746,1,1,21,0,5,19,12,0,23,21,40,7
2005,420747,1,1,0,0,0,0,0,0,0,0,0,0
2005,420747,2,1,0,0,0,0,0,0,0,0,0,15
2005,420748,1,1,0,0,0,0,0,0,0,0,0,0
2005,420748,2,1,0,0,0,16,0,0,0,0,0,0
2005,420748,3,1,0,0,0,0,0,0,0,0,0,0
2005,420749,1,1,26,26,26,26,26,26,26,26,26,26
2005,420750,1,1,0,0,0,0,0,0,0,0,0,0
2005,420750,2,1,0,0,0,0,0,0,0,0,0,0
2005,420751,1,1,13,13,13,13,13,13,13,13,13,13
2005,420752,1,1,0,0,0,0,0,0,0,0,0,0
2005,420753,1,1,0,0,0,0,0,0,0,0,0,0
2005,420753,2,1,0,0,0,0,0,0,0,0,0,0
2005,420754,1,1,17,17,17,17,17,17,17,17,17,17
2005,420755,1,1,0,0,0,0,0,0,0,0,0,0
2005,420756,1,1,0,0,0,0,0,0,0,0,0,0
2005,420756,2,1,0,0,0,0,0,0,0,0,0,0
2005,420757,1,1,0,15,0,0,0,0,0,0,3,0
2005,420758,1,1,2,2,2,2,2,2,2,2,2,2
2005,420759,1,1,24,24,24,24,24,24,24,24,24,24
2005,420760,1,1,12,12,12,12,12,12,12,12,12,12
2005,420760,2,1,0,0,0,0,0,0,0,0,0,0
2005,420761,1,1,0,0,0,0,0,0,0,0,0,0
2005,420761,2,1,0,0,0,0,0,0,0,0,0,0
2005,420762,1,1,17,6,18,0,0,19,9,4,18,29
2005,420763,1,1,0,0,0,0,0,0,0,0,0,0
2005,420764,0,1,23,23,23,23,23,23,23,23,23,23
2005,420764,1,1,0,0,0,0,0,0,0,0,0,0
2005,420765,1,1,6,6,6,6,6,6,6,6,6,6
2005,420766,1,1,0,0,0,0,0,0,0,0,0,0
2005,420767,1,1,0,0,0,0,0,0,0,0,0,0
2005,420768,1,1,0,0,0,0,0,0,0,0,0,0
2005,420769,1,1,4,4,4,4,4,4,4,4,4,4
2005,420769,2,1,0,0,0,0,0,0,0,0,13,0
2005,420770,1,1,0,0,0,0,0,0,0,0,0,0
2005,420770,2,1,0,0,0,0,0,0,0,0,0,0
2005,420771,1,1,15,15,15,15,15,15,15,15,15,15
2005,420772,1,1,0,0,0,0,0,0,0,0,0,0
2005,420772,2,1,0,0,0,0,0,0,0,0,0,0
2005,420773,1,1,0,0,0,0,0,0,0,0,0,0
2005,420774,1,1,0,0,0,0,0,0,0,0,0,12
2005,420774,2,1,0,0,0,0,0,0,0,0,0,0
2005,420775,1,1,0,0,0,24,0,0,10,0,0,0
2005,420776,1,1,0,0,0,0,0,0,0,13,0,0
2005,420776,2,1,0,0,0,0,0,0,0,0,0,0
2005,420777,1,1,0,0,0,0,0,0,0,0,0,0
2005,420777,2,1,0,0,0,0,0,0,0,0,0,0
2005,420778,1,1,0,0,0,0,0,0,0,0,0,0
2005,420779,1,1,0,0,0,0,0,0,0,0,0,0
2005,420780,0,1,0,0,0,0,0,0,0,0,0,0
2005,420780,1,1,25,22,21,16,9,0,24,5,20,22
2005,420781,1,1,25,25,25,25,25,25,25,25,25,25
2005,420782,1,1,0,0,0,0,0,0,0,0,0,0
2005,420783,0,1,0,0,0,0,0,0,0,0,0,15
2005,420783,1,1,0,0,0,0,0,0,0,0,0,0
2005,420784,1,1,28,28,28,28,28,28,28,28,28,28
2005,420784,2,1,3,3,3,3,3,3,3,3,3,3
2005,420785,1,1,0,0,0,0,0,0,0,0,0,0
2005,420785,2,1,0,0,0,0,0,0,0,0,0,0
2005,420785,3,1,0,0,0,0,0,0,0,0,0,0
2005,420786,1,1,0,0,0,0,0,0,0,0,0,0
2005,420786,2,1,0,0,0,0,0,0,0,0,0,0
2005,420787,0,1,0,0,0,0,0,0,0,0,0,0
2005,420787,0,2,0,0,0,0,0,0,0,0,0,0
2005,420787,1,1,1,1,1,1,1,1,1,1,1,1
2005,420788,1,1,0,0,0,0,0,0,0,0,0,0
2005,420789,1,1,20,20,20,20,20,20,20,20,20,20
2005,420790,1,1,28,28,28,28,28,28,28,28,28,28
2005,420791,1,1,16,16,16,16,16,16,16,16,16,16
2005,420791,2,1,25,25,25,25,25,25,25,25,25,25
2005,420791,3,1,0,0,0,0,0,0,0,0,16,0
2005,420792,1,1,0,0,0,0,0,0,0,0,0,0
2005,420793,1,1,31,31,31,31,31,31,31,31,31,31
2005,420793,2,1,0,0,0,0,0,0,0,0,0,0
2005,420794,1,1,0,0,0,0,0,0,0,0,0,0
2005,420795,1,1,19,19,19,19,19,19,19,19,19,19
2005,420795,2,1,0,0,0,0,0,0,0,0,0,0
2005,420796,0,1,0,0,0,0,0,0,0,0,0,0
2005,420796,1,1,0,0,0,0,0,0,0,0,0,0
2005,420797,1,1,0,0,0,0,0,0,0,0,0,0
2005,420797,2,1,0,0,0,0,0,0,0,0,0,0
2005,420798,1,1,32,32,32,32,32,32,32,32,32,32
2005,420799,1,1,20,20,20,20,20,20,20,20,20,20
2005,420800,1,1,24,24,24,24,24,24,24,24,24,24
2005,420800,2,1,0,0,0,0,3,0,0,0,0,0
2005,420801,1,1,0,0,0,0,0,0,0,0,0,0
2005,420802,1,1,0,0,0,0,0,0,0,0,0,0
2005,420802,2,1,0,0,0,0,0,0,0,0,0,0
2005,420803,1,1,22,22,22,22,22,22,22,22,22,22
2005,420804,1,1,0,0,0,0,0,0,0,0,0,0
2005,420805,1,1,0,10,0,0,0,0,8,0,0,0
2005,420805,2,1,0,0,0,0,0,23,0,0,0,0
2005,420805,3,1,0,0,0,0,0,0,0,0,0,0
2005,420806,1,1,0,0,0,0,0,0,0,0,0,0
2005,420806,2,1,0,0,0,0,0,0,0,0,0,0
2005,420807,1,1,0,0,0,0,0,0,0,0,0,0
2005,420808,1,1,12,12,12,12,12,12,12,12,12,12
2005,420809,1,1,22,22,22,22,22,22,22,22,22,22
2005,420810,0,1,0,0,0,0,0,0,0,0,0,0
2005,420810,1,1,0,0,9,0,0,0,0,0,0,0
2005,420811,1,1,12,12,12,12,12,12,12,12,12,12
2005,420812,1,1,0,0,0,0,0,0,0,0,9,0
2005,420813,1,2,18,25,0,0,17,12,32,21,9,31
2005,420814,1,1,0,0,0,0,0,0,0,0,0,0
2005,420814,2,1,0,0,0,0,0,0,0,0,0,0
2005,420815,1,1,16,16,16,16,16,16,16,16,16,16
2005,420816,1,1,15,15,15,15,15,15,15,15,15,15
2005,420816,2,1,0,0,0,0,0,0,0,0,0,0
2005,420817,1,1,0,0,24,20,25,0,18,11,0,26
2005,420817,2,1,0,0,0,0,0,0,0,0,0,0
2005,420818,1,1,0,0,0,0,0,0,0,0,0,0
2005,420819,1,1,0,0,0,0,0,0,0,0,0,0
2005,420819,2,1,0,0,0,0,0,7,0,0,0,0
2005,420819,3,1,0,0,0,0,0,0,0,0,0,0
2005,420820,1,1,17,17,17,17,17,17,17,17,17,17
2005,420821,1,1,0,0,4,0,25,0,16,0,0,18
2005,420822,1,1,0,0,0,0,0,0,0,0,0,0
2005,420823,1,1,0,0,0,0,0,0,0,0,0,0
2005,420824,1,1,0,0,0,0,0,0,0,0,0,0
2005,420824,2,1,6,6,6,6,6,6,6,6,6,6
2005,420825,1,1,25,25,25,25,25,25,25,25,25,25
2005,420826,1,1,0,0,0,0,0,0,0,0,0,0
2005,420827,1,1,0,0,0,0,0,0,0,0,0,0
2005,420827,2,1,0,0,0,0,0,0,0,0,0,0
2005,420828,1,1,0,0,0,0,0,31,34,8,0,11
2005,420828,2,1,0,0,0,0,0,0,0,0,0,0
2005,420829,1,1,22,31,8,26,20,11,26,6,17,12
2005,420830,1,1,16,16,16,16,16,16,16,16,16,16
2005,420830,2,1,0,0,0,0,0,0,0,0,0,0
2005,420831,1,1,0,0,0,0,15,0,0,0,0,0
2005,420832,1,1,0,0,0,0,0,0,0,0,0,0
2005,420833,1,1,0,0,0,0,0,0,0,0,0,0
2005,420833,2,1,0,0,0,0,0,0,0,0,20,0
2005,420834,1,1,0,0,0,0,0,0,0,0,0,0
2005,420834,2,1,0,0,0,0,0,0,0,0,0,0
2005,420835,1,1,0,0,0,0,0,0,0,0,0,0
2005,420836,1,1,24,24,24,24,24,24,24,24,24,24
2005,420837,1,1,0,0,0,0,0,0,0,0,0,0
2005,420838,1,1,0,0,0,0,0,0,0,0,0,0
2005,420838,2,1,0,0,0,0,0,0,0,0,0,0
2005,420838,3,1,0,0,0,0,0,0,0,0,0,0
2005,420839,1,1,0,0,0,0,0,0,12,0,0,0
2005,420840,1,1,6,18,22,17,35,33,20,22,17,16
2005,420840,2,1,0,11,0,5,15,14,0,37,0,5
2005,420841,0,1,9,9,9,9,9,9,9,9,9,9
2005,420841,1,1,0,0,0,0,0,0,0,0,0,0
2005,420842,0,1,24,0,0,26,0,0,0,0,0,18
2005,420842,1,1,0,9,0,15,8,22,12,10,0,2
2005,420843,1,1,19,19,19,19,19,19,19,19,19,19
2005,420844,1,1,31,31,31,31,31,31,31,31,31,31
2005,420845,1,1,0,0,0,0,0,0,0,0,0,0
2005,420845,2,1,7,0,0,0,0,30,20,0,11,0
2005,420846,1,1,21,21,21,21,21,21,21,21,21,21
2005,420846,2,1,0,0,0,0,0,0,0,0,0,0
2005,420847,1,1,0,0,0,0,0,0,0,0,0,0
2005,420848,0,1,27,27,27,27,27,27,27,27,27,27
2005,420848,1,1,0,0,0,0,0,0,0,0,0,0
2005,420849,1,1,0,0,0,0,0,0,0,0,0,0
2005,420849,2,1,0,0,0,0,0,0,0,0,0,0
2005,420850,1,1,0,0,0,0,0,0,0,0,0,0
2005,420851,1,1,0,0,0,0,0,0,0,0,0,0
2005,420851,2,1,0,0,0,0,0,0,0,0,8,0
2005,420852,1,1,0,0,0,0,0,0,0,0,0,0
2005,420852,2,1,0,0,0,0,0,0,0,0,0,0
2005,420853,1,1,4,4,4,4,4,4,4,4,4,4
2005,420854,1,1,0,0,0,0,0,0,0,0,0,0
2005,420855,1,1,0,0,0,0,0,0,0,0,0,0
2005,420855,2,1,0,0,0,0,0,0,0,0,0,0
2005,420856,1,1,23,23,23,23,23,23,23,23,23,23
2005,420857,1,1,0,0,0,0,0,0,14,0,0,0
2005,420857,2,1,0,0,0,0,0,0,0,0,0,0
2005,420858,0,1,33,8,8,0,0,30,0,0,0,0
2005,420858,1,1,0,0,0,0,0,0,0,0,0,0
2005,420859,1,1,14,14,14,14,14,14,14,14,14,14
2005,420859,2,1,0,0,0,0,0,0,0,0,0,0
2005,420860,1,1,0,0,0,10,0,0,0,0,0,0
2005,420860,2,1,0,0,0,0,0,0,0,0,0,0
2005,420861,1,1,0,0,0,0,0,0,0,0,0,0
2005,420861,2,1,0,0,0,0,0,0,0,0,0,0
2005,420862,1,1,0,0,0,0,0,0,0,0,0,0
2005,420863,1,1,0,0,0,0,0,0,0,0,0,0
2005,420863,2,1,0,0,0,0,0,0,0,0,0,0
2005,420864,1,1,23,23,23,23,23,23,23,23,23,23
2005,420864,2,1,0,0,0,0,0,0,0,0,0,0
2005,420865,1,1,0,0,0,0,0,0,0,0,0,0
2005,420865,2,1,0,0,0,0,0,0,0,0,0,0
2005,420865,3,1,0,0,0,0,0,0,0,0,0,0
2005,420865,4,1,0,0,0,0,0,0,0,0,0,0
2005,420866,1,1,0,0,0,0,0,0,0,0,0,0
2005,420866,2,1,0,0,0,0,0,0,0,0,0,0
2005,420867,0,1,0,0,0,0,0,0,0,0,0,0
2005,420867,0,2,0,0,0,19,0,0,0,21,0,0
2005,420867,1,1,0,0,0,0,0,0,0,0,0,0
2005,420868,1,1,0,0,0,0,0,0,0,0,0,0
2005,420869,1,1,0,0,0,0,0,0,0,0,0,0
2005,420870,1,1,17,17,17,17,17,17,17,17,17,17
2005,420871,1,1,0,0,0,0,0,0,0,0,0,0
2005,420871,2,1,0,0,0,0,0,0,0,0,0,0
2005,420872,1,1,0,0,0,0,0,0,0,0,0,0
2005,420872,2,1,0,0,0,0,0,0,0,0,0,0
2005,420873,1,1,0,0,0,0,0,0,0,0,0,0
2005,420873,2,1,0,0,0,0,0,0,0,0,0,0
2005,420874,1,1,0,0,0,0,0,0,0,0,0,8
2005,420875,1,1,0,0,0,0,0,0,0,0,0,0
2005,420875,2,1,0,0,0,0,0,0,0,0,0,0
2005,420875,3,1,0,0,0,0,0,0,0,3,0,0
2005,420875,4,1,0,0,0,0,0,0,0,0,0,0
2005,420875,5,1,0,0,0,0,0,0,0,0,0,0
2005,420875,6,1,0,0,0,0,0,0,0,0,0,0
2005,420875,7,1,0,0,0,0,0,0,11,0,0,0
2005,420875,8,1,0,0,0,0,0,0,0,0,0,0
2005,420876,1,1,0,0,0,0,0,0,0,0,0,0
2005,420876,2,1,0,0,0,0,0,0,0,0,0,0
2005,420876,3,1,0,0,0,0,0,0,0,0,0,0
2005,420877,1,1,0,0,0,0,18,0,0,0,18,0
2005,420877,2,1,0,0,0,0,0,0,0,0,0,0
2005,420877,3,1,0,0,0,0,0,0,0,0,0,0
2005,420878,1,1,0,0,0,0,0,0,0,0,0,0
2005,420879,1,1,0,0,0,0,0,0,0,13,0,0
2005,420880,1,1,0,0,0,0,0,0,0,0,0,0
2005,420881,1,1,12,12,12,12,12,12,12,12,12,12
2005,420882,1,1,0,0,0,0,0,0,0,0,0,0
2005,420882,2,1,0,0,0,0,0,0,0,0,0,0
2005,420883,1,1,0,0,17,0,0,0,0,0,0,0
2005,420884,1,1,0,0,0,0,0,0,0,0,0,0
2005,420884,2,1,0,0,0,0,0,0,0,0,0,0
2005,420884,3,1,0,0,0,0,0,0,0,0,0,0
2005,420885,1,1,0,0,0,0,0,0,0,0,0,0
2005,420886,1,1,19,19,19,19,19,19,19,19,19,19
2005,420887,1,1,21,21,21,21,21,21,21,21,21,21
2005,420888,1,1,0,0,0,0,0,0,0,0,0,0
2005,420889,1,1,0,0,0,0,0,0,0,0,0,0
2005,420889,2,1,0,0,0,0,0,0,0,0,0,0
2005,420890,1,1,17,17,17,17,17,17,17,17,17,17
2005,420891,1,1,23,23,23,23,23,23,23,23,23,23
2005,420891,2,1,0,0,0,0,0,0,0,0,0,0
2005,420892,1,1,0,0,0,0,0,0,0,0,0,0
2005,420892,2,1,0,0,0,0,0,0,0,0,0,0
2005,420893,1,1,0,0,0,0,0,0,0,0,0,0
2005,420893,2,1,0,0,0,0,0,0,0,18,0,0
2005,420893,3,1,0,0,0,0,0,0,0,0,0,0
2005,420893,4,1,0,0,0,0,0,0,0,0,0,0
2005,420894,1,1,0,0,0,0,0,0,0,0,0,0
2005,420894,2,1,0,0,0,0,0,0,0,0,0,0
2005,420895,1,1,8,8,8,8,8,8,8,8,8,8
2005,420895,2,1,0,0,0,0,0,0,0,0,0,0
2005,420896,1,1,0,0,0,11,7,0,11,6,0,12
2005,420897,1,1,0,0,0,0,0,0,0,0,0,0
2005,420897,2,1,0,0,0,0,0,0,0,0,0,18
2005,420898,1,1,13,13,13,13,13,13,13,13,13,13
2005,420898,2,1,0,0,0,0,0,0,0,0,0,0
2005,420899,0,1,2,2,2,2,2,2,2,2,2,2
2005,420899,1,1,8,8,8,8,8,8,8,8,8,8
2005,420900,1,1,27,27,27,27,27,27,27,27,27,27
2005,420901,1,1,29,29,29,29,29,29,29,29,29,29
2005,420902,1,1,0,0,0,0,0,0,0,0,0,0
2005,420902,2,1,0,0,0,0,0,0,0,0,0,0
2005,420903,1,1,8,23,38,31,18,11,13,23,12,18
2005,420903,2,1,11,11,11,11,11,11,11,11,11,11
2005,420904,1,1,2,2,2,2,2,2,2,2,2,2
2005,420905,1,1,23,23,23,23,23,23,23,23,23,23
2005,420906,1,1,0,0,0,0,0,0,0,0,0,0
2005,420907,1,1,5,0,0,0,0,0,5,0,0,0
2005,420907,2,1,0,0,0,0,0,0,0,0,0,0
2005,420908,1,1,10,10,10,10,10,10,10,10,10,10
2005,420909,0,1,0,0,10,0,0,0,0,0,0,0
2005,420909,1,1,0,0,0,0,0,0,6,0,0,0
2005,420910,1,1,24,24,24,24,24,24,24,24,24,24
2005,420910,2,1,0,0,0,0,0,0,0,0,16,0
2005,420911,1,1,0,0,0,0,0,0,0,0,0,0
2005,420912,1,1,20,0,0,24,0,0,28,14,21,0
2005,420912,2,1,0,0,0,0,0,0,0,0,0,0
2005,420912,3,1,0,0,0,0,0,0,0,0,0,0
2005,420913,1,1,18,36,27,39,8,14,0,15,29,0
2005,420914,1,1,5,5,5,5,5,5,5,5,5,5
2005,420915,1,1,23,23,23,23,23,23,23,23,23,23
2005,420916,1,1,0,0,0,0,0,0,0,0,0,0
2005,420916,2,1,0,0,0,0,0,0,0,0,0,0
2005,420917,1,1,0,0,0,0,0,0,0,0,0,0
2005,420918,1,1,0,0,0,0,0,0,0,0,8,0
2005,420918,2,1,0,0,0,0,0,0,0,0,0,0
2005,420919,1,1,0,0,0,0,0,0,0,0,0,0
2005,420920,0,1,0,0,0,0,0,0,0,0,0,0
2005,420920,1,1,0,0,0,0,0,0,0,0,0,0
2005,420921,1,1,0,0,0,0,0,0,0,0,0,0
2005,420922,0,1,0,0,0,9,0,0,0,18,0,0
2005,420922,1,1,0,0,0,0,0,0,0,0,0,0
2005,420923,1,1,18,18,18,18,18,18,18,18,18,18
2005,420924,1,1,0,0,0,0,0,0,0,0,0,0
2005,420925,1,1,26,26,26,26,26,26,26,26,26,26
2005,420926,1,1,0,0,0,0,0,0,0,0,0,0
2005,420926,2,1,0,0,4,0,0,0,0,0,6,0
2005,420926,3,1,0,0,0,0,0,0,0,0,14,0
2005,420927,1,1,5,5,5,5,5,5,5,5,5,5
2005,420928,1,1,0,0,0,0,0,0,0,0,0,0
2005,420928,2,1,0,0,0,0,0,0,0,0,0,0
2005,420929,1,1,0,0,0,0,0,0,0,0,0,0
2005,420929,2,1,0,0,0,0,0,0,0,0,0,0
2005,420930,1,1,19,19,19,19,19,19,19,19,19,19
2005,420930,2,1,0,0,0,0,0,0,0,0,0,0
2005,420930,3,1,0,0,0,0,0,0,0,0,0,0