YEAR,ST_CASE,veh_no,per_no,P1,P2,P3,P4,P5,P6,P7,P8,P9,P10
2005,420931,0,1,0,0,0,0,0,0,0,0,0,0
2005,420931,1,1,0,0,0,0,0,0,0,0,0,0
2005,420932,1,1,0,0,0,0,0,0,0,0,0,0
2005,420932,2,1,0,0,0,0,0,0,0,0,0,0
2005,420933,1,1,17,17,17,17,17,17,17,17,17,17
2005,420934,1,1,2,2,2,2,2,2,2,2,2,2
2005,420934,2,1,0,0,0,0,0,0,0,0,0,0
2005,420935,1,1,0,0,0,0,0,0,0,0,0,0
2005,420936,1,1,0,0,0,0,0,0,0,0,0,0
2005,420936,2,1,0,0,0,0,0,0,0,0,0,0
2005,420937,1,1,0,0,0,0,0,0,0,0,0,0
2005,420937,2,1,0,6,0,20,0,0,0,0,0,0
2005,420938,1,1,0,0,0,0,0,0,0,0,0,0
2005,420938,2,1,0,0,0,0,0,0,0,0,0,0
2005,420939,1,1,0,0,0,0,0,0,0,0,0,0
2005,420939,2,1,0,24,0,0,0,0,0,18,0,0
2005,420940,1,1,0,0,0,0,0,0,0,0,0,0
2005,420940,2,1,0,0,0,0,0,0,0,0,0,0
2005,420940,3,1,0,0,0,0,0,0,0,0,0,0
2005,420941,1,1,17,17,17,17,17,17,17,17,17,17
2005,420942,1,1,0,0,0,0,6,0,0,0,0,0
2005,420942,2,1,0,0,12,0,8,0,0,0,9,0
2005,420942,3,1,10,0,0,0,0,3,2,0,13,0
2005,420943,1,1,13,13,13,13,13,13,13,13,13,13
2005,420944,1,1,0,0,0,0,0,9,11,0,0,0
2005,420944,2,1,0,0,0,0,0,0,0,0,0,0
2005,420944,3,1,0,0,0,0,0,0,0,0,18,0
2005,420945,1,1,13,13,13,13,13,13,13,13,13,13
2005,420946,1,1,0,0,0,0,0,0,9,0,23,0
2005,420946,2,1,0,0,0,0,0,0,0,0,0,0
2005,420947,0,1,0,0,0,0,0,0,0,0,0,0
2005,420947,1,1,0,0,0,0,0,0,0,0,0,0
2005,420948,1,1,0,0,0,0,0,0,0,0,0,0
2005,420948,2,1,0,3,0,0,0,0,0,18,0,0
2005,420949,1,1,12,12,12,12,12,12,12,12,12,12
2005,420949,2,1,0,0,0,0,0,0,0,0,0,0
2005,420950,1,1,10,10,10,10,10,10,10,10,10,10
2005,420951,1,1,14,14,14,14,14,14,14,14,14,14
2005,420952,1,1,26,26,26,26,26,26,26,26,26,26
2005,420953,1,1,0,0,0,0,0,0,0,0,0,0
2005,420953,2,1,0,0,0,0,0,0,0,0,0,0
2005,420954,1,1,0,0,0,0,0,0,0,0,0,0
2005,420954,2,1,0,0,0,0,0,0,0,0,0,0
2005,420954,3,1,0,0,0,0,0,0,0,0,0,0
2005,420955,1,1,0,0,0,0,0,0,0,0,0,0
2005,420955,2,1,0,0,0,0,0,0,0,0,0,0
2005,420955,3,1,0,0,0,0,0,0,0,0,0,0
2005,420956,0,1,0,0,0,0,0,0,0,0,0,0
2005,420956,1,1,0,0,0,0,0,0,0,0,0,0
2005,420957,1,1,12,12,12,12,12,12,12,12,12,12
2005,420958,1,1,17,17,17,17,17,17,17,17,17,17
2005,420958,2,1,0,0,0,0,0,0,0,0,0,0
2005,420959,1,1,3,13,21,13,14,0,26,0,0,0
2005,420959,2,1,0,0,0,0,0,0,0,0,0,0
2005,420960,0,1,0,0,0,0,0,0,0,0,0,0
2005,420960,1,1,0,0,0,0,0,0,0,0,0,0
2005,420961,1,1,18,0,0,0,0,0,0,0,0,0
2005,420961,2,1,0,0,0,0,0,0,0,0,0,0
2005,420961,3,1,0,0,0,0,0,0,0,0,0,0
2005,420962,1,1,0,0,0,0,0,0,0,0,0,0
2005,420962,2,1,1,1,1,1,1,1,1,1,1,1
2005,420962,3,1,0,0,0,0,8,0,0,0,0,0
2005,420963,1,1,0,0,0,0,0,0,0,0,0,0
2005,420963,2,1,0,0,0,0,0,0,0,0,0,0
2005,420964,1,1,0,0,0,0,0,0,0,0,0,0
2005,420965,1,1,0,0,0,0,0,0,0,0,0,0
2005,420966,1,1,0,0,0,0,0,0,0,0,0,0
2005,420967,1,1,0,0,0,0,0,0,0,0,0,0
2005,420967,2,1,0,0,0,0,0,0,0,0,0,0
2005,420968,1,1,0,0,0,0,0,0,0,0,0,0
2005,420968,2,1,0,0,0,0,0,0,0,0,0,0
2005,420969,1,1,0,0,0,0,0,0,0,0,0,0
2005,420969,2,1,0,0,0,0,0,0,0,0,0,0
2005,420970,1,1,19,19,19,19,19,19,19,19,19,19
2005,420970,2,1,0,0,0,0,0,0,0,0,0,0
2005,420971,1,1,0,0,0,0,0,0,0,0,0,0
2005,420971,2,1,0,0,0,0,0,0,0,0,0,0
2005,420972,1,1,24,24,24,24,24,24,24,24,24,24
2005,420973,1,1,0,0,0,0,0,0,0,0,0,0
2005,420973,2,1,0,0,0,0,0,0,0,0,0,0
2005,420973,3,1,0,0,0,0,0,0,0,0,0,0
2005,420973,4,1,0,0,0,0,0,0,0,0,0,0
2005,420974,1,1,8,8,8,8,8,8,8,8,8,8
2005,420975,1,1,0,0,0,0,0,0,0,0,0,0
2005,420976,1,1,24,0,0,0,0,0,0,0,0,0
2005,420976,2,1,0,0,0,0,0,0,0,0,0,0
2005,420977,1,1,0,0,0,13,0,0,0,0,6,0
2005,420977,2,1,0,0,0,0,0,0,0,0,0,0
2005,420978,1,1,0,0,0,0,0,0,0,0,0,0
2005,420978,2,1,0,0,0,0,0,0,0,0,29,0
2005,420979,1,1,0,0,0,0,0,0,0,0,0,0
2005,420979,2,1,0,0,0,0,0,0,0,15,0,0
2005,420980,1,1,0,0,0,12,0,0,0,0,0,0
2005,420981,1,1,0,0,0,0,0,0,0,0,0,0
2005,420981,2,1,0,0,0,0,0,0,0,0,0,0
2005,420982,1,1,0,0,0,0,0,0,0,0,0,0
2005,420982,2,1,0,0,0,0,0,0,0,0,0,0
2005,420983,1,1,0,0,15,0,10,4,0,0,0,0
2005,420984,1,1,12,12,12,12,12,12,12,12,12,12
2005,420985,0,1,0,0,0,0,0,0,0,0,0,0
2005,420985,1,1,0,0,0,0,0,0,0,0,0,0
2005,420986,1,1,19,0,23,0,0,0,0,0,0,0
2005,420987,1,1,5,12,16,19,19,23,18,0,15,5
2005,420988,1,1,0,0,18,0,0,0,0,12,0,0
2005,420989,1,1,0,0,0,0,0,0,0,0,0,0
2005,420990,1,1,12,12,12,12,12,12,12,12,12,12
2005,420991,1,1,0,0,0,0,0,0,0,0,0,0
2005,420991,2,1,0,0,0,0,0,0,0,0,0,12
2005,420992,1,1,0,0,0,0,0,0,0,0,0,0
2005,420993,0,1,0,0,0,0,0,0,0,0,0,0
2005,420993,1,1,0,0,0,0,0,0,0,0,0,0
2005,420994,1,1,0,0,0,0,0,0,0,0,0,0
2005,420994,2,1,0,0,0,0,0,0,0,0,0,0
2005,420995,1,1,0,0,0,0,0,0,0,0,0,0
2005,420996,1,1,0,0,0,0,0,0,0,0,0,0
2005,420996,2,1,0,0,0,0,0,0,0,0,0,0
2005,420997,1,1,0,0,0,0,0,0,0,0,0,0
2005,420997,2,1,0,0,0,0,0,0,0,0,0,0
2005,420998,1,1,20,20,20,20,20,20,20,20,20,20
2005,420999,1,1,0,0,0,0,0,0,0,0,0,0
2005,420999,2,1,5,0,0,5,0,0,0,0,0,0
2005,421000,1,1,7,0,0,0,0,10,0,26,0,0
2005,421001,1,1,24,24,24,24,24,24,24,24,24,24
2005,421002,1,1,0,0,0,0,0,0,0,0,0,0
2005,421003,0,1,0,0,0,0,0,0,0,0,0,0
2005,421003,1,1,18,18,18,18,18,18,18,18,18,18
2005,421004,1,1,0,0,0,0,0,0,0,0,0,0
2005,421005,1,1,0,0,0,0,0,0,0,0,0,0
2005,421005,2,1,0,0,0,0,0,0,8,0,0,0
2005,421006,1,1,0,0,12,6,9,23,0,16,0,9
2005,421006,2,1,0,0,0,8,0,0,0,0,0,0
2005,421007,1,1,20,20,20,20,20,20,20,20,20,20
2005,421008,0,1,0,0,0,0,0,0,0,0,0,0
2005,421008,1,1,0,0,0,0,0,0,0,0,0,0
2005,421009,1,1,0,23,0,0,0,10,0,16,22,0
2005,421009,2,1,0,0,0,0,0,12,0,0,0,0
2005,421010,1,1,0,0,0,0,0,0,0,0,0,0
2005,421010,2,1,0,0,0,0,0,0,0,0,0,0
2005,421011,1,1,0,0,0,0,0,0,0,0,0,0
2005,421012,1,1,0,0,0,0,0,0,0,0,0,0
2005,421012,2,1,0,0,0,0,0,0,0,0,0,0
2005,421013,0,1,26,26,26,26,26,26,26,26,26,26
2005,421013,1,1,0,0,0,0,0,0,0,0,0,0
2005,421014,1,1,0,0,0,0,0,0,0,0,0,0
2005,421014,2,1,0,0,0,0,0,0,0,0,0,0
2005,421015,1,1,0,0,0,0,0,0,0,0,0,0
2005,421016,1,1,0,0,0,7,0,0,19,0,0,0
2005,421016,2,1,0,0,0,0,0,0,0,0,0,0
2005,421017,1,1,30,30,30,30,30,30,30,30,30,30
2005,421018,1,1,0,0,0,0,0,0,0,0,0,10
2005,421019,1,1,19,19,19,19,19,19,19,19,19,19
2005,421020,0,1,0,0,0,0,0,0,0,0,0,0
2005,421020,1,1,0,0,0,0,0,0,0,0,0,0
2005,421021,1,1,0,0,15,0,0,0,0,0,0,0
2005,421021,2,1,0,7,0,0,0,0,0,19,0,0
2005,421021,3,2,0,0,0,0,0,0,0,0,0,0
2005,421021,4,1,0,0,0,0,0,0,0,0,0,0
2005,421021,5,1,0,0,0,0,0,0,0,0,5,0
2005,421021,6,1,0,0,0,0,0,0,9,0,0,0
2005,421022,1,1,25,25,25,25,25,25,25,25,25,25
2005,421023,1,1,10,10,10,10,10,10,10,10,10,10
2005,421024,1,1,0,0,0,0,0,0,0,0,0,0
2005,421024,2,1,0,0,0,0,0,0,0,0,0,0
2005,421024,3,1,0,0,0,0,0,0,0,0,11,4
2005,421025,0,1,0,0,0,0,0,0,0,0,0,0
2005,421025,1,1,0,0,0,0,0,0,0,0,0,0
2005,421026,1,1,18,18,18,18,18,18,18,18,18,18
2005,421027,0,1,0,0,0,0,0,0,0,0,0,0
2005,421027,1,1,0,0,0,0,0,0,0,0,0,0
2005,421028,1,1,11,0,0,0,0,0,0,0,0,0
2005,421028,2,1,0,0,0,0,0,0,0,0,0,0
2005,421029,1,1,9,9,9,9,9,9,9,9,9,9
2005,421029,2,1,0,0,0,0,0,0,0,0,0,0
2005,421030,0,1,0,0,0,0,0,0,0,0,0,0
2005,421030,1,1,0,0,0,0,0,0,0,0,0,0
2005,421031,1,1,0,0,0,0,0,0,0,0,0,0
2005,421031,2,1,0,0,0,0,0,0,0,0,0,0
2005,421032,1,1,0,0,0,0,0,0,0,0,0,0
2005,421032,2,1,0,0,0,0,0,0,0,0,0,0
2005,421033,1,1,0,0,0,0,0,0,0,0,0,0
2005,421033,2,1,0,0,0,0,0,0,0,0,0,0
2005,421034,1,1,0,0,0,0,0,0,0,0,0,0
2005,421034,2,1,0,0,0,0,0,0,0,0,0,0
2005,421035,1,1,0,0,18,0,11,0,8,0,0,11
2005,421036,1,1,12,12,12,12,12,12,12,12,12,12
2005,421037,1,1,0,0,0,0,0,0,0,0,0,0
2005,421038,1,1,0,0,0,0,0,0,0,0,0,0
2005,421038,2,1,9,9,9,9,9,9,9,9,9,9
2005,421039,1,1,0,0,0,0,0,0,0,0,0,0
2005,421040,1,1,21,21,21,21,21,21,21,21,21,21
2005,421041,1,1,0,0,0,0,0,0,0,0,0,0
2005,421041,2,1,0,0,0,0,0,0,0,0,0,0
2005,421041,3,1,0,0,0,0,0,0,0,0,0,0
2005,421042,1,1,9,9,9,9,9,9,9,9,9,9
2005,421042,2,1,13,13,13,13,13,13,13,13,13,13
2005,421043,1,1,0,0,0,0,0,0,0,0,0,0
2005,421043,2,1,0,0,0,0,0,0,0,0,0,0
2005,421044,0,1,6,6,6,6,6,6,6,6,6,6
2005,421044,1,1,0,0,0,0,0,0,0,0,0,0
2005,421045,1,1,0,0,0,0,0,0,0,0,0,0
2005,421045,2,1,0,0,0,0,0,0,0,0,0,0
2005,421046,0,1,0,0,0,0,0,0,0,0,0,0
2005,421046,0,2,0,14,0,22,0,23,16,12,11,0
2005,421046,1,1,0,0,0,0,0,0,0,0,0,0
2005,421047,0,1,27,27,27,27,27,27,27,27,27,27
2005,421047,1,1,0,0,0,0,0,0,0,0,0,0
2005,421048,0,1,0,0,0,0,0,0,0,0,0,0
2005,421048,1,1,0,0,0,0,0,0,0,0,0,0
2005,421049,1,1,19,19,19,19,19,19,19,19,19,19
2005,421049,2,1,0,0,0,0,0,0,0,0,0,0
2005,421050,1,1,43,43,43,43,43,43,43,43,43,43
2005,421051,1,1,0,0,0,0,0,0,13,0,0,0
2005,421051,2,1,0,0,0,0,0,0,0,0,0,0
2005,421052,1,1,0,0,0,0,0,0,19,0,0,5
2005,421052,2,1,20,20,20,20,20,20,20,20,20,20
2005,421053,1,1,0,0,0,0,0,0,0,0,0,0
2005,421053,2,1,0,0,0,0,0,0,0,0,0,0
2005,421054,1,1,0,0,0,0,0,0,0,0,0,0
2005,421054,2,1,0,0,0,0,0,0,0,0,0,0
2005,421054,3,1,0,0,0,0,0,0,0,0,0,0
2005,421055,0,1,22,0,0,17,0,29,0,11,0,0
2005,421055,1,1,0,0,0,0,0,0,0,0,0,0
2005,421055,2,1,0,0,0,0,0,13,0,0,0,0
2005,421056,0,1,0,0,0,0,14,13,0,0,14,0
2005,421056,1,1,11,11,11,11,11,11,11,11,11,11
2005,421057,1,1,3,3,3,3,3,3,3,3,3,3
2005,421057,2,1,0,0,0,0,0,0,0,0,0,0
2005,421058,1,1,0,0,0,0,0,0,0,0,0,0
2005,421059,0,1,0,0,0,0,0,0,0,0,0,0
2005,421059,1,1,0,0,0,0,0,0,0,0,0,0
2005,421060,0,1,0,0,0,0,0,0,0,0,0,0
2005,421060,1,1,0,0,0,0,0,0,0,0,0,0
2005,421061,1,1,0,0,0,0,0,0,0,0,0,0
2005,421061,2,1,0,0,0,0,0,0,0,0,0,0
2005,421062,1,1,0,0,0,0,0,0,0,0,0,0
2005,421062,2,1,0,0,0,0,0,0,0,5,0,0
2005,421062,3,1,0,0,0,0,0,0,0,0,17,0
2005,421063,1,1,7,7,7,7,7,7,7,7,7,7
2005,421064,1,1,0,0,0,0,0,0,0,0,0,0
2005,421064,2,1,0,0,0,0,0,0,0,0,0,0
2005,421065,1,1,0,0,0,0,0,0,0,0,0,0
2005,421065,2,1,0,0,0,0,0,0,0,0,0,0
2005,421066,1,1,25,25,25,25,25,25,25,25,25,25
2005,421066,2,1,0,0,0,0,0,0,0,0,0,0
2005,421067,1,1,25,25,25,25,25,25,25,25,25,25
2005,421068,1,1,8,0,0,0,0,0,0,0,0,0
2005,421069,1,1,0,0,0,6,0,0,0,0,0,0
2005,421069,2,1,0,0,0,0,0,0,0,0,0,0
2005,421070,1,1,22,22,22,22,22,22,22,22,22,22
2005,421071,1,1,0,0,0,0,0,0,0,0,0,0
2005,421071,2,1,0,0,0,0,0,0,0,0,0,0
2005,421072,1,1,0,0,0,0,0,0,0,0,0,0
2005,421073,1,1,0,0,0,0,0,0,0,0,0,0
2005,421073,2,1,0,0,0,0,0,0,13,0,0,0
2005,421074,1,1,0,0,0,0,0,0,0,0,0,0
2005,421075,1,1,0,0,0,0,0,0,0,0,0,0
2005,421076,1,1,0,0,0,0,0,0,0,0,0,0
2005,421077,1,1,23,23,23,23,23,23,23,23,23,23
2005,421078,1,1,15,0,16,0,0,0,0,0,0,0
2005,421079,1,1,0,0,0,0,0,0,0,0,0,0
2005,421079,2,1,0,0,0,0,0,0,0,0,0,0
2005,421079,3,1,0,0,0,0,0,0,0,0,0,0
2005,421080,1,1,0,0,0,0,0,0,16,0,0,0
2005,421080,2,1,0,0,16,0,0,0,0,0,0,0
2005,421081,1,1,7,7,7,7,7,7,7,7,7,7
2005,421081,2,1,0,0,0,0,0,0,0,0,0,0
2005,421082,1,1,0,0,0,0,0,0,0,0,0,0
2005,421082,2,1,0,0,0,0,0,0,0,0,0,0
2005,421083,1,1,15,15,15,15,15,15,15,15,15,15
2005,421084,1,1,0,0,0,0,0,0,0,0,0,0
2005,421085,1,1,21,21,21,21,21,21,21,21,21,21
2005,421086,1,1,15,15,15,15,15,15,15,15,15,15
2005,421087,1,1,0,0,0,0,0,0,0,0,15,0
2005,421088,1,1,0,0,0,0,0,0,0,0,0,0
2005,421089,1,1,0,0,0,0,0,0,0,0,0,0
2005,421089,2,1,0,0,0,0,0,0,0,0,0,0
2005,421090,1,1,0,0,0,0,0,0,0,0,0,0
2005,421091,1,1,14,14,14,14,14,14,14,14,14,14
2005,421092,1,1,0,0,0,0,0,0,0,0,0,0
2005,421093,1,1,0,0,0,0,0,0,0,0,0,0
2005,421093,2,1,0,0,0,0,0,0,0,0,0,0
2005,421094,0,1,0,0,0,0,0,0,0,0,0,0
2005,421094,1,1,0,0,0,0,0,0,0,0,0,0
2005,421095,1,1,0,0,0,0,0,0,0,0,0,0
2005,421096,1,1,0,0,0,0,0,0,0,0,0,0
2005,421097,1,1,0,0,0,0,0,0,0,0,0,0
2005,421098,1,1,0,0,0,0,0,0,0,0,0,0
2005,421098,2,1,0,0,0,0,0,0,0,0,0,0
2005,421099,1,1,0,0,0,0,0,0,0,0,0,0
2005,421099,2,1,0,0,0,0,0,0,0,0,0,0
2005,421100,1,1,9,0,0,0,0,0,0,0,0,0
2005,421100,2,1,0,0,0,0,0,0,0,0,0,0
2005,421101,1,1,1,1,1,1,1,1,1,1,1,1
2005,421102,1,1,14,14,14,14,14,14,14,14,14,14
2005,421103,1,1,0,0,0,0,0,0,0,0,0,0
2005,421104,0,1,1,1,1,1,1,1,1,1,1,1
2005,421104,1,1,0,0,0,0,0,0,0,0,5,0
2005,421105,1,1,0,0,0,0,0,0,0,0,0,0
2005,421105,2,1,0,0,0,0,0,0,0,0,0,0
2005,421106,1,1,13,13,13,13,13,13,13,13,13,13
2005,421107,1,1,0,0,0,0,0,0,0,0,0,0
2005,421107,2,1,0,0,0,14,0,0,0,0,0,0
2005,421108,0,1,0,0,0,0,0,0,0,0,0,0
2005,421108,1,1,0,8,0,0,0,0,0,0,0,0
2005,421109,1,1,15,15,15,15,15,15,15,15,15,15
2005,421109,2,1,0,0,0,0,0,0,0,0,0,0
2005,421110,0,1,19,19,19,19,19,19,19,19,19,19
2005,421110,1,1,0,0,0,0,0,0,0,0,0,0
2005,421111,1,1,0,0,0,0,0,0,0,0,0,0
2005,421112,1,1,0,0,0,0,0,0,0,0,10,0
2005,421113,1,1,22,22,22,22,22,22,22,22,22,22
2005,421114,1,1,23,23,23,23,23,23,23,23,23,23
2005,421115,1,1,0,0,0,0,0,0,0,0,0,0
2005,421115,2,1,0,0,0,0,0,0,0,0,13,0
2005,421115,3,1,0,0,0,0,0,0,0,0,0,0
2005,421116,1,1,0,0,0,0,0,0,0,0,0,0
2005,421117,1,1,0,0,0,0,0,0,0,0,0,0
2005,421117,2,1,0,0,0,0,0,0,0,0,0,0
2005,421118,0,1,7,7,7,7,7,7,7,7,7,7
2005,421118,1,1,15,15,15,15,15,15,15,15,15,15
2005,421119,1,1,0,0,0,0,0,0,0,0,0,0
2005,421119,2,1,0,0,2,0,0,0,0,0,0,0
2005,421120,1,1,0,0,0,0,0,0,0,0,0,0
2005,421121,1,1,0,0,0,0,0,0,0,0,0,0
2005,421121,2,1,0,0,0,0,0,0,0,0,0,0
2005,421121,3,1,0,0,0,0,0,0,0,0,28,0
2005,421122,0,1,0,0,0,0,0,0,0,0,0,0
2005,421122,1,1,0,0,0,0,0,0,0,0,0,0
2005,421123,1,1,0,0,0,0,0,0,0,0,0,0
2005,421123,2,1,0,0,0,0,0,0,0,0,0,0
2005,421124,1,1,0,0,0,0,0,0,0,0,0,0
2005,421124,2,1,0,0,0,0,0,0,0,0,0,0
2005,421125,1,1,18,18,18,18,18,18,18,18,18,18
2005,421125,2,1,0,0,0,0,0,0,0,0,0,0
2005,421126,1,1,33,33,33,33,33,33,33,33,33,33
2005,421126,2,1,0,0,0,0,0,0,0,0,0,0
2005,421127,1,1,0,0,0,0,0,0,0,0,0,0
2005,421127,2,1,0,0,0,0,0,0,0,0,0,0
2005,421127,3,1,0,0,0,0,0,0,0,0,0,0
2005,421128,1,1,14,14,14,14,14,14,14,14,14,14
2005,421128,2,1,0,0,0,0,0,0,0,0,0,0
2005,421129,0,1,0,0,0,0,0,0,0,0,0,0
2005,421129,1,1,0,0,0,0,0,0,0,0,0,0
2005,421130,1,1,0,0,0,0,0,0,0,0,0,0
2005,421130,2,1,0,0,0,0,0,0,0,0,0,0
2005,421131,0,1,23,23,23,23,23,23,23,23,23,23
2005,421131,1,1,0,0,0,0,0,0,0,0,0,0
2005,421132,1,1,0,0,0,0,0,0,0,0,0,0
2005,421132,2,1,0,0,0,0,12,21,26,0,14,0
2005,421133,1,1,0,0,0,0,0,0,0,0,0,0
2005,421133,2,1,0,8,0,0,0,0,0,0,0,0
2005,421134,1,1,27,27,27,27,27,27,27,27,27,27
2005,421135,1,1,0,0,0,0,0,0,0,0,0,0
2005,421135,2,1,0,0,0,0,0,0,0,0,0,0
2005,421136,1,1,0,0,0,0,0,0,0,0,0,0
2005,421136,2,1,0,0,0,0,0,0,0,0,0,0
2005,421136,3,1,0,0,0,0,0,0,0,0,0,0
2005,421137,1,1,0,0,0,0,0,0,0,0,0,0
2005,421138,1,1,0,0,0,0,0,11,0,0,0,0
2005,421139,1,1,15,15,15,15,15,15,15,15,15,15
2005,421139,2,1,0,0,0,0,0,0,0,0,0,0
2005,421140,1,1,17,17,17,17,17,17,17,17,17,17
2005,421140,2,1,0,0,0,0,0,0,0,0,0,0
2005,421141,1,1,0,0,0,0,0,0,0,0,0,8
2005,421142,1,1,0,0,0,0,0,0,0,0,0,0
2005,421143,1,1,0,0,0,0,8,0,0,0,0,0
2005,421144,1,1,23,23,23,23,23,23,23,23,23,23
2005,421145,1,1,0,14,0,0,0,0,0,0,0,0
2005,421145,2,1,0,0,0,0,0,0,0,0,0,0
2005,421146,1,1,0,0,0,0,0,0,0,0,0,0
2005,421146,2,1,0,0,0,0,0,0,0,0,0,0
2005,421147,1,1,0,0,21,0,0,0,0,0,0,0
2005,421148,1,1,0,0,0,0,0,0,0,0,0,0
2005,421149,1,1,20,20,20,20,20,20,20,20,20,20
2005,421149,2,1,0,0,0,0,0,0,0,0,0,0
2005,421149,3,1,0,0,0,0,0,0,0,0,0,0
2005,421150,0,1,0,0,0,0,0,0,0,0,0,0
2005,421150,1,1,0,0,0,0,0,0,0,0,0,0
2005,421151,0,1,0,0,0,0,0,0,0,0,0,0
2005,421151,0,2,0,0,0,0,0,0,0,0,0,0
2005,421151,1,1,7,6,0,7,12,0,5,11,0,15
2005,421152,1,1,0,0,0,0,0,0,0,0,0,0
2005,421152,2,1,0,0,0,0,0,0,0,0,0,0
2005,421153,0,1,0,0,0,0,0,0,0,0,0,0
2005,421153,1,1,0,0,0,0,0,0,0,0,0,0
2005,421154,1,1,0,0,0,0,0,0,0,0,0,0
2005,421155,1,1,28,28,28,28,28,28,28,28,28,28
2005,421156,1,1,0,0,0,0,0,0,0,0,0,0
2005,421156,2,1,0,0,0,0,0,0,0,0,0,0
2005,421157,1,1,13,16,15,0,0,0,12,13,0,16
2005,421158,1,1,15,15,15,15,15,15,15,15,15,15
2005,421159,1,1,16,16,16,16,16,16,16,16,16,16
2005,421159,2,1,0,0,0,0,0,0,0,0,0,0
2005,421160,1,1,5,5,5,5,5,5,5,5,5,5
2005,421161,1,1,0,0,0,0,0,0,0,0,0,0
2005,421161,2,1,0,0,0,0,0,0,0,0,0,0
2005,421162,1,1,0,0,0,0,0,0,0,0,0,0
2005,421163,1,1,0,0,0,0,0,0,0,0,0,0
2005,421164,1,1,1,1,1,1,1,1,1,1,1,1
2005,421165,1,1,0,0,0,0,0,0,0,0,0,0
2005,421166,1,1,0,0,0,0,0,0,0,0,0,0
2005,421167,1,1,0,0,0,0,0,0,0,0,0,0
2005,421168,1,1,13,18,16,9,10,23,0,7,9,19
2005,421169,0,1,7,7,7,7,7,7,7,7,7,7
2005,421169,1,1,0,0,0,0,0,0,0,0,0,0
2005,421169,2,1,0,0,0,0,0,0,0,0,0,0
2005,421169,5,1,0,0,0,0,0,0,0,0,0,0
2005,421169,6,1,0,0,0,0,0,0,0,0,0,0
2005,421169,7,1,0,0,0,0,0,0,0,0,0,0
2005,421170,1,1,0,14,0,0,0,0,0,0,0,0
2005,421170,2,1,0,0,0,0,0,0,0,0,0,0
2005,421171,0,1,35,17,0,10,17,18,13,38,36,29
2005,421171,1,1,18,18,18,18,18,18,18,18,18,18
2005,421172,1,1,0,0,0,0,0,0,0,0,0,0
2005,421173,1,1,25,25,25,25,25,25,25,25,25,25
2005,421174,1,1,14,14,14,14,14,14,14,14,14,14
2005,421175,1,1,0,0,0,0,0,0,0,0,0,0
2005,421176,1,1,0,0,0,0,0,0,0,0,13,0
2005,421177,1,1,18,10,0,0,0,23,0,6,0,0
2005,421178,1,1,0,0,0,0,0,0,0,0,0,0
2005,421179,1,1,0,0,0,0,0,0,0,0,0,0
2005,421179,2,1,5,0,0,0,0,0,0,0,0,0
2005,421180,1,1,0,0,0,0,0,0,0,0,0,0
2005,421181,1,1,15,15,15,15,15,15,15,15,15,15
2005,421182,1,1,16,16,16,16,16,16,16,16,16,16
2005,421183,1,1,6,6,6,6,6,6,6,6,6,6
2005,421184,1,1,0,0,0,0,0,0,0,0,0,0
2005,421184,2,1,0,0,0,0,0,0,0,0,0,0
2005,421185,1,1,0,0,0,0,0,0,0,0,0,0
2005,421185,2,1,0,0,0,0,0,0,0,0,0,0
2005,421186,1,1,8,0,0,6,0,0,24,0,0,0
2005,421186,2,1,0,0,0,0,0,0,0,0,0,0
2005,421187,1,1,1,1,1,1,1,1,1,1,1,1
2005,421188,1,1,25,25,25,25,25,25,25,25,25,25
2005,421188,2,1,24,24,24,24,24,24,24,24,24,24
2005,421189,1,1,0,0,0,0,0,0,0,0,0,0
2005,421189,2,1,0,0,0,0,0,0,0,0,0,0
2005,421190,1,1,0,0,0,0,0,0,0,0,0,0
2005,421190,2,1,0,0,0,0,0,0,0,0,0,0
2005,421190,3,1,0,0,0,0,0,0,0,0,0,0
2005,421191,0,1,0,0,0,0,0,0,0,0,0,6
2005,421191,1,1,0,0,0,0,0,0,0,0,0,0
2005,421192,0,1,0,0,0,0,0,0,0,0,0,0
2005,421192,1,1,0,0,0,0,0,0,0,0,0,0
2005,421193,0,1,0,0,0,0,0,0,0,0,0,0
2005,421193,1,1,0,0,0,0,0,0,0,0,0,0
2005,421194,1,1,23,23,23,23,23,23,23,23,23,23
2005,421194,2,1,0,0,0,0,0,0,0,0,0,0
2005,421195,1,1,0,0,0,0,0,0,0,0,0,0
2005,421195,2,1,0,0,0,0,0,0,0,0,0,0
2005,421196,1,1,0,0,0,0,0,0,0,0,0,0
2005,421196,2,1,1,1,1,1,1,1,1,1,1,1
2005,421197,1,1,0,0,0,4,0,0,0,0,0,0
2005,421197,2,1,0,0,0,0,0,0,0,0,0,0
2005,421198,1,1,0,0,0,0,0,0,0,0,0,0
2005,421198,2,1,0,0,0,0,0,0,0,0,0,0
2005,421199,1,1,0,0,0,0,0,0,0,0,0,0
2005,421200,1,1,0,0,0,0,0,0,0,0,0,0
2005,421201,1,1,0,0,0,0,0,0,0,0,0,0
2005,421202,1,1,2,2,2,2,2,2,2,2,2,2
2005,421203,0,1,0,0,0,0,0,0,0,0,0,0
2005,421203,1,1,0,0,0,0,0,0,0,0,0,0
2005,421204,1,1,17,17,17,17,17,17,17,17,17,17
2005,421205,0,1,3,3,3,3,3,3,3,3,3,3
2005,421205,1,1,0,0,0,0,0,0,24,24,0,0
2005,421206,1,1,0,0,0,0,0,0,0,0,0,0