YEAR,ST_CASE,veh_no,per_no,P1,P2,P3,P4,P5,P6,P7,P8,P9,P10
2005,421473,1,1,0,0,0,0,0,0,0,0,0,0
2005,421473,2,1,0,0,0,0,0,0,0,0,0,0
2005,421474,1,1,8,18,10,25,10,17,20,15,17,13
2005,421474,2,1,22,22,22,22,22,22,22,22,22,22
2005,421475,1,1,0,0,0,0,0,0,0,0,0,0
2005,421476,1,1,26,26,26,26,26,26,26,26,26,26
2005,421476,2,1,0,0,0,0,0,0,0,0,0,0
2005,421476,3,1,0,0,0,0,0,0,0,0,0,0
2005,421477,1,1,0,0,0,0,0,0,0,0,0,0
2005,421477,2,1,0,0,0,0,0,0,0,0,0,0
2005,421478,0,1,0,0,0,0,0,0,0,0,0,0
2005,421478,1,1,0,6,6,0,0,0,0,0,0,0
2005,421479,1,1,0,0,0,0,0,0,0,0,0,0
2005,421480,1,1,17,17,17,17,17,17,17,17,17,17
2005,421481,1,1,0,0,0,0,0,0,0,14,5,0
2005,421482,1,1,0,0,0,0,0,0,0,0,0,0
2005,421482,2,1,0,0,0,0,0,0,0,0,0,0
2005,421483,1,1,0,0,0,0,0,0,0,0,0,0
2005,421484,1,1,0,0,0,0,0,0,0,0,0,0
2005,421484,2,1,0,0,0,0,0,0,0,0,0,0
2005,421485,0,1,4,4,4,4,4,4,4,4,4,4
2005,421485,1,1,0,0,12,0,0,0,0,0,0,0
2005,421486,1,1,0,0,0,0,0,0,0,0,0,16
2005,421486,2,1,0,0,0,0,0,0,0,0,0,0
2005,421487,0,1,0,0,0,0,0,0,0,0,0,0
2005,421487,0,2,0,14,0,0,0,0,8,7,0,0
2005,421487,1,1,0,0,0,0,0,0,0,0,0,0
2005,421488,1,1,21,21,21,21,21,21,21,21,21,21
2005,421489,1,1,0,0,0,0,0,0,0,0,0,0
2005,421490,1,1,0,0,0,0,0,0,0,0,0,0
2005,421491,1,1,0,0,0,0,0,0,0,0,0,0
2005,421491,2,1,0,26,0,9,0,19,0,0,0,0
2005,421492,0,1,0,0,0,0,0,0,0,0,0,0
2005,421492,1,1,0,0,0,0,0,0,0,0,0,0
2005,421493,1,1,0,0,0,0,0,0,0,0,0,0
2005,421493,2,1,0,0,0,0,0,0,0,0,0,0
2005,421493,3,1,0,0,0,0,0,0,0,0,0,0
2005,421494,1,1,0,31,0,20,0,9,0,17,15,0
2005,421495,1,1,0,0,0,0,0,0,0,0,0,0
2005,421495,2,1,0,0,0,0,0,0,0,0,0,0
2005,421495,3,1,0,0,0,0,0,0,0,0,0,0
2005,421496,0,1,0,0,0,0,0,16,0,20,17,0
2005,421496,1,1,0,0,0,0,0,14,0,0,14,0
2005,421496,2,1,0,0,0,0,0,0,0,0,0,0
2005,421497,1,1,25,25,25,25,25,25,25,25,25,25
2005,421498,1,1,0,8,0,0,0,0,0,0,0,0
2005,440001,1,1,0,0,0,0,0,0,0,0,0,0
2005,440001,2,1,0,0,0,0,0,0,0,0,0,0
2005,440002,1,1,0,0,0,0,0,0,0,0,0,0
2005,440003,1,1,15,15,15,15,15,15,15,15,15,15
2005,440003,2,1,0,0,0,0,0,0,0,0,0,0
2005,440004,1,1,0,0,0,0,0,0,0,0,0,0
2005,440004,2,1,0,0,0,0,0,0,0,0,0,0
2005,440005,1,1,0,0,0,0,0,0,0,0,0,0
2005,440005,2,1,0,0,0,0,0,0,0,0,0,0
2005,440006,0,1,0,0,0,0,0,0,0,0,0,0
2005,440006,1,1,0,0,0,0,0,0,0,0,0,0
2005,440007,1,1,0,0,0,0,0,0,0,0,0,0
2005,440008,1,2,33,0,18,10,17,5,18,26,20,9
2005,440009,1,1,0,0,0,0,0,0,0,0,0,0
2005,440009,2,1,14,11,7,0,18,9,0,14,21,17
2005,440010,1,1,25,25,25,25,25,25,25,25,25,25
2005,440011,1,1,7,0,28,0,14,0,0,9,18,0
2005,440012,1,1,14,14,14,14,14,14,14,14,14,14
2005,440013,1,1,17,17,17,17,17,17,17,17,17,17
2005,440014,1,1,0,0,9,30,0,0,0,0,0,0
2005,440015,0,1,24,24,24,24,24,24,24,24,24,24
2005,440015,1,1,0,21,17,0,16,0,0,0,0,0
2005,440016,0,1,0,0,0,0,0,0,0,0,0,0
2005,440016,1,1,0,0,0,0,13,0,15,0,0,0
2005,440017,1,1,8,8,8,8,8,8,8,8,8,8
2005,440018,1,1,43,43,43,43,43,43,43,43,43,43
2005,440018,2,1,0,0,0,0,0,0,0,0,0,0
2005,440019,1,3,0,0,0,0,0,0,0,0,0,0
2005,440019,2,1,13,12,20,13,8,17,20,8,13,0
2005,440020,1,2,0,0,14,16,0,0,0,18,0,0
2005,440021,1,1,0,0,0,0,0,0,0,0,0,0
2005,440021,2,1,0,0,0,12,0,0,0,0,0,0
2005,440022,1,1,5,5,5,5,5,5,5,5,5,5
2005,440023,1,1,22,22,22,22,22,22,22,22,22,22
2005,440024,1,1,1,1,1,1,1,1,1,1,1,1
2005,440025,1,1,0,0,0,0,0,0,0,0,0,0
2005,440026,1,1,1,1,1,1,1,1,1,1,1,1
2005,440027,1,2,0,0,0,13,0,0,0,0,8,0
2005,440028,1,1,15,15,15,15,15,15,15,15,15,15
2005,440029,1,1,34,34,34,34,34,34,34,34,34,34
2005,440030,1,2,0,10,0,0,0,0,13,14,0,17
2005,440031,1,1,0,0,0,0,0,0,0,0,0,0
2005,440032,1,2,8,0,0,0,14,0,0,0,0,7
2005,440032,2,1,15,0,0,5,0,7,17,0,5,0
2005,440033,0,1,0,0,0,0,0,0,0,0,0,0
2005,440033,1,1,0,18,0,0,0,0,0,0,0,0
2005,440034,1,2,8,0,0,0,0,0,0,0,0,0
2005,440034,2,1,0,0,0,0,0,0,0,0,0,0
2005,440035,1,1,18,18,18,18,18,18,18,18,18,18
2005,440036,0,1,24,8,19,0,31,17,0,0,20,0
2005,440036,1,1,0,0,0,0,0,0,0,0,0,0
2005,440037,0,1,11,11,11,11,11,11,11,11,11,11
2005,440037,1,1,0,0,0,0,0,0,0,0,17,0
2005,440038,0,1,5,5,5,5,5,5,5,5,5,5
2005,440038,1,1,0,0,0,0,0,0,0,0,0,0
2005,440038,2,1,9,0,0,0,0,4,26,0,0,11
2005,440039,1,2,6,9,14,14,23,10,31,10,4,12
2005,440039,2,1,0,0,0,0,0,0,0,0,0,0
2005,440040,1,1,0,0,0,0,0,0,0,0,0,0
2005,440041,1,1,0,0,0,0,0,0,0,0,0,0
2005,440041,2,1,0,0,0,0,0,0,0,0,0,0
2005,440042,1,1,27,27,27,27,27,27,27,27,27,27
2005,440043,1,1,0,0,0,0,0,0,0,0,0,0
2005,440043,2,1,0,0,0,0,0,15,0,0,0,0
2005,440044,1,1,0,0,0,0,0,0,0,0,0,0
2005,440044,2,1,0,0,0,0,0,0,0,0,0,0
2005,440045,1,1,24,24,24,24,24,24,24,24,24,24
2005,440046,1,2,0,0,0,0,0,0,16,0,0,0
2005,440046,2,1,0,10,0,0,0,0,0,0,23,0
2005,440047,1,1,22,22,22,22,22,22,22,22,22,22
2005,440048,1,1,0,0,0,0,0,0,0,0,0,0
2005,440048,2,1,0,0,0,0,0,0,0,0,21,0
2005,440049,1,2,0,14,0,0,0,0,0,0,0,15
2005,440049,2,1,0,0,0,0,0,0,0,0,0,0
2005,440049,3,1,0,0,0,10,0,0,0,0,0,8
2005,440050,1,1,21,21,21,21,21,21,21,21,21,21
2005,440051,1,1,23,16,15,37,18,11,17,9,24,0
2005,440052,1,1,0,0,0,0,0,0,0,0,0,0
2005,440052,2,1,0,0,0,0,0,0,0,0,0,0
2005,440053,1,1,6,6,6,6,6,6,6,6,6,6
2005,440054,1,1,16,16,16,16,16,16,16,16,16,16
2005,440054,2,1,17,17,17,17,17,17,17,17,17,17
2005,440055,1,1,0,0,0,0,0,0,0,0,0,0
2005,440055,2,1,0,0,0,0,0,0,0,0,0,0
2005,440055,3,1,0,0,0,0,8,0,0,0,0,0
2005,440055,4,1,0,0,6,0,0,0,0,0,0,0
2005,440056,0,1,0,0,0,0,0,0,0,0,0,0
2005,440056,1,1,10,0,15,10,13,7,12,4,20,17
2005,440057,1,2,23,0,0,0,0,0,0,0,12,0
2005,440058,1,1,0,0,0,0,0,0,0,0,0,0
2005,440059,1,2,0,0,0,0,0,0,9,10,0,0
2005,440060,0,1,31,31,31,31,31,31,31,31,31,31
2005,440060,1,1,0,0,0,0,21,0,0,0,0,19
2005,440060,2,1,0,14,0,0,0,0,16,12,14,0
2005,440061,1,1,0,0,0,0,0,0,0,0,0,0
2005,440061,2,1,0,0,0,0,0,0,0,0,0,0
2005,440062,1,1,5,5,5,5,5,5,5,5,5,5
2005,440063,1,1,0,0,0,0,0,0,0,0,0,0
2005,440063,2,1,0,0,0,0,0,0,0,0,0,0
2005,440064,1,1,9,9,9,9,9,9,9,9,9,9
2005,440065,0,1,0,0,0,0,0,0,0,0,0,0
2005,440065,1,1,0,0,0,25,0,0,0,0,0,0
2005,440066,0,1,0,0,0,0,0,0,0,0,0,0
2005,440066,1,1,3,0,0,0,0,0,0,0,0,0
2005,440067,0,1,0,0,0,0,0,0,0,0,0,0
2005,440067,1,1,0,0,0,0,0,0,0,0,0,0
2005,440068,1,2,0,0,0,0,0,5,13,0,0,6
2005,440068,2,1,4,0,0,13,34,14,0,5,0,0
2005,440069,1,1,20,0,0,0,0,9,10,4,0,0
2005,440070,1,1,0,0,0,0,0,0,0,0,0,0
2005,440070,2,1,0,0,0,0,0,0,0,0,0,0
2005,440071,1,2,13,0,0,0,0,0,0,9,0,10
2005,440072,0,1,21,21,21,21,21,21,21,21,21,21
2005,440072,1,1,0,0,0,0,0,0,0,0,0,0
2005,440073,1,1,19,19,19,19,19,19,19,19,19,19
2005,440074,1,1,4,4,4,4,4,4,4,4,4,4
2005,440075,1,1,0,16,0,0,0,0,0,0,23,0
2005,440076,0,1,0,0,0,0,0,0,0,0,0,0
2005,440076,1,1,0,5,6,5,15,22,3,11,0,0
2005,440077,1,2,0,4,0,0,19,0,2,0,20,0
2005,440077,2,1,21,21,21,21,21,21,21,21,21,21
2005,440077,3,1,0,5,0,17,0,0,0,0,0,0
2005,440077,4,1,0,8,0,0,0,0,6,0,0,0
2005,440078,1,2,14,0,0,0,0,0,0,0,0,0
2005,440079,1,2,0,0,0,0,0,0,16,0,6,0
2005,440079,2,1,0,0,10,0,0,13,0,0,28,0
2005,440080,0,1,0,0,0,0,0,0,0,0,0,0
2005,440080,1,1,0,0,0,0,0,0,0,0,0,0
2005,450001,1,1,10,17,33,6,19,19,8,18,25,0
2005,450002,0,1,0,0,0,0,0,0,0,0,0,0
2005,450002,1,1,0,0,0,0,0,0,0,0,0,0
2005,450003,1,1,8,12,9,20,8,17,20,21,7,5
2005,450004,1,1,0,0,0,0,13,8,10,0,0,0
2005,450004,2,1,32,32,32,32,32,32,32,32,32,32
2005,450005,1,1,21,21,21,21,21,21,21,21,21,21
2005,450006,1,1,3,3,3,3,3,3,3,3,3,3
2005,450007,1,1,0,16,0,0,16,24,18,12,0,24
2005,450007,2,1,0,0,0,0,0,0,0,0,0,0
2005,450008,1,1,26,26,26,26,26,26,26,26,26,26
2005,450008,2,1,0,0,0,0,0,0,0,0,0,0
2005,450009,1,1,0,26,17,0,8,0,20,10,0,9
2005,450010,0,1,0,0,0,0,0,0,0,0,0,0
2005,450010,1,1,0,0,0,0,0,0,0,0,0,0
2005,450011,1,1,0,0,0,0,0,0,0,0,0,0
2005,450011,2,1,4,0,19,21,14,4,0,0,0,59
2005,450012,1,1,0,9,0,0,0,0,0,25,0,0
2005,450013,0,1,0,0,0,0,0,0,0,0,0,0
2005,450013,1,1,10,0,16,6,3,4,7,10,18,16
2005,450014,1,1,0,0,0,0,0,0,0,0,0,0
2005,450015,1,1,0,0,0,0,0,0,0,0,0,0
2005,450015,2,1,0,0,0,0,0,0,0,0,0,0
2005,450016,1,1,25,16,18,25,13,29,29,9,25,25
2005,450017,0,1,14,14,14,14,14,14,14,14,14,14
2005,450017,1,1,0,0,0,0,0,0,0,0,0,0
2005,450018,1,1,0,0,0,0,0,0,0,0,0,0
2005,450018,2,1,0,0,0,0,0,0,0,0,0,0
2005,450019,1,1,0,0,0,0,0,0,0,0,0,0
2005,450019,2,1,0,0,0,0,0,0,0,0,0,0
2005,450020,1,1,0,0,0,0,0,0,0,0,0,0
2005,450020,2,1,0,0,0,0,0,0,0,0,0,0
2005,450021,1,1,0,0,0,0,0,0,0,0,0,0
2005,450021,2,1,0,0,0,0,0,0,0,0,0,0
2005,450021,3,1,0,0,0,0,0,0,0,0,0,0
2005,450022,1,1,0,0,0,0,0,0,0,0,0,0
2005,450022,2,1,0,0,0,0,0,6,0,0,0,0
2005,450023,1,1,0,0,0,0,0,0,0,0,0,0
2005,450023,2,1,0,0,0,0,0,0,0,0,0,0
2005,450024,1,1,0,0,0,0,0,0,0,0,0,0
2005,450024,2,1,0,0,0,0,0,0,0,0,0,0
2005,450025,0,1,0,10,0,24,15,0,0,25,0,17
2005,450025,1,1,0,0,0,0,17,0,0,7,12,0
2005,450026,1,1,26,18,7,21,11,18,9,22,24,31
2005,450027,1,1,0,0,0,0,0,0,0,0,0,0
2005,450027,2,1,0,0,0,0,0,0,0,14,0,0
2005,450028,1,1,0,0,11,0,0,0,0,21,20,0
2005,450029,1,1,0,0,0,0,0,0,0,0,0,0
2005,450029,2,1,0,0,0,0,7,0,0,0,0,0
2005,450030,1,1,11,11,11,11,11,11,11,11,11,11
2005,450031,1,1,0,0,0,0,0,0,0,0,0,0
2005,450032,1,1,0,0,0,0,0,0,0,0,0,0
2005,450032,2,1,0,0,0,0,0,0,0,0,0,0
2005,450033,1,1,26,26,26,26,26,26,26,26,26,26
2005,450034,0,1,0,0,0,0,0,0,0,0,0,0
2005,450034,1,1,0,0,0,0,0,0,0,0,0,0
2005,450035,1,1,0,0,0,0,0,0,0,0,0,0
2005,450036,1,1,1,1,1,1,1,1,1,1,1,1
2005,450037,1,1,0,0,0,0,0,0,0,0,0,0
2005,450037,2,1,0,0,0,0,0,0,0,0,0,0
2005,450038,1,1,0,0,0,0,0,0,0,0,0,0
2005,450038,2,1,0,0,0,0,0,0,0,0,0,0
2005,450039,0,1,0,0,0,0,0,0,0,0,0,0
2005,450039,0,2,0,0,0,4,0,0,26,0,0,0
2005,450039,1,1,12,0,0,0,12,8,0,0,0,0
2005,450039,2,1,18,26,15,3,11,0,29,15,0,13
2005,450040,1,1,28,28,28,28,28,28,28,28,28,28
2005,450041,1,1,27,27,27,27,27,27,27,27,27,27
2005,450042,1,1,0,0,0,0,0,0,0,0,0,0
2005,450042,2,1,18,18,18,18,18,18,18,18,18,18
2005,450043,1,1,17,17,17,17,17,17,17,17,17,17
2005,450044,1,1,0,0,0,0,0,0,0,0,0,0
2005,450045,1,1,0,0,0,0,0,34,22,0,0,8
2005,450045,2,1,0,0,7,0,0,0,0,0,0,0
2005,450046,1,1,0,0,0,0,0,0,0,0,0,0
2005,450046,2,1,0,0,0,0,0,0,0,0,0,0
2005,450047,1,1,0,0,0,0,4,0,0,0,0,0
2005,450047,2,1,0,0,0,0,0,0,0,0,0,0
2005,450048,0,1,0,0,19,0,0,0,0,0,0,19
2005,450048,1,1,18,0,13,20,10,16,0,19,0,43
2005,450049,0,1,18,18,18,18,18,18,18,18,18,18
2005,450049,1,1,0,0,11,16,0,0,0,6,0,0
2005,450050,1,1,19,19,19,19,19,19,19,19,19,19
2005,450051,1,1,0,0,0,0,0,0,0,0,32,0
2005,450052,0,1,18,18,18,18,18,18,18,18,18,18
2005,450052,1,1,0,0,0,0,0,0,0,0,0,0
2005,450053,1,1,0,0,13,0,12,0,0,24,9,0
2005,450053,2,1,21,21,21,21,21,21,21,21,21,21
2005,450054,1,1,0,0,0,0,0,0,0,0,0,0
2005,450054,2,1,0,0,0,0,0,0,0,0,0,0
2005,450055,1,1,0,0,0,0,0,0,0,0,0,0
2005,450056,0,1,0,0,0,0,0,0,0,0,0,0
2005,450056,1,1,0,0,0,0,0,0,0,0,0,0
2005,450056,2,1,0,0,0,0,0,0,0,0,0,0
2005,450057,1,1,0,0,0,0,0,0,0,0,0,0
2005,450058,1,1,0,0,0,0,0,0,0,0,0,0
2005,450058,2,1,0,0,0,0,0,0,0,0,0,0
2005,450059,1,1,0,0,0,0,0,0,0,0,0,0
2005,450060,1,1,17,17,17,17,17,17,17,17,17,17
2005,450060,2,1,11,43,16,15,18,28,34,15,35,12
2005,450061,1,1,4,4,4,4,4,4,4,4,4,4
2005,450061,2,1,0,0,0,0,0,6,0,0,0,0
2005,450062,1,1,0,0,0,0,0,0,0,0,0,0
2005,450062,2,1,17,0,8,0,4,0,0,0,16,2
2005,450063,1,1,20,20,20,20,20,20,20,20,20,20
2005,450064,1,1,0,0,0,0,0,0,0,0,0,0
2005,450065,1,1,17,7,7,28,7,19,18,0,18,14
2005,450065,2,1,0,0,0,0,0,0,0,0,0,0
2005,450066,1,1,1,1,1,1,1,1,1,1,1,1
2005,450066,2,1,26,0,9,40,31,52,21,0,25,19
2005,450067,1,1,0,0,0,0,0,0,0,0,0,0
2005,450067,2,1,0,0,0,0,0,0,0,0,0,0
2005,450067,3,1,0,0,0,0,0,0,13,0,5,0
2005,450068,1,1,0,0,0,0,0,0,0,0,0,0
2005,450068,2,1,0,0,0,0,0,0,0,0,0,0
2005,450068,3,1,0,0,0,0,0,0,0,0,0,0
2005,450069,1,1,0,0,0,0,0,0,0,0,0,0
2005,450069,2,1,0,0,0,0,0,0,0,0,0,0
2005,450069,3,1,0,0,0,0,0,0,0,0,0,0
2005,450070,1,1,0,0,0,19,0,0,0,0,0,0
2005,450071,1,1,0,0,0,0,0,11,0,0,0,0
2005,450071,2,1,0,0,0,0,0,0,0,0,0,0
2005,450072,1,1,28,14,25,17,0,13,19,8,0,25
2005,450073,1,1,1,1,1,1,1,1,1,1,1,1
2005,450074,1,1,16,16,16,16,16,16,16,16,16,16
2005,450075,1,1,12,12,12,12,12,12,12,12,12,12
2005,450076,1,1,0,0,0,26,17,0,0,0,0,0
2005,450076,2,1,0,0,0,0,0,0,0,0,0,0
2005,450077,1,1,0,0,0,0,0,0,0,0,0,0
2005,450078,0,1,0,0,0,0,0,0,0,0,0,0
2005,450078,1,1,0,0,0,0,0,15,0,13,0,0
2005,450079,1,1,0,0,0,0,16,0,0,0,0,0
2005,450079,2,1,0,0,0,0,0,0,0,0,0,0
2005,450080,1,1,0,0,0,0,0,0,0,0,0,0
2005,450080,2,1,0,0,0,0,0,0,0,0,0,0
2005,450081,1,1,26,26,26,26,26,26,26,26,26,26
2005,450082,0,1,28,28,28,28,28,28,28,28,28,28
2005,450082,1,1,0,0,0,0,0,0,0,0,0,0
2005,450083,1,1,0,0,0,13,0,16,0,0,0,0
2005,450083,2,1,0,0,0,0,0,0,0,0,0,0
2005,450084,1,1,0,0,0,0,0,0,0,0,0,0
2005,450085,1,1,0,0,0,0,0,0,0,0,0,0
2005,450085,2,1,0,0,0,0,0,0,0,0,0,0
2005,450086,1,1,18,25,12,15,23,28,9,9,24,29
2005,450087,1,1,38,9,27,9,4,0,14,0,10,7
2005,450088,1,1,9,9,9,9,9,9,9,9,9,9
2005,450089,1,1,0,0,0,0,0,0,0,0,0,0
2005,450089,2,1,9,0,0,0,0,0,0,0,0,0
2005,450090,1,1,5,5,5,5,5,5,5,5,5,5
2005,450091,1,1,21,0,0,0,0,0,0,0,0,0
2005,450091,2,1,0,0,0,0,0,0,0,0,0,0
2005,450092,1,1,23,23,23,23,23,23,23,23,23,23
2005,450093,1,1,23,23,23,23,23,23,23,23,23,23
2005,450094,1,1,15,15,15,15,15,15,15,15,15,15
2005,450095,1,1,0,0,0,0,0,0,0,0,0,0
2005,450096,1,1,0,0,0,0,0,0,0,27,10,0
2005,450097,1,1,0,0,0,0,0,0,0,0,0,0
2005,450097,2,1,0,0,0,0,0,0,0,0,0,0
2005,450098,1,1,0,0,0,0,0,0,0,0,0,0
2005,450098,2,1,0,0,0,0,0,0,0,0,0,0
2005,450099,0,1,0,0,0,0,0,0,0,0,0,19
2005,450099,1,1,0,0,0,0,0,0,0,0,0,0
2005,450100,1,1,0,0,0,0,0,0,7,0,0,0
2005,450100,2,1,0,0,0,0,0,0,0,15,0,11
2005,450101,1,1,6,6,6,6,6,6,6,6,6,6
2005,450102,1,1,1,1,1,1,1,1,1,1,1,1
2005,450103,1,1,7,7,7,7,7,7,7,7,7,7
2005,450104,1,1,0,0,0,0,0,0,0,0,0,0
2005,450104,2,1,3,3,3,3,3,3,3,3,3,3
2005,450105,1,1,0,16,7,10,0,12,21,37,0,0
2005,450106,1,1,0,0,0,0,0,0,0,0,0,0
2005,450107,1,1,35,35,35,35,35,35,35,35,35,35
2005,450108,0,1,28,28,28,28,28,28,28,28,28,28
2005,450108,1,1,0,0,0,0,0,0,0,0,0,0
2005,450109,1,1,18,22,0,0,7,0,0,12,17,0
2005,450110,1,1,0,0,0,0,0,0,0,0,0,10
2005,450110,2,1,13,26,10,19,10,11,0,10,7,9
2005,450111,1,1,29,0,22,0,6,22,24,0,0,23
2005,450112,1,1,0,0,0,0,0,0,0,0,0,0
2005,450113,0,1,0,0,0,0,0,0,0,0,0,0
2005,450113,1,1,0,0,0,0,0,0,0,0,0,0
2005,450113,2,1,0,0,0,0,0,0,0,0,0,0
2005,450114,1,1,11,11,11,11,11,11,11,11,11,11
2005,450115,0,1,38,38,38,38,38,38,38,38,38,38
2005,450115,1,1,0,0,0,0,0,0,0,0,0,0
2005,450116,1,1,5,5,5,5,5,5,5,5,5,5
2005,450117,1,1,0,0,0,0,0,0,0,0,0,0
2005,450118,1,1,0,0,0,0,0,0,0,0,0,0
2005,450118,2,1,0,0,0,0,0,0,0,0,0,0
2005,450119,1,1,11,18,20,15,24,30,24,19,39,15
2005,450120,1,1,17,17,17,17,17,17,17,17,17,17
2005,450121,1,1,0,0,0,0,0,0,0,0,0,0
2005,450122,1,1,14,14,14,14,14,14,14,14,14,14
2005,450122,2,1,18,18,18,18,18,18,18,18,18,18
2005,450123,1,1,12,12,12,12,12,12,12,12,12,12
2005,450124,1,1,0,0,17,0,13,0,21,0,0,0
2005,450125,1,1,0,12,22,44,26,13,25,28,21,21
2005,450126,0,1,6,6,6,6,6,6,6,6,6,6
2005,450126,1,1,0,0,0,0,0,0,0,0,0,0
2005,450127,1,1,0,0,0,0,0,0,0,0,0,0
2005,450127,2,1,2,2,2,2,2,2,2,2,2,2
2005,450128,1,1,0,0,0,0,0,0,0,0,0,0
2005,450128,2,1,0,0,0,0,0,0,0,0,0,0
2005,450128,3,1,1,0,5,31,5,8,23,10,5,0
2005,450129,1,1,16,32,10,21,0,11,20,10,14,6
2005,450130,1,1,0,21,18,0,20,0,0,28,0,19
2005,450131,1,1,13,13,13,13,13,13,13,13,13,13
2005,450132,1,1,0,25,16,7,24,17,17,15,25,16
2005,450132,2,1,0,0,0,0,0,0,0,0,0,0
2005,450133,0,1,31,31,31,31,31,31,31,31,31,31
2005,450133,1,1,0,0,0,0,0,0,0,0,0,10
2005,450134,1,1,16,16,16,16,16,16,16,16,16,16
2005,450134,2,1,0,0,0,0,0,0,0,0,0,0
2005,450135,0,1,0,0,0,0,0,0,0,0,0,0
2005,450135,1,1,0,0,0,0,0,0,0,0,0,0
2005,450136,1,1,0,0,0,0,0,0,0,0,0,0
2005,450136,2,1,0,27,0,11,0,0,20,6,0,9
2005,450137,1,1,0,0,0,0,0,0,0,0,0,0
2005,450137,2,1,0,0,0,0,0,0,0,0,0,0
2005,450138,1,1,0,0,0,0,0,0,0,0,0,0
2005,450139,1,1,0,0,0,0,0,0,0,0,0,0
2005,450140,1,1,0,0,0,0,0,0,0,0,14,0
2005,450141,1,1,13,0,0,0,0,0,0,0,0,0
2005,450142,1,1,0,0,0,0,0,0,0,0,0,0
2005,450143,1,1,17,17,17,17,17,17,17,17,17,17
2005,450143,2,1,0,0,0,0,0,0,0,0,0,0
2005,450144,1,1,0,0,0,0,0,0,0,0,0,0
2005,450145,1,1,1,1,1,1,1,1,1,1,1,1
2005,450146,1,1,14,12,0,14,12,0,0,0,0,0
2005,450147,2,1,0,0,0,0,0,0,0,0,0,0
2005,450148,0,1,0,0,0,0,0,0,0,0,0,0
2005,450148,1,1,17,0,10,0,26,0,0,11,0,0
2005,450149,0,1,0,0,0,0,0,0,0,0,0,0
2005,450149,1,1,0,0,0,0,0,0,0,0,0,0
2005,450150,1,1,0,0,0,12,0,0,0,0,0,0
2005,450151,1,1,13,13,13,13,13,13,13,13,13,13
2005,450152,0,1,0,0,0,0,0,0,0,0,0,0
2005,450152,1,1,0,0,18,0,0,0,8,0,0,0
2005,450153,1,1,0,0,0,0,0,0,0,0,0,0
2005,450153,2,1,22,0,0,0,21,0,0,0,0,0
2005,450154,0,1,0,0,0,0,0,0,0,0,0,0
2005,450154,1,1,11,0,16,24,0,0,0,3,0,0
2005,450155,1,1,26,26,26,26,26,26,26,26,26,26
2005,450156,1,1,19,25,0,0,11,21,20,0,23,22
2005,450157,1,1,4,4,4,4,4,4,4,4,4,4
2005,450158,1,1,13,26,21,17,10,16,11,10,16,7
2005,450159,1,1,18,18,18,18,18,18,18,18,18,18
2005,450160,1,1,15,15,15,15,15,15,15,15,15,15
2005,450161,0,1,24,24,24,24,24,24,24,24,24,24
2005,450161,1,1,11,16,0,0,15,0,20,0,0,0
2005,450162,1,1,22,22,22,22,22,22,22,22,22,22
2005,450163,1,1,0,0,0,0,14,0,0,0,0,0
2005,450163,2,1,0,0,0,0,0,0,0,0,0,0
2005,450164,1,1,0,23,0,27,0,0,0,0,0,0
2005,450165,1,1,0,0,0,0,0,0,0,0,0,0
2005,450166,1,1,0,0,0,0,0,0,0,0,0,0
2005,450167,1,1,27,27,27,27,27,27,27,27,27,27
2005,450168,1,1,0,0,0,0,0,0,5,0,0,0
2005,450168,2,1,0,0,0,0,0,0,0,0,0,0
2005,450169,1,1,0,0,0,0,0,0,0,0,8,0
2005,450169,2,1,7,7,7,7,7,7,7,7,7,7
2005,450170,0,1,0,0,0,0,0,0,0,0,0,0
2005,450170,1,1,0,0,0,0,0,0,0,0,0,0
2005,450171,1,1,16,16,16,16,16,16,16,16,16,16
2005,450172,1,1,0,0,0,0,0,0,0,0,0,0
2005,450173,1,1,26,25,25,19,17,5,23,21,14,33
2005,450174,1,1,20,20,20,20,20,20,20,20,20,20
2005,450175,1,1,12,12,12,12,12,12,12,12,12,12
2005,450176,0,1,0,0,0,0,0,0,0,0,0,0
2005,450176,0,2,0,0,0,0,0,0,0,0,0,0
2005,450176,1,1,0,0,22,29,0,18,0,23,0,0
2005,450177,1,1,11,11,11,11,11,11,11,11,11,11
2005,450178,1,1,7,7,7,7,7,7,7,7,7,7
2005,450179,1,1,0,0,0,0,0,0,0,0,0,0
2005,450179,2,1,0,0,0,0,0,0,0,0,0,0
2005,450180,1,1,17,17,17,17,17,17,17,17,17,17
2005,450181,1,1,0,0,0,0,0,0,0,0,0,0
2005,450182,1,1,0,19,0,24,0,28,0,0,0,8
2005,450183,1,1,28,28,28,28,28,28,28,28,28,28
2005,450184,1,1,0,0,0,0,0,0,0,0,0,0
2005,450185,1,1,0,0,0,0,0,0,0,0,0,0
2005,450185,2,1,0,0,0,0,0,0,0,0,0,0