YEAR,ST_CASE,veh_no,per_no,P1,P2,P3,P4,P5,P6,P7,P8,P9,P10
2005,450186,1,1,0,14,0,0,0,0,0,0,0,0
2005,450186,2,1,0,0,0,0,0,0,0,0,0,0
2005,450187,1,1,0,0,0,0,0,0,0,0,0,0
2005,450187,2,1,15,15,15,15,15,15,15,15,15,15
2005,450188,1,1,0,0,0,0,0,0,0,0,0,0
2005,450188,2,1,0,0,0,0,0,0,0,0,0,0
2005,450189,1,1,14,14,14,14,14,14,14,14,14,14
2005,450190,1,1,0,0,0,0,0,0,0,0,0,0
2005,450190,2,1,7,29,5,15,26,9,13,10,5,17
2005,450191,1,1,0,0,9,0,0,0,0,0,0,0
2005,450191,2,1,0,0,0,0,0,0,0,0,0,0
2005,450192,1,1,0,0,0,4,0,0,0,0,0,0
2005,450192,2,1,8,19,16,12,12,0,16,14,10,0
2005,450193,1,1,23,23,23,23,23,23,23,23,23,23
2005,450194,1,1,0,0,0,0,0,0,0,0,0,0
2005,450194,2,1,0,0,0,0,0,0,0,0,0,0
2005,450195,1,1,14,14,14,14,14,14,14,14,14,14
2005,450196,1,1,1,1,1,1,1,1,1,1,1,1
2005,450196,2,1,0,0,0,0,0,0,0,0,0,0
2005,450197,1,1,18,18,18,18,18,18,18,18,18,18
2005,450198,1,1,0,0,0,0,0,0,0,0,0,0
2005,450199,0,1,0,0,0,0,0,0,0,0,15,0
2005,450199,1,1,0,0,0,0,0,0,0,0,0,0
2005,450200,1,1,17,17,17,17,17,17,17,17,17,17
2005,450201,1,1,0,0,0,0,0,0,0,0,0,0
2005,450202,1,1,0,0,0,0,0,0,0,0,0,0
2005,450203,1,1,1,1,1,1,1,1,1,1,1,1
2005,450204,0,1,19,0,0,0,0,17,7,0,0,0
2005,450204,1,1,18,22,22,14,0,15,9,0,26,19
2005,450205,1,1,0,0,0,0,0,0,6,0,0,0
2005,450205,2,1,0,0,0,21,0,0,0,32,13,0
2005,450205,3,1,35,13,19,14,0,17,21,12,14,23
2005,450206,1,1,0,0,0,0,0,0,0,0,0,0
2005,450207,1,1,0,9,0,0,0,0,21,11,13,11
2005,450208,1,1,0,0,5,0,0,18,0,0,0,0
2005,450208,2,1,0,0,0,0,0,0,0,0,0,0
2005,450209,1,1,9,9,9,9,9,9,9,9,9,9
2005,450210,1,1,0,0,0,0,0,0,0,0,0,0
2005,450210,2,1,0,0,0,0,0,0,0,0,0,0
2005,450211,1,1,0,0,0,0,0,0,0,0,0,0
2005,450212,0,1,22,22,22,22,22,22,22,22,22,22
2005,450212,1,1,16,0,0,0,0,0,0,24,0,0
2005,450212,2,1,0,0,0,0,0,0,0,0,0,0
2005,450213,0,1,0,14,3,0,0,0,23,24,0,0
2005,450213,1,1,12,12,12,12,12,12,12,12,12,12
2005,450214,1,1,0,0,0,0,0,0,9,0,0,0
2005,450214,2,1,0,0,0,0,0,0,0,0,0,0
2005,450215,1,1,23,23,23,23,23,23,23,23,23,23
2005,450215,2,1,0,0,0,0,0,0,13,0,0,9
2005,450215,3,1,0,0,0,0,0,0,0,0,0,0
2005,450216,1,1,27,27,27,27,27,27,27,27,27,27
2005,450217,0,1,32,32,32,32,32,32,32,32,32,32
2005,450217,1,1,0,13,0,0,0,21,0,0,0,0
2005,450218,1,1,0,0,0,0,0,0,0,0,0,0
2005,450219,1,1,0,0,0,0,0,0,0,0,0,0
2005,450219,2,1,0,0,0,0,0,0,0,0,0,0
2005,450220,0,1,0,0,0,0,0,0,0,0,0,0
2005,450220,1,1,0,10,20,0,0,0,0,0,0,0
2005,450221,1,1,0,0,0,0,0,0,0,0,0,0
2005,450221,2,1,0,0,0,0,0,0,0,0,0,0
2005,450222,1,1,17,17,13,27,11,10,12,13,10,11
2005,450223,1,1,0,0,0,10,0,0,0,0,0,0
2005,450223,2,1,0,0,0,0,0,0,0,0,0,0
2005,450224,1,1,0,0,0,0,0,0,0,0,0,0
2005,450224,2,1,0,0,0,14,0,0,0,0,0,0
2005,450225,1,1,0,0,0,20,0,0,0,0,0,0
2005,450226,1,1,0,0,0,0,0,0,0,0,0,0
2005,450227,1,1,0,21,20,0,21,0,7,0,0,0
2005,450228,1,1,0,0,0,0,0,0,0,0,0,0
2005,450229,1,1,0,0,0,0,0,0,0,0,0,0
2005,450229,2,1,0,0,0,0,0,19,0,0,0,0
2005,450230,1,1,25,25,25,25,25,25,25,25,25,25
2005,450231,1,1,26,26,26,26,26,26,26,26,26,26
2005,450232,0,1,15,15,15,15,15,15,15,15,15,15
2005,450232,1,1,10,26,0,0,0,16,0,0,0,0
2005,450233,1,1,0,0,6,0,0,0,0,0,0,0
2005,450233,2,1,0,0,11,0,0,0,13,0,11,12
2005,450234,1,1,20,7,10,5,17,9,10,0,22,12
2005,450234,2,1,0,0,0,0,0,0,0,0,0,0
2005,450235,1,1,22,22,22,22,22,22,22,22,22,22
2005,450236,1,1,0,0,0,0,0,0,0,0,0,0
2005,450237,1,1,0,0,0,0,0,0,0,0,0,0
2005,450237,2,1,0,0,0,0,0,0,0,0,0,0
2005,450237,3,1,0,0,0,0,0,7,0,0,0,0
2005,450238,0,1,0,0,0,0,0,0,0,0,0,0
2005,450238,1,1,0,0,0,0,28,0,0,0,0,0
2005,450239,1,1,23,23,23,23,23,23,23,23,23,23
2005,450240,1,1,0,0,0,0,0,0,0,0,0,0
2005,450241,1,1,0,0,0,5,0,0,0,0,0,0
2005,450242,1,1,0,0,0,0,0,17,0,0,0,0
2005,450243,1,1,0,0,0,0,0,0,0,0,0,0
2005,450244,1,1,26,26,26,26,26,26,26,26,26,26
2005,450245,1,1,0,0,0,24,0,0,0,0,30,0
2005,450245,2,1,13,0,0,0,0,0,0,0,0,23
2005,450246,1,1,14,25,27,41,29,19,33,14,45,16
2005,450247,1,1,13,13,13,13,13,13,13,13,13,13
2005,450248,1,1,0,0,0,0,0,0,0,0,0,0
2005,450249,1,1,0,0,0,0,0,0,0,0,0,0
2005,450249,2,1,12,12,12,12,12,12,12,12,12,12
2005,450250,1,1,0,0,3,0,0,0,0,0,0,0
2005,450251,1,1,15,15,15,15,15,15,15,15,15,15
2005,450251,2,1,0,0,0,0,0,0,0,0,0,0
2005,450252,1,1,35,35,35,35,35,35,35,35,35,35
2005,450253,1,1,24,24,24,24,24,24,24,24,24,24
2005,450254,1,1,20,20,20,20,20,20,20,20,20,20
2005,450255,1,1,0,0,0,0,0,0,0,0,0,0
2005,450255,2,1,9,12,0,21,39,15,16,5,4,10
2005,450256,1,1,0,0,0,0,0,0,0,0,27,0
2005,450256,2,1,0,0,0,0,0,0,0,0,0,0
2005,450257,1,1,0,0,0,0,0,0,0,0,0,0
2005,450258,1,1,0,0,0,0,0,0,0,0,0,0
2005,450259,1,1,0,0,0,0,0,0,13,0,0,0
2005,450259,2,1,0,0,0,0,0,0,0,0,0,0
2005,450260,1,1,0,0,0,0,0,0,0,0,0,0
2005,450261,1,1,20,20,20,20,20,20,20,20,20,20
2005,450262,1,1,0,0,0,0,0,19,0,0,0,0
2005,450262,2,1,0,0,0,0,0,0,0,0,0,0
2005,450263,1,1,0,0,0,0,0,0,0,0,0,0
2005,450264,1,1,0,0,0,0,0,0,0,0,0,0
2005,450264,2,1,0,0,0,15,0,0,0,0,0,0
2005,450265,1,1,18,18,18,18,18,18,18,18,18,18
2005,450266,1,1,0,0,0,0,0,0,0,0,0,0
2005,450266,2,1,0,0,0,0,0,0,0,0,0,0
2005,450267,1,1,0,0,0,0,0,0,8,0,0,0
2005,450267,2,1,0,0,0,0,0,0,0,0,0,0
2005,450267,3,1,0,0,7,0,15,0,0,0,0,0
2005,450268,1,1,0,0,0,0,0,0,0,0,0,0
2005,450268,2,1,0,0,0,0,0,0,0,0,0,0
2005,450269,1,1,0,0,0,0,0,0,0,0,0,0
2005,450270,1,1,0,0,0,0,0,0,0,0,0,0
2005,450270,2,1,0,0,0,0,0,0,0,0,0,0
2005,450271,1,1,0,0,0,0,0,0,0,0,0,0
2005,450272,1,1,0,0,0,0,0,0,0,0,0,0
2005,450272,2,1,0,0,0,0,0,0,0,0,26,0
2005,450273,0,1,32,32,32,32,32,32,32,32,32,32
2005,450273,1,1,0,0,0,0,0,0,0,0,0,0
2005,450274,1,1,0,0,0,0,0,0,0,19,36,0
2005,450275,1,1,0,0,0,0,0,0,0,0,0,0
2005,450275,2,1,0,0,6,15,0,0,21,0,0,0
2005,450276,1,1,0,0,0,23,0,0,0,0,0,0
2005,450277,1,1,0,0,0,0,0,0,0,0,0,0
2005,450277,2,1,0,0,0,0,0,0,0,0,0,0
2005,450278,1,1,0,16,19,0,0,0,0,0,0,0
2005,450278,2,1,0,0,0,0,0,0,0,0,0,0
2005,450278,3,1,0,0,0,0,0,0,0,0,0,0
2005,450278,4,1,0,0,0,0,0,0,0,0,0,0
2005,450279,1,1,21,21,21,21,21,21,21,21,21,21
2005,450280,0,1,0,0,0,0,0,0,0,0,0,0
2005,450280,1,1,0,0,28,20,0,0,0,0,5,32
2005,450281,1,1,14,14,14,14,14,14,14,14,14,14
2005,450282,0,1,0,0,0,0,0,0,0,0,0,0
2005,450282,1,1,10,0,1,14,13,22,10,16,22,16
2005,450283,1,1,8,8,8,8,8,8,8,8,8,8
2005,450284,1,1,0,0,0,0,0,0,0,0,0,0
2005,450284,2,1,0,0,0,0,9,0,0,0,0,0
2005,450285,1,1,0,0,0,0,0,0,0,0,0,0
2005,450286,1,1,0,0,0,0,0,0,0,0,0,0
2005,450287,1,1,0,0,0,0,0,0,0,0,0,0
2005,450287,2,1,0,0,0,0,0,0,0,0,0,0
2005,450288,1,1,32,32,32,32,32,32,32,32,32,32
2005,450289,1,1,0,0,0,0,0,0,0,0,29,0
2005,450289,2,1,16,8,0,0,0,0,13,0,0,0
2005,450290,1,1,7,0,0,13,0,0,0,0,10,0
2005,450291,1,1,12,22,7,11,12,25,24,0,15,18
2005,450291,2,1,0,0,0,0,0,0,0,0,0,0
2005,450292,1,1,16,16,16,16,16,16,16,16,16,16
2005,450293,0,1,0,0,0,0,0,0,0,0,0,0
2005,450293,1,1,0,0,0,0,30,0,10,0,6,0
2005,450294,1,1,0,0,0,0,0,0,0,0,0,0
2005,450295,1,1,0,12,0,0,6,18,15,19,0,0
2005,450296,1,1,0,0,0,0,0,0,0,0,0,0
2005,450297,1,1,19,0,24,19,16,33,15,16,21,14
2005,450298,1,1,20,20,20,20,20,20,20,20,20,20
2005,450299,1,1,0,0,0,0,14,0,0,0,0,0
2005,450300,1,1,13,13,13,13,13,13,13,13,13,13
2005,450301,1,1,27,27,27,27,27,27,27,27,27,27
2005,450302,1,1,0,0,0,0,0,0,0,0,0,0
2005,450302,2,1,0,0,0,0,0,0,0,0,0,0
2005,450303,1,1,0,0,0,0,0,0,0,0,0,0
2005,450303,2,1,0,0,0,0,0,0,0,0,0,0
2005,450304,1,1,0,0,0,0,0,0,0,0,0,0
2005,450305,1,1,0,0,0,0,0,0,0,0,0,0
2005,450306,1,1,18,18,18,18,18,18,18,18,18,18
2005,450307,1,1,0,0,0,0,0,0,6,0,27,0
2005,450307,2,1,0,12,0,15,14,0,0,16,0,12
2005,450308,1,1,0,0,0,0,13,0,0,0,0,0
2005,450308,2,1,0,0,0,0,0,0,0,0,0,0
2005,450308,3,1,19,19,19,19,19,19,19,19,19,19
2005,450309,1,1,0,0,0,0,0,0,0,0,0,0
2005,450310,1,1,0,0,0,0,0,0,4,0,0,0
2005,450310,2,1,0,0,0,0,0,0,0,0,0,0
2005,450311,1,1,0,0,0,0,0,0,0,0,0,0
2005,450311,2,1,0,0,0,0,0,0,0,0,0,0
2005,450311,3,1,0,0,0,0,0,0,0,0,0,0
2005,450312,1,1,5,5,5,5,5,5,5,5,5,5
2005,450313,1,1,0,0,0,17,0,0,7,0,0,0
2005,450314,1,1,0,0,0,0,0,0,0,0,0,0
2005,450314,2,1,0,0,0,8,0,0,0,0,0,0
2005,450315,1,1,14,14,14,14,14,14,14,14,14,14
2005,450315,2,1,0,0,0,0,0,22,10,0,15,0
2005,450316,1,1,0,0,14,0,0,0,0,0,0,0
2005,450317,1,1,16,17,0,22,11,0,39,18,14,0
2005,450318,1,1,19,19,19,19,19,19,19,19,19,19
2005,450319,0,1,0,0,0,0,0,0,0,0,0,0
2005,450319,1,1,0,0,0,0,0,0,0,0,0,0
2005,450320,1,1,9,0,0,0,0,0,0,0,0,0
2005,450320,2,1,0,0,0,0,0,0,0,0,0,0
2005,450320,3,1,0,0,13,0,0,0,0,0,0,0
2005,450321,1,1,29,29,29,29,29,29,29,29,29,29
2005,450322,0,1,31,31,31,31,31,31,31,31,31,31
2005,450322,1,1,16,0,0,0,19,0,0,0,0,0
2005,450323,1,1,0,0,0,0,0,0,0,0,0,0
2005,450323,2,1,0,0,0,0,0,0,0,0,0,0
2005,450324,1,1,12,10,14,5,10,10,24,10,29,22
2005,450325,1,1,22,22,22,22,22,22,22,22,22,22
2005,450326,1,1,0,0,0,0,0,0,0,0,0,0
2005,450326,2,1,0,0,0,0,0,0,0,0,0,0
2005,450327,1,1,16,24,23,29,5,25,14,19,3,7
2005,450327,2,1,20,0,0,0,11,8,0,0,0,0
2005,450328,1,1,17,17,17,17,17,17,17,17,17,17
2005,450329,1,1,0,0,0,0,0,0,0,12,0,0
2005,450330,1,1,10,0,0,0,0,0,0,0,0,0
2005,450330,2,1,0,0,0,0,0,0,0,0,0,0
2005,450331,1,1,34,34,34,34,34,34,34,34,34,34
2005,450332,1,1,0,0,16,7,0,0,0,0,0,21
2005,450333,1,1,0,0,0,0,0,0,0,0,0,0
2005,450333,2,1,0,0,0,0,0,0,0,0,0,15
2005,450334,1,1,26,28,12,9,18,0,0,4,10,0
2005,450335,1,1,0,0,0,0,0,0,0,0,0,0
2005,450336,1,1,0,0,10,0,0,23,0,0,0,0
2005,450336,2,1,0,0,0,0,0,0,0,0,0,0
2005,450337,1,1,0,0,0,0,0,0,0,0,0,0
2005,450337,2,1,4,0,0,0,0,0,0,0,0,0
2005,450338,1,1,22,22,22,22,22,22,22,22,22,22
2005,450339,1,1,6,6,6,6,6,6,6,6,6,6
2005,450340,1,1,30,30,30,30,30,30,30,30,30,30
2005,450341,1,1,3,14,0,0,35,0,0,0,13,0
2005,450341,2,1,0,20,16,0,26,11,0,0,0,0
2005,450342,1,1,4,4,4,4,4,4,4,4,4,4
2005,450342,2,1,6,25,8,9,17,35,16,5,11,9
2005,450343,1,1,0,0,0,0,0,0,0,0,0,0
2005,450344,1,1,17,17,17,17,17,17,17,17,17,17
2005,450345,1,1,24,24,24,24,24,24,24,24,24,24
2005,450346,1,1,0,0,0,0,0,0,0,0,0,0
2005,450346,2,1,0,0,0,0,0,0,0,0,0,0
2005,450347,1,1,0,0,0,0,0,0,0,0,0,0
2005,450348,1,1,0,0,21,0,0,0,0,0,0,0
2005,450349,1,1,0,0,0,0,0,0,0,0,0,0
2005,450350,1,1,0,18,0,27,20,0,0,14,0,0
2005,450351,1,1,5,32,23,4,22,19,10,17,13,6
2005,450352,1,1,0,0,0,0,0,18,0,0,0,0
2005,450352,2,1,0,0,0,12,0,0,0,0,0,0
2005,450353,1,1,0,0,0,0,0,0,0,0,0,0
2005,450354,1,1,15,15,15,15,15,15,15,15,15,15
2005,450355,1,1,0,0,0,0,11,0,0,0,0,10
2005,450356,1,1,0,0,13,32,0,0,0,0,0,5
2005,450356,2,1,0,0,0,0,0,0,0,0,0,0
2005,450357,1,1,4,4,4,4,4,4,4,4,4,4
2005,450357,2,1,0,18,32,0,0,0,0,4,0,0
2005,450358,1,1,0,0,0,0,0,0,0,0,0,0
2005,450358,2,1,0,0,0,0,20,0,0,0,0,0
2005,450359,1,1,0,0,0,0,0,0,0,0,0,0
2005,450360,1,1,0,0,0,0,0,0,0,0,0,0
2005,450360,2,1,0,0,0,0,0,0,0,0,0,0
2005,450360,3,1,0,0,0,0,0,0,0,0,0,0
2005,450361,1,1,17,17,17,17,17,17,17,17,17,17
2005,450362,1,1,0,0,0,0,0,0,0,0,0,0
2005,450363,0,1,20,20,20,20,20,20,20,20,20,20
2005,450363,1,1,9,9,9,9,9,9,9,9,9,9
2005,450364,1,1,37,37,37,37,37,37,37,37,37,37
2005,450365,1,1,29,29,29,29,29,29,29,29,29,29
2005,450366,1,1,0,0,0,0,0,0,0,0,0,0
2005,450367,1,1,12,12,12,12,12,12,12,12,12,12
2005,450368,1,1,1,1,1,1,1,1,1,1,1,1
2005,450369,1,1,8,0,0,0,11,0,0,0,0,9
2005,450369,3,1,19,19,19,19,19,19,19,19,19,19
2005,450370,1,1,0,0,0,0,28,24,0,0,0,20
2005,450371,1,1,0,0,0,0,0,0,0,0,0,0
2005,450372,1,1,0,0,0,0,0,0,3,0,0,0
2005,450372,2,1,4,4,4,4,4,4,4,4,4,4
2005,450373,1,1,0,0,0,0,0,0,0,0,0,0
2005,450373,2,1,8,8,8,8,8,8,8,8,8,8
2005,450374,1,1,0,0,0,0,0,0,0,0,0,0
2005,450374,2,1,21,21,21,21,21,21,21,21,21,21
2005,450375,1,1,0,0,0,0,0,0,0,0,0,0
2005,450376,1,1,0,0,0,0,0,0,0,0,0,0
2005,450377,1,1,0,0,0,0,0,0,0,0,0,0
2005,450377,2,1,0,0,0,0,0,0,0,0,0,0
2005,450378,1,1,0,0,0,0,0,0,0,0,0,0
2005,450378,2,1,17,14,22,24,15,9,0,0,21,9
2005,450379,1,1,9,9,9,9,9,9,9,9,9,9
2005,450379,2,1,0,0,0,0,0,0,0,0,0,0
2005,450380,1,1,0,0,0,0,0,0,0,0,0,0
2005,450380,2,1,0,0,0,0,0,0,0,0,0,0
2005,450381,1,1,7,0,23,27,5,26,6,0,20,0
2005,450381,2,1,0,6,0,0,0,0,0,0,19,10
2005,450381,3,1,2,13,0,0,14,16,18,0,7,0
2005,450382,1,1,0,15,12,18,0,0,0,0,10,0
2005,450382,2,1,0,13,0,0,0,0,0,31,33,9
2005,450382,3,1,0,0,0,8,0,0,0,22,0,0
2005,450383,1,1,0,0,15,0,0,0,0,0,0,0
2005,450383,2,1,0,0,0,0,0,0,0,0,0,0
2005,450383,3,1,0,0,0,0,0,0,0,0,0,0
2005,450384,0,1,20,20,20,20,20,20,20,20,20,20
2005,450384,0,2,20,20,20,20,20,20,20,20,20,20
2005,450384,1,1,0,0,0,0,0,0,10,0,0,19
2005,450385,0,1,0,0,0,0,0,0,0,26,0,0
2005,450385,1,1,0,0,0,0,0,0,0,0,18,0
2005,450386,0,1,0,31,23,0,0,12,2,26,0,0
2005,450386,1,1,0,0,0,0,0,0,10,0,0,0
2005,450387,1,1,0,0,0,0,0,0,0,0,0,0
2005,450387,2,1,0,0,0,0,0,0,0,0,0,0
2005,450388,1,1,0,0,0,0,0,0,0,0,0,18
2005,450388,2,1,0,0,0,18,0,0,11,0,0,0
2005,450389,1,1,30,30,30,30,30,30,30,30,30,30
2005,450390,1,1,22,22,22,22,22,22,22,22,22,22
2005,450391,1,1,0,0,0,0,0,0,0,0,10,0
2005,450392,1,1,0,0,0,0,0,0,0,0,0,0
2005,450392,2,1,0,0,0,0,0,0,0,0,0,0
2005,450392,3,1,0,0,0,0,0,0,0,0,0,0
2005,450393,1,1,13,22,11,16,21,9,17,0,11,13
2005,450394,1,1,0,0,0,0,0,0,0,0,0,0
2005,450394,2,1,0,0,0,0,0,0,0,0,0,0
2005,450395,0,1,38,4,31,0,7,24,0,0,0,0
2005,450395,1,1,0,0,0,0,0,0,0,12,0,0
2005,450395,2,1,0,0,0,0,0,0,0,0,0,0
2005,450396,1,1,0,0,0,0,0,0,0,0,0,0
2005,450396,2,1,0,0,17,0,0,0,0,0,0,0
2005,450397,1,1,19,19,19,19,19,19,19,19,19,19
2005,450398,0,1,0,0,0,0,0,0,0,0,0,0
2005,450398,1,1,0,0,0,0,0,0,0,0,0,0
2005,450399,1,1,25,18,10,29,21,18,17,14,6,22
2005,450400,1,1,25,25,25,25,25,25,25,25,25,25
2005,450400,2,1,6,0,0,0,0,11,0,0,7,0
2005,450401,1,1,0,0,0,0,0,0,0,0,0,0
2005,450401,2,1,0,0,0,0,0,0,0,6,0,0
2005,450401,3,1,0,0,0,0,0,0,0,0,0,0
2005,450402,1,1,0,0,0,0,0,0,0,0,0,0
2005,450402,2,1,0,0,0,17,0,0,0,0,0,0
2005,450403,1,1,19,19,19,19,19,19,19,19,19,19
2005,450404,1,1,23,23,23,23,23,23,23,23,23,23
2005,450404,2,1,0,37,6,8,5,10,9,0,16,0
2005,450405,1,1,0,14,0,0,0,0,0,0,0,17
2005,450406,1,1,21,21,21,21,21,21,21,21,21,21
2005,450407,1,1,10,19,12,14,24,9,12,13,21,19
2005,450408,1,1,18,23,6,8,18,22,18,9,9,12
2005,450409,1,1,0,0,0,0,0,0,0,0,0,0
2005,450410,1,1,0,0,0,0,0,0,0,0,0,0
2005,450411,1,1,0,0,0,20,0,0,15,0,29,0
2005,450412,1,1,13,19,0,21,14,20,14,19,0,0
2005,450413,1,1,7,7,7,7,7,7,7,7,7,7
2005,450414,1,1,0,0,0,0,0,0,0,0,0,0
2005,450414,2,1,14,0,0,0,0,0,0,0,0,0
2005,450416,1,1,0,0,0,0,0,0,0,0,0,0
2005,450417,1,1,24,24,24,24,24,24,24,24,24,24
2005,450418,1,1,26,26,26,26,26,26,26,26,26,26
2005,450419,1,1,5,0,0,19,10,0,13,0,5,23
2005,450419,2,1,10,10,10,10,10,10,10,10,10,10
2005,450420,1,1,0,0,0,0,0,0,0,0,0,0
2005,450421,1,2,2,12,41,27,18,14,11,11,11,26
2005,450422,1,1,0,0,0,0,0,0,0,0,0,0
2005,450422,2,1,0,0,0,0,0,0,0,0,0,0
2005,450423,1,1,0,0,0,14,31,21,0,0,0,0
2005,450423,2,1,0,0,0,16,0,0,11,11,0,8
2005,450424,1,1,0,0,0,0,0,0,0,0,0,0
2005,450424,2,1,0,0,0,0,0,0,0,0,0,0
2005,450424,3,1,0,0,0,0,0,0,0,0,0,22
2005,450424,4,1,0,10,0,0,0,0,0,0,0,0
2005,450424,5,1,1,1,1,1,1,1,1,1,1,1
2005,450425,1,1,21,21,21,21,21,21,21,21,21,21
2005,450426,0,1,0,0,0,0,0,0,0,0,0,0
2005,450426,1,1,22,0,0,10,0,14,0,18,0,0
2005,450427,1,1,0,0,0,0,0,0,0,0,0,0
2005,450427,2,1,0,0,10,6,19,0,0,0,9,28
2005,450428,1,1,16,0,7,10,16,6,0,16,26,17
2005,450429,1,1,0,0,0,0,0,0,0,0,0,0
2005,450430,1,1,0,0,0,0,0,0,0,0,0,0
2005,450430,2,1,0,0,0,0,0,0,0,0,0,0
2005,450430,3,1,0,0,0,0,0,0,0,0,0,0
2005,450431,0,1,24,24,24,24,24,24,24,24,24,24
2005,450431,1,1,0,0,0,0,0,0,0,0,0,0
2005,450432,0,1,16,16,16,16,16,16,16,16,16,16
2005,450432,1,1,0,0,0,0,12,11,0,11,0,0
2005,450432,2,1,0,0,0,0,0,0,0,3,0,0
2005,450433,1,1,12,12,12,12,12,12,12,12,12,12
2005,450434,1,1,0,0,0,0,0,10,0,0,0,10
2005,450434,2,1,0,0,0,0,0,0,0,14,23,7
2005,450435,1,1,0,0,0,0,0,0,0,0,0,0
2005,450435,2,1,0,0,0,0,0,0,0,0,0,0
2005,450436,1,1,0,0,0,0,0,0,0,0,0,0
2005,450436,2,1,0,0,7,0,0,0,0,0,0,5
2005,450437,1,1,0,0,0,0,0,0,0,0,0,0
2005,450437,2,1,0,0,0,0,0,0,0,0,0,0
2005,450437,3,1,0,0,0,0,0,0,0,0,12,0
2005,450438,1,1,31,31,31,31,31,31,31,31,31,31
2005,450438,2,1,0,0,0,0,0,0,0,0,0,0
2005,450439,1,1,20,20,20,20,20,20,20,20,20,20
2005,450440,1,1,9,9,9,9,9,9,9,9,9,9
2005,450440,2,1,14,18,17,9,10,15,0,38,19,9
2005,450441,0,1,47,47,47,47,47,47,47,47,47,47
2005,450441,1,1,0,0,8,22,0,0,0,0,4,0
2005,450442,1,1,0,0,0,0,0,0,8,0,0,0
2005,450442,2,1,0,0,0,0,0,0,0,0,0,0
2005,450442,3,1,0,0,0,0,0,0,11,0,0,0
2005,450443,1,1,0,13,11,16,0,19,23,12,19,0
2005,450443,2,1,0,20,13,13,0,0,0,0,0,0
2005,450444,1,1,0,0,0,0,0,0,0,0,0,0
2005,450445,1,1,21,21,21,21,21,21,21,21,21,21
2005,450446,1,1,0,0,0,0,0,0,0,0,0,0
2005,450446,2,1,16,16,0,7,0,9,25,15,0,0
2005,450447,1,1,0,0,0,0,0,0,0,0,0,0
2005,450448,1,1,0,0,0,9,0,0,0,0,0,14
2005,450449,1,1,26,26,26,26,26,26,26,26,26,26
2005,450450,1,1,0,0,0,0,0,0,0,0,0,0
2005,450451,1,1,10,10,10,10,10,10,10,10,10,10
2005,450452,1,1,0,0,10,0,0,0,14,0,0,12
2005,450452,2,1,19,0,7,19,30,13,17,0,18,8
2005,450453,1,1,0,0,0,0,0,0,0,0,0,0
2005,450453,2,1,24,24,24,24,24,24,24,24,24,24
2005,450454,0,1,23,19,10,0,20,7,9,10,41,21
2005,450454,1,1,7,11,6,11,0,0,39,10,0,0
2005,450455,1,1,0,0,0,0,0,0,0,0,0,0
2005,450455,2,1,0,0,0,0,0,0,0,0,0,0
2005,450456,1,1,20,20,20,20,20,20,20,20,20,20
2005,450457,1,1,0,27,0,0,0,0,0,0,0,0
2005,450457,2,1,0,0,0,0,0,0,0,0,0,0
2005,450458,1,1,0,0,0,0,0,40,11,17,0,22
2005,450459,1,1,0,15,0,19,0,0,0,6,0,0
2005,450459,2,1,0,0,0,0,0,0,0,0,0,0
2005,450460,1,1,0,0,0,0,0,0,0,0,0,0
2005,450460,2,1,0,0,0,0,0,0,0,0,0,0
2005,450461,1,1,6,6,6,6,6,6,6,6,6,6
2005,450461,2,1,0,0,0,0,0,0,0,14,0,0
2005,450462,1,1,0,0,0,0,0,0,0,0,5,0
2005,450463,0,1,0,0,0,0,0,0,0,0,0,0
2005,450463,1,1,0,0,15,0,0,5,0,30,5,0
2005,450464,1,1,36,19,0,0,0,0,10,23,0,18
2005,450464,2,1,0,0,0,0,0,0,0,0,27,0
2005,450465,1,1,20,20,20,20,20,20,20,20,20,20
2005,450466,0,1,0,0,0,0,0,0,0,0,0,0
2005,450466,1,1,5,16,20,15,22,13,0,15,21,8
2005,450467,1,1,23,23,23,23,23,23,23,23,23,23
2005,450468,1,1,0,0,0,0,0,0,0,0,0,0
2005,450468,2,1,0,0,0,0,0,0,0,0,7,7
2005,450468,3,1,0,0,0,0,0,0,0,0,0,0
2005,450469,1,1,0,0,0,0,0,0,0,0,0,0
2005,450469,2,1,0,0,0,0,0,0,0,0,0,0
2005,450470,1,1,18,18,18,18,18,18,18,18,18,18
2005,450471,1,1,0,0,0,0,0,0,0,0,0,0
2005,450471,2,1,0,0,0,0,0,0,0,0,0,0
2005,450471,3,1,13,28,9,10,12,6,23,5,10,7
2005,450472,1,1,23,23,23,23,23,23,23,23,23,23