YEAR,ST_CASE,veh_no,per_no,P1,P2,P3,P4,P5,P6,P7,P8,P9,P10
2005,450473,1,1,0,4,0,0,0,0,0,0,0,0
2005,450473,2,1,14,9,13,22,11,25,3,15,32,7
2005,450474,1,1,0,0,0,0,0,0,0,10,0,0
2005,450474,2,1,0,0,0,0,0,0,0,0,0,0
2005,450475,1,1,0,0,0,0,0,0,0,0,0,0
2005,450476,1,1,17,0,24,17,0,0,0,0,13,0
2005,450477,1,1,30,30,30,30,30,30,30,30,30,30
2005,450477,2,1,0,0,0,0,0,0,0,0,0,0
2005,450478,1,1,21,12,11,9,26,0,13,16,0,14
2005,450479,1,1,0,0,0,0,0,0,0,0,0,0
2005,450479,2,1,0,13,14,0,12,0,0,0,0,0
2005,450480,1,1,4,0,0,0,0,0,0,0,0,0
2005,450480,2,1,0,0,0,0,0,23,0,0,0,0
2005,450481,1,1,8,8,8,8,8,8,8,8,8,8
2005,450482,1,1,0,0,0,0,0,0,0,0,0,18
2005,450483,0,1,0,0,0,0,0,0,0,0,0,0
2005,450483,1,1,0,0,0,0,0,0,0,0,0,0
2005,450484,1,1,0,0,0,0,0,0,0,5,0,0
2005,450485,1,1,0,0,0,0,0,0,0,0,0,0
2005,450485,2,1,0,0,0,0,0,0,0,0,0,0
2005,450486,1,1,0,0,0,0,0,0,7,0,0,0
2005,450487,1,1,37,37,37,37,37,37,37,37,37,37
2005,450488,1,1,0,0,0,0,0,0,0,0,0,0
2005,450488,2,1,0,0,0,0,0,0,0,0,0,0
2005,450489,1,1,24,0,13,21,0,10,22,21,22,7
2005,450490,1,1,0,0,0,0,0,0,0,0,0,0
2005,450490,2,1,13,0,0,0,0,0,0,0,0,0
2005,450491,1,1,11,11,11,11,11,11,11,11,11,11
2005,450492,1,1,0,0,0,0,0,0,0,0,0,0
2005,450492,2,1,0,0,0,0,0,0,0,0,4,0
2005,450492,3,1,0,0,0,0,0,0,0,12,0,0
2005,450493,1,1,0,0,0,0,5,0,0,0,0,18
2005,450494,1,1,1,1,1,1,1,1,1,1,1,1
2005,450495,1,1,0,0,0,0,0,0,0,0,0,0
2005,450496,1,1,0,0,0,0,0,0,13,0,0,0
2005,450496,2,1,0,0,0,0,0,0,0,0,0,0
2005,450497,1,1,3,3,3,3,3,3,3,3,3,3
2005,450498,1,1,1,1,1,1,1,1,1,1,1,1
2005,450499,1,1,0,0,0,0,32,12,0,0,0,15
2005,450499,2,1,0,0,0,0,0,0,0,0,0,0
2005,450499,3,1,0,0,0,0,0,0,0,0,0,0
2005,450500,1,1,10,10,10,10,10,10,10,10,10,10
2005,450501,1,1,11,20,10,5,0,12,21,0,0,8
2005,450501,2,1,0,0,0,0,0,0,0,0,0,0
2005,450502,1,1,0,11,0,0,12,12,0,0,0,0
2005,450502,2,1,8,0,0,0,0,0,0,0,0,0
2005,450503,1,1,0,0,19,7,6,0,14,0,0,0
2005,450504,1,1,0,0,0,0,11,0,0,0,0,0
2005,450504,2,1,0,0,0,0,0,0,0,0,0,0
2005,450505,1,1,0,0,0,0,0,0,0,0,0,0
2005,450505,2,1,0,0,0,0,0,0,0,0,0,0
2005,450506,0,1,0,0,0,0,0,0,0,0,0,0
2005,450506,1,1,0,0,0,0,0,0,0,0,0,0
2005,450507,1,1,0,0,0,0,0,0,0,0,0,0
2005,450507,2,1,0,0,0,0,0,0,0,0,0,0
2005,450508,1,1,0,0,0,0,17,0,11,13,0,14
2005,450509,1,1,0,0,0,0,0,0,0,0,0,0
2005,450510,1,1,0,0,0,0,0,0,0,0,0,0
2005,450510,2,1,0,0,0,0,0,0,16,0,0,0
2005,450511,1,1,0,25,0,31,14,0,10,0,23,0
2005,450511,2,1,0,0,0,0,16,0,0,0,0,0
2005,450512,1,1,18,18,18,18,18,18,18,18,18,18
2005,450513,1,1,0,0,0,0,0,0,0,0,0,0
2005,450513,2,1,0,0,0,0,0,0,0,0,0,15
2005,450514,1,1,22,22,22,22,22,22,22,22,22,22
2005,450515,1,1,17,18,2,6,20,23,14,19,17,13
2005,450516,1,1,0,0,0,8,14,0,0,0,0,0
2005,450517,1,1,0,0,0,0,0,0,0,0,0,0
2005,450518,1,1,0,0,0,0,0,0,0,0,7,0
2005,450518,2,1,0,0,0,0,0,0,0,0,0,0
2005,450519,1,1,29,29,29,29,29,29,29,29,29,29
2005,450520,1,1,14,14,14,14,14,14,14,14,14,14
2005,450521,1,1,0,0,0,0,0,0,0,0,0,0
2005,450521,2,1,0,0,0,0,0,0,0,0,0,0
2005,450522,1,1,0,0,0,0,0,0,0,0,0,0
2005,450522,2,1,24,24,24,24,24,24,24,24,24,24
2005,450523,1,1,0,0,0,0,0,0,0,0,0,0
2005,450523,2,1,0,0,0,0,0,0,0,0,0,0
2005,450524,1,1,0,0,0,0,0,0,0,0,0,0
2005,450525,1,1,5,14,16,9,11,27,18,5,40,13
2005,450525,2,1,13,0,20,0,11,0,0,0,10,0
2005,450526,1,1,0,0,0,0,0,0,0,0,4,0
2005,450526,2,1,0,0,0,0,0,7,0,0,0,0
2005,450527,1,1,0,0,0,0,0,13,0,0,0,0
2005,450527,2,1,9,9,9,9,9,9,9,9,9,9
2005,450528,0,1,14,0,26,12,43,20,9,19,16,17
2005,450528,1,1,10,0,0,0,0,10,0,0,22,0
2005,450529,1,1,28,28,29,15,23,7,25,11,9,3
2005,450530,1,1,0,0,0,0,0,0,0,0,0,0
2005,450530,2,1,14,14,14,14,14,14,14,14,14,14
2005,450531,1,1,29,25,12,29,23,13,30,28,12,12
2005,450532,1,1,0,0,0,0,0,0,0,0,0,0
2005,450532,2,1,0,0,0,0,0,40,0,0,0,0
2005,450533,1,1,0,0,0,0,0,0,0,0,0,0
2005,450534,1,1,23,23,23,23,23,23,23,23,23,23
2005,450535,1,1,0,0,0,0,0,0,0,0,0,0
2005,450535,2,1,19,19,19,19,19,19,19,19,19,19
2005,450536,1,1,0,0,0,0,0,0,0,0,0,0
2005,450536,2,1,0,0,0,0,0,0,0,0,0,0
2005,450537,1,1,9,9,9,9,9,9,9,9,9,9
2005,450538,1,1,0,0,0,0,0,0,0,0,0,0
2005,450539,1,1,0,0,0,4,0,0,0,0,0,0
2005,450539,2,1,0,0,0,0,0,0,0,0,0,0
2005,450540,0,1,24,24,24,24,24,24,24,24,24,24
2005,450540,1,1,0,0,0,0,0,0,0,20,0,0
2005,450541,1,1,0,0,0,0,0,0,0,0,0,0
2005,450542,1,1,0,0,0,0,0,0,0,0,0,0
2005,450542,2,1,0,0,0,0,0,0,0,0,0,0
2005,450543,1,1,0,0,0,0,0,0,0,0,0,0
2005,450543,2,1,0,0,0,0,0,0,0,0,0,0
2005,450544,1,1,0,0,0,0,0,0,0,4,0,0
2005,450544,2,1,0,0,0,0,0,0,0,0,0,0
2005,450545,1,1,0,0,0,0,0,0,0,0,0,0
2005,450545,2,1,0,0,32,11,0,0,0,11,27,0
2005,450546,1,1,36,17,0,35,0,28,11,28,0,31
2005,450547,1,1,21,0,0,0,0,0,0,0,0,0
2005,450548,0,1,26,26,26,26,26,26,26,26,26,26
2005,450548,1,1,0,0,0,0,0,0,0,0,0,0
2005,450549,1,1,0,0,0,0,0,0,0,0,0,0
2005,450549,2,1,0,0,0,0,0,0,0,0,0,0
2005,450550,1,1,0,0,0,0,0,0,0,0,0,0
2005,450551,1,1,0,6,0,0,19,25,12,16,19,0
2005,450552,1,1,16,16,16,16,16,16,16,16,16,16
2005,450553,1,1,0,0,0,0,0,0,0,0,0,0
2005,450553,2,1,0,0,0,0,0,0,0,0,0,0
2005,450554,0,1,31,31,31,31,31,31,31,31,31,31
2005,450554,1,1,0,0,0,0,0,0,0,0,0,0
2005,450555,1,1,0,0,0,0,13,0,0,0,0,0
2005,450555,2,1,0,0,0,0,0,0,0,0,0,0
2005,450556,1,1,0,0,0,0,0,0,0,53,8,0
2005,450557,1,1,25,25,25,25,25,25,25,25,25,25
2005,450558,0,1,0,0,0,0,0,0,0,0,0,0
2005,450558,1,1,0,0,0,0,0,0,0,0,0,0
2005,450559,1,1,21,21,21,21,21,21,21,21,21,21
2005,450560,1,1,0,0,0,0,0,0,0,0,0,0
2005,450560,2,1,0,15,0,0,0,0,0,11,0,0
2005,450560,3,1,0,0,0,0,0,0,0,0,0,0
2005,450561,1,1,0,0,0,0,4,0,0,0,0,0
2005,450561,2,1,0,0,0,0,0,0,0,0,0,0
2005,450562,1,1,19,0,10,0,0,0,0,0,0,5
2005,450562,2,1,0,0,14,13,28,0,0,0,0,12
2005,450563,1,1,9,16,11,13,26,25,40,10,18,14
2005,450564,1,1,11,11,11,11,11,11,11,11,11,11
2005,450565,1,1,0,8,24,0,0,2,14,9,0,14
2005,450566,1,1,0,0,0,0,0,0,0,0,0,0
2005,450566,2,1,0,0,0,26,0,0,0,15,0,2
2005,450567,1,1,28,0,20,0,20,9,0,0,0,0
2005,450567,2,1,0,0,0,0,0,0,0,0,0,0
2005,450568,1,1,24,24,24,24,24,24,24,24,24,24
2005,450569,1,1,0,0,0,0,0,0,0,0,0,0
2005,450569,2,1,0,0,0,0,10,0,0,34,13,22
2005,450570,1,1,0,31,26,36,12,22,29,29,14,17
2005,450571,1,1,0,26,22,8,0,18,21,24,12,0
2005,450572,1,1,0,0,0,0,0,0,0,0,0,0
2005,450573,1,1,0,0,0,0,0,0,0,0,0,0
2005,450573,2,1,0,0,0,0,0,0,0,0,0,0
2005,450574,1,1,0,0,0,0,0,0,0,0,0,0
2005,450574,2,1,0,0,0,0,0,0,0,0,0,0
2005,450575,1,1,18,12,26,12,0,21,22,0,32,17
2005,450576,1,1,2,2,2,2,2,2,2,2,2,2
2005,450577,1,1,23,23,23,23,23,23,23,23,23,23
2005,450578,1,1,25,25,25,25,25,25,25,25,25,25
2005,450579,1,1,9,10,15,0,23,16,22,23,15,0
2005,450580,1,1,6,9,23,20,23,40,23,31,13,13
2005,450581,1,1,20,20,20,20,20,20,20,20,20,20
2005,450582,1,1,18,18,18,18,18,18,18,18,18,18
2005,450583,1,1,11,9,0,0,5,0,19,0,0,0
2005,450584,1,1,0,0,0,0,0,0,0,0,0,0
2005,450584,2,1,0,15,16,16,24,14,4,15,0,11
2005,450585,1,1,7,5,11,17,22,11,4,20,7,32
2005,450585,2,1,0,0,0,0,0,0,0,0,0,0
2005,450586,1,1,0,0,0,0,0,0,0,0,0,0
2005,450587,1,1,0,0,0,0,0,0,0,0,0,0
2005,450588,1,1,0,0,0,0,0,0,0,0,0,0
2005,450589,1,1,0,0,0,0,0,0,0,0,0,0
2005,450590,1,1,0,0,0,0,0,0,0,0,0,0
2005,450591,1,1,0,0,0,0,0,0,0,0,0,0
2005,450592,0,1,25,35,22,41,10,24,24,19,0,5
2005,450592,0,2,0,0,0,0,0,0,0,0,0,0
2005,450592,0,3,0,0,0,0,0,0,0,0,0,0
2005,450592,1,1,0,0,0,0,16,0,0,0,0,0
2005,450593,1,1,0,0,0,0,0,0,0,0,0,0
2005,450593,2,1,0,0,18,0,0,0,0,0,0,7
2005,450594,1,1,0,0,0,0,0,0,0,0,0,0
2005,450595,1,1,0,0,0,0,0,0,0,0,0,0
2005,450596,1,1,0,0,0,0,0,0,0,0,0,0
2005,450596,2,1,0,0,0,0,0,0,0,0,0,0
2005,450597,1,1,21,21,21,21,21,21,21,21,21,21
2005,450598,1,1,19,19,19,19,19,19,19,19,19,19
2005,450599,1,1,22,22,22,22,22,22,22,22,22,22
2005,450600,0,1,14,25,19,31,28,7,23,14,28,0
2005,450600,1,1,7,14,25,0,0,0,0,17,16,0
2005,450601,1,1,0,21,8,6,0,0,8,0,0,21
2005,450602,1,1,0,0,0,0,0,0,0,0,0,0
2005,450602,2,1,0,0,0,0,0,0,0,0,0,0
2005,450603,1,1,26,26,26,26,26,26,26,26,26,26
2005,450603,2,1,5,5,5,5,5,5,5,5,5,5
2005,450603,3,1,3,18,0,0,0,0,0,0,14,0
2005,450604,0,1,10,27,26,21,29,7,25,17,21,4
2005,450604,1,1,0,14,0,0,0,10,0,0,15,0
2005,450605,1,1,0,10,0,0,8,17,0,0,19,0
2005,450605,2,1,0,0,15,25,3,0,16,0,0,0
2005,450606,0,1,0,11,0,19,0,36,0,26,0,16
2005,450606,1,1,0,0,0,0,0,0,0,0,0,16
2005,450607,1,1,14,14,14,14,14,14,14,14,14,14
2005,450608,1,1,20,20,20,20,20,20,20,20,20,20
2005,450609,1,1,5,12,21,15,22,6,9,23,11,30
2005,450610,1,1,9,9,9,9,9,9,9,9,9,9
2005,450611,1,1,21,2,19,12,9,7,15,9,15,11
2005,450612,1,1,0,0,0,0,0,0,0,0,0,13
2005,450612,2,1,19,19,19,19,19,19,19,19,19,19
2005,450613,1,1,21,13,10,19,2,9,20,4,7,7
2005,450614,1,1,0,0,0,0,0,0,13,0,0,0
2005,450614,2,1,0,0,0,0,0,0,0,0,0,0
2005,450615,1,1,21,16,17,20,17,21,0,5,11,0
2005,450616,1,1,6,6,6,6,6,6,6,6,6,6
2005,450617,1,1,0,0,0,0,0,0,0,0,0,0
2005,450618,0,1,18,25,31,18,0,13,18,27,31,37
2005,450618,1,1,14,20,11,0,14,0,0,0,0,0
2005,450618,2,1,11,9,5,9,7,16,36,13,13,18
2005,450619,0,1,19,20,0,12,0,0,7,0,36,16
2005,450619,1,1,0,0,14,13,0,22,0,0,0,5
2005,450620,0,1,18,18,18,18,18,18,18,18,18,18
2005,450620,1,1,5,0,0,0,0,0,0,0,0,0
2005,450621,1,1,0,0,0,0,0,0,0,0,0,14
2005,450621,2,1,0,0,0,0,0,0,0,0,0,0
2005,450622,1,1,18,25,20,24,22,19,35,41,9,0
2005,450622,2,1,17,17,17,17,17,17,17,17,17,17
2005,450623,1,1,0,18,15,0,0,13,0,0,0,0
2005,450623,2,1,16,16,16,16,16,16,16,16,16,16
2005,450624,1,1,0,0,0,0,0,0,0,0,0,0
2005,450626,1,1,0,0,0,0,0,0,0,0,0,0
2005,450626,2,1,0,0,0,0,0,0,0,0,0,0
2005,450627,1,1,0,0,0,0,0,0,0,0,0,0
2005,450628,1,1,0,27,0,17,20,14,16,31,0,0
2005,450628,2,1,0,0,0,0,0,0,0,0,0,0
2005,450629,1,1,0,0,0,0,0,0,0,0,0,0
2005,450629,2,1,0,0,0,0,0,0,0,0,0,0
2005,450630,1,1,12,12,12,12,12,12,12,12,12,12
2005,450630,2,1,0,0,5,0,0,0,0,0,0,0
2005,450631,1,1,0,0,0,0,0,0,0,0,0,0
2005,450631,2,1,4,15,14,11,12,17,16,13,6,4
2005,450632,0,1,18,18,18,18,18,18,18,18,18,18
2005,450632,1,1,0,0,0,0,0,0,0,0,0,0
2005,450633,1,1,0,0,0,0,0,0,11,0,0,0
2005,450633,2,1,0,0,0,0,0,0,0,0,0,0
2005,450634,1,1,0,0,0,0,0,0,0,0,0,0
2005,450634,2,1,0,0,0,0,0,0,0,0,0,0
2005,450635,1,1,0,0,0,0,0,0,0,0,0,0
2005,450635,2,1,0,0,0,0,0,0,0,0,0,0
2005,450636,1,1,0,0,0,0,0,0,0,0,0,0
2005,450636,2,1,0,0,0,0,0,0,0,0,0,0
2005,450637,1,1,0,0,0,0,0,0,0,0,0,0
2005,450637,2,1,0,11,43,8,7,0,0,13,0,0
2005,450638,1,1,7,7,0,0,0,0,0,0,0,0
2005,450638,2,1,0,0,0,0,0,0,0,0,0,0
2005,450639,1,1,0,0,0,0,0,17,0,10,21,0
2005,450640,1,1,6,6,6,6,6,6,6,6,6,6
2005,450641,1,1,0,18,28,19,0,11,27,13,17,18
2005,450642,1,1,27,27,27,27,27,27,27,27,27,27
2005,450643,1,1,20,20,20,20,20,20,20,20,20,20
2005,450644,1,1,0,0,0,0,0,0,0,0,0,0
2005,450644,2,1,23,23,23,23,23,23,23,23,23,23
2005,450645,0,1,37,37,37,37,37,37,37,37,37,37
2005,450645,1,1,0,14,24,0,0,6,0,0,0,0
2005,450646,1,1,23,0,0,12,0,0,21,11,0,27
2005,450646,2,1,30,30,30,30,30,30,30,30,30,30
2005,450647,1,1,13,7,23,20,24,15,21,5,15,19
2005,450648,1,1,34,34,34,34,34,34,34,34,34,34
2005,450649,1,1,0,14,0,0,0,0,0,0,0,0
2005,450649,2,1,13,13,13,13,13,13,13,13,13,13
2005,450650,1,1,0,10,17,0,0,0,0,0,0,0
2005,450650,2,1,14,24,12,6,8,14,22,19,12,14
2005,450651,1,1,0,0,0,0,0,0,0,0,0,0
2005,450652,0,1,0,0,0,0,0,0,0,0,0,0
2005,450652,1,1,7,8,0,11,0,0,24,0,14,0
2005,450653,0,1,0,0,0,0,0,0,0,0,0,0
2005,450653,1,1,4,0,16,0,0,6,14,0,4,0
2005,450654,1,1,39,30,5,15,15,29,14,13,15,26
2005,450655,1,1,0,0,0,0,0,0,0,0,0,0
2005,450656,1,1,0,0,0,0,0,0,0,0,0,0
2005,450656,2,1,0,0,0,0,0,0,0,0,0,19
2005,450657,1,1,15,15,15,15,15,15,15,15,15,15
2005,450658,1,1,0,0,0,0,0,0,0,0,0,0
2005,450659,1,1,4,4,4,4,4,4,4,4,4,4
2005,450660,1,1,0,0,0,0,0,0,0,0,0,0
2005,450660,2,1,0,0,0,0,0,0,0,0,0,0
2005,450661,1,1,24,24,24,24,24,24,24,24,24,24
2005,450662,1,1,19,19,19,19,19,19,19,19,19,19
2005,450663,1,1,0,0,0,0,0,0,0,0,0,0
2005,450664,1,1,26,32,20,6,21,34,7,12,7,12
2005,450665,1,1,11,11,11,11,11,11,11,11,11,11
2005,450666,1,1,23,23,23,23,23,23,23,23,23,23
2005,450667,1,1,24,24,24,24,24,24,24,24,24,24
2005,450668,0,1,0,0,0,0,0,0,0,0,0,0
2005,450668,1,1,22,15,18,30,15,6,6,20,17,6
2005,450669,1,1,0,11,0,16,26,13,0,0,25,11
2005,450670,1,1,25,18,9,0,0,0,8,23,0,11
2005,450671,1,1,0,0,0,0,0,0,0,0,0,0
2005,450672,1,1,0,0,0,0,0,0,0,5,0,0
2005,450673,1,1,4,4,4,4,4,4,4,4,4,4
2005,450673,2,1,2,2,2,2,2,2,2,2,2,2
2005,450674,1,1,0,0,0,0,0,12,0,0,16,0
2005,450675,0,1,0,0,14,0,0,0,25,16,0,16
2005,450675,1,1,35,26,0,0,0,6,0,0,0,0
2005,450676,1,1,9,15,16,33,10,7,12,30,12,0
2005,450677,1,1,0,0,0,12,0,0,0,0,0,0
2005,450677,2,1,16,0,0,0,0,0,0,0,0,0
2005,450678,1,1,0,0,0,0,0,0,0,0,0,0
2005,450678,2,1,0,0,0,0,0,0,0,0,16,0
2005,450679,1,1,0,0,0,0,0,0,0,0,0,0
2005,450679,2,1,0,0,0,0,0,0,0,0,0,0
2005,450680,1,1,0,0,0,23,0,0,6,0,0,10
2005,450680,2,1,1,1,1,1,1,1,1,1,1,1
2005,450681,1,1,0,0,0,0,0,0,0,0,0,0
2005,450682,1,1,0,0,0,0,0,0,0,0,0,0
2005,450682,2,1,0,0,0,0,0,0,0,0,0,0
2005,450683,1,1,0,0,0,0,0,0,0,0,0,0
2005,450684,1,1,0,0,0,0,0,0,0,16,0,0
2005,450684,2,1,0,0,0,0,0,0,0,0,0,0
2005,450685,1,1,0,0,0,0,0,0,0,0,0,0
2005,450686,1,1,0,0,0,0,0,0,0,0,0,0
2005,450686,2,1,0,0,0,0,0,0,0,0,0,0
2005,450686,3,1,0,0,0,0,0,0,0,0,0,0
2005,450687,1,1,2,2,2,2,2,2,2,2,2,2
2005,450688,1,1,0,0,0,0,0,0,0,0,0,0
2005,450689,1,1,0,0,0,0,0,0,0,0,0,0
2005,450690,1,1,17,17,17,17,17,17,17,17,17,17
2005,450691,1,1,0,0,0,0,0,0,0,0,0,0
2005,450691,2,1,0,0,0,0,0,0,0,0,0,0
2005,450692,1,1,28,28,28,28,28,28,28,28,28,28
2005,450693,1,1,19,7,0,13,16,8,36,0,19,7
2005,450694,1,1,2,2,2,2,2,2,2,2,2,2
2005,450695,1,1,0,0,0,0,0,0,0,0,0,0
2005,450695,2,1,0,0,0,0,0,0,0,0,0,0
2005,450696,1,1,21,21,21,21,21,21,21,21,21,21
2005,450697,1,1,0,0,0,0,0,0,0,0,0,0
2005,450698,1,1,30,30,30,30,30,30,30,30,30,30
2005,450699,0,1,0,16,0,0,33,21,17,0,0,20
2005,450699,1,1,0,0,13,0,0,0,0,0,0,4
2005,450700,0,1,0,0,0,0,0,16,27,22,23,21
2005,450700,1,1,0,0,13,0,0,13,0,9,0,0
2005,450701,1,1,0,14,38,17,0,12,0,0,0,0
2005,450701,2,1,0,0,0,12,5,0,7,0,0,0
2005,450702,1,1,0,0,0,0,0,0,0,0,0,0
2005,450702,2,1,0,0,0,0,8,0,0,0,0,0
2005,450703,1,1,9,0,4,0,6,8,10,8,12,0
2005,450703,2,1,0,0,0,17,0,0,16,0,0,12
2005,450704,1,1,3,3,3,3,3,3,3,3,3,3
2005,450705,1,1,0,0,0,0,0,0,0,0,0,0
2005,450705,2,1,0,0,0,0,0,0,0,0,0,0
2005,450706,0,1,13,0,8,9,0,0,27,16,0,0
2005,450706,1,1,0,0,0,0,0,0,0,0,0,0
2005,450707,1,1,17,17,17,17,17,17,17,17,17,17
2005,450708,1,1,0,0,0,0,0,0,0,0,0,0
2005,450708,2,1,0,0,0,0,0,0,0,0,0,0
2005,450709,1,1,0,0,0,0,0,0,0,0,0,0
2005,450709,2,1,0,0,0,0,0,0,0,0,0,0
2005,450710,1,1,0,0,0,0,0,0,0,0,0,0
2005,450710,2,1,0,0,0,0,0,0,0,0,0,0
2005,450711,1,1,0,0,0,22,0,0,0,0,0,0
2005,450711,2,1,30,30,30,30,30,30,30,30,30,30
2005,450712,1,1,14,14,14,14,14,14,14,14,14,14
2005,450713,1,1,22,22,22,22,22,22,22,22,22,22
2005,450714,1,1,15,15,15,15,15,15,15,15,15,15
2005,450715,1,1,5,5,5,5,5,5,5,5,5,5
2005,450716,1,1,16,6,0,14,0,28,10,4,26,11
2005,450717,1,1,0,0,0,0,0,0,0,0,0,0
2005,450718,1,1,0,4,0,0,0,0,0,0,0,0
2005,450718,2,1,0,0,0,0,0,0,0,0,0,0
2005,450719,1,1,0,0,0,0,0,0,0,0,0,0
2005,450719,2,1,0,0,0,0,0,12,0,0,0,0
2005,450720,1,1,0,0,0,0,0,0,0,0,0,0
2005,450720,2,1,0,0,0,0,0,0,0,0,0,0
2005,450721,1,1,19,19,19,19,19,19,19,19,19,19
2005,450722,1,1,0,0,0,0,0,0,0,0,0,0
2005,450722,2,1,0,0,0,0,0,0,0,0,0,0
2005,450723,1,1,0,0,0,0,0,0,0,0,0,0
2005,450724,1,1,0,0,0,0,0,0,0,0,18,0
2005,450725,1,1,18,18,18,18,18,18,18,18,18,18
2005,450726,1,1,0,0,0,0,0,0,0,0,0,0
2005,450727,1,1,0,12,0,0,21,28,0,0,13,20
2005,450728,1,1,0,0,0,0,0,0,0,0,0,0
2005,450728,2,1,0,0,0,0,0,0,0,0,0,0
2005,450729,1,1,26,26,26,26,26,26,26,26,26,26
2005,450730,1,1,5,5,5,5,5,5,5,5,5,5
2005,450730,2,1,0,0,34,6,0,25,3,0,20,0
2005,450731,1,1,0,0,0,0,0,0,0,0,0,0
2005,450732,1,1,16,24,29,11,19,25,28,8,12,20
2005,450733,1,1,11,0,0,0,0,27,0,0,0,0
2005,450734,1,1,19,19,19,19,19,19,19,19,19,19
2005,450735,1,1,0,0,0,0,0,0,0,0,0,0
2005,450735,2,1,0,0,0,0,12,0,0,5,0,0
2005,450735,3,1,0,0,0,0,0,0,0,0,0,0
2005,450736,1,1,19,19,19,19,19,19,19,19,19,19
2005,450737,1,1,31,24,12,19,19,19,24,35,16,30
2005,450738,1,1,0,0,0,0,0,0,0,0,0,0
2005,450739,1,1,0,0,0,0,0,0,0,0,0,2
2005,450739,2,1,0,0,0,0,0,0,0,0,0,0
2005,450740,1,1,28,28,28,28,28,28,28,28,28,28
2005,450740,2,1,0,0,0,0,0,0,0,0,0,0
2005,450741,1,1,0,0,0,0,0,0,0,0,0,0
2005,450741,2,1,7,0,24,17,27,0,7,0,0,0
2005,450742,1,1,0,0,0,0,0,0,0,0,0,0
2005,450742,2,1,0,0,0,0,0,0,0,0,0,0
2005,450743,1,1,0,0,0,0,0,0,0,0,0,0
2005,450743,2,1,0,0,0,0,0,0,0,0,0,0
2005,450744,1,1,27,27,27,27,27,27,27,27,27,27
2005,450745,1,1,4,0,0,0,0,15,0,0,0,0
2005,450746,1,1,27,27,27,27,27,27,27,27,27,27
2005,450747,1,1,11,11,11,11,11,11,11,11,11,11
2005,450748,1,1,30,30,30,30,30,30,30,30,30,30
2005,450749,1,1,0,0,0,4,5,0,0,0,13,0
2005,450749,2,1,0,0,0,0,0,0,0,0,0,0
2005,450750,0,1,0,0,0,0,0,0,0,0,0,0
2005,450750,1,1,0,0,0,0,0,0,0,0,0,0
2005,450750,4,1,0,0,0,0,0,0,0,0,0,0
2005,450751,0,1,0,0,0,0,0,0,0,0,0,0
2005,450751,1,1,0,0,0,0,0,0,0,0,0,0
2005,450752,1,1,6,6,6,6,6,6,6,6,6,6
2005,450753,1,1,22,22,22,22,22,22,22,22,22,22
2005,450754,1,1,0,0,2,0,0,4,0,0,10,0
2005,450755,1,1,29,17,14,6,0,19,9,0,25,33
2005,450756,1,1,0,18,12,0,0,0,0,0,0,0
2005,450757,1,1,22,13,14,0,24,12,0,0,0,0
2005,450758,1,1,0,9,0,17,24,13,13,0,0,25
2005,450759,0,1,18,0,21,12,11,20,0,14,15,28
2005,450759,1,1,28,0,0,23,0,0,8,0,11,0
2005,450760,0,1,0,0,22,13,22,29,0,2,0,25
2005,450760,1,1,0,19,0,0,0,13,0,0,0,0
2005,450761,1,1,0,0,16,13,0,0,0,0,2,0
2005,450761,2,1,0,0,0,0,0,0,0,0,0,0
2005,450762,1,1,31,12,18,0,0,23,0,0,11,24
2005,450763,1,1,21,21,21,21,21,21,21,21,21,21
2005,450764,0,1,0,0,23,16,0,30,0,13,0,0
2005,450764,1,1,0,28,0,22,0,6,0,0,0,0
2005,450765,1,1,0,0,0,0,0,0,0,0,0,0
2005,450766,1,1,0,0,0,0,0,0,0,0,0,0
2005,450766,2,1,0,0,0,0,0,0,0,0,0,0
2005,450767,1,1,0,0,0,0,17,0,20,0,10,0
2005,450768,1,1,39,39,39,39,39,39,39,39,39,39
2005,450769,1,1,3,3,3,3,3,3,3,3,3,3
2005,450770,1,1,0,0,0,0,0,0,0,0,0,0
2005,450771,1,1,21,0,0,0,0,0,0,0,0,0
2005,450771,2,1,31,31,31,31,31,31,31,31,31,31
2005,450772,0,1,20,31,0,41,6,21,0,32,0,0
2005,450772,1,1,0,0,0,0,0,0,5,18,0,0
2005,450772,2,1,0,0,0,0,0,0,0,0,0,27
2005,450773,1,1,0,0,0,0,0,0,0,0,0,0
2005,450773,2,1,0,0,0,20,0,0,0,0,0,0
2005,450774,1,1,19,19,19,19,19,19,19,19,19,19
2005,450775,1,1,0,0,0,0,0,0,0,0,0,0