YEAR,ST_CASE,veh_no,per_no,P1,P2,P3,P4,P5,P6,P7,P8,P9,P10
2005,450776,1,1,0,0,0,0,0,0,0,0,0,0
2005,450776,2,1,0,0,0,0,0,0,0,0,0,0
2005,450777,1,1,39,39,39,39,39,39,39,39,39,39
2005,450778,1,1,25,17,0,0,0,0,0,0,0,0
2005,450778,2,1,15,0,0,17,0,19,20,18,8,0
2005,450779,1,1,25,9,19,24,7,8,15,9,12,17
2005,450779,2,1,1,1,1,1,1,1,1,1,1,1
2005,450780,1,1,0,5,0,0,0,0,0,0,0,0
2005,450781,1,1,28,28,28,28,28,28,28,28,28,28
2005,450782,1,1,20,20,20,20,20,20,20,20,20,20
2005,450783,1,1,0,0,0,0,0,0,0,0,0,25
2005,450783,2,1,0,0,0,0,0,0,0,0,0,0
2005,450783,3,1,0,0,0,10,23,0,0,3,0,21
2005,450784,1,1,17,17,17,17,17,17,17,17,17,17
2005,450785,1,1,0,0,0,0,0,0,0,0,0,0
2005,450785,2,1,4,4,4,4,4,4,4,4,4,4
2005,450786,0,1,0,0,15,36,29,0,0,0,6,9
2005,450786,1,1,15,0,0,0,29,0,0,0,0,0
2005,450787,0,1,0,0,0,0,0,0,0,0,0,0
2005,450787,0,2,0,0,0,0,0,0,0,10,0,0
2005,450787,1,1,0,0,0,0,0,0,0,0,0,0
2005,450787,2,1,0,0,0,0,0,0,0,0,0,0
2005,450787,3,1,16,0,0,0,0,0,0,0,0,0
2005,450787,4,1,0,0,0,0,0,7,0,0,0,0
2005,450788,1,1,0,0,0,0,0,0,0,0,0,0
2005,450788,2,1,0,0,0,0,0,0,0,0,0,0
2005,450789,1,1,39,39,39,39,39,39,39,39,39,39
2005,450790,1,1,0,0,0,0,8,0,0,0,0,0
2005,450790,2,1,0,0,0,0,0,0,0,0,0,0
2005,450791,1,1,0,16,0,0,0,0,0,0,17,0
2005,450792,1,1,26,26,26,26,26,26,26,26,26,26
2005,450793,1,1,0,0,0,0,0,0,0,0,0,0
2005,450793,2,1,18,18,18,18,18,18,18,18,18,18
2005,450794,1,1,17,17,17,17,17,17,17,17,17,17
2005,450794,2,1,0,0,11,0,0,0,23,0,12,0
2005,450795,1,1,0,0,0,0,0,5,0,0,0,0
2005,450795,2,1,0,0,0,0,0,0,0,0,0,0
2005,450796,0,1,0,0,0,0,0,26,0,0,0,0
2005,450796,1,1,0,0,0,0,0,0,0,0,0,0
2005,450797,1,1,0,0,0,0,0,0,0,0,0,0
2005,450797,2,1,0,0,0,0,0,0,0,0,0,0
2005,450798,1,1,14,0,0,18,24,6,7,0,18,14
2005,450798,2,1,0,0,0,0,0,0,0,0,0,0
2005,450799,0,1,38,38,38,38,38,38,38,38,38,38
2005,450799,1,1,0,18,0,0,0,0,0,0,17,0
2005,450800,0,1,0,13,0,25,0,9,16,31,26,19
2005,450800,1,1,12,12,12,12,12,12,12,12,12,12
2005,450801,1,1,0,0,0,0,0,0,0,0,0,0
2005,450802,1,1,0,0,0,0,0,8,21,0,0,0
2005,450803,1,1,27,27,27,27,27,27,27,27,27,27
2005,450804,1,1,32,16,0,25,10,31,17,20,26,18
2005,450805,1,1,0,0,0,0,0,0,0,0,0,0
2005,450805,2,1,21,15,14,12,8,14,11,16,28,21
2005,450806,1,1,0,0,0,0,0,0,0,0,0,0
2005,450806,2,1,0,0,0,0,0,0,16,0,0,0
2005,450806,3,1,0,0,0,0,0,0,0,0,0,0
2005,450807,1,1,0,0,0,0,0,0,0,0,0,0
2005,450807,2,1,0,0,0,0,0,0,0,0,10,0
2005,450808,1,1,0,0,0,0,0,0,0,0,0,0
2005,450808,2,1,0,0,0,0,0,0,0,0,0,0
2005,450809,1,1,0,0,0,0,0,0,0,0,0,10
2005,450809,2,1,11,19,0,12,0,0,12,0,18,0
2005,450810,1,1,0,0,0,0,0,0,0,0,0,0
2005,450810,2,1,0,0,0,0,0,0,0,0,0,0
2005,450811,1,1,14,14,14,14,14,14,14,14,14,14
2005,450812,0,1,26,26,26,26,26,26,26,26,26,26
2005,450812,1,1,0,0,0,0,0,12,0,0,0,0
2005,450813,1,1,0,0,0,0,0,0,0,0,50,18
2005,450813,2,1,0,0,0,0,0,0,0,0,0,0
2005,450814,1,1,0,0,0,0,0,0,0,0,0,0
2005,450814,2,1,0,0,0,0,0,0,0,0,0,0
2005,450815,1,1,0,0,0,0,0,0,0,0,0,0
2005,450816,1,1,20,0,0,11,11,27,13,26,36,0
2005,450817,1,1,21,21,21,21,21,21,21,21,21,21
2005,450818,0,1,0,0,0,0,0,0,0,0,0,0
2005,450818,1,1,0,0,0,7,0,0,0,0,0,0
2005,450819,1,1,0,0,0,0,0,0,0,0,0,0
2005,450819,2,1,0,0,0,0,0,0,0,0,0,0
2005,450820,1,1,0,0,0,0,0,0,0,0,0,12
2005,450821,1,1,17,12,0,0,10,6,0,0,20,0
2005,450822,1,1,0,0,0,0,0,0,0,0,0,0
2005,450822,2,1,0,0,0,0,0,0,0,0,0,0
2005,450823,1,1,0,0,0,0,0,0,0,0,0,0
2005,450823,2,1,0,0,0,0,19,0,0,0,0,0
2005,450824,1,1,0,0,0,0,0,0,0,0,0,0
2005,450825,1,1,17,0,42,25,0,0,31,17,11,12
2005,450825,2,1,22,10,12,9,42,0,12,20,36,30
2005,450826,1,1,27,0,0,0,19,0,0,0,0,22
2005,450827,1,1,0,0,0,0,0,0,0,0,0,0
2005,450827,2,1,0,0,0,0,0,0,0,1,0,0
2005,450828,1,1,29,29,29,29,29,29,29,29,29,29
2005,450829,1,1,0,0,9,0,0,0,0,0,0,0
2005,450829,2,1,0,0,0,0,19,6,0,0,0,0
2005,450830,0,1,12,15,19,28,11,18,20,35,0,0
2005,450830,1,1,0,0,15,19,0,0,0,0,0,15
2005,450831,1,1,0,0,0,0,0,0,0,0,0,0
2005,450831,2,1,0,0,0,0,0,0,0,0,0,0
2005,450832,1,1,0,0,0,0,0,0,0,0,0,0
2005,450832,2,1,0,0,0,0,0,0,0,0,0,0
2005,450833,1,1,0,0,0,0,0,0,0,0,0,0
2005,450834,1,1,0,0,0,0,0,0,0,0,0,0
2005,450834,2,1,0,0,0,12,0,0,0,18,0,0
2005,450835,1,1,16,0,3,13,0,0,0,0,23,0
2005,450835,2,1,0,28,0,0,0,0,0,0,12,0
2005,450836,0,1,0,0,0,0,0,0,0,0,0,0
2005,450836,1,1,0,21,0,0,11,14,13,0,0,0
2005,450837,0,1,0,11,0,27,0,11,19,0,0,0
2005,450837,1,1,0,0,18,0,0,0,0,0,0,0
2005,450839,1,1,0,0,0,0,0,0,0,0,0,0
2005,450839,2,1,19,0,23,16,0,13,0,0,0,0
2005,450840,1,1,22,22,22,22,22,22,22,22,22,22
2005,450841,1,1,0,0,0,0,0,0,0,0,16,0
2005,450841,2,1,0,0,0,11,14,0,0,0,0,0
2005,450842,0,1,25,28,19,17,21,22,18,26,28,15
2005,450842,1,1,0,0,0,0,0,0,0,0,0,0
2005,450843,1,1,0,0,16,0,0,0,0,22,9,0
2005,450844,1,1,13,13,13,13,13,13,13,13,13,13
2005,450845,1,1,17,17,17,17,17,17,17,17,17,17
2005,450846,0,1,23,23,23,23,23,23,23,23,23,23
2005,450846,1,1,16,10,0,6,0,10,4,0,0,0
2005,450847,0,1,0,0,0,0,0,0,0,0,0,0
2005,450847,1,1,0,0,0,0,0,0,0,0,0,0
2005,450848,1,1,12,12,12,12,12,12,12,12,12,12
2005,450849,1,1,0,11,0,0,0,0,21,15,0,21
2005,450850,1,1,0,22,12,17,0,28,20,36,17,10
2005,450851,1,1,0,45,0,35,26,31,15,0,9,0
2005,450852,1,1,0,0,0,0,0,0,0,0,0,0
2005,450852,2,1,11,21,17,20,6,8,0,2,15,0
2005,450853,1,1,0,0,0,0,0,0,0,0,0,0
2005,450853,2,1,0,0,10,0,0,0,0,10,0,0
2005,450854,1,1,0,0,0,0,0,0,0,0,0,0
2005,450855,1,1,23,23,23,23,23,23,23,23,23,23
2005,450855,2,1,0,0,0,0,0,0,0,0,0,0
2005,450856,0,1,0,0,0,0,0,0,0,0,0,0
2005,450856,1,1,0,0,0,0,0,0,0,0,0,0
2005,450856,2,1,0,0,10,0,0,23,0,8,0,0
2005,450856,3,1,0,0,0,0,0,0,0,0,0,0
2005,450857,1,1,0,0,6,0,0,18,0,0,5,0
2005,450857,2,1,0,0,0,0,0,0,0,0,0,0
2005,450857,3,2,0,0,0,0,0,0,0,0,0,0
2005,450858,1,1,0,0,0,0,0,0,0,0,0,0
2005,450858,2,1,0,0,0,0,0,0,0,15,0,0
2005,450859,0,1,0,23,28,0,0,0,0,0,0,0
2005,450859,1,1,0,0,0,0,0,0,0,0,0,0
2005,450860,1,1,0,0,0,0,0,0,0,0,0,0
2005,450861,1,1,0,0,0,0,0,0,0,0,0,0
2005,450862,0,1,5,9,24,0,0,13,0,14,0,0
2005,450862,1,1,0,0,0,0,0,0,0,0,0,0
2005,450863,1,1,6,0,25,13,19,0,19,0,0,24
2005,450863,2,1,7,0,0,0,0,0,0,10,0,0
2005,450864,1,1,0,0,0,0,12,0,16,0,0,0
2005,450864,2,1,0,0,0,0,0,0,0,0,0,0
2005,450865,1,1,0,0,0,0,0,0,0,0,0,0
2005,450865,2,1,28,0,0,0,5,0,0,0,0,0
2005,450866,1,1,0,0,0,0,0,0,7,0,0,0
2005,450867,1,1,0,0,0,0,0,0,0,0,0,0
2005,450867,2,1,18,22,19,22,0,0,15,12,0,0
2005,450868,1,1,0,0,0,0,0,0,0,0,0,0
2005,450868,2,1,0,0,0,0,0,0,0,0,0,0
2005,450869,1,1,0,0,0,0,0,19,0,0,0,0
2005,450869,2,1,7,0,0,0,13,0,0,0,0,0
2005,450870,1,1,0,0,0,19,0,0,0,0,0,0
2005,450870,2,1,0,0,0,0,0,0,0,0,0,0
2005,450870,3,1,0,0,0,0,0,0,0,0,0,0
2005,450871,1,1,0,0,0,0,0,0,0,0,0,0
2005,450872,1,1,22,22,22,22,22,22,22,22,22,22
2005,450873,1,1,0,0,0,0,0,0,0,0,0,0
2005,450873,2,1,13,0,0,0,0,18,0,0,0,0
2005,450874,1,1,0,0,0,0,0,0,0,0,0,0
2005,450875,1,1,0,8,0,15,0,16,0,0,22,0
2005,450875,2,1,0,0,0,0,0,0,21,0,0,9
2005,450876,1,1,26,26,26,26,26,26,26,26,26,26
2005,450877,1,1,15,0,0,0,10,0,12,0,0,0
2005,450877,2,1,0,0,0,0,0,0,0,0,0,0
2005,450878,1,1,0,0,12,0,0,10,21,17,16,13
2005,450879,1,1,0,0,0,0,0,0,0,0,0,6
2005,450879,2,1,0,0,0,0,0,0,0,0,0,0
2005,450879,3,1,0,6,2,0,0,15,26,0,0,0
2005,450879,4,1,0,0,0,8,0,12,0,0,0,0
2005,450880,0,1,0,0,7,0,21,0,23,0,0,24
2005,450880,0,2,36,36,36,36,36,36,36,36,36,36
2005,450880,1,1,0,0,0,0,0,0,0,0,0,0
2005,450881,1,1,27,22,19,20,14,26,24,19,8,22
2005,450882,1,1,0,0,0,0,0,0,0,0,0,0
2005,450883,1,1,13,21,3,18,13,19,6,13,17,16
2005,450884,1,1,12,12,12,12,12,12,12,12,12,12
2005,450885,0,1,0,0,0,25,0,22,0,0,0,0
2005,450885,1,1,0,0,0,0,0,0,0,0,0,0
2005,450886,1,1,0,6,0,0,0,0,0,0,0,0
2005,450886,2,1,0,0,0,0,0,0,0,0,0,0
2005,450887,1,1,0,0,0,0,0,0,0,0,12,6
2005,450887,2,1,0,0,0,13,0,0,0,0,0,0
2005,450888,1,1,19,19,19,19,19,19,19,19,19,19
2005,450889,1,1,0,0,0,0,0,0,11,0,0,0
2005,450889,2,1,0,23,0,0,0,0,0,0,0,0
2005,450890,1,1,0,0,0,0,0,0,0,0,0,0
2005,450890,2,1,0,0,0,0,0,0,0,0,0,0
2005,450891,1,1,0,0,0,0,0,0,0,0,0,0
2005,450891,2,1,0,0,0,0,0,0,0,0,0,0
2005,450892,1,1,0,0,0,0,0,0,0,0,0,0
2005,450893,1,1,0,13,26,5,35,0,0,17,19,36
2005,450894,1,1,0,0,0,0,0,0,0,0,0,0
2005,450895,1,1,0,0,0,0,18,0,0,0,0,0
2005,450896,1,1,0,0,0,0,0,0,0,0,0,0
2005,450896,2,1,0,0,0,0,0,0,0,0,0,0
2005,450897,1,1,0,0,0,0,0,0,0,0,0,0
2005,450897,2,1,0,0,0,0,0,0,0,0,0,0
2005,450898,1,1,27,27,27,27,27,27,27,27,27,27
2005,450899,1,1,0,0,0,0,0,0,0,0,0,0
2005,450899,2,1,0,0,0,0,0,0,0,0,0,0
2005,450900,1,1,39,0,45,15,10,20,26,5,0,20
2005,450901,1,1,23,23,23,23,23,23,23,23,23,23
2005,450901,2,1,0,0,0,0,0,0,0,0,0,0
2005,450902,1,1,0,0,0,0,0,0,0,0,0,24
2005,450902,2,1,0,0,0,0,0,0,0,0,0,0
2005,450903,1,1,0,0,0,0,0,0,0,0,0,0
2005,450903,2,1,0,0,0,0,0,0,0,0,0,0
2005,450904,1,1,0,19,0,0,32,0,4,0,0,0
2005,450904,2,1,0,0,0,0,0,0,0,0,0,0
2005,450905,1,1,0,0,0,0,0,0,0,0,0,0
2005,450906,1,1,0,0,9,0,0,0,0,0,0,0
2005,450906,2,1,27,0,0,0,0,0,0,0,0,0
2005,450907,1,1,0,0,0,0,0,9,0,0,0,0
2005,450907,2,1,0,0,0,0,0,0,16,0,0,0
2005,450908,1,1,25,25,25,25,25,25,25,25,25,25
2005,450909,1,1,6,0,22,34,0,0,7,5,0,0
2005,450910,1,1,0,0,0,0,0,0,0,0,0,0
2005,450910,2,1,0,0,0,0,0,0,0,0,11,0
2005,450911,0,1,25,25,25,25,25,25,25,25,25,25
2005,450911,1,1,0,0,0,0,0,0,0,0,0,0
2005,450911,2,1,0,21,0,20,0,0,16,0,0,0
2005,450912,1,1,0,0,0,0,0,0,0,0,0,0
2005,450912,2,1,0,0,0,0,0,0,0,0,0,0
2005,450913,1,1,0,0,4,0,0,0,0,0,0,0
2005,450913,2,1,0,0,3,0,0,0,0,0,0,0
2005,450913,3,1,0,0,19,0,0,0,0,0,0,0
2005,450913,4,1,0,0,0,0,0,0,0,0,0,0
2005,450914,1,1,22,22,22,22,22,22,22,22,22,22
2005,450915,1,1,0,0,17,0,0,0,0,0,0,0
2005,450915,2,1,0,0,0,0,0,0,0,0,0,0
2005,450916,0,1,0,0,0,0,0,0,0,0,0,0
2005,450916,2,1,0,0,0,0,0,0,0,0,0,0
2005,450917,1,1,0,0,0,0,0,0,0,0,0,0
2005,450917,2,1,0,0,9,0,0,0,0,0,0,0
2005,450918,0,1,0,0,0,0,0,0,0,0,0,0
2005,450918,1,1,0,0,0,0,0,0,0,0,0,12
2005,450919,1,1,17,0,0,0,0,3,0,19,0,0
2005,450919,2,1,17,22,19,17,35,5,21,22,14,18
2005,450920,1,1,0,0,0,0,0,0,0,0,0,0
2005,450921,1,1,17,17,17,17,17,17,17,17,17,17
2005,450922,1,1,12,12,12,12,12,12,12,12,12,12
2005,450923,1,1,0,0,0,0,0,0,0,0,0,0
2005,450923,2,1,0,0,0,0,0,0,0,0,0,0
2005,450924,1,1,0,0,0,0,0,0,0,0,0,0
2005,450924,2,1,0,0,0,0,10,0,0,0,0,0
2005,450925,1,1,29,29,29,29,29,29,29,29,29,29
2005,450926,1,1,0,0,5,20,0,0,22,0,0,0
2005,450926,2,1,0,0,0,0,0,0,0,0,0,0
2005,450926,3,1,0,0,0,0,0,0,0,0,0,0
2005,450927,1,1,0,0,0,0,0,0,0,0,0,0
2005,450928,0,1,0,0,0,0,0,0,0,42,14,0
2005,450928,1,1,0,0,0,0,17,24,6,0,0,0
2005,450929,1,1,0,0,17,0,0,0,0,0,0,0
2005,450930,1,1,26,0,0,0,0,0,0,0,0,0
2005,450930,2,1,0,0,0,0,0,0,0,0,0,0
2005,450931,1,1,21,21,21,21,21,21,21,21,21,21
2005,450932,1,1,32,0,11,20,28,0,16,15,15,0
2005,450933,1,1,0,0,0,0,0,0,0,0,0,0
2005,450934,1,1,0,3,7,20,7,8,17,14,13,25
2005,450934,2,1,0,0,0,0,0,0,0,0,0,0
2005,450935,1,1,17,0,21,11,0,23,10,0,19,12
2005,450935,2,1,0,0,0,0,0,0,0,0,0,18
2005,450935,3,1,0,0,0,0,0,22,0,0,0,7
2005,450936,1,1,0,0,0,20,0,12,0,0,0,20
2005,450936,2,1,5,0,0,0,0,15,17,0,10,13
2005,450937,1,1,0,0,0,0,0,0,0,0,0,0
2005,450938,1,1,0,0,0,0,0,0,0,0,0,0
2005,450938,2,1,0,0,0,0,0,0,0,0,0,0
2005,450939,1,1,16,28,15,17,7,27,12,5,10,14
2005,450940,1,1,6,8,10,16,9,10,18,12,21,13
2005,450940,2,1,0,0,0,0,0,0,0,0,0,0
2005,450941,1,1,29,0,0,13,12,13,17,32,16,15
2005,450942,1,1,0,0,0,0,0,0,0,0,0,0
2005,450942,2,1,0,0,0,0,0,0,0,0,13,0
2005,450943,1,1,0,0,0,0,16,0,0,0,0,0
2005,450943,2,1,19,6,0,0,0,0,14,0,0,16
2005,450944,0,1,11,0,19,0,0,11,0,0,0,0
2005,450944,1,1,0,0,0,0,0,0,0,8,0,0
2005,450945,1,1,37,37,37,37,37,37,37,37,37,37
2005,450946,1,1,0,0,0,0,0,0,0,0,0,4
2005,450946,2,1,0,0,0,0,0,12,0,0,0,0
2005,450947,1,1,0,0,0,0,0,0,0,17,0,0
2005,450948,1,1,26,26,26,26,26,26,26,26,26,26
2005,450949,1,1,0,0,0,0,0,0,0,0,0,0
2005,450950,1,1,0,0,0,0,0,0,0,0,0,0
2005,450950,2,1,0,0,0,0,0,0,0,0,0,0
2005,450950,3,1,22,22,22,22,22,22,22,22,22,22
2005,450951,0,1,0,0,0,0,0,0,0,0,0,0
2005,450951,1,1,0,0,0,0,0,0,0,0,0,0
2005,450952,0,1,0,0,0,0,0,0,0,0,0,0
2005,450952,1,1,0,0,0,0,0,0,0,0,0,0
2005,450953,1,1,28,28,28,28,28,28,28,28,28,28
2005,450954,0,1,19,19,19,19,19,19,19,19,19,19
2005,450954,1,1,0,0,0,0,0,0,0,0,0,0
2005,450955,0,1,21,18,23,0,14,35,0,11,27,17
2005,450955,1,1,7,0,12,0,14,12,23,0,3,0
2005,450956,1,1,0,0,0,20,0,0,0,0,0,0
2005,450956,2,1,0,0,0,4,0,0,0,0,0,0
2005,450956,3,1,0,0,0,0,0,0,0,8,0,0
2005,450957,1,1,0,7,0,0,0,0,0,0,0,11
2005,450957,2,1,0,0,0,0,0,0,21,0,0,0
2005,450958,0,1,25,0,0,28,0,0,0,0,0,26
2005,450958,1,1,0,0,0,0,0,10,0,0,0,0
2005,450959,1,1,19,19,19,19,19,19,19,19,19,19
2005,450960,1,1,0,0,0,0,0,0,0,0,0,0
2005,450961,1,1,0,0,0,0,0,0,0,0,0,0
2005,450962,1,1,0,0,0,0,0,0,0,0,18,0
2005,450962,2,1,18,18,18,18,18,18,18,18,18,18
2005,450963,1,1,0,0,0,18,0,0,0,0,0,0
2005,450964,1,1,12,12,12,12,12,12,12,12,12,12
2005,450965,1,1,0,0,0,0,0,12,0,0,0,0
2005,450966,1,1,0,16,0,7,0,18,0,14,26,0
2005,450967,1,1,28,16,14,0,17,31,6,20,0,44
2005,450968,1,1,0,0,0,0,0,0,0,0,0,0
2005,450968,2,1,0,0,0,0,0,0,0,5,0,0
2005,450969,1,1,0,0,0,0,0,0,0,0,0,0
2005,450969,2,1,0,0,0,0,0,0,0,0,0,0
2005,450970,1,1,3,25,13,19,15,23,22,11,22,12
2005,450971,1,1,0,0,0,0,0,0,0,0,0,0
2005,450971,2,1,0,0,0,0,0,0,0,0,0,0
2005,450971,3,1,0,0,0,0,0,0,0,0,0,0
2005,450972,1,1,0,0,0,0,0,0,10,0,20,0
2005,450972,2,1,12,12,12,12,12,12,12,12,12,12
2005,450973,1,1,15,15,15,15,15,15,15,15,15,15
2005,450974,1,1,0,0,0,0,0,0,0,0,0,0
2005,450974,2,1,0,0,0,0,0,0,0,0,0,0
2005,450975,1,1,19,19,19,19,19,19,19,19,19,19
2005,450976,0,1,0,0,0,0,0,0,0,0,0,0
2005,450976,1,1,0,0,0,0,0,0,0,0,0,0
2005,450978,0,1,0,0,0,0,0,0,0,0,0,0
2005,450978,0,2,15,0,0,0,0,0,0,0,0,0
2005,450978,1,1,0,0,0,0,0,0,0,0,0,0
2005,450979,1,1,0,0,0,0,0,0,0,0,0,0
2005,450979,2,1,0,0,0,0,0,0,0,0,0,0
2005,450979,3,1,0,0,0,0,0,0,0,0,0,0
2005,450979,4,1,0,0,0,0,0,0,0,0,0,0
2005,450979,5,1,0,0,0,0,0,0,0,0,0,0
2005,450979,6,1,0,0,0,0,0,0,0,0,0,0
2005,450980,1,1,18,7,13,0,0,21,18,0,0,27
2005,450980,2,1,0,0,0,0,0,0,0,0,0,0
2005,450981,1,1,14,14,31,20,12,19,0,12,11,17
2005,450981,2,3,0,0,0,0,0,0,9,0,0,0
2005,450982,1,1,16,8,13,0,17,0,18,14,0,38
2005,450983,1,1,0,0,0,14,0,0,0,0,0,0
2005,450984,1,1,19,17,0,15,12,36,19,24,24,32
2005,450985,1,1,0,0,0,0,0,0,0,0,0,0
2005,450985,2,1,9,0,11,0,7,17,24,5,15,0
2005,450985,3,1,0,0,0,0,0,0,0,0,0,0
2005,460001,1,1,20,20,20,20,20,20,20,20,20,20
2005,460002,1,1,20,20,20,20,20,20,20,20,20,20
2005,460003,1,1,0,0,0,0,0,0,0,0,0,0
2005,460004,1,1,0,0,0,0,0,0,0,0,0,0
2005,460005,1,1,0,0,0,0,0,0,0,0,0,0
2005,460005,2,1,0,0,0,0,0,0,0,0,0,0
2005,460006,1,1,0,0,0,0,0,0,0,0,0,0
2005,460007,0,1,0,7,0,29,0,17,22,21,14,0
2005,460007,1,1,0,0,0,0,0,0,0,0,0,0
2005,460008,1,1,0,0,0,0,0,0,0,0,0,0
2005,460009,1,1,0,0,0,0,0,0,0,0,0,0
2005,460010,1,1,0,0,0,0,0,0,0,0,0,0
2005,460010,2,1,0,0,0,0,0,0,0,0,0,0
2005,460010,3,1,0,0,4,0,0,0,0,0,0,0
2005,460011,0,1,17,17,17,17,17,17,17,17,17,17
2005,460011,1,1,0,0,0,0,0,0,0,0,0,0
2005,460012,1,1,21,21,21,21,21,21,21,21,21,21
2005,460013,1,1,0,0,0,0,0,0,0,0,0,0
2005,460014,1,1,22,22,22,22,22,22,22,22,22,22
2005,460015,1,1,0,0,0,0,0,0,0,0,0,0
2005,460016,1,1,20,20,20,20,20,20,20,20,20,20
2005,460017,1,1,0,0,0,0,0,0,0,0,0,0
2005,460018,1,1,0,0,0,0,0,0,0,0,0,0
2005,460018,2,1,15,15,15,15,15,15,15,15,15,15
2005,460019,1,1,15,15,15,15,15,15,15,15,15,15
2005,460020,1,1,8,8,8,8,8,8,8,8,8,8
2005,460021,0,1,0,0,0,0,0,0,0,0,0,0
2005,460021,1,1,0,0,0,0,0,0,0,0,0,0
2005,460022,1,1,0,0,0,0,0,0,0,0,0,0
2005,460022,2,1,0,0,0,0,0,0,0,0,0,0
2005,460023,1,1,0,0,0,0,0,0,0,0,0,0
2005,460023,2,1,0,0,0,0,0,0,0,0,0,0
2005,460024,1,1,24,24,24,24,24,24,24,24,24,24
2005,460025,1,1,0,0,0,0,0,0,0,0,0,0
2005,460026,1,1,0,25,0,0,23,0,0,0,0,0
2005,460027,1,1,0,11,5,0,7,0,0,0,22,5
2005,460028,1,1,11,11,11,11,11,11,11,11,11,11
2005,460029,1,1,0,0,0,0,0,0,0,0,0,0
2005,460029,2,1,0,0,0,0,0,0,0,0,0,0
2005,460030,1,1,0,0,0,0,0,0,0,0,0,0
2005,460031,1,1,0,0,0,0,0,0,0,0,0,0
2005,460031,2,1,17,0,0,0,0,0,0,0,0,0
2005,460032,1,1,13,19,0,0,25,23,17,0,11,0
2005,460033,0,1,13,13,13,13,13,13,13,13,13,13
2005,460033,1,1,0,0,0,0,0,0,0,0,0,0
2005,460034,0,1,0,0,0,0,0,0,0,0,0,0
2005,460034,1,1,0,0,0,0,0,7,17,0,0,0
2005,460035,1,1,5,5,5,5,5,5,5,5,5,5
2005,460036,1,1,0,0,0,0,0,0,0,0,0,0
2005,460037,1,1,14,14,14,14,14,14,14,14,14,14
2005,460038,1,1,24,24,24,24,24,24,24,24,24,24
2005,460039,1,1,0,0,0,0,0,0,0,0,0,0
2005,460040,1,1,0,0,0,0,0,0,0,0,0,0
2005,460040,2,1,22,22,22,22,22,22,22,22,22,22
2005,460041,1,1,27,27,27,27,27,27,27,27,27,27
2005,460042,1,1,11,11,11,11,11,11,11,11,11,11
2005,460043,1,1,0,0,0,14,0,0,0,14,16,16
2005,460044,1,1,7,0,0,0,0,8,12,14,11,0
2005,460045,1,1,0,0,0,0,0,0,0,0,0,0
2005,460045,2,1,0,0,0,0,0,0,0,0,0,0
2005,460045,3,1,0,0,0,0,0,0,0,0,0,0
2005,460046,1,1,23,23,23,23,23,23,23,23,23,23
2005,460046,2,1,20,27,0,4,0,0,0,18,22,0
2005,460047,1,1,23,23,23,23,23,23,23,23,23,23
2005,460048,1,1,14,14,14,14,14,14,14,14,14,14
2005,460049,1,1,22,22,22,22,22,22,22,22,22,22
2005,460050,1,1,16,16,16,16,16,16,16,16,16,16
2005,460051,1,1,12,12,12,12,12,12,12,12,12,12
2005,460051,2,1,0,0,0,0,0,0,0,0,0,0
2005,460052,0,1,0,17,28,12,15,20,25,0,13,36
2005,460052,1,1,20,20,20,20,20,20,20,20,20,20
2005,460053,1,1,0,1,0,0,0,0,0,0,0,0
2005,460053,2,1,0,0,0,0,0,0,0,0,0,0
2005,460054,1,1,0,0,0,0,0,0,0,0,0,0
2005,460054,2,1,0,0,0,0,0,0,0,0,0,0
2005,460055,1,1,0,0,0,0,0,0,0,0,0,0
2005,460056,1,1,0,0,0,0,0,0,0,0,0,0
2005,460056,2,1,0,0,0,0,0,6,0,0,0,0
2005,460057,1,1,0,0,0,0,0,0,0,0,0,0
2005,460058,1,1,0,0,0,0,0,0,0,0,0,0
2005,460059,1,1,0,0,0,0,0,0,0,0,0,0
2005,460059,2,1,0,0,0,0,0,0,0,0,0,0
2005,460060,1,1,16,16,16,16,16,16,16,16,16,16
2005,460061,1,1,0,0,0,0,0,0,0,0,0,0
2005,460061,2,1,0,0,0,0,0,0,0,0,0,0
2005,460061,3,1,0,0,0,0,0,0,0,0,0,0
2005,460062,1,1,15,15,15,15,15,15,15,15,15,15
2005,460063,1,1,0,0,0,0,0,0,0,0,0,0
2005,460063,2,1,0,0,0,0,0,0,0,0,0,0
2005,460064,1,1,10,11,0,0,18,9,7,0,29,0
2005,460065,1,1,0,0,0,0,0,0,0,0,0,0
2005,460066,1,1,0,0,0,0,0,0,0,0,0,0
2005,460066,2,1,12,0,0,7,0,0,0,0,22,0
2005,460067,0,1,12,12,12,12,12,12,12,12,12,12
2005,460067,1,1,0,0,0,0,0,0,0,0,0,0
2005,460068,1,1,0,0,0,0,0,0,0,0,0,0