YEAR,ST_CASE,veh_no,per_no,P1,P2,P3,P4,P5,P6,P7,P8,P9,P10
2005,460068,2,1,0,0,0,0,0,0,0,0,0,0
2005,460069,1,1,0,0,0,0,0,0,0,0,0,0
2005,460070,0,1,0,0,0,0,5,0,0,0,0,0
2005,460070,1,1,0,0,0,0,0,0,0,0,0,0
2005,460071,1,1,0,0,0,0,0,0,0,0,0,0
2005,460071,2,1,0,0,0,0,0,0,0,0,0,0
2005,460072,1,1,0,0,0,0,0,0,0,0,0,0
2005,460072,2,1,0,0,0,0,0,0,0,0,0,0
2005,460073,1,1,28,28,28,28,28,28,28,28,28,28
2005,460073,2,1,0,0,0,0,9,0,0,0,0,0
2005,460074,1,1,0,0,0,0,0,0,0,0,0,0
2005,460075,1,1,0,0,0,0,12,0,0,0,20,0
2005,460076,1,1,5,5,5,5,5,5,5,5,5,5
2005,460076,2,1,0,0,0,0,0,0,0,0,0,0
2005,460077,1,1,0,0,0,26,13,0,0,0,0,0
2005,460078,1,1,0,0,0,0,0,0,0,0,0,0
2005,460078,2,1,0,0,0,0,0,0,0,0,0,0
2005,460078,3,1,0,0,17,9,0,0,0,0,0,0
2005,460078,4,1,0,0,22,0,0,0,0,0,0,0
2005,460078,5,1,0,0,0,0,0,0,0,0,0,0
2005,460079,1,1,0,0,0,0,0,0,0,0,0,0
2005,460079,2,1,0,0,0,0,0,0,0,0,0,0
2005,460080,1,1,22,22,22,22,22,22,22,22,22,22
2005,460081,1,1,0,0,0,0,12,0,0,0,0,0
2005,460081,2,1,0,0,0,0,0,0,0,0,0,0
2005,460082,1,1,0,0,0,0,0,0,0,0,0,0
2005,460082,2,1,0,0,0,0,0,0,0,0,0,0
2005,460083,0,1,19,19,19,19,19,19,19,19,19,19
2005,460083,1,1,0,0,0,0,0,0,0,0,0,0
2005,460084,1,1,0,0,0,0,0,0,0,0,0,0
2005,460085,1,1,9,9,9,9,9,9,9,9,9,9
2005,460086,1,1,3,13,0,0,7,9,12,15,7,0
2005,460087,1,1,12,12,12,12,12,12,12,12,12,12
2005,460088,1,1,9,9,9,9,9,9,9,9,9,9
2005,460088,2,1,0,0,0,0,0,0,0,0,0,0
2005,460089,1,1,0,0,0,0,0,0,0,0,0,0
2005,460089,2,1,0,0,0,0,0,0,0,0,0,0
2005,460089,3,1,0,0,0,0,0,0,0,0,0,0
2005,460090,1,1,0,0,0,0,0,0,0,0,0,0
2005,460091,1,1,0,0,0,0,0,12,0,0,0,0
2005,460091,2,1,0,0,0,0,0,0,0,0,0,0
2005,460091,3,1,0,0,0,13,10,0,0,0,0,0
2005,460092,1,1,0,0,0,0,0,0,0,0,0,0
2005,460092,2,1,0,0,0,0,0,0,0,0,0,0
2005,460093,1,1,0,0,0,0,0,0,0,0,0,0
2005,460093,2,1,0,0,0,0,0,0,0,0,0,0
2005,460094,1,1,0,0,0,0,0,0,0,0,0,0
2005,460094,2,1,0,0,0,0,0,0,0,0,0,0
2005,460095,1,1,0,0,0,0,0,0,0,0,0,0
2005,460096,1,1,0,0,0,0,0,0,0,0,0,0
2005,460096,2,1,0,0,0,0,23,0,0,0,0,0
2005,460097,1,1,0,0,0,0,0,0,0,0,0,0
2005,460098,0,1,17,0,0,0,0,0,0,0,0,0
2005,460098,1,1,24,24,24,24,24,24,24,24,24,24
2005,460099,1,1,0,17,0,0,3,0,0,0,8,0
2005,460100,1,1,26,26,26,26,26,26,26,26,26,26
2005,460101,1,1,11,11,11,11,11,11,11,11,11,11
2005,460101,2,1,9,10,26,22,25,18,17,18,14,9
2005,460102,1,1,0,0,0,0,0,0,0,0,0,0
2005,460103,1,1,13,13,13,13,13,13,13,13,13,13
2005,460104,1,1,0,0,0,0,0,0,0,0,0,0
2005,460105,1,1,28,28,28,28,28,28,28,28,28,28
2005,460106,1,1,0,0,0,0,0,0,0,0,0,0
2005,460106,2,1,0,0,0,0,0,0,0,0,0,0
2005,460107,1,1,0,0,0,0,0,0,0,0,0,0
2005,460108,1,1,0,0,0,0,0,0,0,0,0,0
2005,460108,2,1,0,0,0,0,0,0,0,0,0,0
2005,460108,3,1,0,0,0,0,0,0,0,0,0,0
2005,460108,4,1,0,0,0,0,0,0,0,0,0,0
2005,460108,5,1,0,0,0,0,0,0,0,0,0,0
2005,460109,1,1,42,42,42,42,42,42,42,42,42,42
2005,460110,1,1,31,27,15,35,23,19,37,22,26,46
2005,460111,1,1,15,15,15,15,15,15,15,15,15,15
2005,460112,1,1,0,0,0,0,0,0,0,0,0,0
2005,460112,2,1,0,0,0,0,0,0,0,0,0,0
2005,460113,1,1,0,0,0,0,0,0,0,0,0,0
2005,460113,2,1,0,0,0,0,0,0,0,0,0,0
2005,460114,1,1,0,0,0,0,0,0,0,0,0,0
2005,460115,1,1,0,0,0,0,0,0,0,0,0,0
2005,460116,1,1,0,0,0,0,0,0,0,0,0,0
2005,460116,2,1,0,0,0,0,0,0,0,0,0,0
2005,460117,1,1,0,0,0,0,0,0,0,0,0,0
2005,460118,1,1,14,14,14,14,14,14,14,14,14,14
2005,460119,1,1,0,0,0,0,0,0,0,0,0,0
2005,460119,2,1,0,0,0,0,0,0,0,0,0,0
2005,460120,1,1,0,0,0,0,0,0,0,0,0,0
2005,460121,0,1,0,0,0,0,0,0,0,0,0,0
2005,460121,1,1,13,22,23,7,15,29,9,15,6,0
2005,460122,1,1,25,25,25,25,25,25,25,25,25,25
2005,460122,2,1,0,0,0,0,0,0,0,0,0,0
2005,460123,1,1,0,0,0,0,0,0,0,0,0,0
2005,460123,2,1,0,0,0,0,0,0,0,0,0,0
2005,460124,1,1,0,0,0,0,0,0,0,0,0,0
2005,460124,2,1,0,0,0,0,0,0,0,0,0,0
2005,460125,1,1,0,0,7,0,0,0,0,0,0,0
2005,460126,1,1,19,19,19,19,19,19,19,19,19,19
2005,460126,2,1,0,0,0,0,0,0,0,0,0,0
2005,460126,3,1,0,0,0,0,0,0,0,0,0,0
2005,460127,0,1,18,18,18,18,18,18,18,18,18,18
2005,460127,1,1,0,0,0,0,0,0,0,0,0,0
2005,460128,1,1,0,0,0,0,0,0,0,0,0,0
2005,460128,2,1,0,0,0,0,0,0,0,0,0,0
2005,460129,1,1,14,14,14,14,14,14,14,14,14,14
2005,460130,1,1,0,14,28,0,15,14,0,0,14,0
2005,460130,2,1,0,0,0,0,0,0,0,0,0,0
2005,460131,1,1,0,0,0,0,0,0,0,0,0,0
2005,460132,1,1,0,0,0,0,0,0,0,0,0,0
2005,460133,0,1,31,31,31,31,31,31,31,31,31,31
2005,460133,1,1,0,18,11,7,0,0,0,0,0,0
2005,460133,2,1,0,0,0,0,0,0,0,0,0,0
2005,460134,1,1,0,0,0,0,0,0,0,0,0,0
2005,460135,1,1,23,23,23,23,23,23,23,23,23,23
2005,460136,1,1,0,0,0,0,0,0,0,0,0,0
2005,460136,2,1,0,0,0,0,0,0,0,0,0,0
2005,460137,1,1,0,0,0,0,0,0,0,0,0,0
2005,460137,2,1,0,0,0,0,0,0,0,0,0,0
2005,460138,2,1,0,0,0,0,0,0,0,0,0,0
2005,460139,1,1,0,0,0,0,0,0,0,0,0,0
2005,460140,1,1,24,24,24,24,24,24,24,24,24,24
2005,460141,1,1,0,0,0,0,0,0,0,0,0,0
2005,460142,1,1,27,16,19,21,8,15,30,15,23,8
2005,460143,1,1,19,19,19,19,19,19,19,19,19,19
2005,460144,1,1,0,0,0,0,0,0,0,0,0,0
2005,460144,2,1,0,0,0,0,0,0,0,0,0,0
2005,460145,1,1,0,0,0,0,0,0,0,0,0,0
2005,460149,1,1,0,0,0,0,0,0,0,0,0,0
2005,460149,2,1,0,0,0,0,0,0,0,0,0,0
2005,460150,1,1,18,18,18,18,18,18,18,18,18,18
2005,460150,2,1,0,0,0,0,0,0,0,0,0,0
2005,460151,1,1,0,0,0,0,0,0,0,0,0,0
2005,460152,1,1,19,0,13,30,4,15,0,21,0,14
2005,460152,2,1,13,13,13,13,13,13,13,13,13,13
2005,460153,1,1,22,26,23,0,11,17,17,0,20,21
2005,460154,1,1,0,0,14,7,8,25,15,0,0,24
2005,460155,1,1,0,20,0,21,9,0,0,0,0,0
2005,460156,0,1,20,20,20,20,20,20,20,20,20,20
2005,460156,1,1,0,0,0,0,0,0,0,0,0,0
2005,460157,1,1,0,0,0,24,0,0,0,0,0,0
2005,460157,2,1,0,0,0,0,0,0,0,0,0,0
2005,460158,1,1,24,24,24,24,24,24,24,24,24,24
2005,460159,1,1,11,11,11,11,11,11,11,11,11,11
2005,460160,0,1,38,0,22,18,5,0,28,4,2,6
2005,460160,1,1,11,11,11,11,11,11,11,11,11,11
2005,460161,1,1,28,13,11,17,12,0,12,16,28,0
2005,470001,1,1,21,21,21,21,21,21,21,21,21,21
2005,470002,1,1,0,7,0,0,0,0,0,0,0,0
2005,470002,2,1,0,0,0,0,0,0,0,0,0,0
2005,470003,1,1,15,0,36,13,13,18,20,28,29,18
2005,470004,1,1,13,0,0,23,0,30,21,0,9,25
2005,470004,2,1,0,0,0,0,0,0,0,0,0,0
2005,470005,1,1,0,0,0,0,0,0,0,0,0,0
2005,470005,2,1,0,0,0,0,0,0,0,0,0,0
2005,470005,3,1,0,0,0,0,0,0,0,0,0,0
2005,470005,4,1,0,0,0,10,0,0,0,0,0,0
2005,470006,1,1,0,0,0,0,0,11,0,0,0,0
2005,470006,2,1,0,10,0,0,0,0,0,0,0,0
2005,470007,1,1,0,0,0,0,0,0,0,0,0,0
2005,470007,2,1,0,0,0,0,0,0,0,0,0,0
2005,470008,1,1,0,0,0,0,0,0,0,0,0,0
2005,470008,2,1,0,0,0,0,0,0,0,0,0,0
2005,470009,1,1,17,0,0,0,0,0,0,0,0,0
2005,470010,1,1,0,0,0,0,0,0,0,0,0,0
2005,470010,2,1,0,0,0,0,0,0,0,0,0,0
2005,470011,1,1,0,0,0,0,0,0,0,0,5,0
2005,470011,2,1,0,0,0,0,0,0,0,0,0,0
2005,470012,1,1,0,21,0,17,17,10,18,0,0,15
2005,470013,1,1,0,0,0,0,0,0,0,0,0,0
2005,470014,1,1,20,27,12,27,0,8,18,0,16,0
2005,470014,2,1,0,0,0,0,0,0,0,0,0,0
2005,470014,3,1,0,0,0,0,0,0,0,0,0,0
2005,470015,1,1,0,0,0,0,0,0,0,0,0,0
2005,470016,1,1,21,10,13,15,43,15,14,20,32,18
2005,470017,1,1,17,17,17,17,17,17,17,17,17,17
2005,470018,1,1,0,0,0,0,0,0,0,0,0,0
2005,470018,2,1,0,0,0,0,0,0,0,0,0,0
2005,470019,1,1,0,0,0,0,0,0,0,0,0,0
2005,470020,1,1,7,7,9,5,10,5,23,8,9,20
2005,470020,2,1,0,0,0,0,0,0,0,0,0,0
2005,470021,1,1,0,0,0,0,0,0,0,0,0,0
2005,470022,1,1,0,0,0,0,0,0,0,0,0,0
2005,470023,1,1,12,12,12,12,12,12,12,12,12,12
2005,470024,0,1,18,11,0,0,22,0,0,22,31,14
2005,470024,1,1,0,0,0,0,0,0,0,0,0,0
2005,470025,1,1,0,0,0,0,0,0,0,0,0,0
2005,470025,2,1,27,27,27,27,27,27,27,27,27,27
2005,470026,1,1,31,18,15,22,22,0,14,7,22,0
2005,470027,1,1,11,0,0,0,0,0,11,0,12,0
2005,470027,2,1,0,0,0,0,0,0,0,0,0,0
2005,470028,1,1,0,0,0,0,0,0,0,0,0,0
2005,470028,2,1,0,0,0,0,0,0,0,0,0,0
2005,470029,1,1,0,0,0,0,0,0,0,0,12,0
2005,470030,1,1,0,0,0,0,0,0,0,0,0,0
2005,470030,2,1,0,0,0,0,0,0,0,0,0,0
2005,470031,1,1,0,0,0,0,0,0,0,0,0,15
2005,470032,0,1,0,14,0,21,0,27,33,0,0,20
2005,470032,1,1,0,0,0,0,0,0,0,0,0,0
2005,470033,1,1,18,16,0,20,20,20,22,22,18,0
2005,470033,2,1,0,0,6,0,0,0,0,0,0,0
2005,470033,3,1,15,18,16,9,25,21,23,14,5,25
2005,470034,1,1,0,0,0,0,0,0,0,0,0,0
2005,470034,2,1,0,0,0,7,0,0,0,0,0,0
2005,470035,1,1,26,0,6,0,42,0,20,5,0,0
2005,470036,1,1,7,7,7,7,7,7,7,7,7,7
2005,470037,1,1,17,17,17,17,17,17,17,17,17,17
2005,470038,1,1,0,0,0,0,0,0,0,0,0,0
2005,470039,1,1,0,0,0,0,0,0,0,0,0,0
2005,470039,2,1,0,0,0,0,0,0,0,0,13,0
2005,470040,1,1,21,22,16,18,0,32,17,5,19,31
2005,470041,1,1,0,0,0,0,0,0,0,0,0,0
2005,470041,2,1,0,0,0,0,0,0,0,0,0,0
2005,470041,3,1,0,0,0,0,0,0,0,0,0,0
2005,470042,1,1,0,0,0,0,0,0,0,0,0,0
2005,470043,1,1,0,0,0,0,0,0,0,0,0,16
2005,470043,2,1,9,0,0,0,0,0,0,0,0,0
2005,470044,1,1,0,0,0,0,0,0,0,0,0,0
2005,470044,2,1,0,0,0,0,0,0,0,0,0,0
2005,470045,1,1,0,0,0,0,0,0,0,0,0,0
2005,470045,2,1,0,0,0,0,0,0,0,0,0,0
2005,470046,1,1,0,23,0,0,0,0,0,0,13,16
2005,470047,1,1,0,0,0,0,0,0,0,0,0,0
2005,470047,2,1,0,0,0,0,0,0,0,0,0,0
2005,470048,1,1,14,14,14,14,14,14,14,14,14,14
2005,470049,1,1,0,0,0,0,0,0,0,0,0,0
2005,470050,1,1,12,0,0,0,0,11,7,12,0,0
2005,470051,1,1,0,0,8,0,0,0,0,0,0,0
2005,470051,2,1,0,13,0,0,0,0,0,10,0,0
2005,470052,1,1,11,11,11,11,11,11,11,11,11,11
2005,470052,2,1,0,0,0,0,0,0,0,0,0,0
2005,470053,1,1,23,14,29,30,33,17,19,30,11,17
2005,470054,1,1,0,9,13,0,0,0,0,10,0,0
2005,470055,1,1,7,7,7,7,7,7,7,7,7,7
2005,470056,0,1,11,32,16,23,18,25,9,24,19,0
2005,470056,1,1,21,0,0,0,19,0,0,8,0,0
2005,470057,1,1,3,3,3,3,3,3,3,3,3,3
2005,470058,1,1,0,11,0,0,0,0,0,0,0,20
2005,470059,1,1,0,0,0,0,0,0,28,0,0,0
2005,470059,2,1,0,0,0,0,0,0,0,0,0,0
2005,470060,1,1,0,0,0,0,0,0,0,0,0,0
2005,470060,2,1,0,0,0,0,0,0,0,0,0,0
2005,470061,1,1,25,25,25,25,25,25,25,25,25,25
2005,470062,1,1,0,0,0,0,0,0,0,0,0,0
2005,470062,2,1,19,19,19,19,19,19,19,19,19,19
2005,470063,1,1,0,0,0,0,0,0,0,0,0,0
2005,470063,2,1,0,0,0,0,0,0,0,0,0,0
2005,470064,1,1,23,21,19,23,20,39,21,25,26,28
2005,470065,0,1,0,0,0,0,0,11,23,0,0,0
2005,470065,1,1,0,0,0,15,0,0,0,0,0,0
2005,470066,0,1,4,4,4,4,4,4,4,4,4,4
2005,470066,1,1,0,0,0,0,0,0,0,0,0,0
2005,470067,1,1,23,18,0,0,28,16,13,0,0,27
2005,470068,1,1,0,0,0,0,0,0,0,0,0,0
2005,470069,1,1,0,0,0,0,0,0,0,0,0,0
2005,470070,1,1,0,0,0,0,0,0,5,0,0,0
2005,470070,2,1,0,0,0,0,0,0,0,0,0,0
2005,470071,1,1,0,8,14,14,0,6,2,0,0,13
2005,470071,2,1,0,0,0,0,0,0,0,0,0,0
2005,470072,0,1,0,0,0,0,0,0,0,0,0,0
2005,470072,1,1,0,0,0,0,0,0,0,0,0,0
2005,470073,1,1,0,0,0,0,0,0,0,0,0,0
2005,470073,2,1,0,0,0,0,0,0,0,0,0,0
2005,470074,1,1,0,0,0,0,0,10,25,0,20,0
2005,470074,2,1,0,0,0,15,0,0,0,0,0,0
2005,470075,0,1,0,0,15,0,0,0,0,0,0,0
2005,470075,1,1,16,0,31,7,16,0,27,0,15,7
2005,470076,1,1,0,0,0,0,0,0,0,0,0,0
2005,470077,1,1,22,12,35,11,0,23,13,12,6,0
2005,470078,1,1,0,0,0,0,0,0,0,0,0,0
2005,470078,2,1,0,0,0,0,0,0,0,0,0,14
2005,470078,3,1,0,0,4,0,0,0,0,0,0,0
2005,470079,1,1,0,0,0,0,0,0,0,0,0,0
2005,470079,2,1,0,0,0,0,0,0,0,0,0,0
2005,470080,1,1,0,0,0,0,0,0,0,0,0,0
2005,470080,2,1,0,0,0,0,0,0,0,0,0,0
2005,470081,1,1,0,0,0,0,0,0,0,0,0,0
2005,470081,2,1,0,0,0,0,0,0,0,0,0,0
2005,470082,1,1,0,0,0,0,0,0,0,0,10,0
2005,470082,2,1,0,0,0,0,0,0,0,0,0,0
2005,470082,3,1,0,0,0,0,0,0,0,0,0,0
2005,470083,1,1,14,15,21,16,10,31,13,1,10,11
2005,470084,1,1,24,24,24,24,24,24,24,24,24,24
2005,470085,1,1,0,0,0,0,14,0,0,0,0,0
2005,470086,1,1,23,27,0,35,16,26,11,16,34,24
2005,470087,1,1,10,20,0,0,0,0,14,0,4,0
2005,470088,1,1,17,17,17,17,17,17,17,17,17,17
2005,470088,2,1,0,0,0,0,0,0,0,0,0,0
2005,470089,1,1,0,0,0,0,0,0,0,0,0,0
2005,470089,2,1,0,0,0,8,0,18,0,15,0,0
2005,470090,1,1,0,0,22,7,0,15,16,0,5,0
2005,470091,1,1,0,0,0,0,0,0,0,0,0,0
2005,470091,2,1,0,0,0,0,0,0,0,0,0,0
2005,470092,1,1,27,7,14,15,29,13,33,8,14,13
2005,470092,2,1,0,0,0,0,0,16,0,0,0,0
2005,470093,1,1,0,14,0,0,0,0,0,0,0,0
2005,470094,1,1,26,26,26,26,26,26,26,26,26,26
2005,470094,2,1,0,0,0,0,0,0,0,0,0,0
2005,470094,3,1,0,0,0,0,0,0,0,0,0,0
2005,470095,1,1,11,11,11,11,11,11,11,11,11,11
2005,470096,1,1,16,16,16,16,16,16,16,16,16,16
2005,470096,2,1,10,0,2,19,12,0,13,4,13,15
2005,470097,1,1,0,0,0,0,0,11,20,0,0,0
2005,470098,1,1,6,0,13,0,13,0,0,0,22,0
2005,470098,2,1,0,0,0,0,0,0,0,0,0,0
2005,470099,1,1,0,0,0,0,0,0,0,0,0,0
2005,470099,2,1,0,0,0,0,0,0,0,0,0,0
2005,470100,1,1,31,19,21,35,29,24,17,28,25,17
2005,470101,1,1,0,7,0,0,0,0,12,0,0,0
2005,470101,2,1,0,29,0,12,0,6,0,16,13,0
2005,470102,1,1,0,0,0,0,0,0,0,0,0,0
2005,470102,2,1,0,0,0,0,0,0,0,0,0,0
2005,470103,1,1,0,0,0,0,0,0,0,0,0,0
2005,470103,2,1,0,0,0,0,0,0,0,0,0,0
2005,470104,1,1,0,0,0,0,0,0,0,0,0,0
2005,470105,1,1,0,0,0,0,0,0,0,0,0,0
2005,470106,1,1,0,0,0,0,0,0,0,20,0,0
2005,470107,1,1,0,0,0,0,6,0,0,24,0,0
2005,470108,1,1,0,0,0,0,0,0,0,0,9,0
2005,470109,1,1,0,0,0,0,0,0,0,0,0,0
2005,470109,2,1,0,0,0,0,0,0,0,0,0,0
2005,470110,1,1,0,14,0,0,0,0,0,0,0,0
2005,470111,1,1,0,0,0,0,0,5,0,0,0,0
2005,470112,1,1,0,0,0,0,0,0,0,0,0,0
2005,470112,2,1,0,0,0,0,0,0,0,0,0,0
2005,470113,1,1,26,26,26,26,26,26,26,26,26,26
2005,470114,1,1,0,0,0,0,0,0,0,0,0,0
2005,470114,2,1,0,0,0,7,0,0,0,0,0,0
2005,470115,1,1,0,0,0,0,0,6,6,0,0,0
2005,470116,1,1,0,0,0,0,0,0,0,0,0,0
2005,470117,1,1,0,0,0,0,0,0,0,0,0,0
2005,470118,1,1,0,0,0,0,0,0,0,0,0,0
2005,470118,2,1,0,0,0,0,0,0,0,0,0,0
2005,470119,1,1,0,0,0,0,0,0,0,0,0,0
2005,470120,1,1,0,0,0,0,0,0,0,0,0,0
2005,470121,0,1,5,5,5,5,5,5,5,5,5,5
2005,470121,1,1,0,0,0,0,0,0,0,0,0,0
2005,470121,2,1,0,0,0,0,0,0,0,0,0,0
2005,470122,1,1,0,0,0,0,0,0,0,0,0,0
2005,470122,2,1,0,0,0,0,0,0,0,0,0,0
2005,470123,1,1,0,0,0,0,0,0,0,0,0,0
2005,470123,2,1,0,0,0,0,0,0,0,0,0,0
2005,470123,3,1,0,0,0,0,0,0,0,0,0,0
2005,470124,1,1,0,0,0,0,0,0,0,0,0,0
2005,470124,2,1,0,0,0,0,0,0,0,0,0,0
2005,470125,1,1,0,0,0,0,0,0,0,0,0,0
2005,470126,1,1,0,0,0,0,0,0,0,0,0,0
2005,470127,1,1,0,0,0,0,12,0,0,0,0,8
2005,470128,0,1,19,11,0,0,0,24,16,31,0,0
2005,470128,2,1,0,0,0,0,0,0,0,13,0,0
2005,470129,1,1,0,0,0,0,0,0,0,0,0,0
2005,470129,2,1,0,0,0,0,0,0,0,0,0,0
2005,470129,3,1,0,0,0,0,0,0,0,0,0,0
2005,470130,1,1,7,0,0,0,0,0,0,13,0,0
2005,470130,2,1,0,0,0,0,0,0,0,0,0,0
2005,470131,1,1,0,8,0,3,0,0,0,0,0,0
2005,470131,2,1,0,0,0,0,0,0,0,0,0,0
2005,470131,3,1,0,9,0,13,0,0,0,0,24,0
2005,470132,1,1,23,23,23,23,23,23,23,23,23,23
2005,470133,1,1,1,1,1,1,1,1,1,1,1,1
2005,470134,1,1,0,0,0,0,0,0,0,0,0,0
2005,470135,0,1,0,0,0,0,22,0,0,0,0,0
2005,470135,1,1,0,0,0,0,0,0,0,0,0,0
2005,470136,1,1,0,0,0,0,0,0,0,0,0,0
2005,470137,1,1,0,0,0,0,0,0,0,0,0,0
2005,470137,2,1,0,0,0,10,0,0,0,0,0,0
2005,470137,3,1,0,0,16,0,16,0,0,0,0,5
2005,470138,1,1,0,0,0,0,0,0,0,0,0,0
2005,470139,1,1,0,0,0,0,0,0,0,0,0,0
2005,470139,2,1,0,0,0,0,0,0,0,0,0,0
2005,470140,1,1,0,0,0,0,0,0,0,0,0,0
2005,470140,2,1,0,0,0,0,0,0,0,0,0,0
2005,470141,1,1,0,0,0,0,0,0,0,0,0,0
2005,470141,2,1,0,0,0,0,0,0,0,0,0,0
2005,470142,1,1,0,0,0,0,0,0,0,0,0,0
2005,470142,2,1,0,0,0,0,0,0,0,0,0,0
2005,470143,1,1,0,0,0,0,0,0,14,0,8,0
2005,470143,2,1,0,0,0,0,0,0,0,0,0,0
2005,470144,1,1,0,0,0,0,3,0,0,12,0,0
2005,470145,1,1,0,12,0,0,23,0,0,0,0,0
2005,470145,2,1,0,0,0,0,0,0,2,0,0,0
2005,470146,1,1,0,0,0,0,0,0,0,0,0,0
2005,470146,2,1,0,0,0,0,0,0,0,0,0,0
2005,470147,1,1,0,0,0,0,0,0,0,0,0,0
2005,470147,2,1,0,0,0,0,0,0,0,0,0,0
2005,470148,1,1,1,1,1,1,1,1,1,1,1,1
2005,470148,2,1,0,0,0,0,0,0,0,0,0,0
2005,470149,1,1,25,0,28,26,34,0,16,21,15,0
2005,470150,1,1,11,0,0,0,11,13,0,0,0,0
2005,470150,2,1,0,0,10,0,0,0,0,0,0,0
2005,470151,0,1,0,31,21,27,14,7,0,15,29,31
2005,470151,1,1,0,0,22,0,0,0,0,25,16,38
2005,470152,0,1,0,23,8,17,0,0,5,24,13,0
2005,470152,1,1,0,0,0,0,8,0,0,15,18,0
2005,470153,1,1,30,9,4,17,31,17,11,16,12,30
2005,470154,1,1,10,0,15,0,0,11,0,8,0,0
2005,470155,1,1,15,11,0,0,0,0,0,0,14,0
2005,470156,1,1,0,0,0,0,0,0,0,0,0,0
2005,470156,2,1,0,0,0,0,0,0,0,0,0,0
2005,470157,1,1,0,0,0,0,0,0,0,0,0,0
2005,470157,2,1,0,24,0,0,0,0,0,0,0,0
2005,470158,1,1,17,0,10,0,16,0,0,21,37,21
2005,470159,1,1,0,0,0,0,0,0,0,0,0,0
2005,470159,2,1,0,0,0,0,18,0,0,0,0,0
2005,470159,3,1,0,0,0,0,0,0,0,0,0,0
2005,470159,4,1,0,0,0,0,0,0,0,0,0,0
2005,470159,5,1,6,6,6,6,6,6,6,6,6,6
2005,470159,6,1,0,0,0,0,0,0,0,17,0,0
2005,470160,1,1,0,0,0,0,0,0,0,0,15,0
2005,470161,1,1,0,0,0,0,0,0,6,0,0,0
2005,470162,1,1,12,4,16,15,19,10,10,7,29,13
2005,470163,1,1,25,4,0,0,0,21,0,0,0,0
2005,470164,1,1,0,0,0,0,0,0,0,0,0,0
2005,470165,1,1,0,0,0,0,0,0,0,0,0,0
2005,470165,2,1,0,0,0,0,0,0,0,0,0,0
2005,470165,3,1,0,0,0,0,0,0,0,0,0,0
2005,470166,0,1,20,0,0,0,0,0,0,27,16,24
2005,470166,1,1,0,0,0,0,0,0,0,0,0,0
2005,470167,1,1,17,17,17,17,17,17,17,17,17,17
2005,470168,1,1,0,33,31,0,0,0,0,4,31,14
2005,470169,1,1,0,0,0,0,0,0,0,0,0,0
2005,470169,2,1,0,0,0,0,0,0,0,0,0,0
2005,470170,1,1,0,39,10,0,0,0,38,0,0,18
2005,470170,2,1,0,0,0,18,0,0,0,0,0,0
2005,470171,1,1,14,18,12,23,24,23,13,12,15,8
2005,470172,1,1,10,12,14,0,0,0,0,0,0,0
2005,470173,1,1,0,0,10,0,0,14,0,0,0,0
2005,470173,2,1,0,0,0,0,10,3,0,0,0,0
2005,470174,1,1,0,0,0,0,0,0,0,0,0,0
2005,470174,2,1,0,0,0,0,0,0,0,0,0,0
2005,470175,1,1,0,0,0,0,0,0,0,0,0,0
2005,470175,2,1,0,0,0,0,0,0,0,0,0,0
2005,470176,1,1,0,0,0,0,0,0,0,0,0,0
2005,470176,2,1,0,0,0,0,0,0,0,0,0,0
2005,470177,1,1,0,0,0,0,10,0,0,0,0,0
2005,470177,2,1,0,0,0,0,0,0,0,0,0,0
2005,470178,1,1,27,14,21,23,23,11,37,20,28,42
2005,470179,1,1,0,0,0,0,17,23,0,0,18,0
2005,470179,2,1,0,0,0,0,0,0,20,16,0,0
2005,470180,0,1,0,28,0,0,0,25,0,9,0,0
2005,470180,1,1,0,0,0,0,0,14,0,0,0,9
2005,470181,1,1,0,0,0,0,0,0,0,0,0,0
2005,470182,1,1,0,0,0,13,13,15,12,17,11,19
2005,470183,1,1,0,0,0,0,0,0,0,0,0,0
2005,470184,1,1,0,0,0,0,0,0,0,0,3,0
2005,470185,1,1,0,0,0,0,0,0,0,0,0,0
2005,470186,1,1,0,0,0,0,0,0,0,0,0,0
2005,470186,2,1,0,0,0,0,0,0,0,0,0,0
2005,470187,1,1,0,0,0,0,0,0,0,0,0,0
2005,470187,2,1,0,0,0,0,0,0,0,0,0,0
2005,470188,1,1,0,0,0,0,0,0,0,0,0,0
2005,470188,2,1,0,0,0,0,0,0,0,0,0,0
2005,470189,1,1,0,0,0,0,0,0,0,0,0,0
2005,470189,2,1,0,0,0,0,0,0,0,0,0,0
2005,470190,0,1,0,0,0,0,0,41,0,0,0,0
2005,470190,1,1,0,0,0,0,0,0,0,0,0,0
2005,470191,1,1,0,0,0,0,0,0,0,0,0,0
2005,470192,1,1,0,30,0,0,0,0,0,0,0,25
2005,470193,1,1,0,0,0,0,0,0,0,0,0,0
2005,470193,2,1,0,0,0,0,0,0,0,0,0,0
2005,470194,0,1,0,0,0,15,0,15,0,0,0,0
2005,470194,1,1,0,0,0,0,0,0,0,0,0,0
2005,470195,1,1,0,0,0,0,0,0,0,0,0,0
2005,470195,2,1,0,0,0,0,0,0,6,0,0,0
2005,470196,1,1,4,8,0,27,0,0,0,17,0,0
2005,470196,2,1,0,0,0,0,0,0,0,0,0,0