YEAR,ST_CASE,veh_no,per_no,P1,P2,P3,P4,P5,P6,P7,P8,P9,P10
2005,470197,0,1,0,0,0,0,0,0,0,0,0,0
2005,470197,1,1,0,0,0,0,0,35,0,0,0,0
2005,470198,1,1,0,0,0,0,0,0,0,19,0,0
2005,470199,1,1,0,0,0,0,0,0,0,0,0,0
2005,470199,2,1,0,0,0,0,0,0,0,0,0,0
2005,470200,1,1,12,14,20,13,7,17,0,25,17,13
2005,470201,0,1,0,0,0,0,0,0,0,0,0,0
2005,470201,1,1,5,0,12,12,6,3,22,30,7,30
2005,470202,1,1,0,0,0,0,0,0,0,0,0,0
2005,470202,2,1,0,0,0,0,0,0,0,0,0,0
2005,470203,0,1,0,0,23,0,18,0,0,0,0,22
2005,470203,1,1,0,0,0,0,0,0,0,0,0,0
2005,470204,1,1,17,17,17,17,17,17,17,17,17,17
2005,470205,1,1,0,0,0,0,0,0,0,0,0,0
2005,470205,2,1,0,0,0,0,0,0,0,0,0,0
2005,470206,1,1,0,0,0,0,0,0,0,0,0,0
2005,470207,1,1,11,26,32,0,20,20,19,10,22,0
2005,470208,0,1,52,17,0,10,0,3,21,0,10,8
2005,470208,1,1,0,0,0,0,0,0,0,0,0,0
2005,470209,1,1,0,0,0,0,0,0,0,0,0,0
2005,470209,2,1,0,0,0,0,0,0,0,0,0,0
2005,470210,1,1,22,22,22,22,22,22,22,22,22,22
2005,470211,1,1,0,16,9,0,0,0,0,0,9,0
2005,470212,1,1,15,31,0,0,0,0,0,0,0,0
2005,470212,2,1,0,0,0,0,4,0,0,0,0,0
2005,470213,1,1,0,0,11,0,0,0,0,0,0,0
2005,470214,1,1,0,0,0,0,0,0,7,0,0,0
2005,470215,1,1,0,0,12,0,0,0,0,0,0,0
2005,470215,2,1,0,0,0,0,0,0,0,0,0,0
2005,470216,1,1,0,0,0,0,0,0,0,0,0,0
2005,470216,2,1,0,0,0,0,0,0,0,0,0,0
2005,470217,1,1,0,0,0,0,0,0,0,0,0,0
2005,470217,2,1,0,0,0,0,0,0,0,0,0,0
2005,470218,1,1,21,0,0,0,0,0,0,0,0,0
2005,470219,1,1,9,9,9,9,9,9,9,9,9,9
2005,470220,1,1,0,0,0,8,0,11,19,0,9,21
2005,470221,1,1,6,16,22,19,17,14,17,28,15,22
2005,470221,2,1,0,0,16,0,0,0,0,0,0,0
2005,470222,1,1,17,0,0,0,0,0,0,0,0,0
2005,470223,1,1,0,0,0,0,20,0,2,2,0,32
2005,470224,1,1,28,28,28,28,28,28,28,28,28,28
2005,470225,1,1,0,0,0,0,0,0,0,0,0,0
2005,470225,2,1,0,0,0,0,0,0,0,0,0,0
2005,470226,1,1,0,0,0,0,0,0,0,0,0,0
2005,470226,2,1,0,0,0,0,0,0,0,0,0,0
2005,470226,3,1,0,0,0,0,0,0,0,0,0,0
2005,470226,4,1,0,0,0,0,0,0,0,0,0,0
2005,470226,5,1,13,14,0,11,11,13,10,10,16,0
2005,470227,1,1,0,0,0,0,0,0,0,0,0,0
2005,470228,1,1,0,0,0,0,0,0,0,0,0,0
2005,470228,2,1,10,10,0,0,15,0,0,0,0,0
2005,470228,3,1,7,7,7,7,7,7,7,7,7,7
2005,470229,1,1,13,0,0,0,0,0,0,0,0,0
2005,470229,2,1,0,0,0,0,0,0,0,4,0,0
2005,470230,1,1,18,26,19,18,8,12,15,16,6,40
2005,470231,1,1,12,32,22,19,8,3,11,21,24,11
2005,470232,1,1,0,0,0,0,0,0,0,0,0,0
2005,470233,1,1,0,0,0,0,0,0,0,0,0,0
2005,470233,2,1,0,0,0,0,0,0,0,0,0,0
2005,470233,3,1,0,0,0,0,0,0,0,0,0,0
2005,470234,1,1,24,0,0,7,0,3,0,21,0,0
2005,470235,1,1,17,0,32,24,24,15,6,18,25,18
2005,470236,1,1,0,7,0,0,0,0,0,0,0,0
2005,470236,2,1,0,6,7,0,0,5,0,0,19,0
2005,470236,3,1,0,22,0,0,0,22,0,0,0,0
2005,470237,1,1,0,0,0,0,0,0,14,0,0,0
2005,470238,1,1,15,22,7,31,23,26,17,15,27,26
2005,470239,1,1,0,0,0,0,0,0,0,0,0,0
2005,470239,2,1,15,0,0,0,18,0,18,0,0,0
2005,470240,1,1,18,16,24,18,33,20,29,27,25,9
2005,470241,1,1,7,7,7,7,7,7,7,7,7,7
2005,470242,0,1,24,15,24,25,8,0,26,0,15,32
2005,470242,1,1,12,0,17,0,0,0,0,20,14,0
2005,470243,1,1,0,0,0,0,4,0,0,0,5,0
2005,470243,2,1,0,12,0,11,6,0,0,0,22,0
2005,470244,1,1,9,35,0,15,2,28,16,9,23,4
2005,470245,1,1,0,0,0,0,0,25,0,23,0,11
2005,470245,2,1,0,11,0,0,0,0,0,0,0,0
2005,470246,1,1,13,0,0,0,0,0,9,0,9,9
2005,470247,1,1,0,0,11,3,0,0,0,0,0,0
2005,470248,1,1,0,0,0,0,0,18,0,0,0,0
2005,470248,2,1,0,0,0,0,0,0,0,0,0,0
2005,470248,3,1,0,0,0,0,0,0,0,0,0,0
2005,470249,1,1,0,0,0,0,0,0,0,0,19,0
2005,470249,2,1,0,0,0,0,0,12,0,0,0,16
2005,470250,1,1,12,0,14,15,2,14,0,30,18,13
2005,470250,2,1,0,0,0,0,0,0,0,0,0,0
2005,470251,1,1,0,0,0,6,0,0,0,0,0,0
2005,470251,2,1,0,0,0,0,0,0,0,0,0,0
2005,470252,1,1,17,19,23,10,31,10,12,22,29,15
2005,470253,1,1,0,0,0,0,0,0,0,0,0,0
2005,470254,1,1,0,0,0,0,0,0,0,0,0,0
2005,470254,2,1,0,0,0,0,0,0,0,0,0,0
2005,470254,3,1,0,0,0,0,0,0,0,0,0,0
2005,470255,1,1,0,0,0,0,0,0,0,0,0,0
2005,470256,1,1,0,0,0,0,0,0,0,0,0,0
2005,470256,2,1,0,0,0,0,0,0,0,0,0,0
2005,470256,3,1,0,0,0,0,0,0,0,0,0,0
2005,470257,1,1,0,0,0,0,0,0,7,0,0,0
2005,470257,2,1,0,0,0,0,0,0,0,0,0,0
2005,470258,1,1,9,8,23,7,19,12,16,25,17,12
2005,470258,2,1,18,9,0,0,0,0,24,0,8,0
2005,470258,3,1,0,0,0,0,0,0,0,0,0,0
2005,470259,1,1,0,0,14,0,0,0,0,11,0,0
2005,470260,1,1,15,15,15,15,15,15,15,15,15,15
2005,470261,1,1,0,0,0,0,22,22,0,0,0,0
2005,470261,2,1,0,0,0,0,0,0,0,0,0,0
2005,470262,1,1,20,20,20,20,20,20,20,20,20,20
2005,470263,1,1,0,0,0,0,0,0,0,0,0,0
2005,470264,1,1,0,0,0,0,0,0,0,0,0,0
2005,470264,2,1,0,0,0,0,0,0,0,0,0,0
2005,470265,1,1,0,0,0,0,0,0,0,0,0,13
2005,470266,1,1,0,0,0,0,0,0,0,0,0,0
2005,470267,1,1,0,0,0,0,0,0,8,0,0,0
2005,470268,1,1,0,0,9,0,0,0,9,0,0,0
2005,470269,1,1,16,35,24,10,22,11,18,21,9,13
2005,470270,0,1,0,0,0,0,0,14,13,0,0,0
2005,470270,1,1,16,16,16,16,16,16,16,16,16,16
2005,470271,1,1,17,17,17,17,17,17,17,17,17,17
2005,470272,1,1,0,0,0,0,0,0,0,0,0,0
2005,470272,2,1,0,0,0,0,0,7,4,0,0,0
2005,470273,1,1,0,7,0,21,0,0,0,0,0,0
2005,470273,2,1,0,0,0,0,0,0,0,0,0,0
2005,470274,1,1,0,0,0,0,0,0,0,0,0,0
2005,470274,2,1,0,0,0,11,0,0,0,0,0,0
2005,470275,1,1,0,0,0,22,18,17,14,23,0,34
2005,470276,1,1,0,0,0,0,0,0,0,0,0,0
2005,470277,1,1,8,14,13,21,19,31,19,27,19,18
2005,470278,1,1,9,11,15,22,17,24,30,0,0,13
2005,470279,1,1,0,0,0,0,0,0,0,0,0,0
2005,470280,1,1,0,0,0,0,0,0,0,0,0,0
2005,470280,2,1,0,0,0,0,0,0,0,0,0,0
2005,470281,1,1,0,0,0,0,0,0,0,0,0,0
2005,470282,0,1,0,0,0,0,0,0,0,0,0,2
2005,470282,1,1,30,0,0,0,0,0,0,0,0,0
2005,470283,1,1,22,22,22,22,22,22,22,22,22,22
2005,470283,2,1,0,0,0,0,0,0,0,0,0,0
2005,470283,3,1,0,0,0,0,0,0,0,0,0,0
2005,470284,0,1,0,0,12,0,26,0,9,0,34,20
2005,470284,1,1,10,17,9,11,15,11,20,22,7,15
2005,470285,1,1,20,20,20,20,20,20,20,20,20,20
2005,470286,1,1,15,24,9,28,15,10,18,22,36,12
2005,470287,1,1,3,11,6,11,0,0,0,23,0,0
2005,470288,1,1,26,26,15,18,0,11,0,0,15,17
2005,470289,1,1,0,0,0,0,0,0,0,0,0,0
2005,470290,1,1,0,0,0,0,0,0,0,0,0,0
2005,470291,1,1,0,0,0,0,0,0,0,0,0,0
2005,470292,1,1,0,0,19,0,0,0,0,0,0,0
2005,470292,2,1,0,0,0,0,0,0,0,0,0,0
2005,470293,1,1,21,21,21,21,21,21,21,21,21,21
2005,470294,1,1,18,29,0,10,20,23,38,29,10,12
2005,470295,1,1,0,18,0,0,0,0,0,0,0,18
2005,470296,1,1,6,6,6,6,6,6,6,6,6,6
2005,470297,1,1,0,0,0,0,0,0,0,0,0,0
2005,470297,2,1,0,0,0,6,0,0,0,0,0,0
2005,470297,3,1,0,0,0,0,0,0,0,0,0,0
2005,470298,1,1,0,0,0,0,0,10,0,0,0,0
2005,470298,2,1,0,0,0,0,0,0,0,0,0,0
2005,470299,1,1,0,0,0,0,0,0,0,0,0,0
2005,470300,0,1,37,37,37,37,37,37,37,37,37,37
2005,470300,1,1,0,0,0,0,0,0,0,0,0,0
2005,470301,1,1,0,0,0,0,0,0,0,0,0,0
2005,470302,1,1,0,0,0,0,0,0,0,0,0,0
2005,470302,2,1,0,0,0,0,0,0,0,0,0,0
2005,470303,1,1,0,0,0,0,0,0,0,0,0,0
2005,470304,1,1,9,8,0,13,0,0,15,0,0,0
2005,470305,1,1,16,16,16,16,16,16,16,16,16,16
2005,470306,1,1,0,0,0,0,0,0,0,0,0,0
2005,470306,2,1,17,6,9,0,0,0,0,0,0,0
2005,470307,1,1,0,7,0,0,6,0,0,0,0,0
2005,470307,2,1,0,0,0,0,0,0,0,0,0,8
2005,470308,1,1,0,0,0,0,0,0,0,0,0,0
2005,470309,1,1,28,7,35,0,23,22,23,14,32,16
2005,470310,1,1,0,0,0,0,0,0,0,0,0,0
2005,470310,2,1,0,0,0,0,0,0,0,0,0,0
2005,470311,1,1,0,0,0,0,0,0,0,0,0,0
2005,470312,1,1,17,0,36,9,0,4,10,28,0,0
2005,470313,1,1,20,20,20,20,20,20,20,20,20,20
2005,470314,1,1,0,0,0,0,0,0,0,0,0,0
2005,470314,2,1,0,0,0,0,0,0,0,0,0,0
2005,470314,3,1,0,0,0,0,0,0,0,0,0,0
2005,470315,1,1,13,13,13,13,13,13,13,13,13,13
2005,470316,1,1,0,19,0,12,5,29,0,23,16,28
2005,470317,1,1,5,5,5,5,5,5,5,5,5,5
2005,470317,2,1,13,13,13,13,13,13,13,13,13,13
2005,470318,1,1,4,6,23,24,18,27,16,0,15,13
2005,470319,1,1,20,29,0,0,0,0,0,0,19,0
2005,470320,1,1,38,0,0,0,0,0,0,0,0,0
2005,470321,1,1,22,25,40,34,16,17,12,15,22,11
2005,470322,1,1,0,0,0,0,0,0,0,19,0,20
2005,470323,1,1,16,16,16,16,16,16,16,16,16,16
2005,470324,1,1,0,24,0,0,0,0,0,22,16,7
2005,470325,1,1,9,9,9,9,9,9,9,9,9,9
2005,470326,1,1,0,0,0,0,0,0,0,0,0,0
2005,470326,2,1,0,0,0,0,0,0,0,0,0,0
2005,470327,1,1,22,22,22,22,22,22,22,22,22,22
2005,470328,1,1,19,0,22,0,9,6,0,23,32,11
2005,470329,1,1,0,0,25,16,10,28,11,0,0,0
2005,470330,1,1,0,0,0,0,0,0,0,0,0,0
2005,470331,1,1,0,0,0,0,0,0,0,0,0,0
2005,470331,2,1,0,0,0,0,0,0,0,0,0,0
2005,470332,1,1,0,0,0,0,0,0,0,0,0,0
2005,470333,1,1,0,0,0,16,24,0,3,0,0,15
2005,470334,1,1,22,17,38,0,0,27,28,19,39,22
2005,470335,1,1,0,0,0,0,0,0,0,0,0,0
2005,470335,2,1,0,0,0,0,0,0,0,0,0,0
2005,470336,1,1,0,0,0,0,0,0,0,0,0,0
2005,470337,1,1,0,0,12,0,0,0,0,0,11,0
2005,470338,1,1,29,29,29,29,29,29,29,29,29,29
2005,470339,1,1,0,8,0,0,0,0,0,0,0,0
2005,470339,2,1,0,0,0,0,11,0,0,0,0,0
2005,470340,1,1,0,0,0,18,0,0,0,0,0,0
2005,470341,1,1,32,7,0,0,0,15,0,26,15,22
2005,470342,1,1,0,18,26,9,19,19,12,21,11,9
2005,470343,1,1,0,0,0,0,0,0,0,0,0,0
2005,470344,1,1,0,0,0,0,0,0,0,0,0,0
2005,470344,2,1,0,0,0,0,0,0,0,0,0,0
2005,470344,3,1,0,0,0,0,0,0,0,0,0,0
2005,470345,1,1,22,7,23,25,22,17,23,29,20,32
2005,470346,1,1,0,0,0,0,0,0,0,0,0,0
2005,470346,2,1,0,0,0,0,0,0,0,0,0,0
2005,470347,1,1,0,0,0,10,0,15,34,0,19,0
2005,470348,1,1,0,0,0,0,0,0,0,24,0,21
2005,470348,2,1,0,0,0,0,0,0,0,0,0,0
2005,470349,1,1,0,0,0,0,0,0,0,0,0,0
2005,470349,2,1,0,0,0,0,0,0,0,0,0,0
2005,470350,1,1,0,0,0,0,0,0,24,0,0,0
2005,470351,1,1,26,13,0,13,0,29,15,0,0,34
2005,470352,1,1,0,0,0,0,0,0,0,0,0,0
2005,470352,2,1,0,0,0,0,0,0,0,0,0,0
2005,470353,1,1,0,18,9,17,9,10,22,10,22,0
2005,470354,1,1,0,19,0,0,14,0,0,0,0,0
2005,470354,2,1,0,0,0,0,0,0,0,0,0,0
2005,470355,0,1,0,0,0,0,0,0,0,0,0,0
2005,470355,1,1,0,0,0,0,0,0,0,0,0,0
2005,470356,1,1,11,20,23,18,20,15,21,12,27,11
2005,470357,1,1,8,0,0,0,0,0,0,0,0,0
2005,470359,1,1,0,0,0,0,0,0,0,0,0,0
2005,470359,2,1,0,0,0,0,0,0,0,0,0,0
2005,470359,3,1,0,0,0,0,4,0,0,0,0,0
2005,470360,1,1,0,0,20,0,0,0,0,12,0,0
2005,470361,1,1,0,0,7,14,0,20,20,25,16,0
2005,470362,1,1,0,28,30,18,38,0,0,0,0,10
2005,470363,1,1,13,13,13,13,13,13,13,13,13,13
2005,470363,2,1,16,9,9,23,0,19,14,3,0,16
2005,470364,1,1,22,15,37,16,21,7,24,10,15,27
2005,470365,1,1,0,0,0,0,0,0,0,0,0,0
2005,470365,2,1,0,0,0,0,0,0,0,0,0,0
2005,470366,1,1,31,31,31,31,31,31,31,31,31,31
2005,470367,1,1,0,0,0,0,0,0,0,0,0,0
2005,470367,2,1,0,0,0,0,0,0,0,0,0,0
2005,470368,1,1,0,0,0,0,0,0,29,0,0,0
2005,470369,1,1,0,0,0,0,0,0,0,0,0,0
2005,470369,2,1,0,0,0,0,0,0,0,0,0,0
2005,470370,1,1,0,0,17,0,0,0,0,0,0,0
2005,470370,2,1,0,0,0,0,0,0,0,0,0,0
2005,470370,3,1,0,0,0,0,0,0,0,0,0,0
2005,470371,1,1,0,0,0,0,0,0,0,0,0,0
2005,470372,1,1,0,0,6,0,0,0,0,0,0,0
2005,470372,2,1,0,0,0,0,0,0,12,0,0,0
2005,470373,1,1,0,6,0,23,0,14,11,0,10,7
2005,470374,1,1,0,0,0,0,0,0,0,0,0,0
2005,470375,1,1,0,0,0,0,0,0,0,0,0,0
2005,470375,2,1,0,0,22,0,0,0,0,0,0,7
2005,470376,1,1,20,20,20,20,20,20,20,20,20,20
2005,470377,1,1,9,21,26,19,23,24,0,5,18,17
2005,470378,1,1,0,0,0,0,0,0,0,0,0,0
2005,470378,2,1,0,0,0,0,13,0,0,0,0,0
2005,470379,0,1,0,0,0,0,13,14,19,29,0,0
2005,470379,1,1,0,0,0,0,9,0,0,0,0,0
2005,470380,1,1,0,0,0,0,0,0,0,0,0,0
2005,470381,1,1,0,0,0,0,17,0,8,8,0,10
2005,470382,1,1,0,0,0,0,0,0,0,0,0,0
2005,470382,2,1,0,0,0,0,5,0,0,0,0,0
2005,470383,1,1,0,0,0,0,0,0,0,0,0,0
2005,470384,1,1,0,0,0,0,0,0,0,0,0,0
2005,470384,2,1,0,0,0,0,0,0,0,0,0,0
2005,470384,3,1,0,0,0,0,0,0,0,0,0,0
2005,470385,1,1,0,0,0,0,0,0,0,0,0,0
2005,470386,1,1,9,12,0,0,33,5,0,14,14,6
2005,470387,1,1,0,0,0,0,0,0,0,0,0,0
2005,470387,2,1,0,0,0,0,0,0,0,0,0,0
2005,470388,1,1,0,0,0,0,0,0,0,0,0,0
2005,470388,2,1,0,0,0,0,0,0,0,0,0,0
2005,470389,1,1,0,0,0,0,0,0,0,0,0,0
2005,470389,2,1,0,0,0,11,0,0,0,0,0,0
2005,470390,1,1,0,0,0,0,0,0,0,0,0,0
2005,470391,1,1,25,25,25,25,25,25,25,25,25,25
2005,470392,1,1,0,0,0,0,0,0,0,0,0,0
2005,470393,1,1,0,0,0,0,0,0,0,0,0,0
2005,470393,2,1,0,0,13,0,23,0,0,0,0,0
2005,470394,1,1,0,0,0,0,9,0,0,0,0,0
2005,470395,1,1,0,0,0,0,0,0,0,0,0,0
2005,470395,2,1,0,0,0,0,0,0,0,0,0,0
2005,470395,3,1,0,0,0,0,0,0,0,0,0,0
2005,470396,1,1,0,0,0,0,0,0,0,0,0,0
2005,470397,1,1,0,0,0,0,0,0,0,0,0,0
2005,470397,2,1,0,0,0,0,0,0,0,0,0,0
2005,470398,1,1,0,0,0,0,0,0,0,0,0,0
2005,470398,2,1,0,0,0,0,0,0,0,0,0,0
2005,470399,1,1,0,0,0,0,0,0,0,0,0,0
2005,470400,1,1,0,0,2,0,6,6,0,0,0,0
2005,470400,2,1,0,0,0,0,0,0,0,0,0,0
2005,470401,1,1,26,26,26,26,26,26,26,26,26,26
2005,470401,2,1,0,0,0,0,0,0,0,0,0,0
2005,470402,1,1,0,0,0,0,0,0,0,0,0,0
2005,470402,2,1,0,0,0,0,0,0,0,0,0,0
2005,470403,1,1,12,12,12,12,12,12,12,12,12,12
2005,470404,0,1,0,0,0,0,0,0,0,4,0,0
2005,470404,1,1,0,0,0,0,0,0,0,0,0,0
2005,470405,1,1,0,0,0,0,0,0,0,0,0,0
2005,470405,2,1,0,0,0,0,0,0,0,0,0,0
2005,470406,1,1,0,0,0,0,0,0,0,0,0,0
2005,470407,1,1,0,0,0,0,0,0,0,0,0,0
2005,470408,1,1,35,18,18,12,12,32,0,0,25,20
2005,470409,1,1,15,15,15,15,15,15,15,15,15,15
2005,470409,2,1,0,0,0,0,0,0,0,0,0,0
2005,470410,1,1,4,4,4,4,4,4,4,4,4,4
2005,470411,1,1,18,18,18,18,18,18,18,18,18,18
2005,470412,1,1,21,21,21,21,21,21,21,21,21,21
2005,470413,1,1,0,0,0,0,0,0,0,0,0,0
2005,470413,2,1,0,0,0,0,0,0,0,10,0,0
2005,470414,1,1,0,13,25,0,25,30,6,0,17,0
2005,470415,1,1,0,0,0,0,0,0,0,0,0,0
2005,470416,1,1,0,0,0,0,0,0,0,0,0,0
2005,470416,2,1,0,0,0,0,0,0,0,0,0,0
2005,470417,1,1,22,22,22,22,22,22,22,22,22,22
2005,470418,1,1,4,4,4,4,4,4,4,4,4,4
2005,470419,1,1,0,0,0,0,0,0,0,0,0,0
2005,470420,1,1,34,24,11,7,17,14,0,30,24,14
2005,470421,1,1,0,0,0,0,0,0,0,0,0,0
2005,470421,2,1,0,0,0,0,0,0,0,0,9,0
2005,470422,1,1,23,23,23,23,23,23,23,23,23,23
2005,470423,1,1,0,0,0,0,0,0,0,0,0,0
2005,470423,2,1,0,0,0,0,0,0,0,0,0,0
2005,470424,0,1,33,33,33,33,33,33,33,33,33,33
2005,470424,1,1,0,0,0,0,0,0,0,0,0,0
2005,470424,2,1,26,0,0,0,0,0,0,0,0,0
2005,470425,1,1,0,0,0,0,0,0,0,0,0,0
2005,470425,2,1,0,0,0,0,0,13,0,0,4,0
2005,470426,1,1,6,6,6,6,6,6,6,6,6,6
2005,470426,2,1,17,17,17,17,17,17,17,17,17,17
2005,470427,1,1,0,0,0,0,0,0,0,0,0,0
2005,470428,1,1,0,0,0,0,0,0,0,8,0,0
2005,470428,2,1,0,0,0,0,0,0,0,0,0,0
2005,470429,1,1,0,0,0,0,0,0,0,0,0,0
2005,470430,1,1,14,15,10,5,14,10,10,18,7,18
2005,470431,1,1,8,0,6,8,0,24,6,4,15,15
2005,470432,1,1,0,0,0,0,0,0,0,0,0,0
2005,470432,2,1,0,0,0,0,6,0,0,0,0,0
2005,470433,1,1,0,0,0,0,0,0,40,0,0,18
2005,470433,2,1,0,11,0,0,0,8,0,0,0,0
2005,470434,1,1,0,0,0,0,0,0,0,0,0,0
2005,470435,1,1,0,0,0,0,0,0,0,0,0,0
2005,470436,1,1,16,12,9,24,13,6,4,3,5,6
2005,470436,2,1,0,0,0,0,0,0,0,0,0,13
2005,470437,1,1,21,21,21,21,21,21,21,21,21,21
2005,470437,2,1,0,0,10,27,13,0,0,0,0,0
2005,470437,3,1,0,0,0,0,0,0,0,0,0,0
2005,470437,4,1,0,0,0,0,0,0,0,0,0,0
2005,470438,1,1,6,0,0,0,22,0,0,0,0,0
2005,470438,2,1,0,0,0,0,0,0,0,0,0,0
2005,470439,1,1,0,0,0,0,0,0,0,0,0,0
2005,470439,2,1,0,0,0,0,0,0,0,0,0,0
2005,470440,0,1,36,0,0,20,0,24,0,30,0,0
2005,470440,1,1,0,0,0,0,0,0,0,0,0,0
2005,470440,2,1,0,0,0,0,0,0,0,0,0,0
2005,470441,1,1,17,19,0,18,30,30,18,0,0,0
2005,470441,2,1,0,0,0,0,0,0,0,0,0,0
2005,470442,1,1,22,19,10,0,15,19,26,23,22,29
2005,470443,1,1,0,0,0,0,0,23,0,0,0,0
2005,470443,2,1,0,0,0,0,0,0,0,0,0,0
2005,470443,3,1,0,0,0,0,0,0,0,0,0,0
2005,470444,1,1,0,0,0,0,0,0,8,0,0,0
2005,470444,2,1,0,0,0,0,0,2,0,0,0,0
2005,470445,1,1,6,21,19,27,18,15,4,15,16,12
2005,470445,2,1,0,0,0,0,0,0,0,20,0,0
2005,470446,1,1,0,26,27,13,38,22,32,16,19,21
2005,470446,2,1,0,0,0,0,0,0,0,0,0,0
2005,470447,1,1,18,0,11,0,0,4,20,0,19,0
2005,470447,2,1,0,0,0,0,0,0,0,0,0,0
2005,470448,1,1,0,0,0,0,0,0,0,0,0,0
2005,470448,2,1,0,0,0,0,0,0,0,0,10,0
2005,470449,1,1,0,0,0,16,0,0,0,17,0,0
2005,470450,1,1,0,0,0,0,0,0,0,0,0,0
2005,470450,2,1,0,0,0,0,0,0,0,0,0,0
2005,470451,1,1,0,0,0,0,0,0,0,0,0,0
2005,470452,1,1,0,0,0,0,0,0,0,0,0,0
2005,470452,2,1,7,7,7,7,7,7,7,7,7,7
2005,470453,1,1,0,0,0,0,0,0,0,0,0,0
2005,470453,2,1,0,0,0,0,0,0,0,0,0,0
2005,470454,1,1,2,22,18,14,20,0,0,0,23,10
2005,470455,1,1,13,20,5,23,15,0,24,0,0,21
2005,470456,1,1,0,0,0,0,0,0,0,0,0,0
2005,470457,1,1,0,19,0,0,0,0,19,0,0,0
2005,470458,1,1,0,0,0,0,0,0,0,15,22,0
2005,470459,1,1,0,9,0,12,0,0,0,0,0,3
2005,470459,2,1,0,0,0,0,0,0,0,0,0,0
2005,470460,1,1,0,0,0,0,0,0,0,0,0,0
2005,470461,1,1,6,0,0,0,0,0,0,0,0,0
2005,470462,1,1,0,0,15,17,21,18,21,26,22,11
2005,470463,1,1,31,14,30,0,25,14,13,32,28,23
2005,470463,2,1,0,0,0,0,0,0,0,0,0,0
2005,470464,1,1,0,0,0,0,0,0,0,0,0,0
2005,470465,1,1,19,0,32,18,18,4,9,6,13,4
2005,470466,1,1,0,0,0,0,0,0,0,0,0,0
2005,470466,2,1,4,0,0,0,0,0,0,0,0,0
2005,470467,1,1,22,0,0,0,0,0,0,20,12,0
2005,470468,0,1,23,16,35,16,24,32,0,0,0,0
2005,470468,1,1,0,0,0,0,0,0,0,0,0,0
2005,470469,1,1,0,0,0,0,0,0,0,0,0,0
2005,470469,2,1,0,0,0,0,0,0,0,0,0,0
2005,470470,1,1,2,2,2,2,2,2,2,2,2,2
2005,470471,1,1,30,30,30,30,30,30,30,30,30,30
2005,470472,1,1,1,1,1,1,1,1,1,1,1,1
2005,470473,1,1,0,0,0,0,0,0,0,0,0,0
2005,470473,2,1,0,0,0,0,0,0,0,0,15,0
2005,470474,1,1,0,0,0,0,0,0,0,0,0,0
2005,470475,1,1,14,0,0,23,0,0,25,16,0,0
2005,470476,1,1,0,0,0,0,0,0,0,0,0,0
2005,470476,2,1,0,0,0,0,0,0,0,0,11,0
2005,470476,3,1,0,0,13,0,0,0,0,0,0,0
2005,470476,4,1,0,0,0,0,14,19,0,7,0,0
2005,470477,1,1,12,7,17,0,20,15,6,7,29,10
2005,470477,2,1,0,0,0,0,0,7,0,0,0,0
2005,470478,1,1,5,0,0,20,0,18,14,0,0,0
2005,470479,1,1,0,0,0,0,0,0,0,0,0,0
2005,470479,2,1,0,0,0,0,0,0,0,0,0,0
2005,470480,1,1,0,0,0,0,0,0,0,0,0,10
2005,470480,2,1,0,0,0,0,0,0,0,0,0,0
2005,470481,1,1,0,0,0,11,14,0,12,0,0,17
2005,470482,1,1,0,0,0,0,0,0,0,0,0,0
2005,470482,2,1,11,11,11,11,11,11,11,11,11,11
2005,470483,0,1,15,0,0,0,0,5,0,0,11,0
2005,470483,1,1,0,0,0,0,0,0,0,0,0,0
2005,470484,0,1,18,18,18,18,18,18,18,18,18,18
2005,470484,1,1,0,0,0,0,0,0,0,0,0,0
2005,470486,1,1,0,0,0,0,0,0,0,0,0,0
2005,470486,2,1,0,0,0,0,0,0,0,0,0,0
2005,470487,1,1,0,0,24,9,0,0,0,0,0,0
2005,470488,1,1,0,0,0,0,0,0,0,0,0,0
2005,470488,2,1,0,0,0,0,0,0,0,0,0,0
2005,470489,1,1,0,0,0,0,0,0,0,0,0,0
2005,470489,2,1,0,0,0,0,0,0,0,0,0,0
2005,470490,1,1,0,0,0,0,0,0,0,0,0,0
2005,470491,1,1,22,0,0,0,0,0,0,0,0,0
2005,470492,1,1,0,0,0,0,10,0,0,0,0,0
2005,470493,1,1,0,0,0,0,0,0,0,0,0,0
2005,470493,2,1,0,0,0,0,0,0,0,0,0,0
2005,470494,1,1,0,0,13,0,5,0,12,24,0,12
2005,470495,1,1,0,0,0,0,0,0,0,0,0,4
2005,470495,2,1,0,0,0,0,0,0,0,0,0,0
2005,470496,1,1,19,19,19,19,19,19,19,19,19,19
2005,470497,1,1,0,0,16,0,0,0,13,0,0,0
2005,470497,2,1,0,0,0,0,0,0,0,0,0,0
2005,470498,1,1,0,0,0,0,0,0,0,0,0,0
2005,470498,2,1,0,0,0,18,0,0,0,0,0,0
2005,470499,1,1,0,0,0,14,17,47,0,11,5,11
2005,470500,1,1,0,0,0,25,10,0,0,0,0,0
2005,470501,1,1,0,0,0,0,0,0,0,0,0,0
2005,470502,1,1,0,0,19,9,0,0,10,0,0,0