YEAR,ST_CASE,veh_no,per_no,P1,P2,P3,P4,P5,P6,P7,P8,P9,P10
2005,470798,1,1,0,0,0,0,0,0,0,0,0,0
2005,470798,2,1,0,0,0,0,0,0,0,0,0,0
2005,470799,1,1,15,25,0,0,15,0,12,23,10,26
2005,470800,1,1,9,0,0,0,10,0,0,0,0,24
2005,470801,1,1,0,0,0,0,0,0,0,0,0,0
2005,470801,2,1,0,0,0,0,0,0,0,0,0,0
2005,470802,1,1,0,0,0,0,0,0,0,0,0,0
2005,470802,2,1,0,0,20,0,0,0,0,37,0,0
2005,470803,1,1,18,27,13,0,0,0,0,0,0,0
2005,470803,2,1,0,0,0,0,0,0,0,0,0,0
2005,470804,1,1,8,8,8,8,8,8,8,8,8,8
2005,470804,2,1,0,0,0,0,0,0,0,0,0,0
2005,470805,1,1,0,0,0,0,0,0,0,0,0,0
2005,470805,2,1,0,0,0,0,0,0,0,9,0,0
2005,470805,3,1,0,0,0,0,0,0,0,0,0,0
2005,470806,1,1,0,0,0,0,11,0,0,0,0,0
2005,470806,2,1,0,0,0,0,0,0,0,0,0,0
2005,470807,1,1,20,20,20,20,20,20,20,20,20,20
2005,470807,2,1,0,0,0,0,0,0,0,0,0,0
2005,470808,1,1,0,0,0,0,0,0,0,0,0,0
2005,470809,1,1,0,0,0,0,14,0,0,0,0,0
2005,470809,2,1,0,0,0,0,0,0,0,0,0,0
2005,470810,1,1,0,0,0,0,7,15,0,0,0,18
2005,470810,2,1,0,2,0,0,0,0,8,16,0,0
2005,470810,3,1,0,0,0,0,0,0,0,0,0,0
2005,470811,1,1,0,0,0,0,0,0,0,0,0,0
2005,470811,2,1,0,0,0,0,0,0,0,0,0,0
2005,470811,3,1,0,0,0,0,0,0,0,0,0,0
2005,470812,1,1,0,0,0,0,0,0,0,0,0,0
2005,470812,2,1,22,22,22,22,22,22,22,22,22,22
2005,470813,1,1,9,9,9,9,9,9,9,9,9,9
2005,470814,1,1,0,30,0,31,0,0,25,17,0,0
2005,470815,1,1,0,0,0,0,0,0,0,0,0,0
2005,470816,1,1,0,0,0,27,0,25,16,0,0,0
2005,470817,1,1,0,0,0,0,0,0,0,0,0,0
2005,470817,2,1,0,0,16,0,0,0,0,0,0,0
2005,470818,1,1,1,1,1,1,1,1,1,1,1,1
2005,470819,1,1,0,0,0,0,0,0,0,0,0,0
2005,470819,2,1,0,0,0,0,0,0,0,0,0,0
2005,470820,1,1,16,16,16,16,16,16,16,16,16,16
2005,470821,1,1,0,12,19,29,26,29,24,22,14,23
2005,470822,1,1,0,0,0,0,0,0,0,0,0,0
2005,470823,1,1,8,14,0,0,0,0,0,0,5,0
2005,470823,2,1,0,0,0,0,0,0,0,0,0,0
2005,470824,0,1,28,28,28,28,28,28,28,28,28,28
2005,470824,1,1,0,0,0,0,0,0,0,0,0,0
2005,470824,2,1,0,0,0,0,0,0,0,0,0,0
2005,470825,1,1,0,0,0,0,0,0,0,0,0,0
2005,470825,2,1,0,0,0,24,0,0,0,0,0,0
2005,470825,3,1,0,0,0,0,0,0,0,0,0,0
2005,470825,4,1,0,0,0,0,0,0,0,0,0,0
2005,470826,0,1,0,0,16,40,0,0,14,0,9,0
2005,470826,1,1,0,3,0,0,0,0,0,0,0,0
2005,470827,1,1,0,0,0,0,0,0,0,0,0,0
2005,470828,1,1,20,23,3,34,10,15,15,5,16,7
2005,470828,2,1,0,0,7,0,0,0,0,0,16,0
2005,470829,1,1,15,15,15,15,15,15,15,15,15,15
2005,470830,1,1,0,0,0,0,0,0,3,27,0,18
2005,470831,1,1,0,0,0,0,0,0,0,0,0,0
2005,470832,1,1,0,0,0,0,0,0,0,0,0,0
2005,470832,2,1,0,0,0,0,0,0,0,0,0,0
2005,470833,1,1,14,0,7,19,8,15,22,0,19,0
2005,470833,2,1,0,0,0,0,0,0,0,0,0,0
2005,470833,3,1,0,0,0,0,0,0,0,0,0,0
2005,470834,1,1,23,23,23,23,23,23,23,23,23,23
2005,470835,1,1,0,0,0,0,0,0,23,0,36,0
2005,470836,1,1,0,0,0,0,0,0,0,0,0,0
2005,470836,2,1,9,0,0,0,0,0,0,0,0,0
2005,470837,1,1,18,0,0,0,0,14,0,9,0,21
2005,470837,2,1,0,0,0,0,0,0,0,0,0,0
2005,470838,1,1,0,0,0,0,0,0,0,0,0,6
2005,470838,2,1,0,0,0,0,0,0,0,0,0,0
2005,470839,1,1,0,0,0,0,0,0,0,0,0,0
2005,470840,1,1,0,0,16,13,0,0,0,13,9,0
2005,470841,1,1,0,0,0,0,0,0,0,0,0,9
2005,470842,1,1,0,0,0,0,0,0,0,0,0,0
2005,470842,2,1,0,0,0,0,0,0,10,0,0,0
2005,470843,1,1,0,19,0,0,20,0,14,20,0,5
2005,470844,1,1,0,0,0,0,0,0,0,0,0,0
2005,470844,2,1,0,0,0,0,0,0,0,0,0,0
2005,470845,1,1,0,0,0,0,0,0,0,0,0,0
2005,470845,2,1,0,0,0,0,0,0,0,0,0,0
2005,470846,1,1,0,0,0,0,0,6,0,0,0,24
2005,470847,0,1,0,0,0,0,0,0,0,0,0,0
2005,470847,1,1,0,0,0,0,0,0,0,0,0,0
2005,470848,1,1,0,0,0,0,0,0,0,0,0,0
2005,470848,2,1,0,0,0,0,0,0,0,0,0,0
2005,470849,1,1,9,9,9,9,9,9,9,9,9,9
2005,470850,1,1,9,9,9,9,9,9,9,9,9,9
2005,470851,1,1,0,0,0,0,0,0,0,0,18,0
2005,470852,1,1,0,0,0,0,0,0,0,0,0,0
2005,470853,1,1,19,12,14,19,18,5,10,0,13,9
2005,470854,1,1,0,0,0,0,0,0,0,0,0,0
2005,470854,2,1,0,0,0,0,0,0,0,0,0,0
2005,470854,3,1,0,0,0,0,0,0,0,0,0,0
2005,470855,1,1,12,0,0,0,0,0,0,0,0,0
2005,470855,2,1,0,0,0,0,0,0,0,0,0,0
2005,470856,1,1,0,0,0,0,0,0,0,0,0,0
2005,470856,2,1,0,0,0,0,0,0,30,0,0,0
2005,470857,1,1,10,25,30,12,25,6,11,18,17,13
2005,470858,1,1,0,0,0,0,0,0,0,0,0,0
2005,470858,2,1,0,0,0,0,0,0,0,0,0,0
2005,470859,1,1,0,0,0,0,0,0,0,0,0,0
2005,470859,2,1,0,12,0,0,16,0,23,0,0,0
2005,470859,3,1,0,0,0,0,0,0,0,0,0,0
2005,470860,1,1,0,28,0,0,0,0,19,20,9,0
2005,470861,1,1,10,11,12,15,24,10,16,21,9,8
2005,470861,2,1,0,0,0,0,0,0,0,0,0,0
2005,470862,1,1,0,0,0,0,0,0,0,0,0,0
2005,470863,1,1,0,0,0,0,0,0,0,0,0,0
2005,470864,1,1,0,0,0,0,0,0,0,0,0,0
2005,470864,2,1,0,0,0,0,0,0,0,0,0,0
2005,470865,1,1,0,0,0,0,0,0,0,0,0,0
2005,470866,1,1,0,0,0,0,0,0,0,0,0,0
2005,470867,1,1,0,0,0,0,0,21,0,0,0,0
2005,470867,2,1,0,0,0,0,0,0,0,0,0,0
2005,470868,1,1,0,0,0,0,0,0,0,0,0,0
2005,470868,2,1,0,0,0,0,0,0,0,0,0,0
2005,470869,1,1,0,0,0,0,0,0,0,0,0,0
2005,470869,2,1,0,0,0,0,0,0,0,0,0,0
2005,470870,1,1,27,14,0,12,0,0,0,0,11,19
2005,470871,1,1,23,27,26,26,20,25,25,20,19,30
2005,470872,1,1,0,0,0,0,0,0,0,0,0,0
2005,470872,2,1,0,0,0,0,0,0,0,0,0,0
2005,470873,1,1,13,0,9,18,12,17,13,29,0,12
2005,470874,1,1,0,0,0,0,0,0,0,0,0,0
2005,470875,1,1,0,10,0,0,0,0,0,0,0,0
2005,470875,2,1,0,0,0,0,0,0,0,0,0,0
2005,470876,1,1,0,0,0,0,0,0,0,0,0,0
2005,470876,2,1,0,0,0,0,0,0,0,0,0,0
2005,470877,1,2,0,18,0,0,0,0,0,28,0,0
2005,470878,1,1,0,0,0,0,0,0,0,0,0,0
2005,470879,0,1,11,0,13,0,0,13,0,0,0,0
2005,470879,1,1,0,0,0,0,0,0,0,0,0,0
2005,470880,1,1,0,0,0,0,0,0,0,0,0,0
2005,470881,1,1,14,11,11,0,0,28,10,15,0,0
2005,470881,2,1,0,0,0,0,0,0,0,0,0,0
2005,470882,1,1,0,0,0,13,0,14,0,23,7,0
2005,470882,2,1,0,0,0,12,0,0,0,0,0,0
2005,470883,1,1,0,0,0,0,0,0,0,0,0,0
2005,470884,1,1,0,0,0,0,0,0,0,0,0,0
2005,470885,1,1,0,0,0,0,0,0,0,0,0,0
2005,470885,2,1,0,0,0,0,9,0,0,0,0,0
2005,470886,1,1,0,0,0,0,0,0,0,0,0,0
2005,470886,2,1,0,0,0,0,0,0,0,0,0,0
2005,470887,1,1,0,0,0,0,0,0,0,0,0,0
2005,470887,2,1,0,7,0,0,0,0,0,0,0,0
2005,470888,1,1,0,0,0,0,0,0,0,0,0,0
2005,470888,2,1,0,0,0,0,0,0,0,0,0,0
2005,470888,3,1,0,0,0,0,0,0,0,0,0,0
2005,470888,4,1,0,13,6,11,0,15,14,6,11,0
2005,470889,1,1,0,0,0,0,0,0,0,0,0,0
2005,470890,1,1,0,0,0,0,0,0,0,0,0,0
2005,470891,1,1,43,0,0,0,0,0,0,0,11,0
2005,470892,1,1,0,0,0,0,0,0,0,0,0,0
2005,470893,1,1,15,15,15,15,15,15,15,15,15,15
2005,470894,1,1,13,13,22,28,9,7,26,14,25,11
2005,470895,1,1,0,0,0,0,0,0,0,0,0,0
2005,470895,2,1,0,0,0,0,0,0,0,0,0,0
2005,470896,1,1,0,18,30,25,17,21,15,37,35,0
2005,470897,1,1,20,20,20,20,20,20,20,20,20,20
2005,470898,1,1,0,0,0,0,0,0,0,0,0,0
2005,470899,1,1,22,22,22,22,22,22,22,22,22,22
2005,470900,1,1,1,1,1,1,1,1,1,1,1,1
2005,470901,1,1,23,35,29,0,20,11,8,40,9,21
2005,470902,1,1,10,39,0,20,0,27,0,0,0,0
2005,470903,1,1,2,0,0,0,0,0,0,20,0,7
2005,470904,1,1,0,0,2,0,13,0,0,0,0,0
2005,470905,1,1,12,16,9,8,19,5,19,19,22,7
2005,470905,2,1,0,0,0,0,0,0,0,0,0,0
2005,470905,3,1,0,0,0,0,0,0,0,0,0,0
2005,470906,1,1,0,0,0,0,0,0,9,0,0,0
2005,470906,2,1,0,0,0,0,0,0,0,0,0,8
2005,470907,1,1,11,11,11,11,11,11,11,11,11,11
2005,470908,1,1,0,0,0,0,0,0,3,0,0,0
2005,470908,2,1,0,0,0,0,0,0,0,0,0,0
2005,470908,3,1,0,0,0,0,0,0,0,0,0,0
2005,470909,1,1,16,16,16,16,16,16,16,16,16,16
2005,470910,1,1,25,0,0,0,0,0,0,0,0,0
2005,470911,1,1,0,0,0,0,0,0,6,0,0,0
2005,470912,1,1,0,0,23,0,0,10,0,0,0,8
2005,470913,1,1,0,0,0,0,0,0,0,0,0,0
2005,470914,1,1,14,14,14,14,14,14,14,14,14,14
2005,470915,1,1,0,0,0,0,0,0,0,0,9,0
2005,470916,1,1,11,11,7,12,16,46,22,24,9,20
2005,470917,1,1,7,34,13,15,40,26,38,27,19,25
2005,470918,1,1,0,0,0,0,0,0,0,5,0,0
2005,470919,1,1,0,0,0,0,0,0,0,0,0,0
2005,470919,2,1,0,0,0,14,10,0,8,14,0,0
2005,470920,1,1,0,0,0,0,0,0,0,0,0,0
2005,470920,2,1,0,0,0,0,0,0,0,0,0,0
2005,470921,1,1,0,0,0,0,0,0,0,0,0,0
2005,470921,2,1,0,0,11,0,0,22,3,20,0,0
2005,470922,1,1,0,0,0,0,0,0,0,0,0,0
2005,470922,2,1,0,14,0,0,0,0,0,0,0,0
2005,470923,1,1,11,11,11,11,11,11,11,11,11,11
2005,470924,1,1,0,0,0,0,0,0,0,0,0,0
2005,470925,1,1,0,0,0,0,0,0,0,0,0,0
2005,470925,2,1,0,0,0,0,0,0,0,0,0,0
2005,470926,1,1,0,0,0,0,0,0,0,0,0,0
2005,470926,2,1,0,0,0,0,0,0,0,0,0,0
2005,470927,1,1,18,18,18,18,18,18,18,18,18,18
2005,470928,1,1,0,0,0,0,0,0,0,0,0,0
2005,470928,2,1,0,0,0,0,0,0,0,0,0,0
2005,470929,1,1,0,0,0,28,0,20,0,14,0,0
2005,470930,1,1,10,17,0,10,9,11,24,16,25,17
2005,470931,1,1,0,0,0,0,0,0,0,0,0,0
2005,470931,2,1,0,0,0,0,0,0,0,0,0,0
2005,470932,1,1,0,0,0,0,0,0,0,0,0,0
2005,470933,1,1,0,0,0,0,0,0,0,0,0,0
2005,470934,1,1,0,0,6,0,0,0,0,0,0,0
2005,470935,1,1,0,11,0,0,0,0,0,0,0,13
2005,470936,1,1,0,16,0,0,0,0,0,0,0,0
2005,470936,2,1,0,0,0,0,0,0,0,0,0,0
2005,470936,3,1,0,0,0,0,0,0,0,0,0,0
2005,470936,4,1,0,0,0,0,0,0,0,0,0,0
2005,470937,1,1,0,17,15,0,0,0,6,0,26,0
2005,470938,1,1,0,0,0,0,0,0,0,0,0,0
2005,470939,1,1,16,16,16,16,16,16,16,16,16,16
2005,470940,1,1,0,0,0,0,0,0,0,0,0,2
2005,470940,2,1,0,0,0,0,0,0,0,0,0,0
2005,470940,3,1,0,0,0,0,0,0,0,0,0,0
2005,470941,1,1,0,0,0,0,0,0,0,0,0,0
2005,470941,2,1,0,0,0,0,0,0,0,0,0,0
2005,470941,3,1,24,0,0,0,0,0,0,0,0,0
2005,470942,1,1,14,17,0,0,24,14,29,12,14,13
2005,470942,2,1,0,0,0,14,0,0,8,14,0,0
2005,470943,1,1,33,33,33,33,33,33,33,33,33,33
2005,470944,1,1,11,27,11,12,0,4,0,0,15,0
2005,470945,1,1,0,0,0,13,0,0,0,0,8,15
2005,470947,1,1,0,0,0,0,0,0,0,0,11,0
2005,470947,2,1,0,0,0,2,0,0,0,0,0,0
2005,470948,1,1,16,26,22,24,18,18,10,27,0,8
2005,470949,1,1,0,0,0,0,0,0,0,0,0,0
2005,470949,2,1,13,13,13,13,13,13,13,13,13,13
2005,470950,1,1,0,0,0,0,0,0,0,0,0,0
2005,470950,2,1,0,0,0,0,0,0,0,0,0,0
2005,470951,1,1,0,0,0,0,0,0,0,0,0,0
2005,470951,2,1,16,12,0,0,0,16,15,21,45,14
2005,470951,3,1,0,0,0,22,0,0,0,0,0,3
2005,470952,1,1,0,0,0,0,0,0,0,0,0,0
2005,470952,2,1,0,0,0,0,0,16,0,0,0,0
2005,470953,1,1,0,0,0,0,0,0,0,0,0,0
2005,470954,1,1,12,22,24,21,13,12,0,13,18,5
2005,470955,1,1,0,0,0,0,0,0,0,0,0,0
2005,470956,1,1,0,0,0,0,0,0,0,0,0,0
2005,470957,1,1,20,20,20,20,20,20,20,20,20,20
2005,470957,2,1,0,0,0,0,0,0,0,0,0,0
2005,470958,1,1,0,0,0,0,0,0,0,0,0,0
2005,470959,1,1,0,0,0,0,0,0,0,0,0,0
2005,470959,2,1,0,0,0,0,0,0,0,0,0,0
2005,470960,1,1,6,0,0,15,0,26,18,24,10,0
2005,470960,2,1,0,0,0,0,0,0,0,0,0,0
2005,470961,1,1,0,0,27,0,0,0,0,0,0,0
2005,470961,2,1,0,0,0,0,0,0,0,0,0,0
2005,470962,1,1,0,0,0,0,0,0,0,0,0,0
2005,470963,1,1,0,0,0,0,0,0,10,0,9,19
2005,470964,1,1,13,0,8,0,10,4,4,8,21,4
2005,470965,1,1,0,0,0,0,0,0,0,0,0,0
2005,470966,1,1,0,0,0,0,0,0,0,0,0,0
2005,470967,1,1,0,0,0,0,0,0,0,0,0,0
2005,470968,1,1,0,0,0,0,0,0,0,0,0,0
2005,470969,1,1,0,0,0,0,0,0,0,16,0,15
2005,470970,1,1,11,33,15,19,6,0,12,4,0,25
2005,470971,1,1,0,0,0,0,0,0,0,0,0,0
2005,470972,1,1,27,27,27,27,27,27,27,27,27,27
2005,470973,1,1,0,0,0,0,0,7,0,0,0,0
2005,470973,2,1,0,0,0,0,0,0,0,0,13,0
2005,470973,3,1,5,0,0,0,0,0,0,0,0,0
2005,470974,1,1,0,0,0,0,0,0,18,12,0,17
2005,470975,1,1,24,24,24,24,24,24,24,24,24,24
2005,470976,1,1,25,12,0,0,0,0,0,19,0,0
2005,470977,1,1,0,33,15,3,15,16,24,20,21,16
2005,470978,0,1,0,0,0,0,0,0,0,0,0,0
2005,470978,1,1,0,0,0,0,0,0,0,0,0,0
2005,470979,1,1,0,0,0,0,0,12,0,0,0,0
2005,470980,1,1,0,0,0,0,0,0,0,0,0,0
2005,470980,2,1,0,0,0,0,0,0,0,0,0,0
2005,470981,1,1,0,14,0,0,0,0,0,0,0,0
2005,470981,2,1,0,0,0,0,0,0,0,0,0,0
2005,470982,1,1,0,0,0,0,0,0,0,0,0,0
2005,470983,1,1,46,11,16,7,0,16,17,7,13,40
2005,470984,1,1,2,0,0,0,0,0,0,0,0,0
2005,470984,2,1,6,6,6,6,6,6,6,6,6,6
2005,470985,1,1,0,0,0,0,0,0,0,0,0,0
2005,470985,2,1,0,0,0,0,0,0,0,0,0,0
2005,470985,3,1,0,0,0,0,0,0,0,0,0,0
2005,470986,1,1,0,0,0,0,0,0,0,0,0,0
2005,470987,1,1,13,13,13,13,13,13,13,13,13,13
2005,470988,1,1,0,0,0,0,0,0,0,0,0,0
2005,470988,2,1,0,0,0,0,0,0,0,0,0,0
2005,470989,1,1,8,8,8,8,8,8,8,8,8,8
2005,470990,1,1,13,17,15,19,11,23,17,15,6,16
2005,470991,1,1,0,0,0,0,0,16,15,0,0,17
2005,470992,1,1,0,0,0,12,0,0,6,0,0,0
2005,470993,1,1,0,0,12,13,0,12,0,5,0,10
2005,470994,1,1,0,0,0,0,0,0,0,0,0,0
2005,470994,2,1,0,0,0,0,0,0,0,0,0,0
2005,470995,0,1,0,0,0,0,0,0,0,0,0,0
2005,470995,1,1,0,0,0,0,0,0,0,0,0,0
2005,470996,1,1,0,0,0,0,0,0,0,0,0,0
2005,470997,1,1,0,0,0,0,0,0,0,0,0,0
2005,470997,2,1,0,0,0,0,0,0,0,0,16,0
2005,470998,1,1,0,0,0,0,0,0,0,0,0,0
2005,470998,2,1,0,0,0,0,0,0,0,0,0,0
2005,470999,1,1,0,0,0,0,0,0,0,0,0,0
2005,471000,1,1,0,11,25,0,19,0,0,0,0,0
2005,471001,0,1,0,0,0,0,0,0,0,0,0,0
2005,471001,1,1,0,0,0,0,0,0,0,0,0,0
2005,471002,1,1,15,15,15,15,15,15,15,15,15,15
2005,471003,1,1,0,0,0,0,0,0,0,0,0,0
2005,471003,2,1,0,0,0,0,0,0,0,0,0,0
2005,471003,3,1,0,0,0,0,0,0,0,0,0,0
2005,471004,1,1,0,0,0,0,0,0,0,0,0,0
2005,471004,2,1,0,0,0,0,0,0,0,0,0,0
2005,471005,1,1,0,0,0,0,0,9,13,0,0,0
2005,471006,1,1,9,9,9,9,9,9,9,9,9,9
2005,471006,2,1,0,0,0,0,0,0,0,0,0,0
2005,471007,1,1,0,0,0,0,0,0,0,0,0,0
2005,471008,1,1,13,13,13,13,13,13,13,13,13,13
2005,471008,2,1,0,0,0,0,0,0,0,0,0,0
2005,471009,0,1,0,0,0,0,0,13,0,0,0,0
2005,471009,1,1,0,10,16,16,13,9,0,17,13,12
2005,471010,1,1,0,0,0,0,0,0,0,0,0,0
2005,471010,2,1,0,0,0,0,0,0,0,0,0,0
2005,471011,1,1,0,15,0,0,0,0,0,0,0,0
2005,471012,1,1,16,16,16,16,16,16,16,16,16,16
2005,471013,1,1,0,0,0,0,0,0,0,0,0,0
2005,471014,1,1,0,0,0,0,0,0,0,0,0,0
2005,471014,2,1,0,0,0,0,0,0,0,0,0,0
2005,471015,1,1,24,26,18,7,14,0,15,19,0,0
2005,471015,2,1,0,0,0,0,0,0,0,0,0,0
2005,471016,1,1,0,0,0,0,0,0,0,0,0,0
2005,471016,2,1,0,0,0,0,0,0,0,0,0,0
2005,471016,3,1,0,0,0,0,0,0,0,0,0,0
2005,471016,4,1,0,0,12,0,0,0,0,0,0,0
2005,471017,1,1,0,0,0,0,0,0,0,0,0,0
2005,471017,2,1,0,0,0,0,0,0,0,0,0,0
2005,471018,1,1,10,10,10,10,10,10,10,10,10,10
2005,471019,1,1,0,0,0,0,0,0,0,0,0,0
2005,471019,2,1,0,0,0,0,0,0,0,0,0,0
2005,471020,1,1,24,0,0,0,0,0,0,23,0,0
2005,471021,1,1,0,0,0,17,0,0,0,0,11,0
2005,471022,0,1,0,0,0,0,0,18,0,0,0,0
2005,471022,1,1,0,0,0,0,0,0,0,0,0,0
2005,471023,1,1,0,0,4,0,3,0,0,0,0,0
2005,471024,1,1,19,0,0,0,0,0,0,0,0,0
2005,471024,2,1,0,0,0,0,0,0,0,0,0,0
2005,471025,1,1,16,15,8,17,0,13,0,26,7,10
2005,471025,2,1,0,0,16,0,0,0,0,0,0,0
2005,471026,1,1,0,0,0,0,0,0,0,0,0,0
2005,471026,2,1,0,4,0,0,0,0,0,0,0,0
2005,471027,1,1,0,14,23,0,25,30,22,0,0,18
2005,471027,2,1,11,5,0,0,14,0,0,0,8,7
2005,471028,1,1,8,8,8,8,8,8,8,8,8,8
2005,471028,2,1,0,0,0,0,0,0,0,0,0,0
2005,471029,1,1,0,0,0,0,0,0,0,0,0,0
2005,471029,2,1,0,0,0,0,0,0,0,0,0,0
2005,471030,1,1,0,0,0,0,0,0,0,0,0,0
2005,471030,2,1,0,0,0,0,0,0,0,0,0,0
2005,471031,1,1,0,0,0,18,0,0,0,0,0,0
2005,471031,2,1,0,0,0,0,0,0,0,0,0,0
2005,471032,1,1,17,9,27,18,11,12,12,38,21,6
2005,471033,1,1,0,15,14,25,0,15,21,18,22,23
2005,471034,1,1,0,0,0,0,0,0,0,0,0,0
2005,471034,2,1,0,0,0,0,0,0,0,0,0,0
2005,471034,3,1,0,0,0,0,0,0,0,0,0,0
2005,471035,1,1,0,0,0,0,0,0,0,0,0,0
2005,471036,1,1,0,0,0,0,0,0,0,0,0,0
2005,471037,1,1,18,18,18,18,18,18,18,18,18,18
2005,471037,2,1,0,0,0,0,0,0,0,4,0,0
2005,471037,3,1,0,0,0,0,20,0,0,0,0,0
2005,471038,1,1,0,0,0,0,0,0,0,0,0,0
2005,471038,2,1,0,0,0,0,0,0,0,0,0,0
2005,471038,3,1,0,0,0,0,0,0,0,0,0,0
2005,471039,1,1,12,12,12,12,12,12,12,12,12,12
2005,471040,1,1,0,0,0,0,0,0,0,0,0,0
2005,471040,2,1,12,0,0,0,10,0,33,10,0,0
2005,471041,1,1,0,0,0,0,0,0,0,0,0,0
2005,471041,2,1,0,0,0,0,0,0,0,0,0,0
2005,471042,0,1,0,0,0,0,0,0,22,0,0,22
2005,471042,1,1,0,0,0,0,0,0,0,0,0,0
2005,471043,0,1,14,13,7,0,0,3,17,29,15,17
2005,471043,1,1,0,0,0,0,0,0,0,0,0,0
2005,471044,0,1,28,0,0,21,50,11,10,9,17,17
2005,471044,1,1,0,0,0,0,3,0,0,10,12,0
2005,471045,1,1,0,0,0,23,0,0,14,0,24,28
2005,471046,1,1,17,17,17,17,17,17,17,17,17,17
2005,471046,2,1,17,0,0,0,0,0,0,0,0,0
2005,471047,1,1,20,40,38,21,21,20,30,24,26,34
2005,471048,1,1,0,0,0,0,0,0,0,0,0,0
2005,471048,2,1,0,0,0,0,0,0,0,0,0,0
2005,471049,1,1,16,16,16,16,16,16,16,16,16,16
2005,471050,1,1,0,0,0,8,0,0,0,0,0,0
2005,471051,1,1,0,0,0,0,0,0,0,0,0,0
2005,471052,1,1,0,0,0,0,0,0,0,0,0,0
2005,471052,2,1,0,0,0,0,0,0,0,0,0,0
2005,471052,3,1,0,0,0,0,0,0,0,0,0,0
2005,471052,4,1,0,0,0,0,0,12,0,0,0,0
2005,471052,5,1,0,0,0,0,0,0,0,0,0,0
2005,471053,1,1,10,0,17,0,22,9,5,3,21,14
2005,471054,1,1,13,13,13,13,13,13,13,13,13,13
2005,471055,1,1,0,22,0,20,14,14,24,0,20,15
2005,471056,1,1,7,7,7,7,7,7,7,7,7,7
2005,471057,1,1,0,0,0,5,0,19,0,21,11,0
2005,471058,1,1,19,18,0,10,0,0,0,0,16,0
2005,471059,1,1,0,0,0,0,0,0,0,0,13,0
2005,471059,2,1,0,0,0,0,0,0,0,0,0,0
2005,471060,1,1,0,0,0,11,9,16,0,20,6,26
2005,471061,1,1,26,26,26,26,26,26,26,26,26,26
2005,471061,2,1,0,11,0,0,0,0,0,0,0,0
2005,471062,1,1,0,0,0,0,0,0,0,0,0,0
2005,471062,2,1,0,0,0,0,0,0,0,0,0,0
2005,471063,1,1,13,17,15,4,14,0,21,21,18,14
2005,471064,1,1,0,0,0,0,0,0,0,0,0,0
2005,471064,2,1,0,0,0,0,0,0,0,0,0,0
2005,471065,1,1,0,0,0,0,0,0,0,0,0,0
2005,471065,2,1,0,0,0,0,0,0,0,0,13,0
2005,471065,3,1,0,0,0,0,0,0,0,0,0,0
2005,471066,1,1,0,0,0,0,0,0,0,0,0,0
2005,471067,1,1,17,0,0,27,12,9,22,0,0,0
2005,471068,1,1,15,15,17,10,14,14,32,16,29,21
2005,471068,2,1,0,0,0,0,0,0,0,0,0,0
2005,471069,1,1,0,0,0,0,0,0,0,0,0,0
2005,471070,1,1,0,0,0,0,0,0,0,0,0,0
2005,471070,2,1,0,0,0,0,0,0,0,0,0,0
2005,471071,1,1,0,0,0,4,0,8,0,0,0,0
2005,471072,1,1,0,0,0,0,0,0,0,0,0,0
2005,471072,2,1,0,0,0,0,0,0,0,0,0,0
2005,471073,1,1,8,23,0,5,17,13,19,17,0,8
2005,471073,2,1,0,0,0,0,0,0,0,0,0,0
2005,471073,3,1,0,0,0,0,0,0,0,0,9,0
2005,471074,0,1,0,0,0,0,0,0,0,0,0,0
2005,471074,1,1,0,0,0,0,0,0,0,0,0,0
2005,471075,0,1,0,0,0,0,18,0,0,0,0,0
2005,471075,1,1,0,0,0,0,0,0,0,0,0,0
2005,471076,1,1,0,0,0,0,10,0,0,0,0,0
2005,471077,1,1,0,20,0,0,0,0,0,0,0,0
2005,471077,2,1,0,0,0,0,0,0,0,0,0,0
2005,471078,1,1,20,12,0,0,7,23,0,9,0,13
2005,471079,1,1,0,0,0,0,0,0,0,0,0,0
2005,471079,2,1,0,0,0,0,0,0,0,0,0,0
2005,471080,1,1,0,0,0,0,0,0,0,0,0,0
2005,471080,2,1,0,0,0,0,0,0,21,0,10,0
2005,471081,1,1,20,0,17,21,13,8,11,9,12,10
2005,471082,1,1,14,21,27,9,11,19,15,9,0,20
2005,471083,1,1,0,17,0,0,0,0,0,0,14,8
2005,471083,2,1,0,0,0,0,0,0,0,0,0,0
2005,471084,1,1,0,0,0,0,0,0,0,0,0,0
2005,471084,2,1,0,13,0,0,0,0,0,0,10,0
2005,471085,1,1,0,0,0,0,0,0,0,0,0,0
2005,471085,2,1,0,0,0,0,0,0,0,0,0,0
2005,471086,1,1,0,0,0,0,0,0,0,0,0,0
2005,471086,2,1,0,0,0,0,0,0,0,0,0,0
2005,471087,1,1,0,8,0,0,0,0,13,0,0,0
2005,471088,1,1,0,0,0,0,0,0,0,0,0,0
2005,471088,2,1,0,0,0,0,0,0,0,0,0,0
2005,471089,1,1,0,0,0,0,0,0,0,0,0,0
2005,471089,2,1,0,0,0,10,0,23,29,4,0,0
2005,471090,1,1,0,25,0,0,0,0,0,0,27,0
2005,471090,2,1,0,0,0,0,0,0,0,0,0,0
2005,471091,0,1,0,0,7,27,19,34,31,12,0,0
2005,471091,1,1,0,0,10,0,0,0,0,0,0,0
2005,471091,2,1,0,0,0,0,0,0,0,0,0,0
2005,471091,3,1,0,0,0,0,0,0,0,0,0,0