YEAR,ST_CASE,veh_no,per_no,P1,P2,P3,P4,P5,P6,P7,P8,P9,P10
2005,471092,1,1,19,0,0,19,0,10,7,0,9,0
2005,471093,1,1,13,0,16,7,8,0,8,11,20,24
2005,471094,1,1,0,20,0,21,0,0,0,0,0,0
2005,471094,2,1,0,0,0,0,0,0,0,0,0,0
2005,471095,1,1,20,9,0,27,0,0,19,8,5,0
2005,471096,0,1,0,0,12,25,9,0,0,23,20,0
2005,471096,1,1,0,0,0,0,0,0,0,0,0,0
2005,471097,1,1,9,8,11,25,38,9,11,13,36,29
2005,471097,2,1,0,0,0,0,0,0,0,0,14,23
2005,471098,1,1,23,19,5,0,14,15,27,0,12,22
2005,471099,1,1,0,0,0,0,5,0,0,0,0,12
2005,471100,1,1,0,0,0,6,15,0,0,18,0,0
2005,471100,2,1,0,0,0,0,0,0,0,0,0,0
2005,471100,3,1,0,0,0,0,0,0,0,0,0,0
2005,471101,1,1,25,23,7,8,12,15,5,5,14,12
2005,471102,0,1,0,0,0,0,0,19,24,0,0,0
2005,471102,1,1,0,0,0,0,0,0,0,0,0,0
2005,471104,1,1,0,0,0,0,0,0,0,0,0,0
2005,471104,2,1,0,0,0,0,0,0,0,0,0,0
2005,471105,0,1,0,0,0,0,0,0,12,0,0,0
2005,471105,1,1,0,0,0,0,0,0,0,0,0,0
2005,471106,1,1,0,0,0,0,0,0,0,0,19,0
2005,471106,2,1,0,0,0,0,0,0,0,0,0,0
2005,471106,3,1,0,0,0,0,0,0,0,0,0,0
2005,471107,1,1,0,0,0,0,0,0,15,13,10,35
2005,471108,1,1,0,0,0,0,0,6,0,0,0,0
2005,471109,1,1,28,22,0,12,0,0,0,0,0,0
2005,471110,1,1,0,0,0,0,0,0,0,0,0,0
2005,471110,2,1,0,0,0,0,0,0,0,0,0,10
2005,471110,3,1,0,0,0,0,0,0,0,0,0,0
2005,471110,4,1,0,0,0,0,0,0,0,0,0,0
2005,471111,0,1,0,0,0,0,0,24,0,0,0,0
2005,471111,1,1,0,15,0,0,0,0,0,0,0,0
2005,471112,1,1,0,22,0,0,0,0,0,7,0,9
2005,471113,1,1,0,0,0,15,0,12,0,0,0,16
2005,471113,2,1,0,0,0,0,0,0,0,0,0,0
2005,471114,1,1,21,0,11,0,21,0,0,28,38,21
2005,471114,2,1,24,0,23,0,0,0,0,11,0,0
2005,471115,1,1,32,14,18,7,26,20,38,9,19,32
2005,471116,0,1,0,0,0,0,0,0,0,0,0,0
2005,471116,1,1,0,0,0,0,19,0,0,0,0,0
2005,471117,1,1,12,10,15,8,13,4,17,22,23,8
2005,471118,1,1,0,0,0,0,0,0,0,0,0,6
2005,471118,2,1,0,0,0,14,0,19,16,11,0,0
2005,471119,1,1,18,18,18,18,18,18,18,18,18,18
2005,471120,1,1,10,0,28,4,23,0,28,0,11,10
2005,471120,2,1,0,0,0,0,0,0,0,0,0,0
2005,471120,3,1,0,0,0,0,0,0,0,0,0,0
2005,471121,1,1,0,0,24,0,0,0,0,0,0,0
2005,471121,2,1,0,0,0,0,0,0,0,0,0,22
2005,471121,3,1,0,0,0,0,0,0,0,0,0,0
2005,471121,4,1,0,0,0,0,8,0,0,0,0,0
2005,471122,1,1,0,0,0,0,0,0,0,0,0,0
2005,471123,1,1,0,0,28,5,10,19,0,0,0,0
2005,471123,2,1,0,0,0,0,0,0,0,0,0,0
2005,471124,1,1,18,17,0,8,0,0,19,0,0,0
2005,471125,0,1,34,34,34,34,34,34,34,34,34,34
2005,471125,1,1,0,0,0,0,0,0,0,0,0,0
2005,471126,1,1,0,0,18,13,0,0,12,0,7,0
2005,471127,0,1,0,0,19,19,0,0,4,0,0,0
2005,471127,1,1,0,0,0,0,0,0,0,0,0,0
2005,471127,2,1,0,0,0,0,0,12,0,3,0,0
2005,471128,1,1,0,0,0,0,0,0,0,0,0,0
2005,471128,2,1,14,0,0,0,0,0,0,0,0,0
2005,471129,1,1,0,0,0,0,0,0,0,0,0,0
2005,471129,2,1,20,0,0,0,0,0,0,0,0,0
2005,471130,0,1,0,0,23,21,25,0,0,0,15,25
2005,471130,1,1,0,10,0,9,0,0,20,0,0,0
2005,471131,1,1,0,0,0,0,0,0,0,0,0,0
2005,471131,2,1,0,0,0,0,0,0,0,0,0,0
2005,471132,1,1,0,0,0,13,0,0,0,0,0,0
2005,471133,1,1,0,0,0,0,0,0,0,0,0,0
2005,471133,2,1,0,0,0,0,0,0,0,0,0,0
2005,471134,0,1,0,35,23,6,24,11,14,22,0,6
2005,471134,1,1,0,0,15,0,0,21,0,0,0,32
2005,471135,1,1,24,30,25,30,41,15,16,15,13,29
2005,471136,1,1,0,0,0,0,0,0,0,0,0,0
2005,471137,1,1,0,0,0,0,0,24,21,0,0,0
2005,471138,1,1,14,16,0,19,27,29,6,11,27,16
2005,471138,2,1,8,0,0,0,0,0,0,0,0,0
2005,471139,1,1,11,20,19,21,26,11,28,6,33,25
2005,471140,1,1,0,0,0,0,0,0,0,0,0,0
2005,471140,2,1,0,0,0,0,0,0,0,0,0,0
2005,471141,1,1,0,4,0,0,0,0,7,0,0,3
2005,471142,0,1,0,0,0,0,0,0,0,0,0,0
2005,471142,1,1,0,0,0,0,0,0,0,0,0,0
2005,471143,1,1,0,0,0,0,0,0,0,0,0,0
2005,471143,2,1,0,0,0,9,0,0,0,0,0,0
2005,471144,1,1,0,0,0,0,6,0,0,0,10,0
2005,471144,2,1,0,0,0,0,0,0,0,0,0,0
2005,471145,1,1,0,18,26,18,0,0,12,0,10,0
2005,471146,1,1,26,3,0,5,25,10,28,24,22,27
2005,471147,0,1,0,3,0,0,0,0,0,0,24,0
2005,471147,1,1,21,0,0,0,0,0,0,0,0,0
2005,471148,1,1,0,0,0,0,21,0,5,0,0,0
2005,471149,1,1,0,0,0,0,0,0,0,0,9,0
2005,471150,1,1,0,0,0,0,0,0,0,0,0,0
2005,471150,2,1,0,0,0,0,0,0,0,0,0,0
2005,471150,3,1,0,0,0,0,0,0,0,0,0,0
2005,471151,1,1,0,0,0,0,0,0,0,0,0,0
2005,471151,2,1,0,0,0,0,0,0,0,0,0,0
2005,471151,3,1,0,0,0,0,0,0,0,0,0,0
2005,471151,4,1,0,0,0,0,0,0,0,0,0,0
2005,471152,1,1,0,0,0,0,0,0,0,0,0,0
2005,471153,1,1,0,0,0,0,0,0,0,0,0,0
2005,471154,1,1,0,22,0,0,0,20,0,0,0,19
2005,471155,1,1,0,0,0,0,0,0,0,0,0,0
2005,471155,2,1,0,0,0,0,0,0,0,0,0,0
2005,471156,1,1,0,0,0,0,0,0,0,0,0,0
2005,471156,2,1,0,0,0,0,0,0,0,0,0,0
2005,471156,3,1,0,0,0,0,0,0,0,0,0,0
2005,471156,4,1,0,0,0,0,0,0,0,0,0,0
2005,471157,1,1,0,0,0,0,0,0,0,0,0,0
2005,471158,1,1,18,11,24,8,13,20,33,12,32,20
2005,471159,1,1,0,0,0,0,0,0,0,0,0,0
2005,471159,2,1,0,0,0,0,0,0,0,0,0,0
2005,471160,1,1,19,0,0,0,0,0,0,0,0,0
2005,471161,1,1,0,0,0,0,0,0,0,0,0,0
2005,471161,2,1,0,0,0,0,0,0,0,0,0,0
2005,471162,1,1,29,0,13,19,0,18,0,20,0,15
2005,471163,1,1,0,0,0,0,0,0,0,0,0,29
2005,471164,1,1,0,0,0,0,0,0,0,0,0,0
2005,471165,1,1,19,13,0,0,26,28,0,20,24,12
2005,471166,1,1,0,0,0,0,0,0,0,0,0,0
2005,480001,0,1,0,14,19,9,0,0,26,3,24,20
2005,480001,1,1,19,11,17,0,0,16,22,9,13,11
2005,480002,1,1,0,0,0,0,0,0,0,0,21,0
2005,480002,2,1,0,0,0,0,0,0,0,0,0,0
2005,480003,1,1,0,0,0,0,0,0,16,6,13,8
2005,480003,2,1,15,0,19,13,23,7,0,18,11,0
2005,480004,0,1,0,0,26,19,19,12,14,0,12,0
2005,480004,1,1,0,0,0,0,0,0,25,0,0,0
2005,480005,1,1,24,21,0,0,18,0,19,9,25,11
2005,480006,1,1,7,9,7,0,26,11,26,18,0,23
2005,480007,1,1,0,23,0,0,0,0,0,0,0,0
2005,480008,1,1,0,0,0,0,0,0,0,0,0,0
2005,480008,2,1,0,0,0,0,0,0,0,0,0,0
2005,480009,1,1,12,36,6,0,7,22,8,16,25,11
2005,480009,2,1,0,0,13,18,0,0,0,0,20,0
2005,480010,1,1,0,0,0,0,0,0,0,0,0,0
2005,480011,1,1,4,0,6,0,36,0,0,17,0,11
2005,480012,0,1,0,0,0,0,0,0,0,8,0,8
2005,480012,1,1,0,0,0,0,0,14,0,0,0,0
2005,480013,1,1,0,0,0,0,0,0,0,0,0,0
2005,480013,2,1,0,0,0,0,0,0,0,0,0,8
2005,480014,1,1,22,22,22,22,22,22,22,22,22,22
2005,480014,2,1,0,0,0,0,0,0,0,0,0,0
2005,480014,3,1,20,11,0,0,9,0,0,0,0,0
2005,480015,1,1,0,0,0,15,0,16,0,0,0,43
2005,480016,1,1,0,0,0,2,0,0,0,3,0,0
2005,480016,2,1,0,0,10,0,0,0,15,0,0,0
2005,480017,1,1,0,0,0,7,0,0,0,0,0,0
2005,480017,2,1,0,27,20,0,0,17,0,0,0,5
2005,480018,1,1,0,24,0,21,0,9,0,0,9,10
2005,480019,1,1,11,9,0,0,12,0,28,13,10,13
2005,480019,2,1,0,0,0,17,0,0,0,0,0,0
2005,480020,1,1,0,0,0,0,0,0,0,0,0,0
2005,480020,2,1,0,0,0,0,0,0,0,0,0,0
2005,480021,1,1,0,0,0,0,0,0,0,0,0,0
2005,480021,2,1,0,0,0,17,8,5,0,15,0,0
2005,480021,3,1,0,0,0,0,0,0,0,0,0,0
2005,480022,1,1,0,0,0,0,0,0,0,0,0,0
2005,480023,1,1,0,0,0,0,0,0,0,0,0,0
2005,480024,1,1,0,0,0,0,0,0,0,0,0,0
2005,480024,2,1,0,0,0,0,0,0,0,0,0,0
2005,480024,3,1,0,0,36,0,0,0,0,0,16,0
2005,480025,1,1,0,0,5,16,0,13,22,0,15,0
2005,480026,1,1,0,0,0,0,0,0,0,0,0,0
2005,480026,2,1,0,0,0,0,0,0,0,0,0,0
2005,480027,1,1,0,0,0,0,0,0,0,0,0,0
2005,480027,2,1,0,0,0,0,0,0,0,0,0,0
2005,480028,1,1,0,0,0,0,0,0,0,0,0,0
2005,480028,2,1,0,0,0,0,0,0,0,0,0,0
2005,480029,1,1,15,20,10,0,0,0,0,0,0,0
2005,480029,2,1,0,7,0,23,20,14,16,0,10,18
2005,480030,1,1,8,0,14,8,0,0,13,0,15,0
2005,480030,2,1,0,21,0,0,5,24,0,10,22,13
2005,480030,3,1,0,0,0,0,0,0,0,0,0,0
2005,480031,1,1,0,0,0,0,0,0,0,0,0,0
2005,480031,2,1,0,0,0,0,0,0,0,0,0,0
2005,480032,1,1,9,0,0,0,0,0,0,0,0,0
2005,480033,0,1,0,0,6,0,19,0,0,0,12,0
2005,480033,1,1,0,0,0,0,0,0,0,0,0,0
2005,480034,0,1,23,23,23,23,23,23,23,23,23,23
2005,480034,1,1,0,0,0,0,0,0,0,0,0,0
2005,480035,1,1,0,0,0,0,0,0,0,0,0,0
2005,480036,1,1,0,0,0,24,0,0,0,0,0,0
2005,480037,0,1,19,5,20,0,25,0,20,12,0,9
2005,480037,1,1,15,15,0,13,0,8,0,0,0,0
2005,480038,1,1,25,25,25,25,25,25,25,25,25,25
2005,480039,1,1,0,0,0,0,0,0,0,7,0,0
2005,480039,2,1,0,0,0,0,0,0,0,0,0,0
2005,480040,1,1,0,0,0,0,0,0,0,0,0,0
2005,480041,1,1,0,0,0,0,0,0,0,0,0,0
2005,480042,0,1,25,25,25,25,25,25,25,25,25,25
2005,480042,1,1,0,0,0,0,0,0,0,0,0,0
2005,480043,0,1,0,0,0,0,0,0,0,0,0,0
2005,480043,1,1,0,0,0,0,0,0,0,0,0,0
2005,480044,1,1,21,21,21,21,21,21,21,21,21,21
2005,480044,2,1,0,7,0,0,17,0,0,0,0,0
2005,480045,1,1,0,0,0,0,0,0,0,0,0,0
2005,480045,2,1,18,7,15,0,15,7,5,0,9,17
2005,480046,1,1,24,24,24,24,24,24,24,24,24,24
2005,480046,2,1,0,0,0,0,0,0,0,0,0,0
2005,480047,1,1,36,36,36,36,36,36,36,36,36,36
2005,480047,2,1,0,0,0,0,0,0,0,0,0,0
2005,480048,1,1,11,11,11,11,11,11,11,11,11,11
2005,480048,2,1,0,0,0,0,0,0,0,0,0,0
2005,480049,1,1,0,0,0,0,9,7,0,0,0,0
2005,480050,2,1,10,10,10,10,10,10,10,10,10,10
2005,480051,0,1,0,28,16,0,0,0,16,0,29,0
2005,480051,1,1,25,0,15,0,0,0,0,0,0,0
2005,480052,1,1,0,0,0,0,0,0,0,0,0,0
2005,480052,2,1,21,0,20,0,15,7,0,15,11,4
2005,480053,1,1,18,43,11,0,0,13,25,32,26,15
2005,480053,2,1,0,0,0,0,0,0,0,0,0,0
2005,480054,1,1,12,0,0,0,0,0,0,0,0,0
2005,480055,1,1,0,0,0,0,0,0,0,0,0,0
2005,480055,2,1,0,0,0,0,0,0,0,0,0,0
2005,480056,1,1,15,15,15,15,15,15,15,15,15,15
2005,480057,1,1,0,0,0,0,0,0,0,0,0,0
2005,480058,1,1,0,0,0,0,0,0,0,0,0,0
2005,480058,2,1,0,0,0,0,0,0,0,0,0,0
2005,480059,1,1,0,0,13,0,0,22,0,0,25,12
2005,480060,1,1,0,0,0,0,0,0,0,0,0,0
2005,480060,2,1,0,0,0,0,0,0,0,0,0,0
2005,480061,1,1,1,1,1,1,1,1,1,1,1,1
2005,480062,1,1,0,0,0,0,0,0,0,0,0,0
2005,480063,1,1,0,0,0,0,0,0,0,0,0,0
2005,480063,2,1,0,0,0,0,0,0,0,0,0,0
2005,480064,1,1,0,0,0,0,0,0,0,0,0,0
2005,480064,2,1,0,0,0,0,0,0,0,0,0,0
2005,480065,1,1,10,0,0,0,0,0,23,0,0,0
2005,480065,2,1,0,0,0,0,0,0,0,0,0,0
2005,480066,1,1,0,0,0,0,0,0,0,0,0,0
2005,480066,2,1,0,0,0,0,0,0,0,0,0,0
2005,480067,0,1,0,0,0,0,0,0,0,0,0,0
2005,480067,1,1,0,0,0,0,0,0,0,0,0,0
2005,480068,1,1,0,0,0,0,0,0,0,0,0,0
2005,480069,1,1,26,25,26,60,27,21,28,32,10,14
2005,480070,1,1,12,14,15,0,0,22,17,0,0,0
2005,480071,1,1,0,0,0,0,0,0,0,0,0,0
2005,480071,2,1,0,30,0,18,0,20,26,12,29,20
2005,480072,1,1,0,0,0,0,0,0,0,0,0,0
2005,480073,1,1,0,0,0,0,0,0,0,0,0,0
2005,480073,2,1,17,15,33,0,8,0,18,17,34,6
2005,480074,1,1,12,13,7,15,18,19,25,24,16,13
2005,480074,2,1,0,0,0,0,0,0,0,0,0,0
2005,480075,1,1,0,0,0,0,0,0,11,0,0,0
2005,480075,2,1,0,3,0,0,0,0,15,0,0,13
2005,480076,1,1,0,0,0,0,0,0,0,0,0,0
2005,480077,1,1,0,0,0,0,0,0,0,0,5,0
2005,480078,1,1,21,21,21,21,21,21,21,21,21,21
2005,480079,1,1,0,0,0,0,0,0,0,0,0,0
2005,480079,2,1,0,0,7,0,0,0,0,0,0,0
2005,480080,1,1,0,0,0,0,0,0,0,0,0,0
2005,480081,1,1,15,22,11,54,19,5,15,0,23,0
2005,480083,1,1,14,5,0,18,3,17,0,0,18,16
2005,480083,2,1,5,8,6,0,10,19,7,3,20,10
2005,480084,1,1,16,16,16,16,16,16,16,16,16,16
2005,480084,2,1,0,0,0,0,0,0,0,0,0,0
2005,480085,1,1,10,0,0,0,17,0,0,0,0,0
2005,480086,0,1,0,0,0,14,16,14,12,0,0,0
2005,480086,1,1,1,1,1,1,1,1,1,1,1,1
2005,480087,1,1,7,23,10,23,16,15,15,14,37,22
2005,480088,1,1,15,15,15,15,15,15,15,15,15,15
2005,480088,2,1,0,0,0,0,0,0,0,0,0,12
2005,480088,3,1,0,0,0,0,0,0,8,0,0,0
2005,480089,1,1,10,10,10,10,10,10,10,10,10,10
2005,480090,1,1,0,0,26,0,0,0,0,0,23,35
2005,480091,1,1,0,0,0,0,0,0,0,0,0,0
2005,480092,1,1,6,6,6,6,6,6,6,6,6,6
2005,480093,1,1,0,0,0,0,0,0,0,0,0,0
2005,480094,0,1,0,0,0,0,0,0,0,0,0,0
2005,480095,0,1,0,0,0,0,0,0,0,14,0,0
2005,480095,1,1,0,0,0,0,0,5,0,0,2,0
2005,480095,2,1,0,20,0,0,0,0,0,0,0,12
2005,480096,1,1,0,0,9,0,0,14,0,0,18,0
2005,480097,1,1,12,12,12,12,12,12,12,12,12,12
2005,480098,1,1,0,18,0,0,6,0,0,0,0,0
2005,480099,1,1,0,0,0,0,0,0,0,0,0,0
2005,480099,2,1,7,0,0,0,11,0,0,0,0,0
2005,480100,1,1,0,0,0,0,0,0,0,0,0,0
2005,480100,2,1,0,0,0,8,0,0,0,0,0,0
2005,480101,0,1,0,0,0,0,13,0,0,0,0,0
2005,480101,1,1,0,0,0,0,0,0,0,0,0,0
2005,480102,0,1,17,17,17,17,17,17,17,17,17,17
2005,480102,1,1,0,19,0,0,0,0,0,10,0,0
2005,480103,1,1,0,0,0,0,0,0,0,0,0,0
2005,480103,2,1,0,0,0,0,0,0,0,0,0,0
2005,480104,1,1,0,0,0,0,0,0,0,0,0,0
2005,480105,1,1,32,32,32,32,32,32,32,32,32,32
2005,480106,1,1,26,26,26,26,26,26,26,26,26,26
2005,480107,1,1,21,21,21,21,21,21,21,21,21,21
2005,480108,0,1,0,17,15,26,16,38,26,0,20,21
2005,480108,1,1,11,0,0,0,0,0,0,0,0,0
2005,480109,1,1,0,0,0,0,0,33,0,0,0,0
2005,480110,1,1,2,20,6,0,0,0,13,17,16,0
2005,480110,2,1,0,0,0,0,0,0,0,1,9,0
2005,480111,1,1,0,0,0,0,0,0,0,0,0,0
2005,480112,1,1,0,0,0,0,0,0,0,0,0,0
2005,480113,1,1,21,19,6,19,24,13,26,20,18,11
2005,480114,1,1,10,10,10,10,10,10,10,10,10,10
2005,480115,1,1,18,29,26,21,17,26,21,23,28,14
2005,480116,1,1,17,17,17,17,17,17,17,17,17,17
2005,480117,1,1,0,0,0,0,0,0,0,0,0,0
2005,480117,2,1,0,0,0,0,0,0,0,0,0,0
2005,480118,1,1,0,0,0,0,0,0,0,0,0,0
2005,480118,2,1,0,0,0,0,0,0,0,0,0,0
2005,480119,1,1,0,0,0,0,0,0,0,0,0,0
2005,480119,2,1,0,0,0,0,0,0,0,0,0,0
2005,480120,1,1,16,0,0,15,6,0,0,0,0,0
2005,480121,0,1,0,0,0,0,0,0,0,0,0,0
2005,480121,1,1,0,0,0,0,0,0,0,0,0,0
2005,480122,1,1,31,31,31,31,31,31,31,31,31,31
2005,480122,2,1,0,0,0,0,0,0,0,0,0,0
2005,480123,1,1,9,9,9,9,9,9,9,9,9,9
2005,480124,1,1,0,0,0,0,0,0,0,0,0,0
2005,480124,2,1,0,0,0,0,0,0,0,0,0,0
2005,480125,1,1,0,0,0,0,0,0,0,0,0,0
2005,480125,2,1,4,4,4,4,4,4,4,4,4,4
2005,480126,1,1,0,0,0,0,0,0,0,0,0,0
2005,480126,2,1,0,0,0,0,16,0,0,0,0,0
2005,480127,1,1,10,18,20,0,19,0,12,0,0,22
2005,480128,1,1,0,0,0,0,0,0,0,0,31,0
2005,480129,1,1,19,33,17,12,14,20,23,28,17,33
2005,480130,1,1,0,0,0,0,0,0,0,0,0,0
2005,480130,2,1,0,0,0,0,0,0,0,0,0,0
2005,480131,1,1,13,13,13,13,13,13,13,13,13,13
2005,480132,0,1,0,0,0,0,0,0,0,0,0,0
2005,480132,1,1,0,0,10,0,0,0,0,0,0,0
2005,480133,1,1,7,7,7,7,7,7,7,7,7,7
2005,480134,1,1,0,0,0,0,0,0,0,0,13,0
2005,480134,2,1,0,0,0,0,0,0,18,0,0,4
2005,480135,1,1,0,0,0,0,0,0,0,0,0,0
2005,480135,2,1,0,0,0,0,0,0,0,0,0,0
2005,480136,1,1,16,16,16,16,16,16,16,16,16,16
2005,480137,1,1,0,0,15,0,0,0,0,15,14,0
2005,480138,1,1,15,0,21,0,0,0,0,0,0,0
2005,480138,2,1,0,12,0,7,0,0,0,0,0,10
2005,480139,1,1,18,18,18,18,18,18,18,18,18,18
2005,480140,1,1,0,0,0,0,0,0,0,0,0,0
2005,480140,2,1,26,26,26,26,26,26,26,26,26,26
2005,480141,0,1,34,34,34,34,34,34,34,34,34,34
2005,480141,1,1,20,0,0,7,0,11,0,0,0,0
2005,480142,1,1,0,0,0,0,0,0,0,0,0,0
2005,480143,1,1,25,25,25,25,25,25,25,25,25,25
2005,480144,0,1,0,0,0,0,0,0,0,0,0,0
2005,480144,1,1,0,19,12,0,0,10,0,0,0,0
2005,480145,1,1,13,13,13,13,13,13,13,13,13,13
2005,480145,2,1,22,22,22,22,22,22,22,22,22,22
2005,480146,1,1,0,0,0,0,0,0,0,0,0,0
2005,480146,2,1,0,0,0,0,0,0,0,5,0,0
2005,480147,1,1,0,0,0,0,0,0,0,0,0,0
2005,480147,2,1,17,17,17,17,17,17,17,17,17,17
2005,480148,1,1,25,25,25,25,25,25,25,25,25,25
2005,480149,1,1,9,9,9,9,9,9,9,9,9,9
2005,480150,0,1,19,19,19,19,19,19,19,19,19,19
2005,480150,1,1,0,0,11,0,0,34,0,0,0,0
2005,480151,1,1,0,0,0,0,0,0,14,0,0,0
2005,480152,1,1,17,14,12,26,7,26,18,10,15,35
2005,480153,1,1,26,26,26,26,26,26,26,26,26,26
2005,480154,1,1,10,0,0,0,0,0,0,0,0,15
2005,480154,2,1,0,0,0,0,19,0,0,0,0,0
2005,480155,0,1,0,0,0,0,0,0,0,0,0,0
2005,480155,1,1,0,0,0,0,0,0,0,0,0,0
2005,480156,1,1,21,0,0,13,27,11,0,10,0,28
2005,480156,2,1,0,0,0,0,0,0,0,0,0,0
2005,480157,1,1,0,0,0,0,0,0,0,0,0,0
2005,480157,2,1,0,0,0,0,0,0,0,0,18,0
2005,480158,1,1,0,0,0,0,0,0,0,0,0,0
2005,480158,2,1,0,0,0,0,0,0,0,0,0,0
2005,480159,1,1,0,0,0,0,0,0,0,0,0,0
2005,480159,2,1,0,0,0,0,0,0,0,0,13,0
2005,480160,1,1,0,0,0,0,0,0,0,0,0,0
2005,480160,2,1,0,0,0,0,0,0,0,0,0,0
2005,480161,0,1,0,0,0,0,0,0,0,0,0,0
2005,480161,1,1,0,0,18,0,0,0,0,31,0,0
2005,480162,1,1,0,0,0,0,0,0,0,0,0,0
2005,480163,0,1,0,0,0,0,0,0,0,0,0,0
2005,480163,0,2,0,0,0,0,0,0,0,0,13,0
2005,480163,1,1,14,0,0,0,0,27,0,12,0,0
2005,480164,1,1,0,0,0,0,0,0,0,0,0,0
2005,480164,2,1,0,0,0,0,0,0,0,0,0,0
2005,480164,3,1,0,0,0,0,0,0,0,0,0,0
2005,480165,1,1,0,0,0,0,0,0,0,0,0,0
2005,480165,2,1,0,16,0,0,0,0,15,14,0,0
2005,480166,1,1,0,24,17,0,26,37,0,9,24,0
2005,480167,1,1,25,25,25,25,25,25,25,25,25,25
2005,480168,1,1,0,0,0,16,0,0,0,0,0,0
2005,480168,2,1,19,0,0,0,0,0,0,0,0,0
2005,480169,1,1,0,0,0,0,0,0,0,0,0,0
2005,480169,2,1,0,0,0,0,0,0,0,0,0,0
2005,480169,4,1,0,0,0,0,0,0,0,0,0,0
2005,480170,1,1,29,29,29,29,29,29,29,29,29,29
2005,480170,2,1,0,0,0,0,0,0,0,11,0,0
2005,480171,0,1,0,0,0,0,0,0,0,0,0,0
2005,480171,1,1,0,0,0,0,0,0,0,0,0,15
2005,480171,2,1,0,0,0,0,0,0,0,0,0,0
2005,480172,1,1,26,0,0,0,21,0,0,0,21,17
2005,480173,1,1,0,0,0,0,0,0,0,0,0,0
2005,480173,2,1,0,0,0,0,0,0,0,0,0,0
2005,480174,0,1,18,18,18,18,18,18,18,18,18,18
2005,480174,0,2,10,10,10,10,10,10,10,10,10,10
2005,480174,1,1,0,0,0,0,0,0,0,0,0,7
2005,480174,4,1,29,29,29,29,29,29,29,29,29,29
2005,480175,1,1,0,0,0,0,0,0,0,0,0,0
2005,480175,2,1,0,0,0,0,0,0,0,0,0,0
2005,480175,3,1,0,12,0,0,0,0,0,0,0,0
2005,480176,1,1,0,0,0,0,0,0,0,0,0,0
2005,480177,1,1,0,0,0,0,25,0,0,0,0,0
2005,480178,1,1,0,0,0,0,0,0,0,0,0,0
2005,480178,2,1,0,0,0,17,0,0,0,0,0,0
2005,480179,1,1,0,0,0,0,15,0,14,0,0,0
2005,480179,2,1,0,0,0,0,0,0,0,0,0,0
2005,480180,1,1,0,0,0,0,0,0,0,0,0,0
2005,480180,2,1,0,0,0,0,0,0,0,0,0,0
2005,480181,1,1,0,0,0,0,0,0,0,0,0,0
2005,480181,2,1,0,0,0,0,0,0,0,0,0,0
2005,480182,0,1,17,17,17,17,17,17,17,17,17,17
2005,480182,1,1,0,0,0,0,0,0,0,0,0,0
2005,480183,1,1,6,6,6,6,6,6,6,6,6,6
2005,480184,1,1,10,10,10,10,10,10,10,10,10,10
2005,480185,0,1,20,0,21,0,0,37,21,28,0,32
2005,480185,1,1,16,16,16,16,16,16,16,16,16,16
2005,480185,2,1,0,0,0,0,0,0,0,11,7,8
2005,480186,0,1,22,17,34,0,26,0,26,4,14,9
2005,480186,1,1,0,0,0,0,0,0,0,0,10,11
2005,480187,0,1,26,10,0,14,12,0,0,29,0,0
2005,480187,0,2,0,0,0,19,0,15,29,0,0,8
2005,480187,0,3,0,0,12,5,0,0,0,15,0,0
2005,480187,1,1,14,14,14,14,14,14,14,14,14,14
2005,480188,1,1,0,0,0,0,0,17,0,0,0,10
2005,480188,2,1,18,18,18,18,18,18,18,18,18,18
2005,480189,1,1,0,0,0,0,0,0,0,0,0,0
2005,480190,1,1,0,9,0,8,0,0,6,0,0,0
2005,480191,1,1,0,19,0,0,6,4,22,0,0,0
2005,480192,0,1,7,0,0,0,0,0,0,0,0,0
2005,480192,1,1,0,0,0,0,0,0,0,0,0,0
2005,480193,1,1,0,0,0,0,0,0,0,0,0,0
2005,480194,1,1,0,0,0,0,4,0,0,0,0,0
2005,480194,2,1,0,7,0,0,0,0,0,23,0,0
2005,480194,3,1,0,0,0,0,0,0,0,0,0,18
2005,480195,1,1,0,0,0,0,0,0,0,0,0,0
2005,480195,2,1,0,0,0,0,0,16,0,0,0,0
2005,480196,1,1,7,7,7,7,7,7,7,7,7,7
2005,480197,1,1,23,23,23,23,23,23,23,23,23,23
2005,480197,2,1,0,0,0,0,0,0,0,0,0,0
2005,480197,3,1,0,0,0,0,0,0,0,0,0,29
2005,480197,4,1,0,0,15,0,0,0,0,0,0,0
2005,480198,1,1,0,0,0,0,0,0,0,0,0,0
2005,480198,2,1,0,0,0,0,0,0,0,0,0,0
2005,480199,0,1,0,0,0,0,0,0,0,0,0,0
2005,480199,1,1,0,0,0,0,0,0,0,0,0,18
2005,480199,2,1,0,0,0,0,0,0,0,0,0,0
2005,480199,3,1,0,0,0,0,0,0,0,0,0,0
2005,480199,4,1,9,0,0,0,0,0,0,0,0,0
2005,480200,1,1,8,25,45,13,7,29,22,0,23,32