YEAR,ST_CASE,veh_no,per_no,P1,P2,P3,P4,P5,P6,P7,P8,P9,P10
2005,480200,2,1,0,0,0,0,0,0,0,0,0,0
2005,480200,3,1,0,0,0,0,0,0,0,0,0,0
2005,480201,1,1,0,0,0,0,0,0,0,0,0,0
2005,480202,1,1,28,13,16,16,14,27,11,11,16,0
2005,480203,1,1,0,0,0,0,0,0,0,0,0,0
2005,480203,2,1,0,0,0,0,0,0,0,0,0,0
2005,480204,1,1,0,0,0,0,0,0,0,0,0,0
2005,480204,2,1,5,15,0,14,16,0,17,0,11,12
2005,480205,1,1,0,0,0,0,0,0,0,0,0,0
2005,480206,1,1,19,0,0,5,23,23,14,0,8,25
2005,480207,1,1,17,17,17,17,17,17,17,17,17,17
2005,480208,1,1,0,0,0,0,0,0,0,0,0,0
2005,480208,2,1,0,0,0,0,19,0,3,0,0,0
2005,480208,3,1,0,0,0,0,0,0,0,0,0,0
2005,480208,4,1,0,0,0,0,0,0,0,0,0,0
2005,480209,1,1,0,0,0,0,0,0,0,0,0,0
2005,480210,1,1,0,0,0,0,0,0,0,0,0,0
2005,480211,1,1,0,0,0,0,0,0,0,0,0,0
2005,480211,2,1,0,0,24,17,0,0,15,0,0,0
2005,480212,1,1,19,0,0,0,0,0,0,0,11,0
2005,480212,2,1,0,0,0,0,0,0,0,0,0,0
2005,480213,0,1,1,1,1,1,1,1,1,1,1,1
2005,480213,1,1,0,0,0,0,0,0,0,0,0,0
2005,480214,1,1,14,17,0,0,0,0,0,0,0,0
2005,480215,1,1,8,12,16,27,17,0,12,20,0,12
2005,480216,1,1,0,0,0,0,0,0,0,0,0,0
2005,480217,0,1,0,0,0,3,0,14,0,0,0,0
2005,480217,0,2,0,0,0,0,0,0,0,0,0,0
2005,480217,1,1,0,0,0,0,0,0,0,0,0,0
2005,480218,1,1,18,18,18,18,18,18,18,18,18,18
2005,480219,0,1,0,0,0,0,0,0,0,0,0,0
2005,480219,2,1,0,0,0,6,0,0,8,0,0,0
2005,480219,3,1,0,0,0,0,0,0,0,0,17,0
2005,480220,1,1,0,0,0,0,0,0,0,0,0,0
2005,480220,2,1,0,0,15,0,0,18,9,0,0,0
2005,480221,1,1,0,9,29,19,12,17,15,19,15,10
2005,480222,1,1,8,16,5,25,15,25,8,7,0,0
2005,480222,2,1,0,0,0,0,21,0,0,0,0,0
2005,480223,1,1,21,21,21,21,21,21,21,21,21,21
2005,480224,1,1,24,11,0,0,0,11,0,0,0,16
2005,480224,2,1,7,0,0,0,0,0,0,12,0,21
2005,480225,1,1,0,0,0,0,0,0,0,0,0,0
2005,480225,2,1,0,0,0,0,0,0,0,0,0,0
2005,480226,1,1,0,0,0,0,0,0,0,0,0,0
2005,480226,2,1,0,0,0,0,0,0,0,0,0,0
2005,480227,1,1,0,16,0,0,0,0,0,0,0,0
2005,480228,0,1,26,26,26,26,26,26,26,26,26,26
2005,480228,1,1,18,17,0,0,10,0,27,0,9,0
2005,480229,1,1,0,0,0,0,0,0,0,0,0,0
2005,480230,0,1,0,0,0,0,0,8,0,0,8,34
2005,480230,0,2,0,0,0,0,0,0,0,0,0,0
2005,480230,1,1,0,0,0,0,0,0,3,0,14,0
2005,480231,1,1,24,18,18,45,9,13,16,28,20,45
2005,480231,2,1,0,0,0,0,14,0,0,0,0,0
2005,480232,1,1,23,23,23,23,23,23,23,23,23,23
2005,480232,2,1,0,0,9,0,0,0,0,0,17,18
2005,480233,0,1,4,0,0,21,0,0,0,14,0,18
2005,480233,1,1,0,26,0,0,0,15,19,23,0,0
2005,480234,1,1,0,14,0,0,0,0,0,0,0,0
2005,480234,2,1,0,0,0,0,0,0,0,0,0,0
2005,480234,3,1,0,0,0,0,0,0,0,0,0,0
2005,480235,1,1,9,9,9,9,9,9,9,9,9,9
2005,480235,2,1,5,8,0,0,0,2,0,0,0,15
2005,480236,1,1,30,14,0,0,0,29,23,0,8,0
2005,480236,2,1,0,0,0,0,0,0,0,0,0,0
2005,480236,3,1,4,4,4,4,4,4,4,4,4,4
2005,480237,1,1,0,0,0,0,0,0,0,0,0,0
2005,480237,2,1,0,0,0,0,0,0,0,0,0,0
2005,480238,1,1,6,6,6,6,6,6,6,6,6,6
2005,480239,0,1,0,0,0,0,0,0,0,0,0,0
2005,480239,1,1,0,0,0,0,0,0,0,0,0,0
2005,480240,1,1,0,0,0,0,0,0,0,0,0,0
2005,480240,2,1,0,0,0,0,0,0,0,0,0,0
2005,480241,1,1,0,0,0,0,0,0,0,0,0,0
2005,480241,2,1,6,6,6,6,6,6,6,6,6,6
2005,480242,1,1,0,0,0,0,0,0,0,0,0,0
2005,480242,2,1,0,0,0,0,0,0,0,0,0,30
2005,480243,1,1,0,0,0,0,0,0,0,0,0,0
2005,480244,0,1,0,0,0,0,0,0,0,0,0,0
2005,480244,1,1,0,4,0,0,0,0,0,0,0,0
2005,480245,1,1,0,0,0,0,0,0,0,0,0,0
2005,480245,2,1,0,0,0,0,0,0,15,0,0,0
2005,480245,3,1,0,0,0,0,0,0,0,0,0,11
2005,480246,1,1,0,0,0,0,0,0,0,0,0,13
2005,480246,2,1,0,0,0,0,0,0,0,0,0,0
2005,480247,1,1,12,12,12,12,12,12,12,12,12,12
2005,480248,1,1,0,0,0,0,0,0,0,0,0,0
2005,480249,1,1,0,0,0,0,0,0,0,0,0,0
2005,480249,2,1,0,0,0,0,0,0,0,0,23,0
2005,480250,1,1,0,0,0,0,0,0,0,0,0,0
2005,480250,2,1,0,3,0,0,0,0,0,0,0,0
2005,480251,1,1,0,13,0,2,0,0,0,0,14,0
2005,480252,1,1,2,27,20,22,19,5,0,0,24,19
2005,480253,1,1,0,0,20,20,0,13,0,7,0,0
2005,480254,1,1,19,19,19,19,19,19,19,19,19,19
2005,480254,2,1,0,0,0,0,0,0,0,0,0,0
2005,480255,1,1,26,26,26,26,26,26,26,26,26,26
2005,480255,2,1,5,5,5,5,5,5,5,5,5,5
2005,480256,1,1,0,0,0,0,10,0,0,0,0,11
2005,480256,2,1,0,0,17,0,0,0,0,17,0,0
2005,480257,0,1,0,25,13,27,0,31,44,21,22,25
2005,480257,1,1,0,0,0,0,0,0,0,0,0,0
2005,480258,1,1,32,24,36,32,23,20,13,21,14,31
2005,480259,0,1,0,0,0,0,0,0,0,0,0,0
2005,480259,1,1,0,0,0,0,0,0,12,0,0,0
2005,480260,1,1,5,0,0,0,12,21,20,22,0,0
2005,480261,0,1,0,0,0,0,0,0,0,0,0,0
2005,480261,1,1,0,0,5,0,0,0,0,0,0,0
2005,480262,1,1,9,9,9,9,9,9,9,9,9,9
2005,480262,2,1,0,0,0,0,0,0,0,0,0,0
2005,480263,1,1,11,11,11,11,11,11,11,11,11,11
2005,480264,1,1,0,13,28,20,17,0,22,0,12,23
2005,480265,0,1,0,0,0,0,0,0,0,0,0,0
2005,480265,1,1,0,0,0,0,0,0,0,0,0,0
2005,480266,1,1,0,0,0,0,0,0,0,0,0,0
2005,480266,2,1,0,0,0,0,0,0,0,0,0,0
2005,480267,1,1,20,20,20,20,20,20,20,20,20,20
2005,480267,2,1,0,0,0,0,0,0,0,0,0,0
2005,480268,1,1,0,0,0,0,0,25,0,0,0,0
2005,480268,2,1,0,0,0,0,0,0,0,0,0,0
2005,480268,3,1,13,6,12,16,4,23,11,18,20,33
2005,480269,1,1,33,33,33,33,33,33,33,33,33,33
2005,480270,1,1,0,0,14,0,0,9,0,0,8,0
2005,480271,1,1,10,0,0,0,0,20,0,0,21,0
2005,480271,2,1,0,0,0,0,0,0,0,0,0,0
2005,480271,3,1,5,5,5,5,5,5,5,5,5,5
2005,480272,1,1,17,0,0,16,0,5,4,14,12,5
2005,480273,0,1,34,0,27,0,0,0,28,0,32,0
2005,480273,1,1,0,0,7,0,0,0,0,0,0,22
2005,480274,1,1,0,0,0,29,0,0,0,16,0,0
2005,480274,2,1,17,0,0,0,0,8,0,0,0,14
2005,480275,0,1,14,14,14,14,14,14,14,14,14,14
2005,480275,1,1,0,18,32,0,0,0,11,0,0,10
2005,480276,1,1,4,4,4,4,4,4,4,4,4,4
2005,480277,1,1,0,0,0,0,0,0,0,0,0,0
2005,480278,0,1,23,23,23,23,23,23,23,23,23,23
2005,480278,1,1,17,7,5,15,14,23,4,13,0,13
2005,480279,1,1,0,0,0,0,0,0,0,0,0,0
2005,480281,1,1,0,0,0,0,0,0,0,0,0,0
2005,480281,2,1,0,0,0,0,0,0,0,0,0,0
2005,480282,1,1,11,11,11,11,11,11,11,11,11,11
2005,480283,1,1,0,0,0,0,0,0,0,0,0,0
2005,480284,1,1,0,16,0,0,0,0,14,0,0,0
2005,480284,2,1,13,0,0,0,0,20,0,0,0,0
2005,480285,1,1,0,0,0,0,0,4,0,0,0,0
2005,480285,2,1,0,0,0,0,0,0,0,0,0,0
2005,480286,1,1,0,0,0,0,0,0,0,0,0,0
2005,480286,2,1,0,0,0,0,0,0,0,0,0,0
2005,480287,1,1,0,0,0,0,6,0,5,0,0,17
2005,480288,1,1,0,0,0,0,0,0,0,0,0,0
2005,480288,2,1,0,23,0,23,0,0,13,0,0,0
2005,480289,1,1,0,9,0,0,0,18,0,0,0,0
2005,480289,2,1,0,0,0,0,0,0,0,0,0,0
2005,480290,0,1,1,1,1,1,1,1,1,1,1,1
2005,480290,1,1,17,6,13,26,8,8,7,13,19,7
2005,480291,0,1,0,0,0,0,0,0,0,0,0,0
2005,480291,1,1,22,0,15,0,0,0,0,0,9,0
2005,480292,0,1,0,0,0,0,0,0,0,0,0,0
2005,480292,1,1,9,9,9,9,9,9,9,9,9,9
2005,480293,0,1,0,22,0,0,0,0,0,0,0,0
2005,480293,1,1,0,0,0,0,18,0,23,0,0,0
2005,480294,1,1,0,0,0,0,0,0,0,0,0,0
2005,480295,1,1,25,25,25,25,25,25,25,25,25,25
2005,480296,1,1,0,0,0,0,0,0,0,0,0,0
2005,480296,2,1,0,0,0,0,0,0,0,0,0,20
2005,480297,1,1,0,0,0,0,0,0,0,0,0,0
2005,480297,2,1,0,0,0,0,0,0,0,0,0,0
2005,480298,1,1,0,10,20,0,0,34,0,0,0,0
2005,480299,1,1,27,27,27,27,27,27,27,27,27,27
2005,480300,1,1,0,30,0,0,5,11,33,0,0,0
2005,480301,0,1,3,3,3,3,3,3,3,3,3,3
2005,480301,1,1,12,0,0,0,0,0,0,0,10,0
2005,480302,1,1,0,0,0,0,0,0,0,0,0,0
2005,480302,2,1,0,0,0,0,0,0,0,0,0,0
2005,480303,1,1,0,0,0,0,0,0,0,0,0,0
2005,480304,1,1,48,48,48,48,48,48,48,48,48,48
2005,480305,1,1,0,0,0,0,0,0,0,0,0,0
2005,480305,2,1,0,0,0,0,3,0,0,18,0,0
2005,480306,0,1,24,0,0,0,0,21,17,0,0,0
2005,480306,1,1,0,0,3,0,6,0,0,0,0,0
2005,480307,1,1,0,14,0,12,0,0,0,0,0,0
2005,480307,2,1,18,18,18,18,18,18,18,18,18,18
2005,480308,1,1,28,28,28,28,28,28,28,28,28,28
2005,480308,2,1,1,1,1,1,1,1,1,1,1,1
2005,480309,1,1,0,0,0,10,7,0,14,0,0,0
2005,480309,2,1,15,9,0,0,0,0,16,0,0,0
2005,480310,1,1,26,26,26,26,26,26,26,26,26,26
2005,480310,2,1,18,0,0,0,23,0,0,0,11,7
2005,480311,1,1,5,5,5,5,5,5,5,5,5,5
2005,480312,0,1,0,0,18,0,19,0,0,0,18,0
2005,480312,1,1,0,20,0,0,0,0,14,0,0,0
2005,480313,0,1,0,0,0,0,0,28,0,0,0,0
2005,480313,1,1,0,8,0,0,0,0,0,0,0,15
2005,480314,1,1,0,8,0,6,0,0,0,13,27,0
2005,480315,1,1,23,23,23,23,23,23,23,23,23,23
2005,480316,1,1,0,0,0,0,0,0,0,0,0,0
2005,480316,2,1,0,0,0,0,0,0,0,0,0,0
2005,480317,1,1,14,14,14,14,14,14,14,14,14,14
2005,480318,1,1,20,16,0,0,0,0,7,20,17,7
2005,480319,1,1,0,28,0,0,0,0,0,0,0,0
2005,480319,2,1,6,0,0,0,0,0,0,0,0,0
2005,480320,1,1,29,29,29,29,29,29,29,29,29,29
2005,480321,0,1,0,0,0,0,0,0,0,0,0,0
2005,480321,1,1,0,0,0,0,0,0,0,0,0,13
2005,480322,1,1,22,22,22,22,22,22,22,22,22,22
2005,480323,1,1,0,0,0,0,0,0,0,0,0,0
2005,480323,2,1,0,0,0,0,0,0,0,0,0,0
2005,480324,1,1,18,33,49,20,24,19,12,13,12,17
2005,480325,1,1,0,0,0,0,0,10,4,0,0,0
2005,480325,2,1,0,0,0,0,0,0,0,0,0,0
2005,480325,3,1,0,0,0,0,0,0,0,0,0,0
2005,480325,4,1,0,0,0,0,0,0,0,0,0,0
2005,480326,1,1,0,0,0,0,0,13,0,0,0,0
2005,480327,0,1,0,0,0,0,0,0,0,0,0,7
2005,480327,1,1,0,0,0,0,0,0,0,0,0,0
2005,480328,1,1,0,0,0,0,0,0,0,0,0,0
2005,480328,2,1,0,0,0,0,0,0,0,0,0,0
2005,480328,3,1,0,0,0,0,0,0,0,0,0,0
2005,480329,1,1,0,0,0,0,0,0,0,0,0,0
2005,480329,2,1,0,0,0,0,0,0,0,0,0,4
2005,480330,1,1,0,0,0,0,0,0,0,0,0,0
2005,480330,2,1,0,0,0,0,0,0,0,0,0,0
2005,480331,1,1,0,0,0,0,0,0,0,0,0,0
2005,480332,1,1,27,22,5,11,0,0,26,29,11,0
2005,480333,1,1,0,0,0,0,0,0,0,0,0,0
2005,480333,2,1,8,8,8,8,8,8,8,8,8,8
2005,480334,1,1,0,0,0,0,0,0,0,0,0,0
2005,480334,2,1,0,0,0,0,0,0,0,0,0,0
2005,480335,1,1,0,0,0,0,0,0,0,0,8,0
2005,480335,2,1,0,0,0,0,0,0,0,0,0,0
2005,480336,1,1,0,0,0,0,0,0,0,0,0,0
2005,480337,1,1,0,0,0,0,0,0,0,0,0,0
2005,480338,1,1,0,0,0,0,0,0,0,0,0,0
2005,480338,2,1,0,0,0,0,13,0,0,0,13,14
2005,480339,1,1,0,0,0,0,12,7,0,0,0,0
2005,480339,2,1,0,0,0,0,0,0,0,0,0,3
2005,480340,1,1,0,9,33,12,0,0,0,30,0,0
2005,480340,2,1,17,17,18,32,18,0,20,8,22,23
2005,480341,1,1,0,0,0,0,0,0,0,0,0,0
2005,480341,2,1,0,0,0,11,0,0,0,0,0,0
2005,480342,1,1,0,0,0,0,0,0,22,0,0,0
2005,480342,2,1,0,19,0,0,0,0,0,0,0,0
2005,480343,0,1,29,29,29,29,29,29,29,29,29,29
2005,480343,1,1,0,0,13,14,0,10,0,16,23,0
2005,480344,1,1,9,0,11,31,11,0,0,0,0,0
2005,480344,2,1,20,0,10,35,0,0,0,0,0,7
2005,480345,1,1,0,0,0,0,0,0,0,0,0,0
2005,480345,2,1,5,5,5,5,5,5,5,5,5,5
2005,480345,3,1,0,0,0,0,0,9,0,3,0,0
2005,480346,1,1,0,0,0,0,0,0,0,0,0,0
2005,480346,2,1,0,0,0,0,0,0,0,0,0,0
2005,480347,1,1,32,19,0,0,21,19,22,11,25,0
2005,480348,0,1,0,0,0,0,0,0,0,0,0,0
2005,480348,1,1,0,17,0,0,0,0,0,0,0,0
2005,480349,1,1,20,20,20,20,20,20,20,20,20,20
2005,480350,0,1,0,0,0,0,11,0,24,0,0,0
2005,480350,0,2,27,24,0,0,0,0,0,0,0,0
2005,480350,0,3,14,13,11,0,16,17,11,16,0,9
2005,480350,1,1,0,0,0,0,0,0,0,0,0,22
2005,480351,1,1,0,0,0,0,0,0,0,0,0,0
2005,480351,2,1,0,0,10,0,0,10,0,0,0,9
2005,480352,1,1,0,10,0,0,0,0,0,0,0,0
2005,480352,2,1,0,0,0,0,0,0,0,0,0,0
2005,480353,1,1,0,0,0,0,0,17,15,0,9,11
2005,480354,1,1,0,0,0,0,0,0,0,0,0,0
2005,480354,2,1,0,21,0,12,4,0,10,0,0,0
2005,480354,3,1,0,0,0,0,0,0,0,0,0,0
2005,480355,1,1,0,0,0,0,0,0,0,0,0,0
2005,480355,2,1,0,0,0,0,0,0,0,0,0,0
2005,480355,3,1,0,0,0,0,0,0,0,0,0,0
2005,480356,1,1,0,0,0,0,0,0,0,0,0,7
2005,480356,2,1,0,0,0,0,0,0,0,0,0,0
2005,480357,0,1,0,0,0,0,0,0,0,0,0,0
2005,480357,1,1,0,0,0,0,0,17,0,0,0,0
2005,480358,0,1,14,14,14,14,14,14,14,14,14,14
2005,480358,1,1,0,0,0,0,0,0,0,0,0,0
2005,480359,0,1,0,0,0,25,0,0,3,0,0,0
2005,480359,0,2,0,0,0,0,0,0,0,0,0,0
2005,480359,1,1,0,0,0,0,0,0,0,0,0,0
2005,480360,1,1,16,16,16,16,16,16,16,16,16,16
2005,480361,1,1,0,2,13,24,10,0,6,35,0,0
2005,480361,2,1,0,0,0,0,0,6,0,0,0,0
2005,480362,1,1,0,0,0,0,0,0,0,0,0,0
2005,480363,1,1,16,0,0,0,0,0,0,0,0,0
2005,480363,2,1,12,12,12,12,12,12,12,12,12,12
2005,480364,1,1,0,0,0,0,0,0,0,0,0,0
2005,480364,2,1,0,0,0,0,0,0,0,0,0,0
2005,480364,3,1,0,0,0,0,0,0,0,0,0,0
2005,480365,0,1,21,15,0,17,0,12,0,0,0,8
2005,480365,1,1,0,0,0,0,0,0,0,0,0,0
2005,480366,1,1,0,0,0,0,0,0,0,0,0,0
2005,480366,2,1,0,0,0,0,0,0,0,0,0,0
2005,480367,0,1,0,0,0,0,0,0,0,0,0,0
2005,480367,1,1,0,0,0,0,0,0,0,0,0,0
2005,480368,1,1,0,0,8,0,7,0,6,0,3,0
2005,480368,2,1,0,15,0,0,0,0,8,12,0,0
2005,480369,0,1,34,0,31,0,5,0,17,10,0,0
2005,480369,1,1,17,0,19,0,8,0,9,23,17,11
2005,480370,1,1,4,4,4,4,4,4,4,4,4,4
2005,480371,0,1,37,24,9,14,7,0,0,19,19,11
2005,480371,0,2,20,20,20,20,20,20,20,20,20,20
2005,480371,1,1,14,14,14,14,14,14,14,14,14,14
2005,480372,1,1,0,0,0,0,0,0,0,0,0,0
2005,480372,2,1,0,0,0,0,0,0,0,0,0,0
2005,480373,1,1,15,0,0,13,0,19,14,17,22,11
2005,480374,1,1,0,0,0,0,0,0,0,0,0,0
2005,480374,2,1,0,0,0,0,0,19,0,0,0,0
2005,480375,1,1,0,0,0,0,0,0,0,0,0,0
2005,480375,2,1,1,1,1,1,1,1,1,1,1,1
2005,480376,1,1,11,0,0,0,20,0,0,0,0,0
2005,480376,2,1,0,0,0,0,0,0,0,0,0,0
2005,480377,1,1,21,21,21,21,21,21,21,21,21,21
2005,480377,2,1,0,0,0,0,0,0,0,0,0,0
2005,480378,1,1,9,10,15,12,11,0,18,5,20,4
2005,480378,2,1,0,0,0,0,0,0,0,0,0,0
2005,480379,1,1,20,20,20,20,20,20,20,20,20,20
2005,480379,2,1,20,0,0,0,0,10,0,14,0,0
2005,480380,0,1,0,0,0,0,0,0,0,0,0,0
2005,480380,1,1,0,0,0,0,17,0,0,0,0,0
2005,480381,0,1,0,0,0,0,0,0,0,0,0,0
2005,480381,1,1,0,0,0,0,0,0,0,0,0,0
2005,480382,1,1,0,0,0,0,0,0,0,0,0,0
2005,480382,2,1,0,0,0,0,0,0,0,0,0,0
2005,480383,1,1,14,0,18,20,30,21,0,18,31,0
2005,480384,1,1,22,22,22,22,22,22,22,22,22,22
2005,480385,1,1,18,18,18,18,18,18,18,18,18,18
2005,480386,0,1,0,0,0,0,28,0,0,0,0,28
2005,480386,1,1,0,0,21,0,15,4,0,0,10,0
2005,480387,1,1,0,0,0,0,0,0,0,0,0,0
2005,480387,2,1,0,0,0,0,0,0,0,0,0,0
2005,480388,0,1,0,0,0,0,17,0,0,0,0,30
2005,480388,1,1,7,29,0,0,19,0,0,13,0,6
2005,480389,1,1,15,15,15,15,15,15,15,15,15,15
2005,480389,2,1,0,0,0,0,0,0,0,0,0,0
2005,480390,1,1,21,21,21,21,21,21,21,21,21,21
2005,480390,2,1,0,20,16,19,0,0,8,0,0,0
2005,480391,1,1,0,13,28,0,0,9,0,0,10,0
2005,480391,2,1,0,0,0,0,0,10,0,0,0,0
2005,480392,0,1,25,0,16,7,16,0,15,13,0,23
2005,480392,1,1,0,0,0,0,0,0,0,0,0,0
2005,480393,1,1,23,0,14,22,20,12,17,0,23,17
2005,480394,1,1,0,0,11,0,8,0,0,0,0,0
2005,480394,2,1,0,21,0,0,0,0,0,0,17,0
2005,480395,1,1,30,30,30,30,30,30,30,30,30,30
2005,480396,1,1,0,0,0,0,0,0,0,0,0,0
2005,480396,2,1,0,0,0,26,0,0,0,0,0,0
2005,480397,1,1,0,7,17,0,14,0,4,19,0,0
2005,480398,1,1,0,0,0,0,0,0,0,0,0,0
2005,480399,1,1,0,0,0,26,0,0,0,0,9,0
2005,480400,1,1,0,0,0,0,0,0,0,0,0,0
2005,480400,2,1,0,0,0,0,0,43,0,0,0,0
2005,480401,1,1,0,0,0,0,0,0,0,0,0,0
2005,480401,2,1,9,9,9,9,9,9,9,9,9,9
2005,480402,1,1,5,0,11,7,0,0,0,0,0,0
2005,480402,2,1,0,0,0,9,0,0,0,18,0,11
2005,480403,1,1,0,0,0,0,0,0,0,0,0,0
2005,480404,1,1,0,7,0,0,8,21,9,0,0,0
2005,480405,1,1,13,13,13,13,13,13,13,13,13,13
2005,480405,2,1,5,20,12,11,0,13,23,9,13,10
2005,480406,1,1,29,0,22,14,0,16,8,31,13,0
2005,480407,1,1,26,26,26,26,26,26,26,26,26,26
2005,480408,0,1,0,0,0,0,0,0,0,0,0,14
2005,480408,1,1,0,0,0,0,0,0,9,0,0,0
2005,480409,0,1,22,22,22,22,22,22,22,22,22,22
2005,480409,1,1,0,0,0,0,0,0,9,0,0,0
2005,480410,1,1,0,0,0,0,0,0,0,0,0,0
2005,480410,2,1,0,0,0,0,0,0,0,0,0,0
2005,480411,1,1,0,0,0,0,0,0,0,0,13,5
2005,480411,2,1,0,0,0,0,0,0,0,0,0,0
2005,480411,3,1,0,0,0,0,0,0,0,0,0,0
2005,480412,1,1,0,0,0,0,0,0,11,0,0,0
2005,480412,2,1,0,0,18,0,0,0,0,16,12,0
2005,480413,1,1,11,11,11,11,11,11,11,11,11,11
2005,480413,2,1,0,0,0,21,0,0,0,0,0,0
2005,480414,1,1,22,22,22,22,22,22,22,22,22,22
2005,480414,2,1,0,0,0,0,0,0,0,0,0,0
2005,480415,1,1,21,21,21,21,21,21,21,21,21,21
2005,480416,0,1,19,0,15,8,11,22,29,0,0,16
2005,480416,0,2,30,30,30,30,30,30,30,30,30,30
2005,480416,1,1,7,16,12,2,0,0,0,7,13,8
2005,480417,1,1,11,0,0,0,0,13,13,0,0,0
2005,480417,2,1,0,0,0,0,0,0,0,0,0,0
2005,480418,1,1,23,23,23,23,23,23,23,23,23,23
2005,480419,1,1,23,23,23,23,23,23,23,23,23,23
2005,480420,1,1,0,0,0,0,0,0,0,0,0,0
2005,480420,2,1,5,5,5,5,5,5,5,5,5,5
2005,480421,1,1,10,10,10,10,10,10,10,10,10,10
2005,480422,1,1,0,34,8,0,15,0,0,0,18,10
2005,480423,0,1,49,13,21,0,29,35,0,8,13,14
2005,480423,1,1,0,0,0,0,7,0,20,0,19,0
2005,480424,1,1,0,0,0,17,0,0,0,0,9,0
2005,480424,2,1,0,0,0,0,0,0,0,0,0,0
2005,480424,3,1,0,0,0,0,0,0,0,0,0,0
2005,480425,1,1,25,25,25,25,25,25,25,25,25,25
2005,480426,1,1,23,23,23,23,23,23,23,23,23,23
2005,480427,1,1,0,0,0,0,0,0,0,0,0,0
2005,480427,2,1,0,0,0,0,0,0,0,0,0,0
2005,480428,1,1,23,23,23,23,23,23,23,23,23,23
2005,480429,1,1,0,0,0,0,0,0,0,0,0,0
2005,480430,1,1,14,14,14,14,14,14,14,14,14,14
2005,480431,1,1,0,0,0,0,0,0,0,0,0,0
2005,480431,2,1,0,0,0,0,0,5,0,0,0,0
2005,480432,1,1,0,0,0,0,0,0,0,31,0,0
2005,480433,1,1,30,30,30,30,30,30,30,30,30,30
2005,480434,1,1,15,15,15,15,15,15,15,15,15,15
2005,480435,1,1,12,12,12,12,12,12,12,12,12,12
2005,480436,1,1,0,0,0,0,0,0,0,0,0,0
2005,480436,2,1,0,0,0,0,0,0,0,0,0,0
2005,480437,1,1,0,0,0,0,0,0,0,0,0,0
2005,480437,2,1,0,0,0,0,0,0,0,0,0,0
2005,480438,1,1,11,15,10,9,12,28,10,24,23,8
2005,480439,1,1,0,0,0,0,0,0,16,0,0,0
2005,480440,1,1,0,0,0,0,0,0,0,0,0,0
2005,480440,2,1,0,0,0,0,0,0,0,0,0,0
2005,480441,1,1,0,0,0,0,0,0,0,0,0,0
2005,480441,2,1,0,0,11,0,0,0,0,0,0,0
2005,480441,3,1,0,0,0,0,0,0,0,0,0,0
2005,480441,4,1,0,0,0,0,0,7,0,0,0,0
2005,480442,1,1,0,0,0,0,0,0,0,0,0,0
2005,480442,2,1,0,0,7,0,26,0,0,19,0,11
2005,480443,0,1,12,12,12,12,12,12,12,12,12,12
2005,480443,1,1,0,0,0,0,0,0,0,0,0,0
2005,480444,1,1,0,0,0,0,0,0,8,11,0,0
2005,480445,0,1,0,0,50,0,17,0,0,19,13,17
2005,480445,1,1,12,12,12,12,12,12,12,12,12,12
2005,480446,1,1,0,0,0,0,0,0,0,0,0,0
2005,480446,2,1,0,0,0,0,0,0,0,0,0,0
2005,480447,0,1,0,0,0,0,0,0,0,0,0,0
2005,480447,1,1,0,0,0,0,0,0,0,0,0,0
2005,480448,1,1,0,0,0,0,0,0,0,0,13,0
2005,480448,2,1,0,0,0,0,0,0,0,0,0,0
2005,480449,1,1,0,0,0,0,0,0,0,0,0,0
2005,480449,2,1,0,0,0,0,0,0,0,0,0,0
2005,480450,1,1,0,0,0,0,0,0,0,0,0,0
2005,480451,0,1,10,10,10,10,10,10,10,10,10,10
2005,480451,1,1,8,31,0,0,29,0,14,18,17,0
2005,480452,0,1,25,13,26,0,0,4,16,0,0,0
2005,480452,1,1,15,0,0,17,0,3,0,0,0,0
2005,480453,1,1,22,22,22,22,22,22,22,22,22,22
2005,480454,1,1,10,0,0,0,0,0,0,0,24,0
2005,480455,1,1,0,0,0,0,0,0,0,0,0,0
2005,480455,2,1,25,0,0,0,0,0,0,0,0,0
2005,480456,1,1,0,0,0,0,0,0,0,0,0,0
2005,480456,2,1,0,0,0,12,0,12,0,0,0,0
2005,480457,1,1,21,21,21,21,21,21,21,21,21,21
2005,480458,1,1,0,0,20,0,0,0,0,0,0,0
2005,480458,2,1,0,0,0,0,0,0,0,0,0,0
2005,480459,1,1,0,0,0,0,0,0,0,0,0,0
2005,480460,0,1,0,0,0,0,0,0,0,0,0,0
2005,480460,1,1,0,0,0,0,19,0,0,8,0,0
2005,480460,2,1,0,0,0,0,0,0,0,0,0,0
2005,480461,1,1,0,0,0,0,0,0,0,0,0,0
2005,480462,1,1,0,0,0,0,0,0,0,0,0,0
2005,480462,2,1,0,0,0,0,0,0,0,0,0,0
2005,480463,1,1,0,0,0,0,0,0,0,0,0,0
2005,480464,1,1,17,0,19,11,9,0,22,16,9,12
2005,480465,1,1,19,19,19,19,19,19,19,19,19,19