YEAR,ST_CASE,veh_no,per_no,P1,P2,P3,P4,P5,P6,P7,P8,P9,P10
2005,480730,3,1,0,0,0,0,0,0,0,0,0,0
2005,480730,4,1,0,0,0,0,0,0,0,0,0,0
2005,480731,1,1,0,0,0,0,0,0,0,0,0,0
2005,480732,1,1,0,0,0,0,0,0,0,0,0,0
2005,480733,1,1,26,26,26,26,26,26,26,26,26,26
2005,480733,2,1,0,20,6,0,0,21,9,8,0,9
2005,480734,1,1,0,0,0,0,0,0,0,0,0,0
2005,480734,2,1,23,23,23,23,23,23,23,23,23,23
2005,480735,1,1,0,0,0,0,0,0,0,0,0,0
2005,480735,2,1,0,0,0,0,0,0,0,0,0,0
2005,480736,1,1,0,0,0,0,0,0,0,0,0,0
2005,480736,2,1,12,0,0,0,0,0,0,0,0,0
2005,480737,1,1,7,7,7,7,7,7,7,7,7,7
2005,480738,1,1,0,0,0,0,0,0,0,0,4,0
2005,480738,2,1,0,0,0,0,0,0,0,0,14,25
2005,480739,1,1,26,26,26,26,26,26,26,26,26,26
2005,480739,2,1,19,18,0,5,0,0,0,0,20,0
2005,480740,1,1,15,0,27,0,12,0,24,25,0,21
2005,480741,1,1,0,0,0,0,0,0,0,0,0,0
2005,480741,2,1,0,0,0,0,0,0,0,0,0,0
2005,480742,1,1,0,5,0,0,0,0,9,19,20,0
2005,480743,1,1,23,0,0,0,9,8,0,0,0,0
2005,480743,2,1,16,0,0,0,0,0,0,0,0,0
2005,480744,0,1,20,15,19,20,26,0,0,0,5,22
2005,480744,1,1,19,19,19,19,19,19,19,19,19,19
2005,480745,1,1,0,0,0,0,0,0,0,0,0,0
2005,480745,2,1,0,0,0,0,0,0,0,0,0,0
2005,480746,1,1,20,20,20,20,20,20,20,20,20,20
2005,480747,1,1,0,0,0,0,0,0,0,0,0,0
2005,480747,2,1,0,18,0,15,0,0,0,0,0,0
2005,480748,1,1,0,0,0,0,0,0,0,0,0,0
2005,480749,1,1,0,0,0,0,0,0,0,0,0,0
2005,480749,2,1,0,17,0,0,0,0,14,0,0,28
2005,480750,1,1,0,0,0,26,0,0,0,0,8,0
2005,480751,1,1,0,0,0,0,0,0,0,0,0,0
2005,480751,2,1,0,0,0,0,0,0,16,0,0,0
2005,480752,1,1,0,0,0,0,0,0,0,0,0,0
2005,480752,2,1,0,0,0,0,0,0,0,0,0,0
2005,480753,0,1,0,0,0,0,0,0,0,0,0,0
2005,480753,1,1,0,0,0,0,0,16,7,0,0,0
2005,480754,1,1,23,23,23,23,23,23,23,23,23,23
2005,480755,0,1,0,0,0,0,32,0,0,0,0,0
2005,480755,1,1,9,9,9,9,9,9,9,9,9,9
2005,480756,1,1,6,27,0,18,19,11,34,25,10,20
2005,480757,1,1,32,6,17,19,22,25,20,45,7,16
2005,480758,1,1,21,21,21,21,21,21,21,21,21,21
2005,480759,1,1,11,11,11,11,11,11,11,11,11,11
2005,480760,1,1,15,12,33,15,16,11,17,19,23,21
2005,480761,1,1,15,0,14,13,9,19,13,5,0,13
2005,480762,1,1,24,8,6,13,17,22,12,0,7,18
2005,480763,0,1,17,0,17,12,0,25,0,20,38,27
2005,480763,1,1,0,0,0,0,0,0,0,0,0,0
2005,480764,1,1,10,10,10,10,10,10,10,10,10,10
2005,480765,1,1,12,12,12,12,12,12,12,12,12,12
2005,480766,1,1,0,0,0,0,0,0,0,0,0,0
2005,480766,2,1,0,7,0,0,7,0,0,0,0,0
2005,480766,3,1,0,0,19,0,0,0,0,0,0,0
2005,480767,1,1,0,0,0,0,0,0,0,0,0,0
2005,480768,1,1,0,14,0,26,0,26,14,0,0,28
2005,480769,1,1,0,0,0,0,0,0,0,0,0,0
2005,480769,2,1,0,0,0,0,0,0,0,0,0,0
2005,480769,3,1,0,0,0,0,0,0,0,0,0,0
2005,480770,1,1,0,0,0,0,11,0,0,0,0,0
2005,480770,2,1,0,0,0,0,0,0,0,0,0,0
2005,480771,1,1,0,0,0,0,0,0,0,0,0,0
2005,480771,2,1,0,0,0,0,0,0,0,0,0,16
2005,480772,1,1,24,24,24,24,24,24,24,24,24,24
2005,480773,1,1,23,23,23,23,23,23,23,23,23,23
2005,480773,2,1,20,20,20,20,20,20,20,20,20,20
2005,480774,1,1,16,16,16,16,16,16,16,16,16,16
2005,480775,0,1,9,9,9,9,9,9,9,9,9,9
2005,480775,1,1,0,3,0,0,0,0,0,0,0,0
2005,480776,1,1,8,0,22,0,0,0,16,0,0,21
2005,480777,1,1,0,0,0,0,0,4,0,0,0,0
2005,480777,2,1,11,0,0,0,0,0,10,2,27,0
2005,480777,3,1,0,0,0,0,0,0,0,0,0,0
2005,480777,4,1,0,0,0,0,0,0,0,0,18,17
2005,480778,1,1,14,14,14,14,14,14,14,14,14,14
2005,480779,1,1,16,16,16,16,16,16,16,16,16,16
2005,480779,2,1,0,0,0,0,0,0,0,0,0,0
2005,480780,1,1,0,0,0,0,0,0,0,0,0,0
2005,480780,2,1,0,0,0,0,0,12,0,0,0,0
2005,480781,1,1,16,16,16,16,16,16,16,16,16,16
2005,480782,1,1,0,0,0,0,0,0,0,0,0,27
2005,480782,2,1,0,0,0,0,22,14,0,0,0,0
2005,480782,3,1,0,0,0,0,0,0,0,0,0,16
2005,480783,1,1,20,20,20,20,20,20,20,20,20,20
2005,480784,1,1,0,0,0,0,0,0,0,0,0,0
2005,480785,1,1,0,0,18,23,0,0,15,18,22,12
2005,480786,1,1,12,0,5,0,15,17,0,0,27,17
2005,480787,1,1,16,16,16,16,16,16,16,16,16,16
2005,480788,0,1,33,33,33,33,33,33,33,33,33,33
2005,480788,1,1,0,11,0,0,0,0,11,14,0,0
2005,480789,1,1,0,0,0,40,12,0,0,0,0,6
2005,480790,1,1,0,6,0,0,0,0,0,12,0,0
2005,480791,1,1,19,19,19,19,19,19,19,19,19,19
2005,480792,1,1,17,17,17,17,17,17,17,17,17,17
2005,480793,0,1,0,0,0,9,0,26,0,0,0,0
2005,480793,1,1,0,0,0,0,0,0,0,0,0,0
2005,480794,0,1,0,0,0,0,0,0,0,0,0,0
2005,480794,1,1,0,0,0,0,0,0,0,0,0,13
2005,480795,1,1,0,21,0,12,0,2,0,0,0,0
2005,480796,1,1,15,15,15,15,15,15,15,15,15,15
2005,480797,1,1,0,0,0,36,0,0,0,0,0,0
2005,480798,1,1,21,0,0,0,0,0,0,33,0,0
2005,480798,2,1,0,11,0,0,0,0,15,2,0,0
2005,480799,0,1,0,0,0,0,0,0,0,0,0,0
2005,480799,1,1,0,0,13,0,10,0,0,0,17,0
2005,480800,1,1,19,19,19,19,19,19,19,19,19,19
2005,480801,1,1,32,13,17,0,0,0,0,14,24,0
2005,480801,2,1,17,17,17,17,17,17,17,17,17,17
2005,480802,1,1,0,0,0,0,0,0,0,0,0,0
2005,480802,2,1,0,0,0,19,0,5,0,6,0,0
2005,480803,1,1,0,0,0,0,0,0,0,0,0,0
2005,480804,1,1,20,20,20,20,20,20,20,20,20,20
2005,480804,2,1,0,0,0,0,0,0,0,0,0,0
2005,480805,1,1,29,0,0,0,0,0,0,16,13,0
2005,480806,1,1,0,0,0,0,0,0,0,0,0,0
2005,480806,2,1,8,6,17,17,7,31,13,13,10,12
2005,480807,1,1,0,0,10,0,0,0,0,11,0,16
2005,480808,1,1,0,0,0,0,0,0,0,0,0,0
2005,480808,2,1,0,0,0,10,0,0,17,6,0,0
2005,480809,1,1,8,0,30,0,0,0,0,0,0,0
2005,480810,1,1,0,0,0,0,0,0,0,0,0,0
2005,480810,2,1,0,0,0,0,0,0,0,0,0,0
2005,480811,1,1,0,0,0,0,0,0,0,0,0,0
2005,480811,2,1,0,0,0,0,0,0,0,0,0,0
2005,480812,0,1,0,0,0,27,28,0,0,0,27,0
2005,480812,1,1,11,11,11,11,11,11,11,11,11,11
2005,480813,1,1,0,0,0,0,0,0,0,0,0,0
2005,480813,2,1,0,0,0,0,0,0,0,0,0,0
2005,480814,1,1,0,0,0,0,0,0,0,0,0,0
2005,480815,1,1,0,0,0,0,0,0,0,0,0,0
2005,480816,1,1,9,0,23,0,18,0,28,0,28,0
2005,480817,1,1,15,15,15,15,15,15,15,15,15,15
2005,480818,1,1,0,0,0,0,0,0,0,0,0,0
2005,480818,2,1,0,0,15,0,0,0,0,0,0,0
2005,480819,1,1,14,22,0,28,0,3,9,0,13,11
2005,480820,0,1,14,26,29,0,18,16,24,0,11,10
2005,480820,1,1,23,0,29,0,0,27,0,0,0,4
2005,480821,1,1,14,13,27,18,28,10,14,13,7,10
2005,480821,2,1,0,0,0,0,0,0,25,0,0,0
2005,480822,1,1,0,0,0,0,0,0,0,0,0,0
2005,480822,2,1,0,0,0,0,0,0,0,0,0,0
2005,480823,1,1,0,0,0,0,0,0,0,0,0,0
2005,480824,1,1,0,0,0,0,0,0,0,0,0,0
2005,480825,1,1,0,0,0,0,0,0,0,0,0,0
2005,480826,1,1,0,0,0,0,0,0,0,0,0,0
2005,480827,1,1,11,11,11,11,11,11,11,11,11,11
2005,480828,1,1,0,0,0,0,0,0,0,0,0,0
2005,480829,1,1,0,0,0,0,0,0,0,0,0,0
2005,480830,0,1,0,7,0,26,32,23,16,19,19,26
2005,480830,1,1,6,6,6,6,6,6,6,6,6,6
2005,480831,1,1,0,0,0,0,0,0,0,0,16,14
2005,480832,1,1,0,0,0,21,0,11,0,22,0,0
2005,480832,2,1,0,0,0,0,0,0,0,0,0,0
2005,480832,3,1,0,0,0,0,0,0,0,11,0,0
2005,480832,4,1,0,0,0,0,0,0,0,0,0,0
2005,480833,1,1,15,21,8,15,14,0,0,28,18,19
2005,480834,1,1,5,5,5,5,5,5,5,5,5,5
2005,480834,2,1,0,0,0,0,0,0,0,0,0,0
2005,480834,3,1,0,0,0,0,0,0,0,0,0,0
2005,480834,4,1,0,7,14,0,0,0,0,0,0,0
2005,480835,1,1,31,21,24,0,0,0,0,0,10,0
2005,480836,1,1,0,0,0,0,26,0,0,0,15,0
2005,480837,0,1,0,0,0,0,0,0,0,0,0,0
2005,480837,1,1,0,0,0,0,0,0,0,0,0,0
2005,480838,1,1,0,0,0,0,0,0,0,0,0,0
2005,480838,2,1,0,0,0,0,0,0,0,0,0,0
2005,480839,1,1,0,0,0,0,0,0,0,0,0,0
2005,480839,2,1,0,0,0,0,0,0,0,0,0,0
2005,480840,1,1,0,0,0,0,0,0,0,0,0,0
2005,480840,2,1,0,0,0,0,0,0,0,0,0,10
2005,480840,3,1,0,0,0,0,0,0,0,0,0,0
2005,480840,4,1,0,0,0,0,0,0,0,0,0,16
2005,480841,1,1,0,0,0,0,0,0,0,0,0,0
2005,480841,2,1,0,0,0,0,0,0,0,0,0,0
2005,480841,3,1,0,0,0,0,0,0,0,0,0,0
2005,480842,1,1,0,0,0,0,0,0,9,0,0,18
2005,480842,2,1,0,0,0,0,0,0,0,0,0,0
2005,480843,1,1,0,14,15,19,0,0,0,4,0,13
2005,480844,1,1,0,0,0,14,20,0,27,0,0,0
2005,480844,2,1,11,10,9,0,20,0,0,0,0,0
2005,480845,1,1,0,0,0,0,0,0,0,0,0,0
2005,480845,2,1,0,0,0,4,0,0,0,14,0,0
2005,480846,1,1,12,12,12,12,12,12,12,12,12,12
2005,480847,0,1,17,17,17,17,17,17,17,17,17,17
2005,480847,1,1,0,0,0,16,15,0,32,0,11,6
2005,480848,1,1,0,0,0,18,0,0,0,0,0,0
2005,480849,1,1,0,0,0,0,0,0,0,0,0,0
2005,480849,2,1,0,0,0,0,0,0,0,0,0,0
2005,480850,1,1,0,0,0,8,0,0,0,0,0,0
2005,480851,1,1,0,0,0,0,0,0,0,0,0,0
2005,480852,1,1,0,7,0,0,19,0,0,0,0,0
2005,480853,0,1,21,21,21,21,21,21,21,21,21,21
2005,480853,1,1,15,14,7,0,20,12,0,0,0,17
2005,480854,1,1,0,0,0,28,0,16,4,9,0,0
2005,480855,1,1,7,16,0,0,0,0,0,0,0,0
2005,480855,2,1,10,10,10,10,10,10,10,10,10,10
2005,480856,1,1,8,8,8,8,8,8,8,8,8,8
2005,480857,1,1,11,0,0,8,12,0,8,15,2,18
2005,480858,1,1,21,21,21,21,21,21,21,21,21,21
2005,480859,1,1,0,0,0,0,0,0,0,0,0,0
2005,480859,2,1,0,12,12,0,15,24,30,0,24,19
2005,480860,1,1,0,13,0,16,16,0,13,0,0,0
2005,480860,2,1,0,0,0,0,0,0,0,0,0,0
2005,480861,1,1,0,0,0,0,0,0,0,0,0,18
2005,480861,2,1,0,0,3,0,32,4,0,28,0,0
2005,480862,1,1,0,0,0,0,0,0,0,0,0,0
2005,480862,2,1,0,17,0,0,0,0,0,0,17,0
2005,480862,3,1,0,0,0,0,0,0,0,0,0,0
2005,480863,1,1,0,0,0,0,0,0,0,0,0,0
2005,480863,2,1,0,0,0,0,0,0,0,0,0,0
2005,480864,1,1,15,0,0,0,0,24,0,0,3,0
2005,480865,1,1,0,0,0,0,0,0,14,0,0,0
2005,480865,2,1,0,0,0,0,0,0,0,0,0,0
2005,480866,1,1,0,0,0,0,5,0,5,0,11,0
2005,480866,2,1,0,0,0,8,0,0,26,0,0,0
2005,480867,1,1,0,0,0,0,0,0,0,0,0,0
2005,480867,2,1,0,0,0,0,0,0,0,0,0,0
2005,480868,1,1,22,22,22,22,22,22,22,22,22,22
2005,480868,2,1,0,0,0,0,0,0,0,0,0,0
2005,480869,1,1,22,22,22,22,22,22,22,22,22,22
2005,480870,1,1,5,0,0,0,16,7,9,11,0,13
2005,480870,2,1,0,0,0,0,0,0,0,0,0,0
2005,480871,1,1,27,35,25,0,12,27,24,12,18,33
2005,480872,1,1,34,11,29,11,0,13,32,49,0,11
2005,480873,0,1,30,30,30,30,30,30,30,30,30,30
2005,480873,1,1,4,0,20,0,0,14,0,15,5,0
2005,480875,1,1,8,23,21,33,18,0,30,13,13,15
2005,480875,2,1,0,0,0,0,0,0,0,0,0,0
2005,480876,1,1,0,0,0,0,0,0,0,0,0,0
2005,480876,2,1,0,18,12,0,0,0,0,0,16,22
2005,480877,1,1,0,0,0,0,0,0,0,0,0,0
2005,480877,2,1,0,0,0,0,0,0,0,0,0,0
2005,480878,1,1,0,0,0,0,0,0,0,0,0,0
2005,480880,1,1,26,26,26,26,26,26,26,26,26,26
2005,480881,0,1,29,29,29,29,29,29,29,29,29,29
2005,480881,1,1,0,14,0,0,0,0,0,0,0,0
2005,480882,1,1,0,0,0,0,0,0,0,0,0,0
2005,480882,2,1,24,24,24,24,24,24,24,24,24,24
2005,480883,1,1,0,0,0,0,0,0,0,0,0,0
2005,480883,2,1,0,0,0,0,0,0,0,0,0,0
2005,480884,1,1,19,19,19,19,19,19,19,19,19,19
2005,480884,2,1,0,0,5,0,0,0,0,0,0,0
2005,480885,1,1,0,0,19,17,21,0,21,29,0,17
2005,480886,1,1,0,0,0,0,0,0,0,0,0,0
2005,480887,1,1,22,22,22,22,22,22,22,22,22,22
2005,480888,1,1,18,18,18,18,18,18,18,18,18,18
2005,480889,1,1,0,19,20,0,0,0,0,2,29,0
2005,480890,1,1,0,24,25,0,14,10,6,0,0,19
2005,480891,1,1,0,0,0,0,0,0,0,0,0,0
2005,480891,2,1,24,24,24,24,24,24,24,24,24,24
2005,480892,1,1,0,11,0,0,9,0,0,0,0,28
2005,480893,1,1,0,20,6,10,26,23,11,6,7,0
2005,480894,1,1,0,0,14,0,0,0,7,7,0,0
2005,480895,1,1,18,18,18,18,18,18,18,18,18,18
2005,480896,1,1,0,0,0,0,0,0,0,0,0,0
2005,480896,2,1,0,0,0,0,0,0,0,10,0,0
2005,480897,1,1,0,0,0,0,0,0,0,0,0,0
2005,480898,1,1,0,0,0,0,0,0,0,0,0,0
2005,480899,1,1,0,0,0,0,0,0,0,0,0,0
2005,480899,2,1,0,0,0,0,0,0,0,0,0,0
2005,480900,1,1,0,0,0,0,0,0,0,0,7,0
2005,480900,2,1,0,0,0,0,0,0,0,11,0,0
2005,480901,1,1,0,0,0,0,0,0,0,0,0,0
2005,480901,2,1,0,0,0,0,0,0,0,0,0,0
2005,480902,1,1,0,22,36,0,0,31,11,15,0,12
2005,480903,0,1,0,0,0,0,0,13,30,36,0,21
2005,480903,1,1,0,0,0,0,0,0,0,0,0,28
2005,480904,1,1,16,16,16,16,16,16,16,16,16,16
2005,480904,2,1,3,0,8,0,0,0,6,0,0,0
2005,480905,1,1,25,25,25,25,25,25,25,25,25,25
2005,480905,2,1,0,8,0,0,0,0,0,0,0,0
2005,480905,3,1,0,0,0,0,0,0,0,17,0,0
2005,480905,4,1,0,0,0,0,0,0,0,0,0,0
2005,480905,5,1,0,0,0,0,0,0,0,0,0,0
2005,480905,6,1,0,0,0,0,0,0,0,0,0,28
2005,480906,1,1,0,0,0,0,0,10,0,0,0,0
2005,480906,2,1,36,36,36,36,36,36,36,36,36,36
2005,480907,1,1,17,17,17,17,17,17,17,17,17,17
2005,480908,1,1,3,3,3,3,3,3,3,3,3,3
2005,480908,2,1,0,0,0,0,0,0,0,0,0,0
2005,480909,1,1,8,12,0,0,0,0,0,0,13,0
2005,480909,2,1,0,0,0,0,0,0,0,0,0,0
2005,480909,3,1,0,0,0,0,0,0,0,0,0,0
2005,480909,4,1,0,0,0,0,0,0,0,23,0,0
2005,480910,1,1,0,0,0,0,0,0,0,0,0,0
2005,480910,2,1,0,0,0,0,0,0,0,0,0,0
2005,480911,1,1,23,23,23,23,23,23,23,23,23,23
2005,480911,2,1,11,11,11,11,11,11,11,11,11,11
2005,480912,1,1,0,0,0,0,0,0,0,0,0,0
2005,480912,2,1,0,0,0,0,0,0,0,0,0,0
2005,480913,0,1,0,0,0,0,0,17,0,0,20,14
2005,480913,1,1,0,0,0,0,0,0,7,0,0,0
2005,480914,1,1,10,10,10,10,10,10,10,10,10,10
2005,480915,1,1,0,0,0,0,0,0,0,0,0,0
2005,480916,1,1,27,27,27,27,27,27,27,27,27,27
2005,480917,0,1,35,23,0,0,0,0,0,0,0,0
2005,480917,1,1,0,0,0,7,0,0,0,0,12,0
2005,480918,1,1,0,0,0,0,0,0,0,0,0,0
2005,480919,1,1,0,0,0,0,0,0,0,0,0,0
2005,480919,2,1,1,1,1,1,1,1,1,1,1,1
2005,480920,1,1,0,0,0,0,0,0,0,0,0,0
2005,480921,1,1,0,0,0,0,12,0,0,0,11,0
2005,480921,2,1,0,0,0,0,20,0,0,0,0,0
2005,480922,1,1,0,0,0,0,0,0,0,0,0,0
2005,480922,2,1,0,0,0,0,0,1,0,0,0,0
2005,480923,1,1,0,0,0,0,0,0,0,0,0,0
2005,480923,2,1,0,0,0,0,0,7,0,0,0,0
2005,480924,1,1,13,13,13,13,13,13,13,13,13,13
2005,480925,1,1,0,0,0,0,0,0,0,0,0,0
2005,480925,2,1,0,0,0,0,0,0,0,15,0,0
2005,480926,1,1,20,29,12,39,0,0,0,0,36,0
2005,480927,1,1,17,17,17,17,17,17,17,17,17,17
2005,480928,1,1,0,0,0,0,0,0,0,0,0,0
2005,480928,2,1,0,0,0,0,0,0,0,0,11,0
2005,480928,3,1,0,0,0,0,0,0,0,0,0,0
2005,480929,1,1,0,0,0,0,0,0,0,0,0,0
2005,480929,2,1,0,0,0,0,0,0,0,0,0,0
2005,480930,1,1,0,0,0,0,0,0,0,0,0,0
2005,480930,2,1,0,0,0,0,0,0,0,0,0,0
2005,480930,3,1,0,0,0,0,0,0,0,0,0,0
2005,480931,1,1,0,0,0,0,0,0,0,0,0,0
2005,480931,2,1,0,0,0,0,0,0,0,0,0,0
2005,480932,1,1,1,1,1,1,1,1,1,1,1,1
2005,480933,1,1,0,0,0,0,0,0,0,0,16,0
2005,480933,2,1,0,0,0,0,0,0,0,0,0,0
2005,480934,0,1,0,0,28,0,17,17,17,0,29,20
2005,480934,1,1,18,18,18,18,18,18,18,18,18,18
2005,480934,2,1,0,0,0,0,0,0,7,0,0,0
2005,480934,3,1,0,0,0,0,0,0,0,0,0,0
2005,480935,1,1,14,42,0,35,16,14,30,0,8,0
2005,480936,1,1,0,7,0,0,0,27,0,15,0,19
2005,480937,1,1,0,0,0,0,0,0,0,0,0,0
2005,480937,2,1,0,0,0,0,0,0,0,0,0,0
2005,480938,1,1,0,0,0,0,0,0,0,0,0,0
2005,480939,1,1,0,0,0,0,0,0,0,0,0,0
2005,480940,0,1,32,20,24,0,0,0,0,0,22,13
2005,480940,1,1,13,13,13,13,13,13,13,13,13,13
2005,480941,1,1,5,5,5,5,5,5,5,5,5,5
2005,480941,2,1,0,0,0,0,0,5,0,0,0,0
2005,480942,1,1,44,44,44,44,44,44,44,44,44,44
2005,480942,2,1,0,0,0,0,13,0,16,0,0,0
2005,480943,1,1,16,16,16,16,16,16,16,16,16,16
2005,480944,1,1,7,7,7,7,7,7,7,7,7,7
2005,480945,1,1,0,0,0,0,0,0,0,0,0,0
2005,480945,2,1,0,0,0,0,0,0,0,0,0,0
2005,480946,1,1,0,0,0,0,0,0,0,0,0,0
2005,480946,2,1,0,0,0,0,0,0,0,0,0,0
2005,480947,1,1,17,0,0,0,0,0,0,0,0,0
2005,480948,1,1,5,5,5,5,5,5,5,5,5,5
2005,480948,2,1,0,20,0,0,0,7,15,0,0,0
2005,480949,0,1,22,0,0,0,36,0,0,0,0,0
2005,480949,1,1,0,17,0,0,0,0,23,15,0,0
2005,480950,0,1,0,0,0,0,0,17,0,0,31,0
2005,480950,1,1,0,0,0,0,12,0,0,0,0,0
2005,480951,1,1,0,0,0,0,0,0,0,0,0,0
2005,480952,1,1,0,0,0,0,0,0,0,0,0,0
2005,480953,1,1,0,0,20,0,0,0,4,23,0,0
2005,480953,2,1,0,0,0,0,0,0,0,0,0,0
2005,480954,1,1,0,0,0,0,0,0,0,0,0,0
2005,480954,2,1,0,0,0,0,0,0,0,0,0,0
2005,480955,0,1,0,25,8,0,31,0,0,0,0,0
2005,480955,1,1,0,0,0,0,0,0,0,0,0,0
2005,480955,2,1,13,13,13,13,13,13,13,13,13,13
2005,480956,1,1,14,14,14,14,14,14,14,14,14,14
2005,480957,1,1,0,0,0,0,0,0,0,0,0,0
2005,480957,2,1,0,0,25,0,7,0,0,0,15,0
2005,480958,1,1,20,20,20,20,20,20,20,20,20,20
2005,480959,1,1,7,7,7,7,7,7,7,7,7,7
2005,480959,2,1,0,11,0,23,27,14,5,0,18,0
2005,480960,0,1,0,0,0,0,0,0,0,0,0,0
2005,480960,1,1,0,0,0,0,0,0,0,0,0,0
2005,480961,1,1,6,0,15,30,0,6,0,25,12,29
2005,480962,1,1,0,0,0,0,7,0,0,0,0,0
2005,480962,2,1,3,3,3,3,3,3,3,3,3,3
2005,480963,1,1,20,20,20,20,20,20,20,20,20,20
2005,480963,2,1,0,0,0,0,0,0,0,0,0,0
2005,480964,1,1,24,24,24,24,24,24,24,24,24,24
2005,480965,1,1,19,19,19,19,19,19,19,19,19,19
2005,480966,0,1,0,15,0,0,0,10,21,0,0,0
2005,480966,1,1,0,12,4,0,13,0,0,0,0,12
2005,480967,1,1,41,41,41,41,41,41,41,41,41,41
2005,480967,2,1,0,0,0,0,0,0,0,0,0,0
2005,480968,1,1,19,19,19,19,19,19,19,19,19,19
2005,480968,2,1,16,20,0,39,13,13,11,0,0,0
2005,480969,1,1,0,0,0,0,0,21,0,0,0,0
2005,480970,1,1,14,14,14,14,14,14,14,14,14,14
2005,480970,2,1,0,0,9,0,0,0,0,0,0,0
2005,480971,1,1,0,0,0,0,0,0,0,0,0,0
2005,480971,2,1,0,0,0,0,0,0,0,0,0,0
2005,480972,1,1,2,2,2,2,2,2,2,2,2,2
2005,480973,1,1,19,19,19,19,19,19,19,19,19,19
2005,480974,0,1,0,0,0,0,0,0,0,0,0,0
2005,480974,1,1,0,0,0,0,0,0,0,0,0,0
2005,480975,0,1,25,26,0,0,0,0,30,0,25,0
2005,480975,1,1,13,13,13,13,13,13,13,13,13,13
2005,480976,1,1,0,23,0,0,0,0,11,0,0,0
2005,480976,2,1,0,0,0,24,0,0,0,0,0,0
2005,480977,1,1,0,11,0,0,0,0,0,22,0,0
2005,480978,1,1,0,0,0,0,0,0,0,0,0,0
2005,480978,2,1,0,0,0,30,0,0,0,0,0,0
2005,480979,1,1,0,0,0,0,0,0,0,0,0,0
2005,480979,2,1,0,0,0,0,0,0,0,0,0,0
2005,480980,1,1,23,0,15,21,14,8,11,21,12,29
2005,480980,2,1,0,0,0,0,0,0,0,0,0,0
2005,480981,1,1,19,19,19,19,19,19,19,19,19,19
2005,480981,2,1,3,0,0,0,0,0,0,23,11,0
2005,480982,1,1,27,27,27,27,27,27,27,27,27,27
2005,480982,2,1,0,0,0,0,0,0,0,0,0,0
2005,480983,0,1,0,0,0,0,0,0,0,0,0,0
2005,480983,1,1,0,0,0,0,0,0,0,0,0,0
2005,480984,1,1,6,17,11,10,12,0,12,7,7,21
2005,480985,1,1,0,3,0,1,0,0,0,0,0,0
2005,480985,2,1,0,0,0,0,0,0,0,0,0,0
2005,480986,1,1,0,0,0,0,0,0,0,0,0,0
2005,480986,2,1,0,0,0,0,0,0,0,0,0,0
2005,480987,1,1,0,0,0,0,0,0,0,8,0,11
2005,480988,0,1,28,28,28,28,28,28,28,28,28,28
2005,480988,1,1,0,0,0,0,0,0,0,4,0,0
2005,480989,1,1,0,0,0,0,0,0,0,0,0,0
2005,480989,2,1,0,0,0,0,10,0,0,0,0,0
2005,480990,0,1,0,0,0,0,0,0,0,0,0,0
2005,480990,1,1,0,0,0,0,0,0,0,0,0,0
2005,480991,1,1,0,20,14,0,23,0,0,0,16,0
2005,480992,1,1,0,0,12,0,0,20,0,0,0,0
2005,480992,2,1,0,0,0,0,0,0,0,0,0,0
2005,480993,0,1,0,4,0,0,22,22,42,31,0,18
2005,480993,1,1,0,0,0,0,0,0,0,0,0,0
2005,480993,2,1,7,0,0,0,0,0,0,10,0,0
2005,480994,1,1,0,0,0,0,0,0,0,0,0,0
2005,480994,2,1,0,0,0,0,0,0,0,0,0,0
2005,480995,1,1,9,2,30,26,22,16,6,27,21,15
2005,480996,1,1,0,0,0,0,10,0,10,38,0,0
2005,480996,2,1,0,0,0,0,0,0,0,0,0,0
2005,480997,0,1,21,10,17,19,13,36,25,0,23,18
2005,480997,1,1,0,0,0,0,0,0,0,0,0,0
2005,480998,1,1,24,24,24,24,24,24,24,24,24,24
2005,480999,1,1,0,0,0,0,0,0,0,0,0,0
2005,480999,2,1,17,0,0,0,0,3,0,13,4,0
2005,481000,1,1,0,0,0,0,0,0,0,0,0,0
2005,481000,2,1,0,0,0,0,0,0,0,0,0,0
2005,481001,1,1,0,0,0,0,3,0,0,0,0,0
2005,481001,2,1,0,0,0,0,0,0,0,0,0,15
2005,481002,1,1,0,0,0,0,0,0,0,0,0,0
2005,481003,1,1,0,0,0,0,0,0,0,0,0,0
2005,481004,1,1,0,0,0,0,0,0,0,0,0,0
2005,481004,2,1,0,0,0,0,0,0,0,0,0,0
2005,481005,1,1,0,0,0,0,0,0,0,0,0,0
2005,481006,1,1,20,20,20,20,20,20,20,20,20,20
2005,481006,2,1,7,0,0,12,0,0,0,0,0,16
2005,481006,3,1,0,0,0,8,0,0,0,0,0,16
2005,481007,1,1,0,0,0,0,0,0,0,0,0,0