YEAR,ST_CASE,veh_no,per_no,P1,P2,P3,P4,P5,P6,P7,P8,P9,P10
2005,481007,2,1,0,0,0,0,0,0,0,0,0,0
2005,481008,1,1,10,26,0,0,0,0,0,0,0,0
2005,481009,1,1,0,22,0,11,0,16,0,0,25,0
2005,481010,0,1,0,35,0,0,0,5,0,22,0,0
2005,481010,1,1,0,0,0,0,0,0,0,0,0,0
2005,481011,1,1,0,0,0,0,0,0,0,0,0,0
2005,481012,1,1,0,0,0,0,0,0,0,0,0,0
2005,481012,2,1,0,13,13,17,0,0,0,9,16,15
2005,481013,1,1,0,0,0,0,0,0,0,0,0,0
2005,481014,1,1,27,27,27,27,27,27,27,27,27,27
2005,481015,1,1,0,0,0,0,0,0,0,0,0,0
2005,481016,1,1,0,0,0,0,0,0,0,0,0,0
2005,481016,2,1,0,0,0,0,0,0,0,0,0,0
2005,481017,1,1,0,0,0,0,0,0,0,0,0,0
2005,481018,1,1,0,0,0,0,0,13,0,0,0,0
2005,481018,2,1,0,0,0,0,0,0,0,31,0,0
2005,481019,0,1,0,0,0,18,0,0,0,0,0,0
2005,481019,1,1,0,19,0,12,26,0,18,0,0,0
2005,481020,1,1,0,0,0,0,0,0,0,0,0,0
2005,481020,2,1,0,15,0,0,0,0,0,20,30,15
2005,481021,1,1,19,19,19,19,19,19,19,19,19,19
2005,481022,1,1,28,28,28,28,28,28,28,28,28,28
2005,481022,2,1,0,0,0,0,0,0,12,0,0,0
2005,481022,3,1,0,0,0,0,0,0,0,22,0,0
2005,481023,1,1,0,0,0,0,0,0,0,0,0,0
2005,481023,2,1,0,0,0,0,0,0,0,0,0,0
2005,481024,1,1,15,15,15,15,15,15,15,15,15,15
2005,481024,2,1,0,0,0,0,0,0,0,0,0,0
2005,481025,1,1,0,0,0,0,0,0,0,0,0,0
2005,481026,1,1,17,0,0,0,0,0,0,0,0,0
2005,481027,1,1,20,20,20,20,20,20,20,20,20,20
2005,481028,1,1,23,3,0,11,0,20,0,14,0,17
2005,481029,1,1,0,0,0,0,0,0,0,0,0,0
2005,481029,2,1,0,14,0,0,29,0,0,0,0,0
2005,481030,1,1,0,0,0,0,0,0,0,0,0,0
2005,481030,2,1,0,0,0,0,0,0,0,0,0,0
2005,481031,1,1,0,0,0,0,0,0,0,0,0,0
2005,481032,1,1,0,0,0,0,0,0,0,0,0,0
2005,481032,2,1,0,0,0,0,0,0,0,8,0,0
2005,481033,1,1,11,11,11,11,11,11,11,11,11,11
2005,481034,1,1,0,0,0,0,0,0,0,0,0,0
2005,481034,2,1,0,0,0,2,0,0,0,0,0,0
2005,481034,3,1,0,0,0,0,0,0,0,0,0,0
2005,481034,4,1,0,0,0,0,0,0,0,0,0,0
2005,481035,1,1,1,1,1,1,1,1,1,1,1,1
2005,481035,2,1,0,0,0,0,55,0,0,0,0,0
2005,481036,1,1,0,0,0,20,11,0,0,17,0,6
2005,481037,1,1,14,14,14,14,14,14,14,14,14,14
2005,481038,1,1,16,16,16,16,16,16,16,16,16,16
2005,481038,2,1,4,16,10,2,7,0,4,9,9,6
2005,481039,1,1,33,33,33,33,33,33,33,33,33,33
2005,481039,2,1,0,0,15,0,0,0,8,19,10,0
2005,481040,1,1,19,34,12,24,30,27,31,24,34,0
2005,481041,0,1,0,0,0,0,0,16,0,0,0,0
2005,481041,1,1,0,0,0,0,0,0,0,0,0,0
2005,481042,0,1,0,0,0,0,0,0,0,0,0,0
2005,481042,1,1,0,0,0,0,0,0,0,0,0,0
2005,481042,2,1,0,0,0,13,0,0,0,0,0,0
2005,481043,0,1,0,0,0,0,30,21,0,0,0,0
2005,481043,0,2,0,0,7,0,0,5,0,0,23,0
2005,481043,0,3,36,0,0,0,7,0,0,0,0,0
2005,481043,1,1,0,0,0,0,0,0,29,0,0,0
2005,481044,1,1,8,8,8,8,8,8,8,8,8,8
2005,481045,1,1,20,11,8,0,12,25,14,11,8,5
2005,481046,1,1,24,0,0,0,0,0,0,0,0,0
2005,481047,0,1,0,0,30,27,0,0,0,20,22,0
2005,481047,1,1,0,0,46,29,0,18,0,0,13,0
2005,481048,0,1,7,29,40,21,0,0,27,23,11,9
2005,481048,1,1,0,0,0,0,0,7,0,0,0,0
2005,481049,1,1,0,0,0,0,0,0,0,0,0,0
2005,481049,2,1,0,0,0,7,0,0,0,0,0,0
2005,481050,1,1,0,0,0,0,0,0,0,0,0,0
2005,481050,2,1,0,0,0,0,0,0,0,0,0,0
2005,481050,3,1,0,0,0,0,0,0,0,0,0,0
2005,481051,1,1,0,0,0,0,0,0,0,0,0,0
2005,481051,2,1,0,24,0,0,18,0,0,0,0,0
2005,481051,3,1,25,0,0,0,0,0,0,0,0,0
2005,481052,1,1,0,0,0,0,0,0,0,0,0,0
2005,481052,2,1,0,0,0,0,0,0,0,0,0,0
2005,481052,3,1,0,0,0,0,0,0,0,0,0,0
2005,481053,0,1,0,0,0,0,0,0,0,0,0,0
2005,481053,0,2,0,0,0,0,0,0,0,0,0,0
2005,481053,1,1,14,14,14,14,14,14,14,14,14,14
2005,481054,0,1,17,7,15,14,0,0,10,15,17,0
2005,481054,1,1,30,30,30,30,30,30,30,30,30,30
2005,481055,1,1,0,0,0,0,9,0,0,0,0,0
2005,481055,2,1,0,0,0,0,0,0,0,0,0,0
2005,481055,3,1,0,0,0,0,0,0,0,0,0,0
2005,481055,4,1,10,0,10,0,0,0,0,0,0,0
2005,481056,1,1,0,0,0,0,0,0,0,0,0,0
2005,481056,2,1,0,0,0,0,0,0,0,0,0,0
2005,481057,1,1,21,21,21,21,21,21,21,21,21,21
2005,481058,1,1,28,28,28,28,28,28,28,28,28,28
2005,481058,2,1,0,0,25,0,0,0,0,12,0,5
2005,481058,3,1,0,0,0,0,0,0,0,0,0,0
2005,481058,4,1,0,0,4,0,0,0,0,0,0,0
2005,481058,5,1,0,6,0,4,0,18,9,0,14,0
2005,481059,1,1,1,1,1,1,1,1,1,1,1,1
2005,481059,2,1,0,0,0,0,0,0,0,0,0,0
2005,481060,1,1,0,0,0,8,0,0,0,0,0,0
2005,481061,1,1,0,0,0,3,0,0,0,0,0,0
2005,481061,2,1,8,0,0,0,0,21,0,0,22,5
2005,481062,1,1,17,17,17,17,17,17,17,17,17,17
2005,481063,1,1,17,17,17,17,17,17,17,17,17,17
2005,481064,1,1,31,31,31,31,31,31,31,31,31,31
2005,481065,1,1,13,13,13,13,13,13,13,13,13,13
2005,481066,1,1,0,0,0,0,0,0,0,0,0,0
2005,481066,2,1,0,0,0,0,0,0,0,0,0,0
2005,481067,1,1,0,0,0,0,0,0,0,0,0,0
2005,481067,2,1,4,35,13,15,27,16,8,23,29,0
2005,481068,1,1,14,14,14,14,14,14,14,14,14,14
2005,481069,1,1,17,17,17,17,17,17,17,17,17,17
2005,481070,0,1,0,0,0,0,0,0,0,0,0,0
2005,481070,1,1,0,0,8,21,23,11,44,0,0,8
2005,481070,2,1,0,0,0,0,0,0,4,0,0,0
2005,481071,1,1,23,0,0,19,0,0,20,0,0,0
2005,481072,0,1,27,27,27,27,27,27,27,27,27,27
2005,481072,1,1,24,0,5,12,0,0,0,6,0,10
2005,481073,0,1,3,3,3,3,3,3,3,3,3,3
2005,481073,1,1,0,0,0,13,0,0,11,0,10,0
2005,481073,2,1,12,0,0,0,10,11,0,0,13,0
2005,481073,3,1,0,0,0,0,18,0,0,19,0,0
2005,481074,1,1,0,0,0,0,3,0,0,0,12,0
2005,481075,1,1,10,10,10,10,10,10,10,10,10,10
2005,481075,2,1,14,14,14,14,14,14,14,14,14,14
2005,481076,1,1,9,9,9,9,9,9,9,9,9,9
2005,481077,1,1,0,0,0,0,0,0,0,0,0,0
2005,481077,2,1,0,0,0,0,0,0,0,0,0,0
2005,481078,1,1,0,0,0,0,0,0,0,0,0,0
2005,481078,2,1,0,0,0,0,0,0,0,0,0,0
2005,481079,0,1,0,0,0,0,0,0,0,0,0,0
2005,481079,1,1,22,0,0,0,0,0,0,0,0,0
2005,481080,1,1,12,0,0,0,14,0,31,0,0,0
2005,481080,2,1,0,0,0,0,0,0,0,0,0,0
2005,481081,1,1,12,12,12,12,12,12,12,12,12,12
2005,481082,1,1,0,0,0,33,0,0,0,26,10,0
2005,481083,1,1,0,0,0,0,0,0,0,0,0,10
2005,481083,2,1,0,0,0,0,0,0,0,0,0,0
2005,481083,3,1,0,0,0,0,0,0,0,0,0,0
2005,481084,1,1,0,0,0,0,0,0,0,0,0,0
2005,481085,0,1,1,1,1,1,1,1,1,1,1,1
2005,481085,1,1,0,5,0,16,0,0,0,0,0,16
2005,481086,1,1,0,0,0,0,0,0,0,0,0,0
2005,481087,1,1,0,0,0,14,2,0,11,15,0,0
2005,481087,2,1,0,0,0,0,0,0,0,0,0,0
2005,481088,1,1,0,0,0,0,0,0,0,0,0,0
2005,481089,1,1,0,0,0,0,0,0,0,0,0,0
2005,481089,2,1,0,0,0,0,0,0,0,0,0,0
2005,481090,1,1,20,20,20,20,20,20,20,20,20,20
2005,481090,2,1,0,0,13,0,15,0,0,0,0,6
2005,481091,1,1,0,0,0,0,0,0,0,0,0,0
2005,481092,0,1,3,3,3,3,3,3,3,3,3,3
2005,481092,1,1,0,0,0,0,0,0,0,0,0,0
2005,481093,1,1,17,0,25,0,0,0,25,0,22,18
2005,481094,1,1,6,6,6,6,6,6,6,6,6,6
2005,481095,1,1,0,0,0,0,0,0,0,0,0,0
2005,481096,1,1,17,17,17,17,17,17,17,17,17,17
2005,481097,1,1,0,0,0,0,0,8,0,0,15,0
2005,481097,2,1,0,0,0,0,0,0,0,0,0,0
2005,481098,1,1,14,11,14,0,0,0,8,13,19,27
2005,481099,1,1,0,0,0,0,0,14,0,0,0,0
2005,481100,1,1,29,29,29,29,29,29,29,29,29,29
2005,481101,1,1,0,0,0,0,0,0,0,0,0,0
2005,481101,2,1,0,0,0,11,0,0,0,13,0,0
2005,481102,1,1,0,0,0,0,0,0,0,0,0,0
2005,481102,2,1,0,0,0,0,0,0,0,0,0,0
2005,481103,1,1,0,0,0,0,0,0,0,0,0,0
2005,481103,2,1,0,0,0,0,24,0,0,0,0,0
2005,481104,1,1,9,9,9,9,9,9,9,9,9,9
2005,481105,1,1,22,22,22,22,22,22,22,22,22,22
2005,481106,1,1,0,0,0,0,0,0,0,0,0,0
2005,481106,2,1,0,0,0,0,0,0,0,0,0,0
2005,481107,1,1,18,18,18,18,18,18,18,18,18,18
2005,481108,0,1,0,0,0,0,0,0,0,0,0,0
2005,481108,1,1,0,5,0,0,12,0,0,22,21,25
2005,481109,1,1,13,13,13,13,13,13,13,13,13,13
2005,481110,1,1,15,15,15,15,15,15,15,15,15,15
2005,481111,1,1,0,0,0,0,0,0,0,0,0,0
2005,481112,1,1,12,12,12,12,12,12,12,12,12,12
2005,481112,2,1,9,0,0,0,8,0,0,0,0,11
2005,481113,1,1,0,0,0,0,0,0,0,0,0,0
2005,481114,2,1,13,17,18,14,0,21,34,44,9,15
2005,481115,1,1,26,25,23,25,24,0,28,27,12,22
2005,481116,1,1,12,12,12,12,12,12,12,12,12,12
2005,481117,0,1,0,0,0,35,0,17,0,0,0,0
2005,481117,1,1,0,0,0,0,0,0,0,0,0,0
2005,481118,1,1,0,0,0,0,0,0,0,0,0,0
2005,481118,2,1,0,0,0,0,0,0,0,0,0,0
2005,481119,0,1,14,18,0,7,0,21,0,0,10,0
2005,481119,1,1,0,26,0,0,0,0,15,0,0,0
2005,481120,1,1,0,0,0,0,0,0,0,0,0,0
2005,481120,2,1,0,0,0,0,0,0,0,0,0,0
2005,481121,1,1,0,0,0,4,5,0,0,11,0,0
2005,481121,2,1,0,0,0,0,0,0,0,0,0,0
2005,481122,1,1,40,40,40,40,40,40,40,40,40,40
2005,481123,1,1,0,0,0,0,0,0,0,0,0,0
2005,481123,2,1,0,0,0,0,0,0,0,6,0,0
2005,481124,1,1,0,0,0,0,0,0,0,0,0,0
2005,481124,2,1,0,0,0,0,0,22,0,4,0,0
2005,481125,1,1,0,0,0,0,0,0,0,0,0,0
2005,481125,2,1,0,0,0,0,0,0,0,0,0,0
2005,481125,3,1,0,0,0,0,0,0,0,0,0,0
2005,481126,1,1,0,0,0,0,0,0,0,0,0,0
2005,481126,2,1,0,0,0,0,0,0,0,13,0,0
2005,481127,1,1,0,4,0,0,0,0,0,0,0,0
2005,481127,2,1,0,0,0,0,0,0,0,0,0,0
2005,481128,0,1,0,0,0,8,0,0,7,0,0,0
2005,481128,0,2,0,0,0,0,0,0,0,0,0,0
2005,481128,1,1,0,0,0,0,0,0,0,0,0,15
2005,481129,1,1,0,4,14,5,10,12,0,16,0,13
2005,481130,1,1,0,0,0,0,0,0,0,0,0,0
2005,481130,2,1,0,0,0,0,0,0,0,0,0,0
2005,481131,1,1,0,0,5,0,0,4,0,0,45,0
2005,481132,1,1,16,16,16,16,16,16,16,16,16,16
2005,481132,2,1,0,0,0,0,0,0,0,0,0,0
2005,481133,1,1,13,13,13,13,13,13,13,13,13,13
2005,481134,1,1,25,25,25,25,25,25,25,25,25,25
2005,481135,1,1,12,18,34,22,39,18,1,20,18,0
2005,481136,1,1,0,0,0,21,0,0,0,0,0,0
2005,481137,1,1,0,0,0,0,0,0,0,0,14,13
2005,481138,1,1,0,0,0,0,0,0,0,0,0,0
2005,481139,1,1,21,0,0,0,0,0,0,0,0,0
2005,481139,2,1,0,0,0,0,0,0,0,0,0,0
2005,481140,1,1,12,12,12,12,12,12,12,12,12,12
2005,481141,1,1,0,0,0,0,0,0,0,0,0,0
2005,481142,1,1,19,19,19,19,19,19,19,19,19,19
2005,481142,2,1,0,0,0,0,0,14,0,0,0,0
2005,481143,1,1,7,10,15,0,15,0,30,0,9,21
2005,481144,0,1,0,0,0,0,0,0,0,0,0,0
2005,481144,1,1,0,0,19,0,0,0,0,0,0,0
2005,481145,1,1,15,15,15,15,15,15,15,15,15,15
2005,481146,1,1,0,0,0,0,0,0,0,0,0,0
2005,481146,2,1,0,0,0,0,0,0,0,0,0,0
2005,481146,3,1,0,0,0,0,0,0,0,0,15,0
2005,481146,4,1,0,0,0,0,0,0,0,0,0,0
2005,481147,1,1,0,0,0,0,0,0,6,0,0,0
2005,481147,2,1,0,11,0,12,0,0,0,0,0,0
2005,481148,1,1,1,1,1,1,1,1,1,1,1,1
2005,481148,2,1,0,0,0,0,0,0,0,0,0,0
2005,481149,1,1,13,13,13,13,13,13,13,13,13,13
2005,481149,2,1,13,13,13,13,13,13,13,13,13,13
2005,481150,1,1,13,13,13,13,13,13,13,13,13,13
2005,481151,0,1,0,0,0,0,0,0,0,0,0,22
2005,481151,1,1,0,0,0,0,0,0,0,16,26,22
2005,481152,1,1,8,17,12,28,0,0,22,15,0,0
2005,481152,2,1,16,0,0,0,0,0,10,0,0,0
2005,481153,1,1,0,0,0,0,0,0,0,0,0,0
2005,481153,2,1,0,0,0,0,0,0,0,0,0,0
2005,481154,1,1,0,0,0,0,0,0,0,0,0,0
2005,481155,1,1,15,0,0,0,0,0,0,0,0,0
2005,481156,1,1,0,0,0,0,0,0,0,0,0,0
2005,481156,2,1,0,0,0,0,0,0,0,0,0,0
2005,481157,1,1,0,17,24,0,0,8,0,0,0,0
2005,481157,2,1,0,0,0,0,0,0,0,0,0,0
2005,481158,1,1,0,0,0,0,0,0,0,0,0,0
2005,481158,2,1,0,0,0,0,0,0,0,0,0,10
2005,481158,3,1,0,0,0,0,0,0,0,0,0,0
2005,481158,4,1,0,0,0,0,0,0,0,0,0,0
2005,481159,1,1,0,0,0,0,0,0,0,0,0,0
2005,481159,2,1,0,0,0,0,0,0,0,0,0,0
2005,481160,1,1,0,9,0,0,0,0,0,0,0,0
2005,481160,2,1,0,0,0,0,0,0,14,0,12,0
2005,481161,1,1,6,6,6,6,6,6,6,6,6,6
2005,481161,2,1,0,0,0,0,0,0,0,0,0,0
2005,481162,1,1,11,11,11,11,11,11,11,11,11,11
2005,481163,1,1,20,23,28,16,7,15,6,5,16,2
2005,481164,1,1,0,0,0,0,0,0,0,0,0,0
2005,481165,1,1,2,2,2,2,2,2,2,2,2,2
2005,481165,2,1,5,0,0,0,0,0,0,0,0,17
2005,481166,1,1,0,0,0,0,0,0,0,0,0,9
2005,481166,2,1,0,0,0,0,0,0,0,0,0,0
2005,481167,1,1,0,0,5,0,0,0,0,7,0,0
2005,481168,0,1,0,0,0,0,18,0,15,0,0,0
2005,481168,1,1,0,0,0,12,0,0,4,4,0,0
2005,481169,1,1,25,24,22,25,21,10,24,11,18,12
2005,481170,1,1,11,11,11,11,11,11,11,11,11,11
2005,481170,2,1,0,0,0,0,0,0,0,0,0,0
2005,481171,1,1,0,0,0,0,6,21,0,0,0,0
2005,481171,2,1,0,0,0,0,0,0,0,0,0,0
2005,481172,1,1,18,18,18,18,18,18,18,18,18,18
2005,481173,1,1,18,0,0,13,19,0,0,0,7,0
2005,481174,1,1,0,0,0,0,0,0,0,0,0,0
2005,481175,1,1,0,0,0,0,0,0,12,0,7,9
2005,481175,2,1,5,5,5,5,5,5,5,5,5,5
2005,481176,1,1,17,17,17,17,17,17,17,17,17,17
2005,481177,0,1,0,10,0,0,0,19,18,0,20,14
2005,481177,1,1,0,0,0,0,0,0,0,0,0,0
2005,481178,1,1,0,0,0,0,0,0,0,0,0,0
2005,481178,2,1,11,0,0,12,15,0,10,13,0,0
2005,481179,1,1,0,0,0,0,0,0,0,0,0,0
2005,481179,2,1,10,0,0,0,0,0,0,0,0,0
2005,481180,1,1,0,0,0,0,0,0,0,0,0,0
2005,481180,2,1,0,0,0,0,0,0,18,0,0,0
2005,481181,0,1,30,20,16,0,0,0,0,0,0,0
2005,481181,1,1,0,37,0,11,19,0,12,0,0,0
2005,481182,1,1,0,0,0,0,0,0,0,0,6,0
2005,481182,2,1,0,0,0,0,0,0,0,0,0,0
2005,481183,1,1,0,0,11,0,27,0,15,0,19,13
2005,481184,1,1,0,0,0,0,0,0,0,15,0,0
2005,481184,2,1,0,0,0,5,0,0,0,0,0,0
2005,481185,1,1,0,0,0,0,0,0,0,0,0,0
2005,481185,2,1,0,0,0,0,0,0,0,0,0,0
2005,481186,1,1,0,0,0,0,0,0,0,0,0,0
2005,481186,2,1,0,0,0,0,0,0,0,0,0,0
2005,481187,1,1,0,0,0,0,0,0,0,0,0,0
2005,481187,2,1,0,0,0,0,0,0,0,0,0,0
2005,481188,1,1,0,26,0,21,0,21,4,0,0,0
2005,481189,1,1,0,9,0,0,19,0,11,0,0,0
2005,481190,1,1,0,0,0,0,0,0,0,0,0,0
2005,481190,2,1,0,22,0,0,0,0,10,0,0,0
2005,481190,3,1,8,0,22,10,0,24,31,10,0,43
2005,481191,1,1,0,0,14,0,0,0,32,0,0,0
2005,481192,1,1,0,0,0,0,0,0,0,0,0,0
2005,481192,2,1,0,0,0,0,0,0,0,0,0,23
2005,481193,1,1,13,13,13,13,13,13,13,13,13,13
2005,481193,2,1,10,0,0,0,0,0,0,0,0,0
2005,481194,1,1,0,0,0,0,0,0,0,0,0,0
2005,481194,2,1,0,0,0,0,0,0,0,0,0,0
2005,481195,1,1,0,0,0,0,0,0,0,0,0,0
2005,481195,2,1,0,0,0,0,0,0,0,0,0,0
2005,481196,1,1,0,0,0,0,0,0,0,0,0,0
2005,481197,1,1,20,20,20,20,20,20,20,20,20,20
2005,481197,2,1,0,0,0,0,0,0,0,0,0,0
2005,481198,1,1,0,0,0,31,0,22,23,0,16,0
2005,481199,1,1,0,0,0,0,0,0,0,0,0,0
2005,481199,2,1,0,0,0,0,0,0,0,0,0,0
2005,481200,1,1,17,17,17,17,17,17,17,17,17,17
2005,481200,2,1,0,0,0,0,0,0,0,0,0,0
2005,481201,1,1,0,0,0,0,0,11,0,0,0,0
2005,481201,2,1,0,0,0,0,0,0,0,0,12,0
2005,481201,3,1,0,0,0,0,0,0,0,0,0,0
2005,481202,1,1,0,0,0,0,0,0,0,0,0,0
2005,481202,2,1,0,0,0,0,0,0,0,0,0,0
2005,481203,1,1,0,12,0,0,0,0,0,0,0,0
2005,481204,1,1,0,0,0,0,0,0,0,0,0,0
2005,481204,2,1,0,0,0,0,0,0,0,0,0,0
2005,481205,0,1,0,0,0,0,0,16,0,0,0,0
2005,481205,1,1,0,0,0,0,0,0,0,0,0,0
2005,481206,1,1,28,28,28,28,28,28,28,28,28,28
2005,481207,1,1,0,0,0,0,0,0,0,0,0,0
2005,481207,2,1,0,0,0,0,0,0,0,0,0,0
2005,481208,1,1,0,0,0,0,0,0,0,0,0,0
2005,481208,2,1,0,0,0,0,0,0,0,0,0,0
2005,481208,3,1,5,5,5,5,5,5,5,5,5,5
2005,481209,1,1,0,0,0,0,0,0,0,0,0,0
2005,481210,1,1,20,0,0,9,0,24,19,6,10,0
2005,481210,2,1,8,0,0,0,0,0,0,0,0,0
2005,481211,1,1,0,0,0,0,0,0,0,0,0,0
2005,481211,2,1,0,0,0,0,0,0,17,0,0,0
2005,481212,1,1,0,0,0,0,0,0,0,0,0,0
2005,481212,2,1,0,0,0,0,0,0,0,4,11,0
2005,481213,1,1,0,0,0,0,0,0,0,0,0,0
2005,481214,1,1,0,0,0,0,0,0,0,0,0,0
2005,481215,1,1,0,0,0,0,0,0,0,0,0,7
2005,481216,1,1,0,0,0,0,0,11,0,8,0,0
2005,481217,1,1,0,0,0,0,0,0,0,0,0,0
2005,481217,2,1,0,0,0,0,0,0,0,0,0,0
2005,481218,1,1,21,21,21,21,21,21,21,21,21,21
2005,481219,1,1,0,0,0,0,0,0,0,0,0,0
2005,481219,2,1,0,0,0,0,0,0,0,0,0,0
2005,481220,1,1,0,0,0,0,0,0,0,0,0,0
2005,481221,1,1,22,22,22,22,22,22,22,22,22,22
2005,481222,1,1,0,0,0,0,0,0,0,0,0,0
2005,481223,1,1,14,14,14,14,14,14,14,14,14,14
2005,481224,1,1,22,22,22,22,22,22,22,22,22,22
2005,481225,0,1,7,7,7,7,7,7,7,7,7,7
2005,481225,1,1,0,0,0,6,0,0,7,0,5,20
2005,481226,1,1,0,0,0,0,0,0,0,0,0,0
2005,481227,0,1,0,0,0,0,0,0,0,0,0,0
2005,481227,1,1,0,0,0,0,0,0,0,0,0,15
2005,481227,2,1,0,0,0,0,0,0,0,0,0,0
2005,481228,1,1,0,0,0,0,0,0,0,0,0,0
2005,481229,1,1,2,0,0,0,17,0,0,0,0,0
2005,481229,2,1,21,23,21,10,0,0,0,0,0,22
2005,481230,1,1,13,0,0,0,0,0,0,0,0,0
2005,481230,2,1,0,0,0,0,0,0,0,0,0,0
2005,481231,1,1,0,0,0,0,0,0,20,6,0,0
2005,481231,2,1,0,0,0,13,0,0,0,0,0,0
2005,481232,0,1,0,0,13,0,0,0,0,0,0,0
2005,481232,1,1,0,0,0,0,0,21,0,21,0,20
2005,481233,0,1,0,0,0,0,0,0,0,0,0,0
2005,481233,1,1,0,0,0,27,0,16,0,0,0,0
2005,481234,1,1,19,27,0,24,0,0,0,0,14,6
2005,481235,1,1,0,0,0,8,0,0,0,8,0,5
2005,481236,1,1,0,0,0,0,0,0,0,0,0,0
2005,481236,2,1,0,0,0,0,0,0,0,0,6,0
2005,481237,1,1,17,0,0,0,0,35,0,0,0,17
2005,481238,1,1,12,0,0,15,0,0,0,0,0,0
2005,481238,2,1,0,0,0,0,0,0,0,0,0,0
2005,481239,1,1,0,0,0,0,0,0,0,0,0,0
2005,481239,2,1,0,0,0,0,0,0,0,0,0,0
2005,481240,1,1,17,0,0,0,0,0,0,0,0,8
2005,481241,1,1,0,0,0,0,0,0,0,6,0,0
2005,481241,2,1,0,0,0,0,0,0,0,0,0,0
2005,481242,1,1,0,0,0,0,0,0,0,0,0,0
2005,481243,1,1,0,0,0,0,0,0,0,0,0,0
2005,481244,1,1,0,20,0,25,0,0,0,22,21,0
2005,481245,1,1,23,17,0,41,0,15,0,20,19,29
2005,481246,1,1,25,12,21,38,21,13,26,22,21,8
2005,481247,1,1,13,13,13,13,13,13,13,13,13,13
2005,481248,1,1,20,20,20,20,20,20,20,20,20,20
2005,481249,1,1,0,0,0,0,0,0,0,0,0,0
2005,481250,1,1,14,14,14,14,14,14,14,14,14,14
2005,481250,2,1,0,0,0,19,0,7,0,0,0,0
2005,481251,1,1,0,0,0,0,0,0,0,0,0,0
2005,481252,1,1,0,0,0,9,0,0,16,0,0,15
2005,481253,1,1,0,0,0,0,0,0,0,5,0,8
2005,481253,2,1,18,34,6,10,0,25,0,0,0,0
2005,481254,1,1,0,0,0,0,0,0,0,0,0,0
2005,481255,1,1,0,0,0,0,0,0,12,0,10,17
2005,481255,2,1,0,0,0,0,0,0,0,0,0,0
2005,481256,1,1,0,0,0,0,0,0,0,0,0,0
2005,481256,2,1,0,0,0,0,0,0,0,0,0,0
2005,481257,1,1,0,18,0,23,0,0,0,0,0,0
2005,481258,1,1,0,0,0,0,0,0,0,0,0,0
2005,481259,1,1,0,18,0,0,0,0,0,9,0,19
2005,481260,1,1,0,0,0,0,0,0,0,0,0,0
2005,481260,2,1,37,37,37,37,37,37,37,37,37,37
2005,481261,1,1,0,0,0,0,0,0,0,0,0,0
2005,481261,2,1,0,0,0,0,0,0,0,0,0,0
2005,481262,1,1,12,12,12,12,12,12,12,12,12,12
2005,481263,0,1,0,0,0,0,0,0,0,0,0,0
2005,481263,1,1,0,0,0,0,0,0,0,0,0,0
2005,481264,0,1,0,0,0,0,0,0,0,0,0,0
2005,481264,1,1,0,0,0,0,0,0,0,0,0,0
2005,481265,1,1,27,7,29,16,20,23,9,17,8,11
2005,481266,1,1,0,0,0,0,0,0,0,0,0,0
2005,481266,2,1,0,0,0,0,0,0,0,0,0,0
2005,481267,0,1,13,13,13,13,13,13,13,13,13,13
2005,481267,1,1,0,0,0,25,0,15,0,0,0,0
2005,481268,1,1,0,0,0,0,0,0,0,0,0,0
2005,481269,1,1,0,0,44,0,0,0,0,0,0,0
2005,481269,2,1,0,0,0,0,0,20,0,0,30,0
2005,481270,1,1,0,0,0,0,0,0,0,0,0,0
2005,481271,1,1,0,0,0,0,0,0,0,0,0,0
2005,481271,2,1,0,0,10,0,0,0,25,0,0,0
2005,481271,3,1,0,0,0,0,0,0,0,0,0,0
2005,481272,1,1,0,0,0,0,0,0,0,0,0,0
2005,481272,2,1,0,0,0,16,0,0,8,0,0,0
2005,481272,3,1,0,0,0,0,0,0,0,0,0,0
2005,481273,0,1,0,15,0,19,0,0,0,0,0,0
2005,481273,1,1,16,0,0,0,0,0,0,0,0,0
2005,481274,0,1,18,0,34,0,0,13,31,18,38,0
2005,481274,1,1,19,0,0,0,23,0,0,0,0,13
2005,481275,0,1,0,0,5,0,0,0,10,0,0,0
2005,481275,1,1,0,0,0,0,11,0,0,0,0,0
2005,481276,1,1,16,0,0,7,0,0,12,0,0,0
2005,481276,2,1,0,23,0,10,14,12,0,9,24,34
2005,481277,1,1,0,0,0,0,0,0,0,0,0,0
2005,481277,2,1,0,0,0,0,0,0,0,0,0,0
2005,481278,0,1,0,0,0,0,0,0,0,0,0,0
2005,481278,0,2,0,28,0,0,0,0,0,0,10,0
2005,481278,1,1,0,0,0,0,0,0,0,0,0,0
2005,481279,1,1,6,6,6,6,6,6,6,6,6,6
2005,481279,2,1,0,0,31,20,0,16,0,0,0,8
2005,481280,1,1,4,4,4,4,4,4,4,4,4,4
2005,481281,1,1,11,11,11,11,11,11,11,11,11,11
2005,481281,2,1,0,0,0,0,0,0,0,0,0,0
2005,481282,1,1,22,14,10,15,22,29,29,15,22,0