YEAR,ST_CASE,veh_no,per_no,P1,P2,P3,P4,P5,P6,P7,P8,P9,P10
2005,481283,1,1,0,0,0,0,0,0,3,0,0,0
2005,481283,2,1,0,0,0,0,0,0,0,0,0,0
2005,481284,1,1,1,1,1,1,1,1,1,1,1,1
2005,481285,1,1,21,21,21,21,21,21,21,21,21,21
2005,481285,2,1,1,1,1,1,1,1,1,1,1,1
2005,481286,0,1,2,2,2,2,2,2,2,2,2,2
2005,481286,1,1,19,19,0,13,0,0,0,16,11,13
2005,481287,1,1,1,1,1,1,1,1,1,1,1,1
2005,481288,0,1,0,0,0,0,0,0,0,0,0,0
2005,481288,1,1,0,0,0,0,0,0,0,0,0,0
2005,481289,1,1,20,20,20,20,20,20,20,20,20,20
2005,481290,1,1,0,0,0,0,0,0,0,0,0,0
2005,481291,1,1,21,21,21,21,21,21,21,21,21,21
2005,481291,2,1,11,11,11,11,11,11,11,11,11,11
2005,481292,1,1,9,9,9,9,9,9,9,9,9,9
2005,481292,2,1,7,0,25,9,24,30,8,0,4,26
2005,481293,1,1,10,41,5,30,10,0,34,28,0,0
2005,481294,1,1,0,0,0,0,0,0,0,0,0,0
2005,481295,1,1,0,0,0,0,0,0,0,0,0,0
2005,481296,1,1,27,11,9,23,38,20,20,23,18,11
2005,481296,2,1,0,0,0,0,0,0,0,26,0,0
2005,481297,1,1,0,0,0,0,0,0,0,0,0,0
2005,481298,1,1,3,0,0,0,0,0,0,0,0,19
2005,481298,2,1,0,0,0,0,0,0,0,0,0,0
2005,481299,1,1,0,0,0,0,7,0,0,0,0,16
2005,481299,2,1,0,10,0,0,0,5,11,0,0,0
2005,481300,1,1,0,0,0,0,0,17,0,0,0,0
2005,481300,2,1,0,0,0,0,0,0,0,0,0,0
2005,481301,1,1,0,0,0,0,0,0,0,0,0,0
2005,481302,1,1,0,0,0,0,0,0,0,0,8,0
2005,481303,1,1,0,0,0,0,0,0,0,0,0,0
2005,481303,2,1,0,0,0,0,0,0,0,0,0,0
2005,481303,3,1,0,0,0,0,0,0,0,0,0,0
2005,481303,4,1,0,0,0,0,0,0,0,0,0,0
2005,481303,5,1,0,0,0,0,0,0,0,0,0,0
2005,481304,1,1,0,0,0,0,0,0,0,0,0,0
2005,481305,1,1,0,0,0,0,0,0,0,0,0,0
2005,481305,2,1,0,0,0,0,0,0,0,0,0,0
2005,481306,1,1,14,14,14,14,14,14,14,14,14,14
2005,481307,1,1,26,16,0,0,0,6,0,0,0,0
2005,481308,1,1,0,0,0,0,0,0,0,0,0,0
2005,481308,2,1,0,0,0,0,0,0,0,0,0,0
2005,481309,1,1,15,15,15,15,15,15,15,15,15,15
2005,481310,1,1,0,0,0,0,0,0,0,0,0,0
2005,481311,1,1,0,0,0,0,0,0,0,0,0,0
2005,481311,2,1,24,28,15,18,0,0,0,0,12,0
2005,481312,1,1,0,0,0,0,0,0,0,0,0,0
2005,481312,2,1,0,0,0,0,0,0,0,0,0,0
2005,481313,0,1,15,15,15,15,15,15,15,15,15,15
2005,481313,1,1,0,21,0,17,0,17,18,14,0,15
2005,481314,1,1,0,0,0,0,0,0,0,0,0,0
2005,481314,2,1,0,0,0,0,0,0,0,0,0,0
2005,481315,1,1,17,17,17,17,17,17,17,17,17,17
2005,481315,2,1,0,0,0,0,0,0,0,0,0,0
2005,481315,3,1,0,0,0,9,0,0,0,0,0,0
2005,481316,1,1,0,0,0,0,0,0,0,0,0,0
2005,481317,0,1,0,0,0,0,0,0,0,0,0,0
2005,481317,1,1,0,0,8,0,0,0,0,0,0,8
2005,481318,1,1,0,0,6,0,12,0,15,0,0,9
2005,481318,2,1,2,0,0,0,0,0,0,0,24,0
2005,481319,0,1,0,0,0,0,0,0,0,0,0,0
2005,481319,1,1,0,0,11,0,0,0,0,0,0,0
2005,481320,1,1,0,0,22,0,0,8,0,0,16,0
2005,481321,0,1,0,0,0,0,0,0,0,0,0,0
2005,481321,1,1,0,0,0,0,0,0,0,0,0,0
2005,481322,1,1,11,0,0,0,0,0,0,0,0,0
2005,481322,2,1,25,25,25,25,25,25,25,25,25,25
2005,481323,1,1,21,21,21,21,21,21,21,21,21,21
2005,481323,2,1,0,0,0,0,0,0,0,0,0,0
2005,481324,1,1,0,0,0,0,0,8,9,0,0,0
2005,481324,2,1,0,0,0,0,0,0,0,0,0,0
2005,481325,1,1,8,17,22,14,0,18,0,11,12,22
2005,481326,1,1,0,0,0,0,0,0,0,0,0,0
2005,481326,2,1,0,0,0,0,0,0,0,0,0,0
2005,481327,1,1,0,0,0,0,0,0,0,0,0,4
2005,481327,2,1,0,0,0,0,0,0,0,0,0,0
2005,481328,1,1,28,28,28,28,28,28,28,28,28,28
2005,481328,2,1,0,0,0,0,0,0,1,0,0,0
2005,481328,3,1,0,0,7,18,0,0,0,0,0,0
2005,481329,1,1,18,17,9,0,0,0,16,0,0,0
2005,481329,2,1,0,0,0,0,0,0,0,0,0,0
2005,481330,1,1,0,0,0,0,0,0,0,0,0,0
2005,481331,1,1,2,2,2,2,2,2,2,2,2,2
2005,481331,2,1,0,0,0,0,0,0,0,0,0,0
2005,481332,1,1,15,15,15,15,15,15,15,15,15,15
2005,481332,2,1,0,14,14,11,0,10,13,0,0,2
2005,481333,1,1,0,0,0,0,0,0,0,0,0,0
2005,481333,2,1,0,0,0,0,0,0,0,0,0,0
2005,481334,1,1,0,0,19,0,0,0,0,20,25,0
2005,481335,1,1,0,0,0,0,0,0,0,0,0,0
2005,481335,2,1,0,0,0,0,0,0,0,0,0,0
2005,481336,1,1,0,0,0,0,0,0,0,0,0,0
2005,481336,2,1,0,5,0,0,0,0,15,0,0,0
2005,481337,0,1,0,0,0,0,0,0,0,0,0,0
2005,481337,1,1,0,10,0,0,0,0,0,0,0,0
2005,481338,1,1,18,25,0,28,29,0,11,33,0,14
2005,481339,1,1,15,0,0,0,0,17,0,0,0,7
2005,481340,1,1,0,0,0,0,0,0,0,0,0,0
2005,481340,2,1,17,0,20,22,0,30,14,17,0,0
2005,481341,1,1,0,0,7,0,0,0,0,0,0,15
2005,481341,2,1,0,0,0,0,8,0,0,0,0,0
2005,481342,1,1,13,13,13,13,13,13,13,13,13,13
2005,481343,1,1,0,0,0,0,0,0,0,0,0,0
2005,481343,2,1,0,0,0,0,0,0,0,0,0,0
2005,481344,1,1,0,0,14,0,14,9,0,19,0,0
2005,481345,1,1,28,28,28,28,28,28,28,28,28,28
2005,481345,2,1,0,0,0,0,0,0,0,0,0,0
2005,481346,1,1,0,0,7,10,0,0,0,7,0,0
2005,481347,1,1,0,0,5,0,12,0,0,0,0,0
2005,481347,2,1,0,0,0,0,0,0,0,0,0,0
2005,481348,1,1,15,15,15,15,15,15,15,15,15,15
2005,481349,0,1,0,0,0,11,0,0,16,16,17,10
2005,481349,1,1,0,0,0,0,0,12,0,0,0,0
2005,481349,2,1,9,17,0,0,0,0,2,0,0,0
2005,481350,0,1,28,28,28,28,28,28,28,28,28,28
2005,481350,1,1,0,0,0,0,0,0,0,0,0,0
2005,481351,1,1,17,17,17,17,17,17,17,17,17,17
2005,481352,1,1,15,15,15,15,15,15,15,15,15,15
2005,481353,1,1,25,6,15,21,25,2,2,29,28,31
2005,481354,1,1,11,11,11,11,11,11,11,11,11,11
2005,481354,2,1,10,10,10,10,10,10,10,10,10,10
2005,481355,1,1,13,13,13,13,13,13,13,13,13,13
2005,481355,2,1,0,10,0,0,9,0,9,0,0,0
2005,481355,3,1,14,14,14,14,14,14,14,14,14,14
2005,481356,1,1,19,19,19,19,19,19,19,19,19,19
2005,481357,1,1,25,0,0,0,0,0,0,0,0,0
2005,481358,1,1,0,0,0,0,6,0,0,0,0,0
2005,481358,2,1,19,0,0,0,0,11,0,0,0,0
2005,481359,1,1,0,8,0,0,4,0,8,5,0,0
2005,481360,1,1,0,0,0,0,0,0,0,0,0,0
2005,481361,1,1,0,0,0,0,0,0,0,0,0,0
2005,481362,1,1,0,0,0,0,0,0,0,0,0,0
2005,481363,1,1,0,0,0,0,0,0,0,0,0,0
2005,481364,1,1,0,0,0,0,0,0,0,0,0,0
2005,481364,2,1,0,0,0,0,0,0,0,0,0,0
2005,481364,3,1,0,0,0,0,0,25,0,0,0,0
2005,481365,1,1,0,13,0,0,0,0,0,14,0,0
2005,481366,1,1,12,0,0,0,0,0,0,0,0,0
2005,481366,2,1,14,0,0,0,0,0,0,0,0,0
2005,481367,1,1,0,0,0,13,0,0,0,0,0,0
2005,481367,2,1,0,0,0,0,0,0,0,0,0,0
2005,481367,3,1,0,0,0,0,0,0,0,0,0,0
2005,481367,4,1,0,0,0,0,0,0,0,0,0,0
2005,481368,1,1,0,0,0,0,0,0,0,0,0,0
2005,481368,2,1,0,0,0,0,13,0,0,0,0,0
2005,481369,1,1,0,0,0,0,0,0,0,0,0,0
2005,481369,3,1,0,0,0,0,0,0,0,0,0,0
2005,481370,0,1,0,0,0,0,3,0,0,0,0,0
2005,481370,1,1,0,0,0,0,0,0,0,0,0,0
2005,481371,1,1,0,0,0,0,0,0,0,0,0,0
2005,481371,2,1,0,0,0,0,0,0,24,0,0,0
2005,481372,1,1,9,0,0,0,0,0,0,0,0,0
2005,481372,2,1,0,0,0,0,0,0,0,0,0,0
2005,481373,1,1,9,6,11,12,18,16,31,8,25,23
2005,481374,1,1,0,0,0,0,0,0,0,0,0,0
2005,481374,2,1,0,0,0,0,0,0,0,0,0,0
2005,481374,3,1,0,0,0,0,0,0,0,0,0,0
2005,481375,1,1,10,0,8,28,8,27,12,0,18,8
2005,481376,1,1,10,0,17,17,22,19,0,0,0,0
2005,481377,0,1,27,27,27,27,27,27,27,27,27,27
2005,481377,1,1,0,0,0,0,0,0,0,0,0,0
2005,481378,1,1,15,11,22,19,18,24,32,16,30,8
2005,481379,1,1,7,0,10,16,10,15,0,15,0,0
2005,481380,1,1,5,5,5,5,5,5,5,5,5,5
2005,481380,2,1,0,12,0,0,0,0,0,0,0,3
2005,481381,1,1,32,43,0,10,10,31,6,23,39,16
2005,481382,1,1,15,0,0,0,0,0,28,17,0,0
2005,481383,1,1,0,0,0,0,0,0,0,20,0,0
2005,481383,2,1,0,0,0,0,0,0,0,0,0,0
2005,481384,1,1,0,0,0,0,0,0,0,0,0,0
2005,481384,2,1,0,0,0,0,0,0,0,0,0,0
2005,481385,1,1,9,9,9,9,9,9,9,9,9,9
2005,481386,1,1,0,0,0,0,0,0,0,0,0,0
2005,481386,2,1,25,18,26,26,0,0,30,0,0,0
2005,481387,1,1,14,12,15,12,7,19,9,19,8,5
2005,481388,1,1,0,22,7,19,22,9,8,28,0,0
2005,481388,2,1,0,0,0,0,0,0,0,0,0,0
2005,481389,1,1,0,0,0,0,0,0,0,0,0,0
2005,481389,2,1,0,0,0,0,0,0,0,0,0,0
2005,481390,0,1,0,0,8,15,33,0,0,21,21,0
2005,481390,1,1,0,0,0,0,0,0,0,10,0,0
2005,481391,1,1,10,10,10,10,10,10,10,10,10,10
2005,481391,2,1,0,0,0,0,0,0,0,17,24,20
2005,481392,0,1,14,14,14,14,14,14,14,14,14,14
2005,481392,1,1,41,13,7,0,0,0,0,0,0,0
2005,481393,1,1,16,10,18,14,21,22,16,35,23,13
2005,481394,1,1,0,0,0,0,0,0,0,19,0,11
2005,481395,1,1,0,0,0,0,0,0,0,0,0,0
2005,481395,2,1,0,0,0,0,0,0,0,12,0,0
2005,481396,1,1,0,27,0,0,0,0,0,0,0,0
2005,481397,1,1,12,12,12,12,12,12,12,12,12,12
2005,481397,2,1,0,0,0,0,0,0,0,0,0,0
2005,481398,1,1,0,0,0,0,0,0,0,0,0,0
2005,481398,2,1,17,17,17,17,17,17,17,17,17,17
2005,481399,1,1,24,24,24,24,24,24,24,24,24,24
2005,481400,1,1,24,24,24,24,24,24,24,24,24,24
2005,481400,2,1,0,0,14,0,0,0,0,10,0,0
2005,481401,1,1,21,18,32,27,22,12,22,24,26,19
2005,481402,1,1,18,18,18,18,18,18,18,18,18,18
2005,481403,1,1,0,7,0,0,13,0,0,10,0,0
2005,481403,2,1,0,0,0,0,0,0,0,0,0,0
2005,481403,3,1,0,0,0,0,0,0,0,17,0,0
2005,481404,0,1,0,0,0,0,0,0,31,22,0,13
2005,481404,1,1,0,0,14,0,0,10,0,0,32,0
2005,481405,1,1,13,13,13,13,13,13,13,13,13,13
2005,481406,1,1,0,0,0,0,0,0,0,0,0,0
2005,481407,0,1,0,0,0,0,0,0,0,0,0,0
2005,481407,1,1,0,0,0,0,0,0,0,0,15,0
2005,481408,1,1,20,20,20,20,20,20,20,20,20,20
2005,481409,1,1,0,0,5,0,0,16,22,12,35,0
2005,481410,1,1,0,0,0,0,0,0,0,0,0,0
2005,481411,1,1,19,19,19,19,19,19,19,19,19,19
2005,481411,2,1,0,0,0,0,0,0,0,0,0,0
2005,481412,1,1,14,14,14,14,14,14,14,14,14,14
2005,481412,2,1,0,0,0,0,0,0,0,0,0,0
2005,481413,1,1,0,0,0,0,0,0,0,0,0,0
2005,481413,2,1,0,0,0,0,0,0,0,0,0,0
2005,481414,1,1,0,0,0,0,0,0,0,0,0,0
2005,481414,2,1,0,0,0,0,0,0,0,0,0,0
2005,481415,0,1,0,0,0,0,0,0,0,0,0,0
2005,481415,0,2,0,0,0,19,0,0,0,0,12,25
2005,481415,2,1,0,0,0,0,0,0,0,0,0,0
2005,481416,1,1,0,0,0,0,0,0,0,0,0,0
2005,481416,2,1,0,0,0,0,0,0,0,0,0,0
2005,481417,1,1,0,7,0,0,0,0,0,0,0,0
2005,481417,2,1,0,0,0,0,0,0,5,0,0,0
2005,481418,1,1,14,26,31,14,13,10,20,18,16,10
2005,481419,0,1,0,0,0,0,0,0,0,0,0,0
2005,481419,1,1,0,0,0,0,0,0,0,0,0,0
2005,481420,1,1,8,16,16,0,26,27,17,18,23,12
2005,481421,1,1,20,0,0,24,7,4,14,27,7,0
2005,481422,1,1,0,0,0,0,0,0,0,0,0,0
2005,481422,2,1,0,0,0,0,0,0,0,0,0,0
2005,481423,1,1,24,24,24,24,24,24,24,24,24,24
2005,481423,2,1,0,0,0,0,0,0,0,0,0,0
2005,481424,1,1,0,0,0,0,0,0,0,0,0,0
2005,481424,2,1,0,0,0,0,0,0,0,0,0,0
2005,481424,3,1,0,0,0,0,0,0,0,0,0,0
2005,481425,1,1,0,0,24,0,0,0,0,0,0,0
2005,481425,2,1,0,0,0,0,0,0,0,0,0,0
2005,481426,0,1,0,0,0,0,0,0,0,0,0,0
2005,481426,1,1,0,5,0,0,0,0,0,5,0,0
2005,481427,1,1,0,0,0,0,0,0,0,0,0,0
2005,481427,2,1,0,0,0,0,0,0,0,0,0,0
2005,481428,1,1,0,0,0,0,0,0,0,0,0,0
2005,481429,1,1,0,0,0,0,0,0,0,0,0,0
2005,481429,2,1,23,23,23,23,23,23,23,23,23,23
2005,481430,1,1,0,0,14,0,10,0,0,0,0,0
2005,481430,2,1,0,0,0,0,0,0,0,0,0,0
2005,481431,0,1,0,0,0,0,0,0,0,0,0,0
2005,481431,1,1,0,0,3,0,0,0,0,0,0,0
2005,481432,1,1,0,0,0,0,0,11,11,0,0,0
2005,481432,2,1,0,0,0,0,0,0,0,0,0,0
2005,481433,1,1,0,0,0,0,37,0,0,2,0,29
2005,481434,1,1,0,0,0,0,0,0,0,0,0,0
2005,481434,2,1,0,0,0,0,0,0,0,0,0,0
2005,481434,3,1,0,0,0,17,0,0,0,0,0,0
2005,481434,4,1,0,0,0,0,0,0,0,0,0,0
2005,481435,1,1,24,13,24,28,16,0,27,5,11,21
2005,481436,1,1,0,0,0,0,0,0,0,0,0,0
2005,481437,0,1,21,21,21,21,21,21,21,21,21,21
2005,481437,1,1,16,7,0,0,6,0,0,13,0,0
2005,481438,1,1,36,36,36,36,36,36,36,36,36,36
2005,481439,0,1,0,0,23,0,0,0,10,0,0,0
2005,481439,1,1,0,0,0,0,0,0,0,0,0,0
2005,481440,1,1,22,22,22,22,22,22,22,22,22,22
2005,481441,1,1,0,0,0,0,0,0,0,0,0,0
2005,481442,1,1,10,10,32,22,4,25,18,15,0,21
2005,481443,0,1,27,27,27,27,27,27,27,27,27,27
2005,481443,1,1,0,0,0,0,0,0,15,0,19,0
2005,481444,1,1,0,0,0,0,0,0,0,0,13,0
2005,481444,2,1,4,4,4,4,4,4,4,4,4,4
2005,481444,3,1,12,15,0,5,0,0,0,0,0,0
2005,481445,1,1,6,6,6,6,6,6,6,6,6,6
2005,481446,1,1,0,0,0,0,0,0,0,0,0,0
2005,481446,2,1,0,0,0,0,0,0,0,0,0,0
2005,481447,0,1,21,21,21,21,21,21,21,21,21,21
2005,481447,1,1,0,0,0,0,0,0,0,0,0,0
2005,481448,0,1,0,0,0,0,0,0,0,0,0,0
2005,481448,1,1,12,0,20,0,0,28,0,0,0,0
2005,481449,1,1,14,14,14,14,14,14,14,14,14,14
2005,481449,2,1,13,0,0,0,0,0,0,0,0,9
2005,481450,1,1,0,0,0,0,0,0,0,0,0,0
2005,481450,2,1,0,0,0,0,0,0,0,0,0,0
2005,481450,3,1,0,0,0,0,0,7,0,0,0,0
2005,481451,1,1,0,0,0,0,0,0,0,0,0,21
2005,481452,1,1,0,0,0,0,0,0,0,0,0,0
2005,481453,1,1,0,0,0,0,0,0,0,0,0,0
2005,481453,2,1,0,0,0,0,0,0,0,0,0,0
2005,481454,1,1,0,0,0,0,0,0,0,0,0,0
2005,481455,1,1,0,0,0,0,0,0,0,0,0,0
2005,481456,1,1,0,0,0,0,0,11,0,0,0,0
2005,481456,2,1,0,0,0,5,0,0,0,0,0,0
2005,481456,3,1,0,0,0,0,0,0,0,0,0,0
2005,481457,1,1,18,18,18,18,18,18,18,18,18,18
2005,481458,1,1,0,0,0,0,0,0,0,0,0,0
2005,481458,2,1,0,0,0,0,0,0,0,0,0,0
2005,481459,1,1,0,0,0,0,0,0,0,0,0,0
2005,481459,2,1,0,0,0,0,0,0,0,0,0,0
2005,481459,3,1,0,0,0,0,0,0,0,0,0,0
2005,481460,0,1,36,36,36,36,36,36,36,36,36,36
2005,481460,1,1,0,0,0,0,0,0,0,15,0,0
2005,481460,2,1,0,0,0,0,0,0,0,0,0,0
2005,481461,0,1,11,0,9,0,0,12,42,0,20,21
2005,481461,1,1,5,21,0,0,19,0,0,13,0,0
2005,481462,1,1,47,12,18,26,19,10,17,0,3,0
2005,481463,1,1,0,0,0,19,0,0,0,0,0,0
2005,481463,2,1,0,0,0,0,0,0,0,0,0,0
2005,481465,1,1,0,0,0,0,0,0,0,0,0,0
2005,481465,2,1,0,0,0,0,0,0,0,0,0,0
2005,481466,1,1,0,0,0,0,0,0,0,0,0,0
2005,481467,1,1,28,0,0,0,20,0,0,0,0,0
2005,481468,0,1,0,0,0,0,0,0,0,0,0,0
2005,481468,2,1,0,0,0,0,0,0,0,0,0,0
2005,481469,0,1,0,0,0,0,0,41,0,0,0,21
2005,481469,1,1,14,0,12,0,0,11,0,24,6,12
2005,481470,1,1,8,8,8,8,8,8,8,8,8,8
2005,481470,2,1,0,0,13,0,0,0,0,0,0,0
2005,481470,3,1,0,0,0,0,0,0,0,0,0,0
2005,481471,1,1,0,0,0,0,0,0,0,0,0,0
2005,481472,1,1,0,0,0,0,0,0,0,0,0,0
2005,481472,2,1,0,0,0,0,0,0,19,0,0,0
2005,481473,1,1,16,16,16,16,16,16,16,16,16,16
2005,481473,2,1,0,0,0,0,0,0,19,0,0,0
2005,481474,1,1,11,11,11,11,11,11,11,11,11,11
2005,481474,2,1,0,0,0,0,0,0,0,0,0,0
2005,481475,1,1,10,0,0,17,0,0,0,0,0,37
2005,481476,1,1,16,3,9,0,0,0,0,0,28,0
2005,481477,1,1,0,0,0,0,0,0,13,0,0,0
2005,481477,2,1,0,0,0,0,0,0,0,12,0,0
2005,481478,0,1,26,0,0,0,0,0,0,0,0,0
2005,481478,1,1,0,0,0,0,0,0,0,0,0,0
2005,481479,1,1,0,0,0,31,16,0,0,0,37,33
2005,481480,1,1,0,0,0,0,0,0,0,0,0,0
2005,481480,2,1,0,0,0,0,0,0,0,0,0,0
2005,481481,0,1,0,22,0,0,0,0,0,0,0,0
2005,481481,1,1,0,17,0,0,0,0,0,0,9,15
2005,481482,1,1,0,0,0,0,0,0,0,0,0,0
2005,481482,2,1,0,0,0,0,0,0,0,0,0,0
2005,481483,1,1,21,21,21,21,21,21,21,21,21,21
2005,481483,2,1,0,0,0,0,0,0,0,0,0,0
2005,481484,1,1,0,0,0,0,8,0,4,0,0,0
2005,481484,2,1,0,0,0,0,0,0,0,0,0,0
2005,481485,1,1,0,0,0,0,0,0,0,0,0,0
2005,481485,2,1,0,0,0,0,0,0,13,0,0,0
2005,481486,1,1,6,6,6,6,6,6,6,6,6,6
2005,481487,1,1,13,15,3,0,0,0,0,0,0,0
2005,481487,2,1,0,0,0,0,0,0,0,0,0,0
2005,481488,1,1,0,0,0,0,0,0,0,0,0,0
2005,481489,1,1,0,0,0,0,0,0,0,4,0,0
2005,481490,0,1,20,34,52,26,0,0,0,20,14,0
2005,481490,1,1,16,29,9,0,11,11,6,0,0,0
2005,481491,1,1,0,0,0,0,0,0,0,0,0,0
2005,481492,1,1,0,0,0,0,0,0,0,0,0,0
2005,481493,1,1,16,0,0,0,0,0,0,0,0,31
2005,481493,2,1,0,0,0,0,0,0,0,0,0,0
2005,481494,1,1,0,0,0,0,0,0,12,0,0,0
2005,481494,2,1,0,0,0,18,0,0,0,0,0,0
2005,481495,1,1,15,15,15,15,15,15,15,15,15,15
2005,481496,1,1,0,0,0,0,0,0,0,0,0,0
2005,481496,2,1,0,0,0,0,0,0,0,9,0,6
2005,481496,3,1,20,0,17,0,21,0,0,23,0,14
2005,481496,4,1,0,0,9,13,0,0,7,17,0,0
2005,481497,1,1,0,0,0,8,0,0,0,0,23,0
2005,481498,1,1,0,0,0,0,0,0,0,0,0,10
2005,481498,2,1,0,0,0,0,0,0,0,0,0,0
2005,481499,1,1,0,29,8,9,10,18,0,20,0,0
2005,481500,1,1,14,14,14,14,14,14,14,14,14,14
2005,481500,2,1,0,0,0,0,0,0,0,0,0,0
2005,481501,1,1,0,0,0,8,0,0,0,0,0,0
2005,481501,2,1,16,0,0,5,22,0,18,18,0,0
2005,481502,1,1,0,0,0,0,0,0,0,0,0,0
2005,481502,2,1,0,0,0,0,0,0,0,0,0,0
2005,481503,1,1,0,0,0,0,0,0,0,0,0,0
2005,481504,1,1,0,0,0,0,0,0,0,0,0,0
2005,481505,1,1,3,3,3,3,3,3,3,3,3,3
2005,481506,1,1,13,0,25,30,27,25,15,12,0,22
2005,481506,2,1,11,0,0,0,0,0,0,0,0,0
2005,481507,1,1,15,15,15,15,15,15,15,15,15,15
2005,481507,2,1,0,0,0,0,0,0,0,0,0,0
2005,481508,1,1,4,4,4,4,4,4,4,4,4,4
2005,481508,2,1,0,0,0,0,0,0,0,0,0,0
2005,481509,1,1,43,43,43,43,43,43,43,43,43,43
2005,481510,1,1,0,0,0,13,0,0,9,0,0,0
2005,481510,2,1,0,0,0,0,17,0,0,0,0,0
2005,481510,3,1,0,0,0,0,0,0,0,0,0,0
2005,481511,1,1,4,0,0,0,0,0,0,0,0,0
2005,481511,2,1,0,0,0,0,0,0,0,0,0,0
2005,481512,1,1,0,0,11,0,0,0,0,0,0,0
2005,481512,2,1,0,16,14,27,0,0,0,0,0,0
2005,481513,1,1,12,15,0,0,0,0,0,0,16,0
2005,481514,1,1,0,15,6,0,0,13,18,13,15,0
2005,481515,1,1,14,14,14,14,14,14,14,14,14,14
2005,481515,2,1,0,0,0,0,0,0,0,12,0,0
2005,481516,1,1,0,0,0,0,0,0,0,0,0,0
2005,481517,0,1,0,0,0,0,0,0,0,0,0,0
2005,481517,1,1,0,0,0,0,0,0,0,0,0,0
2005,481518,1,1,0,0,0,0,0,0,0,0,0,10
2005,481519,1,1,0,0,0,0,0,0,0,0,3,0
2005,481519,2,1,0,0,0,0,0,0,0,0,0,0
2005,481520,1,1,5,6,0,0,31,0,0,5,0,0
2005,481521,0,1,24,24,24,24,24,24,24,24,24,24
2005,481521,1,1,0,0,0,0,0,0,0,0,0,0
2005,481522,1,1,13,13,13,13,13,13,13,13,13,13
2005,481522,2,1,0,11,0,0,0,0,7,0,0,0
2005,481523,1,1,0,20,0,0,11,29,0,24,0,11
2005,481524,1,1,0,13,0,0,0,0,9,0,0,0
2005,481524,2,1,0,0,0,0,0,0,26,0,0,9
2005,481525,1,1,0,0,0,0,0,0,0,0,0,0
2005,481525,2,1,3,0,21,10,0,8,10,6,13,13
2005,481526,0,1,6,17,0,0,0,0,11,0,23,10
2005,481526,1,1,29,23,14,39,0,15,24,16,0,0
2005,481526,2,1,0,0,0,0,0,0,0,0,0,0
2005,481527,1,1,18,18,18,18,18,18,18,18,18,18
2005,481527,2,1,0,0,0,0,0,0,0,9,0,0
2005,481528,1,1,0,0,0,0,0,0,0,0,0,0
2005,481528,2,1,0,15,0,0,0,0,0,0,0,0
2005,481529,1,1,0,0,25,0,0,0,0,0,18,0
2005,481529,2,1,0,0,0,25,29,0,0,7,0,0
2005,481530,1,1,14,14,14,14,14,14,14,14,14,14
2005,481530,2,1,9,9,9,9,9,9,9,9,9,9
2005,481530,3,1,17,17,13,14,16,0,4,23,19,25
2005,481531,1,1,9,9,9,9,9,9,9,9,9,9
2005,481532,1,1,29,29,29,29,29,29,29,29,29,29
2005,481533,0,1,0,0,0,0,0,0,14,0,0,0
2005,481533,1,1,0,0,0,0,0,0,0,0,0,0
2005,481534,1,1,0,0,0,6,0,0,0,0,0,11
2005,481534,2,1,0,10,0,0,8,0,14,0,21,10
2005,481534,3,1,0,0,0,0,0,0,0,0,0,0
2005,481534,4,1,0,0,0,0,0,0,0,0,0,0
2005,481535,1,1,0,0,0,0,0,0,0,0,0,0
2005,481535,2,1,0,0,0,0,0,0,0,9,0,0
2005,481536,1,1,0,0,0,0,0,0,0,0,0,0
2005,481537,1,1,20,20,20,20,20,20,20,20,20,20
2005,481538,1,1,0,0,0,0,0,0,0,0,0,0
2005,481539,1,1,0,0,0,0,0,0,0,0,0,0
2005,481540,1,1,18,0,0,0,0,0,0,0,0,0
2005,481540,2,1,0,0,0,0,12,0,0,0,0,0
2005,481541,1,1,0,0,0,0,0,0,0,0,0,0
2005,481542,1,1,0,22,30,22,32,27,30,23,0,10
2005,481542,2,1,0,0,0,0,0,0,0,0,0,0
2005,481543,0,1,0,0,0,0,0,0,0,0,0,0
2005,481543,1,1,0,0,0,0,0,0,0,0,0,0
2005,481544,1,1,0,0,0,0,0,0,0,0,0,0
2005,481544,2,1,0,0,0,0,0,0,0,0,0,0
2005,481545,1,1,24,24,24,24,24,24,24,24,24,24
2005,481546,1,1,0,0,14,0,0,0,17,0,0,0
2005,481546,2,1,0,0,0,0,0,0,0,0,0,0
2005,481547,1,1,25,25,25,25,25,25,25,25,25,25
2005,481548,1,1,22,0,0,23,41,22,14,15,24,23
2005,481549,1,1,12,12,12,12,12,12,12,12,12,12
2005,481550,1,1,27,27,27,27,27,27,27,27,27,27
2005,481551,1,1,0,0,0,0,0,0,0,0,0,0
2005,481552,1,1,0,0,0,0,0,0,0,0,0,0
2005,481552,2,1,0,0,0,0,0,0,0,0,0,10
2005,481552,3,1,0,0,0,0,0,0,0,0,0,0
2005,481553,1,1,0,0,0,0,0,0,0,0,0,0