YEAR,ST_CASE,veh_no,per_no,P1,P2,P3,P4,P5,P6,P7,P8,P9,P10
2005,481553,2,1,0,0,0,0,0,0,0,0,0,7
2005,481554,1,1,0,0,0,0,0,0,9,0,0,15
2005,481554,2,1,0,0,0,0,0,0,0,0,0,0
2005,481555,1,1,0,0,0,0,0,0,0,0,0,0
2005,481556,0,1,0,0,0,0,0,0,0,0,0,0
2005,481556,1,1,0,0,0,0,0,0,0,2,26,0
2005,481557,1,1,0,0,0,0,0,0,16,23,0,21
2005,481557,2,1,0,0,0,0,0,0,0,0,0,0
2005,481558,1,1,19,19,19,19,19,19,19,19,19,19
2005,481559,1,1,26,8,22,20,15,36,15,34,17,27
2005,481559,2,1,27,0,5,0,0,2,0,0,16,0
2005,481560,1,1,0,0,0,22,0,6,25,0,0,0
2005,481560,2,1,16,0,0,0,0,0,0,16,0,0
2005,481561,1,1,0,0,27,9,0,0,14,0,17,0
2005,481562,1,1,0,20,16,11,22,0,12,22,26,0
2005,481563,1,1,4,4,4,4,4,4,4,4,4,4
2005,481564,1,1,23,23,23,23,23,23,23,23,23,23
2005,481565,1,1,0,0,0,0,0,0,0,0,0,0
2005,481565,2,1,0,0,0,0,0,0,0,0,0,0
2005,481566,1,1,0,0,0,0,0,0,0,0,0,0
2005,481566,2,1,0,0,0,0,0,0,0,0,0,0
2005,481567,0,1,0,0,0,0,0,0,0,0,0,0
2005,481567,1,1,0,25,0,0,25,0,0,0,0,0
2005,481568,1,1,16,31,10,18,13,6,7,27,17,19
2005,481569,0,1,0,0,19,0,14,0,16,12,18,14
2005,481569,1,1,0,0,0,0,0,0,0,0,0,0
2005,481570,1,1,0,0,0,0,0,0,0,0,0,0
2005,481571,1,1,11,0,0,24,0,8,0,10,33,14
2005,481572,1,1,32,32,32,32,32,32,32,32,32,32
2005,481573,1,1,13,0,0,0,0,0,9,0,0,0
2005,481574,1,1,0,0,0,0,0,0,0,0,0,0
2005,481574,2,1,26,26,26,26,26,26,26,26,26,26
2005,481575,1,1,15,15,15,15,15,15,15,15,15,15
2005,481575,2,1,0,0,0,0,0,0,0,14,0,0
2005,481576,1,1,0,0,0,0,0,0,0,0,0,0
2005,481576,2,1,0,0,0,0,0,0,14,0,0,0
2005,481577,1,1,0,0,0,0,0,23,0,0,0,0
2005,481577,2,1,0,0,0,16,25,0,0,0,0,0
2005,481578,1,1,28,28,28,28,28,28,28,28,28,28
2005,481578,2,1,0,0,25,0,0,0,0,0,12,0
2005,481579,1,1,11,14,0,0,0,0,0,0,0,0
2005,481579,2,1,0,0,0,13,12,0,28,0,0,15
2005,481580,1,1,25,18,0,0,3,8,0,8,0,0
2005,481581,1,1,0,0,0,0,0,0,0,0,0,0
2005,481582,1,1,29,29,29,29,29,29,29,29,29,29
2005,481582,2,1,0,0,0,0,0,0,0,4,0,0
2005,481583,1,1,25,25,25,25,25,25,25,25,25,25
2005,481583,2,1,0,0,0,0,0,0,0,0,0,0
2005,481584,1,1,0,0,0,0,0,0,0,0,0,0
2005,481585,1,1,0,11,0,0,0,4,5,0,0,2
2005,481585,2,1,0,0,0,0,0,0,0,0,0,0
2005,481586,1,1,0,0,0,0,0,0,0,0,0,0
2005,481586,2,1,12,0,0,0,0,0,0,0,0,0
2005,481587,1,1,0,10,0,0,0,0,0,0,0,0
2005,481588,1,1,0,0,0,0,0,0,0,0,0,0
2005,481588,2,1,0,0,0,0,0,0,0,0,0,0
2005,481588,3,1,0,0,0,0,0,0,0,0,0,0
2005,481588,4,1,0,0,0,0,0,0,0,0,0,0
2005,481588,5,1,0,0,0,0,0,0,0,0,0,0
2005,481588,6,1,0,0,0,0,0,0,0,0,0,0
2005,481589,1,1,11,14,19,0,29,4,0,17,0,0
2005,481589,2,1,0,0,1,0,0,0,0,0,16,0
2005,481589,3,1,8,0,0,0,0,0,0,4,0,10
2005,481590,1,1,0,0,0,0,0,0,0,0,0,0
2005,481590,3,1,0,0,0,0,0,0,18,0,0,0
2005,481591,1,1,0,0,0,0,0,0,30,0,4,0
2005,481592,1,1,17,17,17,17,17,17,17,17,17,17
2005,481593,1,1,18,18,18,18,18,18,18,18,18,18
2005,481593,2,1,0,13,0,20,0,0,0,0,0,0
2005,481593,3,1,0,0,0,14,0,12,13,14,0,0
2005,481593,4,1,0,7,0,0,0,0,0,0,6,0
2005,481594,0,1,21,0,12,0,0,35,26,0,0,9
2005,481594,0,2,0,18,0,0,0,0,0,0,0,23
2005,481594,1,1,0,0,0,0,0,0,0,34,0,0
2005,481595,1,1,0,0,0,0,0,0,0,15,0,0
2005,481596,1,1,3,15,12,27,27,18,9,13,30,13
2005,481597,1,1,6,5,0,0,9,0,12,0,0,0
2005,481598,1,1,19,19,19,19,19,19,19,19,19,19
2005,481599,1,1,15,15,15,15,15,15,15,15,15,15
2005,481600,1,1,3,3,3,3,3,3,3,3,3,3
2005,481601,1,1,0,0,0,0,0,0,0,0,0,0
2005,481602,1,1,22,22,22,22,22,22,22,22,22,22
2005,481603,1,1,24,24,24,24,24,24,24,24,24,24
2005,481604,1,1,12,12,12,12,12,12,12,12,12,12
2005,481604,2,1,0,15,0,19,9,0,0,0,19,0
2005,481605,1,1,23,23,23,23,23,23,23,23,23,23
2005,481606,0,1,0,0,0,0,0,0,0,0,0,0
2005,481606,1,1,9,3,22,11,5,18,0,19,4,13
2005,481607,1,1,0,9,0,0,0,0,0,8,0,0
2005,481607,2,1,0,0,0,0,0,0,0,0,0,0
2005,481607,3,1,0,0,0,0,0,0,0,0,0,0
2005,481608,1,1,0,0,0,0,0,0,0,0,0,0
2005,481609,1,1,0,0,0,0,0,0,0,16,0,0
2005,481610,1,1,0,0,0,0,0,0,0,0,0,0
2005,481610,2,1,26,0,0,0,0,0,0,0,0,0
2005,481610,3,1,0,0,0,0,0,0,0,0,0,0
2005,481610,4,1,0,0,0,0,0,0,0,7,0,8
2005,481610,5,1,0,0,0,0,0,0,0,0,0,0
2005,481611,0,1,25,14,36,8,26,0,16,38,22,31
2005,481611,1,1,0,0,14,22,0,0,14,0,5,20
2005,481612,1,1,16,16,16,16,16,16,16,16,16,16
2005,481613,1,1,0,0,17,0,0,0,18,0,0,0
2005,481613,2,1,8,8,8,8,8,8,8,8,8,8
2005,481614,1,1,0,0,0,0,0,0,0,0,0,0
2005,481614,2,1,0,0,0,0,0,0,0,0,0,0
2005,481615,1,1,0,0,0,0,0,0,0,0,0,0
2005,481616,1,1,14,14,14,14,14,14,14,14,14,14
2005,481616,2,1,0,0,0,0,0,0,0,0,0,0
2005,481617,1,1,0,0,0,0,0,0,0,0,0,0
2005,481618,1,1,18,18,18,18,18,18,18,18,18,18
2005,481620,1,1,0,0,0,0,0,0,0,0,0,0
2005,481620,2,1,0,0,0,0,0,0,0,0,0,0
2005,481621,1,1,0,0,0,0,0,0,0,0,0,0
2005,481621,2,1,0,0,0,0,0,0,0,0,0,0
2005,481621,3,1,0,0,0,0,0,0,0,0,0,0
2005,481621,4,1,0,0,0,0,0,0,0,0,0,0
2005,481622,1,1,5,0,0,12,0,16,26,0,0,0
2005,481623,1,1,0,15,27,0,0,0,0,0,23,17
2005,481624,1,1,0,0,0,0,0,0,0,0,10,0
2005,481625,1,1,7,7,7,7,7,7,7,7,7,7
2005,481626,1,1,0,0,0,0,0,0,0,0,0,0
2005,481626,2,1,0,17,0,0,0,0,0,0,0,0
2005,481627,1,1,0,0,0,0,33,25,0,0,0,0
2005,481628,1,1,19,19,18,0,0,26,21,0,0,0
2005,481629,1,1,28,28,28,28,28,28,28,28,28,28
2005,481629,2,1,0,0,0,20,0,0,0,0,0,0
2005,481630,1,1,0,0,0,0,0,0,0,0,0,0
2005,481631,1,1,0,0,0,0,0,0,0,0,6,0
2005,481631,2,1,0,26,0,7,27,27,0,0,0,0
2005,481632,1,1,0,0,0,0,0,0,0,0,0,0
2005,481632,2,1,0,0,6,0,0,0,0,0,0,0
2005,481633,1,1,0,0,0,0,13,0,0,0,19,0
2005,481634,1,1,11,11,11,11,11,11,11,11,11,11
2005,481635,1,1,0,0,0,0,0,0,22,7,0,0
2005,481635,2,1,14,0,0,0,0,5,0,0,0,10
2005,481636,1,1,35,0,3,23,18,23,11,0,15,0
2005,481636,2,1,0,0,0,0,0,0,0,0,15,0
2005,481637,1,1,19,19,19,19,19,19,19,19,19,19
2005,481637,2,1,0,9,0,0,9,0,14,0,0,0
2005,481638,1,1,0,0,0,0,0,0,0,0,0,0
2005,481638,2,1,0,0,0,0,0,0,0,0,0,0
2005,481639,1,1,0,0,0,0,0,0,0,0,0,0
2005,481639,2,1,0,0,0,0,0,0,0,0,0,0
2005,481640,1,1,21,21,21,21,21,21,21,21,21,21
2005,481640,2,1,0,0,0,0,0,0,0,0,0,0
2005,481641,1,1,0,0,0,0,0,0,0,0,0,0
2005,481642,1,1,21,4,0,0,23,0,0,6,0,0
2005,481643,1,1,19,19,19,19,19,19,19,19,19,19
2005,481643,2,1,0,0,10,0,0,0,0,0,0,4
2005,481644,1,1,13,0,0,0,0,8,0,0,0,3
2005,481644,2,1,0,0,0,0,0,0,0,0,0,0
2005,481645,1,1,0,0,0,0,0,0,0,0,0,0
2005,481645,2,1,0,0,0,0,0,0,0,9,0,0
2005,481646,1,1,0,0,0,0,0,6,0,0,0,0
2005,481647,1,1,21,15,0,23,10,28,10,11,13,28
2005,481648,1,1,20,20,20,20,20,20,20,20,20,20
2005,481649,0,1,0,0,0,0,0,0,9,16,24,0
2005,481649,1,1,0,7,0,0,0,13,22,0,0,0
2005,481650,1,1,0,0,0,0,0,0,0,0,0,0
2005,481651,1,1,33,33,33,33,33,33,33,33,33,33
2005,481651,2,1,8,0,0,0,0,0,0,0,0,0
2005,481652,1,1,0,0,0,13,0,17,0,10,0,0
2005,481653,1,1,0,0,0,0,0,0,0,0,0,0
2005,481653,2,1,0,0,0,0,0,0,0,0,0,0
2005,481654,1,1,30,30,30,30,30,30,30,30,30,30
2005,481655,1,1,12,12,12,12,12,12,12,12,12,12
2005,481656,1,1,0,0,0,0,0,0,0,0,0,0
2005,481656,2,1,0,0,0,0,0,0,0,0,0,0
2005,481657,1,1,32,14,0,23,19,0,0,0,9,0
2005,481657,2,1,0,16,9,0,0,0,0,0,0,0
2005,481657,3,1,11,10,19,23,32,6,26,0,0,26
2005,481658,1,1,0,0,0,0,14,0,0,0,0,0
2005,481659,1,1,0,0,0,0,0,0,0,0,0,0
2005,481659,2,1,0,0,0,0,0,0,0,0,0,0
2005,481660,1,1,0,0,0,0,0,0,0,0,0,0
2005,481661,1,1,18,0,0,0,0,0,0,0,0,3
2005,481662,1,1,0,0,0,0,0,0,0,0,0,0
2005,481662,2,1,0,0,0,0,0,0,0,0,0,0
2005,481663,1,1,0,0,0,0,0,0,0,0,0,0
2005,481663,2,1,0,10,0,0,0,0,0,0,0,0
2005,481664,1,1,0,0,0,0,0,0,0,0,0,0
2005,481665,1,1,0,0,0,0,0,3,10,16,3,18
2005,481666,0,1,9,0,0,0,0,0,0,0,0,0
2005,481666,1,1,0,0,0,0,0,0,0,0,0,0
2005,481667,1,1,0,0,0,0,0,0,0,0,0,0
2005,481667,2,1,0,0,0,0,0,0,0,0,0,0
2005,481668,1,1,0,0,0,0,13,0,0,0,0,0
2005,481668,2,1,0,0,0,0,0,0,0,0,0,0
2005,481669,0,1,9,24,16,10,22,20,19,20,33,22
2005,481669,1,1,6,0,0,0,0,0,10,10,13,0
2005,481670,1,1,0,0,0,0,0,0,0,0,0,0
2005,481670,2,1,0,0,0,0,0,0,0,0,0,0
2005,481671,1,1,0,0,0,0,0,0,0,0,0,0
2005,481671,2,1,1,1,1,1,1,1,1,1,1,1
2005,481672,1,1,13,0,0,0,0,0,0,0,0,0
2005,481672,2,1,7,3,21,0,0,0,10,22,0,10
2005,481673,1,1,28,28,28,28,28,28,28,28,28,28
2005,481674,1,1,0,0,0,9,0,0,0,0,19,0
2005,481675,1,1,5,7,28,10,19,13,10,18,18,9
2005,481676,1,1,25,25,25,25,25,25,25,25,25,25
2005,481677,0,1,0,0,0,0,0,0,0,0,0,0
2005,481677,1,1,0,0,0,0,0,3,0,0,0,0
2005,481678,1,1,0,0,0,0,0,0,0,0,0,0
2005,481678,2,1,12,0,0,0,0,0,0,0,0,0
2005,481679,1,1,0,0,0,0,0,0,0,0,0,0
2005,481679,2,1,0,0,0,0,0,0,0,3,0,0
2005,481679,3,1,0,0,0,0,0,0,0,0,0,0
2005,481680,1,1,6,6,5,12,23,8,9,36,14,20
2005,481680,2,1,0,0,0,0,0,0,0,0,0,0
2005,481681,1,1,0,0,0,0,0,0,0,0,0,0
2005,481681,2,1,0,0,0,0,0,0,0,0,0,0
2005,481681,3,1,0,0,0,0,0,0,0,0,0,0
2005,481682,1,1,0,0,0,0,0,0,0,0,0,0
2005,481682,2,1,0,0,0,0,0,0,15,0,17,0
2005,481683,1,1,0,0,0,0,0,0,0,0,0,0
2005,481684,1,1,19,18,0,27,0,5,15,23,27,10
2005,481685,1,1,19,0,14,0,0,32,13,0,22,19
2005,481686,1,1,28,28,28,28,28,28,28,28,28,28
2005,481687,1,1,33,41,19,23,33,13,8,14,21,51
2005,481688,1,1,3,3,3,3,3,3,3,3,3,3
2005,481689,1,1,25,25,25,25,25,25,25,25,25,25
2005,481689,2,1,0,13,0,13,8,0,0,30,0,0
2005,481690,1,1,0,0,0,0,0,0,0,0,0,0
2005,481690,2,1,0,12,15,0,0,0,0,27,0,0
2005,481691,1,1,0,0,0,0,0,0,20,19,0,0
2005,481692,1,1,21,21,21,21,21,21,21,21,21,21
2005,481692,2,1,0,0,0,13,0,0,10,0,14,0
2005,481693,1,1,0,0,0,0,0,0,0,0,0,0
2005,481693,2,1,0,0,0,0,0,0,0,0,20,0
2005,481694,1,1,21,28,33,40,8,14,12,10,12,19
2005,481694,2,1,9,10,18,7,32,18,14,23,25,12
2005,481695,1,1,0,0,0,0,0,0,0,0,0,0
2005,481696,1,1,0,5,0,0,0,0,0,0,0,0
2005,481696,2,1,0,0,0,0,0,0,0,0,0,0
2005,481697,1,1,0,0,0,0,0,0,0,0,0,0
2005,481697,2,1,0,0,0,0,0,0,0,0,0,0
2005,481698,1,1,0,8,0,0,0,0,0,0,0,28
2005,481699,1,1,14,14,14,14,14,14,14,14,14,14
2005,481700,1,1,0,0,0,0,0,0,0,0,0,0
2005,481700,2,1,0,0,0,0,0,0,0,0,0,0
2005,481701,1,1,0,0,0,0,0,0,0,0,0,0
2005,481702,1,1,0,0,7,0,0,0,0,0,0,0
2005,481703,1,1,16,0,11,4,19,0,6,0,7,0
2005,481704,0,1,0,0,0,0,0,0,12,0,0,0
2005,481704,1,1,0,0,0,0,0,0,0,0,9,0
2005,481705,1,1,9,9,9,9,9,9,9,9,9,9
2005,481706,1,1,0,0,0,0,0,0,0,16,0,0
2005,481706,2,1,10,0,0,0,0,0,0,0,6,0
2005,481707,1,1,17,0,0,0,0,0,0,0,0,0
2005,481708,1,1,0,0,16,13,22,0,0,0,0,0
2005,481709,1,1,16,17,0,0,0,7,0,0,7,7
2005,481710,1,1,0,0,0,0,0,0,0,0,0,0
2005,481710,2,1,3,3,3,3,3,3,3,3,3,3
2005,481711,1,1,17,0,0,0,0,14,0,15,0,0
2005,481711,2,1,0,0,0,0,0,0,0,0,0,0
2005,481711,3,1,0,0,0,0,0,0,0,0,0,0
2005,481712,1,1,0,16,29,0,0,18,28,37,31,17
2005,481713,1,1,11,11,11,11,11,11,11,11,11,11
2005,481714,1,1,0,0,0,0,0,0,0,0,0,0
2005,481715,0,1,0,27,0,22,21,0,0,0,11,0
2005,481715,1,1,0,0,0,0,0,0,0,0,0,0
2005,481716,1,1,0,0,0,0,0,0,0,0,0,0
2005,481717,1,1,17,0,7,0,18,12,0,10,21,0
2005,481718,1,1,0,0,0,0,0,0,0,0,0,0
2005,481718,2,1,0,0,0,0,0,0,0,0,0,0
2005,481719,1,1,6,6,6,6,6,6,6,6,6,6
2005,481719,2,1,11,0,0,0,0,20,6,22,0,0
2005,481720,1,1,12,12,12,12,12,12,12,12,12,12
2005,481720,2,1,0,0,0,0,0,0,0,0,0,0
2005,481721,1,1,0,0,0,0,0,0,0,0,0,0
2005,481722,1,1,12,12,12,12,12,12,12,12,12,12
2005,481722,2,1,10,10,10,10,10,10,10,10,10,10
2005,481723,1,1,0,9,0,7,0,0,0,0,21,0
2005,481723,2,1,0,0,0,0,0,0,0,6,0,0
2005,481724,1,1,0,13,24,0,32,17,24,15,45,0
2005,481725,1,1,0,0,0,0,0,0,0,0,17,3
2005,481726,1,1,18,18,18,18,18,18,18,18,18,18
2005,481727,1,1,18,18,18,18,18,18,18,18,18,18
2005,481727,2,1,13,13,13,13,13,13,13,13,13,13
2005,481728,1,1,0,0,0,0,0,0,0,0,0,0
2005,481729,1,1,0,0,0,0,0,0,0,0,19,0
2005,481730,1,1,0,6,0,0,14,0,0,0,0,0
2005,481730,2,1,0,0,0,0,0,0,0,0,0,0
2005,481731,1,1,0,24,32,0,0,0,9,6,10,0
2005,481732,1,1,11,11,11,11,11,11,11,11,11,11
2005,481733,1,1,0,0,0,0,0,0,0,0,0,0
2005,481733,2,1,0,0,0,0,0,0,7,0,0,0
2005,481734,1,1,11,11,11,11,11,11,11,11,11,11
2005,481734,2,1,0,13,0,13,0,6,0,0,0,18
2005,481735,1,1,0,0,16,0,0,0,0,0,0,0
2005,481735,2,1,0,0,0,0,0,0,0,0,0,0
2005,481736,1,1,6,0,0,0,0,6,0,14,11,10
2005,481737,1,1,0,0,0,0,0,0,0,0,0,0
2005,481738,1,1,0,0,0,0,0,0,0,0,0,0
2005,481739,1,1,20,20,20,20,20,20,20,20,20,20
2005,481740,0,1,17,15,18,11,20,29,28,19,12,0
2005,481740,1,1,0,0,0,0,0,0,0,0,0,0
2005,481741,1,1,32,0,0,0,0,13,21,7,23,11
2005,481742,1,1,15,0,0,0,0,0,0,0,10,0
2005,481742,2,1,0,0,0,0,0,0,0,0,0,0
2005,481743,1,1,0,0,3,0,18,0,0,0,0,0
2005,481744,2,1,3,0,0,13,19,0,0,0,0,0
2005,481745,2,1,20,36,0,0,0,19,22,0,0,0
2005,481746,1,1,0,0,0,0,0,0,0,0,0,0
2005,481746,2,1,0,21,0,0,0,18,0,0,0,0
2005,481747,0,1,0,0,0,0,0,18,0,0,0,0
2005,481747,1,1,0,0,0,0,0,0,0,0,0,0
2005,481748,1,1,0,2,11,0,0,33,0,16,0,17
2005,481749,1,1,0,0,0,0,0,0,0,0,0,0
2005,481749,2,1,10,0,0,14,0,0,0,0,0,0
2005,481750,1,1,18,18,18,18,18,18,18,18,18,18
2005,481751,1,1,0,18,0,0,0,0,0,0,0,11
2005,481751,2,1,0,0,0,0,0,0,0,0,0,0
2005,481751,3,1,0,0,0,0,0,0,0,0,0,0
2005,481752,1,1,0,0,8,0,0,0,0,0,0,0
2005,481753,0,1,0,0,0,0,18,0,0,0,0,0
2005,481753,1,1,0,0,0,0,0,0,0,0,0,0
2005,481754,1,1,0,18,0,0,0,0,0,0,0,0
2005,481755,1,1,14,0,13,0,0,0,0,18,21,10
2005,481756,1,1,0,21,0,0,7,11,14,0,0,0
2005,481757,1,1,12,12,12,12,12,12,12,12,12,12
2005,481758,1,1,6,6,6,6,6,6,6,6,6,6
2005,481759,1,1,0,0,0,0,0,0,0,0,0,0
2005,481759,2,1,0,0,0,0,0,0,0,0,0,0
2005,481760,1,1,0,3,5,0,0,0,0,0,0,0
2005,481761,1,1,19,19,19,19,19,19,19,19,19,19
2005,481762,1,1,0,0,0,0,0,0,0,0,0,0
2005,481763,1,1,18,21,20,19,4,0,12,22,16,23
2005,481765,0,1,0,19,45,29,11,13,0,0,19,13
2005,481765,1,1,1,0,0,0,0,0,0,28,13,0
2005,481766,0,1,0,19,0,0,0,0,0,15,0,0
2005,481766,0,2,0,16,0,0,17,0,0,27,19,0
2005,481766,1,1,10,2,24,27,14,15,17,27,27,40
2005,481767,0,1,0,0,0,0,0,0,0,0,0,0
2005,481767,1,1,21,21,21,21,21,21,21,21,21,21
2005,481768,1,1,0,0,0,0,0,0,0,0,0,0
2005,481769,0,1,21,0,10,0,29,18,0,0,30,19
2005,481769,1,1,0,25,0,0,0,0,22,25,0,16
2005,481770,1,1,18,13,11,20,6,21,6,12,21,10
2005,481771,1,1,35,35,35,35,35,35,35,35,35,35
2005,481771,2,1,0,6,14,0,8,0,12,0,0,0
2005,481772,1,1,22,22,22,22,22,22,22,22,22,22
2005,481773,1,1,27,27,27,27,27,27,27,27,27,27
2005,481774,1,1,0,0,0,0,0,0,0,0,0,0
2005,481774,2,1,0,0,0,0,0,0,0,0,0,0
2005,481775,1,1,0,0,0,0,0,0,0,0,0,0
2005,481776,0,1,0,0,24,21,0,35,0,19,0,0
2005,481776,0,2,7,33,14,0,0,5,0,0,14,0
2005,481776,1,1,22,0,6,0,0,0,0,0,0,0
2005,481777,1,1,7,7,7,7,7,7,7,7,7,7
2005,481778,0,1,23,21,0,32,23,15,7,41,26,39
2005,481778,1,1,0,0,0,0,0,0,0,0,0,0
2005,481779,1,1,31,31,31,31,31,31,31,31,31,31
2005,481780,1,1,24,24,24,24,24,24,24,24,24,24
2005,481780,2,1,0,15,0,0,0,0,0,0,0,0
2005,481781,1,1,0,0,0,0,0,0,0,0,0,0
2005,481781,2,1,0,0,5,0,0,0,0,0,0,9
2005,481782,1,1,14,13,20,0,8,12,35,7,15,9
2005,481782,2,1,0,0,0,0,0,0,0,0,0,0
2005,481782,3,1,0,0,0,0,0,0,0,0,0,0
2005,481782,4,1,0,0,0,0,0,0,0,0,0,0
2005,481783,1,1,8,8,8,8,8,8,8,8,8,8
2005,481784,1,1,0,0,0,0,0,0,0,0,0,0
2005,481784,2,1,0,0,0,0,0,3,0,0,0,0
2005,481785,1,1,11,11,11,11,11,11,11,11,11,11
2005,481786,0,1,0,0,0,0,0,0,0,0,0,0
2005,481786,1,1,0,0,0,0,0,0,0,0,0,0
2005,481787,1,1,0,0,0,0,0,0,0,0,0,0
2005,481788,1,1,0,0,0,0,0,0,0,0,0,0
2005,481788,2,1,0,0,0,0,0,0,0,0,0,0
2005,481788,3,1,0,0,0,0,12,0,0,0,0,0
2005,481789,1,1,17,12,18,20,25,0,18,19,19,6
2005,481790,1,1,0,0,0,0,0,0,0,0,0,0
2005,481791,1,1,0,8,0,29,0,0,0,0,18,18
2005,481791,2,1,21,0,0,0,24,0,0,0,0,0
2005,481792,1,1,0,0,0,0,0,0,0,0,0,0
2005,481792,2,1,0,0,0,0,0,0,0,0,0,0
2005,481793,1,1,0,0,0,0,0,0,0,0,0,0
2005,481793,2,1,0,22,20,10,0,0,0,16,27,0
2005,481794,1,1,0,0,0,0,0,0,0,0,0,0
2005,481794,2,1,0,0,0,0,0,0,0,0,0,0
2005,481795,1,1,17,17,17,17,17,17,17,17,17,17
2005,481796,1,1,0,0,0,0,0,0,0,0,0,0
2005,481796,2,1,0,0,0,0,0,0,0,0,0,0
2005,481797,1,1,0,0,0,0,0,0,0,0,0,0
2005,481797,2,1,0,0,0,0,0,0,0,0,0,0
2005,481798,1,1,0,0,0,0,0,0,0,0,0,0
2005,481799,1,1,0,0,0,0,0,0,0,0,0,0
2005,481800,1,1,0,0,0,0,0,0,0,0,0,0
2005,481800,2,1,0,0,0,0,0,0,0,0,0,0
2005,481801,1,1,0,0,0,0,0,0,0,0,0,0
2005,481801,2,1,0,0,0,0,0,0,5,0,0,0
2005,481802,1,1,0,0,0,0,0,0,0,0,0,0
2005,481803,1,1,22,22,22,22,22,22,22,22,22,22
2005,481804,1,1,0,0,0,0,0,0,0,0,0,0
2005,481804,2,1,0,0,0,2,6,0,0,0,0,0
2005,481805,0,1,15,0,0,0,0,0,0,33,0,32
2005,481805,1,1,0,0,0,0,0,0,0,0,0,0
2005,481806,1,1,18,18,18,18,18,18,18,18,18,18
2005,481807,0,1,19,19,19,19,19,19,19,19,19,19
2005,481807,1,1,5,0,0,0,0,30,12,34,19,37
2005,481808,0,1,0,13,6,9,0,51,34,13,0,0
2005,481808,1,1,0,0,0,0,26,0,16,13,0,0
2005,481808,2,1,0,0,13,0,11,0,10,0,0,0
2005,481809,1,1,0,0,0,0,0,0,17,24,0,0
2005,481810,1,1,18,18,18,18,18,18,18,18,18,18
2005,481811,1,1,0,0,0,0,0,0,12,0,0,0
2005,481811,2,1,0,0,0,0,6,0,0,0,0,0
2005,481812,1,1,12,12,12,12,12,12,12,12,12,12
2005,481813,0,1,0,0,0,0,0,0,0,0,0,5
2005,481813,1,1,0,0,0,0,0,0,0,0,0,0
2005,481814,1,1,15,15,15,15,15,15,15,15,15,15
2005,481814,2,1,0,0,0,0,0,0,0,0,0,0
2005,481814,3,1,5,0,0,0,0,7,0,0,0,0
2005,481815,1,1,0,0,0,0,0,6,7,0,0,15
2005,481815,2,1,0,22,0,9,11,0,0,10,0,0
2005,481815,3,1,0,0,0,0,0,0,0,0,0,0
2005,481816,1,1,12,12,12,12,12,12,12,12,12,12
2005,481817,1,1,0,0,0,0,0,0,0,0,0,0
2005,481817,2,1,0,0,0,0,0,0,0,0,0,0
2005,481817,3,1,0,0,4,0,3,0,0,0,0,0
2005,481818,1,1,0,0,0,16,0,0,26,0,0,0
2005,481818,2,1,16,16,16,16,16,16,16,16,16,16
2005,481819,1,1,23,0,0,0,0,0,0,0,0,0
2005,481819,2,1,0,0,0,0,3,0,0,0,0,0
2005,481820,1,1,13,13,13,13,13,13,13,13,13,13
2005,481821,1,1,0,22,0,0,0,0,12,0,0,15
2005,481822,1,1,0,0,0,20,0,0,0,0,0,0
2005,481822,2,1,0,0,0,0,0,0,0,0,0,0
2005,481823,1,1,17,17,17,17,17,17,17,17,17,17
2005,481824,1,1,0,0,0,0,0,0,0,0,0,0
2005,481825,1,1,0,0,0,0,0,0,0,0,0,0
2005,481825,2,1,0,0,0,0,0,0,0,0,0,0
2005,481826,1,1,0,0,0,0,0,0,0,0,0,0
2005,481827,1,1,0,0,0,0,0,0,0,0,0,0
2005,481827,2,1,22,0,8,0,0,0,27,13,0,0
2005,481828,1,1,11,0,19,12,0,0,27,0,15,0
2005,481829,1,1,0,4,0,0,7,0,16,0,0,0
2005,481829,2,1,0,0,0,22,0,0,0,0,0,0
2005,481830,0,1,19,19,19,19,19,19,19,19,19,19
2005,481830,1,1,0,6,0,0,0,0,0,0,0,5
2005,481833,1,1,32,0,12,27,4,9,29,6,0,26
2005,481834,1,1,5,5,5,5,5,5,5,5,5,5
2005,481835,1,1,16,16,16,16,16,16,16,16,16,16
2005,481836,0,1,18,18,18,18,18,18,18,18,18,18
2005,481836,1,1,0,0,5,0,0,0,22,0,0,11
2005,481837,1,1,14,14,14,14,14,14,14,14,14,14
2005,481838,1,1,0,0,0,0,0,0,0,0,0,0
2005,481838,2,1,0,0,0,0,0,0,0,0,0,0
2005,481839,0,1,0,0,11,19,0,0,0,0,0,0
2005,481839,1,1,0,0,0,0,0,14,14,0,0,0
2005,481840,1,1,0,0,0,15,0,0,0,0,0,0
2005,481841,1,1,0,0,0,0,0,0,0,0,0,0
2005,481841,2,1,0,0,0,0,0,0,0,0,0,0