YEAR,ST_CASE,veh_no,per_no,P1,P2,P3,P4,P5,P6,P7,P8,P9,P10
2005,482106,1,1,18,17,0,0,0,0,3,17,19,29
2005,482107,1,1,0,0,0,0,0,0,0,0,15,0
2005,482107,2,1,0,0,0,0,0,0,0,0,0,0
2005,482108,1,1,8,8,8,8,8,8,8,8,8,8
2005,482108,2,1,0,0,0,0,0,0,0,0,0,0
2005,482109,1,1,6,0,33,0,7,4,18,0,0,0
2005,482109,2,1,0,0,0,0,0,0,0,0,15,0
2005,482109,3,1,0,0,0,0,0,0,0,0,0,0
2005,482110,1,1,0,0,0,0,0,0,0,0,0,0
2005,482110,2,1,0,8,0,0,0,0,0,0,0,0
2005,482110,3,1,0,0,0,0,0,0,0,0,0,41
2005,482111,1,1,19,0,12,0,0,18,26,0,11,0
2005,482112,1,1,22,16,23,9,22,32,34,8,0,17
2005,482113,1,1,11,18,10,30,13,24,30,25,9,21
2005,482114,1,1,0,0,0,0,0,0,8,0,0,0
2005,482114,2,1,0,0,0,0,0,0,0,0,0,0
2005,482114,3,1,0,0,0,0,0,0,0,0,0,0
2005,482114,4,1,0,20,0,0,0,7,0,0,0,7
2005,482115,1,1,21,0,17,21,17,0,24,5,0,20
2005,482116,1,1,3,3,3,3,3,3,3,3,3,3
2005,482117,0,1,0,5,0,0,0,0,0,26,0,9
2005,482117,0,2,19,0,7,27,30,0,0,0,0,0
2005,482117,1,1,0,0,0,0,0,0,0,0,0,0
2005,482117,2,1,0,37,0,24,0,0,0,0,38,0
2005,482118,1,1,0,0,0,0,0,0,0,0,0,0
2005,482119,1,1,19,19,19,19,19,19,19,19,19,19
2005,482120,1,1,31,34,0,9,5,12,13,15,6,3
2005,482120,2,1,0,0,0,0,15,0,0,22,11,0
2005,482121,1,1,0,0,0,0,0,0,0,0,0,0
2005,482122,1,1,0,2,0,0,0,11,0,0,21,0
2005,482123,1,1,0,0,13,0,0,0,0,0,0,0
2005,482124,1,1,26,26,26,26,26,26,26,26,26,26
2005,482124,2,1,0,0,0,0,0,0,0,0,0,0
2005,482124,3,1,0,18,0,0,0,0,0,0,0,0
2005,482125,1,1,16,16,16,16,16,16,16,16,16,16
2005,482125,2,1,25,25,25,25,25,25,25,25,25,25
2005,482125,3,1,0,0,0,0,0,0,0,0,0,0
2005,482126,0,1,33,0,0,18,0,0,23,0,6,0
2005,482126,1,1,0,0,0,0,0,0,0,0,0,0
2005,482127,0,1,0,0,0,0,0,0,0,0,0,0
2005,482127,1,1,16,0,0,0,0,0,0,0,0,0
2005,482128,1,1,14,13,12,24,21,25,16,25,19,7
2005,482129,1,1,7,7,7,7,7,7,7,7,7,7
2005,482130,1,1,0,0,0,0,0,0,0,0,0,0
2005,482131,0,1,2,2,2,2,2,2,2,2,2,2
2005,482131,1,1,15,15,15,15,15,15,15,15,15,15
2005,482131,2,1,0,0,0,0,0,0,0,0,0,0
2005,482132,1,1,0,0,0,0,0,0,0,0,0,0
2005,482133,0,1,35,35,35,35,35,35,35,35,35,35
2005,482133,1,1,0,0,0,0,0,0,0,0,0,0
2005,482134,1,1,11,14,10,0,11,23,14,19,0,0
2005,482135,1,1,12,16,0,0,0,0,0,0,0,0
2005,482136,1,1,20,12,10,26,28,21,19,18,16,15
2005,482137,1,1,25,0,20,12,12,2,13,35,0,0
2005,482138,1,1,0,0,0,24,0,0,0,0,0,0
2005,482139,1,1,5,17,15,20,0,0,27,23,10,19
2005,482140,1,1,0,0,0,0,0,0,0,0,0,0
2005,482141,1,1,0,0,0,0,0,0,0,0,0,0
2005,482142,1,1,0,0,0,0,0,0,0,0,0,0
2005,482143,1,1,0,20,0,22,0,0,0,0,0,12
2005,482144,1,1,0,0,0,0,0,0,0,0,0,12
2005,482144,2,1,0,0,0,0,0,0,0,0,0,0
2005,482145,1,1,0,0,0,0,0,0,0,0,0,0
2005,482145,2,1,17,17,17,17,17,17,17,17,17,17
2005,482146,1,1,0,0,0,0,0,0,0,0,0,0
2005,482146,2,1,0,0,0,0,0,0,0,0,0,0
2005,482147,1,1,0,0,0,0,0,0,0,0,0,0
2005,482148,0,1,0,0,0,16,0,0,0,0,0,0
2005,482148,1,1,0,0,0,0,0,0,0,0,0,0
2005,482149,1,1,0,0,0,0,0,0,0,0,0,0
2005,482150,1,1,0,0,0,0,0,0,0,0,0,0
2005,482151,1,1,18,0,0,0,0,0,0,0,0,0
2005,482152,1,1,21,7,18,0,23,0,0,0,0,0
2005,482153,1,1,0,0,0,0,0,0,0,0,0,0
2005,482153,2,1,0,0,0,0,0,0,0,0,0,0
2005,482154,0,1,36,32,0,0,20,11,0,0,24,20
2005,482154,1,1,0,0,0,0,0,0,0,0,0,0
2005,482156,1,1,0,0,0,0,0,0,0,0,13,0
2005,482156,2,1,0,0,0,0,0,0,0,0,0,0
2005,482157,1,1,23,23,23,23,23,23,23,23,23,23
2005,482157,2,1,0,0,0,0,0,0,0,0,0,0
2005,482158,1,1,0,0,10,15,0,0,0,0,10,12
2005,482159,1,1,0,0,0,0,0,0,0,0,0,0
2005,482159,2,1,17,0,6,0,0,0,0,0,0,14
2005,482160,1,1,0,0,0,0,0,0,0,0,0,0
2005,482160,2,1,0,0,0,0,0,0,0,0,0,0
2005,482161,1,1,38,38,38,38,38,38,38,38,38,38
2005,482162,1,1,11,11,11,11,11,11,11,11,11,11
2005,482163,1,1,17,5,0,0,0,0,0,0,8,0
2005,482164,1,1,0,0,18,17,0,14,15,0,0,0
2005,482165,1,1,0,0,0,0,0,0,0,0,0,0
2005,482165,2,1,0,0,0,0,0,0,0,0,0,0
2005,482165,3,1,0,0,0,0,0,0,0,0,0,0
2005,482166,1,1,25,25,25,25,25,25,25,25,25,25
2005,482167,1,1,0,0,0,0,0,0,0,0,0,0
2005,482168,1,1,0,0,0,0,0,0,0,0,0,0
2005,482168,2,1,0,0,0,0,0,0,0,0,0,0
2005,482169,1,1,29,29,29,29,29,29,29,29,29,29
2005,482170,1,1,15,15,15,15,15,15,15,15,15,15
2005,482170,2,1,0,0,0,9,0,0,0,0,0,0
2005,482171,1,1,0,11,21,0,0,0,0,16,11,0
2005,482172,1,1,8,8,8,8,8,8,8,8,8,8
2005,482173,1,1,18,18,18,18,18,18,18,18,18,18
2005,482173,2,1,10,10,10,10,10,10,10,10,10,10
2005,482174,1,1,8,8,8,8,8,8,8,8,8,8
2005,482175,1,1,28,18,20,15,0,0,11,0,0,15
2005,482175,2,1,0,0,11,0,0,0,0,0,0,0
2005,482176,1,1,0,0,0,0,0,0,0,0,0,0
2005,482176,2,1,0,0,0,0,0,0,0,0,0,0
2005,482177,1,1,0,0,0,0,0,0,0,0,0,0
2005,482177,2,1,0,0,0,0,0,0,0,0,0,0
2005,482178,1,1,17,17,17,17,17,17,17,17,17,17
2005,482178,2,1,17,0,0,24,0,8,22,9,0,4
2005,482179,1,1,13,8,13,18,16,7,7,14,11,6
2005,482180,1,1,0,18,0,0,24,0,16,0,0,13
2005,482180,2,1,0,26,0,4,0,0,0,0,0,0
2005,482181,0,1,0,0,0,8,0,0,17,0,0,0
2005,482181,1,1,0,0,0,0,0,0,0,0,0,0
2005,482181,2,1,15,31,6,21,0,20,21,0,14,0
2005,482182,1,1,18,12,0,21,27,9,0,0,14,27
2005,482183,1,1,0,0,0,0,0,0,0,0,0,0
2005,482183,2,1,0,0,0,8,0,0,0,0,0,0
2005,482184,1,1,0,0,0,0,0,0,0,0,0,0
2005,482185,1,1,0,0,0,0,0,0,0,0,0,0
2005,482185,2,1,0,0,0,0,0,0,0,0,0,0
2005,482186,1,1,0,0,0,0,0,0,0,0,0,0
2005,482186,2,1,0,0,0,0,0,0,0,0,0,0
2005,482187,0,1,0,0,0,0,0,0,0,0,0,0
2005,482187,1,1,12,0,0,42,0,0,0,0,0,0
2005,482188,1,1,0,0,0,0,0,0,0,0,0,0
2005,482188,2,1,0,0,0,0,0,0,0,0,0,0
2005,482189,1,1,0,0,0,0,8,0,8,17,0,0
2005,482189,2,1,0,0,0,0,0,0,0,0,0,0
2005,482190,0,1,0,0,0,0,0,0,31,0,0,0
2005,482190,1,1,0,0,0,0,0,4,0,0,0,0
2005,482191,1,1,0,0,0,9,0,0,0,0,0,0
2005,482192,1,1,0,0,0,0,0,0,0,0,0,0
2005,482192,2,1,0,0,0,0,0,0,0,0,0,0
2005,482192,3,1,0,0,0,0,0,0,0,0,0,0
2005,482193,1,1,0,0,0,0,0,0,0,0,0,0
2005,482194,1,1,0,0,0,0,0,0,0,0,0,0
2005,482194,2,1,0,0,0,0,0,0,0,0,0,0
2005,482195,0,1,0,0,0,0,16,0,0,12,0,0
2005,482195,1,1,0,0,14,0,0,16,0,0,0,18
2005,482196,0,1,0,16,23,0,31,31,0,33,15,22
2005,482196,1,1,0,0,0,0,0,0,0,0,14,0
2005,482196,2,1,0,0,0,0,8,0,0,0,0,0
2005,482197,1,1,23,12,0,19,0,0,0,4,0,0
2005,482198,1,1,0,0,0,0,23,0,0,0,0,0
2005,482198,2,1,13,0,0,0,0,0,0,0,0,0
2005,482199,0,1,0,0,0,0,0,0,0,0,11,0
2005,482199,1,1,0,0,0,0,0,0,0,0,0,0
2005,482199,2,1,0,0,0,0,0,10,0,0,0,15
2005,482200,1,1,0,0,0,0,0,0,0,0,0,0
2005,482200,2,1,0,0,0,0,0,0,0,0,0,0
2005,482201,1,1,0,0,0,0,0,0,0,0,18,19
2005,482201,2,1,16,16,16,16,16,16,16,16,16,16
2005,482202,1,1,0,7,0,0,0,0,0,0,0,0
2005,482202,2,1,0,0,0,8,0,0,0,0,0,0
2005,482203,1,1,0,0,0,0,0,0,0,0,0,0
2005,482204,1,1,0,0,0,12,0,0,0,0,0,0
2005,482204,2,1,0,0,0,0,0,0,0,0,0,0
2005,482205,1,1,0,0,0,0,0,0,0,0,0,0
2005,482205,2,1,0,0,0,0,0,0,0,0,0,0
2005,482206,0,1,7,7,7,7,7,7,7,7,7,7
2005,482206,1,1,0,0,0,8,0,0,0,0,0,0
2005,482207,1,1,7,30,16,12,5,0,8,0,26,20
2005,482208,1,1,0,0,0,0,0,0,0,0,0,26
2005,482208,2,1,0,0,0,0,0,0,0,0,0,0
2005,482209,0,1,0,0,0,0,0,0,10,0,0,0
2005,482209,0,2,12,0,27,10,0,0,30,9,0,3
2005,482209,0,3,0,0,0,0,0,0,0,0,0,0
2005,482209,3,1,3,3,3,3,3,3,3,3,3,3
2005,482210,0,1,0,0,0,28,0,0,0,0,0,0
2005,482210,1,1,0,0,0,0,0,0,0,0,0,0
2005,482211,1,1,21,21,21,21,21,21,21,21,21,21
2005,482212,1,1,14,14,14,14,14,14,14,14,14,14
2005,482213,1,1,0,0,0,0,0,0,0,0,0,0
2005,482213,2,1,0,9,0,20,0,0,9,6,0,0
2005,482214,1,1,11,11,11,11,11,11,11,11,11,11
2005,482215,1,1,29,29,29,29,29,29,29,29,29,29
2005,482216,1,1,18,18,18,18,18,18,18,18,18,18
2005,482217,1,1,0,0,0,0,0,0,0,0,0,0
2005,482217,2,1,0,0,0,0,0,0,0,0,0,0
2005,482217,3,1,0,0,0,0,0,0,0,0,0,0
2005,482217,4,1,0,0,0,0,0,0,0,0,0,0
2005,482218,1,1,19,19,19,19,19,19,19,19,19,19
2005,482219,0,1,12,12,12,12,12,12,12,12,12,12
2005,482219,1,1,0,0,0,0,0,0,0,0,0,0
2005,482220,1,1,0,0,0,0,0,0,0,0,0,0
2005,482221,1,1,32,24,12,23,0,29,0,18,28,5
2005,482222,1,1,25,17,23,22,17,21,15,30,0,29
2005,482223,0,1,12,23,0,0,0,0,15,0,0,0
2005,482223,1,1,25,0,0,0,0,0,0,0,0,0
2005,482224,1,1,22,22,22,22,22,22,22,22,22,22
2005,482225,1,1,0,0,0,0,0,0,0,0,0,0
2005,482226,1,1,10,10,10,10,10,10,10,10,10,10
2005,482227,0,1,0,0,0,0,0,0,0,0,0,0
2005,482227,1,1,0,9,0,0,0,0,0,0,0,0
2005,482228,0,1,15,15,15,15,15,15,15,15,15,15
2005,482228,1,1,0,0,0,8,0,0,12,9,9,14
2005,482229,0,1,8,8,8,8,8,8,8,8,8,8
2005,482229,1,1,0,27,0,0,11,0,0,0,0,0
2005,482230,1,1,0,16,22,21,0,0,23,33,23,27
2005,482231,1,1,0,0,0,0,0,0,0,0,0,0
2005,482232,1,1,0,0,0,0,0,7,0,6,0,0
2005,482233,1,1,0,0,0,0,0,0,0,0,0,0
2005,482233,2,1,0,0,0,0,0,0,0,0,0,0
2005,482234,0,1,0,19,30,13,4,13,24,25,14,18
2005,482234,1,1,10,0,17,5,0,0,11,13,5,8
2005,482235,1,1,28,0,0,15,0,0,0,0,6,0
2005,482236,1,1,0,0,0,0,0,0,0,0,0,0
2005,482236,2,1,16,0,0,0,0,0,10,0,16,0
2005,482237,2,1,0,0,0,0,0,0,0,0,0,0
2005,482238,1,1,21,6,7,24,0,20,24,0,12,24
2005,482239,1,1,0,0,0,0,0,0,0,0,0,0
2005,482240,1,1,0,0,0,0,0,0,0,0,0,0
2005,482240,2,1,0,0,0,0,0,0,0,0,4,12
2005,482241,0,1,0,27,15,13,20,0,13,14,33,0
2005,482241,1,1,0,0,0,21,0,0,0,0,0,0
2005,482242,1,1,0,0,7,0,29,0,14,11,0,0
2005,482242,2,1,19,0,0,0,0,0,0,0,0,0
2005,482242,3,1,0,0,0,0,0,0,0,0,0,0
2005,482243,1,1,0,0,0,0,0,0,0,0,0,0
2005,482243,2,1,0,0,0,0,0,0,0,0,0,0
2005,482243,3,1,0,0,0,0,0,0,0,0,0,0
2005,482243,4,1,0,0,0,0,0,0,0,0,0,6
2005,482244,1,1,0,0,0,0,0,0,0,0,0,0
2005,482245,1,1,26,26,26,26,26,26,26,26,26,26
2005,482245,2,1,0,0,0,0,0,0,0,0,0,0
2005,482246,1,1,0,0,0,0,0,0,0,0,0,0
2005,482247,1,1,16,19,34,7,0,12,4,11,13,21
2005,482248,1,1,0,0,0,0,0,0,0,0,0,0
2005,482248,2,1,0,0,0,0,0,0,0,0,0,0
2005,482249,1,1,0,0,0,0,0,0,0,0,57,0
2005,482249,2,1,0,0,0,0,0,0,0,0,0,0
2005,482249,3,1,5,34,0,0,0,0,0,0,0,0
2005,482250,1,1,0,0,0,0,0,0,0,0,0,0
2005,482250,2,1,0,24,0,0,0,0,0,8,0,0
2005,482251,1,1,0,0,12,0,0,10,0,12,0,0
2005,482251,2,1,0,0,0,22,0,0,0,0,0,0
2005,482252,2,1,17,5,22,14,18,23,22,16,5,18
2005,482253,1,1,0,0,0,0,0,0,0,0,0,0
2005,482253,2,1,0,0,0,0,0,0,0,0,0,0
2005,482254,1,1,0,0,0,0,0,0,0,0,0,0
2005,482254,2,1,0,0,0,0,0,0,0,0,0,0
2005,482255,1,1,0,0,0,0,0,0,0,0,0,0
2005,482255,2,1,0,0,0,0,21,0,0,0,13,10
2005,482256,1,1,0,0,0,0,0,0,0,0,0,0
2005,482257,1,1,0,0,0,5,0,0,0,0,0,0
2005,482257,2,1,0,0,0,0,0,0,0,0,0,0
2005,482258,1,1,2,20,4,9,0,10,10,10,9,0
2005,482258,2,1,0,0,0,0,0,0,0,0,0,0
2005,482259,1,1,0,0,0,0,0,0,0,0,9,0
2005,482259,2,1,0,0,0,0,0,0,0,0,0,0
2005,482260,0,1,0,37,0,0,23,8,0,0,0,0
2005,482260,1,1,0,0,0,0,0,0,0,0,0,0
2005,482261,1,1,12,0,13,0,0,27,0,0,0,0
2005,482262,1,1,0,0,0,2,0,0,0,10,10,0
2005,482263,1,1,0,0,0,0,0,0,0,0,0,0
2005,482263,2,1,0,10,0,0,0,0,0,0,11,0
2005,482264,0,1,0,0,0,0,0,0,0,0,0,0
2005,482264,1,1,12,12,12,12,12,12,12,12,12,12
2005,482265,1,1,0,0,0,0,0,0,0,0,0,0
2005,482265,2,1,0,0,0,0,0,0,0,0,0,0
2005,482266,1,1,11,11,11,11,11,11,11,11,11,11
2005,482267,1,1,0,10,0,0,0,0,0,0,0,0
2005,482267,2,1,0,0,0,0,0,0,0,0,0,0
2005,482268,1,1,12,12,12,12,12,12,12,12,12,12
2005,482268,2,1,15,15,15,15,15,15,15,15,15,15
2005,482269,1,1,0,0,0,0,0,0,22,0,0,0
2005,482269,2,1,0,6,5,0,0,0,0,0,0,0
2005,482270,1,1,17,17,17,17,17,17,17,17,17,17
2005,482271,1,1,0,0,0,0,0,0,0,0,0,0
2005,482272,1,1,0,0,0,0,0,8,0,0,0,0
2005,482272,2,1,0,7,21,0,8,0,0,0,11,0
2005,482273,1,1,20,20,20,20,20,20,20,20,20,20
2005,482273,2,1,16,0,0,0,0,20,0,0,20,14
2005,482274,1,1,16,9,6,19,10,50,22,0,10,24
2005,482274,2,1,0,21,0,0,0,21,0,12,0,0
2005,482275,1,1,0,0,0,0,0,0,0,0,0,0
2005,482275,2,1,0,0,20,0,4,0,0,0,0,0
2005,482276,1,1,0,0,0,0,0,0,0,0,0,0
2005,482276,2,1,0,0,0,0,0,0,14,0,0,0
2005,482277,1,1,18,0,13,13,21,9,39,38,0,27
2005,482278,1,1,4,8,0,0,0,9,0,0,0,8
2005,482279,0,1,0,12,0,7,0,12,0,0,13,0
2005,482279,0,2,21,8,23,0,8,4,0,0,13,0
2005,482279,0,3,0,0,0,0,15,0,14,13,22,15
2005,482279,1,1,16,12,7,0,2,9,14,11,0,0
2005,482280,0,1,18,0,0,0,0,38,0,0,10,12
2005,482280,1,1,12,0,0,0,0,0,20,0,0,0
2005,482281,1,1,22,0,0,15,12,0,0,12,0,0
2005,482281,2,1,16,16,16,16,16,16,16,16,16,16
2005,482282,1,1,0,0,0,0,0,0,0,0,0,0
2005,482282,2,1,0,0,0,0,0,0,0,0,0,0
2005,482283,1,1,0,0,0,0,0,0,0,0,0,0
2005,482283,2,1,0,0,0,0,0,0,0,0,0,0
2005,482284,0,1,5,5,5,5,5,5,5,5,5,5
2005,482284,1,1,0,25,0,0,0,0,20,0,25,13
2005,482285,1,1,0,0,0,0,0,0,4,0,0,9
2005,482285,2,1,0,0,0,0,0,0,0,0,0,0
2005,482286,1,1,47,47,47,47,47,47,47,47,47,47
2005,482287,0,1,0,19,0,0,21,0,0,10,35,0
2005,482287,1,1,0,0,0,0,0,11,20,0,0,0
2005,482288,0,1,0,0,0,0,0,0,0,0,0,0
2005,482288,1,1,0,17,0,0,0,0,35,35,0,11
2005,482289,1,1,15,15,15,15,15,15,15,15,15,15
2005,482290,1,1,0,0,0,0,0,0,0,0,0,0
2005,482290,2,1,0,0,14,0,0,0,0,0,0,0
2005,482290,3,1,15,0,0,22,0,15,0,0,16,0
2005,482291,1,1,0,0,0,0,0,0,0,0,0,0
2005,482291,2,1,0,0,0,0,0,0,0,0,0,0
2005,482292,1,1,0,0,0,0,0,0,0,0,0,0
2005,482292,2,1,19,0,0,13,0,0,0,7,0,15
2005,482293,1,1,13,22,9,0,18,16,13,16,11,10
2005,482294,1,1,17,17,17,17,17,17,17,17,17,17
2005,482294,2,1,0,0,0,0,0,0,0,0,0,6
2005,482295,1,1,0,0,0,2,0,0,0,0,0,0
2005,482296,0,1,0,0,0,0,0,0,0,0,0,0
2005,482296,1,1,0,0,0,0,0,26,0,0,13,0
2005,482297,1,1,0,0,0,0,0,0,0,0,0,0
2005,482297,2,1,15,0,0,24,5,20,0,0,11,0
2005,482298,1,1,11,11,11,11,11,11,11,11,11,11
2005,482299,1,1,27,27,27,27,27,27,27,27,27,27
2005,482299,2,1,0,0,0,0,0,0,0,0,0,0
2005,482300,1,1,17,17,17,17,17,17,17,17,17,17
2005,482301,1,1,0,0,0,0,0,0,0,0,0,0
2005,482301,2,1,0,0,0,0,0,0,0,0,0,0
2005,482302,1,1,0,0,0,0,0,0,0,0,0,0
2005,482302,2,1,0,0,0,0,0,0,0,0,0,0
2005,482303,1,1,0,0,0,0,0,0,0,0,0,0
2005,482303,2,1,0,0,0,0,0,0,0,0,0,0
2005,482303,3,1,0,0,0,0,0,0,0,0,0,0
2005,482304,1,1,9,9,9,9,9,9,9,9,9,9
2005,482304,2,1,0,0,0,0,0,0,0,0,0,0
2005,482304,3,1,0,0,25,0,4,0,0,0,0,0
2005,482305,1,1,0,0,0,0,0,0,0,0,0,0
2005,482305,2,1,0,0,0,0,0,0,0,0,0,0
2005,482306,1,1,0,0,0,0,0,0,0,0,0,0
2005,482306,2,1,0,0,0,0,0,0,0,0,0,17
2005,482306,3,1,0,0,0,0,0,0,0,7,0,0
2005,482307,1,1,17,9,15,0,11,7,16,14,28,0
2005,482308,1,1,9,12,13,24,0,0,5,0,0,21
2005,482309,1,1,13,13,13,13,13,13,13,13,13,13
2005,482309,2,1,0,0,0,0,0,0,0,0,0,0
2005,482310,0,1,0,0,0,0,0,0,0,0,0,0
2005,482310,1,1,0,28,0,0,0,0,0,24,27,0
2005,482311,1,1,0,0,0,0,0,0,0,0,0,0
2005,482311,2,1,0,0,0,0,0,0,0,0,0,0
2005,482312,1,1,3,3,3,3,3,3,3,3,3,3
2005,482313,0,1,22,24,0,29,0,0,0,24,0,0
2005,482313,1,1,0,0,0,0,0,0,0,0,0,0
2005,482314,0,1,0,0,0,0,0,0,0,0,0,0
2005,482314,0,2,0,0,0,0,0,0,0,0,0,0
2005,482314,0,3,0,0,0,0,0,0,0,0,0,0
2005,482314,0,4,0,0,27,0,10,0,0,0,41,0
2005,482314,1,1,0,0,0,0,0,11,0,0,0,0
2005,482315,1,1,16,16,16,16,16,16,16,16,16,16
2005,482316,1,1,0,0,0,0,0,0,0,0,0,0
2005,482316,2,1,16,15,0,30,0,0,0,17,23,0
2005,482317,1,1,0,10,0,0,20,21,0,16,8,18
2005,482318,0,1,19,32,0,32,19,20,0,10,5,16
2005,482318,1,1,0,0,0,0,0,20,0,0,10,0
2005,482319,1,1,8,8,8,8,8,8,8,8,8,8
2005,482319,2,1,0,0,0,0,0,0,0,0,0,0
2005,482320,1,1,0,0,0,30,0,0,0,0,9,0
2005,482321,1,1,21,21,21,21,21,21,21,21,21,21
2005,482321,2,1,0,0,17,0,0,0,0,0,0,5
2005,482322,1,1,34,34,34,34,34,34,34,34,34,34
2005,482323,0,1,0,0,0,0,0,0,16,0,0,0
2005,482323,0,2,12,11,0,0,0,0,0,0,0,0
2005,482323,1,1,0,0,0,30,0,0,0,0,0,0
2005,482324,1,1,0,0,0,0,0,0,10,0,0,0
2005,482324,2,1,0,0,0,0,9,0,0,0,0,0
2005,482325,1,1,9,9,9,9,9,9,9,9,9,9
2005,482325,2,1,0,0,0,0,0,0,0,0,0,0
2005,482326,1,1,0,0,0,0,0,0,0,0,0,0
2005,482326,2,1,0,0,0,0,0,0,0,0,0,0
2005,482327,1,1,0,0,0,0,0,0,0,0,0,0
2005,482327,2,1,0,0,0,0,0,0,0,0,0,0
2005,482328,1,1,0,23,16,8,13,0,0,19,21,0
2005,482329,1,1,0,0,3,0,0,0,0,0,0,0
2005,482329,2,1,8,0,0,10,0,0,0,0,0,0
2005,482330,1,1,0,0,2,0,0,0,0,0,0,0
2005,482331,1,1,19,17,0,18,0,37,17,0,0,30
2005,482332,1,1,0,0,0,0,0,2,0,0,0,0
2005,482332,2,1,0,0,0,0,0,0,0,0,0,0
2005,482333,0,1,0,0,0,0,0,0,0,0,0,0
2005,482333,1,1,0,0,0,0,0,0,0,0,0,0
2005,482334,1,1,0,4,0,0,0,0,0,0,0,0
2005,482335,1,1,0,0,0,0,0,0,0,0,0,0
2005,482335,2,1,0,0,0,0,0,0,0,0,0,0
2005,482336,0,1,0,11,5,0,0,0,0,0,0,0
2005,482336,0,2,0,0,0,0,0,0,0,0,0,0
2005,482336,1,1,0,0,0,0,0,0,0,0,0,0
2005,482337,1,1,30,30,30,30,30,30,30,30,30,30
2005,482338,0,1,31,31,31,31,31,31,31,31,31,31
2005,482338,1,1,27,0,0,0,18,0,0,0,12,0
2005,482339,1,1,0,0,0,0,0,0,0,0,0,0
2005,482340,1,1,6,6,6,6,6,6,6,6,6,6
2005,482340,2,1,21,21,21,21,21,21,21,21,21,21
2005,482341,1,1,13,13,13,13,13,13,13,13,13,13
2005,482342,1,1,20,20,20,20,20,20,20,20,20,20
2005,482343,1,1,7,7,7,7,7,7,7,7,7,7
2005,482343,2,1,0,0,10,0,0,13,0,0,0,0
2005,482344,1,1,13,13,13,13,13,13,13,13,13,13
2005,482345,0,1,0,0,0,0,0,0,0,0,0,0
2005,482345,1,1,18,0,0,15,0,13,0,21,0,0
2005,482346,1,1,19,19,19,19,19,19,19,19,19,19
2005,482346,2,1,0,0,0,0,0,0,0,0,0,0
2005,482347,1,1,0,15,0,0,0,0,0,0,0,0
2005,482348,1,1,24,24,24,24,24,24,24,24,24,24
2005,482349,1,1,0,0,0,0,0,0,0,0,0,0
2005,482349,2,1,0,0,14,11,0,0,0,0,0,0
2005,482350,0,1,0,0,0,0,0,0,0,0,0,0
2005,482350,1,1,0,0,0,0,0,0,0,0,0,0
2005,482351,0,1,13,13,13,13,13,13,13,13,13,13
2005,482351,1,1,0,0,0,0,13,0,0,0,0,0
2005,482352,1,1,0,0,25,0,0,0,0,17,0,0
2005,482353,1,1,0,0,0,0,0,0,0,0,0,0
2005,482353,2,1,0,0,0,0,0,0,0,0,0,0
2005,482354,1,1,0,19,0,0,0,0,0,0,0,0
2005,482354,2,1,0,0,0,0,0,0,0,0,0,0
2005,482354,3,1,0,0,0,0,0,0,0,0,0,0
2005,482355,1,1,0,0,0,0,0,0,0,0,0,0
2005,482355,2,1,0,0,0,0,0,0,0,0,0,0
2005,482356,1,1,19,19,19,19,19,19,19,19,19,19
2005,482357,1,1,14,14,14,14,14,14,14,14,14,14
2005,482357,2,1,13,14,4,6,0,0,0,0,0,9
2005,482358,1,1,24,13,17,21,4,0,18,0,11,20
2005,482359,1,1,0,0,0,0,0,0,0,0,0,0
2005,482359,2,1,0,0,0,8,0,0,0,0,0,0
2005,482359,3,1,0,0,0,0,0,0,0,0,0,0
2005,482360,0,1,0,0,0,0,8,0,12,0,0,20
2005,482360,1,1,0,10,0,0,0,0,0,0,0,0
2005,482361,0,1,0,0,0,0,0,0,0,0,0,0
2005,482361,1,1,0,0,0,0,0,0,0,0,0,0
2005,482362,0,1,0,0,8,0,0,17,0,0,36,0
2005,482362,1,1,0,12,22,0,0,32,0,0,0,0
2005,482362,2,1,0,0,0,0,0,0,0,0,0,0
2005,482363,1,1,0,0,0,0,0,0,0,0,0,0
2005,482363,2,1,0,0,0,0,0,0,0,0,0,0
2005,482364,1,1,8,12,19,22,5,0,15,11,8,0
2005,482364,2,1,29,14,11,13,18,12,16,6,15,21
2005,482365,1,1,0,0,0,4,0,0,0,0,0,0
2005,482365,2,1,0,0,0,0,0,0,0,0,0,12
2005,482366,1,1,23,23,23,23,23,23,23,23,23,23
2005,482366,2,1,6,0,0,0,0,0,0,0,0,0
2005,482367,0,1,21,0,0,29,0,32,18,25,19,25
2005,482367,1,1,0,0,0,0,3,0,0,0,0,0
2005,482368,1,1,23,23,23,23,23,23,23,23,23,23
2005,482369,1,1,24,24,24,24,24,24,24,24,24,24
2005,482369,2,1,0,0,0,0,0,8,0,0,0,0
2005,482370,1,1,0,0,15,0,0,0,8,0,0,0
2005,482371,1,1,10,10,10,10,10,10,10,10,10,10
2005,482372,1,1,0,0,0,0,0,3,0,0,0,0