YEAR,ST_CASE,veh_no,per_no,P1,P2,P3,P4,P5,P6,P7,P8,P9,P10
2005,482638,1,1,18,18,18,18,18,18,18,18,18,18
2005,482639,1,1,0,0,14,19,0,18,0,0,0,0
2005,482639,2,1,0,0,0,3,0,0,0,18,0,0
2005,482640,1,1,0,0,0,0,0,0,0,0,0,0
2005,482641,1,1,0,0,6,31,20,8,17,9,4,34
2005,482642,0,1,0,0,0,15,0,16,0,0,0,0
2005,482642,1,1,0,0,0,0,0,0,0,0,0,0
2005,482642,2,1,0,0,0,0,0,0,0,0,0,0
2005,482643,1,1,0,0,0,0,0,0,0,0,0,0
2005,482643,2,1,0,0,0,0,0,0,0,0,0,0
2005,482644,0,1,20,0,0,16,0,18,23,0,13,7
2005,482644,1,1,7,0,0,0,0,0,0,0,0,0
2005,482644,2,1,13,0,0,14,0,0,11,0,0,0
2005,482645,0,1,0,0,12,0,0,25,5,43,0,22
2005,482645,1,1,0,0,0,0,0,0,0,0,0,0
2005,482646,1,1,17,21,0,7,14,12,0,22,24,29
2005,482646,2,1,0,14,21,0,0,13,0,0,0,14
2005,482647,1,1,0,44,0,0,16,28,6,0,0,0
2005,482647,2,1,0,0,0,0,0,0,0,0,0,0
2005,482648,1,1,0,0,0,12,0,0,0,0,0,0
2005,482648,2,1,0,0,5,0,0,0,0,0,0,0
2005,482648,3,1,0,0,10,0,0,0,0,0,0,0
2005,482649,1,1,22,22,22,22,22,22,22,22,22,22
2005,482650,1,1,0,0,0,0,0,0,0,0,0,0
2005,482650,2,1,0,0,0,0,0,0,0,0,0,0
2005,482651,1,1,0,0,0,0,0,0,0,0,16,0
2005,482652,1,1,0,0,0,30,0,0,0,0,13,18
2005,482653,1,1,25,15,17,0,16,16,15,16,35,11
2005,482654,1,1,14,12,22,24,4,19,11,22,16,14
2005,482655,1,1,0,0,0,0,0,0,0,0,0,0
2005,482656,1,1,0,0,0,15,0,8,0,0,0,0
2005,482657,1,1,0,0,0,0,0,0,12,17,0,0
2005,482657,2,1,0,0,0,0,0,0,39,0,0,0
2005,482658,1,1,0,0,7,0,0,7,0,0,11,6
2005,482659,1,1,0,22,0,20,16,0,30,29,0,21
2005,482660,0,1,0,0,0,0,0,15,0,0,0,0
2005,482660,1,1,0,0,0,0,0,0,0,0,0,0
2005,482660,2,1,0,10,22,0,0,11,0,0,12,0
2005,482661,1,1,0,0,13,11,0,0,0,0,0,0
2005,482662,1,1,17,17,17,17,17,17,17,17,17,17
2005,482663,1,1,0,0,0,0,0,19,0,0,0,0
2005,482663,2,1,0,0,0,0,0,0,0,0,0,0
2005,482663,3,1,0,0,0,0,0,0,0,10,0,0
2005,482663,4,1,0,0,0,0,0,0,17,0,0,0
2005,482664,1,1,22,22,22,22,22,22,22,22,22,22
2005,482664,2,1,0,0,0,0,0,0,0,14,0,0
2005,482665,1,1,15,15,15,15,15,15,15,15,15,15
2005,482666,1,1,0,0,0,0,10,0,0,0,0,0
2005,482666,2,1,0,0,0,12,9,0,0,0,0,0
2005,482667,0,1,22,22,22,22,22,22,22,22,22,22
2005,482667,1,1,0,11,0,22,8,0,17,0,9,21
2005,482668,1,1,8,19,9,19,17,22,6,14,10,12
2005,482668,2,1,0,14,0,0,5,0,0,13,21,16
2005,482669,1,1,0,0,0,0,0,0,2,0,0,0
2005,482669,2,1,0,0,0,0,0,0,0,0,0,0
2005,482669,3,1,0,0,0,0,0,0,0,0,0,0
2005,482669,4,1,0,0,3,8,11,0,0,6,0,0
2005,482670,1,1,5,0,0,0,0,0,0,0,0,0
2005,482670,2,1,0,0,0,0,0,0,0,0,0,0
2005,482670,3,1,0,0,0,0,0,0,15,0,0,10
2005,482671,1,1,0,0,0,0,0,0,0,0,0,0
2005,482671,2,1,0,0,0,0,0,0,0,0,0,0
2005,482672,1,1,0,0,0,0,0,0,0,0,0,0
2005,482672,2,1,0,0,0,0,0,0,0,0,0,0
2005,482673,0,1,9,9,9,9,9,9,9,9,9,9
2005,482673,1,1,10,10,10,10,10,10,10,10,10,10
2005,482674,1,1,11,0,0,0,14,0,12,24,0,9
2005,482675,1,1,0,0,0,0,0,0,0,0,0,0
2005,482675,2,1,0,0,0,0,0,0,0,0,0,0
2005,482675,3,1,0,0,0,0,9,0,0,13,10,0
2005,482675,4,1,0,0,0,0,0,0,0,0,0,0
2005,482676,1,1,0,15,0,0,0,0,0,0,0,0
2005,482676,2,1,0,0,0,0,0,0,0,0,0,0
2005,482676,3,1,0,0,0,0,0,0,0,0,0,0
2005,482677,1,1,0,0,0,0,0,0,0,0,0,0
2005,482677,2,1,0,20,0,0,0,0,0,0,0,18
2005,482678,1,1,0,0,0,0,0,0,0,0,0,0
2005,482678,2,1,0,0,0,0,0,0,0,0,0,0
2005,482679,1,1,0,0,0,0,0,0,0,0,0,0
2005,482679,2,1,0,0,0,0,0,0,0,0,0,0
2005,482680,1,1,0,0,0,0,0,0,0,0,0,0
2005,482680,2,1,0,0,0,0,0,0,0,0,0,0
2005,482681,1,1,1,1,1,1,1,1,1,1,1,1
2005,482682,1,1,0,0,0,0,0,0,0,0,0,0
2005,482682,2,1,8,0,11,0,0,16,0,0,0,18
2005,482683,1,1,0,22,0,30,27,0,0,0,11,0
2005,482684,1,1,0,0,0,0,0,0,0,0,0,0
2005,482684,2,1,0,0,0,0,0,0,0,0,0,0
2005,482685,0,1,0,21,0,0,0,0,0,0,0,0
2005,482686,1,1,0,0,0,0,0,0,0,0,0,0
2005,482686,2,1,0,0,0,0,0,0,0,0,0,0
2005,482687,1,1,0,0,0,0,0,0,0,0,0,0
2005,482688,0,1,0,0,0,0,0,0,0,0,0,0
2005,482688,1,1,0,0,31,10,0,0,0,0,13,0
2005,482688,2,1,10,14,11,0,0,0,9,0,0,0
2005,482689,1,1,0,0,0,0,0,0,0,0,0,0
2005,482689,2,1,0,0,0,0,0,0,0,0,0,20
2005,482690,1,1,16,16,16,16,16,16,16,16,16,16
2005,482691,1,1,0,0,0,0,0,0,0,0,0,0
2005,482692,0,1,0,0,0,0,0,0,0,0,0,0
2005,482692,1,1,0,0,0,0,0,0,0,0,0,0
2005,482693,1,1,0,0,0,0,0,0,0,0,0,0
2005,482693,2,1,19,19,19,19,19,19,19,19,19,19
2005,482694,0,1,0,0,0,17,0,0,0,0,31,0
2005,482694,1,1,0,0,0,0,0,0,0,0,0,0
2005,482694,2,1,0,16,0,0,0,0,0,0,0,0
2005,482695,0,1,30,18,0,24,0,0,0,0,0,0
2005,482695,1,1,0,0,0,0,0,0,14,0,0,0
2005,482696,1,1,0,0,0,0,5,0,0,0,17,0
2005,482697,1,1,0,17,29,15,17,9,18,21,10,0
2005,482698,1,1,31,31,31,31,31,31,31,31,31,31
2005,482698,2,1,0,0,0,0,0,0,0,0,0,0
2005,482699,1,1,0,0,0,0,0,0,0,0,0,0
2005,482699,2,1,0,0,0,0,0,0,0,8,0,0
2005,482699,3,1,0,0,0,14,0,0,0,0,0,0
2005,482700,1,1,21,21,21,21,21,21,21,21,21,21
2005,482701,1,1,0,0,0,0,8,0,0,0,0,0
2005,482701,2,1,0,0,12,0,0,0,0,26,0,0
2005,482701,3,1,6,0,0,0,0,0,18,0,0,0
2005,482701,4,1,0,0,0,10,0,0,0,0,0,0
2005,482702,1,1,0,10,0,0,0,0,0,0,0,0
2005,482703,1,1,0,0,0,0,0,0,0,0,0,0
2005,482703,2,1,0,0,0,0,4,0,0,0,0,0
2005,482704,1,1,0,25,0,3,6,0,0,0,0,0
2005,482704,2,1,0,0,31,0,0,20,0,17,7,0
2005,482705,1,1,14,14,14,14,14,14,14,14,14,14
2005,482705,2,1,20,20,20,20,20,20,20,20,20,20
2005,482706,1,1,0,0,0,0,0,0,0,0,0,0
2005,482706,2,1,0,0,0,0,0,0,0,0,0,0
2005,482707,0,1,0,0,0,0,0,0,0,0,0,0
2005,482707,1,1,0,0,0,0,0,11,0,0,0,0
2005,482708,1,1,29,29,29,29,29,29,29,29,29,29
2005,482708,2,1,0,13,0,0,0,11,0,0,0,0
2005,482709,1,1,0,0,0,0,0,0,0,0,0,0
2005,482709,2,1,94,94,94,94,94,9,94,94,94,94
2005,482710,1,1,0,0,0,0,0,8,0,0,0,0
2005,482710,2,1,0,0,0,0,0,0,0,0,0,0
2005,482711,1,1,22,8,20,0,15,20,0,0,10,0
2005,482712,0,1,0,14,0,0,0,0,0,0,0,0
2005,482712,1,1,0,0,0,0,0,0,0,0,0,0
2005,482712,2,1,0,0,0,0,0,0,0,0,0,0
2005,482713,1,1,0,0,0,0,0,0,0,0,0,0
2005,482713,2,1,0,0,0,0,0,0,0,0,0,0
2005,482713,3,1,0,0,0,0,0,0,0,0,0,0
2005,482714,1,1,0,8,0,0,0,0,0,0,0,0
2005,482714,2,1,0,16,20,11,0,17,0,0,11,0
2005,482715,1,1,17,20,0,0,18,26,19,0,7,4
2005,482716,1,1,0,0,0,0,0,0,0,0,0,0
2005,482716,2,1,0,0,0,0,0,0,0,0,0,0
2005,482717,1,1,0,0,0,0,0,0,0,0,0,0
2005,482717,2,1,31,31,31,31,31,31,31,31,31,31
2005,482718,1,1,10,0,0,0,0,0,0,0,0,23
2005,482719,0,1,0,13,0,0,0,0,0,20,0,0
2005,482719,1,1,0,0,0,0,0,0,0,0,0,0
2005,482720,1,1,0,0,0,0,0,0,0,0,0,0
2005,482720,2,1,0,0,0,0,0,0,0,0,0,0
2005,482721,1,1,24,24,24,24,24,24,24,24,24,24
2005,482721,2,1,0,0,0,0,0,0,0,0,0,0
2005,482721,3,1,0,0,0,0,0,0,0,0,0,0
2005,482722,0,1,0,19,0,0,0,22,0,0,0,0
2005,482722,1,1,0,0,0,0,0,0,0,0,0,0
2005,482723,1,1,0,0,0,0,0,0,0,0,0,0
2005,482723,2,1,0,0,0,0,0,0,14,0,0,0
2005,482724,1,1,0,0,0,0,0,0,0,0,0,0
2005,482724,2,1,0,0,0,0,0,21,0,0,0,0
2005,482725,1,1,0,0,0,0,0,0,6,0,0,0
2005,482726,1,1,0,0,0,0,0,0,0,0,0,0
2005,482726,2,1,0,0,0,8,0,0,0,0,0,26
2005,482726,3,1,0,0,6,0,0,0,0,0,0,0
2005,482726,4,1,0,0,0,0,0,0,0,0,0,0
2005,482727,1,1,0,0,0,0,0,0,0,0,0,0
2005,482727,2,1,0,0,0,0,0,0,0,0,0,0
2005,482727,3,1,0,0,0,0,0,0,0,0,0,14
2005,482728,0,1,0,0,0,0,0,0,0,0,0,0
2005,482729,1,1,7,7,7,7,7,7,7,7,7,7
2005,482730,0,1,24,24,24,24,24,24,24,24,24,24
2005,482730,1,1,12,0,0,25,0,0,0,6,11,12
2005,482731,1,1,13,13,13,13,13,13,13,13,13,13
2005,482732,1,1,12,12,12,12,12,12,12,12,12,12
2005,482733,1,1,0,0,0,0,0,0,0,0,0,0
2005,482734,1,1,0,0,0,0,0,0,0,0,0,0
2005,482735,1,1,17,17,17,17,17,17,17,17,17,17
2005,482735,2,1,12,12,12,12,12,12,12,12,12,12
2005,482736,1,1,0,9,0,0,0,0,0,0,0,0
2005,482737,1,1,0,0,0,0,0,0,0,0,0,0
2005,482737,2,1,10,2,10,23,4,13,10,17,6,4
2005,482738,1,1,0,0,14,18,0,10,22,14,9,18
2005,482739,1,1,34,24,19,22,30,0,20,0,0,11
2005,482740,1,1,0,0,0,0,0,0,0,0,0,0
2005,482741,1,1,0,0,0,0,0,0,0,0,0,0
2005,482741,2,1,0,0,0,0,0,0,0,0,0,0
2005,482742,1,1,23,23,23,23,23,23,23,23,23,23
2005,482743,1,1,20,20,20,20,20,20,20,20,20,20
2005,482744,1,1,0,0,17,0,0,0,16,0,0,0
2005,482745,1,1,0,10,0,15,0,0,0,0,0,0
2005,482746,1,1,6,6,6,6,6,6,6,6,6,6
2005,482747,1,1,0,0,0,10,17,0,0,0,9,0
2005,482748,1,1,0,0,0,0,8,0,0,0,0,0
2005,482749,1,1,8,8,8,8,8,8,8,8,8,8
2005,482750,1,1,0,3,27,0,18,0,0,0,0,8
2005,482751,1,1,4,4,4,4,4,4,4,4,4,4
2005,482751,2,1,0,0,0,0,0,0,0,0,0,0
2005,482752,1,1,0,0,0,0,0,0,0,0,0,0
2005,482752,2,1,11,0,18,28,0,26,19,0,11,12
2005,482753,1,1,0,0,0,0,33,0,0,26,0,0
2005,482754,1,1,0,0,0,0,0,0,0,0,0,0
2005,482755,1,1,19,19,19,19,19,19,19,19,19,19
2005,482756,0,1,0,11,0,13,9,21,12,0,0,26
2005,482756,1,1,11,0,0,5,0,21,0,0,0,0
2005,482757,1,1,0,0,0,0,0,0,0,0,0,0
2005,482757,2,1,0,0,0,0,0,0,0,0,0,0
2005,482758,1,1,26,26,26,26,26,26,26,26,26,26
2005,482758,2,1,0,0,0,6,0,0,0,0,0,0
2005,482759,1,1,0,0,20,0,0,0,0,0,0,0
2005,482760,1,1,0,0,0,0,0,0,0,3,0,10
2005,482760,2,1,0,0,0,0,0,0,0,0,0,0
2005,482761,1,1,0,0,0,0,0,0,0,0,0,0
2005,482761,2,1,0,0,0,0,0,0,0,0,0,0
2005,482762,1,1,0,0,0,0,0,0,0,0,0,0
2005,482762,2,1,0,0,0,0,0,8,0,0,0,0
2005,482763,1,1,0,0,0,0,0,0,0,0,0,0
2005,482764,0,1,13,13,55,26,9,0,33,11,0,10
2005,482764,1,1,0,9,0,14,0,0,13,0,16,0
2005,482765,1,1,14,14,14,14,14,14,14,14,14,14
2005,482766,0,1,40,40,40,40,40,40,40,40,40,40
2005,482766,1,1,23,23,23,23,23,23,23,23,23,23
2005,482767,1,1,0,12,13,22,4,22,14,13,14,19
2005,482767,2,1,0,14,0,0,0,0,0,0,0,0
2005,482767,3,1,0,0,0,0,0,0,0,0,0,0
2005,482767,4,1,16,0,0,0,0,0,41,0,0,0
2005,482768,1,1,5,8,12,19,11,22,25,13,22,0
2005,482769,1,1,12,12,12,12,12,12,12,12,12,12
2005,482769,2,1,0,0,0,0,0,0,0,12,0,0
2005,482770,1,1,0,4,0,0,0,0,0,0,0,5
2005,482770,2,1,0,0,0,0,0,0,0,0,0,0
2005,482771,2,1,13,13,13,13,13,13,13,13,13,13
2005,482772,1,1,3,3,3,3,3,3,3,3,3,3
2005,482773,1,1,0,0,0,0,0,0,0,0,0,0
2005,482773,2,1,12,9,15,16,9,24,0,18,22,9
2005,482774,1,1,4,0,8,16,19,0,0,0,0,11
2005,482775,1,1,0,0,0,0,0,0,0,4,0,0
2005,482775,2,1,17,17,17,17,17,17,17,17,17,17
2005,482776,1,1,12,12,12,12,12,12,12,12,12,12
2005,482777,0,1,0,14,0,0,0,4,0,0,32,24
2005,482777,2,1,0,0,14,17,0,0,0,3,20,0
2005,482778,1,1,22,15,0,10,0,0,0,0,0,0
2005,482779,1,1,0,0,0,0,0,0,0,9,0,0
2005,482780,1,1,32,0,0,12,14,0,0,0,0,0
2005,482780,2,1,0,0,0,0,0,25,0,0,0,0
2005,482781,1,1,24,24,24,24,24,24,24,24,24,24
2005,482782,1,1,2,0,13,0,0,0,0,0,0,6
2005,482782,2,1,0,0,0,7,0,0,0,0,0,0
2005,482783,1,1,16,0,27,19,0,0,0,0,21,9
2005,482784,1,1,10,25,0,20,10,0,0,18,12,6
2005,482785,1,1,16,16,16,16,16,16,16,16,16,16
2005,482786,0,1,0,0,0,0,0,0,0,0,0,0
2005,482786,0,2,0,0,0,0,0,0,0,0,0,0
2005,482786,1,1,0,20,9,0,18,23,0,0,0,27
2005,482787,1,1,0,0,0,15,0,0,0,0,0,0
2005,482787,2,1,0,0,0,0,0,0,0,0,0,0
2005,482788,1,1,0,0,0,0,0,0,0,0,0,0
2005,482789,1,1,0,0,0,0,0,0,0,0,0,0
2005,482789,2,1,0,0,0,0,0,0,0,0,0,0
2005,482790,1,1,0,0,0,0,0,0,0,0,0,0
2005,482790,2,1,0,0,0,0,0,0,0,0,0,0
2005,482791,1,1,2,0,14,12,15,18,28,10,26,10
2005,482792,0,1,19,0,0,0,0,0,21,0,0,0
2005,482792,1,1,0,0,0,0,0,0,0,0,0,0
2005,482792,2,1,0,0,0,0,0,8,0,2,0,0
2005,482793,1,1,0,0,0,0,0,0,0,0,0,0
2005,482793,2,1,0,0,0,0,0,0,0,0,0,0
2005,482794,1,1,0,0,0,0,0,0,0,0,0,0
2005,482795,1,1,10,11,25,18,11,28,16,16,29,18
2005,482795,2,1,0,18,7,0,0,0,0,0,15,0
2005,482796,1,1,0,0,0,0,0,0,0,0,0,0
2005,482796,2,1,0,0,0,0,0,0,0,0,0,0
2005,482797,1,1,0,0,0,0,0,0,0,0,0,0
2005,482797,2,1,0,0,0,0,0,0,0,0,0,0
2005,482798,1,1,0,24,20,0,0,0,0,9,0,0
2005,482798,2,1,19,19,19,19,19,19,19,19,19,19
2005,482799,1,1,18,20,28,14,14,20,0,19,18,0
2005,482800,1,1,0,0,0,0,9,9,21,0,7,0
2005,482801,1,1,17,17,17,17,17,17,17,17,17,17
2005,482801,2,1,0,0,0,0,0,0,0,0,0,0
2005,482802,1,1,6,6,6,6,6,6,6,6,6,6
2005,482803,0,1,0,20,8,22,0,0,6,29,0,0
2005,482803,1,1,18,4,11,0,0,0,0,15,8,6
2005,482804,1,1,0,0,0,0,0,0,0,0,0,0
2005,482805,0,1,0,26,12,16,3,14,0,23,17,27
2005,482805,1,1,0,0,0,3,6,22,9,26,0,17
2005,482806,1,1,0,0,0,0,0,17,24,0,0,15
2005,482807,1,1,0,0,0,0,0,0,0,0,0,0
2005,482807,2,1,0,0,0,0,0,0,0,0,0,0
2005,482808,1,1,9,9,9,9,9,9,9,9,9,9
2005,482809,1,1,0,0,11,0,0,0,0,0,0,0
2005,482809,2,1,0,0,0,0,0,0,0,0,0,10
2005,482810,1,1,0,0,0,0,0,15,0,15,0,0
2005,482811,1,1,17,25,0,19,13,9,0,0,0,0
2005,482812,1,1,14,25,22,9,17,27,7,20,30,18
2005,482813,1,1,10,0,0,9,0,0,26,0,0,17
2005,482813,2,1,0,0,0,0,0,0,0,0,0,0
2005,482813,3,1,31,0,0,14,0,0,0,0,0,0
2005,482814,1,1,0,0,19,0,0,0,0,0,20,0
2005,482815,1,1,8,8,8,8,8,8,8,8,8,8
2005,482816,1,1,21,0,10,20,12,27,5,0,14,15
2005,482817,1,1,0,24,0,0,17,31,0,0,12,0
2005,482817,2,1,0,0,0,0,0,0,0,0,0,0
2005,482818,1,1,0,11,0,0,0,5,0,0,0,0
2005,482819,1,1,0,0,0,0,0,0,0,0,0,0
2005,482820,1,1,0,0,0,0,0,0,0,0,0,0
2005,482820,2,1,0,0,0,0,0,0,0,0,0,0
2005,482820,3,1,0,0,0,0,0,0,0,0,0,0
2005,482821,1,1,0,0,0,0,0,0,0,0,0,0
2005,482821,2,1,0,0,0,0,0,0,0,0,0,0
2005,482822,1,1,0,0,0,0,0,0,0,0,0,0
2005,482822,2,1,0,0,0,0,0,0,0,0,0,0
2005,482823,1,1,0,19,0,0,0,17,0,0,0,0
2005,482824,0,1,24,24,24,24,24,24,24,24,24,24
2005,482824,1,1,0,0,0,0,0,0,0,9,0,0
2005,482824,2,1,0,15,14,0,0,0,0,0,14,0
2005,482825,1,1,20,29,11,18,0,20,12,0,16,22
2005,482826,0,1,0,0,0,0,0,0,0,0,0,0
2005,482826,1,1,0,0,0,0,0,0,0,0,0,0
2005,482827,1,1,0,0,0,0,0,0,0,0,0,0
2005,482827,2,1,0,0,0,0,0,24,6,0,0,0
2005,482828,1,1,0,27,17,24,22,8,0,24,0,18
2005,482828,2,1,30,0,0,16,13,9,14,0,39,0
2005,482829,1,1,11,10,32,8,4,0,0,41,26,0
2005,482830,1,1,30,30,30,30,30,30,30,30,30,30
2005,482831,0,1,14,14,14,14,14,14,14,14,14,14
2005,482831,1,1,0,0,0,0,0,0,0,0,12,0
2005,482832,1,1,0,0,0,0,0,0,0,16,0,0
2005,482833,1,1,0,0,0,0,0,0,0,0,0,0
2005,482834,0,1,11,14,22,17,0,0,0,0,14,0
2005,482834,1,1,0,14,0,0,0,0,0,0,23,0
2005,482835,0,1,41,0,41,15,0,0,27,0,0,25
2005,482835,1,1,0,17,0,0,22,0,9,28,24,0
2005,482836,1,1,20,20,20,20,20,20,20,20,20,20
2005,482837,1,1,9,0,0,0,0,0,12,10,0,0
2005,482838,1,1,0,0,0,0,0,0,0,0,0,0
2005,482839,1,1,0,0,0,0,0,0,0,0,0,0
2005,482839,2,1,0,0,0,19,0,0,0,0,0,0
2005,482840,1,1,0,0,30,11,0,23,0,0,0,0
2005,482840,2,1,0,0,0,0,0,0,0,0,0,0
2005,482841,1,1,12,12,12,12,12,12,12,12,12,12
2005,482841,2,1,0,0,0,0,0,11,31,11,0,0
2005,482842,1,1,0,0,0,0,0,0,0,0,0,0
2005,482842,2,1,0,0,0,0,0,0,0,0,0,0
2005,482843,0,1,8,0,0,0,32,0,28,0,23,0
2005,482843,1,1,7,0,0,0,0,0,0,0,12,20
2005,482844,1,1,10,0,4,8,0,16,0,0,0,0
2005,482844,2,1,4,0,0,0,6,5,16,0,17,0
2005,482845,1,1,0,0,9,0,0,0,0,27,0,0
2005,482846,1,1,11,0,0,0,0,0,0,0,0,0
2005,482846,2,1,0,0,0,8,0,0,0,0,0,11
2005,482847,1,1,0,14,0,0,6,0,0,15,14,0
2005,482847,2,1,6,0,0,10,0,0,15,0,17,15
2005,482848,1,1,0,0,0,0,0,0,0,0,0,0
2005,482848,2,1,0,0,0,0,0,0,0,0,0,0
2005,482849,0,1,19,16,19,0,0,12,5,16,0,19
2005,482849,1,1,5,19,0,0,10,0,14,4,0,0
2005,482850,0,1,0,0,0,0,0,0,0,0,0,0
2005,482850,1,1,0,0,0,0,0,0,0,0,0,0
2005,482851,0,1,0,0,0,0,0,0,0,0,0,0
2005,482851,1,1,0,16,0,0,0,0,0,0,0,0
2005,482852,1,1,15,15,15,15,15,15,15,15,15,15
2005,482853,0,1,0,0,0,0,0,0,0,0,0,0
2005,482853,1,1,19,0,0,19,0,0,15,0,0,0
2005,482854,1,1,50,12,17,5,12,11,15,15,14,6
2005,482855,1,1,0,0,0,0,22,0,0,0,26,0
2005,482856,1,1,28,6,6,27,23,28,26,16,19,10
2005,482857,0,1,0,35,0,18,22,15,0,19,20,14
2005,482857,0,2,27,0,0,11,32,29,20,13,9,0
2005,482857,1,1,11,11,11,11,11,11,11,11,11,11
2005,482858,0,1,0,0,0,0,0,0,0,0,0,0
2005,482858,1,1,0,0,0,0,7,0,0,0,0,0
2005,482859,1,1,15,15,15,15,15,15,15,15,15,15
2005,482860,0,1,0,0,24,12,16,0,19,33,0,0
2005,482860,3,1,0,0,0,0,0,0,0,0,0,0
2005,482861,1,1,0,0,11,0,0,0,0,0,0,0
2005,482862,1,1,0,0,0,20,0,24,16,0,0,0
2005,482863,1,1,0,20,13,0,23,13,12,14,13,8
2005,482864,1,1,0,0,0,0,0,0,0,0,0,0
2005,482864,2,1,0,0,0,0,0,0,0,0,0,0
2005,482864,3,1,0,0,0,0,0,0,0,0,0,0
2005,482864,4,1,0,0,0,0,0,0,0,0,0,0
2005,482864,5,1,0,0,0,0,0,0,0,0,0,0
2005,482864,6,1,0,0,0,0,0,0,0,0,0,0
2005,482865,1,1,0,0,0,0,0,0,0,0,0,0
2005,482865,2,1,0,0,0,13,0,0,0,0,0,0
2005,482866,1,1,0,0,0,0,0,0,0,0,0,0
2005,482867,1,1,18,18,18,18,18,18,18,18,18,18
2005,482868,1,1,16,16,16,16,16,16,16,16,16,16
2005,482869,1,1,17,0,0,0,0,0,0,0,0,0
2005,482869,2,1,0,0,0,0,0,0,0,0,0,0
2005,482870,1,1,0,10,0,0,0,0,0,0,17,0
2005,482871,0,1,0,0,12,29,0,0,13,23,0,0
2005,482871,1,1,0,13,8,0,0,0,0,0,17,0
2005,482872,1,1,0,0,0,0,0,0,0,0,0,0
2005,482873,1,1,24,24,24,24,24,24,24,24,24,24
2005,482874,1,1,0,0,0,0,0,0,0,0,0,0
2005,482875,1,1,0,0,0,0,0,0,0,0,0,0
2005,482875,2,1,0,0,0,0,0,0,0,0,0,0
2005,482876,1,1,0,39,0,0,0,0,0,0,0,0
2005,482876,2,1,0,0,0,0,0,0,0,0,0,0
2005,482877,1,1,13,13,13,13,13,13,13,13,13,13
2005,482878,0,1,0,0,0,0,0,0,0,0,0,0
2005,482878,1,1,0,0,0,0,0,0,0,0,0,0
2005,482879,1,1,0,0,0,0,0,0,0,0,0,0
2005,482879,2,1,0,0,0,0,0,0,0,0,0,0
2005,482880,1,1,0,0,0,17,0,0,0,0,0,0
2005,482880,2,1,0,0,0,9,10,0,18,19,12,28
2005,482881,1,1,0,10,0,0,0,0,0,0,0,0
2005,482882,1,1,0,0,0,0,0,0,7,0,0,0
2005,482882,2,1,0,0,0,0,0,0,27,0,0,0
2005,482882,3,1,0,0,0,0,0,0,0,0,0,0
2005,482883,1,1,7,7,7,7,7,7,7,7,7,7
2005,482884,0,1,0,26,0,0,0,0,0,0,23,0
2005,482884,1,1,0,0,0,0,0,0,17,13,27,0
2005,482884,2,1,0,0,0,0,0,0,0,0,0,0
2005,482885,0,1,15,9,16,0,20,5,29,0,15,6
2005,482885,1,1,0,0,29,0,0,0,0,0,0,0
2005,482886,1,1,0,0,0,0,0,7,22,0,0,0
2005,482887,0,1,18,0,7,19,9,0,0,0,28,11
2005,482887,0,2,0,0,0,0,0,0,0,7,16,0
2005,482887,1,1,0,0,0,0,0,0,0,13,0,0
2005,482888,1,1,0,12,0,0,0,0,0,0,0,0
2005,482889,0,1,21,0,0,25,28,21,0,0,29,10
2005,482889,1,1,0,0,0,0,0,0,0,0,0,0
2005,482890,1,1,0,0,0,0,0,11,0,0,0,0
2005,482890,2,1,3,0,0,24,14,0,0,0,0,0
2005,482891,1,1,31,16,0,0,22,0,0,0,12,0
2005,482891,2,1,0,0,0,0,0,0,0,0,18,0
2005,482891,3,1,0,0,0,0,0,0,0,0,0,0
2005,482891,4,1,0,0,0,0,0,0,0,0,0,0
2005,482891,5,1,0,0,0,0,0,0,0,0,0,0
2005,482892,1,1,0,0,0,0,0,0,0,0,0,0
2005,482892,2,1,0,0,0,0,0,0,0,0,0,0
2005,482893,0,1,0,25,28,11,0,0,6,20,8,0
2005,482893,1,1,0,0,0,0,0,0,0,0,0,0
2005,482894,1,1,41,41,41,41,41,41,41,41,41,41
2005,482895,0,1,37,37,37,37,37,37,37,37,37,37
2005,482895,1,1,0,0,0,0,0,0,0,0,0,0
2005,482896,0,1,0,0,0,10,0,4,0,0,0,0
2005,482896,1,1,0,0,0,0,0,0,0,0,0,0
2005,482896,2,1,0,0,0,0,0,0,0,0,0,0
2005,482897,1,1,0,0,0,0,0,0,0,0,0,0
2005,482898,1,1,0,0,28,0,0,0,0,0,0,19
2005,482899,1,1,0,0,0,0,0,0,0,0,0,0
2005,482899,2,1,0,0,20,0,10,0,0,0,0,5
2005,482900,1,1,0,0,0,0,0,0,0,0,0,0
2005,482900,2,1,0,0,0,0,0,0,0,0,16,0
2005,482901,0,1,0,0,0,0,0,0,0,0,0,0
2005,482901,1,1,0,0,0,0,0,0,0,0,0,0
2005,482902,1,1,0,0,0,0,0,0,0,0,0,0
2005,482903,1,1,12,34,29,29,6,18,12,0,23,19
2005,482904,1,1,0,0,0,0,0,0,0,17,0,0