YEAR,ST_CASE,veh_no,per_no,P1,P2,P3,P4,P5,P6,P7,P8,P9,P10
2005,490032,2,1,0,0,0,0,0,0,0,0,0,0
2005,490033,1,1,0,0,0,0,0,0,0,0,0,0
2005,490034,1,1,0,0,0,0,0,0,0,0,0,0
2005,490035,1,1,0,0,0,0,0,0,0,0,0,0
2005,490035,2,1,0,0,0,0,0,0,0,0,0,0
2005,490036,0,1,0,0,0,0,0,0,0,0,0,0
2005,490036,1,1,0,0,0,0,0,0,0,0,0,0
2005,490037,1,1,0,0,0,0,0,0,0,0,0,0
2005,490038,1,1,0,0,0,0,0,0,16,0,0,0
2005,490039,1,1,16,16,16,16,16,16,16,16,16,16
2005,490040,1,1,0,0,0,0,0,0,0,0,0,2
2005,490041,1,1,0,0,0,0,0,0,0,0,0,0
2005,490042,1,1,0,0,0,0,0,0,0,0,0,0
2005,490043,1,1,0,0,0,0,0,0,0,0,0,0
2005,490043,2,1,0,0,0,0,0,0,0,0,0,0
2005,490044,1,1,3,0,0,0,0,0,0,0,0,0
2005,490045,1,1,0,0,0,0,0,0,0,0,0,0
2005,490045,2,1,0,0,0,0,0,0,0,0,0,0
2005,490046,1,1,0,0,0,0,0,0,0,0,0,0
2005,490047,1,1,0,0,0,0,0,0,0,0,0,0
2005,490048,1,1,0,0,0,0,0,0,0,0,0,0
2005,490048,2,1,0,0,0,0,0,0,0,0,0,0
2005,490049,1,1,0,0,0,0,0,0,0,0,0,0
2005,490049,2,1,0,0,0,0,0,0,0,0,0,0
2005,490049,3,1,0,0,0,0,0,0,0,0,0,0
2005,490049,4,1,0,0,0,0,0,0,0,0,6,0
2005,490050,1,1,0,0,0,0,0,0,0,0,0,0
2005,490050,2,1,0,0,0,0,0,0,0,0,0,0
2005,490051,1,1,0,0,0,0,0,0,0,0,0,0
2005,490052,1,1,0,0,0,0,3,0,0,0,0,0
2005,490052,2,1,0,0,0,0,0,0,0,0,0,0
2005,490053,1,1,21,0,0,0,0,0,20,0,0,0
2005,490053,2,1,0,0,0,0,0,0,0,0,0,0
2005,490054,1,1,24,0,0,13,0,0,0,0,0,0
2005,490054,2,1,0,0,0,0,0,0,0,0,0,0
2005,490054,3,1,0,0,0,0,0,0,0,0,22,0
2005,490055,1,1,0,33,0,0,0,0,0,0,0,0
2005,490056,1,1,0,0,0,0,0,0,0,0,0,0
2005,490056,2,1,0,8,0,0,0,0,12,0,0,10
2005,490057,1,1,0,0,0,0,0,0,7,0,0,0
2005,490058,1,1,0,0,0,0,0,0,0,0,0,0
2005,490059,1,1,0,0,0,0,0,0,0,0,0,0
2005,490060,1,1,0,0,0,0,0,15,19,0,0,0
2005,490061,1,1,0,0,0,0,0,0,0,0,0,0
2005,490061,2,1,0,0,0,0,12,0,0,0,0,0
2005,490062,1,1,0,0,26,0,0,0,15,25,27,17
2005,490063,1,1,0,0,0,0,0,0,0,0,0,0
2005,490064,1,1,0,0,0,0,0,0,0,0,0,0
2005,490065,1,1,0,0,0,0,0,0,0,0,0,0
2005,490066,1,1,0,0,0,0,0,0,0,0,0,0
2005,490067,0,1,0,0,0,0,0,0,0,0,0,0
2005,490067,1,1,0,0,0,0,0,0,0,0,0,0
2005,490068,1,1,0,0,0,0,0,0,0,0,0,0
2005,490069,1,1,0,0,0,0,0,0,0,0,0,0
2005,490070,1,1,0,0,0,0,0,0,0,0,0,0
2005,490070,2,1,0,0,0,0,0,0,0,0,0,0
2005,490071,1,1,0,0,0,0,0,0,0,0,0,0
2005,490071,2,1,0,0,0,0,0,0,0,0,0,0
2005,490072,1,1,0,18,0,0,0,0,0,0,0,11
2005,490073,1,1,0,0,0,0,0,0,0,0,0,0
2005,490073,2,1,0,0,0,0,0,0,0,0,0,0
2005,490074,1,1,0,0,0,0,0,0,0,0,0,0
2005,490075,1,1,0,7,12,14,0,12,17,0,0,12
2005,490076,1,1,0,0,0,0,0,0,0,0,0,0
2005,490077,1,1,0,0,0,0,0,0,0,0,0,0
2005,490077,2,1,0,0,0,0,0,0,0,0,0,0
2005,490078,1,1,0,0,0,0,0,0,0,0,0,0
2005,490078,2,1,0,0,0,0,0,0,0,0,0,0
2005,490079,1,1,0,0,0,0,16,0,0,0,16,0
2005,490080,1,1,0,0,0,0,0,0,0,0,0,0
2005,490080,2,1,0,4,0,0,0,0,0,8,0,0
2005,490081,1,1,0,0,0,28,0,0,0,0,0,0
2005,490082,1,1,0,0,30,0,0,0,0,10,0,0
2005,490083,1,1,0,0,0,0,0,0,0,0,0,0
2005,490083,2,1,0,0,0,0,0,0,0,0,0,0
2005,490084,1,1,0,0,0,0,0,0,0,0,0,0
2005,490085,1,1,17,17,17,17,17,17,17,17,17,17
2005,490085,2,1,15,15,15,15,15,15,15,15,15,15
2005,490086,1,1,0,0,0,0,0,0,0,0,0,0
2005,490086,2,1,0,0,0,0,0,0,0,0,0,0
2005,490087,1,1,0,0,0,0,0,0,0,0,0,0
2005,490087,2,1,0,0,0,0,0,0,0,0,0,0
2005,490088,1,1,0,0,0,0,0,0,0,0,0,0
2005,490088,2,1,0,0,0,0,0,0,0,0,0,0
2005,490089,1,1,0,0,0,0,0,0,0,0,0,0
2005,490089,2,1,0,0,0,0,0,0,0,0,0,0
2005,490090,1,1,0,0,0,0,0,0,0,0,0,0
2005,490090,2,1,0,0,0,0,0,0,0,0,0,0
2005,490091,1,1,0,0,0,0,0,0,0,0,0,0
2005,490091,2,1,0,0,0,0,0,0,0,0,0,0
2005,490092,1,1,0,0,0,0,0,0,0,0,0,0
2005,490093,1,1,0,0,0,0,0,0,0,0,0,0
2005,490094,1,1,0,0,0,0,0,0,0,0,0,0
2005,490095,1,1,0,0,0,0,0,0,0,0,0,0
2005,490095,2,1,0,0,0,0,0,0,0,0,0,0
2005,490096,1,1,0,0,0,13,0,0,0,0,0,0
2005,490096,2,1,0,0,0,0,0,0,0,0,0,0
2005,490097,1,1,0,0,0,0,0,0,0,0,0,0
2005,490097,2,1,0,0,0,0,0,0,0,0,0,0
2005,490097,3,1,0,0,0,0,0,0,0,0,0,0
2005,490097,4,1,0,0,0,0,0,0,0,0,7,0
2005,490097,5,1,0,0,0,0,0,0,0,0,0,0
2005,490097,6,1,12,0,0,0,0,0,0,0,0,0
2005,490097,7,1,0,0,0,0,0,0,0,0,0,0
2005,490098,1,1,0,0,0,0,0,0,0,0,0,0
2005,490099,1,1,0,0,0,0,0,0,0,0,0,0
2005,490099,2,1,0,0,0,0,0,0,0,0,11,0
2005,490100,1,1,0,20,0,0,16,0,0,0,16,0
2005,490100,2,1,0,0,0,6,0,10,0,8,0,0
2005,490101,1,1,32,32,32,32,32,32,32,32,32,32
2005,490102,1,1,0,0,0,0,0,0,0,0,0,0
2005,490102,2,1,0,0,0,0,0,0,0,0,0,0
2005,490103,1,1,0,0,0,0,0,0,0,0,0,0
2005,490103,2,1,0,0,0,0,0,0,0,0,0,0
2005,490104,1,1,0,0,0,0,0,0,0,0,0,0
2005,490104,2,1,0,0,0,0,0,0,0,0,0,0
2005,490105,1,1,0,0,0,0,0,0,0,0,0,0
2005,490105,2,1,0,0,0,0,0,0,0,0,0,0
2005,490105,3,1,0,0,0,0,0,0,0,0,0,0
2005,490106,1,1,0,0,0,0,0,0,0,0,0,0
2005,490106,2,1,0,0,0,0,0,0,0,0,0,0
2005,490107,1,1,0,0,0,0,0,0,0,0,0,0
2005,490107,2,1,0,0,0,0,0,0,0,0,0,0
2005,490108,1,1,0,0,0,0,0,0,0,0,0,0
2005,490108,2,1,0,0,0,0,0,0,0,0,0,0
2005,490108,3,1,0,0,0,0,0,0,0,0,0,0
2005,490109,1,1,0,0,0,0,0,0,0,0,0,0
2005,490110,1,1,9,9,9,9,9,9,9,9,9,9
2005,490111,1,1,19,19,19,19,19,19,19,19,19,19
2005,490112,1,1,24,24,24,24,24,24,24,24,24,24
2005,490113,1,1,0,0,0,0,0,0,0,0,0,0
2005,490113,2,1,0,0,0,0,0,0,0,0,0,0
2005,490114,1,1,0,0,0,0,0,0,0,0,0,0
2005,490115,1,1,0,0,0,0,0,0,0,0,0,0
2005,490116,0,1,0,0,0,0,0,0,0,0,0,0
2005,490116,1,1,0,0,0,0,0,0,0,0,0,0
2005,490117,1,1,0,0,0,0,0,0,0,0,0,0
2005,490118,0,1,0,0,0,0,0,0,0,0,0,0
2005,490118,1,1,0,0,0,0,0,0,0,0,0,0
2005,490119,1,1,0,0,0,0,0,0,0,0,0,0
2005,490119,2,1,0,0,0,0,0,0,0,0,0,0
2005,490120,1,1,0,0,0,0,0,0,0,0,0,0
2005,490121,0,1,0,0,0,0,0,0,0,0,0,0
2005,490121,1,1,0,0,0,0,0,0,0,0,0,0
2005,490122,1,1,12,0,0,0,18,0,25,0,0,0
2005,490123,1,1,0,0,0,0,0,0,0,0,0,0
2005,490124,1,1,0,21,0,0,0,0,0,0,0,0
2005,490125,1,1,10,7,0,0,10,0,8,0,0,0
2005,490126,0,1,0,0,21,0,7,0,0,0,0,0
2005,490126,1,1,22,22,22,22,22,22,22,22,22,22
2005,490127,1,1,0,0,0,0,0,0,0,0,0,0
2005,490128,1,1,24,24,24,24,24,24,24,24,24,24
2005,490129,1,1,0,0,0,0,0,0,0,0,0,0
2005,490130,1,1,0,0,0,0,0,0,0,0,0,0
2005,490131,1,1,0,0,0,0,16,0,0,0,0,0
2005,490132,1,1,0,0,0,0,0,0,0,0,0,0
2005,490133,1,1,0,0,0,0,0,0,0,0,0,0
2005,490135,1,1,0,0,0,0,0,0,0,0,0,0
2005,490135,2,1,0,0,0,0,0,0,0,0,0,0
2005,490136,1,1,0,0,0,0,0,0,0,0,0,0
2005,490137,1,1,0,0,0,0,0,0,0,0,0,0
2005,490138,1,1,24,24,24,24,24,24,24,24,24,24
2005,490139,1,1,23,23,23,23,23,23,23,23,23,23
2005,490140,1,1,0,0,0,0,0,0,0,0,0,0
2005,490141,1,1,0,0,0,0,0,0,0,0,0,0
2005,490141,2,1,0,0,0,0,0,0,0,0,0,0
2005,490142,1,1,0,0,0,0,0,0,0,0,0,0
2005,490143,1,1,0,0,0,0,0,0,0,0,0,0
2005,490144,1,1,0,0,0,0,0,0,0,0,0,0
2005,490145,1,1,0,0,0,0,0,24,0,0,6,0
2005,490146,1,1,0,0,0,0,0,0,0,0,0,0
2005,490147,1,1,0,0,0,10,0,0,0,0,0,0
2005,490148,1,1,0,0,0,0,0,0,0,0,0,0
2005,490149,1,1,23,23,23,23,23,23,23,23,23,23
2005,490150,1,1,0,0,17,0,0,0,0,0,0,0
2005,490151,1,1,0,0,0,0,0,0,0,0,0,0
2005,490151,2,1,0,0,0,0,0,0,0,0,0,0
2005,490152,1,1,0,0,0,0,0,0,0,0,0,0
2005,490152,2,1,0,0,0,0,0,0,0,0,0,0
2005,490153,1,1,0,0,0,0,0,0,0,0,0,0
2005,490153,2,1,0,0,0,0,0,0,0,0,0,0
2005,490153,3,1,0,0,0,0,0,0,0,0,0,0
2005,490153,4,1,0,0,0,0,0,0,0,0,0,0
2005,490154,1,1,29,29,29,29,29,29,29,29,29,29
2005,490155,1,1,0,0,0,0,0,0,0,0,0,0
2005,490155,2,1,0,0,0,0,0,0,0,0,0,0
2005,490156,1,1,0,0,0,0,0,0,0,0,0,0
2005,490156,2,1,0,0,0,0,13,0,0,0,0,0
2005,490157,0,1,0,0,0,0,0,0,0,0,0,0
2005,490157,1,1,0,0,0,8,0,0,0,14,0,0
2005,490158,1,1,0,0,0,0,0,0,0,0,0,0
2005,490158,2,1,0,0,0,0,0,0,0,0,0,0
2005,490159,1,1,0,0,0,0,0,0,0,0,0,0
2005,490159,2,1,0,0,0,0,0,0,0,0,0,0
2005,490160,1,1,39,0,0,14,0,0,0,11,0,0
2005,490161,1,1,0,0,0,0,0,0,0,0,0,0
2005,490161,2,1,0,0,0,0,0,0,0,0,0,0
2005,490162,1,1,0,0,0,0,0,0,0,10,0,0
2005,490163,1,1,0,0,0,0,0,0,0,0,0,0
2005,490163,2,1,0,0,0,0,0,0,0,0,0,0
2005,490163,3,1,0,0,0,0,0,0,0,0,0,0
2005,490163,4,1,0,0,0,0,0,0,0,0,0,0
2005,490164,1,1,19,19,19,19,19,19,19,19,19,19
2005,490164,2,1,0,0,0,0,0,0,0,0,0,0
2005,490164,3,1,0,0,0,0,0,0,10,0,0,0
2005,490165,1,1,0,0,0,0,0,0,0,0,0,0
2005,490166,1,1,25,25,25,25,25,25,25,25,25,25
2005,490167,0,1,0,0,0,16,0,0,0,0,0,0
2005,490167,1,1,0,0,0,0,0,0,0,0,0,0
2005,490168,1,1,0,0,0,0,0,0,0,0,0,0
2005,490168,2,1,0,0,0,0,0,0,0,0,0,0
2005,490169,1,1,0,0,0,0,0,0,0,0,0,0
2005,490169,2,1,0,0,0,0,0,0,0,0,0,0
2005,490170,1,1,0,0,0,0,0,0,0,0,0,0
2005,490170,2,1,0,0,0,0,0,0,26,0,0,0
2005,490171,1,1,0,0,0,0,0,0,0,0,0,0
2005,490172,1,1,0,0,0,0,0,0,0,0,0,0
2005,490173,1,1,0,0,0,0,0,0,0,0,0,0
2005,490174,1,1,0,0,0,0,0,0,0,0,0,0
2005,490174,2,1,0,0,0,0,0,0,0,0,0,0
2005,490174,3,1,0,0,0,0,0,0,0,0,0,0
2005,490174,4,1,0,0,0,0,0,0,0,0,0,0
2005,490175,0,1,0,0,0,0,0,0,0,0,0,0
2005,490175,1,1,0,0,0,0,0,0,0,0,0,0
2005,490176,1,1,0,0,0,0,0,0,0,0,0,0
2005,490176,2,1,0,0,0,0,0,0,0,0,0,0
2005,490176,3,1,0,0,0,0,0,0,0,0,0,0
2005,490176,4,1,0,0,0,6,0,0,0,0,0,0
2005,490177,0,1,13,4,0,0,27,0,0,0,0,18
2005,490177,1,1,4,4,4,4,4,4,4,4,4,4
2005,490178,1,1,8,0,0,0,11,0,0,0,0,0
2005,490179,1,1,0,0,0,0,0,0,0,0,0,0
2005,490179,2,1,0,0,0,0,2,0,0,0,0,0
2005,490180,0,1,0,0,0,0,0,0,0,0,0,0
2005,490180,1,1,0,0,0,0,0,0,0,0,0,0
2005,490181,1,1,0,0,0,0,0,0,0,0,0,0
2005,490181,2,1,0,0,0,0,0,0,0,0,0,0
2005,490182,1,1,19,19,19,19,19,19,19,19,19,19
2005,490183,1,1,0,0,0,5,0,0,0,0,0,0
2005,490184,1,1,14,0,0,0,0,0,0,22,0,0
2005,490185,1,1,0,0,0,0,0,0,0,0,0,0
2005,490185,2,1,0,0,0,0,0,0,0,0,0,0
2005,490186,1,1,0,0,0,0,20,0,0,0,0,0
2005,490187,0,1,0,0,0,0,0,0,0,0,0,0
2005,490187,1,1,0,0,0,0,0,0,0,0,0,0
2005,490188,0,1,0,0,0,0,0,15,0,0,0,0
2005,490188,1,1,14,14,14,14,14,14,14,14,14,14
2005,490189,1,1,7,0,0,0,0,0,0,0,0,0
2005,490190,1,1,0,0,0,0,0,0,0,0,0,0
2005,490191,0,1,15,15,15,15,15,15,15,15,15,15
2005,490191,1,1,0,6,0,0,0,9,0,0,0,0
2005,490192,1,1,0,0,0,0,0,0,0,0,0,0
2005,490192,2,1,0,0,0,0,0,0,0,0,0,0
2005,490193,1,1,0,0,0,0,0,0,0,0,0,0
2005,490193,2,1,0,0,0,0,0,0,0,0,0,0
2005,490193,3,1,0,0,0,0,0,0,0,0,0,0
2005,490193,4,1,0,0,0,0,0,0,0,0,0,0
2005,490194,1,1,0,0,0,0,0,0,0,0,0,0
2005,490194,2,1,0,0,0,0,0,0,0,0,0,0
2005,490195,1,1,0,0,0,0,0,0,0,0,0,0
2005,490196,1,1,18,18,18,18,18,18,18,18,18,18
2005,490197,1,1,0,0,0,0,0,0,0,0,0,0
2005,490198,1,1,0,0,0,0,0,0,0,0,0,0
2005,490198,2,1,0,0,0,0,0,0,0,0,0,0
2005,490199,1,1,0,0,0,0,0,0,0,0,0,0
2005,490200,1,1,0,0,14,0,0,0,0,0,0,0
2005,490200,2,1,0,0,0,0,0,0,0,0,0,0
2005,490200,3,1,0,0,0,0,0,0,0,0,0,6
2005,490200,4,1,0,0,0,0,0,0,0,0,0,0
2005,490201,1,1,0,15,0,2,0,0,14,0,0,0
2005,490201,2,1,0,0,0,0,0,0,0,0,0,0
2005,490202,1,1,0,0,0,0,0,0,0,0,0,0
2005,490203,1,1,0,0,0,0,0,0,0,0,0,0
2005,490203,2,1,0,0,0,0,0,9,0,0,0,0
2005,490204,1,1,0,0,0,0,0,0,0,0,0,0
2005,490205,1,1,0,0,0,0,0,0,0,0,0,0
2005,490206,0,1,0,0,0,0,0,0,0,0,0,0
2005,490206,1,1,0,8,0,0,0,0,0,0,0,0
2005,490207,0,1,0,0,0,0,0,0,0,0,0,0
2005,490207,1,1,0,0,0,0,0,0,0,0,0,0
2005,490208,1,1,0,0,0,0,0,0,0,0,0,0
2005,490208,2,1,0,0,0,12,0,0,0,0,0,0
2005,490209,0,1,0,0,0,0,0,0,0,0,0,0
2005,490209,1,1,0,0,0,0,0,0,0,0,0,0
2005,490210,1,1,0,0,0,0,0,0,0,0,0,0
2005,490211,1,1,0,0,0,0,0,0,0,0,0,0
2005,490211,2,1,0,0,0,0,0,5,7,0,0,0
2005,490212,1,1,0,0,0,0,0,0,0,0,6,0
2005,490213,1,1,16,16,16,16,16,16,16,16,16,16
2005,490214,1,1,0,0,0,0,0,0,0,0,0,0
2005,490215,1,1,0,0,0,0,0,0,0,0,0,0
2005,490215,2,1,0,0,0,0,0,19,0,0,0,0
2005,490216,1,1,0,0,0,0,0,0,0,0,0,0
2005,490216,2,1,0,0,0,0,0,0,0,0,0,0
2005,490217,1,1,0,0,0,0,0,0,0,0,0,0
2005,490218,1,1,0,0,0,0,0,0,0,0,0,0
2005,490219,1,1,0,0,0,0,0,0,0,0,0,0
2005,490220,1,1,17,0,0,0,0,0,0,0,0,0
2005,490221,1,1,0,0,0,0,0,0,0,0,0,0
2005,490221,2,1,0,0,0,0,0,0,0,0,0,0
2005,490222,1,1,0,0,0,0,0,0,0,0,0,0
2005,490222,2,1,0,0,0,0,0,0,0,0,0,0
2005,490223,1,1,0,0,0,0,0,0,0,0,0,0
2005,490223,2,1,0,0,0,0,0,0,0,0,0,0
2005,490224,1,1,0,0,0,0,0,0,0,0,0,0
2005,490224,2,1,8,0,0,0,0,0,0,0,0,0
2005,490225,1,1,0,0,0,0,0,0,0,0,0,0
2005,490225,2,1,0,0,0,0,0,0,0,0,0,0
2005,490226,1,1,0,0,0,0,0,0,0,0,0,0
2005,490226,2,1,0,0,0,0,0,0,0,0,0,0
2005,490226,3,1,0,0,0,0,0,0,0,0,0,0
2005,490227,1,1,0,0,0,0,0,0,0,0,0,0
2005,490227,2,1,0,0,0,0,0,0,0,6,0,0
2005,490228,1,1,0,0,0,0,0,0,0,0,0,0
2005,490228,2,1,0,0,0,0,0,0,0,0,0,0
2005,490229,1,1,0,0,0,0,0,0,0,0,0,0
2005,490229,2,1,0,0,0,0,0,0,0,0,0,0
2005,490230,1,1,0,0,0,0,1,0,0,8,12,0
2005,490230,2,1,0,0,0,0,0,0,0,0,0,0
2005,490231,1,1,0,0,0,0,0,0,0,0,0,0
2005,490231,2,1,0,0,0,0,0,0,0,0,0,0
2005,490232,0,1,0,0,0,0,0,0,0,0,0,0
2005,490232,1,1,0,0,0,0,0,0,0,0,0,0
2005,490233,1,2,8,0,0,10,0,0,0,0,0,0
2005,490234,1,1,0,0,0,0,0,0,0,0,0,0
2005,490234,2,1,0,0,0,0,0,0,0,0,0,0
2005,490235,1,1,0,0,0,0,0,11,0,0,0,0
2005,490235,2,1,0,0,0,0,0,0,0,0,0,0
2005,490235,3,1,0,0,0,0,0,0,0,0,0,0
2005,490236,1,1,0,0,0,0,0,0,0,0,0,0
2005,490236,2,1,0,0,0,0,0,0,0,0,0,0
2005,490236,3,1,0,0,0,0,0,0,0,0,0,0
2005,500001,1,1,16,16,16,16,16,16,16,16,16,16
2005,500002,1,1,0,0,0,0,0,0,0,0,0,0
2005,500002,2,1,0,0,0,0,0,0,0,0,0,0
2005,500003,1,1,0,0,0,0,0,0,0,0,0,0
2005,500003,2,1,0,0,0,0,0,0,0,0,0,0
2005,500004,1,1,0,0,0,0,0,0,0,0,0,0
2005,500005,1,1,0,0,0,0,0,0,0,0,0,0
2005,500005,2,1,0,0,0,0,0,0,0,0,0,0
2005,500006,1,1,15,15,15,15,15,15,15,15,15,15
2005,500007,0,1,13,13,13,13,13,13,13,13,13,13
2005,500007,1,1,11,11,11,11,11,11,11,11,11,11
2005,500008,1,1,0,0,0,0,0,0,0,0,0,0
2005,500008,2,1,0,0,0,0,0,0,0,0,0,0
2005,500009,1,1,0,0,0,0,0,0,0,0,0,0
2005,500010,1,1,0,0,0,0,0,0,0,0,0,0
2005,500010,2,1,0,0,0,0,0,0,0,0,0,0
2005,500011,1,1,9,9,9,9,9,9,9,9,9,9
2005,500011,2,1,0,0,0,0,0,0,0,0,0,0
2005,500012,1,1,0,0,0,0,0,0,0,0,0,0
2005,500012,2,1,0,0,0,0,0,0,0,0,0,0
2005,500013,1,1,3,3,3,3,3,3,3,3,3,3
2005,500013,2,1,3,0,0,0,0,0,0,0,0,0
2005,500014,1,1,0,0,0,0,0,0,0,0,0,0
2005,500015,1,1,15,15,15,15,15,15,15,15,15,15
2005,500016,1,1,13,13,13,13,13,13,13,13,13,13
2005,500017,0,1,0,0,0,13,0,0,0,24,0,0
2005,500017,1,1,0,0,17,0,0,0,0,0,0,0
2005,500018,1,1,0,0,0,0,0,0,0,0,0,0
2005,500019,1,1,0,0,0,0,0,0,0,0,0,0
2005,500019,2,1,0,0,0,0,0,0,0,0,0,0
2005,500020,1,1,0,4,0,0,0,0,0,0,0,0
2005,500021,1,1,22,22,22,22,22,22,22,22,22,22
2005,500022,1,1,21,27,12,0,14,16,11,24,13,12
2005,500023,1,1,0,0,0,0,0,0,0,0,0,0
2005,500023,2,1,0,0,0,0,0,0,0,0,0,0
2005,500024,1,1,0,0,0,0,0,0,0,0,0,0
2005,500024,2,1,0,0,0,0,0,0,0,0,0,0
2005,500025,1,1,0,0,0,0,0,0,0,0,0,0
2005,500025,2,1,0,0,0,0,0,0,0,0,0,0
2005,500026,1,1,14,14,14,14,14,14,14,14,14,14
2005,500027,1,1,0,0,0,0,0,0,0,0,0,0
2005,500028,1,1,0,0,0,0,0,0,0,0,0,0
2005,500029,1,1,0,0,0,0,0,0,0,0,0,0
2005,500030,1,1,25,25,25,25,25,25,25,25,25,25
2005,500031,1,1,0,0,0,0,0,0,0,0,0,0
2005,500032,1,1,0,0,0,0,0,0,0,0,0,0
2005,500033,1,1,0,0,0,0,0,0,0,0,0,0
2005,500034,1,1,0,0,0,0,0,0,0,0,0,0
2005,500034,2,1,0,0,0,0,0,0,0,0,0,0
2005,500035,1,1,10,10,10,10,10,10,10,10,10,10
2005,500036,1,1,16,16,16,16,16,16,16,16,16,16
2005,500036,2,1,0,0,0,0,0,0,0,0,0,0
2005,500037,1,1,14,14,14,14,14,14,14,14,14,14
2005,500037,2,1,0,0,0,0,0,0,0,0,0,0
2005,500038,1,1,0,0,0,0,0,0,0,0,0,0
2005,500039,1,1,0,0,0,0,0,0,0,0,0,0
2005,500040,1,1,0,0,0,0,0,0,0,0,0,0
2005,500041,1,1,4,13,0,0,0,0,0,0,0,0
2005,500042,1,1,0,0,0,0,0,0,0,0,0,0
2005,500042,2,1,0,0,0,0,0,0,0,0,0,0
2005,500043,1,1,0,0,0,0,0,0,0,0,0,0
2005,500043,2,1,0,0,0,0,0,0,0,0,0,0
2005,500044,1,1,11,11,11,11,11,11,11,11,11,11
2005,500045,1,1,12,12,12,12,12,12,12,12,12,12
2005,500046,1,1,34,34,34,34,34,34,34,34,34,34
2005,500047,1,1,14,14,14,14,14,14,14,14,14,14
2005,500048,1,1,0,0,0,0,0,0,0,0,0,0
2005,500049,1,1,16,16,16,16,16,16,16,16,16,16
2005,500049,2,1,7,7,7,7,7,7,7,7,7,7
2005,500050,1,1,18,18,18,18,18,18,18,18,18,18
2005,500051,1,1,20,20,20,20,20,20,20,20,20,20
2005,500051,2,1,0,0,0,0,0,0,0,0,0,0
2005,500052,1,1,15,15,15,15,15,15,15,15,15,15
2005,500053,1,1,13,13,13,13,13,13,13,13,13,13
2005,500054,1,1,0,0,0,0,0,0,0,0,0,0
2005,500054,2,1,0,0,0,0,0,0,0,0,0,0
2005,500055,1,1,0,0,0,0,0,0,0,0,0,0
2005,500055,2,1,0,0,0,0,0,0,0,0,0,0
2005,500056,1,1,0,0,0,0,0,0,0,0,0,0
2005,500056,2,1,0,0,0,0,0,0,0,0,0,0
2005,500057,1,1,12,12,12,12,12,12,12,12,12,12
2005,500057,2,1,0,0,0,0,0,0,0,0,0,0
2005,500058,1,1,0,0,0,0,11,0,0,0,0,0
2005,500058,2,1,0,0,0,0,0,0,0,0,0,0
2005,500059,1,1,0,0,0,0,0,0,0,0,0,0
2005,500059,2,1,0,0,0,0,0,0,0,0,0,0
2005,500060,1,1,17,17,17,17,17,17,17,17,17,17
2005,500060,2,1,0,0,0,0,0,0,0,0,0,0
2005,500061,1,1,0,0,0,0,0,0,0,0,0,0
2005,500061,2,1,0,0,0,0,0,0,0,0,0,0
2005,500062,0,1,0,0,0,0,0,0,0,0,0,0
2005,500062,1,1,0,0,0,0,0,0,0,0,0,0
2005,500063,1,1,0,0,0,0,0,0,0,0,0,0
2005,500064,1,1,0,0,0,0,0,0,0,0,0,0
2005,500064,2,1,0,0,0,0,0,0,0,0,0,0
2005,500065,1,1,17,17,17,17,17,17,17,17,17,17
2005,500065,2,1,11,24,18,30,0,13,22,4,0,32
2005,500066,1,1,0,0,0,0,0,0,0,0,0,0
2005,500066,2,1,0,0,0,0,0,0,0,0,0,0
2005,500066,3,1,0,0,0,0,0,0,0,0,0,0
2005,500066,4,1,0,0,0,0,0,0,0,0,0,0
2005,500066,5,1,0,0,0,0,0,0,10,0,0,0
2005,500066,6,1,0,0,0,0,0,0,0,0,0,0
2005,500067,1,1,21,21,21,21,21,21,21,21,21,21
2005,500068,1,1,15,15,15,15,15,15,15,15,15,15
2005,510001,1,1,30,30,30,30,30,30,30,30,30,30
2005,510002,1,1,0,0,0,0,0,0,0,0,0,0
2005,510003,1,1,0,0,0,0,0,0,0,0,0,0
2005,510003,2,1,0,0,0,0,0,0,0,0,0,5
2005,510004,1,1,17,17,17,17,17,17,17,17,17,17
2005,510005,1,1,23,23,23,23,23,23,23,23,23,23
2005,510005,2,1,0,0,0,0,0,0,0,0,0,0
2005,510006,0,1,0,0,0,0,0,0,0,0,0,0
2005,510006,1,1,0,0,0,0,0,0,0,0,0,0
2005,510007,1,1,1,1,1,1,1,1,1,1,1,1
2005,510008,1,1,0,0,0,0,0,0,0,0,0,0
2005,510009,1,1,0,0,0,0,0,0,0,0,0,0
2005,510010,1,1,18,0,0,10,19,3,20,0,13,20
2005,510011,1,1,0,13,0,0,0,0,0,22,0,0
2005,510012,0,1,0,0,0,0,0,0,0,0,0,0
2005,510012,1,1,0,0,0,0,0,0,0,0,0,0
2005,510013,1,1,11,0,0,0,0,0,0,0,0,0
2005,510013,2,1,0,0,0,10,0,0,0,0,0,0
2005,510014,0,1,0,0,0,0,0,0,0,0,0,0
2005,510014,1,1,6,20,14,11,8,6,9,14,5,11
2005,510015,1,1,0,0,0,0,0,0,0,3,0,0
2005,510016,1,1,0,0,0,0,0,0,0,0,0,0
2005,510016,2,1,0,0,0,0,0,0,0,0,0,0
2005,510017,1,1,0,0,0,0,0,0,0,0,0,0
2005,510018,1,1,0,0,0,0,0,0,0,0,0,0
2005,510018,2,1,0,0,0,0,0,0,0,0,0,0
2005,510019,1,1,0,0,0,0,0,0,0,0,0,0
2005,510019,2,1,0,0,0,0,0,0,0,0,0,0
2005,510019,3,1,0,0,0,0,0,0,0,0,0,0
2005,510020,0,1,0,0,0,0,0,0,0,0,0,0
2005,510020,1,1,0,0,0,0,0,0,0,0,0,0
2005,510021,0,1,0,0,0,0,0,0,0,0,0,0
2005,510021,0,2,0,0,0,0,0,0,0,0,0,0
2005,510021,1,1,0,0,0,0,0,21,4,0,0,0
2005,510022,1,1,0,0,0,0,0,0,0,0,0,0