YEAR,ST_CASE,veh_no,per_no,P1,P2,P3,P4,P5,P6,P7,P8,P9,P10
2005,510022,2,1,0,0,0,0,4,0,0,0,0,0
2005,510022,3,1,29,0,0,0,0,0,0,0,0,0
2005,510022,4,1,0,0,0,0,0,0,0,0,13,0
2005,510023,1,1,0,0,17,0,16,0,38,0,27,29
2005,510024,1,1,0,0,0,0,0,0,0,0,0,0
2005,510025,1,1,0,0,16,20,15,34,0,29,20,20
2005,510026,1,1,0,0,0,0,0,0,13,0,0,0
2005,510027,0,1,0,0,0,0,12,0,23,0,0,0
2005,510027,0,2,0,0,0,0,0,0,0,0,0,0
2005,510027,1,1,0,0,0,0,0,0,0,0,0,0
2005,510028,1,1,29,29,29,29,29,29,29,29,29,29
2005,510029,0,1,4,15,11,20,9,19,0,23,22,12
2005,510029,1,1,0,0,0,0,0,0,0,0,0,0
2005,510030,1,1,1,1,1,1,1,1,1,1,1,1
2005,510031,1,1,0,0,0,0,0,0,0,0,0,0
2005,510032,1,1,0,0,0,0,0,0,0,0,0,0
2005,510032,2,1,0,0,0,0,0,0,0,0,0,0
2005,510033,1,1,0,0,0,0,0,0,0,0,0,0
2005,510034,1,1,0,0,0,0,0,0,0,0,0,0
2005,510035,1,1,0,0,0,0,0,0,0,0,0,0
2005,510036,1,1,0,0,0,0,0,0,0,0,0,0
2005,510037,1,2,17,0,0,28,0,9,15,18,17,18
2005,510038,1,1,0,0,0,0,0,0,0,0,0,0
2005,510038,2,1,0,0,0,0,0,15,0,0,12,0
2005,510039,1,1,46,10,25,12,17,17,17,14,19,15
2005,510040,1,1,19,19,4,14,18,15,22,8,17,25
2005,510041,1,1,9,9,9,9,9,9,9,9,9,9
2005,510042,1,1,0,0,0,0,0,0,0,0,0,0
2005,510042,2,1,0,0,0,0,0,0,0,0,0,0
2005,510043,0,1,0,0,0,0,0,0,0,0,0,0
2005,510044,1,1,0,0,0,0,0,0,0,0,0,0
2005,510045,1,1,0,0,0,8,0,0,0,0,0,0
2005,510046,1,1,0,0,0,0,0,0,0,0,0,9
2005,510047,1,1,20,20,20,20,20,20,20,20,20,20
2005,510048,1,1,0,0,0,0,0,0,0,0,0,0
2005,510049,1,1,18,18,18,18,18,18,18,18,18,18
2005,510050,1,1,0,0,0,0,0,0,0,0,0,0
2005,510050,2,1,0,0,0,0,0,0,0,0,0,0
2005,510051,1,1,0,0,0,0,0,0,0,0,0,0
2005,510051,2,1,0,0,0,0,0,0,0,0,0,0
2005,510052,1,1,35,4,18,20,10,32,15,8,8,16
2005,510053,1,1,14,14,14,14,14,14,14,14,14,14
2005,510054,1,1,0,0,0,0,0,0,0,0,0,0
2005,510054,2,1,0,0,0,0,0,0,0,0,0,0
2005,510055,1,1,1,1,1,1,1,1,1,1,1,1
2005,510055,2,1,1,1,1,1,1,1,1,1,1,1
2005,510056,1,1,21,24,20,28,24,11,17,20,35,25
2005,510057,1,1,13,20,13,18,16,18,22,18,35,19
2005,510058,1,1,25,25,25,25,25,25,25,25,25,25
2005,510059,1,1,0,2,11,0,0,0,0,0,0,0
2005,510060,1,1,14,17,8,12,28,23,20,13,12,20
2005,510060,2,1,11,15,17,0,0,0,27,24,20,15
2005,510061,1,1,0,0,0,0,0,0,0,0,0,0
2005,510062,1,1,0,0,0,0,0,0,0,0,0,0
2005,510062,2,1,7,7,7,7,7,7,7,7,7,7
2005,510062,3,1,18,15,11,11,0,7,19,15,21,8
2005,510063,1,1,0,0,0,0,0,0,0,0,0,0
2005,510063,2,1,0,0,0,0,0,0,0,0,0,0
2005,510064,1,1,0,0,0,0,0,0,0,0,0,0
2005,510064,2,1,0,0,2,0,0,0,0,0,16,0
2005,510065,1,1,2,2,2,2,2,2,2,2,2,2
2005,510065,2,1,0,0,0,0,0,0,0,0,0,0
2005,510065,3,1,0,0,8,0,0,0,0,0,0,0
2005,510065,4,1,0,0,0,0,0,0,0,0,0,0
2005,510065,5,1,0,0,0,0,0,0,0,0,0,0
2005,510066,1,1,0,0,0,0,0,0,0,0,0,0
2005,510067,1,1,19,19,19,19,19,19,19,19,19,19
2005,510068,1,1,24,18,15,12,0,0,0,16,12,12
2005,510069,0,1,0,0,0,0,20,0,0,19,0,0
2005,510069,1,1,0,0,0,0,0,0,0,0,0,0
2005,510070,1,1,15,8,13,32,0,24,15,28,16,22
2005,510071,1,1,0,0,0,0,0,0,0,0,0,0
2005,510072,1,1,0,0,0,0,0,0,0,4,0,0
2005,510073,1,1,0,0,0,0,0,0,0,0,0,0
2005,510073,2,1,0,0,0,0,0,0,0,0,0,0
2005,510074,1,1,20,20,20,20,20,20,20,20,20,20
2005,510075,1,1,0,0,0,0,0,0,19,0,0,0
2005,510075,2,1,0,0,0,0,0,0,0,0,0,0
2005,510075,3,1,0,0,0,0,0,0,0,0,0,0
2005,510076,1,1,0,0,0,0,0,0,0,0,0,0
2005,510077,1,1,31,31,31,31,31,31,31,31,31,31
2005,510077,2,1,0,0,0,0,0,0,0,0,0,0
2005,510078,1,1,0,0,0,0,0,0,0,0,0,0
2005,510079,1,1,29,29,29,29,29,29,29,29,29,29
2005,510080,1,1,1,1,1,1,1,1,1,1,1,1
2005,510080,2,1,0,0,0,0,0,0,0,0,0,0
2005,510081,1,1,14,14,14,14,14,14,14,14,14,14
2005,510082,1,1,23,0,0,0,0,0,5,0,0,0
2005,510082,2,1,0,0,0,15,19,10,15,0,17,0
2005,510083,1,1,0,0,0,0,0,0,0,0,0,0
2005,510084,1,1,11,11,11,11,11,11,11,11,11,11
2005,510085,1,1,8,0,11,19,17,21,28,13,8,20
2005,510086,1,1,0,0,0,0,0,0,0,0,14,0
2005,510086,2,1,0,0,0,0,0,0,0,0,0,0
2005,510087,0,1,0,18,31,15,20,18,19,5,0,21
2005,510087,1,1,0,0,0,0,0,0,0,0,19,0
2005,510088,1,1,27,6,36,0,16,24,25,0,19,11
2005,510089,1,1,11,26,14,15,17,12,3,18,11,17
2005,510090,1,1,0,0,0,0,0,0,0,0,0,16
2005,510091,1,1,0,0,0,0,0,0,0,0,0,0
2005,510092,1,1,18,18,18,18,18,18,18,18,18,18
2005,510092,2,1,0,0,0,0,0,0,13,0,0,0
2005,510093,1,1,0,0,0,0,0,0,0,0,0,0
2005,510093,2,1,0,0,0,0,0,0,0,0,0,0
2005,510094,1,1,0,0,0,0,0,0,0,0,0,0
2005,510094,2,1,0,0,0,0,0,0,0,0,0,0
2005,510095,0,1,0,0,0,0,0,0,0,0,0,0
2005,510095,0,2,17,8,32,30,0,13,30,13,0,0
2005,510095,1,1,0,0,0,0,0,0,0,13,0,4
2005,510096,1,1,0,0,0,0,0,0,0,0,0,0
2005,510097,1,1,15,12,4,0,11,3,10,35,5,13
2005,510098,1,1,0,0,0,0,0,0,0,19,0,0
2005,510099,1,1,0,0,0,0,0,0,0,0,0,0
2005,510100,1,1,25,25,25,25,25,25,25,25,25,25
2005,510101,0,1,0,0,0,0,0,0,0,0,0,0
2005,510101,1,1,18,0,0,0,0,0,0,0,0,0
2005,510102,1,1,0,32,0,0,0,0,0,0,10,33
2005,510103,1,1,0,0,0,0,0,0,0,0,0,0
2005,510104,0,1,0,0,0,0,0,0,0,0,0,0
2005,510105,1,1,17,22,15,0,13,26,17,15,19,24
2005,510106,1,1,0,0,0,0,0,0,0,0,0,0
2005,510106,2,1,0,0,0,0,0,0,0,0,0,15
2005,510106,3,1,0,0,0,0,0,7,0,0,0,0
2005,510107,1,1,0,0,0,0,0,0,0,0,0,0
2005,510108,1,1,0,0,0,0,0,0,0,0,0,0
2005,510109,0,1,0,0,0,0,0,0,0,0,0,0
2005,510109,1,1,0,0,0,0,5,0,0,0,0,0
2005,510110,1,1,7,0,0,0,0,0,0,0,24,0
2005,510110,2,1,0,0,0,0,0,0,0,0,0,0
2005,510111,1,1,0,0,0,0,0,0,0,0,0,0
2005,510111,2,1,0,0,0,0,0,0,0,0,0,0
2005,510111,3,1,0,0,0,0,0,0,0,0,0,0
2005,510112,1,1,18,14,5,7,30,11,0,9,13,22
2005,510112,2,1,0,0,0,8,30,26,0,0,26,0
2005,510113,1,1,0,0,0,0,0,0,0,0,0,0
2005,510113,2,1,0,0,0,0,0,0,0,0,0,0
2005,510114,1,1,0,15,0,0,0,0,0,0,0,8
2005,510115,1,1,0,0,0,0,0,0,0,0,0,0
2005,510116,1,1,0,0,0,0,0,0,0,0,0,0
2005,510117,0,1,0,10,0,0,0,0,0,0,0,37
2005,510117,1,1,0,0,15,0,0,0,6,0,0,19
2005,510118,1,1,0,0,0,0,0,0,0,0,0,0
2005,510118,2,1,0,0,0,0,0,0,0,0,0,0
2005,510119,1,1,0,0,0,0,0,0,0,0,0,0
2005,510119,2,1,0,0,0,0,0,0,0,0,0,0
2005,510120,1,1,0,0,0,0,0,0,0,0,0,0
2005,510121,1,1,14,14,14,14,14,14,14,14,14,14
2005,510122,1,1,0,0,0,0,0,0,0,0,0,0
2005,510123,1,1,0,0,0,13,0,0,0,0,0,0
2005,510124,1,1,0,0,0,0,0,0,0,0,0,0
2005,510124,2,1,0,0,0,0,0,7,0,0,0,0
2005,510125,1,1,0,0,0,0,0,0,0,0,0,0
2005,510126,1,1,0,0,0,0,0,0,0,0,0,0
2005,510127,1,1,0,0,0,0,0,0,0,0,0,0
2005,510127,2,1,0,0,0,0,0,0,0,0,0,0
2005,510127,3,1,9,0,0,0,0,0,0,0,0,0
2005,510127,4,1,0,0,0,0,0,6,0,0,0,0
2005,510127,5,1,0,0,0,0,0,0,0,0,0,0
2005,510127,6,1,0,0,0,0,0,0,0,0,0,0
2005,510128,1,1,0,0,0,0,0,0,0,0,0,0
2005,510128,2,1,0,0,0,0,0,0,0,0,0,0
2005,510128,3,1,0,0,0,0,0,0,0,0,0,0
2005,510129,1,1,0,0,0,0,0,0,0,0,0,0
2005,510131,1,1,0,0,0,0,0,0,0,0,0,0
2005,510132,1,1,0,0,0,0,0,0,0,0,0,0
2005,510132,2,1,0,0,0,0,0,0,0,0,0,0
2005,510133,1,1,0,0,0,0,0,0,0,0,0,0
2005,510133,2,1,0,0,0,0,0,0,0,0,0,0
2005,510134,1,1,0,0,0,0,0,0,0,0,0,0
2005,510134,2,1,0,0,0,0,0,0,0,0,0,0
2005,510134,3,1,0,0,0,0,0,0,0,0,0,0
2005,510135,0,1,0,0,0,0,0,0,0,0,0,0
2005,510135,1,1,0,0,0,0,0,0,0,0,0,0
2005,510136,1,1,0,0,14,0,0,3,0,11,4,0
2005,510136,2,1,0,0,0,29,0,43,0,0,0,20
2005,510138,1,1,25,22,20,13,0,0,14,30,13,0
2005,510139,1,1,0,0,0,0,0,0,0,0,0,0
2005,510140,1,1,0,0,0,0,0,0,0,0,0,0
2005,510140,2,1,0,12,0,0,0,0,0,0,0,0
2005,510141,1,1,0,0,13,20,0,0,20,0,0,17
2005,510142,1,1,0,0,0,0,0,0,0,0,0,0
2005,510143,1,1,0,0,0,0,0,0,0,0,0,0
2005,510144,1,1,0,0,0,0,19,0,0,0,0,0
2005,510145,1,1,0,0,0,0,0,0,0,0,0,0
2005,510145,2,1,0,0,0,0,0,0,0,0,0,0
2005,510146,1,1,20,20,20,20,20,20,20,20,20,20
2005,510147,1,1,19,19,19,19,19,19,19,19,19,19
2005,510148,1,1,0,14,12,9,8,0,21,29,0,22
2005,510149,1,1,0,14,0,11,7,17,18,49,2,10
2005,510150,1,1,20,20,20,20,20,20,20,20,20,20
2005,510151,1,1,0,0,0,0,0,0,0,0,0,0
2005,510152,1,1,0,25,0,0,0,12,25,0,0,0
2005,510153,1,1,0,0,0,0,0,0,0,0,0,0
2005,510154,1,1,21,21,21,21,21,21,21,21,21,21
2005,510155,1,1,0,0,0,0,0,0,0,0,0,0
2005,510156,1,1,14,18,24,23,14,22,3,38,12,17
2005,510156,2,1,0,0,0,0,0,0,0,0,0,0
2005,510157,1,1,0,0,24,17,15,27,14,28,13,17
2005,510157,2,1,0,0,6,0,0,1,24,0,0,17
2005,510158,0,1,0,0,0,0,0,0,0,0,0,0
2005,510158,1,1,0,0,0,0,0,0,0,0,0,0
2005,510159,1,1,0,6,0,10,6,0,0,0,0,0
2005,510160,1,1,0,0,0,0,0,0,0,0,0,0
2005,510160,2,1,8,0,14,0,0,0,0,0,0,0
2005,510160,3,1,0,0,0,0,0,0,0,0,24,0
2005,510161,1,1,0,0,0,0,0,0,0,0,0,0
2005,510161,2,1,0,0,0,0,0,0,0,0,0,0
2005,510162,1,1,0,0,0,0,0,0,0,0,0,0
2005,510163,1,1,22,21,44,12,19,16,32,13,15,16
2005,510164,1,1,0,0,0,0,0,0,0,0,0,0
2005,510164,2,2,0,0,0,0,0,0,0,0,0,0
2005,510165,1,1,13,13,13,13,13,13,13,13,13,13
2005,510166,1,1,0,0,0,0,0,0,0,0,0,11
2005,510166,2,1,0,0,0,0,0,0,0,0,0,0
2005,510167,1,1,0,0,0,0,0,0,0,0,0,0
2005,510168,1,1,18,18,18,18,18,18,18,18,18,18
2005,510169,1,1,0,0,0,0,0,0,0,0,0,0
2005,510170,1,1,0,0,0,0,0,0,0,0,0,0
2005,510170,2,1,0,0,0,0,0,0,0,0,0,0
2005,510171,0,1,7,0,10,0,8,0,10,0,13,9
2005,510171,1,1,9,0,10,16,35,24,16,0,17,0
2005,510172,1,1,17,20,13,11,15,17,34,19,28,30
2005,510173,1,1,19,13,16,5,20,0,4,22,17,13
2005,510173,2,1,0,0,0,0,0,0,0,0,0,0
2005,510173,3,1,0,0,0,0,0,0,0,0,0,0
2005,510174,1,1,0,0,0,0,0,0,0,0,0,0
2005,510175,1,1,0,0,0,0,0,0,0,0,0,0
2005,510176,1,1,0,0,0,0,0,0,0,0,0,0
2005,510177,1,1,0,0,0,0,0,0,0,0,0,0
2005,510178,0,1,0,0,0,0,0,0,0,0,0,0
2005,510178,1,1,0,0,0,0,0,0,0,0,0,0
2005,510179,1,1,0,0,0,0,0,0,0,0,0,0
2005,510179,2,1,0,0,21,11,0,17,0,0,0,20
2005,510180,1,1,16,16,16,16,16,16,16,16,16,16
2005,510181,1,1,0,0,0,0,0,0,0,0,0,0
2005,510181,2,1,0,0,0,0,0,0,0,0,0,0
2005,510182,1,1,24,24,24,24,24,24,24,24,24,24
2005,510183,1,1,11,0,0,0,0,0,0,0,0,0
2005,510184,1,1,0,0,0,0,0,0,0,0,0,0
2005,510184,2,1,0,0,0,0,0,0,0,0,0,0
2005,510185,1,1,9,0,0,0,3,0,0,0,0,0
2005,510185,2,1,0,0,0,0,0,0,0,0,0,0
2005,510186,1,1,16,16,16,16,16,16,16,16,16,16
2005,510187,1,1,0,0,9,0,0,0,0,0,0,0
2005,510187,2,1,0,0,13,0,0,0,0,0,0,0
2005,510188,1,1,0,0,0,0,0,0,0,0,0,0
2005,510188,2,1,0,0,0,0,0,0,0,0,0,0
2005,510189,1,1,11,0,0,0,0,24,0,0,11,0
2005,510190,1,1,28,28,28,28,28,28,28,28,28,28
2005,510190,2,1,0,22,0,11,0,3,23,16,0,7
2005,510191,1,1,0,0,0,0,0,9,0,0,44,0
2005,510192,1,1,0,0,0,0,0,0,0,0,0,0
2005,510192,2,1,0,0,0,0,0,0,0,0,0,0
2005,510193,1,1,0,0,0,0,0,18,20,0,0,0
2005,510195,1,1,14,13,9,11,14,10,11,15,10,13
2005,510196,1,1,0,0,0,0,0,0,0,0,0,0
2005,510197,1,1,0,0,0,0,0,0,0,0,0,0
2005,510198,1,1,13,22,0,20,30,15,11,6,10,12
2005,510198,2,1,8,8,8,8,8,8,8,8,8,8
2005,510199,1,1,30,30,30,30,30,30,30,30,30,30
2005,510199,2,1,0,0,0,0,0,0,0,0,0,0
2005,510199,3,1,0,0,0,0,0,0,0,0,0,0
2005,510200,0,1,0,0,0,0,0,0,0,0,0,0
2005,510200,1,1,0,12,0,0,0,0,0,0,0,0
2005,510201,1,1,12,5,23,16,15,0,10,18,29,17
2005,510202,1,1,0,0,23,0,23,0,0,11,0,0
2005,510203,1,1,0,0,0,0,0,0,0,0,0,0
2005,510203,2,1,0,0,0,0,0,0,0,0,0,0
2005,510204,0,1,0,6,18,4,18,13,34,6,12,28
2005,510204,1,1,16,8,0,22,27,19,5,9,4,19
2005,510205,1,1,0,0,0,0,0,0,0,0,0,0
2005,510205,2,1,0,8,0,0,0,0,0,0,0,0
2005,510205,3,1,0,0,0,0,0,0,0,0,0,0
2005,510206,1,1,0,0,0,0,0,0,0,0,0,0
2005,510206,2,1,0,0,15,0,0,0,0,0,0,0
2005,510206,3,1,0,0,0,0,0,0,0,0,0,0
2005,510207,0,1,0,0,0,0,0,0,0,0,0,0
2005,510207,1,1,0,0,0,0,0,0,0,0,0,0
2005,510208,1,1,0,0,0,0,0,0,0,0,0,0
2005,510209,1,1,0,14,0,0,0,0,13,0,0,0
2005,510210,1,1,0,0,0,0,0,0,0,0,0,0
2005,510211,1,1,16,16,16,16,16,16,16,16,16,16
2005,510212,1,1,19,19,19,19,19,19,19,19,19,19
2005,510213,1,1,0,0,0,0,0,0,0,0,0,0
2005,510214,1,1,0,0,0,0,0,0,0,0,0,0
2005,510215,1,1,0,0,0,0,0,0,0,0,0,0
2005,510215,2,1,0,0,0,0,0,0,0,0,0,0
2005,510216,1,1,0,0,0,0,0,0,0,0,0,0
2005,510217,1,1,0,0,0,0,0,0,0,0,0,0
2005,510217,2,1,0,0,0,0,0,4,0,0,0,0
2005,510218,1,1,0,0,0,0,0,0,0,0,0,0
2005,510218,2,1,0,0,0,0,0,0,0,0,0,0
2005,510219,1,1,0,0,0,0,0,0,0,0,0,0
2005,510219,2,1,0,0,0,0,0,0,0,0,0,0
2005,510220,1,1,1,1,1,1,1,1,1,1,1,1
2005,510221,1,1,0,0,0,12,0,0,10,0,0,0
2005,510222,0,1,0,0,0,0,0,0,0,0,0,0
2005,510222,1,1,0,0,0,0,0,0,0,0,0,10
2005,510223,1,1,0,11,27,0,0,0,0,0,0,0
2005,510223,2,1,0,0,0,0,0,0,0,0,0,0
2005,510224,1,1,0,0,0,0,0,8,0,0,0,0
2005,510225,1,1,0,0,0,0,0,0,0,0,0,0
2005,510225,2,1,0,0,0,0,0,0,0,0,0,0
2005,510226,1,1,30,22,30,32,19,8,0,0,27,23
2005,510227,1,1,33,12,0,16,0,0,0,0,4,0
2005,510229,1,1,0,0,0,0,0,0,0,0,0,0
2005,510229,2,1,0,0,0,0,0,0,0,0,26,0
2005,510229,3,1,0,0,0,0,0,0,0,0,0,0
2005,510230,1,1,0,0,0,0,0,0,0,0,0,0
2005,510230,2,1,0,0,0,0,0,0,0,0,0,0
2005,510231,0,1,0,23,0,22,0,0,13,0,0,39
2005,510231,1,1,11,0,0,0,0,10,0,0,0,6
2005,510232,1,1,14,14,14,14,14,14,14,14,14,14
2005,510233,1,1,0,19,0,0,0,0,0,0,0,0
2005,510233,2,1,0,0,0,0,0,0,0,0,0,0
2005,510234,1,1,23,23,23,23,23,23,23,23,23,23
2005,510234,2,1,0,0,0,0,0,0,0,0,0,0
2005,510235,1,1,10,30,21,17,19,28,25,13,17,21
2005,510236,0,1,28,0,0,2,0,0,0,0,0,0
2005,510236,1,1,0,0,0,0,0,0,0,0,0,0
2005,510237,1,1,0,16,0,0,11,0,18,14,16,8
2005,510238,1,1,0,0,0,0,0,0,0,0,0,0
2005,510239,1,1,0,0,28,0,11,19,21,31,12,17
2005,510240,1,1,6,12,16,15,8,15,14,21,14,15
2005,510240,2,1,0,0,0,0,0,0,0,0,0,2
2005,510241,0,1,0,0,0,0,0,0,0,0,0,0
2005,510241,1,1,0,9,0,0,0,0,0,0,0,0
2005,510242,1,1,19,23,16,0,9,13,26,21,24,0
2005,510243,1,1,14,14,14,14,14,14,14,14,14,14
2005,510244,1,1,0,0,0,0,0,0,0,0,0,0
2005,510245,1,1,0,0,0,0,0,0,0,0,0,0
2005,510245,2,1,0,0,0,0,0,0,0,0,0,0
2005,510246,1,1,0,0,0,0,0,0,0,0,0,0
2005,510246,2,1,0,0,0,0,0,0,0,0,0,0
2005,510247,1,1,7,7,7,7,7,7,7,7,7,7
2005,510248,1,1,19,19,19,19,19,19,19,19,19,19
2005,510249,0,1,0,0,0,0,0,0,0,0,0,0
2005,510249,1,1,0,0,0,0,0,0,0,0,0,0
2005,510250,1,1,43,17,10,24,15,26,0,11,14,10
2005,510250,2,1,0,0,0,3,0,0,0,0,0,0
2005,510251,1,1,0,0,0,0,0,0,0,0,0,0
2005,510251,2,1,0,0,0,0,0,0,0,0,0,0
2005,510251,3,1,23,0,0,0,0,0,0,0,0,0
2005,510252,1,1,0,0,0,0,0,0,3,16,0,0
2005,510253,1,1,8,8,8,8,8,8,8,8,8,8
2005,510254,1,1,21,21,21,21,21,21,21,21,21,21
2005,510255,1,1,24,33,33,17,23,33,7,15,26,27
2005,510256,1,1,0,20,23,30,14,0,9,0,24,21
2005,510257,1,1,23,0,0,0,0,10,0,0,0,0
2005,510258,1,1,0,0,0,0,0,0,0,0,0,0
2005,510259,1,1,0,0,0,0,0,0,0,0,0,0
2005,510260,1,1,0,0,0,0,0,0,0,0,0,0
2005,510260,2,1,0,0,0,0,0,0,0,0,0,0
2005,510261,1,1,0,0,0,0,0,0,0,0,0,0
2005,510261,2,1,0,0,0,0,0,0,0,0,0,0
2005,510262,1,1,0,0,0,0,0,0,0,0,0,0
2005,510263,1,1,8,0,18,31,13,15,13,7,18,17
2005,510264,1,1,8,13,0,21,2,21,11,16,4,29
2005,510265,1,1,0,0,0,0,0,0,0,0,0,0
2005,510266,1,1,0,0,0,0,0,0,0,0,0,0
2005,510266,2,1,0,0,0,0,0,0,0,0,0,0
2005,510267,0,1,0,0,0,0,0,0,0,0,0,0
2005,510267,1,1,0,0,0,0,0,0,0,0,0,0
2005,510268,0,1,0,0,0,0,0,0,0,0,0,0
2005,510268,1,1,0,0,0,0,0,0,0,0,0,0
2005,510269,1,1,17,17,17,17,17,17,17,17,17,17
2005,510270,1,1,14,9,10,0,16,20,17,37,12,18
2005,510271,1,1,25,25,25,25,25,25,25,25,25,25
2005,510272,1,1,0,0,0,8,9,0,0,0,0,0
2005,510273,1,1,0,0,0,0,0,0,0,4,0,0
2005,510274,1,1,0,0,0,0,0,0,0,0,0,0
2005,510275,1,1,0,0,0,0,0,0,0,0,0,0
2005,510276,1,1,20,20,20,20,20,20,20,20,20,20
2005,510277,1,1,0,0,0,0,0,0,0,0,0,0
2005,510278,1,1,0,0,0,0,0,0,0,0,0,0
2005,510279,1,1,0,0,0,0,0,0,0,0,0,0
2005,510279,2,1,0,0,0,0,0,0,0,0,0,0
2005,510280,1,1,0,0,0,0,0,0,0,0,0,0
2005,510280,2,1,0,0,0,0,0,0,0,0,0,0
2005,510280,3,1,0,0,0,0,0,0,0,0,0,0
2005,510281,1,1,0,0,0,0,0,0,0,0,0,0
2005,510282,1,1,9,18,33,13,6,22,6,7,12,12
2005,510283,1,1,0,0,4,14,0,0,0,0,0,0
2005,510284,1,1,0,0,0,0,0,0,0,0,0,0
2005,510284,2,1,0,0,0,0,0,0,0,0,0,0
2005,510285,1,1,18,18,18,18,18,18,18,18,18,18
2005,510286,1,1,15,15,15,15,15,15,15,15,15,15
2005,510286,2,1,0,0,0,0,0,0,0,0,0,0
2005,510287,1,1,0,0,0,0,0,0,0,0,0,0
2005,510287,2,1,0,0,0,0,0,0,0,0,0,0
2005,510287,3,1,0,0,0,0,0,0,0,0,0,0
2005,510287,4,1,4,0,0,0,0,0,0,0,0,0
2005,510288,1,1,0,0,0,0,0,0,0,0,0,0
2005,510289,1,1,0,0,0,0,0,0,0,0,0,0
2005,510290,1,1,7,7,7,7,7,7,7,7,7,7
2005,510291,1,1,0,19,0,22,22,14,0,14,27,15
2005,510292,1,1,0,0,0,0,0,0,0,0,0,0
2005,510292,2,1,0,0,0,0,0,0,0,0,0,0
2005,510293,1,1,0,0,0,0,0,0,0,0,0,0
2005,510294,1,1,1,1,1,1,1,1,1,1,1,1
2005,510294,2,1,0,0,0,0,0,0,0,0,0,0
2005,510295,1,1,12,10,6,8,26,0,13,11,14,16
2005,510295,2,1,19,15,6,8,25,7,8,15,4,0
2005,510296,1,1,30,30,30,30,30,30,30,30,30,30
2005,510296,2,1,0,0,0,13,0,0,13,0,12,8
2005,510297,0,1,0,0,0,0,0,0,0,0,0,0
2005,510297,1,1,0,0,20,25,0,0,0,0,16,0
2005,510298,1,1,0,0,0,0,0,0,0,0,0,0
2005,510298,2,1,15,3,6,16,14,0,0,11,17,9
2005,510299,1,1,0,0,0,0,0,0,0,0,0,0
2005,510299,2,1,0,0,0,0,0,0,0,0,0,0
2005,510300,1,1,0,13,0,0,0,0,0,0,0,11
2005,510300,2,1,0,0,0,0,0,0,0,0,0,0
2005,510301,1,1,9,9,9,9,9,9,9,9,9,9
2005,510301,2,1,0,0,0,0,0,0,0,0,0,0
2005,510302,1,1,0,0,0,0,0,0,0,0,0,0
2005,510302,2,1,0,0,0,0,0,0,0,0,0,0
2005,510303,1,1,0,23,6,17,5,7,20,0,0,5
2005,510304,1,1,0,28,0,0,0,0,0,14,0,0
2005,510304,2,1,0,0,18,0,0,0,0,0,0,0
2005,510305,1,1,0,0,0,0,0,0,0,0,0,0
2005,510305,2,1,5,5,5,5,5,5,5,5,5,5
2005,510306,1,1,0,0,0,0,0,0,0,0,0,0
2005,510306,2,1,0,0,0,0,0,0,0,0,0,0
2005,510307,1,1,0,0,0,0,0,0,0,0,0,0
2005,510308,0,1,0,0,0,0,0,0,0,0,0,0
2005,510308,1,1,0,0,0,0,0,0,0,0,0,0
2005,510309,1,1,0,0,0,0,0,0,0,0,21,0
2005,510310,0,1,0,0,0,0,0,0,0,0,0,0
2005,510310,1,1,0,0,1,0,0,0,0,0,0,0
2005,510311,1,1,0,28,9,0,0,0,0,25,10,8
2005,510312,1,1,0,0,0,0,0,0,0,0,0,0
2005,510313,1,1,0,0,0,0,0,0,0,0,0,0
2005,510314,1,1,0,0,0,0,0,0,0,0,0,0
2005,510314,2,1,0,0,0,0,0,11,0,0,0,0
2005,510315,0,1,0,0,0,0,0,0,0,0,0,0
2005,510315,1,1,0,27,0,0,0,0,0,0,0,0
2005,510316,1,1,25,25,25,25,25,25,25,25,25,25
2005,510317,1,1,22,22,22,22,22,22,22,22,22,22
2005,510318,1,1,0,0,0,0,0,0,0,0,0,0
2005,510318,2,1,0,0,0,0,0,0,0,0,0,0
2005,510319,1,1,0,0,0,0,0,0,0,0,0,0
2005,510319,2,1,0,0,0,0,0,0,0,0,0,0
2005,510320,1,1,38,38,38,38,38,38,38,38,38,38
2005,510320,2,1,0,0,0,0,0,0,0,0,0,0
2005,510321,1,1,0,0,0,0,0,0,0,0,0,0
2005,510322,1,1,0,0,0,0,0,0,0,0,0,0
2005,510322,2,1,0,0,0,0,0,0,0,0,0,0
2005,510323,1,1,0,13,0,0,0,0,0,0,0,0
2005,510323,2,1,0,0,0,0,0,0,0,0,0,0
2005,510324,1,1,0,0,0,0,0,0,0,0,0,0
2005,510325,1,1,0,0,0,0,0,0,0,0,0,0
2005,510326,1,1,15,15,15,15,15,15,15,15,15,15
2005,510328,1,1,17,29,17,6,16,7,6,20,9,21
2005,510329,1,1,26,26,26,26,26,26,26,26,26,26
2005,510330,1,1,0,0,14,11,16,0,15,0,19,9
2005,510331,1,1,0,0,0,0,0,0,0,0,0,0
2005,510331,2,1,13,0,0,0,8,6,15,8,0,13
2005,510332,1,1,0,0,0,0,0,0,0,0,0,0
2005,510333,1,1,0,0,0,0,0,0,0,0,0,0
2005,510334,1,1,0,0,0,0,0,0,0,0,0,0