YEAR,ST_CASE,veh_no,per_no,P1,P2,P3,P4,P5,P6,P7,P8,P9,P10
2005,510334,2,1,0,0,0,0,0,0,0,0,0,0
2005,510335,1,1,9,9,15,0,13,17,12,8,14,0
2005,510336,1,1,0,0,0,0,0,0,0,0,0,0
2005,510337,1,1,0,0,0,0,0,0,0,0,0,0
2005,510337,2,1,0,0,0,0,0,0,0,0,0,0
2005,510338,1,1,18,18,18,18,18,18,18,18,18,18
2005,510339,1,1,0,0,0,0,0,0,0,0,17,0
2005,510339,2,1,0,0,0,0,0,0,0,0,0,0
2005,510340,1,1,20,20,20,20,20,20,20,20,20,20
2005,510341,0,1,0,0,0,0,0,0,0,0,7,0
2005,510341,1,1,0,0,0,0,0,0,0,0,0,0
2005,510342,1,1,0,0,0,0,4,0,0,0,0,0
2005,510343,1,1,0,0,0,0,0,0,0,0,0,0
2005,510344,1,1,0,0,0,0,0,0,0,0,0,0
2005,510345,1,1,32,32,32,32,32,32,32,32,32,32
2005,510346,0,1,0,0,0,0,0,0,0,0,0,0
2005,510346,1,1,0,0,0,0,0,0,0,0,0,0
2005,510347,1,1,0,0,0,0,0,0,0,0,0,0
2005,510347,2,1,0,0,0,0,0,0,0,0,0,0
2005,510348,1,1,0,0,0,0,0,0,0,0,0,0
2005,510348,2,1,0,0,0,0,0,0,0,0,0,0
2005,510349,1,1,16,0,0,0,0,4,4,0,13,0
2005,510350,1,1,0,0,0,0,0,0,0,0,0,0
2005,510350,2,1,24,24,24,24,24,24,24,24,24,24
2005,510351,1,1,0,0,0,0,0,0,0,0,0,0
2005,510351,2,1,0,0,0,0,0,0,0,0,0,0
2005,510352,1,1,0,5,28,7,12,18,3,24,10,14
2005,510353,1,1,5,5,5,5,5,5,5,5,5,5
2005,510354,1,1,0,0,0,0,10,0,0,0,0,0
2005,510355,1,1,23,14,36,23,0,27,17,17,0,9
2005,510356,1,1,0,0,0,0,0,0,0,0,0,0
2005,510356,2,1,0,0,0,0,0,0,0,0,0,0
2005,510357,1,1,0,0,0,0,0,0,0,0,0,0
2005,510357,2,1,16,0,0,4,13,0,0,0,0,9
2005,510358,1,1,0,0,0,0,0,0,0,0,0,0
2005,510358,2,1,0,0,0,0,0,0,0,0,0,0
2005,510359,1,1,0,0,0,0,0,0,0,0,0,0
2005,510359,2,1,0,0,0,0,0,0,0,0,0,0
2005,510359,3,1,0,0,0,0,0,0,0,0,0,0
2005,510360,1,1,0,0,0,15,0,0,0,0,0,0
2005,510361,1,1,10,10,10,10,10,10,10,10,10,10
2005,510362,1,1,8,14,11,15,25,8,7,5,12,8
2005,510362,2,1,10,0,23,0,0,0,15,0,16,22
2005,510363,1,1,11,15,31,24,22,26,0,16,9,19
2005,510364,1,1,37,37,37,37,37,37,37,37,37,37
2005,510365,1,1,1,1,1,1,1,1,1,1,1,1
2005,510366,1,1,17,17,11,24,18,16,26,22,10,17
2005,510367,1,1,21,21,21,21,21,21,21,21,21,21
2005,510367,2,1,0,0,0,0,0,0,0,0,0,0
2005,510368,1,1,0,0,0,0,0,0,0,0,0,0
2005,510369,1,1,0,0,0,0,0,0,0,0,0,0
2005,510369,2,1,0,0,0,0,0,0,0,0,0,0
2005,510369,3,1,0,0,0,0,0,0,0,0,0,0
2005,510370,1,1,0,12,2,14,0,0,0,5,3,9
2005,510370,2,1,0,21,0,0,0,0,0,0,0,0
2005,510371,1,1,0,0,0,0,0,0,0,0,0,0
2005,510371,2,1,0,0,0,0,0,0,0,0,0,0
2005,510371,3,1,0,0,0,0,0,0,0,0,0,0
2005,510371,4,1,0,11,0,0,0,0,0,5,0,0
2005,510371,5,1,0,9,0,0,0,0,0,0,0,0
2005,510372,1,1,9,9,9,9,9,9,9,9,9,9
2005,510373,0,1,0,0,0,0,0,0,0,0,0,0
2005,510373,1,1,8,11,44,25,18,30,14,8,18,24
2005,510374,1,1,0,0,27,0,0,0,0,0,0,0
2005,510374,2,1,0,0,0,0,10,0,22,0,26,0
2005,510375,1,1,18,21,5,7,14,19,11,8,0,9
2005,510376,1,1,17,18,22,11,25,16,17,16,16,12
2005,510377,1,1,0,0,0,0,0,0,0,0,0,0
2005,510378,1,1,0,10,0,0,0,0,0,13,0,14
2005,510379,1,1,9,9,9,9,9,9,9,9,9,9
2005,510380,1,1,20,20,20,20,20,20,20,20,20,20
2005,510381,1,1,14,14,14,14,14,14,14,14,14,14
2005,510381,2,1,0,0,0,0,0,0,0,0,0,0
2005,510382,1,1,0,0,0,0,0,0,0,0,0,0
2005,510382,2,1,0,0,0,0,0,0,0,0,0,0
2005,510383,1,1,0,0,0,0,0,0,0,0,0,0
2005,510384,1,1,0,0,0,0,0,0,0,0,0,0
2005,510384,2,1,0,0,0,0,0,0,0,0,0,0
2005,510385,1,1,0,0,0,0,0,0,0,0,0,0
2005,510385,2,1,7,13,12,4,0,10,16,16,8,0
2005,510385,3,1,0,17,0,0,0,0,0,0,0,0
2005,510386,1,1,6,6,6,6,6,6,6,6,6,6
2005,510387,1,1,0,0,0,0,0,0,0,0,0,0
2005,510387,2,1,0,0,0,0,0,0,0,0,0,0
2005,510388,1,1,0,0,0,0,0,0,0,0,0,0
2005,510389,1,1,0,0,0,0,0,0,0,0,0,0
2005,510389,2,1,35,35,35,35,35,35,35,35,35,35
2005,510390,1,1,0,0,0,0,0,0,0,0,0,0
2005,510391,1,1,18,9,24,23,18,18,24,9,13,0
2005,510391,2,1,0,0,0,0,0,0,0,0,0,0
2005,510392,1,1,0,0,0,0,0,0,0,0,0,0
2005,510393,1,1,0,0,0,0,0,0,0,0,0,0
2005,510394,1,1,0,0,0,0,0,0,0,0,0,0
2005,510394,2,1,0,0,0,0,0,0,0,3,0,0
2005,510395,1,1,29,33,12,11,6,7,17,16,14,24
2005,510396,0,1,12,12,12,12,12,12,12,12,12,12
2005,510396,1,1,0,17,17,0,10,0,0,0,0,0
2005,510397,1,1,0,7,27,0,0,0,0,0,0,0
2005,510397,2,1,0,0,0,0,0,0,0,0,0,0
2005,510398,1,1,0,0,0,0,0,0,0,0,0,0
2005,510398,2,1,0,0,0,0,0,0,0,0,0,0
2005,510399,1,1,15,0,42,9,0,22,32,17,21,29
2005,510400,1,1,17,12,22,26,0,3,12,19,15,22
2005,510401,1,1,0,0,0,0,0,0,0,0,0,0
2005,510402,1,1,0,0,0,0,0,0,0,0,0,0
2005,510403,1,1,0,0,0,0,0,0,0,0,0,0
2005,510404,1,1,0,0,0,0,0,0,0,0,0,0
2005,510405,1,1,0,0,0,12,0,0,0,0,26,0
2005,510406,1,1,17,0,12,0,0,0,0,0,0,0
2005,510406,2,1,0,0,0,0,0,0,0,0,0,0
2005,510407,0,1,17,2,0,9,18,5,19,0,0,28
2005,510407,1,1,24,0,0,0,0,0,0,10,19,0
2005,510408,1,1,0,0,0,0,0,0,0,0,0,0
2005,510408,2,1,0,0,0,0,0,15,0,0,0,0
2005,510409,0,1,0,0,0,0,0,0,0,0,0,0
2005,510409,1,1,11,10,0,0,24,19,11,8,0,0
2005,510410,1,1,30,30,30,30,30,30,30,30,30,30
2005,510411,1,1,18,0,21,26,0,0,0,14,35,0
2005,510411,2,1,0,0,0,0,0,0,0,0,0,0
2005,510411,3,1,0,0,0,0,0,0,0,0,0,0
2005,510412,1,1,6,6,6,6,6,6,6,6,6,6
2005,510413,1,1,22,22,22,22,22,22,22,22,22,22
2005,510414,1,1,0,0,0,0,0,0,0,0,0,0
2005,510414,2,1,0,0,0,0,0,0,0,0,0,0
2005,510415,1,1,0,0,0,0,0,0,0,0,0,0
2005,510415,2,1,0,0,0,0,0,0,0,0,0,0
2005,510416,1,1,1,1,1,1,1,1,1,1,1,1
2005,510417,0,1,0,0,0,0,0,0,0,0,0,0
2005,510417,1,1,14,0,0,0,0,0,0,0,0,0
2005,510418,1,1,21,10,32,19,37,28,0,6,24,19
2005,510419,1,1,18,12,24,8,19,8,10,12,23,21
2005,510419,2,1,0,0,0,0,0,0,0,0,0,0
2005,510420,1,1,18,21,12,7,11,15,10,7,19,6
2005,510421,0,1,27,42,36,32,0,16,11,19,29,18
2005,510421,1,1,0,0,0,0,0,0,0,0,0,0
2005,510422,1,1,0,0,0,0,0,0,0,0,0,0
2005,510422,2,1,0,0,0,0,0,0,0,0,0,0
2005,510423,1,1,0,0,0,0,0,0,0,0,0,0
2005,510424,1,1,0,0,0,0,0,0,0,0,0,0
2005,510425,1,1,0,0,0,0,0,0,0,0,0,0
2005,510425,2,1,0,0,0,0,0,0,0,0,0,0
2005,510426,1,1,0,0,0,0,0,0,0,0,0,0
2005,510427,1,1,18,18,18,18,18,18,18,18,18,18
2005,510428,1,1,16,16,16,16,16,16,16,16,16,16
2005,510429,1,1,3,0,0,0,0,0,0,0,0,0
2005,510429,2,1,0,0,0,0,0,0,0,0,0,0
2005,510429,3,1,0,0,0,0,0,0,0,0,0,0
2005,510430,1,1,0,0,0,0,0,0,0,0,0,0
2005,510430,2,1,0,0,0,0,0,0,0,0,0,0
2005,510431,1,1,21,21,21,21,21,21,21,21,21,21
2005,510432,1,1,0,0,0,0,0,0,0,0,0,0
2005,510433,1,1,35,35,35,35,35,35,35,35,35,35
2005,510433,2,1,0,0,0,24,0,0,0,0,24,0
2005,510434,1,1,18,18,18,18,18,18,18,18,18,18
2005,510434,2,1,0,0,0,0,0,0,0,0,0,0
2005,510435,1,1,0,0,0,0,0,0,0,0,0,0
2005,510435,2,1,0,0,0,0,0,0,0,0,0,0
2005,510436,0,1,0,0,0,0,0,0,0,0,0,0
2005,510436,1,1,0,0,0,0,0,0,0,0,0,0
2005,510437,1,1,0,0,0,0,0,0,0,0,0,0
2005,510437,2,1,0,0,0,0,0,0,0,0,0,0
2005,510438,1,1,26,26,26,26,26,26,26,26,26,26
2005,510439,1,1,0,0,13,0,0,0,0,0,0,0
2005,510440,1,1,0,0,0,0,0,0,0,0,0,0
2005,510441,1,1,0,0,0,0,0,17,0,0,0,0
2005,510442,1,1,0,0,0,0,0,0,0,0,0,0
2005,510443,1,1,9,11,22,18,8,23,0,11,0,6
2005,510444,1,1,20,20,20,20,20,20,20,20,20,20
2005,510445,1,1,0,0,0,0,0,0,0,0,0,0
2005,510446,1,1,30,30,30,30,30,30,30,30,30,30
2005,510447,1,1,0,0,0,0,0,0,0,0,0,0
2005,510448,1,1,0,0,0,0,0,0,0,0,0,0
2005,510448,2,1,0,0,0,0,0,0,0,0,0,0
2005,510449,0,1,0,0,0,0,0,0,19,0,0,0
2005,510449,1,1,0,0,0,0,0,0,0,0,0,0
2005,510450,1,1,0,0,0,0,0,0,0,0,0,0
2005,510450,2,1,0,0,0,0,0,0,0,0,0,0
2005,510451,1,1,14,13,6,15,13,22,28,15,20,7
2005,510452,0,1,0,0,0,0,0,0,0,0,0,0
2005,510452,1,1,22,0,0,0,0,0,0,0,0,0
2005,510453,1,1,8,8,8,8,8,8,8,8,8,8
2005,510454,1,1,0,0,2,0,0,0,0,0,0,0
2005,510455,1,1,0,0,0,0,0,0,0,0,0,0
2005,510455,2,1,0,0,0,0,0,0,0,0,0,16
2005,510456,1,1,0,0,0,0,0,0,0,0,0,0
2005,510456,2,1,0,0,0,0,0,0,0,7,0,0
2005,510457,0,1,0,0,0,0,0,0,0,0,0,0
2005,510457,1,1,0,0,0,0,0,0,0,0,0,0
2005,510458,1,1,0,0,0,0,0,0,0,0,0,0
2005,510459,1,1,11,11,11,11,11,11,11,11,11,11
2005,510460,1,1,0,0,0,0,0,0,0,0,19,0
2005,510461,1,1,0,0,0,0,0,0,0,0,0,0
2005,510461,2,1,0,0,0,0,0,0,0,0,0,0
2005,510462,1,1,11,11,11,11,11,11,11,11,11,11
2005,510463,1,1,0,0,0,0,0,0,0,0,0,0
2005,510463,2,1,0,0,0,0,0,0,0,0,0,0
2005,510464,1,1,12,12,12,12,12,12,12,12,12,12
2005,510465,1,1,0,0,0,0,0,0,0,0,0,0
2005,510465,2,1,0,13,0,0,0,0,6,0,0,0
2005,510466,0,1,0,0,0,0,0,0,0,0,0,0
2005,510466,1,1,0,0,0,0,0,0,0,0,0,0
2005,510467,1,1,0,0,0,0,0,0,0,0,0,0
2005,510467,2,1,0,0,0,0,0,0,0,0,0,0
2005,510467,3,1,0,0,0,0,0,0,0,0,0,0
2005,510468,0,1,0,0,0,0,0,0,0,0,0,0
2005,510468,1,1,0,0,0,0,0,0,0,0,0,0
2005,510469,0,1,0,0,0,0,0,0,0,0,0,0
2005,510469,1,1,0,0,0,0,0,0,0,0,0,0
2005,510470,1,1,0,0,0,0,0,0,0,0,0,0
2005,510470,2,1,0,0,0,0,0,0,0,0,0,0
2005,510471,1,1,0,0,0,0,0,0,0,0,0,0
2005,510471,2,1,0,0,0,0,0,0,0,0,0,0
2005,510472,1,1,0,0,0,0,0,0,0,0,0,0
2005,510473,1,1,0,13,0,0,0,0,0,0,0,0
2005,510474,0,1,0,0,0,0,0,0,0,0,0,0
2005,510474,1,1,0,0,0,0,0,0,0,0,0,0
2005,510475,1,1,0,0,0,0,0,0,0,0,0,0
2005,510475,2,1,0,0,0,0,0,0,0,13,0,0
2005,510476,1,1,20,20,20,20,20,20,20,20,20,20
2005,510477,1,1,12,0,0,0,0,0,0,0,0,0
2005,510478,1,1,0,0,0,0,0,0,0,0,0,0
2005,510478,2,1,0,0,0,0,20,0,0,10,0,0
2005,510479,1,1,0,0,0,0,0,0,0,0,0,0
2005,510479,2,1,0,0,0,17,0,0,0,0,0,0
2005,510480,1,1,12,12,12,12,12,12,12,12,12,12
2005,510480,2,1,0,0,0,0,0,0,0,0,0,0
2005,510481,1,1,2,2,2,2,2,2,2,2,2,2
2005,510482,1,1,0,0,0,0,0,0,0,0,0,0
2005,510482,2,1,1,1,1,1,1,1,1,1,1,1
2005,510483,1,1,0,0,0,0,0,0,0,0,0,0
2005,510483,2,1,0,0,0,0,0,0,0,0,0,0
2005,510484,1,1,0,0,0,0,0,0,0,0,0,0
2005,510485,1,1,0,0,0,0,0,0,0,0,0,0
2005,510485,2,1,0,0,0,0,0,0,0,0,0,0
2005,510486,1,1,0,0,0,0,0,0,0,0,0,0
2005,510487,0,1,0,0,0,0,0,0,0,0,0,0
2005,510487,1,1,0,0,0,0,0,0,0,0,0,0
2005,510488,1,1,0,0,0,0,0,0,0,0,0,0
2005,510489,1,1,0,0,38,11,0,0,0,0,0,0
2005,510490,1,1,0,0,0,0,0,0,0,0,0,0
2005,510491,1,1,2,2,2,2,2,2,2,2,2,2
2005,510492,1,1,0,0,0,0,0,0,0,0,0,0
2005,510493,1,1,7,17,10,7,24,0,0,7,9,5
2005,510493,2,1,0,0,0,0,0,0,0,0,0,0
2005,510494,1,1,0,0,0,0,0,0,0,0,0,0
2005,510495,1,1,0,0,0,0,0,0,0,0,0,0
2005,510496,1,1,0,0,0,0,0,0,0,0,0,0
2005,510496,2,1,0,0,0,0,0,0,0,22,0,0
2005,510497,0,1,0,0,0,0,0,0,0,0,0,0
2005,510497,1,1,0,0,0,0,0,0,0,0,0,0
2005,510498,0,1,21,21,21,21,21,21,21,21,21,21
2005,510498,1,1,8,20,17,0,0,13,0,14,0,0
2005,510499,1,1,0,0,0,0,0,0,0,0,0,0
2005,510499,2,1,0,0,0,0,0,0,0,0,0,0
2005,510500,1,1,4,5,13,22,13,19,4,21,10,5
2005,510500,2,1,0,0,0,0,0,0,0,0,0,0
2005,510501,1,1,0,0,0,0,0,0,0,0,0,0
2005,510501,2,1,0,0,0,0,0,0,0,0,0,0
2005,510501,3,1,0,0,0,0,0,0,0,0,0,0
2005,510501,4,1,0,0,0,0,0,0,0,0,0,0
2005,510501,5,1,0,0,0,0,0,0,0,0,0,0
2005,510501,6,1,0,0,0,15,0,0,0,0,0,0
2005,510502,0,1,20,8,20,10,22,15,16,0,17,0
2005,510502,1,1,0,0,0,11,0,0,0,10,0,0
2005,510502,2,1,0,0,0,0,0,0,0,9,0,7
2005,510503,1,1,0,0,0,0,0,0,0,0,0,0
2005,510503,2,1,0,0,0,0,0,0,0,0,0,0
2005,510503,3,1,0,0,0,0,0,0,0,0,0,0
2005,510504,1,1,0,0,0,7,0,0,0,0,0,0
2005,510504,2,1,0,0,0,0,0,0,0,0,0,0
2005,510505,1,1,0,0,0,0,0,0,0,0,0,0
2005,510505,2,1,0,0,0,0,0,0,0,0,0,0
2005,510506,1,1,0,0,0,0,0,0,0,0,0,0
2005,510506,2,1,0,0,0,0,0,0,0,0,0,0
2005,510507,1,1,0,0,0,0,0,0,0,0,0,0
2005,510508,1,1,0,0,0,0,6,0,0,0,0,0
2005,510509,1,1,21,22,13,13,32,6,13,22,32,6
2005,510510,1,1,32,0,0,0,0,0,0,20,0,0
2005,510511,1,1,0,0,0,0,0,0,0,0,0,0
2005,510511,2,1,0,0,0,0,0,0,0,0,0,0
2005,510512,1,1,0,0,0,13,0,0,0,0,0,0
2005,510512,2,1,0,0,0,0,0,0,0,0,0,0
2005,510512,3,1,0,0,0,0,0,0,0,0,0,0
2005,510512,4,1,0,0,7,0,0,0,31,14,0,0
2005,510513,0,1,8,8,8,8,8,8,8,8,8,8
2005,510513,1,1,0,0,0,0,22,0,0,0,0,0
2005,510514,0,1,38,38,38,38,38,38,38,38,38,38
2005,510514,1,1,14,0,0,0,11,0,0,0,0,0
2005,510515,1,1,0,0,0,0,0,0,0,0,0,0
2005,510516,0,1,0,0,0,0,0,0,0,0,0,0
2005,510516,1,1,0,0,0,0,0,0,0,0,0,4
2005,510517,1,1,0,0,0,0,0,0,0,0,0,0
2005,510518,1,1,13,15,16,19,0,14,12,13,0,19
2005,510519,1,1,0,0,0,0,0,0,0,0,0,0
2005,510519,2,1,0,0,0,0,8,0,0,0,0,0
2005,510520,1,1,0,0,0,0,0,0,0,0,0,0
2005,510520,2,1,0,0,4,0,0,0,0,0,0,0
2005,510521,1,1,3,3,3,3,3,3,3,3,3,3
2005,510521,2,1,0,0,0,0,0,0,0,0,0,0
2005,510522,1,1,19,19,19,19,19,19,19,19,19,19
2005,510523,0,1,0,0,0,0,0,0,0,0,0,0
2005,510523,1,1,0,0,0,0,0,0,0,0,0,0
2005,510524,1,1,0,0,0,0,0,0,0,0,0,0
2005,510525,1,1,0,0,0,0,0,0,0,0,0,0
2005,510526,1,1,2,2,2,2,2,2,2,2,2,2
2005,510527,1,1,0,0,0,0,0,0,0,0,0,0
2005,510527,2,1,0,0,0,0,0,0,0,0,0,0
2005,510528,1,1,0,0,0,0,0,0,0,0,0,0
2005,510529,1,1,18,18,18,18,18,18,18,18,18,18
2005,510530,1,1,0,0,0,0,0,0,0,0,0,0
2005,510530,2,1,3,3,3,3,3,3,3,3,3,3
2005,510531,1,1,0,0,0,0,0,0,0,0,0,0
2005,510532,1,1,0,0,0,0,0,0,0,0,0,0
2005,510532,2,1,0,0,0,0,0,0,0,0,0,0
2005,510533,1,1,0,0,0,0,16,0,0,0,0,0
2005,510534,0,1,0,0,0,0,0,0,0,0,0,0
2005,510534,0,2,0,0,0,0,0,0,0,0,0,0
2005,510534,1,1,15,0,0,11,7,0,0,0,0,0
2005,510535,1,1,0,0,0,0,0,0,0,0,0,0
2005,510535,2,1,0,0,0,0,0,0,0,0,0,0
2005,510536,0,1,0,0,0,0,0,0,0,0,0,0
2005,510536,1,1,0,0,0,0,0,0,0,0,0,0
2005,510537,1,1,0,0,0,0,0,0,0,0,0,0
2005,510537,2,1,24,0,0,14,19,0,0,0,0,17
2005,510537,3,1,0,0,0,0,0,0,0,0,0,0
2005,510538,1,1,0,0,0,0,0,0,0,0,0,0
2005,510538,2,1,0,0,0,0,0,0,0,0,0,0
2005,510539,1,1,10,10,10,10,10,10,10,10,10,10
2005,510540,1,1,0,0,0,0,0,0,0,0,0,0
2005,510540,2,1,0,0,0,0,0,0,0,0,0,0
2005,510541,1,1,5,5,5,5,5,5,5,5,5,5
2005,510542,1,1,0,0,0,0,0,0,0,0,0,0
2005,510542,2,1,0,0,0,0,0,0,0,0,0,0
2005,510543,1,1,0,0,0,0,0,0,0,0,0,0
2005,510543,2,1,0,0,0,0,0,0,0,0,0,0
2005,510544,1,1,23,23,23,23,23,23,23,23,23,23
2005,510544,2,1,0,0,0,0,0,7,0,0,0,0
2005,510545,0,1,0,0,0,13,0,0,0,0,2,0
2005,510545,1,1,0,0,0,0,0,0,0,0,0,0
2005,510546,1,1,0,0,0,0,0,0,0,0,0,0
2005,510546,2,1,0,0,0,0,0,0,0,0,0,0
2005,510547,1,1,28,28,28,28,28,28,28,28,28,28
2005,510548,1,1,26,26,26,26,26,26,26,26,26,26
2005,510549,0,1,0,0,0,0,0,0,0,0,0,0
2005,510549,1,1,0,0,0,0,0,0,0,0,0,0
2005,510550,0,1,0,0,0,13,0,0,0,0,0,0
2005,510550,1,1,0,0,0,0,0,0,0,0,0,0
2005,510551,1,1,1,1,1,1,1,1,1,1,1,1
2005,510552,1,1,19,18,20,4,5,24,9,17,15,35
2005,510553,1,1,0,0,0,0,0,0,0,0,0,0
2005,510554,1,1,1,1,1,1,1,1,1,1,1,1
2005,510555,1,1,0,9,16,5,21,10,0,0,8,3
2005,510555,2,1,0,0,0,0,0,0,0,0,0,0
2005,510556,1,1,7,7,7,7,7,7,7,7,7,7
2005,510556,2,1,18,0,0,0,0,0,0,0,0,0
2005,510557,0,1,0,0,0,0,0,0,0,0,0,0
2005,510557,1,1,0,14,27,0,0,0,0,10,0,20
2005,510558,1,1,0,0,0,0,0,0,0,0,0,0
2005,510559,1,1,0,0,0,0,0,0,0,0,0,0
2005,510560,1,1,0,5,0,14,11,8,0,0,0,0
2005,510562,1,1,40,21,29,15,20,14,27,28,7,15
2005,510562,2,1,0,0,0,0,0,0,0,0,0,0
2005,510563,1,1,0,0,0,0,0,0,0,0,0,0
2005,510564,1,1,32,32,32,32,32,32,32,32,32,32
2005,510565,1,1,25,10,0,16,26,0,10,22,0,6
2005,510566,1,1,4,4,4,4,4,4,4,4,4,4
2005,510567,0,1,1,1,1,1,1,1,1,1,1,1
2005,510567,1,1,0,14,0,18,13,0,0,0,40,0
2005,510568,1,1,26,0,0,16,17,0,19,16,33,16
2005,510569,1,1,11,20,0,27,0,0,0,0,0,18
2005,510570,1,1,0,0,0,0,0,0,0,0,0,0
2005,510570,2,1,0,0,0,0,0,0,0,0,0,0
2005,510570,3,1,0,0,24,0,0,0,0,0,0,0
2005,510571,1,1,0,0,0,0,0,0,0,0,0,0
2005,510572,1,1,0,0,0,0,0,0,0,0,0,0
2005,510573,1,1,0,0,0,0,0,0,0,0,0,0
2005,510574,1,1,0,0,0,0,0,0,0,0,0,0
2005,510575,1,1,0,0,0,0,0,0,0,0,0,0
2005,510575,2,1,0,0,0,0,0,0,0,0,0,0
2005,510576,1,1,0,0,0,0,0,0,0,0,0,0
2005,510577,1,1,0,0,0,0,0,0,0,0,0,0
2005,510577,2,1,0,0,0,0,0,0,0,0,0,11
2005,510578,1,1,0,0,0,0,0,0,0,0,0,0
2005,510578,2,1,0,0,0,0,0,0,10,0,0,0
2005,510579,1,1,14,3,23,18,12,15,11,23,14,19
2005,510580,0,1,32,32,32,32,32,32,32,32,32,32
2005,510580,0,2,29,29,29,29,29,29,29,29,29,29
2005,510580,1,1,7,17,18,29,21,26,21,30,25,23
2005,510581,0,1,6,6,6,6,6,6,6,6,6,6
2005,510581,1,1,13,12,31,0,0,16,5,4,0,19
2005,510582,1,1,0,0,0,0,0,0,0,0,0,0
2005,510583,1,1,0,0,0,0,0,0,0,0,0,0
2005,510583,2,1,19,17,15,27,18,18,0,3,16,25
2005,510584,1,1,0,0,0,0,0,4,0,11,0,0
2005,510585,1,1,3,3,3,3,3,3,3,3,3,3
2005,510585,2,1,0,0,0,0,0,0,0,0,0,0
2005,510585,3,1,0,0,0,0,0,0,0,0,0,0
2005,510586,0,1,6,6,6,6,6,6,6,6,6,6
2005,510586,1,1,8,0,31,18,20,36,24,3,0,15
2005,510587,1,1,0,0,0,0,0,0,0,0,0,15
2005,510587,2,1,0,0,0,0,0,0,0,0,0,0
2005,510588,1,1,0,0,0,0,0,0,0,0,0,0
2005,510589,1,1,0,0,0,0,0,0,0,0,0,0
2005,510589,2,1,0,0,0,0,0,0,0,0,0,0
2005,510590,1,1,0,0,0,0,0,0,0,0,0,0
2005,510591,1,1,15,15,15,15,15,15,15,15,15,15
2005,510591,2,1,0,0,15,0,0,0,0,9,20,0
2005,510591,3,1,0,0,0,0,0,0,0,0,0,0
2005,510592,1,1,0,0,0,0,0,0,0,0,0,0
2005,510592,2,1,0,0,0,0,0,0,0,0,0,0
2005,510593,1,1,8,8,8,8,8,8,8,8,8,8
2005,510594,1,1,0,0,0,0,0,0,0,0,0,0
2005,510595,1,1,0,0,10,0,0,0,0,0,0,17
2005,510595,2,1,7,0,0,12,0,0,8,0,0,10
2005,510596,1,1,0,0,0,0,0,0,0,0,0,0
2005,510597,1,1,0,0,0,0,0,0,0,0,0,0
2005,510597,2,1,0,0,0,0,0,0,0,0,0,0
2005,510598,1,1,0,0,0,0,0,0,15,14,0,0
2005,510598,2,1,0,0,0,0,0,0,0,0,0,0
2005,510599,1,1,0,0,0,0,0,0,0,0,0,0
2005,510599,2,1,0,0,0,0,0,0,0,0,0,0
2005,510600,1,1,0,0,0,0,0,0,0,0,0,0
2005,510600,2,1,0,0,0,0,0,0,0,0,0,0
2005,510601,1,1,0,0,0,0,0,0,0,0,0,0
2005,510602,1,1,37,0,0,0,0,0,0,9,0,0
2005,510602,2,1,10,10,10,10,10,10,10,10,10,10
2005,510603,1,1,0,0,0,0,0,0,0,0,0,0
2005,510603,2,1,0,0,0,0,0,0,0,0,0,0
2005,510604,1,1,29,29,29,29,29,29,29,29,29,29
2005,510605,1,1,0,0,0,0,0,0,0,0,0,0
2005,510605,2,1,0,0,0,0,0,0,0,0,0,0
2005,510606,1,1,19,19,19,19,19,19,19,19,19,19
2005,510607,1,1,0,0,0,0,0,0,0,0,0,0
2005,510607,2,1,0,0,0,0,0,0,0,0,0,0
2005,510608,1,1,22,22,22,22,22,22,22,22,22,22
2005,510608,2,1,0,0,0,0,0,0,23,0,0,0
2005,510609,1,1,13,13,13,13,13,13,13,13,13,13
2005,510610,1,1,0,0,0,0,0,0,0,10,0,0
2005,510610,2,1,0,0,0,0,0,0,0,0,0,0
2005,510611,1,1,13,13,13,13,13,13,13,13,13,13
2005,510612,1,1,0,0,0,0,0,11,0,0,0,0
2005,510612,2,1,0,0,0,0,0,0,0,0,0,0
2005,510613,1,1,0,20,0,7,17,27,0,18,0,0
2005,510613,2,1,0,0,0,0,0,0,0,0,0,0
2005,510613,3,1,0,0,0,0,0,0,0,0,0,0
2005,510614,1,1,0,0,0,0,0,0,0,0,0,0
2005,510614,2,1,0,0,0,0,0,0,0,0,0,0
2005,510615,1,1,0,0,0,0,0,0,0,0,0,0
2005,510615,2,1,0,0,0,0,0,0,0,0,0,0
2005,510616,1,1,22,8,0,7,0,0,0,0,0,20
2005,510616,2,1,0,0,0,0,0,0,0,0,0,0
2005,510617,1,1,24,24,24,24,24,24,24,24,24,24
2005,510618,1,1,0,0,0,0,0,0,0,0,0,0
2005,510618,2,1,0,0,0,0,0,0,0,0,0,0
2005,510619,1,1,0,0,0,0,0,0,0,0,0,0
2005,510619,2,1,0,0,7,0,0,0,0,0,0,0
2005,510620,1,1,0,0,0,0,0,0,0,0,0,0
2005,510620,2,1,0,0,3,0,0,0,0,0,0,0
2005,510621,1,1,0,0,0,0,0,0,0,0,0,0
2005,510621,2,1,0,0,0,0,0,0,0,0,0,0
2005,510622,1,1,0,0,0,24,0,0,0,0,0,0
2005,510623,1,1,0,0,0,0,0,0,0,0,0,0
2005,510624,1,1,0,0,24,0,0,12,0,0,7,13
2005,510624,2,1,0,12,7,0,0,0,0,0,13,7
2005,510624,3,1,0,0,4,0,0,0,31,0,0,14