YEAR,ST_CASE,veh_no,per_no,P1,P2,P3,P4,P5,P6,P7,P8,P9,P10
2005,510625,1,1,16,16,15,36,19,20,13,11,26,20
2005,510626,1,1,15,15,15,15,15,15,15,15,15,15
2005,510627,1,1,0,0,0,0,0,0,0,0,0,0
2005,510628,1,1,0,0,0,0,0,0,0,0,0,0
2005,510629,1,1,0,0,0,0,0,0,0,0,0,0
2005,510629,2,1,0,0,0,0,0,0,0,0,0,0
2005,510630,1,1,0,0,0,0,0,0,0,0,0,0
2005,510630,2,1,0,0,0,0,0,0,0,0,0,0
2005,510631,1,1,6,6,6,6,6,6,6,6,6,6
2005,510632,1,1,0,0,0,0,0,0,0,0,0,0
2005,510632,2,1,0,0,0,0,0,0,0,0,0,0
2005,510633,0,1,0,0,0,0,0,0,0,0,0,0
2005,510633,1,1,0,0,8,0,0,0,0,0,0,0
2005,510634,1,1,0,0,0,0,0,0,0,0,0,0
2005,510634,2,1,0,0,0,0,0,0,0,0,7,0
2005,510634,3,1,0,0,0,0,0,0,0,0,0,0
2005,510635,1,1,0,0,27,0,0,0,0,0,11,0
2005,510636,1,1,0,0,0,0,0,0,0,0,0,0
2005,510637,1,1,24,24,24,24,24,24,24,24,24,24
2005,510638,1,1,1,1,1,1,1,1,1,1,1,1
2005,510639,0,1,0,0,0,0,0,0,0,0,0,0
2005,510639,1,1,4,8,9,0,0,10,8,0,24,0
2005,510640,1,1,0,0,0,0,0,0,0,0,0,0
2005,510640,2,1,0,0,0,0,0,12,0,0,0,0
2005,510641,1,1,17,17,17,17,17,17,17,17,17,17
2005,510641,2,1,0,4,10,9,0,0,0,0,0,0
2005,510642,1,1,0,0,0,0,0,0,10,0,0,0
2005,510643,1,1,16,8,0,0,0,8,18,14,2,24
2005,510644,1,1,0,0,0,0,0,0,0,0,0,0
2005,510645,1,1,0,0,0,0,0,0,0,0,0,0
2005,510645,2,1,0,0,0,0,0,0,0,0,0,0
2005,510645,3,1,0,0,0,0,0,0,0,0,0,0
2005,510645,4,1,0,0,0,0,0,10,0,0,0,0
2005,510646,1,1,0,0,0,0,0,0,0,0,0,0
2005,510647,0,1,0,0,0,0,0,0,0,0,0,0
2005,510647,1,1,0,0,0,0,0,0,18,0,0,0
2005,510648,1,1,14,18,11,16,20,21,24,13,7,15
2005,510649,1,1,0,0,0,0,0,0,0,0,0,0
2005,510649,2,1,0,0,0,0,0,0,0,0,0,0
2005,510650,1,1,16,16,16,16,16,16,16,16,16,16
2005,510650,2,1,0,0,0,0,0,0,0,0,0,0
2005,510651,1,1,0,0,0,0,0,0,0,0,0,0
2005,510651,2,1,0,0,0,0,0,0,0,0,0,0
2005,510651,3,1,0,0,0,9,0,0,0,0,0,0
2005,510652,1,1,15,0,0,0,0,0,0,0,0,0
2005,510653,1,1,0,0,0,0,0,0,0,0,0,0
2005,510653,2,1,0,0,0,0,0,0,0,0,0,0
2005,510654,1,1,0,0,0,0,0,0,0,0,0,0
2005,510654,2,1,0,0,0,0,0,0,0,0,0,0
2005,510655,1,1,0,0,6,0,0,0,0,0,0,0
2005,510656,1,1,15,15,15,15,15,15,15,15,15,15
2005,510657,1,1,24,20,19,16,21,30,10,7,0,0
2005,510658,1,1,18,0,0,0,0,0,0,0,0,0
2005,510658,2,1,0,0,0,0,0,0,0,0,0,0
2005,510659,1,1,18,18,18,18,18,18,18,18,18,18
2005,510660,1,1,0,0,0,0,0,0,0,0,0,0
2005,510661,1,1,0,0,0,0,0,0,0,0,0,0
2005,510662,1,1,6,6,6,6,6,6,6,6,6,6
2005,510663,1,1,0,0,0,0,0,0,0,0,0,0
2005,510664,1,1,20,20,20,20,20,20,20,20,20,20
2005,510665,1,1,0,0,0,0,0,0,0,0,0,0
2005,510665,2,1,0,0,0,0,0,0,0,0,0,0
2005,510666,1,1,0,0,0,0,0,0,0,0,0,0
2005,510667,0,1,4,8,12,37,6,14,26,13,34,33
2005,510667,1,1,0,0,0,0,0,0,0,0,0,0
2005,510668,1,1,0,0,25,0,0,0,0,0,0,0
2005,510668,2,1,0,0,0,0,0,0,0,0,0,0
2005,510669,1,1,0,0,0,0,0,0,0,0,0,0
2005,510670,1,1,0,0,0,0,0,0,0,0,0,0
2005,510670,2,1,0,0,0,0,0,0,0,0,0,0
2005,510671,1,1,0,0,0,0,0,0,0,0,0,0
2005,510671,2,1,0,0,0,18,0,0,0,0,0,0
2005,510672,1,1,22,10,4,2,15,1,10,20,25,11
2005,510673,1,1,23,14,28,20,31,0,11,0,22,33
2005,510674,1,1,0,19,0,0,0,0,0,0,0,12
2005,510675,1,1,0,0,0,0,0,22,27,0,10,2
2005,510675,2,1,0,0,0,0,0,0,0,0,0,0
2005,510676,1,1,13,14,13,28,28,26,24,25,19,24
2005,510677,1,1,12,39,14,24,9,16,11,6,29,22
2005,510678,0,1,3,3,3,3,3,3,3,3,3,3
2005,510678,1,1,0,0,0,0,0,0,0,0,0,0
2005,510679,1,1,0,0,0,0,0,0,0,0,0,0
2005,510679,2,1,0,0,0,0,0,0,0,0,0,0
2005,510680,1,1,0,0,0,0,0,0,0,0,0,0
2005,510680,2,1,0,0,0,0,0,0,0,0,0,0
2005,510681,1,1,15,15,15,15,15,15,15,15,15,15
2005,510683,1,1,0,0,0,0,16,0,0,17,0,0
2005,510684,1,1,25,6,25,25,24,0,12,12,0,10
2005,510685,1,1,0,28,0,0,0,0,0,0,0,0
2005,510686,1,1,14,14,0,38,0,0,0,15,0,22
2005,510687,1,1,18,16,7,14,24,13,20,10,15,0
2005,510688,1,1,0,0,0,0,0,0,0,0,0,0
2005,510689,1,1,0,0,0,0,0,0,9,0,0,0
2005,510690,1,1,0,0,0,0,0,0,42,14,0,13
2005,510691,0,1,0,0,0,0,0,0,0,0,0,0
2005,510691,1,1,0,7,0,0,11,0,13,8,0,0
2005,510692,1,1,0,0,0,0,0,0,4,0,0,0
2005,510693,1,1,0,16,36,25,24,34,0,18,19,10
2005,510694,0,1,0,0,29,0,37,0,7,9,0,19
2005,510694,1,1,0,0,0,0,10,0,0,9,2,0
2005,510695,0,1,0,0,0,0,0,0,0,0,0,0
2005,510695,1,1,0,0,0,0,0,0,0,0,0,0
2005,510696,1,1,0,4,0,0,0,0,0,11,0,0
2005,510697,1,1,0,0,0,0,0,0,14,0,0,0
2005,510698,1,1,6,19,16,19,16,26,17,12,0,21
2005,510699,1,1,0,0,0,0,0,0,0,0,0,0
2005,510699,2,1,0,0,0,0,0,0,0,0,0,9
2005,510700,1,1,22,0,28,0,0,19,18,0,0,4
2005,510700,2,1,0,0,0,0,0,0,0,0,0,0
2005,510701,1,1,0,0,0,0,0,0,0,0,0,0
2005,510701,2,1,0,0,0,0,0,0,0,0,0,0
2005,510702,1,1,0,0,0,0,0,0,0,0,0,0
2005,510702,2,1,0,0,0,0,0,0,0,0,0,0
2005,510703,1,1,0,0,0,0,0,0,0,29,0,0
2005,510703,2,1,0,0,0,0,0,0,0,0,0,0
2005,510704,1,1,0,0,0,0,0,0,0,0,0,0
2005,510704,2,1,0,0,0,0,0,0,0,0,5,0
2005,510705,1,1,25,12,21,6,20,8,27,8,22,20
2005,510706,1,1,0,0,0,0,0,0,0,0,0,0
2005,510707,1,1,8,7,0,19,0,0,0,0,0,12
2005,510708,1,1,0,0,0,0,0,0,0,0,0,0
2005,510709,1,1,0,0,3,0,0,0,0,0,0,0
2005,510710,1,1,0,0,0,0,0,0,0,0,0,0
2005,510711,1,1,0,0,0,28,0,0,0,0,0,0
2005,510712,1,1,0,7,0,0,20,0,0,0,0,16
2005,510713,1,1,0,0,0,0,0,0,0,0,0,0
2005,510713,2,1,0,0,0,0,0,0,0,0,0,0
2005,510714,1,1,0,0,0,0,0,0,0,0,0,0
2005,510715,1,1,0,0,0,0,0,0,20,0,0,0
2005,510716,1,1,10,14,29,14,12,19,24,27,18,31
2005,510717,1,1,0,0,0,0,0,0,0,0,0,0
2005,510717,2,1,0,0,0,10,19,0,0,0,6,16
2005,510718,1,1,0,0,0,0,0,0,0,0,0,0
2005,510718,2,1,0,0,0,0,0,0,0,0,0,0
2005,510718,3,1,0,0,0,0,0,0,0,0,0,0
2005,510719,1,1,22,22,22,22,22,22,22,22,22,22
2005,510720,1,1,19,19,19,19,19,19,19,19,19,19
2005,510721,1,1,0,0,0,0,0,0,0,0,4,0
2005,510721,2,1,0,0,0,0,0,0,0,0,0,5
2005,510722,1,1,0,0,0,0,0,0,0,0,0,0
2005,510722,2,1,0,0,0,0,0,0,0,0,0,0
2005,510723,0,1,0,0,0,0,0,0,0,0,0,0
2005,510723,1,1,0,0,0,0,0,0,0,0,0,0
2005,510724,0,1,0,0,0,0,0,0,0,0,0,0
2005,510724,1,1,0,0,0,0,0,0,0,0,0,0
2005,510725,1,1,0,0,9,0,0,0,0,0,0,0
2005,510726,1,1,0,0,0,0,10,0,0,0,0,0
2005,510727,1,1,9,24,0,0,22,0,27,0,11,11
2005,510728,1,1,0,0,0,0,5,0,0,14,13,0
2005,510729,1,1,12,21,7,19,21,32,29,24,26,12
2005,510730,1,1,0,0,0,0,0,8,0,22,0,0
2005,510731,1,1,0,0,0,0,0,0,0,0,28,19
2005,510732,1,1,0,0,13,13,0,0,12,0,0,0
2005,510732,2,1,0,0,0,0,0,0,0,0,0,0
2005,510732,3,1,0,0,0,0,0,0,0,7,0,0
2005,510732,4,1,0,0,0,0,0,0,0,0,0,0
2005,510733,1,1,0,0,0,0,0,0,0,0,0,0
2005,510733,2,1,0,0,0,0,0,0,0,0,0,0
2005,510734,1,1,0,0,0,0,0,0,0,0,0,0
2005,510734,2,1,0,0,0,0,0,0,0,0,0,0
2005,510734,3,1,0,0,0,0,0,0,0,0,0,0
2005,510734,4,1,0,0,0,0,0,0,0,0,0,0
2005,510735,1,1,0,14,0,31,3,0,0,15,0,0
2005,510736,1,1,0,0,0,0,0,0,0,0,0,0
2005,510737,1,1,0,0,22,15,8,0,35,22,25,15
2005,510738,1,1,0,0,0,17,7,0,0,0,0,0
2005,510739,0,1,0,0,35,0,26,0,0,0,0,0
2005,510739,1,1,50,0,0,11,0,0,15,0,16,0
2005,510740,1,1,0,0,0,0,0,0,0,0,0,0
2005,510740,2,1,0,0,0,0,0,0,0,0,0,0
2005,510741,1,1,0,0,0,0,0,0,0,0,0,0
2005,510742,1,1,18,7,13,29,0,8,12,22,22,0
2005,510743,1,1,40,13,7,32,26,28,14,12,28,13
2005,510743,2,1,0,0,0,0,0,0,0,0,0,0
2005,510744,1,1,17,24,10,19,24,9,20,45,5,4
2005,510745,1,1,25,25,25,25,25,25,25,25,25,25
2005,510746,1,1,0,0,0,0,0,0,0,0,0,0
2005,510747,1,1,0,0,0,9,0,0,0,0,0,0
2005,510748,1,1,0,0,0,0,0,0,0,0,0,0
2005,510749,1,1,0,0,0,0,0,0,0,0,0,0
2005,510749,2,1,0,0,0,0,0,0,0,0,0,0
2005,510750,1,1,0,0,0,0,0,0,0,0,0,0
2005,510751,1,1,0,0,16,9,0,0,15,0,20,0
2005,510752,1,1,0,0,0,0,0,0,0,0,0,0
2005,510753,1,1,0,0,0,0,0,0,0,0,0,0
2005,510753,2,1,0,0,0,0,0,0,0,0,0,0
2005,510754,1,1,0,0,0,0,0,0,0,0,0,0
2005,510755,1,1,0,0,0,0,0,0,0,0,0,0
2005,510755,2,1,0,0,0,0,0,0,0,0,0,0
2005,510756,1,1,0,0,0,19,0,0,15,0,25,22
2005,510757,1,1,0,0,0,0,0,0,0,0,0,0
2005,510757,2,1,0,0,0,6,0,19,0,0,0,0
2005,510758,1,1,17,0,0,16,22,14,15,15,0,8
2005,510759,1,1,0,0,0,0,0,0,0,0,0,0
2005,510759,2,1,0,0,0,0,4,0,0,0,0,0
2005,510760,0,1,0,0,24,21,33,0,24,0,20,34
2005,510760,1,1,0,0,22,0,0,0,0,17,10,0
2005,510761,0,1,0,0,0,0,0,0,0,0,0,0
2005,510761,1,1,0,0,0,0,0,0,0,0,0,0
2005,510762,1,1,0,2,12,0,20,9,0,40,27,0
2005,510762,2,1,22,10,20,14,9,16,14,7,5,0
2005,510763,1,1,0,0,0,0,0,0,0,0,0,0
2005,510764,1,1,23,0,0,23,14,0,2,0,0,9
2005,510765,1,1,13,11,34,30,15,18,36,0,26,19
2005,510766,1,1,0,14,15,0,25,26,0,35,0,0
2005,510767,1,1,0,0,0,0,11,17,0,8,0,0
2005,510768,1,1,0,0,0,0,0,0,0,0,0,0
2005,510769,1,1,0,0,0,0,0,0,42,0,0,14
2005,510770,1,1,22,15,16,10,12,15,21,14,3,14
2005,510770,2,1,7,0,0,18,0,0,0,0,0,0
2005,510770,3,1,0,0,0,0,0,0,0,0,0,0
2005,510771,1,1,13,27,20,22,25,38,27,9,34,16
2005,510772,1,1,26,17,23,16,16,23,32,27,13,9
2005,510772,2,1,0,0,0,0,0,0,0,0,0,0
2005,510773,1,1,0,0,0,0,0,0,0,0,0,0
2005,510774,1,1,7,10,19,26,9,12,14,14,18,19
2005,510775,1,1,8,28,0,0,0,10,21,0,0,22
2005,510776,1,1,0,0,0,0,0,0,0,0,0,0
2005,510777,1,1,0,0,0,11,0,0,0,0,0,0
2005,510777,2,1,0,0,0,0,0,0,0,0,0,0
2005,510778,1,1,19,31,15,26,27,9,6,30,14,15
2005,510779,1,1,0,0,0,0,0,5,0,0,0,0
2005,510779,2,1,9,0,0,4,0,0,0,0,0,0
2005,510780,1,1,0,5,0,0,14,0,26,0,0,0
2005,510781,0,1,0,0,0,0,0,0,0,0,0,0
2005,510781,1,1,0,0,0,0,0,2,0,0,0,0
2005,510782,1,1,21,7,35,11,28,0,16,9,12,14
2005,510783,1,1,0,0,0,0,0,0,0,0,0,0
2005,510783,2,1,0,0,0,0,0,0,0,0,0,0
2005,510784,1,1,0,0,0,0,0,0,0,0,0,0
2005,510784,2,1,0,0,0,0,0,0,0,0,0,0
2005,510785,1,1,2,2,2,2,2,2,2,2,2,2
2005,510786,0,1,0,29,0,23,0,42,0,0,32,19
2005,510786,1,1,0,0,0,0,0,0,0,0,0,12
2005,510787,0,1,0,0,0,0,0,0,0,0,0,0
2005,510787,1,1,0,0,22,0,0,0,0,4,0,0
2005,510788,1,1,0,0,0,0,0,0,0,0,0,0
2005,510789,1,1,0,0,0,0,0,0,0,0,12,18
2005,510789,2,1,0,0,0,12,0,0,0,0,0,0
2005,510789,3,1,0,0,0,0,0,0,0,0,0,0
2005,510790,0,1,0,13,0,0,0,0,0,0,0,0
2005,510790,1,1,0,0,0,0,0,0,0,0,0,0
2005,510791,1,1,0,0,0,0,0,0,0,0,0,0
2005,510792,1,1,14,0,0,0,0,0,0,0,0,0
2005,510792,2,1,0,0,0,0,0,0,0,9,0,0
2005,510793,1,1,0,0,0,0,0,0,0,0,0,0
2005,510794,0,1,15,32,38,24,0,0,25,17,0,14
2005,510794,0,2,1,1,1,1,1,1,1,1,1,1
2005,510794,1,1,7,6,16,16,6,28,10,17,10,0
2005,510795,1,1,0,0,0,0,0,0,0,0,0,0
2005,510795,2,1,28,0,0,13,0,29,15,0,24,18
2005,510796,1,1,11,11,11,11,11,11,11,11,11,11
2005,510797,1,1,0,0,0,0,0,0,0,0,0,0
2005,510798,1,1,9,9,9,9,9,9,9,9,9,9
2005,510799,1,1,2,2,2,2,2,2,2,2,2,2
2005,510800,1,1,0,0,0,0,0,0,0,0,0,0
2005,510800,2,1,0,0,0,0,0,0,0,0,0,0
2005,510801,0,1,22,22,37,30,29,28,22,24,26,33
2005,510801,1,1,0,0,0,0,13,0,0,0,11,0
2005,510802,1,1,0,0,0,0,0,0,0,0,0,0
2005,510803,1,1,0,0,0,0,0,0,7,0,0,0
2005,510804,1,1,0,0,0,0,0,0,16,0,0,11
2005,510805,1,1,15,8,36,21,10,24,8,28,15,29
2005,510806,1,1,0,0,17,9,24,19,0,0,0,0
2005,510807,1,1,24,16,17,18,14,18,16,15,30,16
2005,510808,1,1,0,0,0,0,2,0,0,0,0,0
2005,510809,1,1,0,0,0,0,0,0,0,0,0,0
2005,510809,2,1,0,0,0,0,0,0,0,0,0,0
2005,510810,0,1,0,0,0,0,0,0,0,0,0,0
2005,510810,1,1,0,0,0,0,0,0,0,0,0,0
2005,510811,1,1,9,11,23,19,9,9,41,22,10,15
2005,510812,0,1,0,0,0,0,0,0,0,0,0,0
2005,510812,1,1,0,0,0,0,0,0,0,0,0,0
2005,510813,1,1,10,10,10,10,10,10,10,10,10,10
2005,510814,1,1,0,0,0,0,0,0,0,0,0,0
2005,510815,1,1,0,0,0,0,0,0,0,0,0,0
2005,510816,1,1,5,0,21,18,12,13,27,36,16,31
2005,510817,1,1,0,0,0,0,0,30,0,21,0,0
2005,510818,1,1,5,5,5,5,5,5,5,5,5,5
2005,510818,2,1,0,0,0,0,0,0,0,0,0,0
2005,510819,1,1,0,0,0,15,16,0,22,0,0,19
2005,510820,1,1,0,0,0,0,0,0,0,0,0,0
2005,510820,2,1,18,0,0,18,0,0,0,17,0,0
2005,510821,1,1,0,0,0,0,0,0,0,0,0,0
2005,510821,2,1,0,0,0,0,0,0,0,0,0,0
2005,510821,3,1,0,0,0,0,0,0,0,0,0,0
2005,510822,1,1,24,7,33,17,14,13,0,12,26,13
2005,510823,1,1,0,0,8,0,0,0,0,9,0,0
2005,510823,2,1,0,11,0,0,8,0,0,0,0,0
2005,510824,1,1,0,0,0,0,0,0,0,0,0,0
2005,510824,2,1,0,0,0,0,0,0,0,0,0,0
2005,510824,3,1,0,0,0,0,0,0,0,0,0,0
2005,510825,1,1,0,0,0,0,0,0,0,0,0,0
2005,510825,2,1,11,0,0,0,0,0,0,0,0,0
2005,510826,0,1,21,21,21,21,21,21,21,21,21,21
2005,510826,1,1,24,13,0,34,0,0,36,0,11,0
2005,510827,1,1,0,0,0,0,0,0,0,0,0,0
2005,510828,0,1,0,0,0,0,0,0,0,0,0,0
2005,510828,1,1,0,0,0,0,0,0,0,0,0,0
2005,510829,1,1,0,0,0,0,0,0,0,0,0,0
2005,510829,2,1,0,0,0,0,0,0,0,0,0,0
2005,510829,3,1,0,0,0,0,0,7,0,0,0,0
2005,510830,1,1,0,0,0,0,0,0,0,0,0,0
2005,510830,2,1,0,0,0,0,0,0,0,0,0,0
2005,510831,1,1,0,0,0,0,0,0,0,0,0,0
2005,510832,1,1,0,0,0,0,0,0,0,0,0,0
2005,510832,2,1,0,0,0,0,0,0,0,0,0,0
2005,510833,1,1,0,0,0,0,0,0,0,0,0,0
2005,510834,0,1,0,0,0,0,0,0,0,0,0,0
2005,510834,1,1,0,0,0,0,0,0,0,0,0,0
2005,510835,0,1,0,0,0,5,0,0,0,24,0,0
2005,510835,1,1,0,0,0,0,6,0,0,0,0,0
2005,510836,1,1,25,25,16,20,23,27,22,19,33,23
2005,510837,1,1,0,0,0,0,0,0,0,0,0,0
2005,510837,2,1,0,0,0,0,0,0,0,0,0,0
2005,510838,1,1,7,33,45,0,19,21,20,0,25,13
2005,510838,2,1,0,28,0,0,0,0,0,0,16,26
2005,510839,1,1,24,0,0,0,0,0,0,0,0,0
2005,510840,0,1,41,10,30,8,45,21,40,10,22,31
2005,510840,1,1,0,0,0,0,2,0,0,0,0,5
2005,510841,1,1,9,4,0,0,0,0,7,0,0,0
2005,510842,1,1,0,19,19,34,0,35,16,25,21,17
2005,510843,1,1,0,0,0,12,0,0,8,9,0,0
2005,510844,1,1,0,0,0,0,0,0,0,0,0,0
2005,510844,2,1,0,0,0,0,0,0,0,0,0,0
2005,510845,0,1,0,0,0,0,0,0,0,0,0,0
2005,510845,1,1,0,14,18,16,7,10,0,0,19,0
2005,510846,1,1,11,27,0,9,17,0,5,12,17,20
2005,510846,2,1,0,0,0,0,0,0,0,0,0,0
2005,510847,1,1,0,4,0,0,0,0,0,0,0,0
2005,510848,1,1,27,19,0,0,0,9,0,0,0,0
2005,510849,0,1,20,25,20,14,19,22,30,30,7,16
2005,510849,1,1,0,0,13,0,0,5,8,0,0,0
2005,510850,0,1,25,26,27,14,31,33,22,18,29,18
2005,510850,1,1,0,0,0,0,0,0,9,0,18,0
2005,510851,1,1,0,0,0,3,0,0,0,0,0,0
2005,510851,2,1,0,0,0,0,0,0,0,0,0,0
2005,510852,1,1,9,0,0,0,0,0,0,0,0,0
2005,510852,2,1,0,0,0,0,0,0,0,12,0,7
2005,510853,0,1,0,0,0,0,18,0,9,0,0,0
2005,510853,1,1,0,0,0,0,0,0,0,0,0,0
2005,510854,1,1,0,0,0,0,6,11,13,0,0,21
2005,510854,2,1,0,0,0,0,0,0,0,0,0,0
2005,510855,0,1,0,0,0,0,0,0,0,0,0,0
2005,510855,1,1,0,0,0,0,0,0,0,0,0,0
2005,510857,1,1,0,21,0,33,0,0,22,0,22,0
2005,510858,1,1,0,0,0,0,12,0,0,0,0,0
2005,510858,2,1,0,0,0,0,0,0,0,0,0,0
2005,510859,0,1,17,0,0,0,15,26,0,0,0,16
2005,510859,1,1,0,0,0,0,0,0,0,0,0,0
2005,510860,1,1,0,13,36,15,0,25,16,0,18,25
2005,510861,0,1,0,0,0,0,0,0,21,0,0,0
2005,510861,1,1,14,0,0,0,0,0,0,0,0,0
2005,510862,1,1,0,12,0,14,12,0,27,0,19,0
2005,510863,1,1,0,0,0,0,0,0,0,0,0,0
2005,510863,2,1,0,0,0,0,0,0,0,0,0,0
2005,510864,1,1,8,30,26,28,17,21,21,17,24,22
2005,510865,1,1,0,11,7,0,0,0,19,0,0,0
2005,510865,2,1,0,0,0,0,0,0,0,0,0,0
2005,510866,1,1,0,0,0,0,0,0,0,0,0,0
2005,510866,2,1,0,0,0,0,0,0,0,0,0,0
2005,510867,0,1,0,0,11,0,0,0,0,0,0,0
2005,510867,1,1,0,0,0,0,0,0,0,0,0,0
2005,510868,0,1,27,11,26,4,10,16,8,20,15,26
2005,510868,1,1,0,0,0,0,0,0,0,0,0,0
2005,510868,2,1,0,0,0,0,0,0,0,0,6,0
2005,510869,1,1,0,0,0,0,0,0,0,0,0,0
2005,510869,2,1,0,0,0,0,0,0,0,0,0,0
2005,510870,0,1,0,0,0,0,0,0,0,0,0,0
2005,510870,1,1,0,0,0,0,0,0,0,0,0,0
2005,510871,1,1,0,0,0,0,0,0,0,0,0,0
2005,510871,2,1,0,0,0,0,0,0,0,0,0,0
2005,510872,1,1,0,0,0,0,0,0,0,0,0,0
2005,510872,2,1,0,0,0,0,0,0,0,0,0,0
2005,510872,3,1,0,0,0,0,0,0,0,0,0,0
2005,510872,4,1,0,0,0,0,0,0,0,0,0,0
2005,510873,1,1,0,7,0,0,0,24,12,0,13,22
2005,510874,1,1,7,7,7,7,7,7,7,7,7,7
2005,510875,1,1,21,21,21,21,21,21,21,21,21,21
2005,510876,0,1,22,15,44,31,30,27,12,22,14,22
2005,510876,1,1,0,0,0,0,0,0,0,0,0,0
2005,510877,0,1,20,24,45,20,38,6,21,0,21,34
2005,510877,1,1,0,0,0,0,0,0,0,7,0,0
2005,510878,1,1,23,23,23,23,23,23,23,23,23,23
2005,510879,1,1,30,15,18,18,18,4,30,22,14,0
2005,510879,2,1,0,0,0,0,0,0,0,0,0,0
2005,510880,0,1,0,0,0,0,0,0,0,0,0,0
2005,510880,1,1,16,0,45,20,20,0,0,0,0,0
2005,510881,1,1,0,0,0,0,0,0,0,0,0,0
2005,510881,2,1,0,0,0,0,0,0,0,0,0,15
2005,510882,0,1,0,0,0,0,0,0,0,0,0,0
2005,510882,1,1,0,23,0,0,0,0,30,0,0,0
2005,510883,1,1,4,4,11,0,0,21,25,12,16,13
2005,510884,0,1,0,0,0,0,0,0,0,0,0,0
2005,510884,1,1,0,0,0,0,0,0,0,0,0,0
2005,530001,0,1,0,0,0,0,0,0,0,0,0,0
2005,530001,1,1,0,0,0,0,0,0,0,0,0,0
2005,530002,1,1,13,13,13,13,13,13,13,13,13,13
2005,530003,1,1,0,0,0,0,0,0,0,0,0,0
2005,530003,2,1,0,0,0,0,0,0,0,0,0,0
2005,530004,1,1,0,0,0,0,0,0,0,0,0,0
2005,530004,2,1,0,0,0,0,0,0,0,0,0,0
2005,530005,1,1,17,17,17,17,17,17,17,17,17,17
2005,530005,2,1,0,0,0,0,0,0,0,0,0,0
2005,530006,1,1,16,16,16,16,16,16,16,16,16,16
2005,530007,1,1,19,19,19,19,19,19,19,19,19,19
2005,530007,2,1,0,0,0,0,0,0,0,0,0,0
2005,530008,1,1,8,8,8,8,8,8,8,8,8,8
2005,530009,1,1,0,0,0,0,0,0,0,0,0,0
2005,530009,2,1,0,0,0,0,0,0,0,0,0,0
2005,530010,1,1,0,0,0,0,0,0,0,0,0,0
2005,530010,2,1,0,0,0,0,0,0,0,0,0,0
2005,530011,1,1,19,19,19,19,19,19,19,19,19,19
2005,530012,1,1,18,18,18,18,18,18,18,18,18,18
2005,530012,2,1,0,0,0,0,0,0,0,0,0,0
2005,530013,1,1,0,0,0,0,0,0,0,0,0,0
2005,530013,2,1,11,0,0,19,0,0,0,11,0,0
2005,530014,0,1,1,1,1,1,1,1,1,1,1,1
2005,530014,1,1,0,0,0,0,0,0,0,0,0,0
2005,530015,1,1,13,13,13,13,13,13,13,13,13,13
2005,530016,1,1,17,17,17,17,17,17,17,17,17,17
2005,530016,2,1,0,0,0,0,0,0,0,0,0,0
2005,530017,1,1,0,0,0,0,0,0,0,0,0,0
2005,530018,1,1,0,0,0,0,0,0,0,0,0,0
2005,530018,2,1,0,0,0,0,0,0,0,0,0,0
2005,530019,1,1,15,15,15,15,15,15,15,15,15,15
2005,530020,1,1,0,0,0,0,0,0,0,2,0,0
2005,530020,2,1,0,0,0,0,0,0,0,0,0,0
2005,530021,0,1,0,0,0,0,0,0,12,0,0,0
2005,530021,1,1,15,15,15,15,15,15,15,15,15,15
2005,530022,1,1,12,12,12,12,12,12,12,12,12,12
2005,530022,2,1,0,0,0,0,0,0,0,0,0,0
2005,530022,3,1,0,17,12,0,0,11,0,0,0,0
2005,530023,1,1,25,25,25,25,25,25,25,25,25,25
2005,530024,1,1,16,16,16,16,16,16,16,16,16,16
2005,530025,1,1,0,0,0,0,0,0,0,0,0,0
2005,530026,0,1,3,0,0,0,0,0,0,12,0,0
2005,530026,1,1,0,0,0,0,0,0,0,0,0,0
2005,530027,1,1,14,14,14,14,14,14,14,14,14,14
2005,530028,0,1,0,0,0,0,0,0,0,0,0,0
2005,530028,1,1,0,0,0,0,0,0,0,0,0,9
2005,530029,1,1,0,0,0,0,0,0,0,0,0,0
2005,530029,2,1,0,0,0,0,0,0,0,0,0,0
2005,530030,0,1,32,32,32,32,32,32,32,32,32,32
2005,530030,1,1,0,0,0,0,0,10,6,0,0,0
2005,530031,1,1,26,26,26,26,26,26,26,26,26,26
2005,530031,2,1,0,0,0,0,0,0,0,19,0,0
2005,530032,1,1,0,0,0,0,0,0,0,0,0,0
2005,530033,1,1,15,15,15,15,15,15,15,15,15,15
2005,530034,1,1,5,5,5,5,5,5,5,5,5,5
2005,530034,2,1,0,0,0,0,0,0,0,0,0,0
2005,530035,1,1,0,0,0,0,0,0,0,0,0,0
2005,530035,2,1,0,0,0,0,0,0,0,0,0,0
2005,530035,3,1,0,0,0,0,0,0,0,0,0,0
2005,530036,0,1,2,2,2,2,2,2,2,2,2,2
2005,530036,1,1,0,0,0,0,0,0,0,26,0,0
2005,530037,1,1,0,0,0,0,0,0,0,0,0,0
2005,530039,1,1,0,0,0,0,0,0,0,0,0,0
2005,530039,2,1,0,0,0,0,0,0,0,0,0,0
2005,530040,1,1,0,0,0,0,0,0,0,0,0,0
2005,530040,2,1,0,0,0,0,0,0,0,0,0,0