YEAR,ST_CASE,veh_no,per_no,P1,P2,P3,P4,P5,P6,P7,P8,P9,P10
2005,530041,1,1,16,16,16,16,16,16,16,16,16,16
2005,530041,2,1,0,0,0,0,0,0,0,0,0,0
2005,530042,0,1,0,0,0,0,0,0,0,0,0,0
2005,530042,0,2,11,37,23,0,0,0,0,21,0,0
2005,530042,1,1,0,0,0,0,0,0,0,0,0,0
2005,530043,1,1,0,0,0,0,0,0,0,0,0,0
2005,530043,2,1,0,0,0,0,0,0,0,0,0,0
2005,530044,1,1,26,0,0,0,0,18,20,24,0,0
2005,530045,1,1,0,0,0,0,0,0,0,0,0,0
2005,530046,1,1,23,23,23,23,23,23,23,23,23,23
2005,530046,2,1,0,0,0,0,0,0,0,0,0,0
2005,530048,0,1,14,14,14,14,14,14,14,14,14,14
2005,530048,1,1,0,0,0,0,0,0,0,0,0,0
2005,530050,1,1,0,0,0,0,0,0,0,0,0,0
2005,530050,2,1,0,0,0,0,0,0,0,0,0,0
2005,530051,1,1,0,0,0,0,0,0,0,0,0,0
2005,530051,2,1,0,0,0,0,0,0,0,0,0,0
2005,530052,1,1,0,0,0,0,0,0,0,0,0,0
2005,530052,2,1,0,0,0,0,0,0,0,0,0,0
2005,530053,1,1,0,18,0,0,0,13,0,0,0,0
2005,530053,2,1,0,0,0,0,0,0,0,0,0,0
2005,530054,0,1,0,0,0,0,0,0,0,0,0,0
2005,530054,1,1,21,21,21,21,21,21,21,21,21,21
2005,530055,1,1,0,0,0,0,0,0,0,0,0,0
2005,530055,2,1,0,0,0,0,0,0,0,0,0,0
2005,530056,0,1,0,0,0,0,0,0,0,0,0,0
2005,530056,1,1,0,0,0,0,0,0,0,0,0,0
2005,530057,1,1,0,0,0,0,0,0,0,0,0,0
2005,530057,2,1,19,0,0,0,0,0,0,0,0,0
2005,530057,3,1,0,0,0,0,0,0,0,0,0,0
2005,530058,0,1,0,0,0,0,0,0,0,0,0,0
2005,530058,1,1,0,0,0,0,0,0,0,0,0,0
2005,530059,1,1,3,3,3,3,3,3,3,3,3,3
2005,530059,2,1,17,17,17,17,17,17,17,17,17,17
2005,530060,1,1,22,22,22,22,22,22,22,22,22,22
2005,530061,1,1,3,3,3,3,3,3,3,3,3,3
2005,530062,0,1,0,0,0,0,0,0,0,0,0,0
2005,530062,1,1,0,11,0,5,0,0,7,8,0,0
2005,530063,1,1,0,0,0,0,0,0,0,0,0,0
2005,530064,0,1,0,0,0,0,0,0,0,0,0,0
2005,530064,1,1,0,0,0,0,0,0,0,0,0,13
2005,530065,1,1,0,0,0,0,0,0,0,0,0,0
2005,530066,1,1,0,0,0,0,0,0,0,0,0,0
2005,530066,2,1,0,0,0,0,0,0,0,0,0,0
2005,530067,1,1,0,0,0,0,0,0,0,0,0,0
2005,530068,1,1,19,19,19,19,19,19,19,19,19,19
2005,530069,1,1,28,28,28,28,28,28,28,28,28,28
2005,530071,1,1,0,0,0,0,0,0,0,0,0,0
2005,530072,1,1,17,17,17,17,17,17,17,17,17,17
2005,530072,2,1,0,0,0,0,0,0,0,0,0,0
2005,530073,1,1,16,16,16,16,16,16,16,16,16,16
2005,530074,1,1,14,14,14,14,14,14,14,14,14,14
2005,530075,1,1,23,23,23,23,23,23,23,23,23,23
2005,530076,1,1,18,18,18,18,18,18,18,18,18,18
2005,530076,2,1,0,0,0,0,0,0,0,0,0,0
2005,530077,1,1,0,0,0,0,0,0,0,0,0,0
2005,530077,2,1,0,0,0,0,0,0,0,0,0,0
2005,530078,1,1,0,0,0,0,0,0,0,0,0,0
2005,530078,2,1,0,0,0,0,0,0,0,0,0,0
2005,530079,1,1,15,15,15,15,15,15,15,15,15,15
2005,530079,2,1,0,0,0,0,0,0,0,0,0,0
2005,530080,1,1,0,0,0,0,0,0,0,0,0,0
2005,530081,1,1,0,0,0,0,0,0,0,0,0,0
2005,530081,2,1,0,0,0,0,0,0,0,0,0,0
2005,530082,1,1,16,16,16,16,16,16,16,16,16,16
2005,530083,1,1,0,0,0,12,0,0,0,0,0,0
2005,530084,1,1,0,0,0,0,0,0,0,0,0,0
2005,530085,1,1,0,0,0,0,0,0,0,0,0,0
2005,530086,1,1,6,6,6,6,6,6,6,6,6,6
2005,530087,1,1,4,4,4,4,4,4,4,4,4,4
2005,530088,1,1,21,21,21,21,21,21,21,21,21,21
2005,530089,1,1,0,0,0,0,0,0,0,0,0,0
2005,530089,2,1,0,0,0,0,0,0,21,0,0,0
2005,530090,1,1,0,0,0,0,0,0,0,0,0,0
2005,530090,2,1,0,0,0,0,0,0,0,0,0,0
2005,530090,3,1,0,0,0,0,0,0,0,0,0,0
2005,530091,1,1,15,15,15,15,15,15,15,15,15,15
2005,530091,2,1,0,0,0,0,0,0,0,0,0,0
2005,530091,3,1,0,0,0,0,0,0,0,13,0,0
2005,530092,1,1,17,17,17,17,17,17,17,17,17,17
2005,530093,1,1,17,17,17,17,17,17,17,17,17,17
2005,530094,1,1,18,18,18,18,18,18,18,18,18,18
2005,530095,1,1,0,0,0,0,0,0,0,0,0,0
2005,530096,1,1,20,20,20,20,20,20,20,20,20,20
2005,530097,1,1,18,18,18,18,18,18,18,18,18,18
2005,530097,2,1,0,0,0,0,0,0,0,0,0,0
2005,530098,1,1,5,0,0,0,0,0,0,0,0,0
2005,530098,2,1,0,0,0,0,0,0,0,0,0,0
2005,530099,1,1,19,19,19,19,19,19,19,19,19,19
2005,530099,2,1,0,19,0,0,0,0,0,0,0,0
2005,530101,1,1,28,28,28,28,28,28,28,28,28,28
2005,530101,2,1,0,0,0,0,0,0,0,0,0,0
2005,530102,1,1,0,0,0,0,0,0,0,0,0,0
2005,530103,0,1,0,0,0,0,0,0,0,0,0,0
2005,530103,1,1,0,0,0,0,0,0,0,0,0,0
2005,530104,1,1,0,0,0,0,0,0,0,0,0,0
2005,530104,2,1,0,0,0,0,0,0,0,0,0,0
2005,530104,3,1,0,0,0,0,0,0,0,0,0,0
2005,530105,0,1,0,0,0,0,19,0,0,0,0,0
2005,530106,1,1,17,17,17,17,17,17,17,17,17,17
2005,530106,2,1,0,0,0,0,0,0,0,0,0,0
2005,530107,1,1,11,0,0,0,0,0,0,0,0,0
2005,530107,2,1,0,0,0,0,0,0,0,0,0,0
2005,530107,3,1,0,0,0,0,0,0,0,0,0,0
2005,530108,1,1,0,0,0,0,0,0,0,0,0,0
2005,530108,2,1,0,0,0,0,0,0,0,0,0,0
2005,530109,1,1,0,0,0,0,0,0,0,0,0,0
2005,530109,2,1,0,0,0,0,0,0,0,0,0,0
2005,530111,0,1,0,0,0,0,0,0,0,0,0,0
2005,530111,1,1,0,0,0,0,0,0,0,0,0,0
2005,530112,1,1,0,0,0,0,0,0,13,0,0,0
2005,530113,1,1,0,0,0,0,0,0,0,0,0,0
2005,530114,0,1,0,0,0,0,0,0,0,0,0,0
2005,530114,1,1,0,0,0,0,0,0,0,0,0,0
2005,530115,1,1,11,11,11,11,11,11,11,11,11,11
2005,530116,1,1,23,23,23,23,23,23,23,23,23,23
2005,530116,2,1,0,0,0,0,0,0,0,0,0,0
2005,530117,1,1,0,0,0,0,0,0,0,0,0,0
2005,530118,1,1,0,0,0,0,0,0,0,0,0,0
2005,530119,1,1,0,0,0,0,0,0,0,0,0,0
2005,530119,2,1,0,0,0,0,0,0,0,0,0,0
2005,530119,3,1,0,0,0,0,0,0,0,0,0,0
2005,530120,1,1,0,0,0,0,0,0,0,0,0,0
2005,530120,2,1,0,0,0,0,0,0,0,0,0,0
2005,530121,1,1,21,21,21,21,21,21,21,21,21,21
2005,530122,1,1,10,10,10,10,10,10,10,10,10,10
2005,530122,2,1,0,0,0,0,0,0,0,0,0,0
2005,530122,3,1,0,0,0,0,0,0,0,0,0,0
2005,530123,1,1,0,0,0,25,0,0,0,0,0,0
2005,530123,2,1,0,0,0,0,0,12,0,0,0,0
2005,530123,3,1,5,0,0,0,0,0,0,0,0,0
2005,530123,4,1,0,0,0,0,0,0,0,0,0,0
2005,530124,1,1,0,0,0,0,0,0,0,0,0,0
2005,530124,2,1,0,0,2,0,0,0,0,0,0,0
2005,530125,1,1,12,12,12,12,12,12,12,12,12,12
2005,530126,1,1,14,14,14,14,14,14,14,14,14,14
2005,530127,1,1,45,41,17,12,14,0,22,0,16,18
2005,530127,2,1,0,0,0,0,0,0,0,0,12,0
2005,530127,3,1,2,9,0,0,0,0,0,0,0,0
2005,530128,1,1,20,20,20,20,20,20,20,20,20,20
2005,530129,1,1,23,23,23,23,23,23,23,23,23,23
2005,530130,1,1,15,15,15,15,15,15,15,15,15,15
2005,530131,1,1,23,23,23,23,23,23,23,23,23,23
2005,530132,0,1,0,0,0,0,0,0,0,0,0,0
2005,530132,1,1,0,0,6,0,0,0,0,0,0,0
2005,530133,0,1,0,0,0,0,0,0,0,0,0,0
2005,530133,1,1,0,0,0,0,0,0,0,0,0,0
2005,530134,1,1,4,0,0,0,0,0,0,26,0,0
2005,530135,1,1,17,17,17,17,17,17,17,17,17,17
2005,530136,1,1,23,23,23,23,23,23,23,23,23,23
2005,530137,0,1,0,0,0,0,0,0,0,0,0,0
2005,530137,1,1,0,0,0,0,0,0,0,0,0,0
2005,530138,1,1,0,0,0,0,0,0,0,0,0,0
2005,530139,1,1,21,21,21,21,21,21,21,21,21,21
2005,530140,0,1,23,23,23,23,23,23,23,23,23,23
2005,530140,1,1,0,0,0,0,0,0,0,0,0,0
2005,530142,1,1,0,0,0,0,0,0,0,0,0,0
2005,530143,1,1,0,0,0,0,0,0,0,0,0,0
2005,530143,2,1,0,0,0,0,0,0,0,0,0,0
2005,530144,1,1,0,0,0,0,0,0,0,0,0,0
2005,530145,0,1,0,0,0,0,0,0,0,0,0,0
2005,530145,1,1,0,0,0,0,0,0,0,0,0,0
2005,530146,1,1,0,0,0,0,0,0,0,0,0,0
2005,530146,2,1,0,0,0,0,0,0,0,0,0,0
2005,530147,1,1,0,0,0,0,0,0,0,0,0,0
2005,530148,1,1,0,0,0,0,0,0,0,0,0,0
2005,530149,1,1,17,17,17,17,17,17,17,17,17,17
2005,530150,1,1,0,0,0,0,0,0,0,0,0,0
2005,530151,1,1,5,5,5,5,5,5,5,5,5,5
2005,530152,1,1,0,0,0,0,0,0,0,0,0,0
2005,530152,2,1,0,0,0,0,0,0,0,0,0,0
2005,530153,1,1,21,21,21,21,21,21,21,21,21,21
2005,530154,1,1,16,16,16,16,16,16,16,16,16,16
2005,530154,2,1,0,0,0,0,0,0,0,0,0,0
2005,530155,1,1,0,0,0,0,0,0,0,0,0,0
2005,530156,1,1,0,0,0,0,0,0,0,0,0,0
2005,530156,2,1,0,0,0,0,0,0,0,0,0,0
2005,530157,1,1,0,0,0,0,0,0,0,0,0,0
2005,530157,2,1,0,0,0,0,0,0,0,0,0,0
2005,530158,1,1,11,10,33,0,12,14,11,22,16,9
2005,530158,2,1,0,21,26,17,16,17,4,0,16,15
2005,530159,1,1,22,17,15,0,27,30,27,0,23,29
2005,530160,1,1,0,0,0,0,0,0,0,0,0,0
2005,530161,1,1,12,12,12,12,12,12,12,12,12,12
2005,530162,1,1,14,14,14,14,14,14,14,14,14,14
2005,530162,2,1,0,0,0,0,0,0,0,0,0,0
2005,530163,1,1,0,0,0,0,0,0,0,0,22,0
2005,530164,1,1,18,18,18,18,18,18,18,18,18,18
2005,530165,1,1,0,0,0,0,0,0,17,0,0,0
2005,530165,2,1,0,0,0,0,0,0,0,0,8,0
2005,530165,3,1,0,0,0,0,0,0,0,0,0,0
2005,530166,1,1,0,0,0,0,0,0,0,0,0,0
2005,530167,1,1,0,0,0,0,0,0,0,0,0,0
2005,530167,2,1,0,0,0,0,0,0,0,0,0,0
2005,530168,1,1,9,9,9,9,9,9,9,9,9,9
2005,530169,1,1,0,0,0,0,0,0,0,0,0,0
2005,530169,2,1,0,0,0,0,0,0,0,0,0,0
2005,530170,1,1,19,19,19,19,19,19,19,19,19,19
2005,530171,0,1,11,11,11,11,11,11,11,11,11,11
2005,530171,1,1,18,18,18,18,18,18,18,18,18,18
2005,530172,1,1,0,0,0,0,0,0,0,0,0,0
2005,530172,2,1,0,0,0,0,0,0,0,0,0,0
2005,530173,1,1,0,0,0,0,0,0,0,0,0,0
2005,530173,2,1,0,0,0,0,0,0,0,0,0,0
2005,530174,0,1,0,0,0,0,0,0,0,0,0,0
2005,530174,1,1,0,0,0,0,0,0,0,0,0,0
2005,530175,1,1,15,15,15,15,15,15,15,15,15,15
2005,530175,2,1,0,0,0,0,0,0,0,0,0,2
2005,530175,3,1,0,0,0,0,0,0,0,0,0,0
2005,530176,1,1,0,0,0,0,0,0,0,0,0,0
2005,530176,2,1,0,0,0,0,0,0,0,0,0,0
2005,530177,0,1,54,54,54,54,54,54,54,54,54,54
2005,530177,1,1,0,0,0,0,0,0,0,0,0,0
2005,530178,1,1,0,0,0,0,0,0,0,0,0,0
2005,530178,2,1,0,0,0,0,0,0,0,0,0,0
2005,530178,3,1,0,0,0,0,0,0,0,0,0,0
2005,530179,1,1,0,0,0,0,0,0,0,0,0,0
2005,530180,1,1,0,0,0,0,0,0,0,0,0,0
2005,530181,1,1,0,0,0,0,0,0,0,0,0,0
2005,530181,2,1,0,0,0,0,0,0,0,0,0,0
2005,530182,0,1,0,0,0,0,0,0,0,0,0,0
2005,530182,1,1,0,0,0,0,0,0,0,0,0,0
2005,530183,1,1,0,0,0,0,0,0,0,0,0,0
2005,530184,1,1,0,0,0,0,0,0,0,0,0,0
2005,530184,2,1,0,0,0,0,0,0,0,0,0,0
2005,530185,1,1,0,0,0,0,0,0,0,0,0,0
2005,530186,1,1,0,0,0,0,0,0,0,0,0,0
2005,530187,0,1,0,0,0,0,0,0,0,0,0,0
2005,530187,1,1,0,0,0,21,0,0,0,0,0,0
2005,530188,1,1,13,13,13,13,13,13,13,13,13,13
2005,530189,1,1,0,0,0,0,0,0,0,0,0,0
2005,530190,0,1,0,0,0,0,0,0,0,0,0,0
2005,530190,1,1,4,4,4,4,4,4,4,4,4,4
2005,530191,0,1,0,0,0,0,0,0,0,0,0,0
2005,530191,1,1,0,0,0,0,0,0,0,0,0,0
2005,530192,1,1,0,0,0,0,0,0,0,0,0,0
2005,530193,1,1,20,20,20,20,20,20,20,20,20,20
2005,530194,1,1,19,19,19,19,19,19,19,19,19,19
2005,530195,1,1,4,0,14,8,32,14,0,0,13,0
2005,530196,1,1,0,26,0,0,0,12,34,20,17,0
2005,530196,2,1,0,0,0,17,9,0,0,0,0,0
2005,530197,1,1,0,0,26,17,8,23,18,18,31,13
2005,530198,1,1,0,0,0,0,0,0,0,0,0,0
2005,530198,2,1,0,0,0,0,0,0,17,0,0,0
2005,530199,1,1,0,0,0,0,0,0,0,0,0,0
2005,530200,1,1,0,0,0,0,0,0,0,0,0,0
2005,530200,2,1,0,0,0,0,0,0,0,0,0,0
2005,530201,1,1,0,0,0,0,0,0,0,0,0,0
2005,530201,2,1,0,0,0,0,0,0,0,0,0,0
2005,530202,1,1,12,17,10,15,16,18,16,25,15,11
2005,530202,2,1,0,0,0,0,0,0,0,0,0,0
2005,530203,1,1,0,0,0,0,0,0,0,0,0,0
2005,530203,2,1,0,0,0,0,18,0,0,0,0,0
2005,530204,1,1,12,42,18,12,33,15,29,7,29,8
2005,530204,2,1,0,0,0,0,0,0,0,0,0,0
2005,530205,1,1,14,0,0,0,0,0,0,0,0,0
2005,530205,2,1,0,0,0,0,0,0,0,0,0,0
2005,530205,3,1,0,0,0,0,0,0,0,0,0,0
2005,530206,1,1,0,0,0,0,0,0,0,0,0,0
2005,530207,1,1,0,0,0,0,0,0,0,0,0,0
2005,530207,2,1,0,0,6,0,0,0,0,0,0,0
2005,530208,1,1,27,27,27,27,27,27,27,27,27,27
2005,530209,1,1,4,0,11,0,3,0,0,2,6,0
2005,530209,2,1,0,0,0,0,0,0,0,0,0,0
2005,530210,0,1,4,4,4,4,4,4,4,4,4,4
2005,530210,1,1,0,0,0,0,0,0,0,17,0,0
2005,530211,1,1,3,3,3,3,3,3,3,3,3,3
2005,530212,1,1,0,0,0,0,0,15,0,0,0,0
2005,530212,2,1,16,16,16,16,16,16,16,16,16,16
2005,530213,1,1,0,0,0,0,0,0,0,0,0,0
2005,530213,2,1,0,0,0,0,0,0,0,0,0,0
2005,530213,3,1,0,0,0,0,0,0,0,0,0,0
2005,530214,1,1,0,0,0,0,0,0,0,0,0,0
2005,530214,2,1,0,0,0,0,0,0,0,0,0,0
2005,530215,1,1,0,0,0,0,0,0,0,0,0,0
2005,530215,2,1,0,0,0,0,0,0,0,0,0,0
2005,530216,1,1,21,21,21,21,21,21,21,21,21,21
2005,530217,1,1,15,15,15,15,15,15,15,15,15,15
2005,530217,2,1,0,0,0,0,0,0,13,0,0,0
2005,530218,1,1,15,15,15,15,15,15,15,15,15,15
2005,530218,2,1,0,0,0,0,0,0,0,0,0,0
2005,530219,1,1,21,21,21,21,21,21,21,21,21,21
2005,530220,1,1,0,0,0,0,0,0,0,0,0,0
2005,530221,1,1,0,0,0,0,0,0,0,0,0,0
2005,530221,2,1,0,0,0,0,0,0,0,0,0,0
2005,530221,3,1,0,0,0,0,0,0,0,0,0,0
2005,530221,4,1,0,13,0,0,13,0,0,0,0,0
2005,530221,5,1,0,0,0,0,0,0,0,0,0,0
2005,530222,0,1,0,0,0,0,0,0,0,0,0,0
2005,530222,1,1,0,0,0,0,0,0,0,0,0,0
2005,530223,0,1,0,0,0,0,0,0,0,0,0,0
2005,530223,1,1,0,0,0,0,0,0,0,0,0,0
2005,530224,1,1,12,12,12,12,12,12,12,12,12,12
2005,530225,1,1,17,17,17,17,17,17,17,17,17,17
2005,530225,2,1,0,0,0,0,0,0,0,0,0,0
2005,530226,1,1,15,15,15,15,15,15,15,15,15,15
2005,530226,2,1,0,0,0,0,0,0,0,0,0,0
2005,530227,1,1,0,0,0,0,0,0,0,0,0,0
2005,530228,1,1,18,18,18,18,18,18,18,18,18,18
2005,530229,1,1,0,0,0,0,0,0,0,0,0,0
2005,530230,1,1,21,21,21,21,21,21,21,21,21,21
2005,530231,0,1,0,0,0,0,0,0,0,0,0,0
2005,530231,1,1,0,0,0,0,0,0,0,0,0,0
2005,530232,1,1,0,0,0,0,0,0,0,0,0,0
2005,530232,2,1,0,0,0,0,0,0,0,0,0,0
2005,530232,3,1,0,0,0,8,0,0,0,0,0,0
2005,530233,1,1,7,7,7,7,7,7,7,7,7,7
2005,530234,1,1,24,24,24,24,24,24,24,24,24,24
2005,530235,1,1,0,0,0,20,0,17,0,0,0,0
2005,530235,2,1,0,0,0,0,0,0,0,0,0,0
2005,530236,1,1,0,0,0,0,0,0,0,0,0,0
2005,530236,2,1,0,0,0,0,0,0,0,0,0,0
2005,530237,1,1,0,0,8,0,0,0,19,0,0,0
2005,530238,1,1,0,0,0,0,0,0,0,0,0,0
2005,530239,1,1,5,5,5,5,5,5,5,5,5,5
2005,530239,2,1,0,0,0,0,0,0,0,0,0,0
2005,530239,3,1,0,0,0,0,0,0,0,0,0,0
2005,530240,1,1,19,19,19,19,19,19,19,19,19,19
2005,530241,1,1,11,0,5,0,0,14,10,0,0,6
2005,530242,1,1,18,18,18,18,18,18,18,18,18,18
2005,530243,0,1,21,21,21,21,21,21,21,21,21,21
2005,530243,1,1,0,0,0,0,0,0,0,0,0,0
2005,530244,1,1,28,28,28,28,28,28,28,28,28,28
2005,530245,1,1,0,0,0,0,0,0,0,0,0,0
2005,530246,1,1,0,0,0,0,0,0,0,0,0,0
2005,530247,1,1,0,0,0,0,0,0,0,0,0,0
2005,530248,0,1,21,21,21,21,21,21,21,21,21,21
2005,530248,1,1,0,0,0,0,0,0,0,0,0,0
2005,530249,1,1,0,0,0,0,0,0,0,0,0,0
2005,530249,2,1,0,0,7,0,0,0,0,0,0,0
2005,530250,1,1,0,0,0,0,5,0,0,0,0,0
2005,530251,1,1,0,11,0,0,0,0,0,0,0,0
2005,530251,2,1,0,0,0,0,0,0,0,0,0,0
2005,530252,0,1,0,0,0,0,0,0,0,0,0,0
2005,530252,1,1,0,0,0,0,0,0,0,0,0,0
2005,530253,1,1,0,0,0,0,0,0,0,0,0,0
2005,530254,1,1,0,0,0,0,0,0,0,0,0,0
2005,530255,0,1,0,0,0,0,0,0,0,0,0,0
2005,530255,1,1,0,0,13,13,6,10,3,6,7,0
2005,530256,0,1,0,0,0,0,0,0,0,0,0,0
2005,530256,1,1,0,0,0,0,0,0,0,0,0,0
2005,530257,1,1,0,0,0,0,0,0,0,0,0,0
2005,530257,2,1,0,0,0,0,0,0,0,0,0,0
2005,530258,1,1,0,0,0,0,13,0,0,13,0,0
2005,530258,2,1,0,35,0,13,0,0,0,0,11,0
2005,530259,0,1,0,0,0,0,0,0,0,0,0,0
2005,530259,1,1,0,0,0,0,0,0,0,0,48,0
2005,530260,1,1,26,26,26,26,26,26,26,26,26,26
2005,530260,2,1,0,0,0,0,0,0,0,0,0,0
2005,530261,1,1,13,0,0,0,0,0,0,5,22,0
2005,530262,1,1,0,0,0,17,0,10,0,24,0,0
2005,530262,2,1,0,0,0,34,0,0,0,0,0,0
2005,530263,1,1,18,18,18,18,18,18,18,18,18,18
2005,530264,1,1,21,21,21,21,21,21,21,21,21,21
2005,530265,1,1,12,12,12,12,12,12,12,12,12,12
2005,530265,2,1,0,0,0,0,0,0,0,0,0,3
2005,530266,1,1,8,23,21,12,21,10,14,9,5,23
2005,530267,1,1,13,13,13,13,13,13,13,13,13,13
2005,530268,1,1,0,0,0,0,0,0,0,0,0,0
2005,530268,2,1,0,0,0,0,0,0,0,0,0,0
2005,530268,3,1,0,0,0,0,0,0,0,0,0,0
2005,530269,1,1,0,0,0,0,0,0,0,0,0,0
2005,530269,2,1,0,0,0,0,0,0,0,0,0,0
2005,530270,1,1,0,0,0,0,0,0,0,0,0,0
2005,530271,1,1,0,0,0,0,0,0,0,0,0,0
2005,530271,2,1,1,1,1,1,1,1,1,1,1,1
2005,530272,1,1,0,0,0,0,0,0,0,0,0,0
2005,530273,1,1,11,11,11,11,11,11,11,11,11,11
2005,530274,1,1,24,24,24,24,24,24,24,24,24,24
2005,530275,1,1,19,19,19,19,19,19,19,19,19,19
2005,530276,1,1,12,12,12,12,12,12,12,12,12,12
2005,530277,1,1,26,26,26,26,26,26,26,26,26,26
2005,530278,1,1,0,0,0,0,17,0,0,0,0,4
2005,530279,1,1,13,13,13,13,13,13,13,13,13,13
2005,530280,1,1,0,0,0,0,0,0,0,0,0,0
2005,530280,2,1,0,0,0,0,0,0,0,0,0,0
2005,530281,1,1,0,0,0,0,0,0,0,0,0,0
2005,530281,2,1,0,0,0,0,0,0,0,0,0,0
2005,530281,3,1,0,0,0,0,0,0,0,0,0,0
2005,530282,1,1,0,0,0,0,0,0,0,0,0,0
2005,530282,2,1,1,1,1,1,1,1,1,1,1,1
2005,530283,1,1,38,38,38,38,38,38,38,38,38,38
2005,530283,2,1,0,0,0,0,0,0,10,0,0,0
2005,530284,1,1,0,0,0,0,0,0,0,0,0,0
2005,530284,2,1,0,0,0,0,0,0,0,0,0,0
2005,530284,3,1,0,0,9,0,0,0,0,0,0,0
2005,530285,1,1,16,16,16,16,16,16,16,16,16,16
2005,530286,1,1,16,15,18,6,23,8,26,12,8,13
2005,530286,2,1,0,0,0,0,0,0,0,0,0,0
2005,530287,1,1,0,0,0,0,0,0,0,0,0,0
2005,530287,2,1,0,0,0,0,0,0,0,0,0,0
2005,530288,1,1,12,12,12,12,12,12,12,12,12,12
2005,530289,1,1,0,0,0,0,0,0,0,0,0,0
2005,530289,2,1,0,0,0,0,0,0,0,0,0,0
2005,530289,3,1,0,0,0,0,0,0,0,0,0,0
2005,530290,1,1,0,0,0,0,0,0,0,0,0,0
2005,530290,2,1,0,0,0,0,0,0,0,0,0,0
2005,530291,1,1,13,13,13,13,13,13,13,13,13,13
2005,530292,1,1,13,13,13,13,13,13,13,13,13,13
2005,530293,1,1,0,0,0,0,0,0,0,0,0,0
2005,530294,1,1,4,4,4,4,4,4,4,4,4,4
2005,530295,1,1,0,0,0,0,0,0,0,0,0,0
2005,530296,1,1,0,0,0,0,0,0,0,0,0,0
2005,530296,2,1,0,0,0,0,0,0,0,0,0,0
2005,530297,1,1,0,0,0,0,0,0,0,0,0,0
2005,530298,1,1,0,0,0,0,0,0,0,0,0,0
2005,530299,1,1,2,2,2,2,2,2,2,2,2,2
2005,530299,2,1,4,4,4,4,4,4,4,4,4,4
2005,530300,0,1,0,0,0,0,0,0,0,0,0,0
2005,530300,1,1,0,0,0,0,0,0,0,0,0,0
2005,530300,2,1,0,0,0,0,0,0,0,0,0,0
2005,530301,0,1,0,0,0,0,0,0,0,0,0,0
2005,530301,1,1,23,23,23,23,23,23,23,23,23,23
2005,530302,0,1,0,0,0,0,0,0,0,0,0,0
2005,530302,1,1,0,7,0,0,0,0,0,0,0,0
2005,530303,0,1,0,0,0,0,0,0,0,0,0,0
2005,530303,1,1,0,0,0,0,0,0,0,0,0,0
2005,530304,1,1,0,0,0,0,0,0,0,0,0,0
2005,530304,2,1,0,0,0,0,0,0,0,0,0,0
2005,530305,1,1,10,10,10,10,10,10,10,10,10,10
2005,530306,1,1,0,0,0,0,0,0,0,0,0,0
2005,530307,1,1,0,0,0,0,0,0,0,0,0,0
2005,530307,2,1,0,0,0,0,0,4,0,0,0,0
2005,530308,1,1,0,0,0,0,0,0,0,0,0,0
2005,530309,1,1,0,0,0,0,0,0,0,0,0,0
2005,530310,1,1,25,25,25,25,25,25,25,25,25,25
2005,530311,1,1,12,12,12,12,12,12,12,12,12,12
2005,530311,2,1,12,0,6,5,6,8,4,6,0,7
2005,530312,1,1,0,0,0,0,0,0,0,0,0,0
2005,530312,2,1,0,0,0,0,0,0,0,0,0,0
2005,530313,1,1,0,0,0,0,0,0,0,0,0,0
2005,530314,1,1,3,3,3,3,3,3,3,3,3,3
2005,530315,1,1,0,0,0,0,0,0,0,0,0,0
2005,530315,2,1,0,0,0,0,0,0,0,0,0,0
2005,530316,1,1,0,0,0,0,0,0,0,0,0,0
2005,530317,1,1,0,0,0,0,0,0,0,0,0,0
2005,530317,2,1,0,0,0,0,0,0,0,0,0,0
2005,530317,3,1,0,0,0,0,0,0,0,0,0,0
2005,530318,1,1,41,41,41,41,41,41,41,41,41,41
2005,530318,2,1,0,0,0,0,13,0,0,0,0,0
2005,530318,3,1,0,0,0,0,0,0,0,0,0,0
2005,530319,1,1,13,13,13,13,13,13,13,13,13,13
2005,530320,0,1,33,33,33,33,33,33,33,33,33,33
2005,530320,1,1,0,0,0,0,0,0,0,0,0,0
2005,530321,1,1,0,0,0,0,0,0,0,0,0,0
2005,530321,2,1,0,0,0,0,0,0,0,0,0,0
2005,530321,3,1,0,0,0,0,0,0,0,0,0,0
2005,530322,1,1,0,0,0,0,9,0,0,0,0,0
2005,530322,2,1,0,0,0,0,0,0,0,0,0,0
2005,530323,1,1,0,0,0,0,0,0,0,0,0,0
2005,530323,2,1,0,0,0,0,0,0,0,0,0,0
2005,530324,1,1,34,34,34,34,34,34,34,34,34,34
2005,530324,2,1,0,0,0,0,0,0,0,0,0,0
2005,530324,3,1,0,0,0,0,0,0,0,0,0,0
2005,530324,4,1,0,0,0,0,0,0,0,0,0,0
2005,530325,1,1,4,0,7,11,3,0,9,0,13,12
2005,530325,2,1,0,0,0,0,0,0,0,0,0,0
2005,530326,1,1,14,14,14,14,14,14,14,14,14,14