YEAR,ST_CASE,veh_no,per_no,P1,P2,P3,P4,P5,P6,P7,P8,P9,P10
2005,530327,1,1,9,9,9,9,9,9,9,9,9,9
2005,530329,1,1,3,3,3,3,3,3,3,3,3,3
2005,530330,0,1,0,0,0,0,0,0,0,0,0,0
2005,530330,1,1,0,0,0,0,0,0,0,0,0,0
2005,530331,1,1,0,0,0,0,0,0,0,0,0,0
2005,530331,2,1,0,0,0,0,0,0,0,0,0,0
2005,530332,1,1,11,11,11,11,11,11,11,11,11,11
2005,530333,1,1,0,0,0,0,0,0,0,0,0,0
2005,530334,1,1,0,0,0,0,0,0,0,0,0,0
2005,530335,1,1,22,22,22,22,22,22,22,22,22,22
2005,530336,1,1,0,0,0,0,0,0,0,0,0,0
2005,530337,1,1,0,0,0,0,0,0,0,0,0,0
2005,530337,2,1,0,0,0,0,0,0,0,0,0,0
2005,530338,1,1,15,15,15,15,15,15,15,15,15,15
2005,530339,1,1,0,0,0,0,0,0,0,0,0,0
2005,530339,2,1,0,0,0,0,0,0,0,0,0,0
2005,530340,1,1,0,0,0,0,0,0,0,0,13,0
2005,530341,1,1,19,19,19,19,19,19,19,19,19,19
2005,530342,1,1,17,17,17,17,17,17,17,17,17,17
2005,530343,0,1,0,0,0,0,0,0,0,0,0,0
2005,530343,1,1,0,0,0,0,0,0,0,0,0,0
2005,530343,2,1,0,0,0,0,0,0,0,0,0,0
2005,530344,1,1,16,16,16,16,16,16,16,16,16,16
2005,530345,1,1,0,0,0,0,0,0,0,0,0,0
2005,530346,1,1,0,0,0,0,0,0,0,0,0,0
2005,530347,1,1,13,13,13,13,13,13,13,13,13,13
2005,530348,1,1,18,18,18,18,18,18,18,18,18,18
2005,530349,1,1,0,0,0,0,0,0,0,0,0,0
2005,530349,2,1,0,0,0,0,0,0,0,0,0,0
2005,530350,1,1,0,0,0,0,0,0,0,0,0,0
2005,530351,0,1,0,0,0,0,0,0,0,0,0,0
2005,530351,1,1,0,0,0,5,0,0,0,0,0,0
2005,530352,1,1,0,0,0,0,0,0,0,0,0,0
2005,530352,2,1,0,0,21,0,0,23,0,0,0,0
2005,530353,1,1,11,11,11,11,11,11,11,11,11,11
2005,530354,1,1,12,12,12,12,12,12,12,12,12,12
2005,530355,1,1,18,18,18,18,18,18,18,18,18,18
2005,530356,1,1,0,0,0,0,0,0,0,0,0,0
2005,530356,2,1,0,0,0,0,0,0,0,0,0,0
2005,530357,0,1,11,11,11,11,11,11,11,11,11,11
2005,530357,1,1,0,0,22,31,23,0,0,0,6,10
2005,530358,1,1,5,5,5,5,5,5,5,5,5,5
2005,530358,2,1,0,0,0,0,11,0,0,0,0,0
2005,530359,1,1,17,17,17,17,17,17,17,17,17,17
2005,530359,2,1,0,0,0,0,0,0,0,0,0,0
2005,530360,1,1,0,0,0,0,0,0,0,0,0,0
2005,530360,2,1,0,0,0,0,0,0,0,0,0,0
2005,530361,1,1,22,22,22,22,22,22,22,22,22,22
2005,530361,2,1,13,13,13,13,13,13,13,13,13,13
2005,530362,1,1,0,0,0,0,0,0,0,0,0,0
2005,530362,2,1,0,0,0,0,0,0,0,0,0,0
2005,530362,3,1,0,0,0,14,0,8,0,0,0,0
2005,530363,1,1,21,21,21,21,21,21,21,21,21,21
2005,530364,1,1,0,0,0,0,0,0,0,0,0,0
2005,530365,0,1,0,0,0,0,37,0,0,0,19,0
2005,530365,1,1,0,0,0,0,0,0,0,0,0,0
2005,530366,1,1,19,15,0,15,23,29,31,19,10,20
2005,530367,1,1,0,0,0,0,0,0,0,0,0,0
2005,530367,2,1,0,0,0,0,0,0,0,0,0,0
2005,530367,3,1,0,0,0,0,0,0,0,0,0,0
2005,530368,1,1,0,0,0,0,0,0,0,0,0,0
2005,530368,2,1,0,0,0,0,0,0,0,0,0,0
2005,530369,1,1,20,20,20,20,20,20,20,20,20,20
2005,530370,1,1,0,0,0,0,0,0,0,0,0,0
2005,530371,1,1,0,0,0,0,0,0,0,0,0,0
2005,530372,1,1,0,0,0,0,0,0,0,0,0,0
2005,530372,2,1,0,0,0,0,0,0,0,0,0,0
2005,530373,1,1,17,17,17,17,17,17,17,17,17,17
2005,530373,2,1,0,0,0,0,0,0,0,0,0,0
2005,530373,3,1,0,0,0,0,0,0,0,0,0,0
2005,530374,1,1,15,15,15,15,15,15,15,15,15,15
2005,530375,1,1,20,20,20,20,20,20,20,20,20,20
2005,530376,0,1,0,0,0,0,0,0,0,0,0,0
2005,530376,0,2,0,0,0,0,0,0,0,0,0,0
2005,530376,1,1,0,0,0,0,0,0,0,0,0,0
2005,530377,1,1,18,18,18,18,18,18,18,18,18,18
2005,530377,2,1,0,0,0,0,0,0,0,0,0,0
2005,530377,4,1,0,0,0,0,0,0,0,0,0,0
2005,530378,1,1,0,0,0,0,0,0,0,0,0,0
2005,530380,1,1,0,0,0,0,0,0,0,0,0,0
2005,530381,1,1,0,0,0,0,0,0,0,0,0,0
2005,530381,2,1,0,0,0,0,0,0,0,0,0,0
2005,530381,3,1,0,0,0,0,0,0,0,0,0,0
2005,530382,1,1,13,13,13,13,13,13,13,13,13,13
2005,530383,1,1,18,18,18,18,18,18,18,18,18,18
2005,530383,2,1,0,0,0,0,0,0,0,0,0,0
2005,530384,1,1,3,3,3,3,3,3,3,3,3,3
2005,530384,2,1,0,0,0,0,0,0,0,0,0,0
2005,530385,1,1,0,0,0,0,0,0,0,20,0,0
2005,530385,2,1,0,0,0,0,0,0,0,0,0,0
2005,530386,1,1,0,0,0,0,0,0,0,0,0,0
2005,530386,2,1,14,0,0,0,0,0,0,0,0,0
2005,530387,1,1,16,16,16,16,16,16,16,16,16,16
2005,530388,1,1,0,0,0,0,0,0,0,0,0,0
2005,530389,1,1,15,15,15,15,15,15,15,15,15,15
2005,530390,1,1,0,0,0,0,0,0,0,0,0,0
2005,530390,2,1,0,0,0,0,0,0,0,0,0,7
2005,530391,1,1,11,0,11,22,14,21,5,19,6,15
2005,530392,1,1,0,0,0,0,0,0,8,0,0,0
2005,530392,2,1,0,0,0,0,0,0,0,0,0,0
2005,530392,3,1,12,12,12,12,12,12,12,12,12,12
2005,530393,1,1,0,0,0,0,0,0,0,0,0,0
2005,530393,2,1,0,0,0,0,0,0,0,0,0,0
2005,530394,1,1,0,0,12,0,0,0,0,0,0,0
2005,530394,2,1,0,0,0,0,0,0,0,0,0,0
2005,530394,3,1,0,0,0,0,0,0,0,0,0,0
2005,530395,1,1,11,11,11,11,11,11,11,11,11,11
2005,530396,1,1,0,0,0,0,0,0,0,0,0,0
2005,530396,2,1,0,0,0,0,0,0,0,0,0,24
2005,530396,3,1,0,0,0,0,0,0,0,0,0,0
2005,530397,1,1,2,2,2,2,2,2,2,2,2,2
2005,530398,1,1,11,11,11,11,11,11,11,11,11,11
2005,530398,2,1,18,24,0,7,6,0,14,0,0,0
2005,530399,1,1,21,21,21,21,21,21,21,21,21,21
2005,530400,1,1,0,0,0,0,0,0,0,0,0,0
2005,530400,2,1,0,0,0,0,0,0,0,0,0,0
2005,530401,1,1,19,19,19,19,19,19,19,19,19,19
2005,530402,1,1,3,3,3,3,3,3,3,3,3,3
2005,530402,2,1,0,0,0,0,0,0,0,0,0,0
2005,530402,3,1,0,0,0,14,0,0,0,0,0,0
2005,530403,1,1,0,0,0,0,0,0,0,0,0,0
2005,530404,1,1,5,5,5,5,5,5,5,5,5,5
2005,530405,0,1,0,0,0,0,0,0,0,0,0,0
2005,530405,1,1,7,0,0,11,0,0,0,0,0,0
2005,530406,1,1,21,21,21,21,21,21,21,21,21,21
2005,530406,2,1,0,0,0,0,0,0,0,0,0,0
2005,530407,0,1,0,0,0,0,0,0,0,0,0,0
2005,530407,1,1,0,0,0,0,0,0,0,0,0,0
2005,530408,1,1,23,23,23,23,23,23,23,23,23,23
2005,530409,1,1,11,11,11,11,11,11,11,11,11,11
2005,530410,0,1,24,24,24,24,24,24,24,24,24,24
2005,530410,1,1,0,0,0,0,0,0,0,0,0,0
2005,530411,1,1,25,25,25,25,25,25,25,25,25,25
2005,530412,1,1,9,9,9,9,9,9,9,9,9,9
2005,530413,1,1,10,10,10,10,10,10,10,10,10,10
2005,530413,2,1,0,0,0,0,0,0,0,0,0,0
2005,530414,1,1,0,0,0,0,0,0,0,0,0,0
2005,530415,1,1,15,15,15,15,15,15,15,15,15,15
2005,530416,1,1,12,12,12,12,12,12,12,12,12,12
2005,530417,1,1,14,0,0,0,0,0,0,0,0,0
2005,530417,2,1,0,0,0,0,0,0,0,0,0,0
2005,530418,1,1,20,20,20,20,20,20,20,20,20,20
2005,530419,0,1,0,0,0,0,0,0,6,0,22,13
2005,530419,1,1,0,16,0,0,12,0,0,0,0,0
2005,530420,1,1,0,0,0,0,0,0,0,0,0,0
2005,530420,2,1,0,0,8,0,22,0,0,0,0,0
2005,530420,3,1,3,0,0,0,0,0,0,0,0,0
2005,530421,1,1,14,14,14,14,14,14,14,14,14,14
2005,530422,1,1,0,0,0,0,0,0,0,0,0,0
2005,530423,1,1,0,0,0,0,0,0,0,0,0,0
2005,530423,2,1,0,0,0,0,0,0,0,0,0,0
2005,530424,1,1,0,0,0,0,0,0,0,0,0,0
2005,530424,2,1,0,0,0,0,0,0,0,0,0,0
2005,530425,1,1,2,2,2,2,2,2,2,2,2,2
2005,530426,1,1,0,0,0,0,0,0,0,0,0,0
2005,530426,2,1,0,0,0,0,0,0,0,0,0,0
2005,530426,3,1,0,0,0,0,0,0,0,0,0,0
2005,530427,1,1,16,16,16,16,16,16,16,16,16,16
2005,530428,1,1,0,0,0,0,0,0,0,0,0,0
2005,530429,1,1,0,0,0,0,0,0,0,0,0,0
2005,530429,2,1,0,0,0,0,0,0,0,0,0,0
2005,530430,1,1,3,3,3,3,3,3,3,3,3,3
2005,530431,1,1,25,25,25,25,25,25,25,25,25,25
2005,530432,0,1,23,23,23,23,23,23,23,23,23,23
2005,530432,1,1,26,0,21,0,14,0,16,0,23,42
2005,530433,1,1,23,23,23,23,23,23,23,23,23,23
2005,530433,2,1,0,0,0,0,0,0,0,0,0,0
2005,530434,1,1,4,4,4,4,4,4,4,4,4,4
2005,530435,1,1,14,14,14,14,14,14,14,14,14,14
2005,530436,1,1,34,34,34,34,34,34,34,34,34,34
2005,530436,2,1,0,0,0,0,0,0,0,0,0,0
2005,530436,3,1,0,0,0,0,0,6,0,0,0,0
2005,530437,1,1,0,0,0,0,0,0,0,0,0,0
2005,530438,1,1,2,2,2,2,2,2,2,2,2,2
2005,530438,2,1,0,0,0,0,0,0,0,0,0,0
2005,530438,3,1,4,4,4,4,4,4,4,4,4,4
2005,530439,1,1,0,0,0,0,0,0,0,0,0,0
2005,530439,2,1,0,0,0,0,0,0,0,0,0,0
2005,530440,0,1,0,0,0,0,0,0,0,0,0,0
2005,530440,1,1,6,0,4,0,0,0,0,0,0,0
2005,530441,1,1,0,0,0,0,0,0,0,0,0,0
2005,530441,2,1,0,0,0,0,0,0,0,0,0,0
2005,530442,0,1,0,0,0,0,0,0,0,0,0,0
2005,530442,1,1,0,10,0,0,0,0,0,0,0,0
2005,530443,1,1,0,0,0,0,0,0,0,0,0,0
2005,530444,1,1,0,0,0,0,0,0,0,0,0,0
2005,530444,2,1,15,0,0,0,0,0,0,0,0,0
2005,530445,1,1,0,0,0,0,0,0,0,0,0,0
2005,530445,2,1,0,0,0,0,0,0,0,0,0,0
2005,530446,1,1,0,0,0,0,0,0,0,0,0,0
2005,530447,1,1,21,21,21,21,21,21,21,21,21,21
2005,530448,1,1,0,0,0,0,0,0,0,0,0,0
2005,530448,2,1,0,0,0,0,0,0,0,0,0,0
2005,530449,1,1,19,19,19,19,19,19,19,19,19,19
2005,530450,1,1,0,0,0,0,0,0,0,0,0,0
2005,530450,2,1,0,0,0,0,0,0,0,0,0,0
2005,530451,1,1,0,0,9,0,0,0,0,0,0,0
2005,530451,2,1,0,0,0,5,0,0,0,0,0,0
2005,530452,1,1,7,17,0,0,0,0,0,0,0,0
2005,530452,2,1,0,0,0,0,0,0,0,0,0,0
2005,530453,1,1,0,0,0,0,0,0,0,0,0,0
2005,530454,1,1,0,0,0,0,0,0,0,0,0,0
2005,530455,0,1,19,0,0,0,0,12,0,0,0,0
2005,530455,1,1,0,0,0,0,0,9,0,0,0,0
2005,530456,1,1,0,0,0,0,0,0,0,0,0,0
2005,530457,1,1,0,0,0,0,0,0,0,0,0,0
2005,530457,2,1,0,0,0,0,0,0,0,0,0,0
2005,530458,1,1,0,0,0,0,0,0,0,0,0,0
2005,530459,1,1,0,0,0,0,0,0,0,0,0,0
2005,530460,1,1,0,0,0,0,0,0,0,0,0,0
2005,530460,2,1,0,0,0,0,0,0,0,0,0,0
2005,530461,1,1,0,0,0,0,0,0,0,0,0,0
2005,530462,1,1,0,0,0,0,0,0,0,0,0,0
2005,530462,2,1,0,0,0,0,0,0,0,0,0,0
2005,530463,1,1,22,22,22,22,22,22,22,22,22,22
2005,530464,1,1,0,0,0,0,0,0,0,0,0,0
2005,530464,2,1,0,0,0,5,0,0,0,0,0,0
2005,530465,1,1,0,0,0,0,0,0,0,0,0,0
2005,530466,1,1,0,0,0,0,0,0,0,0,0,27
2005,530466,2,1,0,0,0,0,0,0,0,0,0,0
2005,530467,1,1,3,0,3,17,12,5,5,7,0,3
2005,530467,2,1,0,0,0,0,0,0,0,0,0,0
2005,530468,1,1,0,0,0,0,0,0,0,0,0,0
2005,530468,2,1,0,0,0,0,0,0,0,0,0,0
2005,530468,3,1,0,0,0,0,0,0,0,0,0,0
2005,530469,1,1,0,0,0,0,0,0,0,0,0,0
2005,530470,1,1,0,3,0,0,0,21,0,0,0,0
2005,530471,0,1,6,6,6,6,6,6,6,6,6,6
2005,530471,1,1,0,0,0,0,0,0,0,0,0,0
2005,530472,1,1,9,9,9,9,9,9,9,9,9,9
2005,530473,1,1,7,7,7,7,7,7,7,7,7,7
2005,530473,2,1,0,0,0,0,0,0,0,0,0,0
2005,530474,1,1,0,0,0,0,0,0,0,0,0,0
2005,530474,2,1,0,0,0,0,0,0,0,0,0,0
2005,530475,1,1,15,15,15,15,15,15,15,15,15,15
2005,530476,1,1,19,19,19,19,19,19,19,19,19,19
2005,530477,1,1,0,0,0,0,0,0,0,0,0,0
2005,530478,1,1,0,0,0,0,0,0,0,0,0,0
2005,530478,2,1,0,14,0,0,0,0,0,0,0,0
2005,530479,0,1,0,0,0,0,0,0,0,0,0,0
2005,530479,1,1,0,0,15,15,0,0,0,0,0,0
2005,530480,0,1,18,18,18,18,18,18,18,18,18,18
2005,530480,1,1,0,0,18,19,19,14,0,0,0,25
2005,530481,1,1,0,0,0,0,0,0,0,0,0,0
2005,530481,2,1,0,0,0,0,8,0,0,0,0,0
2005,530482,1,1,0,0,0,15,0,0,0,0,0,0
2005,530482,2,1,0,0,0,0,0,0,0,0,0,0
2005,530482,3,1,0,0,0,0,0,0,0,0,0,0
2005,530483,1,1,0,8,0,0,0,0,0,0,0,0
2005,530483,2,1,0,0,0,0,0,0,0,0,0,0
2005,530483,3,1,0,0,0,0,0,0,0,0,0,0
2005,530484,1,1,0,0,0,0,0,11,0,0,0,0
2005,530484,2,1,0,0,0,0,0,0,0,0,0,0
2005,530485,0,1,0,0,29,0,0,0,37,0,18,0
2005,530485,1,1,0,0,0,0,0,5,0,0,0,0
2005,530486,1,1,19,0,0,0,0,0,0,0,0,0
2005,530487,1,1,0,0,0,0,0,0,0,0,0,0
2005,530488,1,1,7,7,7,7,7,7,7,7,7,7
2005,530488,2,1,0,0,0,0,0,0,0,0,0,0
2005,530488,3,1,0,0,0,0,19,22,0,0,0,0
2005,530489,1,1,21,21,21,21,21,21,21,21,21,21
2005,530490,1,1,16,16,16,16,16,16,16,16,16,16
2005,530490,2,1,0,14,0,0,0,0,0,0,0,0
2005,530491,1,1,0,0,0,0,0,0,0,0,0,0
2005,530491,2,1,0,10,0,0,0,0,0,0,0,0
2005,530491,3,1,0,0,0,0,0,0,0,0,0,0
2005,530493,1,1,0,0,0,0,0,0,0,0,0,0
2005,530493,2,1,0,0,0,0,0,0,0,0,0,0
2005,530494,0,1,0,0,0,0,0,0,0,0,0,0
2005,530494,1,1,13,13,13,13,13,13,13,13,13,13
2005,530495,0,1,0,0,0,0,0,0,0,0,0,0
2005,530495,1,1,0,0,0,0,0,0,0,0,0,0
2005,530496,1,1,0,0,0,0,0,0,0,0,0,0
2005,530496,2,1,2,2,2,2,2,2,2,2,2,2
2005,530497,0,1,17,17,17,17,17,17,17,17,17,17
2005,530497,1,1,0,0,0,0,0,0,0,0,0,0
2005,530498,1,1,15,17,35,10,16,18,25,25,13,25
2005,530499,1,1,0,0,0,0,0,0,0,0,0,0
2005,530500,1,1,14,14,14,14,14,14,14,14,14,14
2005,530501,1,1,0,0,0,0,0,0,0,0,0,0
2005,530502,0,1,0,0,0,0,0,0,0,0,0,0
2005,530502,1,1,7,0,0,0,0,0,20,0,0,11
2005,530503,1,1,27,27,27,27,27,27,27,27,27,27
2005,530504,1,1,14,0,12,0,0,0,0,0,20,19
2005,530505,1,1,18,18,18,18,18,18,18,18,18,18
2005,530506,1,1,0,0,0,0,0,0,0,0,0,0
2005,530506,2,1,2,2,2,2,2,2,2,2,2,2
2005,530507,1,1,0,0,0,0,0,0,0,7,0,0
2005,530507,2,1,0,0,0,0,0,0,0,0,0,0
2005,530508,1,1,0,0,18,0,0,0,0,0,0,16
2005,530508,2,1,0,0,11,0,0,0,0,0,0,12
2005,530509,1,1,17,17,17,17,17,17,17,17,17,17
2005,530510,0,1,21,21,21,21,21,21,21,21,21,21
2005,530510,1,1,0,0,0,0,0,0,0,0,0,0
2005,530511,1,1,0,0,0,0,0,0,0,0,0,0
2005,530511,2,1,0,0,0,0,0,0,0,0,0,0
2005,530512,1,1,14,14,14,14,14,14,14,14,14,14
2005,530513,1,1,7,7,7,7,7,7,7,7,7,7
2005,530514,0,1,0,0,0,0,0,0,0,0,0,0
2005,530514,1,1,0,0,0,0,0,28,0,0,19,0
2005,530515,1,1,25,25,25,25,25,25,25,25,25,25
2005,530515,2,1,16,0,0,0,0,0,0,0,0,0
2005,530516,1,1,16,16,16,16,16,16,16,16,16,16
2005,530517,1,1,0,0,0,0,0,0,0,0,0,0
2005,530517,2,1,0,0,0,0,0,0,0,0,0,0
2005,530518,1,1,0,0,0,0,0,0,0,0,0,0
2005,530519,1,1,0,0,0,0,0,0,0,0,0,0
2005,530519,2,1,0,0,0,0,0,0,0,0,0,0
2005,530520,1,1,0,0,0,0,0,0,0,0,0,0
2005,530520,2,1,0,0,0,0,0,0,0,0,0,0
2005,530520,3,1,0,6,0,0,0,0,0,0,0,0
2005,530520,4,1,0,0,0,0,0,0,0,0,0,0
2005,530521,0,1,0,0,0,0,0,0,0,0,0,0
2005,530521,1,1,0,0,0,0,0,0,0,0,0,0
2005,530522,1,1,22,22,22,22,22,22,22,22,22,22
2005,530522,2,1,0,0,0,0,0,0,0,0,0,0
2005,530523,1,1,14,14,14,14,14,14,14,14,14,14
2005,530524,1,1,0,0,0,0,0,0,0,0,0,0
2005,530524,2,1,0,0,0,0,0,0,0,0,0,0
2005,530525,1,1,0,0,0,0,0,0,0,0,0,0
2005,530526,1,1,0,0,0,0,0,0,0,0,0,0
2005,530527,0,1,22,22,22,22,22,22,22,22,22,22
2005,530527,1,1,0,33,0,10,0,29,18,34,11,30
2005,530528,1,1,30,30,30,30,30,30,30,30,30,30
2005,530529,1,1,0,0,0,0,0,0,0,0,0,0
2005,530529,2,1,0,0,0,0,0,0,0,0,0,0
2005,530530,1,1,21,21,21,21,21,21,21,21,21,21
2005,530531,1,1,37,37,37,37,37,37,37,37,37,37
2005,530532,0,1,17,17,17,17,17,17,17,17,17,17
2005,530532,1,1,4,4,4,4,4,4,4,4,4,4
2005,530532,2,1,22,16,16,25,5,15,27,9,32,19
2005,530533,0,1,0,0,14,18,0,0,0,13,0,0
2005,530533,1,1,0,17,0,0,33,0,0,0,7,0
2005,530534,0,1,0,0,0,0,0,0,0,0,0,0
2005,530534,1,1,0,0,0,0,0,0,0,0,0,0
2005,530535,1,1,0,0,0,0,0,0,0,0,0,0
2005,530535,2,1,0,0,0,0,0,0,0,0,0,0
2005,530535,3,1,0,0,0,0,0,0,0,0,0,0
2005,530536,1,1,0,0,0,0,0,0,0,0,0,0
2005,530537,1,1,2,2,2,2,2,2,2,2,2,2
2005,530538,1,1,0,0,0,0,0,0,0,0,0,0
2005,530538,2,1,0,0,0,0,0,0,0,0,0,0
2005,530538,3,1,0,0,0,0,0,0,0,0,0,0
2005,530539,1,1,0,0,0,0,0,0,0,0,0,0
2005,530539,2,1,0,0,0,0,0,0,0,0,0,0
2005,530540,1,1,0,0,0,0,0,0,0,0,0,0
2005,530540,2,1,0,0,0,0,0,0,0,0,0,0
2005,530541,1,1,7,0,12,0,0,0,11,0,0,0
2005,530541,2,1,0,0,0,0,0,0,0,0,0,0
2005,530542,1,1,0,0,0,0,0,0,0,0,0,0
2005,530542,2,1,0,0,0,0,0,0,0,0,0,0
2005,530543,1,1,0,0,0,0,0,0,0,0,0,0
2005,530543,2,1,0,0,0,0,0,0,0,0,0,0
2005,530544,0,1,18,0,0,21,21,0,46,0,0,0
2005,530544,1,1,0,0,0,0,0,0,13,0,0,0
2005,530545,0,1,0,0,0,0,0,0,0,0,0,0
2005,530545,1,1,0,0,0,0,0,0,0,0,0,0
2005,530546,0,1,0,0,0,0,0,0,0,0,0,0
2005,530546,1,1,0,13,0,0,11,0,4,20,0,0
2005,530547,1,1,0,0,0,0,0,0,0,0,0,0
2005,530547,2,1,0,0,0,0,0,0,0,0,0,0
2005,530548,0,1,0,0,0,0,0,0,0,0,0,0
2005,530548,1,1,0,0,0,0,7,31,0,0,15,0
2005,530549,1,1,0,0,0,0,0,0,0,0,0,0
2005,530549,2,1,0,0,0,0,0,0,0,0,0,0
2005,530550,0,1,0,0,11,0,0,0,0,0,0,0
2005,530550,1,1,0,0,0,0,0,0,0,0,0,0
2005,530551,0,1,0,0,0,0,0,0,0,0,0,0
2005,530551,1,1,0,0,0,0,0,0,0,0,0,0
2005,530552,1,1,0,0,0,0,0,0,0,0,0,0
2005,530552,2,1,0,0,0,0,0,0,0,0,0,0
2005,530553,1,1,33,33,33,33,33,33,33,33,33,33
2005,530554,1,1,22,22,22,22,22,22,22,22,22,22
2005,530555,0,1,0,0,0,0,0,0,0,0,0,0
2005,530555,1,1,0,0,14,0,0,0,15,0,0,0
2005,530557,0,1,19,19,19,19,19,19,19,19,19,19
2005,530557,1,1,7,7,7,7,7,7,7,7,7,7
2005,530558,1,1,0,0,0,0,0,0,0,0,0,0
2005,530559,1,1,27,27,27,27,27,27,27,27,27,27
2005,530560,1,1,17,0,0,21,0,0,22,0,0,8
2005,530561,0,1,0,0,0,0,0,0,0,0,0,0
2005,530562,1,1,0,0,7,0,0,4,23,0,25,19
2005,530563,1,1,18,18,18,18,18,18,18,18,18,18
2005,530564,1,1,3,3,3,3,3,3,3,3,3,3
2005,530565,1,1,18,18,18,18,18,18,18,18,18,18
2005,530566,1,1,32,32,32,32,32,32,32,32,32,32
2005,530567,0,1,0,0,0,0,0,0,0,0,0,0
2005,530567,1,1,30,0,0,0,0,0,28,0,0,12
2005,530568,1,1,30,30,30,30,30,30,30,30,30,30
2005,530569,1,1,10,10,10,10,10,10,10,10,10,10
2005,530569,2,1,0,0,0,0,0,0,0,0,0,0
2005,530569,3,1,0,0,0,0,0,0,3,0,0,0
2005,530570,0,1,0,0,0,0,0,0,0,0,0,0
2005,530570,1,1,0,0,0,0,0,0,7,0,0,0
2005,530571,1,1,25,25,25,25,25,25,25,25,25,25
2005,530572,0,1,17,17,17,17,17,17,17,17,17,17
2005,530572,1,1,0,0,0,0,12,0,0,0,0,0
2005,530573,1,1,4,4,4,4,4,4,4,4,4,4
2005,530574,1,1,0,0,0,0,0,0,0,0,0,0
2005,530574,2,1,0,0,0,0,0,0,0,0,0,0
2005,530575,1,1,0,0,0,0,0,0,0,0,0,0
2005,530576,1,1,0,0,18,0,0,0,0,0,0,0
2005,530577,1,1,0,0,0,0,12,0,0,0,12,0
2005,530578,1,1,20,20,20,20,20,20,20,20,20,20
2005,530579,1,1,10,10,10,10,10,10,10,10,10,10
2005,530580,0,1,25,35,4,22,29,30,5,16,18,24
2005,530580,1,1,0,0,0,0,0,0,0,0,0,0
2005,530581,1,1,0,0,0,0,0,0,0,0,0,0
2005,530581,2,1,0,0,0,0,0,0,0,0,0,0
2005,530582,1,1,5,5,5,5,5,5,5,5,5,5
2005,530582,2,1,0,0,0,0,24,0,0,0,0,0
2005,530583,1,1,0,0,0,0,0,0,0,0,0,0
2005,530584,1,1,0,0,0,0,0,0,0,0,0,0
2005,530584,2,1,0,0,0,0,0,0,0,0,0,0
2005,530585,1,1,0,0,0,0,0,0,0,0,0,0
2005,530585,2,1,23,0,0,0,0,0,19,0,0,11
2005,530586,1,1,0,0,0,0,0,0,0,0,0,0
2005,530586,2,1,0,0,0,0,0,0,0,0,0,0
2005,530587,1,1,0,0,0,0,0,0,0,0,0,0
2005,530587,2,1,0,0,0,0,0,0,0,0,0,0
2005,530588,1,1,41,41,41,41,41,41,41,41,41,41
2005,530591,0,1,0,0,13,0,0,0,0,0,0,0
2005,530591,1,1,0,0,0,0,0,0,0,0,0,0
2005,530592,1,1,6,0,0,0,0,0,0,0,0,0
2005,530593,1,1,0,0,0,0,0,0,0,0,0,0
2005,530593,2,1,0,0,0,0,0,0,0,0,0,0
2005,540001,1,1,13,13,13,13,13,13,13,13,13,13
2005,540001,2,1,0,0,0,0,0,0,0,0,0,0
2005,540001,3,1,0,0,0,0,0,0,0,0,0,0
2005,540001,4,1,0,0,0,0,0,0,0,0,0,0
2005,540002,1,1,0,0,0,0,0,0,0,0,0,0
2005,540003,1,1,9,9,9,9,9,9,9,9,9,9
2005,540004,1,1,0,0,0,0,0,0,0,0,0,0
2005,540004,2,1,0,0,0,0,0,0,0,0,0,0
2005,540005,1,1,0,0,0,0,0,6,0,0,0,0
2005,540006,1,1,0,0,0,0,0,0,0,0,0,0
2005,540006,2,1,0,0,0,0,0,0,0,0,0,0
2005,540007,1,1,15,15,15,15,15,15,15,15,15,15
2005,540008,1,1,21,21,21,21,21,21,21,21,21,21
2005,540009,0,1,0,0,0,0,0,0,0,0,0,0
2005,540009,1,1,0,0,0,0,9,0,13,0,0,0
2005,540010,1,1,0,0,0,0,0,0,0,0,0,0
2005,540010,2,1,0,0,0,0,0,0,0,0,0,0
2005,540011,1,1,6,6,6,6,6,6,6,6,6,6
2005,540012,1,1,0,0,0,0,0,0,0,0,0,0
2005,540012,2,1,0,0,0,0,0,0,0,0,0,0
2005,540013,0,1,17,17,17,17,17,17,17,17,17,17
2005,540013,0,2,16,0,0,0,0,0,17,0,0,0
2005,540013,1,1,0,0,0,0,0,0,0,0,0,0
2005,540013,2,1,0,0,0,0,0,0,0,0,0,0
2005,540014,1,1,0,0,0,0,0,0,0,0,0,0
2005,540015,1,1,0,0,0,0,0,0,0,0,0,0
2005,540015,2,1,0,0,0,0,0,0,0,0,0,0
2005,540016,1,1,0,0,0,0,0,0,0,0,0,0
2005,540017,1,1,0,0,0,0,0,0,0,0,0,0
2005,540018,1,1,0,0,0,0,0,0,0,0,0,0
2005,540019,1,1,0,0,8,0,0,0,0,0,0,0
2005,540019,2,1,29,29,29,29,29,29,29,29,29,29