YEAR,ST_CASE,veh_no,per_no,P1,P2,P3,P4,P5,P6,P7,P8,P9,P10
2005,540328,0,1,0,0,0,0,0,0,0,0,0,0
2005,540328,1,1,0,0,0,0,0,0,0,0,0,0
2005,540328,2,1,0,0,0,0,0,0,0,0,0,0
2005,540329,1,1,0,0,0,0,0,0,0,0,0,0
2005,540329,2,1,0,0,0,0,0,0,0,0,0,0
2005,540330,1,1,0,0,0,0,0,0,0,0,0,0
2005,540330,2,1,0,0,0,0,0,0,0,0,0,0
2005,540331,1,1,0,0,0,0,0,0,0,0,0,0
2005,540331,2,1,0,0,0,0,0,0,0,0,0,0
2005,540332,1,1,0,0,0,0,0,0,0,0,0,0
2005,540333,1,1,0,0,0,0,0,0,0,0,0,0
2005,540333,2,1,0,0,0,0,0,0,0,0,0,0
2005,540334,1,1,0,0,0,0,0,0,0,0,0,0
2005,540334,2,1,33,33,33,33,33,33,33,33,33,33
2005,540335,1,1,21,21,21,21,21,21,21,21,21,21
2005,540336,1,1,0,0,0,0,0,0,0,0,0,0
2005,540337,1,1,0,0,0,0,0,0,0,0,0,0
2005,540338,1,1,0,0,0,0,0,0,0,0,0,0
2005,540339,1,1,11,11,11,11,11,11,11,11,11,11
2005,540340,1,1,0,0,0,0,0,0,0,0,8,0
2005,540340,2,1,26,26,26,26,26,26,26,26,26,26
2005,540341,1,1,0,0,0,0,0,0,0,0,0,0
2005,540342,1,1,0,0,0,0,0,0,5,0,0,0
2005,540343,1,1,19,0,7,9,17,29,0,10,15,27
2005,540343,2,1,0,0,0,0,0,0,0,0,0,0
2005,540343,3,1,0,0,0,0,0,0,0,0,0,0
2005,540344,1,1,0,0,0,0,0,0,0,0,0,0
2005,540344,2,1,0,0,0,0,0,0,0,0,0,0
2005,540345,1,1,0,0,0,0,0,0,0,0,0,0
2005,540346,1,1,0,0,0,0,0,0,0,0,0,0
2005,540346,2,1,0,0,0,0,0,0,0,0,0,0
2005,540347,1,1,0,0,0,0,0,0,0,0,0,0
2005,540347,2,1,0,0,0,0,0,0,0,0,0,0
2005,540348,1,1,0,0,0,0,0,0,0,0,0,0
2005,540349,1,1,0,0,0,0,0,0,0,0,0,0
2005,540349,2,1,33,0,0,0,9,0,0,0,0,0
2005,540350,1,1,0,0,0,0,0,0,0,0,0,0
2005,540350,2,1,0,0,0,0,0,0,0,0,0,0
2005,540351,1,1,13,21,9,9,18,18,17,16,32,10
2005,540351,2,1,0,0,0,0,0,0,0,0,0,0
2005,540351,3,1,0,0,0,0,0,0,0,0,0,0
2005,540351,4,1,0,0,0,0,0,0,0,0,0,0
2005,550001,1,1,0,0,6,0,0,0,0,0,0,0
2005,550002,0,1,26,26,26,26,26,26,26,26,26,26
2005,550002,1,1,13,13,13,13,13,13,13,13,13,13
2005,550003,0,1,0,0,0,0,0,0,0,0,0,0
2005,550003,1,1,18,0,0,0,0,0,9,0,0,0
2005,550004,1,1,0,4,0,25,15,0,8,0,36,11
2005,550004,2,1,7,0,0,6,25,0,0,5,20,13
2005,550004,3,1,0,0,0,0,0,0,0,0,0,0
2005,550005,1,1,0,0,0,0,0,0,0,0,0,0
2005,550006,1,1,0,23,0,20,0,39,0,0,9,0
2005,550007,1,1,17,17,17,17,17,17,17,17,17,17
2005,550008,0,1,0,0,0,0,0,0,0,0,0,0
2005,550008,1,1,0,0,0,0,0,0,0,0,0,0
2005,550009,1,1,32,32,32,32,32,32,32,32,32,32
2005,550010,1,1,0,0,0,0,0,0,0,0,0,0
2005,550010,2,1,0,0,0,0,0,0,0,0,0,0
2005,550011,1,1,0,0,0,0,0,0,0,0,0,0
2005,550011,2,1,0,0,0,0,0,0,0,0,0,0
2005,550012,1,1,0,0,0,0,0,0,0,0,0,0
2005,550012,2,1,0,0,0,0,0,0,0,0,0,0
2005,550013,1,1,0,0,0,0,0,0,0,0,0,0
2005,550013,2,1,27,27,27,27,27,27,27,27,27,27
2005,550014,1,1,14,14,14,14,14,14,14,14,14,14
2005,550015,1,1,0,0,0,0,0,0,0,0,0,0
2005,550015,2,1,0,0,0,0,0,0,0,0,0,0
2005,550015,3,1,0,0,0,0,0,9,0,0,0,0
2005,550015,4,1,0,0,0,0,0,0,0,0,0,0
2005,550015,5,1,0,0,19,0,0,0,6,12,2,0
2005,550016,1,1,16,16,16,16,16,16,16,16,16,16
2005,550017,0,1,0,0,0,0,0,0,0,0,0,0
2005,550017,1,1,0,0,0,0,0,0,0,0,0,0
2005,550018,1,1,0,0,0,0,0,0,0,0,0,0
2005,550019,1,1,8,8,8,8,8,8,8,8,8,8
2005,550020,1,1,0,0,0,0,0,0,0,0,0,0
2005,550020,2,1,0,0,0,0,0,0,0,0,0,0
2005,550021,1,1,0,0,0,0,0,0,0,0,0,0
2005,550021,2,1,0,0,0,0,0,0,0,0,0,0
2005,550022,1,1,6,6,6,6,6,6,6,6,6,6
2005,550023,1,1,23,23,23,23,23,23,23,23,23,23
2005,550024,1,1,0,0,0,0,23,0,9,0,13,15
2005,550025,1,1,0,0,0,0,0,0,0,0,0,0
2005,550026,0,1,0,0,0,0,0,0,0,0,0,0
2005,550026,0,2,0,0,0,0,0,0,0,0,0,0
2005,550026,1,1,0,0,0,0,0,0,0,0,0,0
2005,550027,1,1,9,9,9,9,9,9,9,9,9,9
2005,550027,2,1,0,0,9,0,0,0,11,0,0,0
2005,550028,1,1,23,6,22,27,12,34,20,0,13,12
2005,550029,1,1,17,17,17,17,17,17,17,17,17,17
2005,550029,2,1,0,0,0,0,0,0,0,0,0,0
2005,550030,1,1,0,0,0,0,0,0,0,0,0,0
2005,550030,2,1,0,0,0,0,0,0,0,0,0,0
2005,550031,1,1,0,0,0,0,0,0,11,0,0,18
2005,550032,1,1,0,0,0,0,0,0,0,0,0,0
2005,550032,2,1,0,0,0,0,0,0,0,0,0,0
2005,550032,3,1,0,0,0,0,0,0,0,0,0,0
2005,550033,1,1,0,0,0,0,0,0,0,0,0,0
2005,550033,2,1,0,0,0,0,0,0,0,0,0,0
2005,550034,1,1,25,25,25,25,25,25,25,25,25,25
2005,550035,0,1,4,4,4,4,4,4,4,4,4,4
2005,550035,0,2,22,0,14,13,0,16,0,20,22,14
2005,550035,1,1,0,0,0,0,0,0,0,0,0,0
2005,550036,1,1,21,21,21,21,21,21,21,21,21,21
2005,550036,2,1,0,0,0,0,0,0,0,0,0,0
2005,550037,1,1,25,25,25,25,25,25,25,25,25,25
2005,550038,1,1,0,0,0,0,0,27,0,0,0,0
2005,550038,2,1,0,0,0,0,0,0,0,0,0,0
2005,550039,1,1,0,0,6,0,0,0,0,0,0,0
2005,550039,2,1,0,0,0,0,0,0,0,0,0,0
2005,550040,1,1,0,0,0,0,0,0,0,0,0,0
2005,550040,2,1,0,0,0,0,0,0,0,0,0,0
2005,550040,3,1,0,0,0,0,23,11,25,0,0,0
2005,550041,1,1,0,0,0,0,0,0,0,0,0,0
2005,550041,2,1,0,0,0,0,0,0,0,0,0,0
2005,550042,1,1,0,0,0,0,0,0,0,0,0,0
2005,550042,2,1,0,0,0,0,0,0,0,0,0,0
2005,550043,1,1,9,9,9,9,9,9,9,9,9,9
2005,550044,1,1,14,0,0,3,0,0,0,17,0,0
2005,550045,1,1,0,0,0,0,0,0,0,0,0,0
2005,550045,2,1,0,0,0,0,0,0,0,0,0,0
2005,550046,1,1,22,22,22,22,22,22,22,22,22,22
2005,550047,1,1,0,0,0,0,0,0,0,0,0,0
2005,550047,2,1,0,0,0,0,0,0,0,0,0,0
2005,550048,1,1,0,0,0,0,0,0,0,0,0,0
2005,550048,2,1,0,0,0,0,0,0,0,0,0,0
2005,550049,1,1,24,24,24,24,24,24,24,24,24,24
2005,550050,0,1,0,0,0,0,0,0,0,0,0,0
2005,550050,1,1,23,23,23,23,23,23,23,23,23,23
2005,550051,1,1,0,0,0,0,0,0,0,0,0,0
2005,550051,2,1,0,0,0,0,0,0,0,0,0,0
2005,550052,1,1,14,14,14,14,14,14,14,14,14,14
2005,550052,2,1,0,0,0,0,0,0,0,0,0,0
2005,550053,1,1,17,13,26,0,9,0,19,0,0,0
2005,550054,1,1,14,14,14,14,14,14,14,14,14,14
2005,550054,2,1,16,16,16,16,16,16,16,16,16,16
2005,550054,3,1,0,0,0,0,0,0,18,9,0,0
2005,550055,1,1,23,23,23,23,23,23,23,23,23,23
2005,550056,1,1,0,27,11,0,10,17,29,22,0,19
2005,550057,1,1,0,0,0,0,0,0,0,0,0,0
2005,550058,1,1,0,0,0,0,0,0,0,0,0,0
2005,550059,1,1,0,0,0,0,0,0,0,0,0,0
2005,550059,2,1,0,0,0,0,0,0,0,0,0,0
2005,550060,1,1,0,0,13,0,0,0,0,0,0,0
2005,550060,2,1,0,0,0,0,0,0,0,0,0,0
2005,550061,1,1,0,0,0,0,0,0,0,0,0,0
2005,550061,2,1,0,0,0,16,0,0,0,0,15,0
2005,550062,1,1,0,0,0,0,0,0,0,0,0,0
2005,550062,2,1,0,0,0,0,0,0,0,0,0,0
2005,550063,1,1,0,0,0,0,0,0,0,0,0,0
2005,550063,2,1,0,0,0,0,0,0,0,0,0,0
2005,550064,1,1,17,17,17,17,17,17,17,17,17,17
2005,550065,1,1,0,0,0,0,0,0,0,0,0,0
2005,550065,2,1,0,0,0,0,0,0,0,0,0,0
2005,550066,1,1,0,0,0,1,21,0,0,0,0,0
2005,550066,2,1,0,0,0,0,0,0,0,0,0,0
2005,550067,1,1,0,0,0,0,0,0,0,0,0,0
2005,550068,1,1,21,21,21,21,21,21,21,21,21,21
2005,550068,2,1,0,11,0,14,0,0,20,0,0,0
2005,550069,1,1,20,20,20,20,20,20,20,20,20,20
2005,550070,1,1,22,22,22,22,22,22,22,22,22,22
2005,550071,1,1,0,0,0,0,0,0,0,0,0,0
2005,550071,2,1,0,0,0,0,31,0,0,0,0,0
2005,550072,1,1,0,0,0,0,0,0,0,0,0,0
2005,550072,2,1,24,24,24,24,24,24,24,24,24,24
2005,550073,1,1,0,0,0,0,0,0,0,0,0,0
2005,550073,2,1,0,0,0,0,14,0,0,0,0,0
2005,550074,1,1,0,0,0,0,0,0,0,0,0,0
2005,550074,2,1,0,0,0,0,0,0,0,0,0,0
2005,550075,1,1,0,0,0,0,0,0,0,0,0,0
2005,550075,2,1,0,0,0,0,0,0,0,0,0,0
2005,550076,0,1,0,0,0,0,0,0,0,0,0,0
2005,550076,1,1,0,0,0,0,0,0,0,0,0,0
2005,550077,1,1,22,22,22,22,22,22,22,22,22,22
2005,550078,1,1,0,0,0,0,0,0,0,0,0,0
2005,550078,2,1,0,0,0,0,0,0,0,0,0,0
2005,550079,1,1,13,13,13,13,13,13,13,13,13,13
2005,550080,1,1,17,0,14,8,0,0,0,0,0,12
2005,550081,1,1,0,0,0,0,0,0,0,0,0,0
2005,550082,1,1,14,14,14,14,14,14,14,14,14,14
2005,550083,1,1,16,16,16,16,16,16,16,16,16,16
2005,550084,1,1,0,0,0,0,0,0,0,0,0,0
2005,550084,2,1,0,0,0,0,0,0,0,0,0,0
2005,550084,3,1,0,0,0,0,0,0,0,0,0,0
2005,550084,4,1,0,0,0,0,0,0,0,0,0,11
2005,550084,5,1,0,0,0,0,0,0,0,0,0,0
2005,550084,6,1,0,0,0,0,0,0,0,0,0,0
2005,550085,1,1,0,0,0,0,0,0,0,0,0,0
2005,550086,1,1,0,0,0,0,0,0,0,0,0,0
2005,550087,1,1,16,16,16,16,16,16,16,16,16,16
2005,550088,1,1,15,15,15,15,15,15,15,15,15,15
2005,550088,2,1,0,0,0,0,0,0,0,0,0,0
2005,550088,3,1,0,0,0,0,0,0,0,0,0,0
2005,550088,4,1,0,0,0,0,0,0,0,0,0,0
2005,550089,1,1,11,11,11,11,11,11,11,11,11,11
2005,550089,2,1,8,8,8,8,8,8,8,8,8,8
2005,550089,3,1,10,0,18,0,17,12,14,0,0,0
2005,550090,1,1,32,32,32,32,32,32,32,32,32,32
2005,550091,0,1,0,0,0,0,0,0,0,0,0,0
2005,550091,1,1,3,3,3,3,3,3,3,3,3,3
2005,550092,1,1,0,0,0,0,0,0,0,0,0,0
2005,550092,2,1,0,0,0,0,20,0,0,0,0,0
2005,550093,1,1,0,0,0,0,0,0,0,0,0,0
2005,550093,2,1,0,0,0,0,0,0,0,0,0,0
2005,550094,1,1,19,19,19,19,19,19,19,19,19,19
2005,550095,1,1,0,0,0,0,0,0,0,0,0,0
2005,550095,2,1,0,0,0,0,0,0,0,0,0,0
2005,550096,1,1,0,0,0,0,0,0,0,0,0,0
2005,550096,2,1,0,0,0,0,0,0,0,0,0,0
2005,550096,3,1,0,0,0,0,0,0,0,0,0,0
2005,550097,1,1,0,0,0,0,0,0,0,0,0,0
2005,550097,2,1,0,0,0,0,0,0,43,0,0,0
2005,550098,1,1,0,0,0,0,0,0,0,0,0,0
2005,550098,2,1,0,0,0,0,0,0,0,0,0,0
2005,550099,1,1,0,0,0,0,0,0,0,0,0,0
2005,550100,1,1,4,4,4,4,4,4,4,4,4,4
2005,550100,2,1,0,0,0,0,0,0,0,0,0,0
2005,550101,1,1,0,0,0,0,0,0,0,0,0,0
2005,550101,2,1,0,0,0,0,0,0,0,0,0,0
2005,550102,1,1,0,0,0,0,0,0,0,0,0,0
2005,550102,2,1,0,0,0,0,23,19,0,0,0,0
2005,550103,1,1,0,0,0,0,0,0,0,0,0,0
2005,550104,1,1,0,0,0,0,11,0,0,0,13,12
2005,550105,1,1,17,17,17,17,17,17,17,17,17,17
2005,550105,2,1,0,0,0,0,0,0,0,0,0,0
2005,550106,1,1,11,11,11,11,11,11,11,11,11,11
2005,550106,2,1,14,0,0,15,0,0,18,15,0,0
2005,550107,1,1,0,0,0,0,0,0,0,0,0,0
2005,550108,1,1,0,0,0,0,0,0,0,0,0,0
2005,550109,1,1,22,22,22,22,22,22,22,22,22,22
2005,550110,1,1,20,20,20,20,20,20,20,20,20,20
2005,550111,1,1,25,25,25,25,25,25,25,25,25,25
2005,550112,1,1,0,0,0,0,0,0,0,0,0,0
2005,550112,2,1,16,16,16,16,16,16,16,16,16,16
2005,550113,1,1,17,17,17,17,17,17,17,17,17,17
2005,550113,2,1,0,0,0,0,0,0,0,0,0,0
2005,550114,1,1,17,17,17,17,17,17,17,17,17,17
2005,550114,2,1,0,0,0,0,0,0,0,0,0,0
2005,550115,1,1,21,21,21,21,21,21,21,21,21,21
2005,550116,1,1,25,25,25,25,25,25,25,25,25,25
2005,550117,1,1,0,0,0,0,0,0,0,0,0,0
2005,550118,1,1,0,0,0,0,0,0,0,0,0,0
2005,550118,2,1,0,0,0,0,0,0,0,0,0,0
2005,550119,1,1,21,21,21,21,21,21,21,21,21,21
2005,550120,1,1,24,24,24,24,24,24,24,24,24,24
2005,550121,1,1,3,3,3,3,3,3,3,3,3,3
2005,550121,2,1,0,0,0,0,0,0,0,0,0,0
2005,550122,1,1,12,12,12,12,12,12,12,12,12,12
2005,550123,1,1,12,12,12,12,12,12,12,12,12,12
2005,550123,2,1,0,0,0,0,0,0,0,0,0,0
2005,550124,1,1,0,0,0,0,0,0,0,0,0,0
2005,550125,1,1,15,15,15,15,15,15,15,15,15,15
2005,550126,0,1,0,0,0,0,0,0,0,0,0,0
2005,550126,1,1,0,0,0,0,0,0,0,0,0,0
2005,550127,1,1,0,0,0,0,0,0,0,0,0,0
2005,550127,2,1,0,0,0,0,0,0,0,0,0,0
2005,550128,1,1,0,0,0,0,0,0,0,0,0,0
2005,550128,2,1,0,0,14,0,0,0,0,0,0,0
2005,550129,0,1,0,0,0,0,0,0,0,0,0,0
2005,550129,1,1,0,0,0,0,0,0,17,0,0,0
2005,550130,1,1,22,22,22,22,22,22,22,22,22,22
2005,550130,2,1,0,0,0,0,0,0,0,0,0,0
2005,550131,1,1,0,0,0,0,0,0,0,0,0,0
2005,550131,2,1,0,0,0,0,0,0,0,0,0,0
2005,550132,1,1,0,0,0,0,0,0,0,0,0,0
2005,550133,1,1,0,0,0,0,0,0,0,0,0,0
2005,550133,2,1,0,0,0,0,0,0,0,0,0,0
2005,550134,1,1,21,21,21,21,21,21,21,21,21,21
2005,550135,1,1,0,0,0,0,0,0,0,0,0,0
2005,550135,2,1,0,0,0,0,0,0,0,0,0,0
2005,550135,3,1,0,0,0,0,0,0,0,0,0,0
2005,550136,1,1,0,0,0,0,0,0,0,0,0,0
2005,550137,0,1,0,0,0,0,0,0,0,0,0,0
2005,550137,1,1,0,0,0,0,0,0,0,0,0,0
2005,550138,1,1,21,21,21,21,21,21,21,21,21,21
2005,550139,1,1,0,0,0,0,0,0,0,0,0,0
2005,550139,2,1,15,15,15,15,15,15,15,15,15,15
2005,550139,3,1,0,0,0,0,0,0,0,0,0,8
2005,550140,1,1,0,0,0,0,0,0,0,0,0,0
2005,550140,2,1,0,0,0,0,0,0,0,0,0,0
2005,550141,1,1,0,0,0,0,0,0,0,0,0,0
2005,550141,2,1,0,0,14,0,0,0,0,15,0,0
2005,550142,1,1,0,0,0,0,0,0,0,0,0,0
2005,550142,2,1,19,19,19,19,19,19,19,19,19,19
2005,550143,1,1,29,29,29,29,29,29,29,29,29,29
2005,550144,1,1,0,0,0,0,0,0,0,17,13,7
2005,550145,1,1,27,27,27,27,27,27,27,27,27,27
2005,550146,1,1,5,5,5,5,5,5,5,5,5,5
2005,550147,1,1,0,0,0,0,0,0,0,0,0,0
2005,550148,1,1,0,0,0,0,0,0,0,0,0,0
2005,550148,2,1,0,0,0,0,0,0,0,0,0,0
2005,550149,1,1,19,19,19,19,19,19,19,19,19,19
2005,550150,1,1,0,0,0,0,0,0,0,0,0,0
2005,550150,2,1,0,0,0,0,0,0,0,0,0,0
2005,550151,1,1,0,0,0,0,0,0,0,0,0,0
2005,550151,2,1,0,0,0,0,0,0,0,0,0,0
2005,550152,1,1,0,0,0,0,0,0,0,0,0,0
2005,550152,2,1,0,0,0,0,0,0,0,0,0,0
2005,550152,3,1,0,0,0,0,0,0,0,0,0,0
2005,550152,4,1,0,0,0,13,0,8,0,0,0,0
2005,550153,1,1,23,23,23,23,23,23,23,23,23,23
2005,550154,1,1,20,20,20,20,20,20,20,20,20,20
2005,550155,1,1,0,0,0,0,0,0,0,0,0,0
2005,550156,1,1,27,27,27,27,27,27,27,27,27,27
2005,550157,1,1,0,0,19,0,7,19,31,32,0,21
2005,550158,1,1,9,9,9,9,9,9,9,9,9,9
2005,550159,1,1,0,0,0,0,0,0,0,0,0,0
2005,550159,2,1,0,0,0,0,0,0,0,0,0,0
2005,550160,1,1,0,0,0,0,0,0,0,0,0,0
2005,550161,1,1,0,0,0,0,0,0,0,0,0,0
2005,550161,2,1,0,0,0,0,17,0,0,0,0,0
2005,550162,1,1,25,25,25,25,25,25,25,25,25,25
2005,550163,1,1,19,19,19,19,19,19,19,19,19,19
2005,550163,2,1,0,0,0,31,0,0,0,0,0,0
2005,550163,3,1,0,0,0,0,0,0,0,0,0,0
2005,550164,1,1,27,27,27,27,27,27,27,27,27,27
2005,550165,1,1,13,13,13,13,13,13,13,13,13,13
2005,550166,1,1,0,0,0,0,0,0,0,0,0,0
2005,550167,1,1,26,26,26,26,26,26,26,26,26,26
2005,550168,1,1,0,0,0,0,14,13,0,11,0,0
2005,550169,1,1,0,0,0,0,0,0,0,0,0,0
2005,550170,1,1,0,0,0,0,0,0,0,0,0,0
2005,550170,2,1,0,0,0,0,0,0,0,0,0,0
2005,550171,1,1,0,0,0,0,0,0,0,0,0,0
2005,550171,2,1,0,0,0,0,0,0,0,0,0,0
2005,550172,1,1,17,17,17,17,17,17,17,17,17,17
2005,550173,1,1,0,0,0,0,0,0,0,12,0,7
2005,550173,2,1,0,0,0,0,0,0,0,0,0,0
2005,550174,1,1,19,19,19,19,19,19,19,19,19,19
2005,550174,2,1,13,13,13,13,13,13,13,13,13,13
2005,550175,1,1,0,0,0,0,0,0,0,0,0,0
2005,550176,1,1,22,22,22,22,22,22,22,22,22,22
2005,550177,1,1,19,19,19,19,19,19,19,19,19,19
2005,550177,2,1,0,0,0,17,0,9,0,0,0,0
2005,550178,1,1,21,21,21,21,21,21,21,21,21,21
2005,550179,1,1,26,26,26,26,26,26,26,26,26,26
2005,550180,1,1,10,10,10,10,10,10,10,10,10,10
2005,550181,1,1,15,15,15,15,15,15,15,15,15,15
2005,550182,1,1,0,0,0,0,0,0,0,0,0,0
2005,550182,2,1,0,0,0,0,0,0,0,0,0,0
2005,550183,1,1,26,26,26,26,26,26,26,26,26,26
2005,550183,2,1,0,0,0,0,0,0,0,0,0,0
2005,550184,1,1,19,19,19,19,19,19,19,19,19,19
2005,550185,1,1,0,0,0,0,0,0,0,0,0,0
2005,550185,2,1,0,0,0,0,0,0,0,0,0,0
2005,550186,0,1,0,0,0,0,0,0,0,0,0,0
2005,550186,1,1,0,0,0,0,0,0,0,0,0,0
2005,550187,1,1,18,18,18,18,18,18,18,18,18,18
2005,550188,1,1,14,14,14,14,14,14,14,14,14,14
2005,550189,1,1,32,32,32,32,32,32,32,32,32,32
2005,550190,1,1,0,0,0,0,0,0,0,0,0,0
2005,550190,2,1,0,0,0,0,0,0,0,0,0,0
2005,550191,1,1,15,15,15,15,15,15,15,15,15,15
2005,550191,2,1,0,0,0,0,0,0,0,0,0,0
2005,550192,1,1,0,0,0,0,0,0,0,0,0,0
2005,550192,2,1,2,2,2,2,2,2,2,2,2,2
2005,550193,1,1,0,0,0,0,0,0,0,0,0,0
2005,550194,1,1,0,0,0,0,0,0,0,0,0,0
2005,550194,2,1,0,0,0,0,0,0,0,0,0,0
2005,550195,1,1,0,0,0,0,0,0,0,0,0,0
2005,550196,1,1,0,0,0,0,0,0,0,0,0,0
2005,550197,1,1,13,13,13,13,13,13,13,13,13,13
2005,550197,2,1,0,10,0,0,0,0,0,0,0,0
2005,550198,1,1,23,23,23,23,23,23,23,23,23,23
2005,550199,1,1,19,19,19,19,19,19,19,19,19,19
2005,550200,1,1,0,0,0,0,0,0,0,0,0,0
2005,550200,2,1,0,0,0,0,0,0,0,0,0,0
2005,550201,0,1,0,0,0,0,0,0,0,0,0,0
2005,550201,1,1,0,0,0,0,0,0,0,0,0,0
2005,550202,1,1,0,0,0,0,0,0,0,0,0,0
2005,550203,1,1,0,0,0,0,0,0,0,0,0,0
2005,550204,1,1,0,0,0,0,0,0,0,0,0,0
2005,550204,2,1,0,0,0,0,0,0,0,0,0,0
2005,550204,3,1,0,0,0,0,0,0,0,0,0,0
2005,550205,1,1,27,0,0,0,23,0,0,18,12,0
2005,550206,1,1,25,25,25,25,25,25,25,25,25,25
2005,550207,1,1,0,0,0,0,0,0,0,0,0,0
2005,550207,2,1,0,0,0,0,0,0,0,0,0,0
2005,550208,1,1,8,8,8,8,8,8,8,8,8,8
2005,550209,1,1,0,0,0,0,0,0,0,0,0,0
2005,550210,1,1,16,16,16,16,16,16,16,16,16,16
2005,550211,1,1,0,0,0,0,0,0,0,0,0,0
2005,550212,0,1,28,28,28,28,28,28,28,28,28,28
2005,550212,1,1,0,0,0,0,0,0,0,0,0,0
2005,550213,1,1,0,0,0,0,0,8,0,0,0,0
2005,550214,1,1,20,19,18,13,17,0,7,22,13,13
2005,550215,1,1,0,0,0,0,0,0,0,0,0,0
2005,550215,2,1,13,13,13,13,13,13,13,13,13,13
2005,550216,1,1,22,22,22,22,22,22,22,22,22,22
2005,550217,1,1,18,18,18,18,18,18,18,18,18,18
2005,550218,1,1,0,0,0,0,0,0,0,0,0,0
2005,550218,2,1,0,0,0,0,0,0,0,0,0,0
2005,550218,3,1,0,0,0,0,0,0,0,0,0,0
2005,550219,0,1,0,0,0,0,0,0,0,0,0,0
2005,550219,1,1,0,0,0,0,0,0,0,0,0,0
2005,550220,1,1,0,0,0,0,21,16,0,0,0,0
2005,550221,1,1,0,0,0,0,0,0,0,0,0,0
2005,550222,1,1,7,7,7,7,7,7,7,7,7,7
2005,550222,2,1,0,0,0,0,0,0,0,0,0,0
2005,550223,1,1,21,21,21,21,21,21,21,21,21,21
2005,550224,1,1,17,17,17,17,17,17,17,17,17,17
2005,550225,1,1,0,0,0,0,0,0,0,0,0,0
2005,550226,1,1,19,19,19,19,19,19,19,19,19,19
2005,550226,2,1,0,0,0,0,0,0,0,0,0,0
2005,550227,0,1,0,0,0,0,0,0,0,0,0,0
2005,550227,1,1,0,0,0,0,0,0,0,0,0,0
2005,550228,1,1,27,27,27,27,27,27,27,27,27,27
2005,550229,1,1,21,21,21,21,21,21,21,21,21,21
2005,550230,1,1,14,14,14,14,14,14,14,14,14,14
2005,550231,1,1,0,0,0,0,0,0,0,0,0,0
2005,550232,1,1,5,5,5,5,5,5,5,5,5,5
2005,550232,2,1,0,0,0,0,0,20,29,0,0,0
2005,550233,1,1,18,18,18,18,18,18,18,18,18,18
2005,550234,1,1,0,0,0,0,6,0,0,0,0,0
2005,550234,2,1,0,0,0,0,0,0,0,0,0,0
2005,550235,1,1,0,0,0,0,0,0,0,0,0,0
2005,550235,2,1,0,0,0,10,0,0,0,0,0,0
2005,550235,3,1,0,0,0,0,4,0,0,0,0,0
2005,550236,1,1,0,0,0,0,0,0,0,0,0,0
2005,550236,2,1,3,3,3,3,3,3,3,3,3,3
2005,550237,1,1,0,0,0,0,0,0,0,0,0,0
2005,550238,1,1,32,32,32,32,32,32,32,32,32,32
2005,550239,1,1,5,5,5,5,5,5,5,5,5,5
2005,550240,1,1,0,0,0,0,0,0,0,0,0,0
2005,550240,2,1,0,0,0,0,0,0,0,0,0,0
2005,550241,1,1,0,0,0,0,0,0,0,0,0,0
2005,550241,2,1,0,0,0,8,0,0,0,0,0,0
2005,550242,1,1,0,0,0,0,0,0,0,0,0,0
2005,550242,2,1,0,0,0,0,0,0,0,0,0,0
2005,550243,1,1,0,0,0,0,0,0,0,0,0,0
2005,550244,1,1,18,18,18,18,18,18,18,18,18,18
2005,550245,1,1,9,9,9,9,9,9,9,9,9,9
2005,550245,2,1,0,0,0,0,0,0,0,0,0,0
2005,550246,1,1,23,23,23,23,23,23,23,23,23,23
2005,550247,1,1,15,0,0,0,0,0,0,0,0,0
2005,550248,1,1,19,19,19,19,19,19,19,19,19,19
2005,550249,1,1,0,0,0,0,0,0,0,0,0,0
2005,550249,2,1,0,0,0,0,0,0,0,0,0,0
2005,550249,3,1,0,0,0,0,15,0,0,0,0,0
2005,550250,1,1,0,0,0,0,0,0,0,0,0,0
2005,550250,2,1,0,0,0,0,0,0,0,0,0,0
2005,550251,0,1,12,12,12,12,12,12,12,12,12,12
2005,550251,1,1,0,0,0,0,0,0,0,0,0,0
2005,550252,0,1,0,0,0,0,0,0,0,0,0,0
2005,550252,1,1,0,0,0,0,0,0,0,0,0,0
2005,550253,1,1,0,0,0,0,0,0,0,0,0,0
2005,550253,2,1,0,0,0,0,0,0,0,0,0,0
2005,550254,1,1,17,17,17,17,17,17,17,17,17,17
2005,550255,1,1,7,7,7,7,7,7,7,7,7,7
2005,550256,1,1,0,0,0,0,0,0,0,0,0,0
2005,550257,1,1,0,0,0,0,0,0,0,0,0,0
2005,550257,2,1,0,0,0,0,0,0,0,0,0,0
2005,550258,1,1,0,0,0,0,0,0,0,0,0,0
2005,550259,1,1,0,0,0,0,0,0,0,0,0,0
2005,550259,2,1,7,7,7,7,7,7,7,7,7,7