YEAR,ST_CASE,veh_no,per_no,P1,P2,P3,P4,P5,P6,P7,P8,P9,P10
2005,550260,1,1,0,0,0,0,0,0,0,0,0,0
2005,550260,2,1,0,0,0,0,0,17,0,4,0,0
2005,550261,1,1,7,7,7,7,7,7,7,7,7,7
2005,550262,1,1,24,26,21,34,7,22,13,15,17,35
2005,550263,1,1,0,0,0,0,0,0,0,0,0,0
2005,550263,2,1,0,0,0,0,0,0,0,0,0,0
2005,550264,1,1,0,0,0,0,0,0,0,0,0,0
2005,550264,2,1,0,0,0,0,0,0,0,0,0,0
2005,550265,1,1,0,0,0,0,0,0,0,0,0,0
2005,550265,2,1,0,0,0,0,0,0,0,0,0,0
2005,550266,1,1,7,30,0,18,20,28,8,0,12,0
2005,550267,1,1,0,0,23,0,0,0,0,0,0,0
2005,550267,2,1,0,0,0,0,0,0,0,0,0,0
2005,550268,1,1,0,0,0,0,0,0,0,0,0,0
2005,550268,2,1,0,0,0,0,0,0,0,0,0,0
2005,550268,3,1,0,0,0,0,0,0,0,0,0,0
2005,550269,1,1,21,21,21,21,21,21,21,21,21,21
2005,550270,1,1,16,16,16,16,16,16,16,16,16,16
2005,550270,2,1,0,0,0,0,0,0,0,0,0,0
2005,550271,1,1,0,0,0,0,0,0,0,0,0,0
2005,550271,2,1,0,0,0,0,0,0,0,0,0,0
2005,550272,1,1,15,15,15,15,15,15,15,15,15,15
2005,550272,2,1,0,0,0,0,0,0,0,0,0,0
2005,550272,3,1,0,9,0,0,0,0,0,0,0,0
2005,550273,1,1,0,0,0,0,0,0,0,0,0,0
2005,550274,1,1,6,6,6,6,6,6,6,6,6,6
2005,550275,1,1,0,0,0,0,0,0,0,0,0,6
2005,550275,2,1,17,0,0,0,0,0,0,0,0,0
2005,550276,1,1,20,20,20,20,20,20,20,20,20,20
2005,550276,2,1,0,0,0,0,0,0,0,0,0,0
2005,550277,1,1,0,0,0,0,0,0,0,0,0,0
2005,550278,1,1,0,0,0,0,0,0,0,0,0,0
2005,550278,2,1,0,0,0,0,0,0,0,0,0,0
2005,550279,1,1,0,0,0,0,0,0,0,0,0,0
2005,550279,2,1,0,0,0,0,0,0,0,0,0,0
2005,550279,3,1,6,0,2,6,0,6,0,0,8,9
2005,550280,1,1,20,20,20,20,20,20,20,20,20,20
2005,550281,1,1,0,0,0,0,0,0,0,0,0,0
2005,550281,2,1,0,0,0,0,0,0,0,0,0,0
2005,550282,1,1,0,0,0,0,0,0,0,0,0,0
2005,550283,0,1,22,22,22,22,22,22,22,22,22,22
2005,550283,1,1,11,0,18,0,13,0,22,0,18,0
2005,550284,1,1,15,15,15,15,15,15,15,15,15,15
2005,550285,1,1,0,0,0,0,0,0,0,0,0,0
2005,550286,1,1,5,5,5,5,5,5,5,5,5,5
2005,550287,1,1,17,17,17,17,17,17,17,17,17,17
2005,550288,1,1,0,0,0,0,0,0,0,0,0,0
2005,550289,1,1,0,0,0,0,0,0,0,0,0,0
2005,550290,1,1,0,0,0,0,0,0,0,0,0,0
2005,550291,1,1,0,0,0,0,0,0,0,0,0,0
2005,550291,2,1,0,0,0,0,0,0,0,0,0,0
2005,550292,1,1,15,15,15,15,15,15,15,15,15,15
2005,550293,1,1,0,0,0,0,0,0,0,0,0,0
2005,550294,1,1,0,0,0,0,0,0,0,0,0,0
2005,550294,2,1,0,0,0,0,0,0,0,0,0,0
2005,550295,1,1,0,0,0,0,0,0,0,0,0,0
2005,550295,2,1,0,0,0,0,0,0,0,0,0,0
2005,550296,1,1,0,0,0,0,0,0,0,0,0,0
2005,550296,2,1,0,0,0,0,0,0,0,0,0,0
2005,550297,0,1,0,0,0,0,0,0,1,0,0,0
2005,550297,1,1,0,0,0,0,0,0,0,0,0,0
2005,550298,1,1,13,13,13,13,13,13,13,13,13,13
2005,550299,1,1,0,0,0,0,0,0,0,0,0,0
2005,550299,2,1,0,0,0,0,0,0,0,0,0,0
2005,550300,1,1,0,0,0,0,0,0,0,0,0,0
2005,550300,2,1,0,0,0,0,0,0,0,0,0,0
2005,550301,1,1,0,0,13,0,0,5,0,21,0,16
2005,550302,1,1,0,0,15,0,0,0,0,0,0,16
2005,550302,2,1,0,0,0,0,0,0,0,0,0,0
2005,550303,1,1,25,14,7,0,8,0,0,10,10,0
2005,550304,1,1,26,26,26,26,26,26,26,26,26,26
2005,550304,2,1,0,0,0,0,0,0,0,0,0,0
2005,550305,1,1,0,0,0,0,0,0,0,0,0,0
2005,550305,2,1,0,0,0,0,0,0,0,0,0,0
2005,550306,1,1,17,17,17,17,17,17,17,17,17,17
2005,550307,1,1,2,2,2,2,2,2,2,2,2,2
2005,550308,1,1,0,0,0,0,0,0,0,0,0,0
2005,550308,2,1,10,10,10,10,10,10,10,10,10,10
2005,550309,1,1,8,8,8,8,8,8,8,8,8,8
2005,550310,1,1,0,0,0,0,0,0,0,0,0,0
2005,550310,2,1,0,0,0,0,0,0,0,0,0,0
2005,550311,1,1,0,0,0,0,0,0,0,0,0,0
2005,550312,1,3,26,0,23,18,0,9,33,15,17,7
2005,550313,1,1,11,11,11,11,11,11,11,11,11,11
2005,550313,2,1,26,26,26,26,26,26,26,26,26,26
2005,550314,1,1,0,0,0,0,0,0,0,0,0,0
2005,550315,1,1,0,0,0,0,0,0,0,0,0,0
2005,550316,1,1,13,13,13,13,13,13,13,13,13,13
2005,550317,1,1,0,0,0,0,0,0,0,0,0,0
2005,550317,2,1,0,0,0,0,0,0,0,0,0,0
2005,550318,1,1,28,28,28,28,28,28,28,28,28,28
2005,550319,1,1,0,0,0,0,0,0,0,0,0,0
2005,550319,2,1,0,0,0,0,0,0,0,0,0,9
2005,550319,3,1,0,0,0,0,0,0,0,0,0,0
2005,550320,1,1,12,12,12,12,12,12,12,12,12,12
2005,550321,1,1,0,0,0,0,0,0,0,0,0,0
2005,550321,2,1,0,0,0,0,0,0,0,0,0,17
2005,550322,1,1,0,0,0,0,0,0,0,0,0,0
2005,550322,2,1,0,0,0,0,0,0,0,0,0,0
2005,550323,1,1,0,0,0,0,0,0,0,0,0,0
2005,550323,2,1,0,0,0,0,0,0,0,0,0,0
2005,550324,1,1,0,0,0,0,0,0,0,0,0,0
2005,550324,2,1,0,0,0,0,0,0,0,0,0,0
2005,550325,1,1,0,0,0,0,0,0,0,0,0,0
2005,550325,2,1,0,0,0,0,0,0,0,0,0,0
2005,550326,1,1,11,11,11,11,11,11,11,11,11,11
2005,550327,1,1,27,27,27,27,27,27,27,27,27,27
2005,550328,1,1,0,0,0,0,0,0,0,0,0,0
2005,550329,1,1,0,0,0,0,0,0,0,0,0,0
2005,550329,2,1,0,17,15,0,10,0,0,0,29,6
2005,550330,1,1,0,0,0,0,0,0,0,0,0,0
2005,550331,1,1,19,19,19,19,19,19,19,19,19,19
2005,550332,1,1,23,23,23,23,23,23,23,23,23,23
2005,550333,1,1,0,0,0,0,0,0,0,0,0,0
2005,550334,1,1,1,1,1,1,1,1,1,1,1,1
2005,550334,2,1,0,0,0,0,0,0,0,0,0,0
2005,550335,1,1,9,9,9,9,9,9,9,9,9,9
2005,550336,1,1,0,0,0,0,0,0,0,0,0,0
2005,550336,2,1,0,14,2,0,0,0,7,18,9,0
2005,550337,1,1,0,0,0,0,0,0,0,0,0,0
2005,550337,2,1,26,26,26,26,26,26,26,26,26,26
2005,550338,1,1,18,18,18,18,18,18,18,18,18,18
2005,550339,1,1,26,26,26,26,26,26,26,26,26,26
2005,550340,1,1,0,0,0,0,0,0,0,0,0,0
2005,550340,2,1,0,0,0,0,0,0,0,0,0,0
2005,550341,1,1,0,0,0,0,0,0,0,0,0,0
2005,550342,1,1,0,0,0,0,0,0,0,0,0,0
2005,550342,2,1,0,0,0,0,0,0,0,0,13,0
2005,550343,1,1,0,0,0,0,20,0,4,0,0,0
2005,550344,1,1,0,0,0,0,0,0,0,0,0,0
2005,550344,2,1,22,22,22,22,22,22,22,22,22,22
2005,550345,1,1,0,0,0,0,0,0,0,0,0,0
2005,550345,2,1,0,0,0,0,0,0,0,0,0,0
2005,550346,1,1,6,6,6,6,6,6,6,6,6,6
2005,550346,2,1,0,0,0,25,0,0,0,10,0,0
2005,550347,0,1,20,20,20,20,20,20,20,20,20,20
2005,550347,1,1,11,11,11,11,11,11,11,11,11,11
2005,550348,1,1,0,0,0,0,0,0,0,0,0,0
2005,550349,1,1,0,0,0,0,30,21,0,15,0,0
2005,550350,1,1,0,0,0,0,0,0,0,0,0,0
2005,550350,2,1,0,0,0,0,66,0,0,0,0,0
2005,550351,1,1,0,0,0,0,0,0,0,0,0,0
2005,550352,1,1,0,0,0,0,0,0,0,0,0,0
2005,550352,2,1,0,0,0,0,0,0,0,0,0,0
2005,550353,1,1,0,0,0,0,0,0,0,0,0,0
2005,550354,1,1,0,0,0,0,0,0,0,0,0,0
2005,550354,2,1,0,0,0,0,0,0,0,0,0,0
2005,550355,0,1,0,0,0,0,0,0,0,0,0,0
2005,550355,1,1,0,0,0,0,0,0,0,0,0,0
2005,550356,1,1,0,0,0,0,0,0,0,0,0,0
2005,550357,0,1,0,0,0,0,0,0,0,0,0,0
2005,550357,1,1,0,0,0,0,0,0,0,0,0,0
2005,550358,1,1,0,0,0,0,0,0,0,0,0,0
2005,550358,2,1,0,0,0,0,0,0,0,0,0,0
2005,550359,1,1,0,0,0,0,0,0,0,0,0,0
2005,550359,2,1,0,0,0,0,0,0,0,0,0,0
2005,550360,1,1,0,0,0,0,0,0,0,0,0,0
2005,550361,1,1,37,37,37,37,37,37,37,37,37,37
2005,550362,1,1,0,0,0,0,0,0,0,0,0,0
2005,550362,2,1,10,10,10,10,10,10,10,10,10,10
2005,550363,1,1,13,13,13,13,13,13,13,13,13,13
2005,550364,1,1,13,13,13,13,13,13,13,13,13,13
2005,550365,1,1,15,15,15,15,15,15,15,15,15,15
2005,550366,1,1,0,0,0,0,0,0,0,0,0,0
2005,550366,2,1,12,0,0,0,0,0,0,0,0,0
2005,550367,1,1,29,29,29,29,29,29,29,29,29,29
2005,550368,1,1,0,0,0,0,0,0,0,0,0,0
2005,550368,2,1,0,0,0,0,0,0,0,0,0,0
2005,550369,1,1,0,0,0,0,0,11,0,0,0,0
2005,550370,1,1,12,12,12,12,12,12,12,12,12,12
2005,550371,1,1,16,16,16,16,16,16,16,16,16,16
2005,550372,1,1,0,0,0,0,0,0,0,0,0,0
2005,550372,2,1,0,0,0,0,0,0,0,0,0,0
2005,550373,1,1,6,6,6,6,6,6,6,6,6,6
2005,550374,0,1,9,0,26,31,0,13,21,0,9,22
2005,550374,1,1,13,0,0,0,0,0,0,0,0,0
2005,550375,1,1,13,13,13,13,13,13,13,13,13,13
2005,550375,2,1,0,0,0,0,0,0,0,0,0,0
2005,550376,1,1,26,26,26,26,26,26,26,26,26,26
2005,550377,1,1,0,0,0,0,0,0,0,0,0,0
2005,550377,2,1,0,0,0,0,0,0,0,19,0,0
2005,550378,1,1,8,8,8,8,8,8,8,8,8,8
2005,550379,1,1,7,7,7,7,7,7,7,7,7,7
2005,550380,1,1,32,32,32,32,32,32,32,32,32,32
2005,550381,1,1,0,0,0,0,0,12,0,0,0,0
2005,550382,1,1,0,0,0,0,0,0,0,0,0,0
2005,550382,2,1,0,0,15,0,0,0,0,0,0,0
2005,550383,1,1,16,16,16,16,16,16,16,16,16,16
2005,550384,1,1,14,14,14,14,14,14,14,14,14,14
2005,550385,1,1,19,19,19,19,19,19,19,19,19,19
2005,550386,1,1,0,0,0,0,0,0,0,0,0,0
2005,550387,1,1,0,0,0,0,0,0,0,0,0,0
2005,550387,2,1,0,0,0,0,0,0,0,0,0,0
2005,550388,1,1,0,0,0,0,0,0,0,0,0,0
2005,550388,2,1,0,0,0,0,0,0,0,0,0,0
2005,550389,1,1,0,0,0,0,0,0,0,0,0,0
2005,550389,2,1,0,0,0,0,0,0,0,0,0,0
2005,550390,1,1,0,0,0,0,0,0,0,0,0,0
2005,550390,2,1,0,0,0,0,0,0,0,0,20,0
2005,550391,1,1,13,13,13,13,13,13,13,13,13,13
2005,550392,1,1,0,18,13,0,0,0,0,0,0,0
2005,550393,1,1,23,23,23,23,23,23,23,23,23,23
2005,550394,1,1,28,28,28,28,28,28,28,28,28,28
2005,550395,1,1,17,17,17,17,17,17,17,17,17,17
2005,550396,1,1,27,27,27,27,27,27,27,27,27,27
2005,550397,1,1,0,0,0,0,0,0,15,0,0,0
2005,550397,2,1,11,11,11,11,11,11,11,11,11,11
2005,550398,1,1,26,26,26,26,26,26,26,26,26,26
2005,550399,1,1,0,0,0,0,0,0,0,0,0,0
2005,550399,2,1,0,0,0,0,0,0,0,0,0,0
2005,550400,1,1,0,0,0,0,0,0,0,0,0,0
2005,550400,2,1,0,0,0,0,0,0,0,0,0,0
2005,550401,1,1,0,0,0,0,0,0,0,0,0,0
2005,550402,1,1,19,19,19,19,19,19,19,19,19,19
2005,550402,2,1,0,0,0,0,0,0,0,0,0,0
2005,550403,1,1,15,15,15,15,15,15,15,15,15,15
2005,550404,0,1,26,26,26,26,26,26,26,26,26,26
2005,550404,1,1,18,0,0,0,0,8,27,0,18,11
2005,550405,1,1,20,20,20,20,20,20,20,20,20,20
2005,550406,1,1,10,10,10,10,10,10,10,10,10,10
2005,550407,1,1,0,0,0,0,0,0,0,0,0,0
2005,550407,2,1,0,0,0,0,0,0,0,9,0,0
2005,550408,1,1,20,20,20,20,20,20,20,20,20,20
2005,550409,1,1,17,17,17,17,17,17,17,17,17,17
2005,550410,1,1,0,0,0,0,0,0,0,0,0,0
2005,550411,1,1,0,0,0,0,0,0,0,0,0,10
2005,550412,1,1,5,5,5,5,5,5,5,5,5,5
2005,550413,1,1,0,0,0,0,0,0,0,0,0,0
2005,550413,2,1,0,0,0,0,0,0,0,0,0,0
2005,550414,1,1,0,0,0,0,0,0,0,0,0,0
2005,550415,1,1,0,0,0,0,0,0,0,0,0,0
2005,550415,2,1,0,0,0,0,0,0,0,0,0,0
2005,550416,1,1,24,24,24,24,24,24,24,24,24,24
2005,550417,1,1,0,0,0,0,0,0,0,0,0,0
2005,550417,2,1,0,0,0,0,0,0,0,0,0,0
2005,550418,1,1,0,0,0,0,0,0,0,0,0,0
2005,550418,2,1,0,0,0,0,0,0,0,0,0,0
2005,550418,3,1,0,0,0,0,0,0,0,0,0,0
2005,550418,4,1,0,0,0,0,0,0,0,0,0,0
2005,550419,1,1,19,19,19,19,19,19,19,19,19,19
2005,550419,2,1,6,6,6,6,6,6,6,6,6,6
2005,550420,1,1,0,11,0,0,0,0,0,0,0,0
2005,550420,2,1,0,0,0,0,0,0,0,0,0,0
2005,550421,1,1,0,0,0,0,0,0,0,0,0,0
2005,550422,1,1,0,0,0,0,0,0,0,0,0,0
2005,550423,1,1,22,22,22,22,22,22,22,22,22,22
2005,550424,1,1,0,0,0,0,0,0,0,0,0,0
2005,550425,1,1,0,0,0,0,0,0,0,0,0,0
2005,550425,2,1,0,0,0,0,0,0,0,0,0,0
2005,550426,1,1,24,24,24,24,24,24,24,24,24,24
2005,550426,2,1,0,0,0,0,0,0,0,0,0,0
2005,550427,1,1,5,5,5,5,5,5,5,5,5,5
2005,550427,2,1,0,0,0,0,0,0,0,0,0,0
2005,550428,1,1,0,0,0,0,0,0,0,0,0,0
2005,550428,2,1,0,0,0,0,0,0,0,0,0,0
2005,550429,1,1,4,4,4,4,4,4,4,4,4,4
2005,550429,2,1,0,0,0,0,0,0,0,0,0,0
2005,550430,1,1,1,1,1,1,1,1,1,1,1,1
2005,550431,1,1,0,0,0,0,0,0,0,0,0,0
2005,550431,2,1,16,16,16,16,16,16,16,16,16,16
2005,550431,3,1,0,0,0,0,0,0,0,0,0,0
2005,550431,4,1,0,0,0,0,0,0,0,0,0,0
2005,550432,1,1,0,10,13,10,0,16,10,20,12,0
2005,550433,1,1,0,0,0,0,0,0,0,0,0,0
2005,550433,2,1,0,0,0,0,0,0,0,0,0,0
2005,550434,0,1,0,13,0,20,32,0,0,54,0,0
2005,550434,1,1,0,0,0,0,0,0,0,0,0,0
2005,550435,1,1,0,0,0,0,0,0,0,0,0,0
2005,550435,2,1,0,0,0,0,0,0,0,0,0,0
2005,550436,1,1,0,0,0,0,0,0,0,0,0,0
2005,550437,1,1,0,0,0,0,0,11,0,0,0,0
2005,550437,2,1,0,0,0,0,0,0,0,0,0,0
2005,550438,1,1,0,0,0,0,0,0,0,0,0,0
2005,550439,1,1,0,0,0,0,0,0,0,0,0,0
2005,550439,2,1,0,0,0,0,0,0,0,0,0,0
2005,550440,0,1,0,0,0,0,0,0,0,0,0,0
2005,550440,1,1,0,0,0,0,0,0,0,0,0,0
2005,550441,1,1,15,15,15,15,15,15,15,15,15,15
2005,550441,2,1,0,0,0,0,0,0,0,0,0,0
2005,550442,1,1,16,16,16,16,16,16,16,16,16,16
2005,550442,2,1,5,0,3,29,13,12,22,30,9,16
2005,550443,0,1,19,19,19,19,19,19,19,19,19,19
2005,550443,1,1,0,0,34,0,0,0,22,2,13,39
2005,550444,1,1,1,1,1,1,1,1,1,1,1,1
2005,550445,0,1,0,0,0,0,14,0,0,18,0,0
2005,550445,1,1,0,0,0,0,0,0,0,0,0,0
2005,550446,1,1,10,10,10,10,10,10,10,10,10,10
2005,550447,1,1,0,0,0,0,0,0,0,0,0,0
2005,550448,1,1,18,18,18,18,18,18,18,18,18,18
2005,550449,1,1,0,0,0,0,0,0,0,0,0,0
2005,550450,1,1,0,0,0,0,0,0,0,0,0,0
2005,550450,2,1,0,0,0,0,0,0,0,0,0,0
2005,550451,1,1,0,0,0,19,0,4,0,0,0,0
2005,550451,2,1,0,0,0,0,0,0,0,0,0,0
2005,550452,1,1,17,17,17,17,17,17,17,17,17,17
2005,550453,1,1,0,0,0,0,0,0,0,0,0,0
2005,550454,1,1,19,19,19,19,19,19,19,19,19,19
2005,550455,1,1,26,26,26,26,26,26,26,26,26,26
2005,550456,1,1,22,22,22,22,22,22,22,22,22,22
2005,550457,1,1,0,0,0,0,0,0,0,0,0,0
2005,550457,2,1,0,0,0,0,0,0,0,0,0,0
2005,550458,1,1,11,11,11,11,11,11,11,11,11,11
2005,550459,1,1,0,0,0,0,0,0,0,0,0,0
2005,550459,2,1,0,0,0,0,0,0,0,0,0,0
2005,550460,1,1,0,24,0,0,0,0,0,0,0,0
2005,550460,2,1,0,0,0,0,0,0,0,0,0,0
2005,550461,1,1,0,0,0,0,0,0,0,0,0,0
2005,550461,2,1,0,0,0,0,0,0,0,0,0,0
2005,550461,3,1,0,0,10,0,0,0,0,25,0,0
2005,550462,1,1,14,14,14,14,14,14,14,14,14,14
2005,550463,1,1,21,21,21,21,21,21,21,21,21,21
2005,550464,1,1,0,0,0,0,0,0,0,0,0,0
2005,550464,2,1,0,0,0,0,0,0,0,0,0,0
2005,550465,1,1,0,0,0,0,0,0,0,0,0,0
2005,550465,2,1,0,0,0,0,0,0,0,0,0,0
2005,550466,1,1,0,0,0,0,0,0,0,0,0,0
2005,550466,2,1,0,0,0,0,0,0,0,0,0,0
2005,550467,1,1,0,0,0,0,0,0,0,0,0,0
2005,550467,2,1,0,0,0,0,0,0,0,0,0,0
2005,550467,3,1,0,0,0,0,0,0,0,0,10,0
2005,550468,1,1,34,34,34,34,34,34,34,34,34,34
2005,550469,1,1,0,0,0,0,0,0,0,0,0,0
2005,550469,2,1,0,0,0,0,0,0,0,0,0,0
2005,550470,1,1,14,14,14,14,14,14,14,14,14,14
2005,550471,1,1,0,0,0,0,0,0,0,0,0,0
2005,550471,2,1,0,0,0,0,0,0,0,0,0,0
2005,550472,1,1,0,0,0,0,0,0,0,0,0,0
2005,550472,2,1,0,0,0,0,0,0,0,0,0,0
2005,550473,0,1,21,21,21,21,21,21,21,21,21,21
2005,550473,1,1,0,14,0,24,0,11,0,0,7,33
2005,550474,1,1,20,20,20,20,20,20,20,20,20,20
2005,550475,1,1,20,20,20,20,20,20,20,20,20,20
2005,550476,1,1,0,0,0,0,0,0,0,0,0,0
2005,550476,2,1,0,0,0,0,0,0,0,0,0,0
2005,550477,1,1,17,17,17,17,17,17,17,17,17,17
2005,550478,1,1,22,22,19,3,11,11,31,10,20,0
2005,550478,2,1,0,0,0,0,0,0,0,0,0,0
2005,550478,3,1,0,0,0,0,0,0,0,0,0,0
2005,550479,1,1,0,0,0,0,0,0,0,0,0,0
2005,550479,2,1,0,0,0,0,0,0,0,0,0,0
2005,550480,1,1,0,0,0,11,0,0,21,0,0,0
2005,550480,2,1,0,0,0,0,0,0,0,0,0,0
2005,550481,1,1,0,0,0,0,0,0,0,0,0,0
2005,550482,1,1,2,2,2,2,2,2,2,2,2,2
2005,550483,0,1,16,16,16,16,16,16,16,16,16,16
2005,550483,1,1,0,0,0,0,0,9,0,0,0,0
2005,550484,1,1,0,13,0,0,0,0,0,13,8,16
2005,550484,2,1,0,0,0,0,0,0,0,0,0,0
2005,550485,1,1,13,13,13,13,13,13,13,13,13,13
2005,550486,1,1,17,17,17,17,17,17,17,17,17,17
2005,550487,1,1,0,0,0,0,0,0,0,0,0,0
2005,550487,2,1,0,0,0,0,0,0,0,0,0,0
2005,550488,1,1,0,0,0,0,0,0,0,0,0,0
2005,550488,2,1,0,0,0,0,0,0,0,0,0,0
2005,550489,1,1,14,14,14,14,14,14,14,14,14,14
2005,550489,2,1,0,0,0,0,0,0,0,0,0,0
2005,550490,1,1,25,25,25,25,25,25,25,25,25,25
2005,550491,1,1,14,14,14,14,14,14,14,14,14,14
2005,550492,1,1,0,0,0,0,0,0,0,0,0,0
2005,550492,2,1,0,0,0,0,0,0,0,0,0,0
2005,550493,1,1,0,0,0,0,0,0,0,0,0,0
2005,550493,2,1,0,0,0,0,0,0,0,0,0,0
2005,550494,1,1,0,0,0,0,0,0,0,0,0,0
2005,550494,2,1,0,0,0,0,0,0,0,0,0,0
2005,550494,3,1,0,0,0,0,0,0,0,0,0,0
2005,550495,1,1,20,20,20,20,20,20,20,20,20,20
2005,550496,0,1,0,15,16,23,22,40,18,3,15,0
2005,550496,1,1,20,10,0,0,0,4,13,0,0,31
2005,550497,0,1,0,0,0,0,0,0,0,0,0,0
2005,550497,1,1,0,0,0,0,0,0,0,0,0,0
2005,550498,1,1,0,0,0,0,0,0,0,0,0,4
2005,550498,2,1,0,0,0,0,11,0,0,0,0,0
2005,550499,1,1,0,0,0,0,0,0,0,0,0,0
2005,550499,2,1,0,0,0,0,0,0,0,0,0,0
2005,550500,1,1,17,0,24,19,18,0,11,24,17,14
2005,550501,1,1,0,0,0,0,0,0,0,0,0,0
2005,550501,2,1,0,0,0,0,0,0,0,0,0,0
2005,550502,1,1,7,7,7,7,7,7,7,7,7,7
2005,550503,1,1,0,0,0,0,0,0,0,0,0,0
2005,550504,1,1,0,0,0,0,0,0,0,0,0,0
2005,550505,1,1,0,0,0,0,0,0,0,0,0,0
2005,550505,2,1,0,0,0,0,0,0,0,0,0,0
2005,550505,3,1,0,0,0,0,0,0,0,0,0,0
2005,550506,1,1,24,24,24,24,24,24,24,24,24,24
2005,550507,1,1,21,21,21,21,21,21,21,21,21,21
2005,550508,1,1,9,9,9,9,9,9,9,9,9,9
2005,550509,0,1,12,12,12,12,12,12,12,12,12,12
2005,550509,1,1,19,19,19,19,19,19,19,19,19,19
2005,550510,1,1,10,10,10,10,10,10,10,10,10,10
2005,550510,2,1,12,12,12,12,12,12,12,12,12,12
2005,550511,1,1,15,15,15,15,15,15,15,15,15,15
2005,550512,1,1,19,19,19,19,19,19,19,19,19,19
2005,550512,2,1,21,21,21,21,21,21,21,21,21,21
2005,550513,1,1,16,16,16,16,16,16,16,16,16,16
2005,550513,2,1,0,0,0,0,0,0,0,0,0,0
2005,550513,3,1,0,0,0,0,0,0,0,0,0,0
2005,550514,1,1,0,0,0,0,0,0,0,0,0,0
2005,550515,1,1,0,0,0,0,0,0,0,0,0,0
2005,550516,1,1,0,0,0,0,0,0,0,0,0,0
2005,550517,0,1,20,20,20,20,20,20,20,20,20,20
2005,550517,1,1,0,0,0,0,0,0,0,0,0,0
2005,550518,1,1,0,0,0,0,0,0,0,0,0,0
2005,550518,2,1,0,0,0,0,0,0,0,0,20,0
2005,550519,1,1,24,24,24,24,24,24,24,24,24,24
2005,550520,1,1,0,5,0,0,0,0,0,0,0,7
2005,550520,2,1,0,0,0,0,0,0,0,0,0,0
2005,550521,1,1,0,0,0,0,0,0,0,0,0,0
2005,550521,2,1,0,0,0,0,0,0,0,0,0,0
2005,550522,1,1,0,0,0,0,0,0,0,0,0,0
2005,550522,2,1,0,0,0,0,0,0,0,0,0,0
2005,550523,1,1,0,0,0,0,0,0,0,0,0,0
2005,550524,1,1,0,0,0,0,0,0,0,0,0,2
2005,550524,2,1,17,17,17,17,17,17,17,17,17,17
2005,550525,1,1,23,23,23,23,23,23,23,23,23,23
2005,550526,0,1,0,0,0,0,0,0,0,0,0,0
2005,550526,1,1,0,0,0,0,0,0,0,0,0,0
2005,550527,0,1,20,0,0,0,0,0,0,0,21,0
2005,550527,1,1,0,0,0,0,0,0,0,0,0,0
2005,550528,0,1,0,0,0,0,0,0,0,0,0,0
2005,550528,1,1,9,19,0,0,11,0,6,0,16,0
2005,550529,1,1,0,0,0,0,0,7,0,0,0,0
2005,550529,2,1,0,0,0,16,0,0,0,0,0,0
2005,550530,1,1,30,30,30,30,30,30,30,30,30,30
2005,550531,1,1,0,0,0,0,0,0,0,0,0,0
2005,550531,2,1,9,9,9,9,9,9,9,9,9,9
2005,550532,1,1,19,19,19,19,19,19,19,19,19,19
2005,550533,1,1,22,22,22,22,22,22,22,22,22,22
2005,550533,2,1,0,0,0,0,0,0,0,0,0,0
2005,550534,0,1,0,0,0,0,0,0,0,0,0,0
2005,550534,1,1,13,0,30,0,0,17,0,0,0,0
2005,550535,1,1,21,21,21,21,21,21,21,21,21,21
2005,550536,1,1,0,0,0,0,0,0,0,0,0,0
2005,550536,2,1,0,0,0,0,0,0,0,0,0,0
2005,550537,1,1,8,0,0,0,0,4,7,17,0,0
2005,550538,1,1,25,25,25,25,25,25,25,25,25,25
2005,550539,1,1,0,0,0,0,0,0,0,0,0,0
2005,550539,2,1,0,0,0,0,0,0,0,0,0,0
2005,550539,3,1,4,0,10,0,0,0,0,0,0,0
2005,550540,0,1,0,0,0,0,0,0,0,6,12,0
2005,550540,1,1,8,8,8,8,8,8,8,8,8,8
2005,550541,1,1,0,0,0,0,0,0,0,0,0,0
2005,550541,2,1,0,0,0,0,0,0,0,0,0,0
2005,550542,1,1,25,25,25,25,25,25,25,25,25,25
2005,550543,1,1,19,16,0,0,0,10,0,11,13,0
2005,550543,2,1,9,0,9,14,0,0,0,0,14,0
2005,550543,3,1,0,16,28,0,18,0,26,0,18,31
2005,550544,1,1,0,0,0,0,0,0,0,0,0,0
2005,550544,2,1,0,0,0,0,0,0,0,0,0,0
2005,550545,1,1,0,0,0,0,0,0,0,0,0,0
2005,550546,1,1,0,0,0,0,0,0,0,0,0,0
2005,550547,1,1,0,0,0,0,0,0,0,0,0,0
2005,550547,2,1,0,0,0,0,0,0,0,0,0,0
2005,550548,1,1,0,0,0,0,0,0,0,0,0,0
2005,550548,2,1,0,0,0,0,0,0,0,0,0,0