YEAR,ST_CASE,veh_no,per_no,P1,P2,P3,P4,P5,P6,P7,P8,P9,P10
2005,60001,0,1,17,17,17,17,17,17,17,17,17,17
2005,60001,1,1,10,10,10,10,10,10,10,10,10,10
2005,60002,1,1,0,0,0,0,0,0,0,0,0,0
2005,60003,0,1,0,0,0,0,0,0,0,0,0,0
2005,60003,1,1,0,0,0,0,0,0,0,0,0,0
2005,60004,1,1,0,0,0,0,0,0,0,0,0,0
2005,60005,1,1,0,0,0,0,0,0,0,0,0,0
2005,60006,1,1,0,17,0,0,0,0,0,0,0,0
2005,60007,1,1,0,0,0,0,0,0,0,0,0,0
2005,60008,0,1,17,17,17,17,17,17,17,17,17,17
2005,60008,1,1,0,9,0,0,0,10,0,0,0,11
2005,60009,1,1,13,13,13,13,13,13,13,13,13,13
2005,60010,0,1,0,0,0,0,0,0,0,0,0,0
2005,60010,1,1,0,12,0,0,0,13,0,0,0,0
2005,60011,0,1,15,15,15,15,15,15,15,15,15,15
2005,60011,1,1,4,4,4,4,4,4,4,4,4,4
2005,60012,1,1,3,3,3,3,3,3,3,3,3,3
2005,60013,1,1,0,0,0,0,0,0,0,0,0,0
2005,60014,1,1,0,0,0,0,0,0,0,0,0,0
2005,60015,1,1,33,33,33,33,33,33,33,33,33,33
2005,60016,1,1,0,0,0,0,0,0,0,0,0,0
2005,60016,2,1,0,0,0,0,0,0,0,0,0,0
2005,60017,0,1,0,0,0,0,0,0,0,0,0,0
2005,60017,1,1,0,0,0,0,0,0,0,0,0,0
2005,60018,1,1,0,0,0,0,0,0,0,0,0,0
2005,60018,2,1,19,19,19,19,19,19,19,19,19,19
2005,60018,3,1,0,0,0,0,0,0,18,0,0,0
2005,60019,1,1,17,17,17,17,17,17,17,17,17,17
2005,60020,1,1,0,0,0,0,0,0,0,0,0,0
2005,60021,1,1,0,0,0,0,0,0,0,0,0,0
2005,60021,2,1,0,0,0,0,0,0,0,0,0,0
2005,60022,1,1,0,0,0,0,0,0,0,0,0,0
2005,60023,0,1,0,0,0,0,0,0,0,0,0,0
2005,60023,1,1,0,0,0,0,0,0,0,0,0,0
2005,60023,2,1,0,13,8,15,0,0,17,0,0,12
2005,60024,1,1,7,7,7,7,7,7,7,7,7,7
2005,60025,0,1,30,30,30,30,30,30,30,30,30,30
2005,60025,1,1,0,0,0,0,0,0,0,0,0,0
2005,60026,1,1,0,0,0,0,0,0,0,0,0,0
2005,60027,1,1,0,0,0,0,0,0,0,8,0,0
2005,60028,1,1,20,20,20,20,20,20,20,20,20,20
2005,60029,1,1,0,0,0,0,0,0,0,0,0,0
2005,60030,1,1,19,19,19,19,19,19,19,19,19,19
2005,60031,1,1,11,0,0,0,0,0,0,0,0,0
2005,60032,1,1,26,26,26,26,26,26,26,26,26,26
2005,60033,0,1,0,0,0,0,0,0,0,0,0,0
2005,60033,1,1,0,0,0,0,0,0,0,0,0,0
2005,60034,0,1,0,0,0,0,0,0,0,0,0,0
2005,60034,1,1,2,18,15,8,0,7,10,17,0,0
2005,60035,0,1,5,5,5,5,5,5,5,5,5,5
2005,60035,1,1,0,0,0,0,0,0,0,0,0,0
2005,60036,0,1,21,31,26,23,0,21,0,0,2,28
2005,60036,1,1,0,0,0,0,0,0,0,0,0,0
2005,60037,1,1,0,0,0,0,0,0,0,0,0,0
2005,60037,2,1,0,0,0,0,0,0,0,0,0,0
2005,60037,3,1,0,0,0,0,0,0,0,0,0,0
2005,60038,1,1,0,0,0,0,0,0,0,0,0,0
2005,60038,2,1,0,0,0,0,0,0,0,0,0,0
2005,60039,1,1,0,0,0,0,0,0,0,11,0,0
2005,60039,2,1,0,0,0,0,0,0,0,0,0,0
2005,60040,1,1,0,0,0,0,0,0,0,0,0,0
2005,60040,2,1,0,0,0,0,0,0,0,0,0,0
2005,60041,1,1,0,0,0,0,0,0,0,0,0,0
2005,60041,2,1,0,0,0,0,0,0,0,0,0,0
2005,60041,3,1,0,0,0,0,0,0,0,0,0,0
2005,60042,1,1,0,0,0,0,0,0,0,0,0,0
2005,60042,2,1,0,0,0,0,0,0,0,0,0,0
2005,60043,1,1,3,3,3,3,3,3,3,3,3,3
2005,60043,2,1,0,0,0,0,0,0,25,0,0,0
2005,60044,1,1,0,0,0,0,0,0,0,0,23,0
2005,60044,2,1,0,0,0,0,0,0,0,0,0,0
2005,60045,1,1,11,11,11,11,11,11,11,11,11,11
2005,60045,2,1,0,0,0,5,0,0,0,0,0,0
2005,60046,1,1,17,17,17,17,17,17,17,17,17,17
2005,60046,2,1,0,0,0,0,0,0,0,0,0,0
2005,60047,1,1,0,0,0,0,3,0,0,0,0,0
2005,60048,1,1,33,33,33,33,33,33,33,33,33,33
2005,60048,2,1,0,0,12,0,0,0,0,0,24,0
2005,60049,1,1,0,0,0,0,0,0,4,0,0,0
2005,60049,2,1,0,0,0,0,0,0,0,0,0,0
2005,60050,1,1,0,0,0,0,0,0,0,0,0,0
2005,60051,0,1,0,0,0,0,0,0,0,0,0,0
2005,60051,1,1,0,0,0,0,0,0,0,0,0,0
2005,60052,1,1,12,12,12,12,12,12,12,12,12,12
2005,60053,1,1,0,0,0,0,0,0,0,0,0,0
2005,60053,2,1,0,0,0,0,0,0,0,0,0,0
2005,60054,0,1,0,0,0,0,0,0,0,0,0,0
2005,60054,0,2,0,0,0,0,0,0,0,0,0,0
2005,60054,1,1,0,0,0,0,0,0,0,0,0,0
2005,60055,0,1,0,0,0,0,0,0,0,0,0,0
2005,60055,1,1,0,0,0,0,0,0,0,0,0,0
2005,60056,1,1,0,0,0,0,0,0,0,0,0,0
2005,60056,2,1,6,6,6,6,6,6,6,6,6,6
2005,60057,1,1,0,0,0,0,0,0,0,0,0,0
2005,60058,0,1,12,12,12,12,12,12,12,12,12,12
2005,60058,1,1,25,0,27,21,0,0,0,12,0,0
2005,60059,1,1,0,0,0,0,0,0,0,0,0,0
2005,60059,2,1,0,0,0,0,0,0,0,0,0,0
2005,60060,1,1,16,16,16,16,16,16,16,16,16,16
2005,60061,0,1,16,16,16,16,16,16,16,16,16,16
2005,60061,1,1,12,12,12,12,12,12,12,12,12,12
2005,60062,1,1,0,0,0,0,0,0,0,0,0,0
2005,60063,1,1,0,0,0,0,0,0,0,0,0,0
2005,60064,1,1,0,25,6,0,16,0,0,0,0,7
2005,60064,2,1,11,11,11,11,11,11,11,11,11,11
2005,60065,1,1,3,3,3,3,3,3,3,3,3,3
2005,60065,2,1,0,0,0,0,0,0,2,0,0,0
2005,60066,0,1,31,31,31,31,31,31,31,31,31,31
2005,60066,1,1,0,0,6,0,10,0,0,0,10,18
2005,60067,1,1,0,0,0,0,0,0,0,0,0,0
2005,60067,2,1,0,0,0,0,0,0,0,0,0,0
2005,60067,3,1,0,0,0,0,0,0,0,0,0,0
2005,60068,1,1,0,0,0,0,0,0,0,0,0,0
2005,60068,2,1,0,0,0,0,0,0,0,0,0,0
2005,60068,3,1,0,0,0,0,0,0,0,0,0,0
2005,60068,4,1,0,0,0,0,0,0,0,0,0,0
2005,60069,1,1,0,0,0,0,0,0,0,0,0,0
2005,60070,1,1,0,0,0,0,0,0,0,0,0,0
2005,60070,2,1,0,0,0,5,0,0,0,0,0,0
2005,60071,1,1,0,0,0,0,0,0,0,0,0,0
2005,60072,0,1,0,0,0,0,0,0,0,0,0,0
2005,60072,1,1,0,0,0,0,0,0,0,0,0,0
2005,60073,1,1,0,0,0,0,0,0,0,0,0,0
2005,60074,1,1,17,17,17,17,17,17,17,17,17,17
2005,60075,1,1,0,0,0,0,0,0,0,0,0,0
2005,60076,1,1,6,6,6,6,6,6,6,6,6,6
2005,60077,1,1,23,23,23,23,23,23,23,23,23,23
2005,60078,1,1,0,0,0,0,0,0,0,0,0,0
2005,60079,1,1,0,0,0,0,0,0,0,0,0,0
2005,60080,1,1,32,32,32,32,32,32,32,32,32,32
2005,60080,2,1,0,0,0,0,0,0,0,0,0,0
2005,60081,1,1,9,9,9,9,9,9,9,9,9,9
2005,60081,2,1,0,0,0,0,0,0,0,0,0,0
2005,60082,1,1,0,0,0,0,0,0,0,0,0,0
2005,60082,2,1,0,0,0,0,0,0,6,0,0,0
2005,60083,1,1,0,0,0,0,0,0,0,0,0,0
2005,60083,2,1,0,0,0,0,0,0,0,0,0,0
2005,60083,3,1,0,0,0,0,0,0,16,0,0,0
2005,60084,1,1,0,0,0,0,0,0,0,0,0,0
2005,60084,2,1,0,0,0,0,0,0,0,0,0,0
2005,60085,1,1,0,0,0,0,0,0,0,0,0,0
2005,60085,2,1,0,0,0,0,0,0,0,0,0,0
2005,60086,1,1,0,0,0,0,0,0,0,0,0,0
2005,60086,2,1,0,0,0,0,0,0,0,0,0,0
2005,60087,1,1,0,0,0,0,0,0,0,0,0,0
2005,60087,2,1,0,0,0,0,0,0,0,0,0,0
2005,60088,1,1,0,0,0,0,0,0,0,0,0,0
2005,60089,1,1,0,0,0,0,0,0,0,0,0,0
2005,60089,2,1,0,0,0,0,0,0,0,0,0,0
2005,60089,3,1,0,0,0,1,0,0,0,0,0,0
2005,60089,4,1,0,0,0,0,0,0,0,0,0,0
2005,60090,0,1,0,7,0,0,0,0,16,0,0,5
2005,60090,1,1,0,0,0,0,0,0,0,0,0,0
2005,60090,2,1,0,0,0,0,0,0,0,0,0,0
2005,60091,1,1,0,0,0,0,0,0,0,0,0,0
2005,60092,1,1,0,0,0,0,0,0,5,0,0,0
2005,60093,1,1,0,0,0,0,0,0,0,0,0,0
2005,60093,2,1,0,0,0,0,0,0,0,0,0,0
2005,60094,0,1,0,0,0,0,0,0,0,0,0,0
2005,60094,1,1,0,0,0,0,0,0,0,0,0,0
2005,60095,0,1,0,0,0,0,0,0,0,0,0,0
2005,60095,1,1,0,0,0,0,0,0,0,0,0,0
2005,60096,1,1,0,34,5,0,0,27,0,0,10,0
2005,60097,1,1,0,0,0,0,0,0,0,0,0,0
2005,60098,0,1,0,0,0,0,0,0,0,0,0,0
2005,60098,1,1,0,0,0,0,0,0,0,0,0,4
2005,60099,0,1,0,0,0,0,0,0,0,0,0,0
2005,60099,1,1,0,0,0,0,0,0,0,0,0,0
2005,60100,1,1,11,11,11,11,11,11,11,11,11,11
2005,60101,0,1,0,0,0,0,0,0,0,0,0,0
2005,60101,1,1,0,0,0,0,0,0,0,0,0,0
2005,60102,1,1,4,4,4,4,4,4,4,4,4,4
2005,60103,0,1,0,0,0,0,0,0,0,0,0,0
2005,60103,0,2,0,0,0,8,0,0,0,4,0,0
2005,60103,1,1,0,0,0,0,0,0,0,0,0,0
2005,60104,1,1,0,0,0,0,0,0,0,0,0,0
2005,60105,1,1,18,18,18,18,18,18,18,18,18,18
2005,60106,0,1,0,0,0,0,0,0,0,0,0,0
2005,60106,1,1,0,0,0,0,0,0,0,0,0,0
2005,60107,1,1,0,0,0,0,0,0,0,0,0,0
2005,60108,1,1,0,0,0,0,0,0,0,0,0,0
2005,60109,0,1,7,7,7,7,7,7,7,7,7,7
2005,60109,0,2,0,0,0,0,0,0,0,0,0,0
2005,60109,1,1,0,0,0,0,0,0,0,0,0,0
2005,60110,1,1,0,0,0,0,0,0,0,0,23,0
2005,60111,1,1,22,22,22,22,22,22,22,22,22,22
2005,60112,0,1,0,0,0,0,0,0,0,0,0,0
2005,60112,1,1,0,0,0,0,0,0,0,0,0,0
2005,60113,1,1,22,22,22,22,22,22,22,22,22,22
2005,60114,0,1,0,0,0,0,0,0,0,0,0,0
2005,60114,1,1,0,0,0,0,0,0,0,0,0,0
2005,60115,1,1,0,0,0,11,0,0,0,0,0,0
2005,60115,2,1,0,0,0,0,0,0,0,0,0,0
2005,60115,3,1,0,0,0,0,0,0,0,0,0,0
2005,60116,0,1,0,0,0,0,0,0,0,0,0,0
2005,60116,0,2,0,0,8,0,0,0,12,13,0,19
2005,60116,1,1,0,0,0,0,0,0,0,0,0,0
2005,60116,2,1,0,0,0,0,0,0,0,0,0,0
2005,60116,3,1,0,0,0,0,0,0,0,0,0,0
2005,60117,0,1,21,0,0,21,0,0,0,48,6,0
2005,60117,1,1,13,13,13,13,13,13,13,13,13,13
2005,60118,1,1,2,2,2,2,2,2,2,2,2,2
2005,60119,1,1,0,0,0,0,0,0,0,0,0,0
2005,60120,1,1,0,0,0,0,0,0,0,0,0,0
2005,60121,1,1,0,0,0,0,0,0,0,0,9,0
2005,60122,0,1,0,0,0,0,0,0,0,0,0,0
2005,60122,1,1,0,0,0,0,0,0,0,0,0,0
2005,60123,1,1,23,23,23,23,23,23,23,23,23,23
2005,60123,2,1,0,0,0,0,0,11,0,0,0,0
2005,60124,1,1,0,0,0,0,0,0,0,0,0,0
2005,60124,2,1,0,0,0,0,0,0,0,0,0,0
2005,60124,3,1,0,1,0,0,0,0,0,0,0,0
2005,60124,4,1,0,0,0,0,0,0,0,0,0,0
2005,60124,5,1,0,0,0,0,0,0,0,0,0,0
2005,60124,6,1,0,0,0,0,0,2,0,0,0,0
2005,60125,1,1,1,1,1,1,1,1,1,1,1,1
2005,60125,2,1,0,0,0,0,0,0,0,0,0,0
2005,60126,1,1,0,0,0,0,0,0,0,0,0,0
2005,60126,2,1,0,0,0,5,0,0,0,0,0,0
2005,60127,1,1,0,0,0,0,0,0,0,0,0,0
2005,60128,1,1,0,0,0,0,0,0,0,0,0,0
2005,60129,1,1,4,4,4,4,4,4,4,4,4,4
2005,60130,1,1,25,25,25,25,25,25,25,25,25,25
2005,60131,0,1,38,38,38,38,38,38,38,38,38,38
2005,60131,1,1,0,0,0,0,0,0,0,0,0,0
2005,60132,0,1,0,0,0,0,0,0,0,0,0,0
2005,60132,1,1,13,13,13,13,13,13,13,13,13,13
2005,60133,1,1,0,0,0,0,0,0,0,0,0,0
2005,60134,1,1,0,0,0,0,0,0,0,0,0,0
2005,60135,1,1,0,0,0,0,0,0,0,0,0,0
2005,60135,2,1,0,0,0,0,0,0,0,0,0,0
2005,60136,0,1,0,0,0,0,0,0,0,0,0,0
2005,60136,1,1,0,0,0,0,0,0,0,0,0,0
2005,60137,1,1,23,23,23,23,23,23,23,23,23,23
2005,60138,1,1,26,26,26,26,26,26,26,26,26,26
2005,60139,0,1,13,13,13,13,13,13,13,13,13,13
2005,60139,1,1,0,0,0,0,0,0,0,0,0,0
2005,60140,1,1,1,1,1,1,1,1,1,1,1,1
2005,60140,2,1,0,0,0,0,0,0,0,0,0,0
2005,60141,1,1,9,9,9,9,9,9,9,9,9,9
2005,60142,0,1,21,21,21,21,21,21,21,21,21,21
2005,60142,1,1,0,0,0,0,0,0,17,0,0,0
2005,60143,1,1,0,0,0,0,0,0,0,0,0,0
2005,60143,2,1,0,0,0,0,0,0,0,0,0,0
2005,60143,3,1,0,0,0,21,0,0,0,0,0,0
2005,60143,4,1,0,0,0,0,0,0,0,0,0,0
2005,60143,5,1,0,0,0,0,0,0,0,0,0,0
2005,60144,1,1,0,0,0,0,0,0,0,0,0,0
2005,60145,1,1,21,19,15,16,28,5,19,9,19,0
2005,60145,2,1,4,0,0,0,0,0,0,0,0,0
2005,60146,0,1,0,0,0,0,0,0,0,0,0,0
2005,60146,1,1,0,0,0,0,0,0,0,0,0,0
2005,60147,1,1,0,0,0,0,0,0,0,0,0,0
2005,60147,2,1,0,0,0,0,0,0,0,0,0,0
2005,60148,1,1,0,0,0,0,0,0,0,0,0,0
2005,60148,2,1,0,7,0,0,0,0,2,0,0,3
2005,60149,1,1,0,0,0,0,0,0,0,0,0,0
2005,60149,2,1,0,0,0,0,0,0,0,0,0,0
2005,60150,1,1,0,0,0,0,0,0,0,0,0,0
2005,60150,2,1,0,0,0,0,0,0,0,0,0,0
2005,60151,1,1,0,0,0,0,0,0,0,0,0,0
2005,60151,2,1,0,0,0,0,0,0,0,0,0,0
2005,60152,0,1,0,0,0,0,0,0,0,0,0,0
2005,60152,1,1,0,0,17,0,0,0,0,15,0,0
2005,60153,1,1,0,0,0,0,0,0,0,0,0,0
2005,60154,1,1,0,0,0,0,0,0,0,0,0,0
2005,60155,0,1,0,0,0,0,0,0,0,0,0,0
2005,60155,1,1,0,0,0,0,0,0,0,0,0,0
2005,60156,1,1,0,0,0,0,0,0,0,0,0,0
2005,60157,1,1,0,0,0,0,0,0,0,0,0,0
2005,60158,1,1,0,0,0,0,0,0,0,0,0,0
2005,60159,1,1,17,17,17,17,17,17,17,17,17,17
2005,60160,1,1,0,0,0,0,0,0,0,0,0,0
2005,60161,1,1,0,0,0,0,0,0,0,0,0,0
2005,60162,0,1,0,0,0,0,0,0,0,0,0,0
2005,60162,1,1,0,0,0,0,0,0,0,0,0,0
2005,60163,0,1,21,21,21,21,21,21,21,21,21,21
2005,60163,1,1,0,0,0,22,0,0,17,0,0,0
2005,60164,1,1,0,0,0,0,0,0,0,0,0,0
2005,60165,0,1,0,0,0,0,0,0,0,0,0,0
2005,60165,1,1,0,0,0,0,0,0,0,0,0,0
2005,60166,1,1,0,0,0,0,0,0,0,0,0,0
2005,60167,1,1,10,10,10,10,10,10,10,10,10,10
2005,60168,1,1,22,22,22,22,22,22,22,22,22,22
2005,60169,0,1,6,6,6,6,6,6,6,6,6,6
2005,60169,1,1,18,18,18,18,18,18,18,18,18,18
2005,60170,1,1,20,20,20,20,20,20,20,20,20,20
2005,60170,2,1,0,0,0,0,0,0,0,0,0,0
2005,60171,1,1,3,3,3,3,3,3,3,3,3,3
2005,60171,2,1,0,0,0,0,0,0,0,0,0,0
2005,60172,1,1,0,0,0,0,0,0,0,0,0,0
2005,60172,2,1,0,0,0,0,0,0,0,0,0,0
2005,60173,1,1,22,22,22,22,22,22,22,22,22,22
2005,60174,1,1,16,16,16,16,16,16,16,16,16,16
2005,60174,2,1,0,0,0,0,0,0,0,0,0,0
2005,60175,1,1,0,0,0,0,0,0,0,0,0,0
2005,60175,2,1,0,0,24,0,0,0,0,0,0,0
2005,60176,1,1,0,0,0,0,0,0,0,0,0,0
2005,60176,2,1,0,0,0,0,0,0,0,0,0,0
2005,60177,1,1,0,0,0,0,0,0,0,0,0,0
2005,60178,1,1,0,0,0,0,0,0,0,0,0,0
2005,60178,2,1,0,0,0,0,0,0,0,0,0,0
2005,60179,1,1,4,4,4,4,4,4,4,4,4,4
2005,60180,0,1,0,0,0,0,0,0,0,0,0,0
2005,60180,0,2,0,0,0,0,0,0,0,0,0,0
2005,60180,1,1,0,0,0,0,0,0,0,0,0,0
2005,60181,1,1,0,0,0,0,0,0,0,0,0,0
2005,60182,0,1,0,0,0,0,0,0,0,0,0,0
2005,60182,1,1,0,0,0,0,0,0,0,0,0,0
2005,60183,1,1,13,13,13,13,13,13,13,13,13,13
2005,60184,0,1,0,17,0,10,25,22,24,12,31,16
2005,60184,1,1,25,0,34,0,20,0,0,0,0,0
2005,60185,0,1,13,13,13,13,13,13,13,13,13,13
2005,60185,1,1,0,36,0,13,0,0,5,0,0,0
2005,60186,1,1,0,0,0,0,0,0,0,0,0,0
2005,60187,0,1,0,0,0,0,0,0,0,0,0,0
2005,60187,1,1,0,0,0,0,0,0,0,0,0,0
2005,60188,0,1,0,0,0,0,0,0,0,0,0,0
2005,60188,1,1,0,0,17,0,0,0,0,0,5,0
2005,60189,0,1,0,0,0,0,0,0,0,0,0,0
2005,60189,1,1,0,0,0,0,0,0,0,0,0,0
2005,60190,1,1,9,0,0,0,0,0,0,0,0,3
2005,60190,2,1,0,0,0,0,0,0,0,0,0,0
2005,60191,1,1,0,0,0,0,0,0,0,0,0,0
2005,60192,1,1,26,26,26,26,26,26,26,26,26,26
2005,60193,0,1,0,0,0,0,0,0,0,0,0,0
2005,60193,1,1,5,24,17,16,18,0,29,17,15,11
2005,60194,1,1,11,14,16,7,22,19,35,24,26,39
2005,60194,2,1,0,0,0,0,0,0,0,0,0,0
2005,60195,0,1,0,0,0,0,0,0,0,0,0,0
2005,60195,1,1,0,0,0,0,0,0,0,0,0,0
2005,60196,1,1,0,0,0,0,0,0,0,0,0,0
2005,60196,2,1,0,0,0,0,0,0,0,0,0,0
2005,60197,0,1,0,0,0,0,0,0,0,0,0,0
2005,60197,1,1,0,0,0,0,0,0,0,0,0,0
2005,60198,1,1,0,0,0,0,0,0,0,0,0,0
2005,60198,2,1,0,0,0,0,0,0,0,0,0,0
2005,60199,0,1,0,33,0,0,0,11,0,0,18,0
2005,60199,1,1,0,0,0,0,0,0,0,0,0,0
2005,60199,2,1,0,14,11,9,20,11,6,32,0,0
2005,60200,1,1,14,14,14,14,14,14,14,14,14,14
2005,60201,1,1,2,2,2,2,2,2,2,2,2,2
2005,60202,0,1,0,19,29,15,38,0,0,17,0,0
2005,60202,1,1,0,0,0,20,0,0,0,0,0,0
2005,60203,0,1,0,0,0,0,0,0,0,0,0,0
2005,60203,0,2,0,13,9,24,0,0,0,0,0,0
2005,60203,0,3,0,0,0,0,0,0,0,0,0,0
2005,60203,1,1,0,0,0,0,7,0,0,10,7,0
2005,60204,1,1,13,13,13,13,13,13,13,13,13,13
2005,60204,2,1,0,0,0,22,0,0,0,0,0,0
2005,60205,1,1,10,10,10,10,10,10,10,10,10,10
2005,60206,0,1,0,0,0,0,0,0,0,0,0,0
2005,60206,1,1,14,14,14,14,14,14,14,14,14,14
2005,60207,1,1,0,0,0,0,0,0,0,0,0,0
2005,60208,1,1,0,0,0,0,0,0,0,0,0,0
2005,60209,1,1,0,0,0,0,0,0,0,0,0,0
2005,60209,2,1,0,0,7,0,0,0,0,0,0,0
2005,60210,1,1,0,0,0,0,0,0,0,0,0,0
2005,60210,2,1,0,0,0,0,0,0,0,0,0,0
2005,60211,1,1,0,0,0,0,0,0,0,0,0,0
2005,60211,2,1,0,0,0,0,0,0,0,0,0,0
2005,60212,1,1,0,0,0,0,0,0,0,0,0,0
2005,60212,2,1,0,0,0,0,0,0,0,0,0,0
2005,60213,1,1,14,14,14,14,14,14,14,14,14,14
2005,60213,2,1,17,0,0,0,0,0,0,0,0,0
2005,60214,0,1,0,0,0,0,0,0,0,0,0,0
2005,60214,0,2,0,0,0,0,0,0,0,0,0,0
2005,60214,1,1,0,0,0,0,0,0,0,0,0,0
2005,60215,0,1,0,0,0,0,0,0,0,0,0,0
2005,60216,0,1,0,0,0,0,0,0,0,0,0,0
2005,60216,1,1,17,0,0,0,0,0,0,0,0,0
2005,60217,1,1,0,0,0,0,0,0,0,0,0,0
2005,60218,0,1,29,29,29,29,29,29,29,29,29,29
2005,60218,1,1,0,0,0,0,0,0,14,0,0,0
2005,60219,0,1,0,0,0,0,0,0,0,0,0,0
2005,60219,1,1,0,0,0,0,0,0,0,0,0,0
2005,60220,1,1,17,17,17,17,17,17,17,17,17,17
2005,60221,0,1,0,0,0,0,0,0,0,0,0,0
2005,60221,1,1,0,26,0,0,0,0,0,9,0,0
2005,60222,0,1,28,28,28,28,28,28,28,28,28,28
2005,60222,1,1,6,6,6,6,6,6,6,6,6,6
2005,60223,1,1,10,11,14,21,13,2,23,0,5,17
2005,60224,1,1,0,0,0,0,0,0,0,0,0,0
2005,60225,1,1,0,0,0,0,0,0,0,0,0,0
2005,60225,2,1,0,0,0,0,0,0,0,0,0,0
2005,60225,3,1,0,0,0,0,0,0,0,0,0,0
2005,60225,4,1,0,0,0,0,0,0,0,0,0,0
2005,60226,0,1,21,21,21,21,21,21,21,21,21,21
2005,60226,1,1,0,0,0,0,0,0,0,0,0,0
2005,60226,2,1,0,0,0,0,0,0,0,0,0,0
2005,60227,1,1,0,0,0,0,0,0,0,0,0,0
2005,60228,1,1,0,0,0,0,0,0,0,0,0,0
2005,60229,1,1,0,0,0,0,0,0,0,0,0,0
2005,60230,1,1,0,0,0,0,0,0,0,0,0,0
2005,60231,1,1,0,13,10,0,12,0,16,0,17,0
2005,60232,0,1,4,4,4,4,4,4,4,4,4,4
2005,60232,1,1,0,0,0,0,0,0,0,0,0,0
2005,60232,2,1,0,0,0,0,0,0,0,0,0,0
2005,60233,1,1,0,0,0,0,0,0,0,0,0,0
2005,60233,2,1,0,0,0,0,0,0,0,0,0,0
2005,60234,1,1,0,0,0,0,0,0,0,0,0,0
2005,60234,2,1,0,0,0,0,0,0,0,0,0,0
2005,60234,3,1,0,0,0,0,0,0,0,0,0,0
2005,60234,4,1,0,0,0,0,0,0,0,0,0,0
2005,60235,1,1,3,3,3,3,3,3,3,3,3,3
2005,60236,1,1,0,0,0,0,0,0,0,0,0,0
2005,60236,2,1,0,0,0,0,0,0,0,0,0,0
2005,60237,1,1,0,0,0,0,0,0,0,0,0,0
2005,60237,2,1,0,0,0,0,0,0,0,0,0,0
2005,60237,3,1,0,0,0,0,0,0,0,0,0,0
2005,60238,1,1,0,0,0,0,0,0,0,0,0,0
2005,60238,2,1,0,0,0,0,0,0,0,0,0,0
2005,60239,1,1,0,0,0,0,0,0,0,0,0,0
2005,60239,2,1,0,0,0,0,0,0,0,0,0,0
2005,60240,1,1,0,0,0,0,0,0,0,0,0,0
2005,60241,0,1,20,20,20,20,20,20,20,20,20,20
2005,60241,1,1,0,0,0,0,0,0,0,0,0,0
2005,60242,1,1,0,3,0,0,0,0,0,0,0,0
2005,60243,0,1,0,0,0,0,0,0,0,0,0,0
2005,60243,1,1,0,0,0,0,0,0,0,0,0,0
2005,60244,0,1,0,0,0,0,0,0,0,0,0,0
2005,60244,1,1,0,0,0,0,0,0,0,0,0,0
2005,60245,1,1,12,12,12,12,12,12,12,12,12,12
2005,60245,2,1,0,0,0,0,0,0,0,0,0,0
2005,60246,1,1,1,1,1,1,1,1,1,1,1,1
2005,60246,2,1,0,0,0,0,0,0,0,0,0,0
2005,60247,1,1,0,0,0,0,0,0,0,0,0,0
2005,60247,2,1,0,0,0,0,0,0,0,0,19,0
2005,60248,1,1,0,0,0,0,0,0,0,0,0,0
2005,60248,2,1,0,0,0,0,0,0,0,0,0,0
2005,60249,1,1,16,16,16,16,16,16,16,16,16,16
2005,60249,2,1,0,0,0,0,0,0,0,0,0,0
2005,60250,1,1,0,0,0,0,0,0,0,0,0,0
2005,60250,2,1,0,0,0,0,0,0,0,0,0,0
2005,60251,1,1,0,0,0,0,0,0,0,0,0,0
2005,60251,2,1,0,0,0,0,0,0,0,0,0,0
2005,60252,1,1,0,0,0,0,0,0,0,0,0,0
2005,60253,1,1,10,10,10,10,10,10,10,10,10,10
2005,60254,0,1,32,32,32,32,32,32,32,32,32,32
2005,60254,1,1,0,0,0,0,0,0,0,0,0,0
2005,60255,1,1,0,0,0,0,0,0,0,0,0,0
2005,60256,1,1,28,28,28,28,28,28,28,28,28,28
2005,60256,2,1,0,0,0,0,0,0,0,0,0,0
2005,60256,3,1,0,0,0,0,0,0,0,0,0,0
2005,60257,1,1,0,0,0,0,0,0,0,0,0,0
2005,60257,2,1,0,0,0,0,0,0,0,0,0,0
2005,60258,0,1,0,0,0,0,0,0,0,0,0,0
2005,60258,1,1,28,0,28,21,0,0,0,23,27,6
2005,60259,1,1,0,0,0,0,0,0,0,0,0,0
2005,60259,2,1,0,0,0,0,0,0,0,0,0,0
2005,60259,3,1,0,0,0,0,0,0,0,0,0,0
2005,60260,1,1,0,0,0,0,0,0,0,0,0,0