YEAR,ST_CASE,veh_no,per_no,P1,P2,P3,P4,P5,P6,P7,P8,P9,P10
2005,60260,2,1,0,0,0,0,0,0,0,0,0,0
2005,60261,1,1,0,0,0,0,0,0,0,0,0,0
2005,60262,1,1,20,20,20,20,20,20,20,20,20,20
2005,60262,2,1,0,0,0,0,0,0,0,0,0,0
2005,60263,1,1,0,0,0,11,0,0,6,0,0,12
2005,60264,1,1,0,0,0,0,0,0,0,0,0,0
2005,60264,2,1,0,0,0,0,0,0,0,0,0,0
2005,60265,1,1,0,0,0,0,0,0,0,0,0,0
2005,60265,2,1,0,0,0,0,0,0,0,0,0,0
2005,60266,0,1,23,23,23,23,23,23,23,23,23,23
2005,60266,1,1,0,0,0,0,0,0,0,0,0,0
2005,60267,1,1,12,12,12,12,12,12,12,12,12,12
2005,60268,0,1,0,0,0,0,0,0,0,0,0,0
2005,60268,1,1,0,31,27,0,36,0,0,0,11,0
2005,60269,0,1,34,34,34,34,34,34,34,34,34,34
2005,60269,1,1,0,0,0,0,0,0,0,0,0,0
2005,60270,1,1,16,0,7,0,22,0,13,11,0,0
2005,60270,2,1,0,0,0,0,0,0,0,0,0,0
2005,60270,3,1,0,0,0,0,0,0,0,0,0,0
2005,60271,1,1,0,0,0,0,0,0,0,0,0,0
2005,60272,1,1,0,0,0,0,0,0,0,0,0,0
2005,60273,1,1,15,15,15,15,15,15,15,15,15,15
2005,60274,0,1,0,0,0,0,0,0,0,0,0,0
2005,60274,1,1,0,0,0,0,0,0,0,0,0,0
2005,60275,1,1,0,0,0,0,0,0,0,0,0,0
2005,60276,0,1,0,0,0,0,0,0,0,0,0,0
2005,60276,1,1,0,10,0,0,0,0,0,0,0,0
2005,60277,0,1,0,0,0,0,0,0,0,0,0,0
2005,60277,1,1,0,0,0,0,0,0,0,0,0,0
2005,60278,1,1,0,0,0,0,0,0,0,0,0,0
2005,60279,1,1,28,28,28,28,28,28,28,28,28,28
2005,60280,0,1,0,0,0,0,0,0,0,0,0,0
2005,60280,1,1,0,0,0,0,0,0,0,0,0,0
2005,60281,1,1,0,0,0,0,0,0,0,0,0,0
2005,60282,1,1,9,9,9,9,9,9,9,9,9,9
2005,60283,1,1,10,10,10,10,10,10,10,10,10,10
2005,60284,0,1,25,25,25,25,25,25,25,25,25,25
2005,60284,1,1,0,0,0,0,0,0,0,0,0,0
2005,60285,1,1,0,0,0,0,0,0,0,0,0,0
2005,60285,2,1,0,0,0,0,0,0,0,0,0,7
2005,60286,0,1,27,27,27,27,27,27,27,27,27,27
2005,60286,1,1,0,0,0,0,0,0,0,0,0,0
2005,60287,1,1,11,11,11,11,11,11,11,11,11,11
2005,60288,0,1,20,20,20,20,20,20,20,20,20,20
2005,60288,1,1,0,0,0,0,0,0,0,0,0,0
2005,60289,1,1,0,0,0,0,0,0,0,0,31,0
2005,60289,2,1,0,0,0,0,0,0,0,0,0,0
2005,60290,1,1,0,0,0,0,0,0,4,0,0,0
2005,60290,2,1,0,0,0,0,0,0,0,0,0,0
2005,60291,1,1,0,8,0,0,0,0,0,0,0,0
2005,60292,1,1,7,7,7,7,7,7,7,7,7,7
2005,60293,1,1,0,0,0,0,0,0,0,0,0,0
2005,60293,2,1,0,0,0,0,0,0,0,0,0,0
2005,60293,3,1,0,0,0,0,0,0,0,0,0,0
2005,60294,1,1,0,0,0,0,0,0,0,0,0,0
2005,60294,2,1,7,7,7,7,7,7,7,7,7,7
2005,60295,0,1,0,0,0,0,0,0,0,0,0,0
2005,60295,1,1,0,0,0,0,13,0,0,0,0,0
2005,60296,1,1,19,19,19,19,19,19,19,19,19,19
2005,60297,1,1,12,12,12,12,12,12,12,12,12,12
2005,60298,1,1,0,0,5,0,0,0,0,8,0,0
2005,60299,1,1,0,0,0,0,0,0,0,0,0,0
2005,60299,2,1,0,0,0,0,0,0,0,0,0,0
2005,60299,3,1,0,0,0,0,0,0,0,0,0,0
2005,60300,1,1,0,0,0,0,0,0,0,17,0,0
2005,60301,1,1,24,24,24,24,24,24,24,24,24,24
2005,60302,1,1,19,19,19,19,19,19,19,19,19,19
2005,60302,2,1,0,0,0,0,0,0,0,0,0,0
2005,60303,1,1,0,0,0,0,0,0,0,0,0,0
2005,60303,2,1,0,0,0,0,0,0,0,0,0,0
2005,60304,0,1,0,0,0,0,0,0,0,0,0,0
2005,60304,0,2,0,0,0,0,0,0,0,0,0,0
2005,60304,1,1,0,0,0,0,0,0,0,0,0,0
2005,60305,1,1,0,0,0,0,0,0,0,0,0,0
2005,60305,2,1,14,0,13,8,24,0,0,11,15,0
2005,60306,0,1,0,0,0,0,0,0,0,0,0,0
2005,60306,1,1,0,0,0,0,0,0,0,0,0,0
2005,60307,1,1,27,27,27,27,27,27,27,27,27,27
2005,60308,1,1,18,18,18,18,18,18,18,18,18,18
2005,60309,1,1,0,0,0,0,0,0,0,0,0,0
2005,60310,0,1,0,0,0,0,0,0,0,0,0,0
2005,60310,1,1,0,0,0,0,0,0,0,0,0,0
2005,60311,1,1,0,0,0,0,0,0,0,0,0,0
2005,60311,2,1,0,0,0,0,0,0,0,0,0,0
2005,60312,1,1,9,9,9,9,9,9,9,9,9,9
2005,60313,1,1,0,0,0,0,0,16,0,0,0,0
2005,60314,1,1,0,0,0,0,0,0,0,0,0,6
2005,60314,2,1,0,0,0,0,0,0,0,0,0,0
2005,60315,1,1,0,0,0,0,0,0,0,0,0,0
2005,60316,1,1,0,0,0,0,0,0,0,0,0,0
2005,60316,2,1,0,0,0,0,0,0,0,0,0,0
2005,60317,0,1,0,0,0,0,0,0,0,0,0,0
2005,60317,1,1,0,0,0,0,0,0,0,0,0,0
2005,60318,1,1,0,0,0,0,0,0,0,0,0,0
2005,60318,2,1,0,5,0,0,0,0,0,0,0,11
2005,60319,1,1,0,0,0,0,0,0,0,0,0,0
2005,60319,2,1,0,0,0,0,0,0,0,0,0,0
2005,60320,0,1,18,18,18,18,18,18,18,18,18,18
2005,60320,1,1,0,0,0,0,0,0,0,0,0,0
2005,60321,1,1,0,0,0,0,0,0,0,0,0,0
2005,60322,1,1,8,0,0,0,0,0,0,0,0,0
2005,60323,1,1,0,0,0,0,0,0,0,0,0,0
2005,60324,1,1,0,0,0,0,0,0,0,0,0,0
2005,60325,0,1,0,0,0,0,0,0,0,0,0,0
2005,60325,1,1,0,0,0,0,0,0,0,14,0,0
2005,60326,0,1,0,0,0,0,0,0,0,0,0,0
2005,60326,1,1,0,0,0,0,0,0,0,0,0,0
2005,60327,1,1,21,21,21,21,21,21,21,21,21,21
2005,60328,1,1,8,8,8,8,8,8,8,8,8,8
2005,60329,1,1,0,0,0,0,0,0,0,0,0,0
2005,60330,1,1,0,0,0,0,21,0,0,14,0,19
2005,60331,1,1,23,23,23,23,23,23,23,23,23,23
2005,60332,0,1,11,11,11,11,11,11,11,11,11,11
2005,60332,1,1,0,0,0,0,0,0,0,0,0,0
2005,60333,1,1,0,0,0,0,0,0,0,0,0,0
2005,60334,0,1,0,0,0,0,0,0,0,0,0,0
2005,60334,1,1,0,0,0,0,0,0,0,0,0,0
2005,60335,1,1,0,0,0,0,0,0,0,0,0,0
2005,60336,1,1,0,0,0,0,10,0,0,0,0,0
2005,60337,0,1,12,12,12,12,12,12,12,12,12,12
2005,60337,1,1,12,22,0,0,0,24,0,28,10,0
2005,60338,1,1,0,0,0,0,0,0,0,0,0,0
2005,60339,1,1,0,0,0,0,0,10,11,19,0,6
2005,60340,1,1,0,0,0,0,0,0,0,0,0,0
2005,60340,2,1,0,0,0,14,15,0,0,0,0,0
2005,60341,1,1,0,0,0,0,0,0,0,0,0,0
2005,60341,2,1,0,0,0,0,0,0,0,0,0,0
2005,60342,1,1,0,0,0,0,0,0,0,0,0,0
2005,60342,2,1,0,0,0,0,0,0,0,0,0,0
2005,60343,1,1,0,0,0,0,0,0,0,0,0,0
2005,60343,2,1,0,0,0,0,0,0,0,0,0,0
2005,60344,1,1,3,3,3,3,3,3,3,3,3,3
2005,60344,2,1,0,0,0,0,0,0,0,0,0,0
2005,60345,1,1,0,0,0,0,0,0,0,0,0,0
2005,60345,2,1,0,0,0,0,0,15,0,0,0,0
2005,60345,3,1,11,11,11,11,11,11,11,11,11,11
2005,60346,1,1,6,7,11,0,7,26,16,8,11,28
2005,60346,2,1,0,0,13,7,0,0,14,21,0,11
2005,60347,1,1,0,0,0,0,0,0,0,0,0,0
2005,60347,2,1,0,0,16,0,0,0,0,0,0,0
2005,60348,1,1,0,0,0,0,0,0,0,0,0,0
2005,60348,2,1,0,0,0,0,0,0,0,0,0,0
2005,60349,1,1,0,0,0,0,0,0,0,0,0,0
2005,60349,2,1,0,0,0,0,0,0,0,0,0,0
2005,60350,1,1,8,8,8,8,8,8,8,8,8,8
2005,60351,1,1,11,11,11,11,11,11,11,11,11,11
2005,60352,1,1,2,2,2,2,2,2,2,2,2,2
2005,60353,0,1,0,0,0,0,0,0,0,0,0,0
2005,60353,1,1,0,0,0,0,0,0,0,0,0,0
2005,60354,0,1,0,0,0,0,0,0,0,0,0,0
2005,60354,1,1,0,0,0,0,0,0,0,0,0,0
2005,60355,1,1,11,12,10,6,8,23,15,11,14,7
2005,60355,2,1,0,0,0,18,0,0,0,0,0,0
2005,60356,1,1,0,0,0,0,0,0,0,0,0,0
2005,60357,0,1,0,0,0,0,0,0,0,0,0,0
2005,60357,1,1,0,0,0,0,0,0,0,0,0,0
2005,60358,1,1,13,13,13,13,13,13,13,13,13,13
2005,60358,2,1,0,0,0,0,0,0,0,0,0,0
2005,60359,1,1,0,0,0,0,0,0,0,0,3,0
2005,60360,1,1,0,0,0,0,0,0,0,0,0,0
2005,60360,2,1,0,0,0,0,0,0,0,0,0,0
2005,60361,1,1,10,10,10,10,10,10,10,10,10,10
2005,60362,1,1,17,17,17,17,17,17,17,17,17,17
2005,60362,2,1,0,0,0,0,0,0,0,0,0,0
2005,60363,1,1,0,0,0,0,0,0,0,0,0,0
2005,60363,2,1,0,0,0,0,0,0,0,0,0,0
2005,60364,1,1,0,0,0,0,0,0,0,0,0,0
2005,60364,2,1,0,0,0,0,0,0,0,0,0,0
2005,60364,3,1,0,0,0,0,0,0,0,0,0,0
2005,60365,1,1,15,15,15,15,15,15,15,15,15,15
2005,60366,1,1,0,0,0,0,0,0,0,0,0,0
2005,60367,1,1,0,0,0,0,0,0,0,0,0,0
2005,60368,0,1,0,22,15,8,12,28,26,33,13,21
2005,60368,1,1,25,25,25,25,25,25,25,25,25,25
2005,60369,1,1,0,0,0,0,0,0,0,0,0,0
2005,60370,1,1,0,0,0,0,0,0,0,0,0,0
2005,60371,1,1,0,0,0,0,0,0,0,0,0,0
2005,60371,2,1,0,0,0,0,0,0,0,0,0,0
2005,60372,1,1,0,0,0,0,0,0,0,0,0,0
2005,60372,2,1,0,0,0,12,0,0,7,0,0,0
2005,60373,1,1,0,0,0,0,0,0,0,0,0,0
2005,60374,1,1,0,0,0,0,0,0,0,0,0,0
2005,60374,3,1,0,0,0,40,0,0,0,0,13,0
2005,60375,1,1,0,0,0,0,0,0,0,8,0,0
2005,60375,2,1,0,0,0,0,0,0,0,0,0,0
2005,60376,1,1,0,0,0,0,0,0,0,0,0,0
2005,60376,2,1,0,0,0,0,0,0,0,0,0,0
2005,60377,1,1,27,27,27,27,27,27,27,27,27,27
2005,60378,0,1,0,0,0,0,0,0,0,0,0,0
2005,60378,0,2,0,0,0,0,0,4,12,0,0,0
2005,60378,1,1,0,0,0,0,0,0,0,0,19,0
2005,60379,1,1,22,22,22,22,22,22,22,22,22,22
2005,60380,0,1,16,16,16,16,16,16,16,16,16,16
2005,60380,1,1,0,0,0,0,0,0,0,32,0,0
2005,60381,0,1,0,0,0,0,17,0,0,0,15,0
2005,60381,1,1,0,0,0,0,0,0,0,0,4,8
2005,60382,1,1,0,0,0,0,4,0,0,0,0,0
2005,60383,1,1,0,0,0,0,0,0,0,0,0,0
2005,60383,2,1,0,0,0,0,0,0,0,0,12,0
2005,60384,1,1,0,0,0,0,0,0,0,0,0,0
2005,60384,2,1,0,0,0,0,0,0,0,0,0,0
2005,60385,1,1,0,0,0,0,0,0,0,0,0,0
2005,60385,2,1,0,0,0,0,0,0,0,0,0,0
2005,60386,1,1,0,0,0,0,0,0,0,0,0,0
2005,60387,1,1,6,6,6,6,6,6,6,6,6,6
2005,60388,1,1,0,0,0,0,0,0,0,0,0,0
2005,60389,1,1,0,0,0,0,0,0,0,0,0,0
2005,60390,0,1,32,32,32,32,32,32,32,32,32,32
2005,60390,1,1,0,0,0,0,0,0,0,0,0,0
2005,60391,0,1,0,0,0,0,0,0,0,0,0,0
2005,60391,1,1,0,0,0,0,0,0,11,0,0,0
2005,60392,1,1,18,18,18,18,18,18,18,18,18,18
2005,60393,1,1,0,0,0,0,0,0,0,0,0,0
2005,60394,1,1,7,7,7,7,7,7,7,7,7,7
2005,60395,1,1,0,0,0,0,0,0,0,0,0,0
2005,60396,1,1,21,21,21,21,21,21,21,21,21,21
2005,60397,0,1,31,31,31,31,31,31,31,31,31,31
2005,60397,1,1,15,0,0,0,15,0,0,10,0,0
2005,60398,0,1,17,17,17,17,17,17,17,17,17,17
2005,60398,1,1,0,0,0,0,0,12,0,0,22,0
2005,60399,1,1,29,29,29,29,29,29,29,29,29,29
2005,60400,0,1,31,31,31,31,31,31,31,31,31,31
2005,60400,1,1,0,0,0,0,0,0,0,24,0,31
2005,60401,0,1,0,0,0,0,0,0,0,0,0,0
2005,60401,1,1,22,22,22,22,22,22,22,22,22,22
2005,60402,1,1,0,0,0,0,0,0,0,0,0,0
2005,60403,0,1,0,0,0,0,0,0,0,0,0,0
2005,60403,1,1,0,17,20,0,0,0,0,0,15,27
2005,60404,1,1,8,8,8,8,8,8,8,8,8,8
2005,60405,0,1,0,0,0,0,0,0,0,0,0,0
2005,60405,1,1,0,0,0,0,0,0,0,0,0,0
2005,60406,1,1,0,0,0,0,0,0,0,0,0,0
2005,60407,1,1,0,0,0,0,0,0,0,0,0,0
2005,60408,1,1,0,0,12,10,20,17,0,0,0,0
2005,60409,1,1,0,0,0,0,0,0,0,0,0,0
2005,60410,1,1,0,0,0,0,0,0,0,0,0,0
2005,60411,0,1,25,25,25,25,25,25,25,25,25,25
2005,60411,1,1,0,0,0,0,0,0,0,0,0,0
2005,60412,1,1,22,22,22,22,22,22,22,22,22,22
2005,60413,0,1,0,0,0,0,0,0,0,0,0,0
2005,60413,1,1,0,0,0,0,0,0,0,0,0,0
2005,60414,0,1,0,0,0,0,0,0,0,0,0,0
2005,60414,1,1,0,0,0,0,0,0,0,0,0,0
2005,60415,1,1,22,22,22,22,22,22,22,22,22,22
2005,60416,1,1,23,23,23,23,23,23,23,23,23,23
2005,60417,1,1,0,0,0,0,0,0,0,0,0,0
2005,60417,2,1,16,16,16,16,16,16,16,16,16,16
2005,60418,0,1,0,0,0,0,0,0,0,0,0,0
2005,60418,1,1,0,0,0,0,0,0,0,0,0,0
2005,60418,2,1,0,0,0,0,0,0,0,0,0,0
2005,60418,3,1,0,0,0,0,0,0,0,0,0,0
2005,60418,4,1,0,0,0,0,11,0,23,0,0,8
2005,60418,5,1,0,0,0,0,0,0,0,0,0,0
2005,60418,6,1,0,0,0,0,0,0,0,0,0,0
2005,60418,7,1,0,0,0,15,0,0,0,0,7,0
2005,60419,1,1,15,15,15,15,15,15,15,15,15,15
2005,60420,1,1,0,0,0,0,0,0,0,0,0,0
2005,60420,2,1,3,3,3,3,3,3,3,3,3,3
2005,60421,0,1,23,23,23,23,23,23,23,23,23,23
2005,60421,1,1,0,0,0,0,0,0,0,0,0,0
2005,60422,1,1,0,0,0,0,0,0,0,0,0,0
2005,60422,2,1,0,0,0,0,0,0,0,0,0,0
2005,60423,1,1,5,5,5,5,5,5,5,5,5,5
2005,60423,2,1,0,0,0,0,0,0,0,0,0,0
2005,60424,1,1,0,0,0,0,0,0,0,0,0,0
2005,60424,2,1,0,0,0,0,0,0,0,0,0,0
2005,60424,3,1,0,0,0,0,0,0,0,0,0,0
2005,60425,1,1,8,8,8,8,8,8,8,8,8,8
2005,60425,2,1,0,0,0,0,0,0,0,0,0,0
2005,60426,0,1,0,0,0,0,0,0,0,0,0,0
2005,60426,1,1,0,0,0,0,0,0,0,0,0,0
2005,60427,1,1,0,0,0,0,0,0,0,0,0,0
2005,60427,2,1,0,0,0,0,0,0,0,0,0,0
2005,60427,3,1,0,0,0,0,0,0,0,0,0,0
2005,60427,4,1,0,0,0,0,0,0,0,0,0,0
2005,60428,1,1,0,0,0,0,0,0,0,0,0,0
2005,60428,2,1,0,0,0,0,0,0,0,16,20,0
2005,60429,1,1,0,0,0,0,0,0,0,0,0,0
2005,60429,2,1,6,6,6,6,6,6,6,6,6,6
2005,60430,1,1,0,0,0,0,0,0,0,0,0,0
2005,60430,2,1,10,10,10,10,10,10,10,10,10,10
2005,60431,1,1,0,0,0,0,0,0,0,0,0,0
2005,60431,2,1,0,0,3,0,0,0,0,0,0,0
2005,60432,1,1,6,6,6,6,6,6,6,6,6,6
2005,60433,0,1,0,0,0,0,0,0,0,0,0,0
2005,60433,0,2,19,10,15,0,0,0,0,0,0,8
2005,60433,1,1,0,0,0,0,0,0,0,0,0,0
2005,60434,0,1,0,0,0,0,0,0,0,0,0,0
2005,60434,1,1,0,0,0,0,0,0,0,0,0,0
2005,60435,1,1,6,6,6,6,6,6,6,6,6,6
2005,60436,0,1,0,0,0,0,0,0,0,0,0,0
2005,60436,1,1,0,0,0,0,0,0,0,0,19,0
2005,60437,1,1,0,0,0,0,0,0,0,0,0,0
2005,60438,1,1,0,0,0,0,0,0,0,0,0,0
2005,60438,2,1,15,15,15,15,15,15,15,15,15,15
2005,60439,1,1,0,0,0,0,0,0,0,0,0,0
2005,60440,1,1,0,17,14,0,17,0,0,0,0,17
2005,60441,1,1,0,0,0,0,0,0,0,0,0,0
2005,60442,1,1,19,19,19,19,19,19,19,19,19,19
2005,60443,1,1,28,28,28,28,28,28,28,28,28,28
2005,60444,1,1,0,0,0,0,0,0,0,0,0,0
2005,60445,1,1,11,11,11,11,11,11,11,11,11,11
2005,60445,2,1,0,0,0,0,0,0,0,0,0,0
2005,60446,1,1,0,0,0,0,0,0,0,0,0,0
2005,60446,2,1,0,0,4,0,0,0,0,0,0,0
2005,60447,1,1,0,0,0,0,0,0,0,0,0,0
2005,60448,1,1,0,0,0,0,0,0,0,0,0,0
2005,60449,1,1,0,0,0,0,0,0,0,0,0,0
2005,60450,1,1,0,0,0,0,0,0,0,0,0,0
2005,60451,0,1,0,0,0,0,0,0,0,0,0,0
2005,60451,1,1,0,0,0,0,0,13,0,0,0,0
2005,60451,4,1,35,0,17,20,0,21,10,0,0,0
2005,60452,1,1,24,0,12,0,0,0,0,0,0,0
2005,60452,2,1,0,0,0,0,0,0,0,0,0,0
2005,60453,1,1,2,2,2,2,2,2,2,2,2,2
2005,60453,2,1,0,0,0,0,0,0,0,0,0,0
2005,60454,1,1,18,18,18,18,18,18,18,18,18,18
2005,60454,2,1,0,0,0,0,0,0,0,0,0,0
2005,60455,1,1,0,0,0,0,0,0,0,0,0,0
2005,60455,2,1,0,0,0,0,17,0,0,0,0,0
2005,60456,1,1,9,9,9,9,9,9,9,9,9,9
2005,60456,2,1,0,0,0,0,0,0,0,0,0,0
2005,60457,1,1,0,0,0,0,0,0,0,0,0,0
2005,60457,2,1,0,0,0,0,0,0,0,0,0,0
2005,60457,3,1,0,0,0,0,0,0,0,0,0,0
2005,60457,4,1,0,0,0,0,0,0,0,0,0,0
2005,60458,0,1,0,0,0,0,0,0,0,0,0,0
2005,60458,1,1,0,0,16,0,0,0,0,0,0,0
2005,60459,0,1,0,0,0,0,0,0,0,0,0,0
2005,60459,1,1,0,0,0,0,30,0,9,17,0,0
2005,60460,1,1,0,0,0,0,0,0,0,0,0,0
2005,60461,1,1,0,0,0,0,0,0,0,0,0,0
2005,60462,1,1,11,11,11,11,11,11,11,11,11,11
2005,60462,2,1,0,0,0,0,0,0,0,0,0,0
2005,60463,1,1,0,0,0,6,0,0,0,0,0,0
2005,60463,2,1,0,0,0,0,0,0,0,0,0,0
2005,60464,1,1,0,0,0,0,0,0,0,0,0,0
2005,60464,2,1,0,0,0,0,0,0,0,0,0,0
2005,60464,3,1,0,0,0,0,0,0,0,0,0,0
2005,60465,1,1,0,0,0,0,0,0,0,0,0,0
2005,60465,2,1,0,0,0,0,0,0,0,23,0,0
2005,60465,3,1,0,0,0,0,0,0,0,0,0,0
2005,60465,4,1,0,0,0,0,0,12,0,0,0,0
2005,60466,0,1,26,26,26,26,26,26,26,26,26,26
2005,60466,1,1,0,0,0,0,0,0,0,0,0,0
2005,60466,2,1,0,0,0,0,0,0,0,0,0,0
2005,60467,1,1,0,0,0,0,0,0,0,0,0,0
2005,60467,2,1,0,0,0,0,0,0,0,0,0,11
2005,60468,0,1,0,0,0,0,0,0,0,0,0,0
2005,60468,1,1,0,0,0,0,0,0,0,0,0,0
2005,60469,1,1,27,17,11,15,20,13,36,9,9,14
2005,60469,2,1,0,0,0,0,0,0,0,0,0,0
2005,60470,1,1,22,22,22,22,22,22,22,22,22,22
2005,60470,2,1,0,0,0,0,0,0,0,0,0,0
2005,60471,0,1,0,0,0,0,0,0,0,0,0,0
2005,60471,1,1,0,0,0,0,0,0,0,0,0,0
2005,60471,2,1,7,19,0,8,28,9,9,23,23,0
2005,60472,1,1,6,6,6,6,6,6,6,6,6,6
2005,60473,1,1,0,0,18,0,0,0,0,0,0,0
2005,60473,2,1,0,0,0,0,0,0,0,0,0,0
2005,60474,1,1,25,25,25,25,25,25,25,25,25,25
2005,60475,1,1,0,0,0,0,0,0,0,0,0,0
2005,60476,1,1,0,0,0,0,0,0,0,0,0,0
2005,60477,0,1,0,0,0,0,0,0,0,0,0,0
2005,60477,1,1,0,0,0,0,0,0,0,0,0,0
2005,60478,1,1,18,18,18,18,18,18,18,18,18,18
2005,60479,1,1,0,0,0,0,0,0,0,0,0,0
2005,60480,0,1,38,38,38,38,38,38,38,38,38,38
2005,60480,1,1,26,16,8,0,13,19,8,19,16,15
2005,60481,1,1,17,17,17,17,17,17,17,17,17,17
2005,60482,1,1,0,0,0,0,0,0,0,0,0,0
2005,60483,1,1,0,0,0,0,0,0,0,0,0,0
2005,60484,0,1,0,0,0,0,0,0,0,0,0,0
2005,60484,1,1,0,0,0,0,0,0,0,0,0,0
2005,60485,1,1,0,0,0,0,0,0,0,0,0,0
2005,60486,1,1,0,0,0,0,0,0,0,0,0,0
2005,60487,1,1,0,16,0,0,0,0,0,0,0,0
2005,60488,1,1,25,25,25,25,25,25,25,25,25,25
2005,60489,1,1,15,15,15,15,15,15,15,15,15,15
2005,60490,0,1,0,0,0,0,0,0,0,0,0,0
2005,60490,1,1,5,15,0,27,0,17,0,14,0,0
2005,60491,1,1,22,22,22,22,22,22,22,22,22,22
2005,60492,1,1,17,0,0,12,0,0,0,0,0,0
2005,60493,0,1,4,4,4,4,4,4,4,4,4,4
2005,60493,1,1,0,0,0,0,0,0,0,0,0,0
2005,60494,0,1,21,21,21,21,21,21,21,21,21,21
2005,60494,1,1,1,1,1,1,1,1,1,1,1,1
2005,60495,0,1,0,0,0,0,0,0,0,0,0,0
2005,60495,1,1,0,0,0,0,0,0,0,0,0,0
2005,60496,1,1,0,0,0,0,0,0,15,0,0,19
2005,60497,1,1,21,21,21,21,21,21,21,21,21,21
2005,60497,2,1,14,14,14,14,14,14,14,14,14,14
2005,60498,1,1,12,12,12,12,12,12,12,12,12,12
2005,60498,2,1,6,6,6,6,6,6,6,6,6,6
2005,60499,1,1,5,5,5,5,5,5,5,5,5,5
2005,60499,2,1,0,0,0,0,0,0,0,0,0,8
2005,60499,3,1,0,0,0,0,0,0,0,0,0,0
2005,60500,0,1,0,0,0,0,0,0,0,0,0,0
2005,60500,1,1,0,0,0,0,0,0,0,0,0,0
2005,60501,1,1,0,0,0,0,0,0,0,0,0,0
2005,60501,2,1,8,0,5,0,17,0,0,0,0,0
2005,60502,1,1,0,0,0,0,0,0,0,0,0,0
2005,60502,2,1,0,0,0,0,0,0,0,0,0,0
2005,60503,1,1,0,0,0,0,0,0,0,0,0,0
2005,60503,2,1,0,0,0,0,0,0,0,0,0,0
2005,60504,0,1,0,0,0,0,0,0,0,0,0,0
2005,60504,1,1,0,0,0,0,9,0,0,0,0,6
2005,60505,1,1,0,0,0,0,0,0,0,0,0,0
2005,60506,0,1,27,27,27,27,27,27,27,27,27,27
2005,60506,1,1,22,9,0,20,0,0,16,0,0,0
2005,60507,1,1,9,9,9,9,9,9,9,9,9,9
2005,60508,1,1,23,23,23,23,23,23,23,23,23,23
2005,60509,0,1,0,0,0,20,0,0,0,0,0,0
2005,60509,1,1,0,0,0,0,0,0,0,0,0,0
2005,60510,0,1,0,0,0,0,0,0,0,0,0,0
2005,60510,1,1,0,0,0,0,0,0,0,0,0,0
2005,60511,0,1,0,0,0,0,0,0,0,0,0,0
2005,60511,1,1,0,0,0,0,0,0,0,0,0,0
2005,60512,0,1,0,0,0,0,0,0,0,0,0,0
2005,60512,1,1,0,0,8,0,0,0,0,0,0,0
2005,60513,0,1,0,0,0,0,0,0,0,0,0,0
2005,60513,1,1,0,20,0,0,0,35,7,0,4,0
2005,60514,1,1,0,0,0,0,0,0,0,0,0,0
2005,60515,1,1,0,0,0,0,0,0,0,0,0,0
2005,60516,1,1,0,0,0,0,0,0,0,0,0,0
2005,60517,0,1,29,29,29,29,29,29,29,29,29,29
2005,60517,1,1,0,0,0,0,0,0,0,0,0,0
2005,60518,1,1,0,0,0,0,0,0,0,0,0,0
2005,60518,2,1,0,0,0,0,0,0,0,0,0,0
2005,60519,1,1,0,0,0,0,0,0,0,0,0,0
2005,60519,2,1,0,0,0,0,0,0,0,0,0,0
2005,60520,1,1,0,0,0,0,0,0,0,0,0,0
2005,60521,1,1,2,2,2,2,2,2,2,2,2,2
2005,60522,0,1,23,23,23,23,23,23,23,23,23,23
2005,60522,1,1,0,0,0,0,0,0,0,0,0,0
2005,60523,1,1,12,12,12,12,12,12,12,12,12,12
2005,60524,1,1,0,0,0,0,0,0,0,0,0,0
2005,60524,2,1,0,0,0,0,0,0,0,0,0,0
2005,60525,1,1,0,0,0,0,0,0,0,0,0,0
2005,60525,2,1,0,0,0,0,0,0,0,0,0,0
2005,60526,1,1,0,0,0,0,0,0,0,0,0,0
2005,60526,2,1,0,0,0,0,0,0,0,0,0,0
2005,60527,1,1,0,0,0,0,0,0,0,0,0,0
2005,60527,2,1,0,0,0,0,0,0,0,0,0,0
2005,60528,1,1,0,0,0,0,0,0,0,0,0,0
2005,60528,2,1,0,0,0,0,0,0,0,0,0,0
2005,60529,1,1,0,0,0,0,0,0,0,0,0,0
2005,60529,2,1,0,0,0,0,0,0,0,0,0,0
2005,60530,0,1,12,12,12,12,12,12,12,12,12,12