YEAR,ST_CASE,veh_no,per_no,P1,P2,P3,P4,P5,P6,P7,P8,P9,P10
2005,60530,1,1,20,20,20,20,20,20,20,20,20,20
2005,60531,1,1,0,0,0,0,0,0,0,0,0,0
2005,60532,1,1,0,0,0,0,0,0,0,0,0,0
2005,60533,1,1,0,0,0,0,0,0,0,0,0,0
2005,60533,2,1,0,0,0,0,0,0,0,0,0,0
2005,60533,3,1,0,0,0,0,0,0,0,0,0,0
2005,60533,4,1,0,0,0,0,0,0,0,0,0,0
2005,60534,1,1,15,15,15,15,15,15,15,15,15,15
2005,60534,2,1,0,0,0,0,0,0,0,0,0,0
2005,60534,3,1,0,0,0,0,0,0,0,0,0,0
2005,60535,1,1,0,0,0,0,0,10,0,0,0,0
2005,60536,0,1,2,2,2,2,2,2,2,2,2,2
2005,60536,1,1,0,0,13,0,0,0,0,0,0,0
2005,60537,1,1,9,9,9,9,9,9,9,9,9,9
2005,60539,1,1,0,0,0,0,0,0,0,0,0,0
2005,60539,2,1,0,0,0,0,0,0,0,0,0,0
2005,60539,3,1,0,0,0,0,0,5,0,0,0,0
2005,60540,1,1,0,0,0,0,0,7,11,0,20,0
2005,60540,2,1,0,0,0,0,0,0,0,0,0,0
2005,60541,1,1,0,0,0,0,0,0,0,0,0,0
2005,60541,2,1,0,0,0,0,0,0,0,0,0,0
2005,60542,1,1,0,0,0,0,0,0,0,0,0,0
2005,60542,2,1,0,0,0,0,0,0,0,0,0,0
2005,60543,1,1,0,0,0,0,0,0,0,0,0,0
2005,60543,2,1,0,0,0,0,0,0,0,0,0,0
2005,60543,3,1,0,0,0,0,0,0,0,0,0,0
2005,60544,1,1,0,0,0,0,0,0,0,0,8,0
2005,60544,2,1,0,0,0,0,0,0,0,0,0,0
2005,60545,1,1,0,0,0,0,0,0,0,0,0,0
2005,60545,2,1,0,0,0,0,0,0,0,0,0,0
2005,60545,3,1,0,0,0,0,0,0,0,0,0,0
2005,60546,1,1,19,19,19,19,19,19,19,19,19,19
2005,60546,2,1,0,0,0,0,0,0,0,0,0,0
2005,60546,3,1,0,0,0,0,0,0,0,0,0,0
2005,60547,1,1,0,0,0,0,0,10,0,11,0,0
2005,60547,2,1,0,0,0,0,0,0,0,0,0,0
2005,60548,1,1,21,0,21,0,0,0,0,0,17,18
2005,60548,2,1,0,0,0,0,0,0,0,0,0,0
2005,60549,1,1,0,0,0,0,0,0,0,0,0,0
2005,60549,2,1,0,0,0,0,0,0,0,0,0,0
2005,60550,1,1,0,0,0,0,0,0,0,0,0,0
2005,60550,2,1,0,0,0,0,0,0,0,0,0,0
2005,60551,1,1,0,0,0,0,0,0,0,0,0,0
2005,60551,2,1,0,0,0,0,0,0,0,0,0,0
2005,60552,1,1,0,0,0,0,0,0,0,0,0,0
2005,60552,2,1,0,0,0,0,0,0,0,0,0,0
2005,60553,0,1,0,0,0,0,0,0,0,0,0,0
2005,60553,1,1,0,0,0,0,0,0,0,0,0,0
2005,60554,1,1,0,0,0,0,0,0,0,0,0,0
2005,60554,2,1,0,0,0,0,0,0,0,0,0,0
2005,60555,0,1,0,0,0,0,0,0,0,0,0,29
2005,60555,1,1,0,0,0,0,0,0,0,0,0,0
2005,60556,1,1,0,0,0,0,0,0,0,0,0,0
2005,60556,2,1,0,0,0,0,0,0,0,0,0,0
2005,60557,1,1,2,2,2,2,2,2,2,2,2,2
2005,60557,2,1,11,11,11,11,11,11,11,11,11,11
2005,60558,1,1,0,0,0,0,0,12,0,0,0,0
2005,60558,2,1,0,0,0,0,0,0,0,0,0,0
2005,60559,1,1,18,18,18,18,18,18,18,18,18,18
2005,60559,2,1,0,0,0,0,0,0,0,0,0,0
2005,60560,1,1,0,0,0,0,0,0,21,0,9,0
2005,60560,2,1,0,0,0,0,0,0,0,0,0,0
2005,60561,1,1,0,0,0,0,0,0,0,0,0,0
2005,60561,2,1,0,0,0,8,0,0,0,0,0,0
2005,60562,1,1,0,0,0,0,0,0,0,0,0,0
2005,60562,2,1,0,0,0,0,0,0,0,0,0,0
2005,60563,1,1,0,0,0,0,0,0,0,0,0,0
2005,60563,2,1,0,0,0,0,0,0,0,0,0,0
2005,60564,1,1,0,0,0,0,0,0,0,0,0,0
2005,60564,2,1,0,0,0,0,0,0,0,0,0,0
2005,60564,3,1,0,0,0,16,0,0,0,0,0,0
2005,60564,4,1,0,0,0,0,0,0,0,0,0,0
2005,60564,5,1,0,0,0,0,0,0,0,0,0,0
2005,60565,1,1,13,13,13,13,13,13,13,13,13,13
2005,60565,2,1,0,0,0,0,0,0,0,0,0,0
2005,60565,3,1,0,0,0,0,0,0,0,0,0,0
2005,60565,4,1,0,3,0,0,0,0,0,0,0,0
2005,60566,0,1,0,0,0,0,0,0,0,0,0,0
2005,60566,1,1,0,16,0,0,0,0,0,0,0,0
2005,60567,0,1,0,0,0,0,0,0,0,0,0,0
2005,60567,1,1,0,0,0,0,0,0,0,0,0,0
2005,60568,0,1,0,0,0,0,0,0,0,0,0,0
2005,60568,1,1,0,0,0,0,0,0,0,0,0,0
2005,60569,1,1,20,20,20,20,20,20,20,20,20,20
2005,60570,0,1,0,0,0,0,0,0,0,0,0,0
2005,60570,1,1,0,13,2,13,0,0,16,17,0,0
2005,60571,0,1,0,0,0,0,0,0,0,0,0,0
2005,60571,1,1,0,0,0,0,0,0,0,0,0,0
2005,60572,1,1,19,19,19,19,19,19,19,19,19,19
2005,60573,1,1,14,14,14,14,14,14,14,14,14,14
2005,60574,1,1,0,0,0,0,0,0,0,0,0,0
2005,60575,0,1,0,0,0,0,0,0,0,0,0,0
2005,60575,1,1,0,0,0,0,0,0,0,0,0,0
2005,60576,0,1,13,13,13,13,13,13,13,13,13,13
2005,60576,1,1,0,0,0,0,0,0,0,0,0,0
2005,60577,1,1,0,0,0,0,0,0,0,0,0,0
2005,60578,1,1,0,0,0,0,0,0,0,0,0,0
2005,60579,1,1,0,0,0,0,0,0,0,0,0,0
2005,60580,1,1,0,0,0,0,0,0,0,0,0,0
2005,60581,0,1,0,0,0,0,0,0,0,0,0,0
2005,60581,1,1,0,0,0,31,0,0,15,16,12,0
2005,60582,0,1,7,7,7,7,7,7,7,7,7,7
2005,60582,1,1,0,0,0,0,0,0,0,0,0,0
2005,60583,1,1,23,23,23,23,23,23,23,23,23,23
2005,60584,0,1,0,0,0,0,6,0,0,0,0,0
2005,60584,1,1,0,0,0,0,0,0,0,0,0,0
2005,60585,1,1,25,25,25,25,25,25,25,25,25,25
2005,60586,1,1,15,15,15,15,15,15,15,15,15,15
2005,60587,1,1,6,6,6,6,6,6,6,6,6,6
2005,60588,1,1,0,0,0,0,0,0,0,0,0,0
2005,60589,0,1,0,0,0,0,0,0,0,0,0,0
2005,60589,1,1,0,0,0,0,0,0,0,0,0,0
2005,60590,1,1,17,17,17,17,17,17,17,17,17,17
2005,60591,0,1,31,31,31,31,31,31,31,31,31,31
2005,60591,1,1,0,0,0,0,34,0,15,9,17,21
2005,60592,0,1,0,0,0,0,0,0,0,0,0,0
2005,60592,1,1,0,0,0,0,0,0,0,0,0,0
2005,60593,0,1,0,0,0,0,0,0,0,0,0,0
2005,60593,1,1,0,0,0,0,0,0,0,0,0,0
2005,60594,0,1,0,0,0,0,0,0,0,0,0,0
2005,60594,0,2,0,0,0,0,0,0,0,0,10,0
2005,60594,1,1,0,0,0,0,26,0,0,0,0,0
2005,60595,1,1,0,0,0,0,0,0,0,0,0,0
2005,60595,2,1,0,0,0,0,0,0,0,0,0,0
2005,60596,1,1,0,0,5,0,0,6,5,0,0,0
2005,60596,2,1,0,0,0,0,0,0,0,4,0,0
2005,60597,1,1,0,0,0,0,0,0,0,0,0,0
2005,60597,2,1,0,0,0,0,0,0,0,0,0,0
2005,60598,1,1,0,0,0,0,0,0,0,0,0,0
2005,60598,2,1,0,0,0,0,0,0,0,0,0,0
2005,60598,3,1,0,0,0,0,0,0,0,0,0,0
2005,60599,1,1,0,0,0,0,0,0,0,0,0,0
2005,60599,2,1,0,0,0,0,0,0,0,0,0,0
2005,60599,3,1,0,0,0,0,0,0,0,0,0,0
2005,60600,1,1,0,0,0,0,0,0,12,0,0,0
2005,60600,2,1,0,0,0,0,0,0,0,0,0,0
2005,60601,0,1,31,31,31,31,31,31,31,31,31,31
2005,60601,1,1,0,0,5,24,24,20,0,0,0,19
2005,60601,2,1,5,5,5,5,5,5,5,5,5,5
2005,60602,1,1,40,40,40,40,40,40,40,40,40,40
2005,60602,2,1,0,13,0,0,0,0,0,0,0,0
2005,60602,3,1,0,0,0,0,0,0,0,0,0,0
2005,60602,4,1,12,0,0,0,0,0,0,0,0,0
2005,60603,1,1,0,0,0,0,0,0,0,0,0,0
2005,60604,1,1,0,0,0,0,0,0,0,0,0,0
2005,60604,2,1,0,0,0,0,0,0,0,0,0,0
2005,60605,1,1,28,28,28,28,28,28,28,28,28,28
2005,60606,1,1,6,6,6,6,6,6,6,6,6,6
2005,60607,1,1,0,0,0,0,0,0,0,0,0,0
2005,60608,1,1,0,0,0,0,0,0,0,0,0,0
2005,60609,1,1,0,0,0,0,0,0,0,0,0,0
2005,60609,2,1,0,0,0,0,0,0,0,0,0,0
2005,60610,1,1,0,0,0,0,0,0,0,0,0,0
2005,60610,2,1,0,0,0,0,0,0,0,0,0,0
2005,60611,1,1,0,0,0,0,0,0,0,0,0,0
2005,60612,1,1,0,0,0,0,0,0,0,0,0,0
2005,60612,2,1,0,0,0,0,0,0,0,0,0,0
2005,60613,1,1,0,0,0,0,5,0,0,0,0,0
2005,60613,2,1,0,0,0,0,3,0,0,0,0,0
2005,60614,1,1,0,0,0,0,0,0,0,0,0,0
2005,60614,2,1,0,0,0,0,0,0,0,0,0,0
2005,60615,1,1,0,0,0,0,0,0,0,0,0,0
2005,60615,2,1,0,0,0,0,0,0,0,0,0,0
2005,60616,1,1,0,0,0,0,0,0,0,0,0,0
2005,60616,2,1,0,0,0,0,0,0,0,0,0,0
2005,60617,1,1,0,0,0,0,0,0,0,0,0,0
2005,60617,2,1,0,0,0,0,0,0,0,0,0,0
2005,60618,1,1,0,0,0,0,0,0,0,0,0,0
2005,60618,2,1,0,0,0,0,0,0,0,0,0,0
2005,60619,1,1,0,0,0,0,0,0,0,0,0,0
2005,60619,2,1,0,0,0,0,0,0,0,0,0,0
2005,60620,1,1,0,0,0,0,0,0,17,0,28,0
2005,60621,1,1,18,18,18,18,18,18,18,18,18,18
2005,60622,1,1,17,17,17,17,17,17,17,17,17,17
2005,60623,1,1,0,0,0,22,9,15,0,0,0,0
2005,60623,2,1,0,0,0,0,0,0,0,0,0,0
2005,60624,0,1,0,0,0,0,0,0,0,0,0,0
2005,60624,1,1,0,24,18,17,0,0,0,0,26,9
2005,60625,1,1,4,0,0,0,0,0,8,0,0,0
2005,60626,1,1,14,14,14,14,14,14,14,14,14,14
2005,60626,2,1,6,6,6,6,6,6,6,6,6,6
2005,60627,0,1,0,0,0,0,0,0,0,0,0,0
2005,60627,1,1,0,0,0,0,0,0,0,12,0,0
2005,60628,1,1,25,25,25,25,25,25,25,25,25,25
2005,60628,2,1,0,0,0,0,0,0,11,0,0,0
2005,60629,0,1,25,25,25,25,25,25,25,25,25,25
2005,60629,1,1,0,0,0,0,0,0,0,0,0,0
2005,60630,0,1,0,0,0,0,0,0,0,0,0,0
2005,60630,1,1,0,0,0,0,0,0,0,0,0,0
2005,60631,1,1,0,0,0,0,0,0,0,0,0,0
2005,60632,1,1,10,10,10,10,10,10,10,10,10,10
2005,60633,0,1,25,25,25,25,25,25,25,25,25,25
2005,60633,1,1,0,0,0,0,0,0,0,0,0,0
2005,60634,1,1,0,0,0,0,0,0,0,0,0,0
2005,60634,2,1,0,0,0,0,0,0,0,0,0,0
2005,60635,1,1,14,14,14,14,14,14,14,14,14,14
2005,60635,2,1,0,0,0,0,8,0,7,0,0,0
2005,60635,3,1,0,0,5,0,0,0,0,0,0,0
2005,60636,1,1,0,0,0,0,0,0,0,0,0,0
2005,60636,2,1,0,0,0,0,0,0,0,0,0,0
2005,60636,3,1,0,0,0,0,0,0,0,0,0,0
2005,60637,1,1,0,0,0,0,0,0,0,0,0,0
2005,60637,2,1,0,0,0,0,0,0,0,0,0,0
2005,60638,1,1,0,0,0,0,0,0,0,0,0,0
2005,60638,2,1,0,0,0,0,0,0,0,7,0,0
2005,60639,1,1,0,0,0,0,0,0,0,0,0,0
2005,60639,2,1,0,0,0,0,0,0,0,0,0,0
2005,60640,1,1,0,0,0,0,0,0,0,0,0,0
2005,60640,2,1,0,0,0,0,0,0,0,0,0,0
2005,60641,1,1,12,12,12,12,12,12,12,12,12,12
2005,60641,2,1,0,0,0,0,0,0,0,0,0,0
2005,60642,1,1,0,0,0,0,0,0,0,0,0,0
2005,60642,2,1,0,0,0,10,0,0,0,0,0,0
2005,60643,1,1,0,0,0,0,14,0,0,0,0,0
2005,60643,2,1,7,7,7,7,7,7,7,7,7,7
2005,60644,1,1,31,0,24,11,0,9,24,29,11,24
2005,60645,1,1,9,9,26,28,19,37,10,16,7,17
2005,60646,1,1,0,0,0,0,0,0,0,0,0,0
2005,60647,0,1,0,0,0,0,0,0,0,0,0,0
2005,60647,1,1,0,0,0,0,0,0,0,0,0,0
2005,60648,1,1,7,0,0,10,0,0,0,0,0,0
2005,60649,1,1,34,34,34,34,34,34,34,34,34,34
2005,60650,0,1,0,0,0,0,0,0,0,0,0,0
2005,60650,1,1,0,0,0,0,0,0,0,0,0,0
2005,60651,1,1,16,16,16,16,16,16,16,16,16,16
2005,60652,1,1,0,0,0,0,0,0,0,0,0,0
2005,60653,1,1,0,0,0,0,0,0,0,0,0,0
2005,60654,1,1,32,16,12,22,0,0,24,0,0,22
2005,60655,1,1,0,0,0,0,0,0,0,0,0,21
2005,60656,1,1,0,0,0,0,0,16,0,0,0,0
2005,60657,1,1,0,0,0,0,0,0,0,0,0,0
2005,60657,2,1,0,0,0,0,0,0,0,0,0,0
2005,60658,1,1,20,20,20,20,20,20,20,20,20,20
2005,60658,2,1,0,0,0,0,0,0,0,10,0,0
2005,60659,1,1,0,0,0,0,0,0,0,0,0,0
2005,60659,2,1,0,0,0,0,0,0,0,0,0,0
2005,60660,1,1,0,0,0,0,0,0,0,0,0,0
2005,60660,2,1,0,0,0,0,0,0,0,0,0,0
2005,60661,1,1,0,0,0,0,0,0,0,0,0,0
2005,60661,2,1,0,0,0,0,0,0,0,0,0,0
2005,60662,1,1,0,0,0,0,0,0,0,0,0,21
2005,60662,2,1,0,0,0,0,0,0,0,0,0,0
2005,60663,1,1,0,0,0,0,0,28,0,0,0,8
2005,60663,2,1,0,0,0,0,0,0,0,0,0,0
2005,60664,1,1,0,0,0,14,0,0,0,0,0,0
2005,60664,2,1,9,9,9,9,9,9,9,9,9,9
2005,60665,0,1,18,18,18,18,18,18,18,18,18,18
2005,60665,1,1,0,20,0,0,13,5,0,0,15,12
2005,60666,1,1,12,0,6,9,9,15,7,0,12,15
2005,60666,2,1,0,0,0,0,0,0,0,0,0,0
2005,60666,3,1,0,0,0,0,0,0,0,0,0,0
2005,60667,1,1,0,0,0,0,0,0,0,0,0,0
2005,60667,2,1,0,0,0,0,0,0,0,0,0,0
2005,60668,1,1,0,0,0,0,0,0,0,0,0,0
2005,60668,2,1,0,0,0,0,0,0,0,0,0,0
2005,60669,1,1,0,0,0,0,0,0,0,0,0,0
2005,60669,2,1,0,0,0,0,0,0,0,0,0,0
2005,60670,1,1,19,19,19,19,19,19,19,19,19,19
2005,60670,2,1,0,0,0,0,0,0,0,10,0,0
2005,60671,1,1,0,0,0,0,0,0,0,0,0,0
2005,60671,2,1,0,0,0,27,0,0,0,0,32,13
2005,60671,3,1,0,0,0,0,0,0,0,0,0,0
2005,60672,1,1,0,0,0,0,0,0,0,0,0,0
2005,60672,2,1,0,0,0,0,0,0,0,0,0,0
2005,60673,1,1,0,0,0,0,0,0,0,0,0,0
2005,60673,2,1,0,0,0,0,0,0,0,0,0,0
2005,60674,1,1,0,0,0,0,0,0,0,0,0,13
2005,60674,2,1,0,0,0,0,0,0,0,0,0,0
2005,60674,3,1,0,0,0,0,0,0,0,0,0,0
2005,60675,0,1,0,0,0,0,0,0,0,0,0,0
2005,60675,1,1,0,0,0,0,0,0,0,0,0,0
2005,60676,1,1,0,0,0,0,0,0,0,0,0,0
2005,60676,2,1,0,13,0,0,0,9,0,0,0,0
2005,60676,3,1,20,20,20,20,20,20,20,20,20,20
2005,60677,0,1,0,0,0,0,0,0,0,0,0,0
2005,60677,1,1,0,0,0,0,0,0,0,0,0,0
2005,60678,0,1,0,0,0,0,0,0,0,0,0,0
2005,60678,0,2,0,13,0,0,0,0,10,27,0,13
2005,60678,0,3,0,0,0,0,0,0,0,0,0,0
2005,60678,0,4,0,0,0,0,0,0,0,0,0,0
2005,60678,0,5,12,29,0,0,0,10,0,0,0,32
2005,60678,0,6,0,0,0,0,0,0,0,0,0,0
2005,60678,1,1,0,0,0,0,0,0,0,0,0,0
2005,60679,1,1,0,18,0,0,0,0,0,0,0,18
2005,60680,1,1,0,0,0,0,0,0,0,0,0,0
2005,60681,1,1,0,0,0,22,22,0,0,0,0,0
2005,60682,1,1,0,0,0,0,0,0,0,0,0,0
2005,60683,1,1,0,0,0,0,0,0,0,0,0,0
2005,60684,0,1,0,0,0,0,0,0,0,0,0,0
2005,60684,1,1,0,0,0,0,0,0,0,0,0,0
2005,60685,0,1,27,27,27,27,27,27,27,27,27,27
2005,60685,1,1,0,0,0,0,0,0,0,0,0,0
2005,60686,0,1,28,28,28,28,28,28,28,28,28,28
2005,60686,1,1,0,0,0,0,0,0,0,0,0,0
2005,60687,1,1,0,0,0,0,0,0,0,0,0,13
2005,60687,2,1,0,0,0,0,0,0,0,0,0,0
2005,60688,0,1,36,16,29,0,0,0,11,23,0,17
2005,60688,1,1,21,21,21,21,21,21,21,21,21,21
2005,60689,1,1,0,0,0,0,0,0,0,0,0,0
2005,60689,2,1,0,0,0,0,0,0,0,0,0,0
2005,60690,1,1,16,16,16,16,16,16,16,16,16,16
2005,60691,0,1,0,0,0,0,0,0,0,0,0,0
2005,60691,1,1,0,0,0,9,0,0,0,0,0,0
2005,60692,0,1,14,14,14,14,14,14,14,14,14,14
2005,60692,1,1,0,0,0,0,0,0,0,0,0,0
2005,60692,2,1,0,0,0,0,0,0,0,0,0,0
2005,60693,1,1,0,0,0,0,0,0,0,0,0,0
2005,60694,1,1,0,0,0,0,0,0,0,0,0,0
2005,60695,1,1,0,0,0,0,0,0,0,0,0,0
2005,60695,2,1,0,0,0,0,0,0,0,0,0,0
2005,60696,1,1,26,26,26,26,26,26,26,26,26,26
2005,60697,1,1,0,0,0,0,0,0,0,0,0,0
2005,60697,2,1,0,0,0,0,0,0,0,0,0,0
2005,60698,1,1,0,0,0,0,0,0,0,0,0,0
2005,60698,2,1,0,0,0,0,0,0,0,0,0,0
2005,60699,0,1,25,25,25,25,25,25,25,25,25,25
2005,60699,1,1,0,0,0,0,0,0,0,0,0,0
2005,60700,0,1,0,0,0,0,0,0,0,0,0,0
2005,60700,1,1,22,0,0,0,0,0,0,0,0,0
2005,60701,1,1,18,18,18,18,18,18,18,18,18,18
2005,60701,2,1,0,0,0,0,0,0,0,0,0,0
2005,60702,1,1,0,0,0,0,0,0,0,0,0,0
2005,60703,1,1,19,19,19,19,19,19,19,19,19,19
2005,60703,2,1,0,0,0,0,0,0,0,0,0,0
2005,60704,1,1,0,0,0,0,0,0,0,0,0,0
2005,60705,1,1,28,28,28,28,28,28,28,28,28,28
2005,60706,1,1,2,2,2,2,2,2,2,2,2,2
2005,60706,2,1,0,0,0,0,0,0,0,0,0,0
2005,60707,0,1,0,0,0,0,0,0,0,0,0,0
2005,60707,1,1,0,21,0,0,46,17,17,0,0,0
2005,60708,1,1,0,0,0,0,0,0,0,0,0,0
2005,60709,1,1,0,0,0,0,0,0,0,0,0,0
2005,60710,0,1,0,0,0,0,0,0,0,0,0,0
2005,60710,1,1,0,0,0,0,0,0,0,8,0,0
2005,60711,0,1,2,2,2,2,2,2,2,2,2,2
2005,60711,1,1,0,0,0,0,0,0,0,0,0,0
2005,60712,1,1,14,14,14,14,14,14,14,14,14,14
2005,60713,1,1,0,0,0,0,0,0,0,0,0,0
2005,60714,1,1,0,0,0,0,0,0,0,0,0,0
2005,60715,1,1,0,0,0,0,0,0,0,0,0,0
2005,60716,1,1,27,27,27,27,27,27,27,27,27,27
2005,60717,0,1,0,0,0,0,0,0,0,0,0,0
2005,60717,1,1,11,11,11,11,11,11,11,11,11,11
2005,60718,1,1,10,10,10,10,10,10,10,10,10,10
2005,60719,1,1,0,0,0,0,0,0,0,0,12,0
2005,60720,0,1,20,20,20,20,20,20,20,20,20,20
2005,60720,1,1,0,0,0,0,0,0,0,0,0,0
2005,60721,1,1,0,0,0,0,0,0,0,0,0,0
2005,60722,1,1,21,21,21,21,21,21,21,21,21,21
2005,60723,1,1,15,15,15,15,15,15,15,15,15,15
2005,60724,1,1,11,11,11,11,11,11,11,11,11,11
2005,60724,2,1,0,0,0,0,0,0,0,0,0,5
2005,60725,1,1,0,0,0,0,0,0,0,0,0,0
2005,60725,2,1,0,0,0,0,0,0,0,0,0,0
2005,60726,1,1,0,0,0,0,0,0,0,0,0,0
2005,60727,0,1,0,0,0,0,0,0,0,0,0,0
2005,60727,1,1,0,0,0,0,0,0,0,0,0,0
2005,60728,1,1,0,0,0,0,0,0,0,0,0,0
2005,60729,1,1,20,20,20,20,20,20,20,20,20,20
2005,60730,1,1,27,27,27,27,27,27,27,27,27,27
2005,60731,1,1,0,0,0,0,0,0,0,0,0,0
2005,60731,2,1,0,0,0,0,0,0,0,0,0,0
2005,60732,1,1,0,0,0,0,0,0,0,0,0,0
2005,60732,2,1,0,0,0,0,0,0,0,0,0,0
2005,60733,0,1,0,0,0,0,0,0,0,0,0,0
2005,60733,1,1,0,0,0,0,0,0,0,0,0,0
2005,60733,2,1,0,0,0,0,0,0,0,0,0,0
2005,60734,1,1,0,0,0,0,0,0,0,0,0,0
2005,60735,1,1,25,25,25,25,25,25,25,25,25,25
2005,60735,2,1,0,0,0,0,0,0,0,0,0,0
2005,60736,1,1,0,0,0,0,0,0,0,0,0,0
2005,60736,2,1,0,0,0,0,0,0,0,0,0,0
2005,60737,1,1,0,0,0,0,0,7,0,0,0,0
2005,60737,2,1,0,0,0,0,0,0,0,0,0,0
2005,60738,1,1,39,39,39,39,39,39,39,39,39,39
2005,60739,1,1,14,14,14,14,14,14,14,14,14,14
2005,60740,0,1,0,0,0,0,0,0,0,0,0,0
2005,60740,1,1,27,0,0,0,0,0,0,0,0,0
2005,60741,1,1,0,0,0,0,0,0,0,3,0,0
2005,60742,0,1,0,0,0,0,0,0,0,0,6,0
2005,60742,1,1,0,0,0,0,0,0,0,0,0,0
2005,60743,1,1,19,19,19,19,19,19,19,19,19,19
2005,60743,2,1,7,7,7,7,7,7,7,7,7,7
2005,60744,1,1,0,0,0,0,0,0,0,0,0,0
2005,60744,2,1,0,0,0,0,0,0,0,0,0,0
2005,60745,1,1,0,0,0,0,0,0,0,0,0,0
2005,60745,2,1,15,0,0,15,0,0,0,0,0,0
2005,60746,1,1,0,0,0,0,0,0,0,0,0,0
2005,60746,2,1,0,0,0,0,0,0,0,0,0,0
2005,60747,1,1,0,0,0,0,0,0,0,0,0,0
2005,60747,2,1,0,0,0,0,0,0,0,0,0,0
2005,60748,1,1,0,0,0,0,0,0,0,12,0,0
2005,60748,2,1,0,0,0,0,0,0,0,0,0,0
2005,60749,1,1,0,0,0,0,0,0,0,0,0,0
2005,60749,2,1,0,0,0,0,0,0,0,0,0,0
2005,60750,1,1,0,0,0,0,0,0,0,0,0,0
2005,60751,1,1,0,0,0,0,0,0,0,0,0,0
2005,60752,1,1,21,0,0,0,0,0,0,0,0,0
2005,60753,0,1,22,22,22,22,22,22,22,22,22,22
2005,60753,1,1,0,0,19,12,0,0,0,12,0,0
2005,60754,0,1,0,0,13,0,0,0,0,0,0,0
2005,60754,1,1,0,0,0,0,0,0,0,0,0,0
2005,60755,1,1,30,30,30,30,30,30,30,30,30,30
2005,60756,0,1,25,25,25,25,25,25,25,25,25,25
2005,60756,1,1,0,0,0,0,0,0,0,0,0,0
2005,60757,1,1,0,0,0,0,0,0,0,0,0,0
2005,60758,1,1,23,23,23,23,23,23,23,23,23,23
2005,60759,1,1,18,18,18,18,18,18,18,18,18,18
2005,60760,1,1,0,0,0,0,0,0,0,0,0,0
2005,60761,1,1,0,0,0,0,0,0,0,0,0,0
2005,60762,1,1,18,18,18,18,18,18,18,18,18,18
2005,60763,0,1,23,23,23,23,23,23,23,23,23,23
2005,60763,1,1,24,14,0,23,5,0,5,8,13,10
2005,60764,1,1,23,23,23,23,23,23,23,23,23,23
2005,60765,0,1,0,0,0,0,0,0,0,0,0,0
2005,60765,0,2,21,0,0,0,0,21,23,0,0,17
2005,60765,1,1,0,0,0,0,14,9,0,0,0,10
2005,60766,1,1,0,0,0,0,0,0,0,0,0,0
2005,60766,2,1,0,0,0,0,0,0,0,0,0,0
2005,60767,1,1,14,14,14,14,14,14,14,14,14,14
2005,60767,2,1,0,0,0,0,0,0,0,0,0,0
2005,60768,1,1,0,0,0,0,0,0,0,0,0,0
2005,60768,2,1,0,0,0,0,0,0,0,0,0,0
2005,60769,0,1,0,0,0,18,0,0,0,0,0,0
2005,60769,1,1,0,0,0,0,0,0,0,0,0,0
2005,60770,1,1,18,18,18,18,18,18,18,18,18,18
2005,60771,1,1,0,0,0,0,0,0,0,0,0,0
2005,60771,2,1,0,0,0,0,0,0,0,0,0,0
2005,60772,1,1,21,21,21,21,21,21,21,21,21,21
2005,60773,1,1,0,0,0,0,0,0,0,0,0,0
2005,60774,1,1,0,0,0,0,0,0,0,0,0,0
2005,60774,2,1,0,0,0,0,0,0,0,0,0,0
2005,60775,0,1,0,0,0,0,0,0,0,0,0,0
2005,60775,1,1,0,0,0,0,0,0,0,0,0,6
2005,60776,1,1,0,0,0,0,0,0,0,0,0,0
2005,60776,2,1,0,0,0,0,0,0,0,0,0,0
2005,60777,1,1,0,0,0,0,0,0,0,0,0,0
2005,60777,2,1,0,0,0,0,0,0,0,0,0,0
2005,60778,0,1,0,0,0,0,0,0,0,0,0,0
2005,60778,1,1,0,0,0,0,0,0,0,0,0,0
2005,60779,0,1,0,0,0,0,0,0,0,0,0,0
2005,60779,1,1,0,0,0,0,0,0,0,0,0,0
2005,60780,1,1,4,4,4,4,4,4,4,4,4,4
2005,60780,2,1,0,0,0,0,0,0,0,0,0,0
2005,60781,1,1,8,8,8,8,8,8,8,8,8,8
2005,60781,2,1,0,0,0,0,0,0,0,0,0,0
2005,60782,1,1,30,30,30,30,30,30,30,30,30,30
2005,60782,2,1,0,0,0,0,0,0,0,0,0,0
2005,60783,1,1,0,0,0,0,0,0,0,0,0,0
2005,60783,2,1,0,0,0,0,0,0,0,0,0,0