YEAR,ST_CASE,veh_no,per_no,P1,P2,P3,P4,P5,P6,P7,P8,P9,P10
2005,60784,0,1,29,29,29,29,29,29,29,29,29,29
2005,60784,1,1,12,0,16,0,0,18,0,0,0,35
2005,60785,0,1,11,11,11,11,11,11,11,11,11,11
2005,60785,1,1,13,14,23,7,15,12,9,11,16,15
2005,60786,1,1,0,0,0,0,0,0,0,0,0,0
2005,60786,2,1,0,0,0,0,0,0,0,0,0,0
2005,60786,3,1,0,0,0,0,0,0,0,0,0,0
2005,60787,1,1,2,2,2,2,2,2,2,2,2,2
2005,60787,2,1,0,0,0,0,0,0,0,0,0,0
2005,60788,1,1,0,0,0,0,0,0,0,0,0,0
2005,60789,0,1,0,0,0,0,0,0,0,0,0,0
2005,60789,1,1,0,0,0,0,0,0,0,0,0,0
2005,60790,1,1,10,10,10,10,10,10,10,10,10,10
2005,60791,0,1,0,0,0,0,0,0,0,0,0,0
2005,60791,1,1,24,24,24,24,24,24,24,24,24,24
2005,60792,1,1,0,0,0,0,0,0,0,0,0,0
2005,60793,0,1,0,0,0,0,0,0,0,0,0,0
2005,60793,1,1,0,0,0,0,0,16,0,12,0,0
2005,60793,2,1,0,0,0,0,0,0,0,0,0,0
2005,60794,0,1,0,0,0,0,0,0,0,0,0,0
2005,60794,1,1,0,0,0,0,0,0,0,0,0,0
2005,60795,0,1,0,0,0,0,0,0,0,0,0,0
2005,60795,1,1,0,0,0,0,0,0,0,0,0,0
2005,60796,0,1,21,21,21,21,21,21,21,21,21,21
2005,60796,1,1,0,0,0,0,0,0,0,0,0,0
2005,60796,2,1,0,0,0,0,0,0,0,0,0,0
2005,60797,1,1,0,0,0,0,0,17,0,0,0,0
2005,60797,2,1,0,0,0,0,0,0,0,0,0,0
2005,60798,1,1,7,18,14,14,11,16,15,0,3,29
2005,60798,2,1,3,3,3,3,3,3,3,3,3,3
2005,60799,1,1,0,0,0,0,0,0,0,0,0,0
2005,60799,2,1,0,0,0,0,0,0,0,0,0,0
2005,60799,3,1,0,0,0,0,0,0,0,0,0,0
2005,60799,4,1,0,0,0,0,0,0,0,0,0,0
2005,60799,5,1,0,0,0,0,0,0,0,0,0,0
2005,60799,6,1,0,0,0,0,0,0,0,0,0,0
2005,60799,7,1,0,0,0,0,0,0,0,0,0,0
2005,60799,8,1,0,0,0,0,0,0,0,0,0,0
2005,60800,1,1,0,0,0,0,0,0,0,0,0,0
2005,60800,2,1,0,0,0,0,0,0,0,0,0,0
2005,60801,1,1,0,0,0,0,0,0,0,0,0,0
2005,60801,2,1,0,0,0,0,0,0,0,0,0,0
2005,60802,1,1,16,15,9,22,22,0,13,10,0,0
2005,60802,2,1,5,5,5,5,5,5,5,5,5,5
2005,60802,3,1,3,4,6,4,9,11,0,0,11,8
2005,60802,4,1,0,0,0,0,0,0,19,0,0,0
2005,60803,1,1,26,26,26,26,26,26,26,26,26,26
2005,60804,1,1,11,11,11,11,11,11,11,11,11,11
2005,60805,0,1,0,0,0,0,0,0,0,0,0,0
2005,60805,1,1,0,14,0,0,0,0,0,0,0,0
2005,60806,1,1,10,10,10,10,10,10,10,10,10,10
2005,60807,1,1,0,0,0,0,0,0,0,0,0,0
2005,60808,1,1,0,0,0,0,0,0,0,0,0,0
2005,60808,2,1,0,0,0,0,0,0,0,0,0,0
2005,60809,1,1,3,3,3,3,3,3,3,3,3,3
2005,60809,2,1,0,0,0,0,0,0,0,0,0,0
2005,60810,1,1,9,5,12,8,16,19,19,3,20,22
2005,60810,2,1,0,0,0,0,0,0,0,0,0,0
2005,60811,1,1,16,16,16,16,16,16,16,16,16,16
2005,60812,1,1,0,0,0,0,0,0,0,0,0,0
2005,60812,2,1,0,0,0,0,0,0,0,0,0,0
2005,60812,3,1,0,0,0,0,0,0,0,0,0,0
2005,60813,1,1,0,0,0,0,0,0,0,0,0,0
2005,60813,2,1,0,0,0,0,0,0,0,0,0,0
2005,60813,3,1,0,0,0,0,0,0,0,0,0,0
2005,60814,1,1,30,30,30,30,30,30,30,30,30,30
2005,60814,2,1,0,0,0,0,0,0,0,0,0,0
2005,60815,1,1,0,0,0,0,0,0,0,0,0,0
2005,60815,2,1,0,0,0,0,0,0,0,0,0,0
2005,60816,1,1,14,14,14,14,14,14,14,14,14,14
2005,60817,1,1,0,0,0,0,0,0,0,0,0,0
2005,60818,1,1,20,20,20,20,20,20,20,20,20,20
2005,60819,1,1,0,0,0,0,0,0,0,0,0,0
2005,60820,1,1,0,0,0,0,0,0,0,0,0,0
2005,60820,2,1,0,0,0,0,0,0,0,0,0,0
2005,60821,1,1,0,0,0,0,0,0,0,0,0,0
2005,60822,0,1,0,0,0,0,0,0,0,0,0,0
2005,60822,1,1,0,0,0,0,0,0,0,0,0,0
2005,60823,1,1,0,0,24,17,17,3,0,0,0,25
2005,60823,2,1,0,0,4,0,0,0,0,0,0,0
2005,60824,1,1,10,10,10,10,10,10,10,10,10,10
2005,60824,2,1,20,12,25,24,23,11,0,27,20,18
2005,60825,1,1,23,13,13,11,12,0,35,24,12,0
2005,60825,2,1,4,4,4,4,4,4,4,4,4,4
2005,60825,3,1,0,0,0,0,0,0,0,0,0,0
2005,60826,1,1,0,0,0,0,0,0,0,0,0,0
2005,60826,2,1,0,0,0,0,0,0,0,0,0,0
2005,60827,1,1,0,0,0,0,0,0,0,0,0,0
2005,60827,2,1,0,0,0,0,0,0,0,0,0,0
2005,60828,1,1,0,0,0,10,0,0,18,0,0,0
2005,60828,2,1,0,0,0,0,0,0,0,0,0,0
2005,60829,1,1,0,0,0,0,0,0,0,0,0,0
2005,60829,2,1,26,0,13,0,0,0,0,0,0,0
2005,60829,3,1,0,0,0,0,0,0,0,0,0,0
2005,60829,4,1,0,0,0,0,0,0,0,0,0,0
2005,60830,1,1,0,0,0,0,0,0,0,0,0,0
2005,60831,1,1,0,0,0,0,0,0,0,0,0,0
2005,60832,1,1,0,0,0,0,0,0,0,0,0,0
2005,60832,2,1,0,0,0,0,0,0,0,0,0,0
2005,60833,1,1,3,3,3,3,3,3,3,3,3,3
2005,60834,1,1,27,37,11,14,33,21,9,20,6,13
2005,60835,1,1,6,6,6,6,6,6,6,6,6,6
2005,60836,1,1,0,0,0,0,0,0,0,0,0,0
2005,60836,2,1,0,0,0,0,0,0,0,0,0,0
2005,60836,3,1,0,0,0,0,0,0,0,0,0,0
2005,60836,4,1,0,0,0,0,0,0,0,0,0,0
2005,60837,1,1,0,6,22,28,0,0,0,10,0,29
2005,60837,2,1,0,0,0,0,0,0,0,0,0,0
2005,60838,1,1,0,0,0,0,0,0,0,0,0,0
2005,60838,2,1,0,0,0,0,0,0,0,0,0,0
2005,60839,1,1,0,0,0,0,0,0,0,0,0,0
2005,60839,2,1,0,0,0,0,0,0,0,0,0,0
2005,60840,1,1,0,0,10,0,0,0,0,0,0,0
2005,60840,2,1,0,5,3,0,0,0,0,0,0,0
2005,60841,1,1,0,0,0,0,0,0,0,0,0,0
2005,60841,2,1,0,0,0,0,0,0,0,0,0,0
2005,60842,1,1,0,0,0,0,0,0,0,0,0,0
2005,60842,2,1,0,0,0,0,0,0,2,0,0,0
2005,60843,1,1,13,13,13,13,13,13,13,13,13,13
2005,60843,2,1,0,12,0,0,0,0,0,0,0,18
2005,60844,1,1,14,9,2,12,14,10,17,26,17,12
2005,60845,1,1,0,0,0,0,0,0,0,0,0,0
2005,60845,2,1,0,0,0,0,0,0,0,0,0,0
2005,60845,3,1,0,0,0,0,0,0,0,0,0,0
2005,60846,1,1,0,0,0,0,0,0,0,0,0,0
2005,60846,2,1,0,0,0,0,0,0,0,0,0,0
2005,60847,1,1,0,0,0,0,0,0,0,0,0,0
2005,60847,2,1,0,0,0,0,0,0,0,0,0,0
2005,60848,1,1,0,0,0,0,0,0,0,0,0,0
2005,60848,2,1,0,0,0,0,0,0,0,0,0,0
2005,60848,3,1,0,0,0,0,0,0,0,0,0,0
2005,60849,1,1,0,0,0,0,0,0,0,0,0,0
2005,60850,0,1,20,20,20,20,20,20,20,20,20,20
2005,60850,1,1,0,0,0,0,0,0,0,0,0,6
2005,60851,1,1,21,31,4,9,18,12,7,41,11,24
2005,60852,1,1,0,0,0,0,0,0,0,0,0,0
2005,60852,2,1,7,0,0,0,0,0,0,0,0,0
2005,60852,3,1,0,0,0,0,0,0,0,0,0,0
2005,60852,4,1,0,0,0,0,0,0,0,0,0,0
2005,60854,1,1,0,0,0,0,0,0,0,0,0,0
2005,60855,1,1,0,0,0,0,0,0,0,0,0,0
2005,60855,2,1,0,0,0,0,9,0,0,0,0,0
2005,60856,1,1,0,0,0,0,0,0,0,0,0,0
2005,60856,2,1,0,0,0,0,0,0,0,0,0,0
2005,60857,1,1,19,19,19,19,19,19,19,19,19,19
2005,60858,1,1,0,0,0,0,0,0,0,0,0,0
2005,60859,0,1,21,21,21,21,21,21,21,21,21,21
2005,60859,1,1,20,15,0,16,29,0,4,21,22,0
2005,60860,1,1,0,0,0,0,0,0,0,0,0,0
2005,60861,1,1,20,20,20,20,20,20,20,20,20,20
2005,60861,2,1,0,0,0,0,0,0,0,0,0,0
2005,60862,1,1,0,0,0,0,0,0,0,0,0,0
2005,60862,2,1,0,0,0,0,0,0,0,0,0,0
2005,60863,1,1,0,0,0,0,0,0,0,0,0,0
2005,60864,1,1,0,0,0,0,0,0,0,0,0,0
2005,60864,2,1,0,0,0,0,0,0,0,0,0,0
2005,60865,0,1,0,0,22,27,0,0,0,0,0,14
2005,60865,1,1,0,0,25,0,0,0,0,0,0,0
2005,60866,1,1,0,0,0,0,0,0,0,0,0,0
2005,60866,2,1,0,0,0,0,0,0,0,0,0,0
2005,60867,0,1,0,0,0,0,0,0,0,0,0,0
2005,60867,1,1,34,0,21,9,0,0,0,0,0,17
2005,60868,1,1,11,11,11,11,11,11,11,11,11,11
2005,60868,2,1,0,0,0,0,0,0,0,0,0,0
2005,60869,1,1,0,0,0,0,0,0,0,0,0,0
2005,60869,2,1,0,0,0,0,0,0,0,0,0,0
2005,60869,3,1,0,0,0,0,0,0,0,0,0,0
2005,60869,4,1,0,0,0,0,0,0,0,0,0,0
2005,60870,1,1,12,12,12,12,12,12,12,12,12,12
2005,60871,1,1,0,0,0,0,0,0,0,0,0,0
2005,60872,1,1,11,11,11,11,11,11,11,11,11,11
2005,60873,0,1,6,6,6,6,6,6,6,6,6,6
2005,60873,1,1,0,0,0,0,0,0,0,0,0,0
2005,60873,2,1,0,0,0,0,0,0,0,0,0,0
2005,60874,1,1,16,28,51,24,44,20,16,7,12,22
2005,60875,1,1,16,16,16,16,16,16,16,16,16,16
2005,60876,1,1,25,25,25,25,25,25,25,25,25,25
2005,60877,0,1,16,16,16,16,16,16,16,16,16,16
2005,60877,2,1,0,0,0,0,0,0,0,0,0,0
2005,60878,1,1,12,12,12,12,12,12,12,12,12,12
2005,60879,1,1,25,16,10,0,10,0,20,15,20,9
2005,60880,1,1,5,5,5,5,5,5,5,5,5,5
2005,60880,2,1,0,0,0,0,0,0,0,0,0,0
2005,60881,1,1,0,0,0,0,0,0,0,0,0,0
2005,60881,2,1,0,0,0,0,0,21,0,0,0,0
2005,60882,0,1,10,10,10,10,10,10,10,10,10,10
2005,60882,1,1,0,0,0,0,0,0,0,0,0,0
2005,60883,1,1,0,0,7,0,0,0,0,0,0,0
2005,60884,1,1,13,13,13,13,13,13,13,13,13,13
2005,60885,1,1,12,12,12,12,12,12,12,12,12,12
2005,60886,1,1,0,0,0,0,0,0,0,0,0,0
2005,60887,1,1,0,0,0,0,0,0,0,0,0,0
2005,60888,1,1,0,0,0,0,0,0,0,0,0,0
2005,60889,0,1,0,19,0,0,0,0,0,0,0,0
2005,60889,1,1,0,0,0,0,0,0,0,0,0,0
2005,60890,0,1,0,0,0,0,0,0,0,0,0,0
2005,60890,1,1,0,0,0,0,0,0,0,0,0,0
2005,60891,1,1,0,0,0,0,0,0,0,0,0,0
2005,60892,1,1,19,19,19,19,19,19,19,19,19,19
2005,60893,1,1,0,0,0,0,0,0,0,0,0,0
2005,60894,0,1,0,0,0,0,0,0,0,0,0,0
2005,60894,1,1,15,14,0,11,0,0,0,0,0,0
2005,60895,1,1,16,16,16,16,16,16,16,16,16,16
2005,60896,1,1,11,11,11,11,11,11,11,11,11,11
2005,60897,1,1,0,0,0,0,0,0,0,0,0,0
2005,60898,0,1,0,0,0,0,0,0,0,0,0,0
2005,60898,1,1,0,0,0,0,0,0,0,0,0,0
2005,60899,0,1,0,0,0,0,0,0,0,0,0,0
2005,60899,1,1,0,0,0,0,0,0,0,0,0,0
2005,60900,0,1,0,0,0,0,0,0,0,0,0,0
2005,60900,1,1,0,0,0,0,0,0,0,0,0,0
2005,60901,1,1,27,0,0,0,0,0,0,0,0,0
2005,60902,1,1,0,0,0,0,0,0,0,0,0,0
2005,60903,1,1,27,27,27,27,27,27,27,27,27,27
2005,60904,1,1,15,15,15,15,15,15,15,15,15,15
2005,60904,2,1,0,0,0,0,0,0,0,0,0,0
2005,60905,1,1,0,0,0,0,0,0,0,0,0,0
2005,60905,2,1,0,0,0,0,0,0,0,0,0,0
2005,60906,1,1,0,0,0,0,0,0,0,0,0,0
2005,60906,2,1,0,0,0,0,0,0,0,0,0,0
2005,60907,1,1,0,0,0,0,0,0,0,0,0,0
2005,60907,2,1,0,0,0,0,0,0,0,0,0,0
2005,60907,3,1,0,0,0,0,0,0,0,0,0,0
2005,60908,1,1,0,0,0,0,0,0,0,0,0,0
2005,60908,2,1,0,0,0,0,0,0,0,0,0,0
2005,60909,1,1,0,0,0,0,15,0,0,0,0,0
2005,60909,2,1,0,0,0,0,0,0,0,0,0,0
2005,60910,1,1,10,10,10,10,10,10,10,10,10,10
2005,60910,2,1,0,0,0,0,0,0,0,0,0,0
2005,60911,1,1,0,0,0,0,0,0,0,0,0,0
2005,60911,2,1,0,0,0,0,0,0,0,0,0,0
2005,60911,3,1,0,0,0,0,4,0,13,0,0,0
2005,60911,4,1,0,0,0,0,0,0,0,0,0,0
2005,60912,1,1,0,0,0,0,0,0,0,0,0,0
2005,60912,2,1,0,0,0,0,0,0,0,0,0,0
2005,60913,1,1,0,0,0,0,0,0,0,0,0,0
2005,60913,2,1,0,0,0,0,0,0,0,0,0,0
2005,60913,3,1,0,0,0,10,10,0,0,0,0,0
2005,60914,1,1,0,0,0,0,0,0,0,0,0,0
2005,60914,2,1,0,0,0,0,0,0,0,0,0,0
2005,60914,3,1,0,0,0,0,3,0,0,0,0,0
2005,60915,1,1,0,0,0,0,0,0,0,0,0,0
2005,60915,2,1,0,0,0,0,0,0,0,0,0,0
2005,60916,1,1,17,17,17,17,17,17,17,17,17,17
2005,60917,1,1,0,0,0,0,0,0,0,0,0,0
2005,60918,1,1,11,11,11,11,11,11,11,11,11,11
2005,60918,2,1,0,0,0,0,0,0,0,0,0,0
2005,60919,0,1,0,0,0,0,0,0,0,0,0,0
2005,60919,1,1,0,0,0,0,0,0,0,0,0,0
2005,60920,1,1,0,0,0,0,0,0,0,0,0,0
2005,60920,2,1,0,0,0,0,0,0,0,0,0,0
2005,60921,1,1,0,0,0,0,0,0,0,0,0,0
2005,60922,0,1,0,0,0,0,0,0,0,0,0,0
2005,60922,1,1,0,0,0,0,0,0,0,0,0,0
2005,60923,0,1,0,0,0,0,0,0,0,0,0,0
2005,60923,1,1,0,0,0,0,0,0,0,0,0,0
2005,60924,1,1,0,0,0,0,0,0,0,0,0,0
2005,60925,1,1,11,11,11,11,11,11,11,11,11,11
2005,60925,2,1,0,0,0,0,0,0,0,0,0,0
2005,60926,1,1,0,0,0,0,0,0,0,0,0,0
2005,60927,1,1,0,0,0,0,0,0,0,0,0,0
2005,60928,1,1,0,0,0,0,0,0,0,0,0,0
2005,60928,2,1,0,0,0,0,0,0,0,0,0,0
2005,60929,0,1,0,0,0,0,0,0,0,0,0,0
2005,60929,1,1,0,0,0,0,0,0,0,0,0,0
2005,60930,0,1,17,17,17,17,17,17,17,17,17,17
2005,60930,1,1,0,0,0,0,0,0,0,0,0,0
2005,60931,0,1,4,4,4,4,4,4,4,4,4,4
2005,60931,1,1,23,0,0,0,0,0,0,0,0,6
2005,60932,1,1,23,23,23,23,23,23,23,23,23,23
2005,60933,0,1,0,0,0,0,0,0,0,0,0,0
2005,60933,1,1,0,11,0,0,10,29,0,0,20,0
2005,60934,1,1,26,26,26,26,26,26,26,26,26,26
2005,60935,1,1,0,0,0,0,0,0,0,0,0,0
2005,60936,1,1,0,0,0,0,0,0,0,0,0,0
2005,60936,2,1,0,0,0,0,0,0,0,0,0,0
2005,60936,3,1,0,0,0,0,0,0,0,0,0,0
2005,60936,4,1,0,0,0,0,0,0,0,0,0,0
2005,60937,1,1,0,0,0,0,0,0,0,0,0,0
2005,60938,1,1,0,0,0,0,0,0,0,0,0,0
2005,60939,1,1,0,0,0,0,0,0,0,0,0,0
2005,60940,1,1,29,17,14,20,25,35,19,18,19,25
2005,60941,1,1,27,27,27,27,27,27,27,27,27,27
2005,60942,1,1,0,0,0,0,0,0,0,0,0,0
2005,60943,0,1,0,0,0,20,0,0,0,0,0,0
2005,60943,1,1,0,0,0,0,0,0,0,0,0,0
2005,60944,1,1,21,9,0,0,23,23,0,20,14,0
2005,60945,1,1,13,13,13,13,13,13,13,13,13,13
2005,60945,2,1,18,18,18,18,18,18,18,18,18,18
2005,60946,0,1,0,0,0,0,0,0,0,0,0,0
2005,60946,0,2,14,20,16,15,0,11,15,25,0,21
2005,60946,1,1,0,0,7,12,0,0,0,0,0,9
2005,60946,2,1,0,0,0,0,0,0,0,0,0,0
2005,60947,0,1,12,12,12,12,12,12,12,12,12,12
2005,60947,1,1,7,0,30,0,9,0,23,0,0,0
2005,60948,1,1,0,0,0,0,0,0,0,0,0,0
2005,60948,2,1,0,0,0,0,0,0,0,0,0,0
2005,60949,1,1,16,9,0,0,0,8,0,17,6,0
2005,60949,2,1,0,0,17,0,0,0,0,0,0,0
2005,60949,3,1,0,0,0,0,9,0,0,0,0,0
2005,60950,1,1,0,0,0,0,8,0,0,0,9,0
2005,60950,2,1,0,0,0,0,0,0,0,0,0,0
2005,60951,1,1,23,23,23,23,23,23,23,23,23,23
2005,60952,1,1,0,0,0,0,0,0,0,0,0,0
2005,60952,2,1,0,0,0,0,0,0,0,0,0,0
2005,60953,1,1,4,4,4,4,4,4,4,4,4,4
2005,60954,1,1,0,0,0,0,0,0,0,0,0,0
2005,60955,1,1,26,26,26,26,26,26,26,26,26,26
2005,60956,1,1,0,0,0,0,0,0,0,0,0,0
2005,60956,2,1,0,0,0,0,0,0,0,0,0,0
2005,60956,3,1,0,0,0,0,0,0,0,0,0,0
2005,60957,1,1,0,0,0,0,0,0,0,0,0,0
2005,60958,1,1,0,0,0,0,0,0,0,0,0,0
2005,60958,2,1,0,0,0,0,0,0,0,0,0,0
2005,60959,0,1,0,0,0,0,0,0,0,0,0,0
2005,60959,1,1,0,0,0,0,0,0,0,0,0,0
2005,60960,1,1,0,0,0,0,0,0,0,0,0,0
2005,60961,0,1,0,0,0,0,0,0,0,0,0,0
2005,60961,1,1,0,0,0,0,0,0,0,0,0,0
2005,60961,2,1,0,0,0,0,0,0,0,0,0,0
2005,60962,1,1,27,31,15,9,15,15,22,18,23,9
2005,60962,2,1,0,0,0,0,0,0,4,0,10,0
2005,60962,3,1,0,0,0,0,0,0,0,0,0,0
2005,60963,0,1,0,0,0,0,0,0,0,0,0,0
2005,60963,1,1,0,0,0,0,0,0,0,0,0,0
2005,60963,2,1,0,0,0,0,0,0,0,0,0,0
2005,60963,3,1,0,0,0,0,0,0,0,0,0,0
2005,60964,1,1,0,0,0,0,0,0,0,0,0,0
2005,60964,2,1,0,0,0,0,0,0,0,0,0,0
2005,60965,1,1,7,7,7,7,7,7,7,7,7,7
2005,60965,2,1,0,0,0,0,0,0,0,0,0,0
2005,60966,1,1,0,0,0,0,0,0,0,0,0,0
2005,60966,2,1,0,0,0,0,0,0,0,0,0,0
2005,60967,0,1,0,0,0,0,0,0,0,0,0,0
2005,60967,1,1,0,0,0,0,0,0,0,0,0,0
2005,60968,1,1,0,0,0,0,0,0,0,0,0,0
2005,60968,2,1,0,0,0,0,0,0,0,0,0,0
2005,60969,0,1,0,0,0,7,0,0,0,0,18,15
2005,60969,1,1,0,0,0,0,0,0,0,0,0,0
2005,60969,2,1,0,0,0,0,0,0,0,0,0,0
2005,60970,1,1,0,0,0,0,0,0,0,0,0,0
2005,60970,2,1,0,0,0,0,0,0,0,0,0,0
2005,60971,1,1,0,0,0,0,0,0,0,0,0,0
2005,60972,1,1,0,0,0,0,0,0,0,0,0,0
2005,60972,2,1,0,0,0,0,0,0,0,0,0,0
2005,60973,1,1,0,0,0,0,0,0,0,0,0,0
2005,60973,2,1,0,0,0,0,0,0,0,0,0,0
2005,60974,1,1,0,0,0,0,0,0,0,0,11,0
2005,60974,2,1,0,0,0,0,0,0,0,0,0,0
2005,60974,3,1,0,0,0,0,0,0,0,0,0,0
2005,60975,1,1,21,21,21,21,21,21,21,21,21,21
2005,60976,1,1,0,18,0,4,0,0,0,0,0,0
2005,60976,2,1,0,0,0,0,0,0,0,0,0,0
2005,60977,1,1,0,0,0,0,0,0,0,0,0,0
2005,60978,1,1,0,0,0,0,0,0,0,0,0,0
2005,60978,2,1,0,0,0,0,0,0,0,0,0,0
2005,60979,1,1,0,0,0,0,0,0,0,0,0,0
2005,60980,1,1,0,0,0,0,0,0,0,0,0,0
2005,60980,2,1,0,0,0,0,0,0,0,0,0,0
2005,60981,1,1,0,0,0,0,0,0,0,0,0,0
2005,60981,2,1,0,0,0,0,0,0,0,0,0,0
2005,60982,1,1,0,0,0,0,0,0,0,0,0,0
2005,60983,1,1,27,0,0,0,0,0,0,0,0,0
2005,60983,2,1,0,0,5,0,0,0,0,0,0,0
2005,60984,1,1,7,0,0,0,0,18,0,17,5,0
2005,60984,2,1,0,0,0,0,0,0,0,0,0,0
2005,60984,3,1,0,14,0,0,0,0,0,0,0,0
2005,60985,1,1,10,0,9,26,19,4,10,8,0,3
2005,60985,2,1,0,0,0,0,0,0,0,0,0,0
2005,60986,1,1,14,14,14,14,14,14,14,14,14,14
2005,60986,2,1,6,6,6,6,6,6,6,6,6,6
2005,60987,1,1,15,12,14,10,10,7,17,14,18,13
2005,60987,2,1,0,0,0,0,0,0,0,0,0,0
2005,60988,1,1,0,0,0,0,0,0,0,0,0,0
2005,60988,2,1,0,0,0,0,0,0,0,0,0,0
2005,60989,1,1,25,25,25,25,25,25,25,25,25,25
2005,60989,2,1,0,8,0,0,0,19,0,0,0,0
2005,60990,1,1,12,12,12,12,12,12,12,12,12,12
2005,60990,2,1,0,0,0,0,0,0,0,11,0,0
2005,60991,1,1,0,0,0,0,0,0,0,0,0,0
2005,60991,2,1,0,0,0,0,0,0,0,0,0,0
2005,60992,1,1,0,0,0,0,0,0,0,0,0,0
2005,60992,2,1,0,0,0,0,0,0,0,0,0,0
2005,60993,1,1,0,0,0,0,0,0,0,4,0,0
2005,60993,2,1,3,3,3,3,3,3,3,3,3,3
2005,60994,1,1,20,20,20,20,20,20,20,20,20,20
2005,60995,1,1,0,0,0,0,0,0,0,0,0,0
2005,60995,2,1,0,0,0,0,0,0,0,0,0,0
2005,60995,3,1,0,0,0,0,0,0,0,0,0,0
2005,60996,1,1,0,0,0,0,0,0,0,0,0,0
2005,60997,1,1,0,0,0,0,0,0,0,0,0,0
2005,60997,2,1,0,0,0,0,0,0,0,0,0,0
2005,60998,1,1,0,0,0,0,0,0,0,0,0,0
2005,60999,1,1,0,0,0,0,0,0,0,0,0,0
2005,60999,2,1,4,4,4,4,4,4,4,4,4,4
2005,61000,0,1,0,0,0,0,0,0,0,0,0,0
2005,61000,1,1,5,0,0,0,0,0,0,0,0,0
2005,61001,1,1,0,0,0,0,0,0,0,0,0,0
2005,61001,2,1,0,0,0,0,0,0,0,0,0,0
2005,61002,0,1,0,0,0,0,0,0,0,30,18,0
2005,61002,1,1,0,0,0,0,16,0,0,0,0,14
2005,61002,2,1,0,0,0,0,0,0,0,0,0,0
2005,61003,1,1,11,11,11,11,11,11,11,11,11,11
2005,61004,1,1,0,0,0,0,0,0,0,0,0,0
2005,61004,2,1,0,0,0,0,0,0,0,0,0,0
2005,61005,1,1,0,0,0,0,0,0,0,0,0,0
2005,61006,0,1,0,0,0,0,0,0,0,0,0,0
2005,61006,1,1,18,18,18,18,18,18,18,18,18,18
2005,61007,0,1,0,0,0,0,0,0,0,0,0,0
2005,61007,1,1,0,0,0,0,0,0,0,0,0,0
2005,61008,1,1,0,0,0,0,0,0,0,0,0,0
2005,61009,1,1,3,3,3,3,3,3,3,3,3,3
2005,61009,2,1,0,0,0,0,0,0,0,0,0,0
2005,61010,1,1,0,0,0,0,0,0,0,0,0,0
2005,61010,2,1,0,0,0,0,0,0,0,0,0,0
2005,61010,3,1,0,0,0,0,0,0,0,0,0,0
2005,61011,1,1,0,0,0,0,0,0,0,0,0,0
2005,61011,2,1,0,0,13,0,0,0,6,0,0,0
2005,61011,3,1,0,0,0,0,0,0,0,0,0,0
2005,61012,1,1,15,15,15,15,15,15,15,15,15,15
2005,61012,2,1,0,0,0,0,0,0,0,0,0,0
2005,61012,3,1,0,0,0,0,0,0,0,0,0,0
2005,61013,1,1,0,0,0,0,0,0,0,0,0,0
2005,61013,2,1,0,0,0,0,0,0,0,0,0,0
2005,61014,1,1,0,0,0,0,0,0,0,17,0,0
2005,61015,1,1,0,0,0,0,0,0,0,0,0,0
2005,61016,1,1,20,20,20,20,20,20,20,20,20,20
2005,61017,1,1,0,0,0,0,0,0,0,0,0,0
2005,61017,2,1,9,0,0,0,0,0,0,0,0,0
2005,61018,1,1,25,25,25,25,25,25,25,25,25,25
2005,61019,1,1,0,0,0,0,0,0,0,0,0,0
2005,61020,1,1,0,19,0,0,0,0,0,0,0,0
2005,61020,2,1,0,0,0,0,0,0,0,0,0,0
2005,61020,3,1,0,12,0,28,0,0,15,19,0,16
2005,61021,1,1,0,0,0,0,0,0,0,0,0,0
2005,61021,2,1,0,0,0,0,0,0,0,0,0,0
2005,61022,1,1,0,0,0,0,0,0,0,0,0,0
2005,61023,1,1,0,0,0,0,0,0,0,0,13,0
2005,61023,2,1,0,0,0,0,0,0,0,0,0,0
2005,61024,0,1,0,0,0,0,0,0,0,0,0,0
2005,61024,1,1,0,0,0,0,0,0,0,0,0,0
2005,61025,0,1,0,0,0,0,0,0,0,0,0,0
2005,61025,0,2,0,0,0,0,0,0,0,0,0,0
2005,61025,0,3,0,0,0,0,0,0,0,0,0,0
2005,61025,1,1,0,0,0,0,0,0,0,0,0,0
2005,61026,1,1,0,0,0,0,0,0,0,0,0,0
2005,61026,2,1,0,0,0,0,0,0,0,0,0,0
2005,61027,1,1,0,0,0,0,0,0,0,0,0,0
2005,61027,2,1,0,0,0,0,0,0,0,0,0,0
2005,61028,1,1,0,0,0,0,0,13,0,0,0,0
2005,61029,1,1,0,0,0,0,0,0,0,0,0,0
2005,61030,0,1,0,0,0,0,0,0,0,0,0,0