YEAR,ST_CASE,veh_no,per_no,P1,P2,P3,P4,P5,P6,P7,P8,P9,P10
2005,61030,0,2,0,0,0,0,0,0,0,0,0,0
2005,61030,1,1,9,28,13,3,14,11,7,23,4,11
2005,61031,1,1,16,16,16,16,16,16,16,16,16,16
2005,61032,0,1,0,0,15,0,0,0,0,0,0,17
2005,61032,1,1,0,0,0,0,0,0,0,0,0,0
2005,61033,0,1,0,0,0,0,0,0,0,0,0,0
2005,61033,1,1,0,0,0,0,0,0,0,0,0,0
2005,61034,1,1,0,0,0,0,0,0,0,0,0,0
2005,61034,2,1,0,0,0,0,0,0,0,0,0,0
2005,61035,1,1,29,29,29,29,29,29,29,29,29,29
2005,61036,1,1,3,3,3,3,3,3,3,3,3,3
2005,61037,1,1,0,0,22,19,0,0,0,16,0,14
2005,61038,0,1,16,0,0,0,0,0,0,0,0,0
2005,61038,1,1,0,0,0,0,0,0,0,0,0,0
2005,61039,1,1,0,0,0,0,0,0,0,0,0,0
2005,61040,1,1,10,10,10,10,10,10,10,10,10,10
2005,61041,0,1,0,0,0,0,0,0,0,0,0,0
2005,61041,1,1,0,0,0,9,0,0,0,0,0,0
2005,61042,1,1,0,0,0,0,0,0,0,0,0,0
2005,61042,2,1,0,0,0,0,0,0,0,0,0,0
2005,61043,0,1,33,33,33,33,33,33,33,33,33,33
2005,61043,0,2,20,18,25,35,39,24,11,26,18,0
2005,61043,0,3,32,32,32,32,32,32,32,32,32,32
2005,61043,1,1,0,0,0,0,0,0,0,0,0,0
2005,61044,1,1,0,0,0,0,0,0,0,0,0,0
2005,61045,0,1,42,42,42,42,42,42,42,42,42,42
2005,61045,1,1,0,0,0,0,0,0,0,0,21,0
2005,61046,1,1,0,0,0,0,0,0,0,0,0,0
2005,61047,0,1,36,36,36,36,36,36,36,36,36,36
2005,61047,1,1,0,0,0,0,0,0,0,0,0,0
2005,61048,1,1,0,0,0,0,0,0,0,0,0,0
2005,61049,1,1,0,0,0,0,0,0,0,0,0,0
2005,61050,1,1,20,20,20,20,20,20,20,20,20,20
2005,61051,1,1,13,13,13,13,13,13,13,13,13,13
2005,61051,2,1,0,0,0,0,0,0,0,0,0,0
2005,61052,1,1,0,0,0,0,0,0,0,0,0,0
2005,61053,1,1,19,19,19,0,9,6,12,0,24,19
2005,61054,1,1,13,13,13,13,13,13,13,13,13,13
2005,61055,1,1,10,10,10,10,10,10,10,10,10,10
2005,61056,1,1,0,0,0,0,0,0,0,0,0,0
2005,61057,1,1,0,0,0,0,0,0,0,0,0,0
2005,61058,0,1,0,0,0,0,0,0,0,0,0,0
2005,61058,1,1,0,0,0,0,0,0,0,0,0,0
2005,61059,1,1,0,0,0,0,0,0,0,0,0,0
2005,61060,0,1,3,3,3,3,3,3,3,3,3,3
2005,61061,1,1,21,21,21,21,21,21,21,21,21,21
2005,61062,1,1,26,26,26,26,26,26,26,26,26,26
2005,61063,1,1,23,23,23,23,23,23,23,23,23,23
2005,61064,1,1,8,8,8,8,8,8,8,8,8,8
2005,61065,1,1,0,0,0,0,0,0,0,0,0,0
2005,61065,2,1,0,0,0,0,0,0,0,0,0,0
2005,61066,1,1,20,20,20,20,20,20,20,20,20,20
2005,61067,1,1,0,7,0,0,0,0,0,15,0,0
2005,61067,2,1,0,0,0,0,0,0,0,0,0,0
2005,61068,1,1,0,0,0,0,0,0,0,0,0,0
2005,61068,2,1,0,0,0,0,0,0,0,0,0,0
2005,61069,1,1,0,0,0,0,0,0,0,0,0,0
2005,61069,2,1,1,1,1,1,1,1,1,1,1,1
2005,61070,1,1,24,24,24,24,24,24,24,24,24,24
2005,61070,2,1,0,4,0,0,0,0,0,0,6,0
2005,61071,1,1,0,0,0,0,0,0,0,0,0,0
2005,61071,2,1,0,0,0,0,0,0,0,0,0,0
2005,61072,1,1,0,0,0,0,0,0,0,0,0,0
2005,61072,2,1,0,0,0,0,0,0,0,0,0,0
2005,61073,1,1,0,0,0,0,0,0,0,0,0,0
2005,61073,2,1,0,0,0,0,0,0,0,0,0,0
2005,61074,1,1,0,0,0,0,0,0,0,0,0,0
2005,61074,2,1,0,0,0,0,0,0,0,0,0,0
2005,61075,1,1,0,0,0,0,0,0,0,0,0,0
2005,61075,2,1,0,0,0,0,0,0,0,0,0,0
2005,61076,1,1,0,0,0,0,0,0,0,0,0,0
2005,61076,2,1,0,0,0,0,0,0,0,0,0,0
2005,61077,1,1,0,0,0,0,0,0,0,0,0,0
2005,61077,2,1,0,0,0,0,0,0,0,0,0,0
2005,61077,3,1,0,0,0,0,0,0,0,0,0,0
2005,61077,4,1,0,0,0,0,0,0,0,0,8,0
2005,61077,5,1,0,0,0,0,0,0,0,0,0,0
2005,61078,1,1,18,18,18,18,18,18,18,18,18,18
2005,61078,2,1,0,0,0,0,0,0,0,0,0,0
2005,61079,1,1,3,18,13,8,21,18,6,11,32,11
2005,61079,2,1,5,5,5,5,5,5,5,5,5,5
2005,61080,1,1,7,10,33,25,11,19,15,16,0,8
2005,61080,2,1,17,13,7,23,12,10,13,23,14,17
2005,61081,1,1,0,0,0,0,0,0,0,0,0,0
2005,61081,2,1,0,0,0,0,0,0,0,0,0,0
2005,61082,1,1,0,0,0,0,0,0,0,0,0,0
2005,61082,2,1,0,0,0,0,0,0,0,0,0,14
2005,61083,1,1,0,0,0,0,0,0,0,0,0,0
2005,61083,2,1,0,0,0,0,0,0,0,0,0,0
2005,61083,3,1,5,5,5,5,5,5,5,5,5,5
2005,61084,1,1,0,0,0,0,0,0,0,0,0,0
2005,61084,2,1,0,0,0,0,0,0,0,0,0,0
2005,61085,1,1,39,19,11,10,11,10,18,3,22,14
2005,61085,2,1,0,0,0,0,0,0,0,0,0,0
2005,61086,1,1,29,29,29,29,29,29,29,29,29,29
2005,61086,2,1,7,0,0,0,0,0,0,5,0,0
2005,61086,3,1,0,0,0,0,0,0,0,0,0,0
2005,61086,4,1,0,0,0,0,0,0,0,0,0,0
2005,61087,1,1,0,0,0,0,0,0,0,0,0,0
2005,61087,2,1,0,0,0,0,0,0,0,0,0,0
2005,61088,1,1,0,0,0,0,0,0,0,0,0,0
2005,61088,2,1,0,0,0,0,0,0,0,0,0,0
2005,61089,1,1,0,0,0,0,0,0,0,0,0,0
2005,61089,2,1,0,0,0,0,0,0,0,0,0,0
2005,61090,1,1,0,0,0,0,0,0,0,0,0,0
2005,61090,2,1,0,0,0,0,0,0,0,0,0,0
2005,61091,1,1,3,3,3,3,3,3,3,3,3,3
2005,61091,2,1,0,0,0,0,0,0,0,0,0,0
2005,61092,0,1,13,13,13,13,13,13,13,13,13,13
2005,61092,1,1,0,0,0,0,0,0,0,0,0,0
2005,61093,1,1,20,20,20,20,20,20,20,20,20,20
2005,61093,2,1,7,7,7,7,7,7,7,7,7,7
2005,61094,0,1,0,0,0,0,0,0,0,0,0,0
2005,61094,1,1,0,0,0,0,0,0,0,0,0,0
2005,61095,1,1,0,0,0,0,0,0,0,0,0,0
2005,61095,2,1,0,0,0,0,0,0,0,0,0,0
2005,61096,1,1,0,0,0,0,0,0,0,0,0,0
2005,61096,2,1,0,0,0,0,0,0,0,0,0,0
2005,61097,0,1,14,14,14,14,14,14,14,14,14,14
2005,61097,1,1,0,0,0,0,0,0,0,0,0,0
2005,61098,1,1,9,9,9,9,9,9,9,9,9,9
2005,61099,1,1,0,0,0,0,11,0,0,0,0,0
2005,61099,2,1,0,0,0,0,0,0,0,0,0,0
2005,61100,1,1,20,20,20,20,20,20,20,20,20,20
2005,61101,0,1,16,16,16,16,16,16,16,16,16,16
2005,61101,1,1,9,9,0,0,0,0,0,0,8,0
2005,61102,0,1,5,5,5,5,5,5,5,5,5,5
2005,61102,1,1,0,0,0,32,0,0,0,0,0,0
2005,61103,1,1,0,0,0,0,0,0,0,0,0,0
2005,61104,1,1,0,0,0,0,0,0,0,0,0,0
2005,61105,0,1,0,0,0,0,0,0,0,0,0,0
2005,61105,1,1,0,0,0,0,0,0,0,0,0,0
2005,61106,1,1,0,0,0,0,0,0,0,0,0,0
2005,61107,1,1,0,9,0,0,0,0,0,0,0,0
2005,61108,1,1,9,9,9,9,9,9,9,9,9,9
2005,61109,1,1,0,0,0,0,0,0,0,0,0,0
2005,61110,1,1,0,0,0,0,0,0,0,0,0,0
2005,61111,1,1,0,0,0,0,0,0,0,0,0,0
2005,61112,0,1,0,0,0,0,0,0,0,0,0,0
2005,61112,1,1,0,0,0,0,0,0,0,0,0,0
2005,61113,0,1,0,0,0,0,0,0,0,0,0,0
2005,61113,1,1,0,0,0,0,0,0,0,11,19,0
2005,61114,0,1,27,27,27,27,27,27,27,27,27,27
2005,61114,1,1,0,0,0,0,0,0,0,0,0,0
2005,61115,0,1,0,0,0,0,0,0,0,0,0,0
2005,61115,1,1,0,0,0,0,0,0,0,0,0,0
2005,61116,0,1,0,0,0,0,0,0,0,0,0,0
2005,61116,1,1,0,0,0,0,0,0,0,0,0,0
2005,61117,1,1,16,16,16,16,16,16,16,16,16,16
2005,61118,1,1,10,10,10,10,10,10,10,10,10,10
2005,61119,1,1,0,0,0,0,0,0,0,0,0,0
2005,61120,1,1,0,0,0,0,0,0,0,0,0,0
2005,61121,1,1,21,21,21,21,21,21,21,21,21,21
2005,61122,1,1,23,23,23,23,23,23,23,23,23,23
2005,61123,1,1,0,0,30,0,0,0,0,0,0,0
2005,61124,1,1,0,0,0,0,0,0,0,0,0,0
2005,61125,1,1,0,16,0,0,0,0,0,0,0,0
2005,61126,0,1,0,0,0,0,0,0,0,0,0,0
2005,61126,1,1,0,0,0,0,0,0,0,0,0,0
2005,61127,1,1,19,19,19,19,19,19,19,19,19,19
2005,61128,1,1,0,0,0,0,0,0,0,0,0,0
2005,61129,0,1,0,0,0,0,0,0,0,0,0,0
2005,61129,1,1,0,12,17,12,8,13,17,0,0,16
2005,61130,1,1,0,0,0,0,0,0,0,0,0,0
2005,61131,1,1,15,15,15,15,15,15,15,15,15,15
2005,61132,0,1,0,0,0,0,0,0,0,0,0,0
2005,61132,1,1,0,0,0,0,0,0,20,9,3,0
2005,61133,1,1,0,0,0,0,0,0,0,0,0,0
2005,61134,1,1,0,0,13,0,0,11,0,0,0,10
2005,61135,1,1,0,0,0,0,0,0,0,0,0,0
2005,61136,1,1,0,0,0,0,0,0,0,0,0,0
2005,61137,1,1,15,30,7,0,21,0,7,19,0,14
2005,61138,0,1,33,27,21,7,14,35,22,28,19,13
2005,61138,1,1,19,19,19,19,19,19,19,19,19,19
2005,61139,1,1,0,0,0,0,0,0,0,0,0,0
2005,61139,2,1,0,0,0,0,0,0,0,0,0,0
2005,61140,1,1,0,0,0,0,0,0,0,0,0,0
2005,61140,2,1,0,0,0,0,0,0,0,0,0,0
2005,61141,1,1,0,0,0,0,0,0,0,0,0,0
2005,61142,1,1,22,22,22,22,22,22,22,22,22,22
2005,61143,1,1,11,11,11,11,11,11,11,11,11,11
2005,61144,1,1,2,2,2,2,2,2,2,2,2,2
2005,61145,1,1,0,0,0,0,0,0,0,0,0,0
2005,61145,2,1,0,0,0,0,0,0,0,0,0,0
2005,61145,3,1,0,0,0,0,0,0,0,0,0,0
2005,61146,1,1,19,19,19,19,19,19,19,19,19,19
2005,61147,1,1,26,26,26,26,26,26,26,26,26,26
2005,61148,1,1,0,0,0,0,0,0,0,0,0,0
2005,61149,0,1,0,0,8,0,2,0,0,0,0,1
2005,61149,1,1,0,0,0,0,0,0,0,0,0,0
2005,61150,1,1,9,9,9,9,9,9,9,9,9,9
2005,61151,1,1,0,0,0,9,0,0,0,0,0,0
2005,61152,1,1,11,0,0,36,31,34,11,21,22,37
2005,61153,1,1,0,0,0,0,0,0,0,0,0,0
2005,61154,1,1,17,17,17,17,17,17,17,17,17,17
2005,61155,0,1,0,0,0,0,0,0,0,0,0,0
2005,61155,1,1,0,0,0,0,0,13,30,0,0,14
2005,61156,1,1,0,0,0,0,0,0,0,0,0,0
2005,61157,0,1,0,0,0,0,0,0,0,0,0,0
2005,61157,1,1,0,0,0,0,0,0,0,0,0,0
2005,61158,1,1,14,14,14,14,14,14,14,14,14,14
2005,61159,1,1,11,11,11,11,11,11,11,11,11,11
2005,61159,2,1,0,0,0,0,0,0,0,0,0,0
2005,61159,3,1,0,0,0,0,0,0,0,0,0,0
2005,61159,4,1,0,0,0,0,0,0,0,0,0,0
2005,61159,5,1,0,0,0,0,0,0,0,0,0,0
2005,61159,6,1,0,0,0,0,0,0,0,0,0,0
2005,61159,7,1,0,0,0,0,0,0,0,0,0,0
2005,61159,8,1,0,0,0,0,0,0,26,0,0,0
2005,61159,9,1,0,0,0,0,0,0,0,0,0,0
2005,61160,0,1,27,26,0,33,23,19,15,19,14,0
2005,61160,1,1,0,0,0,0,0,0,0,0,0,0
2005,61161,0,1,7,0,30,0,18,18,14,0,29,25
2005,61161,1,1,0,0,0,0,0,0,0,0,0,0
2005,61162,1,1,0,0,0,0,0,0,0,0,0,0
2005,61162,2,1,22,10,0,11,7,21,0,34,0,0
2005,61163,0,1,0,0,0,0,0,0,30,0,0,0
2005,61163,0,2,0,0,23,0,0,12,19,0,0,0
2005,61163,1,1,0,0,0,0,0,0,0,0,0,0
2005,61164,1,1,0,0,0,0,0,21,0,0,0,0
2005,61165,1,1,0,43,24,0,29,0,21,12,0,35
2005,61166,1,1,0,0,0,0,0,0,0,0,0,0
2005,61166,2,1,0,0,0,0,0,0,0,0,0,0
2005,61167,1,1,0,0,0,0,0,0,0,0,0,0
2005,61167,2,1,0,0,0,0,0,0,0,0,0,0
2005,61168,1,1,0,0,0,0,0,0,0,0,0,0
2005,61168,2,1,0,0,0,0,0,0,0,0,0,0
2005,61169,1,1,0,0,0,0,0,0,0,0,0,0
2005,61169,2,1,0,0,0,0,0,0,0,0,0,0
2005,61170,1,1,0,0,0,0,0,0,0,0,0,0
2005,61170,2,1,0,0,0,0,0,0,0,0,0,0
2005,61171,1,1,0,0,0,0,0,0,0,0,0,0
2005,61171,2,1,0,0,0,0,0,4,0,0,0,0
2005,61172,1,1,16,23,13,12,16,13,6,4,31,7
2005,61172,2,1,6,8,13,3,25,22,18,11,14,11
2005,61173,1,1,0,0,0,0,0,0,0,0,0,0
2005,61173,2,1,0,0,0,2,0,0,0,0,0,0
2005,61174,1,1,34,34,34,34,34,34,34,34,34,34
2005,61174,2,1,0,0,0,0,0,0,0,0,9,0
2005,61175,1,1,0,0,0,0,0,0,0,0,0,0
2005,61175,2,1,0,0,0,0,0,0,0,0,0,0
2005,61176,0,1,13,0,10,0,18,38,0,0,6,26
2005,61176,0,2,0,0,0,0,0,0,0,0,0,0
2005,61176,0,3,26,16,13,21,0,0,0,0,9,0
2005,61176,1,1,0,0,0,0,0,0,0,0,0,0
2005,61176,2,1,13,13,13,13,13,13,13,13,13,13
2005,61177,0,1,0,0,0,0,0,0,0,0,0,0
2005,61177,1,1,0,0,0,0,0,0,0,0,0,5
2005,61178,1,1,0,0,0,0,0,0,0,0,0,0
2005,61178,2,1,0,0,0,0,0,0,0,0,0,0
2005,61178,3,1,0,7,0,0,0,0,0,0,0,0
2005,61178,4,1,0,0,0,0,0,0,0,0,0,0
2005,61178,5,1,0,0,0,0,0,0,0,0,0,0
2005,61179,1,1,14,14,14,14,14,14,14,14,14,14
2005,61179,2,1,8,8,8,8,8,8,8,8,8,8
2005,61180,1,1,0,0,0,0,0,0,0,0,0,0
2005,61180,2,1,2,2,2,2,2,2,2,2,2,2
2005,61181,1,1,19,19,19,19,19,19,19,19,19,19
2005,61182,1,1,0,0,0,0,7,0,0,0,6,0
2005,61182,2,1,0,0,5,0,9,0,0,0,0,0
2005,61183,1,1,0,0,0,0,0,0,0,0,4,0
2005,61183,2,1,0,0,0,0,0,0,0,0,0,0
2005,61184,1,1,0,0,0,0,0,0,0,0,0,0
2005,61184,2,1,0,0,0,0,0,0,0,0,0,0
2005,61185,1,1,0,0,0,0,0,0,0,0,0,0
2005,61185,2,1,0,0,0,0,0,0,0,0,0,0
2005,61185,3,1,0,0,0,0,0,0,0,0,0,0
2005,61185,4,1,0,0,0,0,0,0,0,0,0,0
2005,61185,5,1,0,0,0,0,0,0,0,0,0,0
2005,61185,6,1,0,4,0,0,0,8,0,0,0,0
2005,61185,7,1,0,0,0,15,0,24,0,0,16,0
2005,61186,1,1,20,0,0,0,0,0,0,0,0,0
2005,61187,1,1,0,0,0,0,0,0,0,0,0,0
2005,61187,2,1,0,0,0,0,0,0,0,0,0,0
2005,61188,1,1,0,0,0,0,0,0,0,0,0,0
2005,61188,2,1,12,0,11,0,5,6,4,15,7,0
2005,61189,1,1,30,30,30,30,30,30,30,30,30,30
2005,61190,1,1,11,11,11,11,11,11,11,11,11,11
2005,61190,2,1,0,0,0,0,0,0,0,0,0,0
2005,61191,1,1,0,0,0,0,0,0,0,0,0,0
2005,61191,2,1,0,0,0,0,0,0,0,0,0,0
2005,61192,1,1,0,0,0,0,0,0,0,0,0,0
2005,61192,2,1,0,0,0,0,0,0,0,0,0,0
2005,61193,1,1,0,0,0,0,0,0,0,0,0,0
2005,61193,2,1,0,0,0,0,0,0,0,0,0,0
2005,61193,3,1,0,0,0,0,0,0,0,0,0,0
2005,61194,1,1,0,0,0,0,0,0,0,0,0,0
2005,61194,2,1,0,0,0,0,0,0,0,0,0,0
2005,61194,3,1,0,0,8,0,0,0,0,0,0,0
2005,61194,4,1,0,0,0,0,0,0,0,0,0,0
2005,61195,1,1,0,0,0,0,0,0,0,0,0,0
2005,61195,2,1,0,0,0,0,0,0,0,0,0,0
2005,61196,1,1,0,0,0,0,0,0,0,0,0,0
2005,61196,2,1,7,0,0,0,0,0,0,0,0,4
2005,61197,1,1,9,0,0,16,8,11,15,0,14,21
2005,61197,2,1,0,0,0,0,15,0,11,0,13,0
2005,61198,1,1,0,0,0,0,0,0,0,0,0,0
2005,61198,2,1,0,0,0,0,0,0,0,0,0,0
2005,61199,1,1,0,0,0,0,0,0,0,0,0,0
2005,61199,2,1,0,0,0,0,0,0,0,0,0,0
2005,61199,3,1,0,0,0,0,0,0,0,0,0,0
2005,61199,4,1,0,0,0,0,0,0,0,0,0,0
2005,61199,5,1,0,0,0,0,6,0,0,0,0,0
2005,61199,6,1,0,0,0,0,0,0,0,0,0,0
2005,61200,1,1,6,6,6,6,6,6,6,6,6,6
2005,61200,2,1,0,0,0,0,0,0,0,0,0,0
2005,61201,1,1,0,0,0,0,0,0,0,0,0,0
2005,61201,2,1,8,0,0,0,0,0,0,0,0,0
2005,61202,1,1,0,0,0,0,0,0,0,0,0,0
2005,61202,2,1,0,0,0,0,0,0,0,0,0,0
2005,61203,1,1,0,0,0,0,0,0,0,0,0,0
2005,61203,2,1,0,0,0,0,0,0,12,0,0,0
2005,61204,1,1,0,0,0,0,0,0,0,0,0,0
2005,61204,2,1,0,0,0,0,0,0,0,0,0,0
2005,61204,3,1,0,0,0,0,0,0,0,0,0,0
2005,61205,1,1,0,0,0,0,0,0,0,0,0,0
2005,61205,2,1,0,0,0,0,0,0,0,0,0,0
2005,61206,1,1,6,6,6,6,6,6,6,6,6,6
2005,61206,2,1,0,0,0,0,0,0,0,0,0,0
2005,61207,1,1,15,15,15,15,15,15,15,15,15,15
2005,61207,2,1,0,0,19,0,0,0,0,0,0,0
2005,61207,3,1,0,0,0,0,0,0,0,0,0,0
2005,61208,1,1,22,22,22,22,22,22,22,22,22,22
2005,61209,0,1,0,0,0,0,0,0,0,0,0,0
2005,61209,1,1,0,0,0,0,0,0,0,0,0,0
2005,61210,1,1,5,5,5,5,5,5,5,5,5,5
2005,61211,0,1,22,22,22,22,22,22,22,22,22,22
2005,61211,1,1,0,0,0,0,0,0,0,8,33,0
2005,61212,1,1,18,18,18,18,18,18,18,18,18,18
2005,61213,1,1,0,0,0,0,0,0,0,0,0,0
2005,61214,1,1,0,0,0,0,0,0,0,0,0,0
2005,61215,1,1,0,0,0,0,0,0,0,0,0,0
2005,61216,1,1,15,15,15,15,15,15,15,15,15,15
2005,61217,1,1,0,0,0,0,8,0,0,0,6,0
2005,61218,1,1,19,12,6,17,22,8,13,7,10,12
2005,61219,1,1,17,17,17,17,17,17,17,17,17,17
2005,61220,0,1,9,9,9,9,9,9,9,9,9,9
2005,61220,1,1,0,0,0,0,0,0,0,0,0,32
2005,61221,1,1,0,0,0,0,0,0,0,0,0,0
2005,61222,1,1,0,0,0,0,0,0,0,0,0,0
2005,61223,1,1,34,44,19,23,36,9,20,38,6,22
2005,61224,0,1,0,0,0,0,0,0,0,0,0,0
2005,61224,1,1,0,0,0,0,0,0,0,0,0,0
2005,61225,1,1,0,0,0,0,0,0,0,0,0,0
2005,61226,1,1,0,0,0,0,0,0,0,0,0,0
2005,61227,1,1,0,0,0,0,0,0,0,0,0,0
2005,61228,0,1,0,0,0,0,0,0,0,0,0,0
2005,61228,1,1,0,0,0,14,16,31,13,23,0,0
2005,61229,1,1,8,8,8,8,8,8,8,8,8,8
2005,61229,2,1,8,8,8,8,8,8,8,8,8,8
2005,61230,1,1,27,18,0,31,28,24,29,22,10,24
2005,61231,0,1,0,0,0,0,0,0,0,0,0,0
2005,61231,0,2,0,0,0,0,0,0,0,0,0,0
2005,61231,1,1,4,4,4,4,4,4,4,4,4,4
2005,61232,1,1,9,21,22,10,11,0,10,0,8,4
2005,61233,0,1,17,0,0,0,0,0,0,0,0,0
2005,61233,1,1,0,0,16,13,11,0,0,0,0,0
2005,61234,1,1,16,0,0,0,0,0,0,0,0,5
2005,61235,1,1,0,0,17,0,0,0,0,8,0,0
2005,61236,1,1,0,0,0,0,0,0,0,0,0,0
2005,61237,1,1,0,0,0,0,0,0,0,0,0,0
2005,61238,1,1,14,14,14,14,14,14,14,14,14,14
2005,61239,1,1,16,16,16,16,16,16,16,16,16,16
2005,61240,0,1,0,0,0,0,0,0,0,0,0,0
2005,61240,1,1,0,0,0,0,0,0,0,0,0,0
2005,61241,0,1,0,0,0,0,0,0,0,0,0,0
2005,61241,1,1,17,6,21,10,0,28,6,7,7,21
2005,61242,0,1,0,0,0,0,0,0,0,0,0,0
2005,61242,1,1,0,0,0,0,0,0,0,0,0,0
2005,61243,2,1,22,22,22,22,22,22,22,22,22,22
2005,61244,0,1,0,0,17,0,0,0,0,0,0,0
2005,61244,0,2,18,16,16,9,0,0,0,18,0,0
2005,61244,1,1,2,2,2,2,2,2,2,2,2,2
2005,61245,1,1,0,0,0,0,0,0,0,0,0,0
2005,61246,1,1,0,0,0,0,0,0,0,0,0,0
2005,61247,1,1,0,0,0,0,0,0,0,0,0,0
2005,61247,2,1,0,0,0,0,0,0,0,0,0,0
2005,61247,3,1,0,0,0,0,0,0,0,0,0,0
2005,61247,4,1,0,8,0,0,0,0,0,0,0,29
2005,61248,1,1,0,0,0,0,0,0,0,0,0,0
2005,61249,1,1,15,15,15,15,15,15,15,15,15,15
2005,61250,1,1,0,0,0,0,0,0,0,0,0,0
2005,61250,2,1,0,0,0,0,0,0,0,0,0,0
2005,61251,1,1,28,28,28,28,28,28,28,28,28,28
2005,61252,0,1,0,2,0,0,13,0,0,10,0,0
2005,61252,1,1,0,0,0,0,0,0,0,0,0,0
2005,61253,1,1,9,9,9,9,9,9,9,9,9,9
2005,61254,1,1,0,0,0,0,0,0,0,0,0,0
2005,61255,1,1,0,0,0,0,0,0,0,0,0,0
2005,61256,0,1,30,30,30,30,30,30,30,30,30,30
2005,61256,1,1,0,0,0,0,0,0,0,0,0,0
2005,61257,1,1,9,9,9,9,9,9,9,9,9,9
2005,61258,0,1,0,0,0,0,0,0,0,0,0,0
2005,61258,1,1,0,0,0,0,0,17,0,0,0,0
2005,61259,0,1,0,0,0,0,0,0,0,0,0,0
2005,61259,1,1,0,0,0,0,0,0,0,0,0,0
2005,61260,1,1,20,20,20,20,20,20,20,20,20,20
2005,61261,0,1,0,0,0,0,0,0,0,0,0,0
2005,61261,1,1,18,0,0,0,26,0,0,0,13,0
2005,61262,1,1,0,0,0,0,0,0,0,0,0,0
2005,61263,1,1,19,19,19,19,19,19,19,19,19,19
2005,61264,0,1,30,30,30,30,30,30,30,30,30,30
2005,61264,1,1,0,0,0,0,0,0,0,0,0,0
2005,61265,0,1,0,0,0,0,0,0,0,0,0,0
2005,61265,1,1,0,0,0,0,0,0,0,0,0,0
2005,61266,1,1,0,0,0,0,0,0,0,0,0,0
2005,61267,1,1,0,0,0,0,0,0,0,0,0,0
2005,61268,0,1,0,0,0,0,0,0,0,0,0,0
2005,61268,1,1,0,0,0,0,0,14,0,0,0,0
2005,61269,1,1,0,0,0,0,0,0,0,0,0,0
2005,61269,2,1,0,0,0,0,0,0,0,0,0,0
2005,61270,1,1,0,0,0,0,0,0,0,0,0,0
2005,61271,1,1,20,20,20,20,20,20,20,20,20,20
2005,61272,1,1,1,1,1,1,1,1,1,1,1,1
2005,61273,1,1,34,34,34,34,34,34,34,34,34,34
2005,61274,1,1,19,19,19,19,19,19,19,19,19,19
2005,61275,1,1,6,3,0,20,0,13,17,22,19,15
2005,61276,1,1,0,0,0,0,0,0,0,0,0,10
2005,61276,2,1,0,0,0,0,0,0,0,0,0,0
2005,61277,1,1,0,0,0,0,0,0,0,0,0,0
2005,61278,1,1,0,0,0,0,0,0,0,0,0,9
2005,61278,2,1,23,23,23,23,23,23,23,23,23,23
2005,61279,1,1,10,10,10,10,10,10,10,10,10,10
2005,61280,0,1,35,35,35,35,35,35,35,35,35,35
2005,61280,1,1,0,24,0,30,11,0,0,0,16,11
2005,61281,1,1,14,14,14,14,14,14,14,14,14,14
2005,61282,1,1,5,5,5,5,5,5,5,5,5,5
2005,61282,2,1,27,27,27,27,27,27,27,27,27,27
2005,61283,1,1,0,0,0,0,0,0,0,0,0,0
2005,61284,1,1,0,0,0,0,0,0,0,0,0,0
2005,61285,1,1,0,0,0,0,0,0,0,0,0,0
2005,61286,0,1,0,0,0,0,0,0,0,0,0,0
2005,61286,1,1,0,0,0,0,0,0,0,0,0,0
2005,61287,1,1,0,0,0,0,0,0,0,0,0,0
2005,61287,2,1,0,0,0,0,0,0,0,0,0,0
2005,61288,1,1,25,25,25,25,25,25,25,25,25,25
2005,61289,0,1,21,21,21,21,21,21,21,21,21,21
2005,61289,1,1,0,5,0,10,0,0,0,0,0,0
2005,61290,1,1,0,0,0,0,0,0,0,0,20,0
2005,61290,2,1,0,0,0,0,0,0,0,0,0,0
2005,61291,1,1,24,24,24,24,24,24,24,24,24,24
2005,61292,1,1,0,0,0,0,0,0,0,0,0,0
2005,61292,2,1,0,0,0,0,0,0,0,0,0,0
2005,61293,1,1,0,0,0,0,0,0,0,0,0,0
2005,61294,1,1,15,15,15,15,15,15,15,15,15,15
2005,61294,2,1,0,0,0,0,0,0,0,0,0,0
2005,61294,3,1,0,0,0,0,0,0,0,0,0,0