YEAR,ST_CASE,veh_no,per_no,P1,P2,P3,P4,P5,P6,P7,P8,P9,P10
2005,61294,4,1,0,0,0,0,0,0,0,0,0,0
2005,61294,5,1,0,9,0,0,0,0,0,0,0,0
2005,61295,1,1,9,9,9,9,9,9,9,9,9,9
2005,61296,1,1,0,0,0,0,0,0,0,0,0,0
2005,61296,2,1,0,0,0,0,0,0,0,0,0,0
2005,61297,1,1,0,0,0,0,0,0,0,0,0,0
2005,61297,2,1,0,0,0,0,0,0,4,0,0,0
2005,61298,1,1,0,0,0,0,0,0,0,0,0,0
2005,61299,1,1,27,27,27,27,27,27,27,27,27,27
2005,61299,2,1,0,0,0,0,5,0,0,0,0,0
2005,61300,1,1,6,0,0,0,0,0,0,0,0,0
2005,61301,1,1,19,19,19,19,19,19,19,19,19,19
2005,61302,0,1,21,21,21,21,21,21,21,21,21,21
2005,61302,1,1,10,10,10,10,10,10,10,10,10,10
2005,61303,1,1,9,19,5,16,37,12,20,0,15,16
2005,61303,2,1,0,0,0,0,0,0,0,0,0,0
2005,61304,1,1,2,2,2,2,2,2,2,2,2,2
2005,61305,1,1,17,17,17,17,17,17,17,17,17,17
2005,61306,1,1,0,0,0,0,0,0,0,0,0,0
2005,61306,2,1,0,0,0,0,0,0,0,0,0,0
2005,61307,1,1,0,0,0,0,0,0,0,0,0,0
2005,61307,2,1,0,0,0,0,0,0,0,0,0,0
2005,61307,3,1,0,0,0,0,0,0,0,0,0,0
2005,61308,0,1,0,0,0,0,0,0,0,0,0,0
2005,61308,1,1,0,0,0,0,0,0,0,0,0,0
2005,61309,0,1,0,0,0,0,0,0,0,0,0,0
2005,61309,1,1,0,0,0,0,0,0,0,0,19,0
2005,61310,1,1,0,0,0,7,25,0,0,0,11,0
2005,61310,2,1,0,0,0,0,0,0,0,0,0,0
2005,61310,3,1,0,0,0,0,0,0,0,0,0,14
2005,61311,1,1,3,3,3,3,3,3,3,3,3,3
2005,61312,1,1,21,0,19,0,25,0,28,21,10,21
2005,61313,1,1,0,0,0,0,0,0,0,0,0,0
2005,61313,2,1,0,0,0,0,0,0,0,0,0,0
2005,61313,3,1,0,0,0,0,0,0,0,0,0,0
2005,61314,1,1,0,0,0,0,0,0,0,0,0,0
2005,61314,2,1,0,0,0,0,0,0,0,0,0,0
2005,61315,1,1,0,0,0,0,0,0,0,0,0,0
2005,61315,2,1,0,0,0,0,0,0,0,0,0,0
2005,61315,3,1,0,0,0,0,0,0,0,0,0,0
2005,61315,4,1,0,0,0,0,10,0,0,0,0,0
2005,61315,5,1,0,0,0,0,0,0,0,0,0,0
2005,61316,0,1,36,36,36,36,36,36,36,36,36,36
2005,61316,1,1,0,0,0,0,10,0,0,0,0,0
2005,61316,2,1,0,0,0,0,0,0,0,0,0,4
2005,61317,1,1,0,0,0,0,0,0,0,0,0,0
2005,61317,2,1,0,0,0,0,0,0,0,0,0,0
2005,61317,3,1,0,0,0,0,0,0,0,0,0,0
2005,61318,1,1,12,24,24,7,22,33,16,21,18,16
2005,61318,2,1,0,0,0,0,0,0,0,0,0,0
2005,61319,1,1,0,0,0,0,30,19,0,0,0,22
2005,61319,2,1,0,0,0,0,0,0,0,0,0,0
2005,61320,1,1,0,0,0,0,0,0,0,0,0,0
2005,61320,2,1,0,0,0,0,0,0,0,0,6,0
2005,61320,3,1,0,0,0,0,0,0,0,0,0,0
2005,61320,4,1,0,0,0,0,0,0,0,0,0,0
2005,61321,1,1,0,0,0,0,0,0,0,0,0,0
2005,61321,2,1,0,0,0,0,0,0,0,0,0,0
2005,61322,1,1,0,0,0,0,0,0,0,0,0,0
2005,61322,2,1,12,0,0,0,0,0,10,0,0,0
2005,61323,1,1,0,0,0,0,0,0,0,0,0,0
2005,61323,2,1,4,0,0,0,0,0,0,0,0,0
2005,61324,1,1,0,0,0,0,0,0,0,0,0,0
2005,61324,2,1,0,0,0,0,0,0,0,0,0,0
2005,61325,1,1,0,0,0,0,0,0,0,0,0,0
2005,61325,2,1,0,0,0,0,0,0,0,17,0,0
2005,61325,3,1,0,0,5,0,0,0,0,0,0,0
2005,61325,4,1,0,0,0,0,0,0,0,0,0,0
2005,61326,1,1,4,17,9,17,17,43,10,12,26,14
2005,61326,3,1,8,0,0,0,6,0,0,0,0,0
2005,61327,0,1,0,24,0,0,0,16,9,20,11,11
2005,61327,1,1,2,2,2,2,2,2,2,2,2,2
2005,61328,1,1,0,0,0,0,0,0,0,0,0,0
2005,61328,2,1,0,0,0,0,0,9,0,0,19,0
2005,61329,1,1,38,38,38,38,38,38,38,38,38,38
2005,61329,2,1,0,0,0,0,0,0,10,4,0,0
2005,61330,1,1,21,21,21,21,21,21,21,21,21,21
2005,61330,2,1,0,0,20,0,0,0,0,0,0,0
2005,61331,1,1,0,0,0,0,0,0,0,0,0,0
2005,61332,1,1,0,16,0,0,0,0,0,0,4,6
2005,61332,2,1,0,0,0,0,0,0,0,0,0,0
2005,61333,1,1,0,0,0,0,0,0,0,0,0,0
2005,61333,2,1,0,0,0,0,3,17,0,0,0,0
2005,61334,1,1,0,0,0,0,0,0,0,0,0,0
2005,61334,2,1,0,0,0,0,0,0,0,0,0,0
2005,61334,3,1,0,0,0,0,0,0,0,0,0,0
2005,61335,1,1,0,0,0,0,0,0,0,0,0,0
2005,61335,2,1,0,0,0,0,0,0,0,0,0,0
2005,61336,1,1,0,0,0,0,0,0,0,0,0,0
2005,61336,2,1,0,0,0,0,0,0,0,0,0,0
2005,61337,1,1,0,0,0,0,0,0,10,0,0,0
2005,61337,2,1,0,0,0,0,0,0,0,0,0,0
2005,61338,0,1,0,0,0,0,0,0,14,0,0,0
2005,61338,1,1,0,0,0,0,0,0,0,8,0,0
2005,61339,1,1,0,0,0,0,0,0,0,0,0,0
2005,61339,2,1,0,0,0,0,0,0,0,0,0,0
2005,61340,1,1,4,4,4,4,4,4,4,4,4,4
2005,61341,1,1,0,0,0,0,12,0,0,0,0,0
2005,61341,2,1,0,0,0,0,0,0,20,0,0,0
2005,61342,1,1,0,0,0,0,0,0,0,0,0,0
2005,61342,2,1,0,0,0,0,0,0,0,0,0,0
2005,61342,3,1,0,0,0,0,0,0,0,0,4,0
2005,61343,1,1,0,0,0,0,0,0,0,0,0,0
2005,61343,2,1,0,0,0,0,0,0,0,0,0,0
2005,61344,1,1,0,0,0,0,0,0,0,0,0,0
2005,61345,1,1,21,21,21,21,21,21,21,21,21,21
2005,61346,1,1,0,0,0,0,0,0,0,0,0,0
2005,61346,2,1,0,0,0,0,0,0,0,0,0,0
2005,61347,0,1,7,7,7,7,7,7,7,7,7,7
2005,61347,1,1,5,5,5,5,5,5,5,5,5,5
2005,61348,1,1,23,23,23,23,23,23,23,23,23,23
2005,61349,1,1,21,21,21,21,21,21,21,21,21,21
2005,61349,2,1,0,0,15,0,0,0,0,0,0,0
2005,61350,1,1,18,18,18,18,18,18,18,18,18,18
2005,61350,2,1,0,0,0,0,0,0,0,0,22,0
2005,61351,1,1,0,0,0,0,0,0,0,0,0,0
2005,61351,2,1,29,0,0,0,0,0,0,19,0,25
2005,61352,1,1,15,15,15,15,15,15,15,15,15,15
2005,61353,1,1,0,0,0,0,0,0,0,0,0,0
2005,61353,2,1,0,0,0,0,0,0,0,0,0,0
2005,61354,1,1,1,1,1,1,1,1,1,1,1,1
2005,61354,2,1,0,0,0,0,0,8,0,0,0,0
2005,61355,0,1,0,0,0,0,0,0,0,0,0,0
2005,61355,1,1,0,20,0,0,17,0,0,24,0,0
2005,61356,1,1,27,27,27,27,27,27,27,27,27,27
2005,61357,1,1,21,21,21,21,21,21,21,21,21,21
2005,61358,1,1,0,0,0,0,0,0,0,0,0,0
2005,61359,1,1,0,0,0,0,0,0,0,0,0,0
2005,61360,1,1,0,0,0,0,0,0,0,0,0,0
2005,61361,1,1,0,0,0,0,0,0,0,0,0,0
2005,61361,2,1,0,0,0,28,0,0,0,0,0,0
2005,61362,1,1,0,0,0,0,0,0,0,0,0,0
2005,61363,1,1,0,0,0,0,0,0,0,0,0,0
2005,61364,1,1,0,0,23,0,40,28,21,0,0,0
2005,61365,1,1,0,0,0,0,0,0,0,0,0,0
2005,61366,1,1,0,0,0,0,0,0,0,0,0,0
2005,61367,1,1,0,0,0,0,0,0,0,0,0,0
2005,61368,1,1,0,0,0,0,0,0,0,0,0,0
2005,61369,1,1,0,0,0,0,0,0,0,0,0,0
2005,61370,1,1,0,0,9,0,0,11,0,0,0,0
2005,61371,1,1,0,0,0,0,0,0,0,0,0,0
2005,61371,2,1,0,0,0,0,0,0,0,0,0,0
2005,61371,3,1,0,0,0,0,0,0,0,0,0,0
2005,61372,1,1,0,0,0,0,0,0,0,0,0,0
2005,61372,2,1,0,0,0,0,0,0,0,0,0,0
2005,61373,1,1,29,29,29,29,29,29,29,29,29,29
2005,61374,1,1,8,8,8,8,8,8,8,8,8,8
2005,61375,1,1,4,4,4,4,4,4,4,4,4,4
2005,61376,1,1,0,0,0,0,0,0,0,0,13,0
2005,61377,1,1,0,0,0,0,0,0,0,0,0,0
2005,61377,2,1,1,1,1,1,1,1,1,1,1,1
2005,61378,1,1,15,15,15,15,15,15,15,15,15,15
2005,61379,1,1,0,0,0,0,0,0,0,0,0,0
2005,61379,2,1,0,0,0,0,0,0,0,0,0,0
2005,61380,1,1,2,2,2,2,2,2,2,2,2,2
2005,61380,2,1,0,0,0,0,0,0,0,0,0,0
2005,61381,0,1,0,0,0,0,0,0,0,0,0,0
2005,61381,1,1,0,0,0,0,0,0,0,0,0,0
2005,61382,0,1,0,0,0,0,0,0,0,0,0,0
2005,61382,0,2,28,27,0,0,17,0,0,0,7,14
2005,61382,1,1,0,0,0,0,0,0,0,23,0,0
2005,61383,0,1,0,0,0,0,0,0,0,0,0,0
2005,61383,1,1,0,0,0,0,0,0,0,0,0,0
2005,61383,3,1,0,0,0,0,0,0,0,0,0,0
2005,61384,1,1,0,0,0,0,0,0,0,0,0,0
2005,61385,1,1,0,0,0,0,0,0,0,0,0,0
2005,61385,2,1,0,0,0,0,0,0,0,0,0,0
2005,61386,1,1,7,7,7,7,7,7,7,7,7,7
2005,61387,0,1,24,7,0,0,0,0,0,14,0,3
2005,61387,0,2,0,0,12,0,0,0,0,17,0,0
2005,61387,1,1,0,0,0,0,0,0,0,0,0,0
2005,61388,1,1,0,0,0,0,0,0,0,0,0,0
2005,61389,0,1,0,0,0,0,0,0,0,0,0,0
2005,61389,1,1,0,0,0,0,0,0,0,0,0,0
2005,61390,0,1,0,0,0,0,0,0,0,0,0,23
2005,61390,1,1,17,17,17,17,17,17,17,17,17,17
2005,61391,1,1,0,0,0,3,0,0,0,0,0,0
2005,61392,1,1,0,0,0,0,0,0,0,0,0,0
2005,61393,1,1,15,15,15,15,15,15,15,15,15,15
2005,61394,1,1,0,0,0,0,0,0,0,0,0,0
2005,61395,1,1,13,13,13,13,13,13,13,13,13,13
2005,61396,1,1,10,10,10,10,10,10,10,10,10,10
2005,61397,0,1,3,3,3,3,3,3,3,3,3,3
2005,61397,1,1,33,9,14,19,0,20,16,20,21,21
2005,61398,0,1,0,0,0,0,0,0,0,0,0,0
2005,61398,1,1,0,0,0,0,0,0,0,0,0,0
2005,61398,2,1,0,0,0,0,0,0,0,0,0,0
2005,61399,1,1,0,0,0,0,0,0,0,0,0,0
2005,61399,2,1,0,0,10,0,13,8,0,0,0,0
2005,61400,0,1,0,6,0,0,0,0,0,0,0,0
2005,61400,1,1,0,0,0,0,0,0,0,0,0,0
2005,61401,1,1,13,13,13,13,13,13,13,13,13,13
2005,61401,2,1,0,0,0,0,8,0,0,0,0,0
2005,61401,3,1,0,0,0,0,0,0,0,0,0,0
2005,61402,1,1,19,19,19,19,19,19,19,19,19,19
2005,61403,1,1,2,2,2,2,2,2,2,2,2,2
2005,61404,0,1,0,0,0,0,0,0,0,0,0,0
2005,61404,1,1,0,0,0,0,0,0,0,0,0,0
2005,61405,1,1,0,0,0,0,0,0,0,0,0,0
2005,61405,2,1,0,0,0,0,0,0,0,0,0,0
2005,61406,1,1,1,1,1,1,1,1,1,1,1,1
2005,61407,1,1,0,0,0,0,0,0,0,0,0,0
2005,61407,2,1,0,0,0,0,0,0,0,0,0,0
2005,61408,1,1,0,0,0,0,0,0,0,0,0,0
2005,61408,2,1,0,0,0,0,0,0,0,0,0,0
2005,61408,3,1,0,0,0,0,0,0,0,0,0,0
2005,61409,1,1,0,0,0,0,0,0,0,0,0,0
2005,61409,2,1,0,0,0,0,0,0,0,0,0,0
2005,61410,1,1,0,0,0,0,0,0,0,0,0,0
2005,61410,2,1,0,0,30,0,0,12,0,0,11,17
2005,61411,1,1,0,0,0,0,0,0,0,0,0,0
2005,61412,0,1,0,0,0,0,0,0,0,0,0,0
2005,61412,1,1,0,0,0,0,0,0,0,0,0,0
2005,61413,1,1,0,0,0,0,0,0,0,0,0,0
2005,61413,2,1,0,0,0,0,0,0,0,0,0,0
2005,61413,3,1,0,0,0,0,0,0,0,0,0,0
2005,61414,0,1,0,0,0,0,0,0,0,0,0,0
2005,61414,1,1,0,0,0,0,0,0,0,0,0,0
2005,61415,1,1,15,15,15,15,15,15,15,15,15,15
2005,61416,1,1,10,10,10,10,10,10,10,10,10,10
2005,61417,1,1,10,10,10,10,10,10,10,10,10,10
2005,61418,0,1,0,0,0,0,0,0,0,0,0,0
2005,61418,1,1,17,21,0,7,0,14,4,0,0,0
2005,61419,1,1,4,4,4,4,4,4,4,4,4,4
2005,61420,1,1,0,0,0,0,0,0,0,0,0,0
2005,61421,1,1,0,0,0,0,0,0,0,0,0,0
2005,61422,0,1,0,0,0,0,0,0,0,0,0,0
2005,61422,1,1,0,39,0,21,0,0,0,16,18,22
2005,61423,1,1,0,0,0,0,0,0,0,0,0,0
2005,61424,1,1,0,0,0,0,0,0,0,0,0,0
2005,61425,0,1,21,21,21,21,21,21,21,21,21,21
2005,61425,1,1,0,0,0,0,0,0,0,0,0,0
2005,61426,1,1,0,0,0,0,0,0,0,0,0,0
2005,61426,2,1,0,0,0,0,0,14,0,0,0,0
2005,61427,1,1,23,23,23,23,23,23,23,23,23,23
2005,61428,1,1,0,0,23,0,0,0,0,0,5,28
2005,61429,1,1,0,0,0,0,0,0,0,0,0,0
2005,61429,2,1,0,0,0,0,0,0,0,0,0,0
2005,61430,0,1,0,0,0,0,0,0,0,0,0,0
2005,61430,1,1,0,0,0,0,0,0,0,0,0,0
2005,61431,1,1,0,0,0,0,0,0,0,0,0,0
2005,61432,0,1,0,0,0,0,0,0,0,0,0,0
2005,61432,1,1,0,0,0,0,0,0,0,0,0,0
2005,61433,1,1,0,0,0,0,0,0,0,0,0,0
2005,61433,2,1,0,0,0,0,0,0,0,0,0,0
2005,61434,1,1,0,0,0,0,0,0,0,0,6,0
2005,61435,1,1,0,0,0,0,0,0,0,0,0,0
2005,61436,1,1,0,0,0,0,0,0,0,0,0,0
2005,61437,1,1,0,0,0,0,0,0,0,0,0,0
2005,61438,1,1,0,0,0,0,0,0,0,0,0,0
2005,61439,0,1,0,0,0,0,0,0,0,0,0,0
2005,61439,1,1,0,0,0,0,0,0,0,0,0,0
2005,61440,1,1,0,0,0,0,0,0,0,0,0,0
2005,61441,1,1,0,0,0,0,0,0,0,0,0,0
2005,61442,1,1,0,0,0,0,0,0,0,0,0,0
2005,61442,2,1,0,0,0,0,0,0,15,0,0,0
2005,61442,3,1,0,0,0,0,0,0,0,0,0,0
2005,61443,0,1,0,0,0,0,0,0,0,0,0,0
2005,61443,1,1,0,0,0,0,0,0,0,0,0,0
2005,61444,0,1,0,0,0,0,0,0,0,0,0,0
2005,61444,1,1,0,0,18,0,0,0,0,12,0,0
2005,61445,1,1,0,0,0,0,0,0,0,0,0,0
2005,61446,0,1,24,21,6,14,0,9,30,21,0,0
2005,61446,1,1,0,0,0,0,0,0,0,0,0,0
2005,61447,1,1,0,0,0,0,0,0,0,0,0,0
2005,61448,0,1,0,0,0,0,0,0,0,0,0,0
2005,61448,1,1,0,0,0,0,0,0,0,0,0,0
2005,61449,1,1,0,0,0,0,0,0,0,0,0,0
2005,61450,1,1,0,0,0,0,0,0,0,0,0,0
2005,61450,2,1,0,0,0,0,0,0,0,0,0,0
2005,61450,3,1,0,0,0,0,0,0,0,0,0,0
2005,61451,1,1,15,0,0,0,0,0,0,0,0,11
2005,61451,2,1,0,0,0,0,0,0,0,0,0,0
2005,61452,1,1,0,0,0,0,0,0,0,0,0,0
2005,61453,1,1,0,0,0,0,0,0,0,0,0,0
2005,61454,1,1,0,0,0,6,0,0,0,0,0,0
2005,61454,2,1,0,0,0,0,0,0,0,0,0,0
2005,61455,1,1,10,10,10,10,10,10,10,10,10,10
2005,61456,1,1,0,0,0,0,0,0,0,0,0,0
2005,61456,2,1,0,0,0,0,0,0,0,15,0,0
2005,61457,1,1,17,17,17,17,17,17,17,17,17,17
2005,61458,1,1,10,16,17,10,25,0,25,20,9,12
2005,61458,2,1,0,0,7,0,10,9,0,0,0,0
2005,61458,3,1,0,0,0,0,0,0,0,0,0,0
2005,61459,1,1,9,9,9,9,9,9,9,9,9,9
2005,61459,2,1,13,13,13,13,13,13,13,13,13,13
2005,61460,1,1,0,0,0,0,0,0,0,0,0,0
2005,61461,1,1,0,0,0,0,0,0,0,0,0,0
2005,61461,2,1,0,0,0,0,0,0,0,0,0,0
2005,61462,1,1,0,0,0,0,0,0,0,0,0,0
2005,61463,1,1,0,0,0,0,0,0,0,0,0,0
2005,61463,2,1,0,0,0,0,0,0,0,0,0,0
2005,61463,3,1,0,6,4,0,0,0,0,0,0,0
2005,61464,1,1,0,0,0,0,0,0,0,0,0,0
2005,61464,2,1,0,0,0,0,0,0,0,0,0,0
2005,61464,3,1,0,0,0,0,0,0,0,0,0,0
2005,61465,1,1,3,3,3,3,3,3,3,3,3,3
2005,61465,2,1,0,0,0,0,0,0,0,0,0,0
2005,61466,1,1,9,9,9,9,9,9,9,9,9,9
2005,61467,0,1,12,12,12,12,12,12,12,12,12,12
2005,61467,1,1,15,15,15,15,15,15,15,15,15,15
2005,61468,1,1,0,0,0,0,0,0,0,0,0,0
2005,61468,2,1,0,0,0,0,0,0,0,0,0,0
2005,61469,1,1,0,0,0,0,0,0,0,0,0,0
2005,61469,2,1,0,0,15,0,0,0,0,0,0,0
2005,61469,3,1,0,0,0,0,0,0,0,0,0,0
2005,61470,0,1,23,23,23,23,23,23,23,23,23,23
2005,61470,0,2,0,13,0,0,0,19,0,7,35,0
2005,61470,0,3,48,14,14,16,0,27,6,9,23,20
2005,61470,1,1,0,0,0,0,0,0,0,0,0,0
2005,61471,1,1,0,8,13,0,14,0,0,32,0,0
2005,61472,0,1,2,2,2,2,2,2,2,2,2,2
2005,61472,1,1,0,0,0,27,0,0,0,0,5,0
2005,61473,1,1,2,2,2,2,2,2,2,2,2,2
2005,61474,0,1,0,6,0,0,0,27,19,30,0,0
2005,61474,1,1,0,24,21,0,0,28,0,0,21,9
2005,61475,1,1,14,14,14,14,14,14,14,14,14,14
2005,61475,2,1,0,0,0,0,0,0,0,0,0,0
2005,61476,1,1,20,20,20,20,20,20,20,20,20,20
2005,61477,1,1,0,0,0,0,0,0,0,0,0,0
2005,61478,1,1,0,0,0,0,0,0,0,0,0,0
2005,61479,1,1,7,7,7,7,7,7,7,7,7,7
2005,61480,1,1,0,0,0,0,0,0,0,0,0,0
2005,61481,1,1,0,0,0,0,0,0,0,0,0,0
2005,61482,1,1,0,0,0,0,0,0,0,0,0,0
2005,61482,2,1,0,0,0,0,0,0,0,0,0,0
2005,61483,1,1,0,0,0,0,0,0,0,0,0,0
2005,61483,2,1,0,0,0,0,0,0,0,0,0,0
2005,61484,1,1,0,0,0,0,0,0,0,0,0,0
2005,61484,2,1,0,0,0,0,0,0,0,0,0,0
2005,61484,3,1,0,0,0,0,0,0,16,0,0,0
2005,61485,0,1,12,12,12,12,12,12,12,12,12,12
2005,61485,1,1,0,0,0,0,0,0,0,0,0,0
2005,61486,1,1,25,25,25,25,25,25,25,25,25,25
2005,61487,1,1,0,0,0,0,0,0,0,0,0,0
2005,61487,2,1,0,0,0,0,0,0,0,0,0,0
2005,61487,3,1,0,0,0,0,0,14,27,0,0,0
2005,61488,1,1,5,5,5,5,5,5,5,5,5,5
2005,61489,0,1,0,0,0,0,0,0,0,0,0,0
2005,61489,1,1,0,0,0,0,0,0,0,0,0,0
2005,61490,0,1,0,0,0,21,0,0,0,0,0,0
2005,61490,1,1,0,0,0,0,0,0,0,0,0,0
2005,61491,1,1,0,0,0,0,0,0,0,0,0,0
2005,61492,1,1,0,0,0,0,0,0,0,0,0,0
2005,61493,1,1,10,10,10,10,10,10,10,10,10,10
2005,61494,0,1,0,0,0,0,0,0,0,0,0,0
2005,61494,1,1,0,0,0,0,0,0,0,0,0,0
2005,61495,0,1,0,0,0,0,0,0,0,0,0,0
2005,61495,1,1,0,17,0,0,0,0,0,20,22,0
2005,61496,0,1,0,0,0,0,0,0,0,0,0,0
2005,61497,1,1,8,8,8,8,8,8,8,8,8,8
2005,61498,0,1,22,22,22,22,22,22,22,22,22,22
2005,61498,1,1,0,0,0,0,0,0,0,0,0,0
2005,61499,0,1,16,16,16,16,16,16,16,16,16,16
2005,61499,1,1,0,0,36,0,8,0,14,16,14,0
2005,61500,1,1,0,0,0,0,0,0,0,0,0,0
2005,61500,2,1,0,0,0,0,0,0,0,0,0,0
2005,61501,0,1,0,0,0,11,0,20,0,0,0,0
2005,61501,1,1,0,0,0,0,0,0,0,0,0,6
2005,61501,2,1,0,0,0,0,0,0,0,0,0,0
2005,61502,1,1,0,0,0,0,0,0,0,0,0,0
2005,61502,2,1,0,0,0,0,0,0,0,0,0,0
2005,61503,1,1,0,0,0,0,0,0,0,0,0,0
2005,61503,2,1,4,4,4,4,4,4,4,4,4,4
2005,61504,0,1,0,0,0,0,0,0,0,0,0,0
2005,61504,1,1,0,0,0,0,0,0,0,0,0,0
2005,61505,1,1,15,32,13,17,28,28,20,30,13,21
2005,61506,0,1,6,12,0,0,10,17,9,25,0,7
2005,61506,1,1,15,15,15,15,15,15,15,15,15,15
2005,61507,1,1,6,5,9,8,20,2,7,10,24,0
2005,61507,2,1,0,0,0,0,21,0,12,0,0,0
2005,61508,1,1,0,8,0,24,31,14,18,0,8,10
2005,61508,2,1,0,0,0,0,0,0,0,0,0,0
2005,61508,3,1,0,0,0,0,3,0,0,0,0,0
2005,61509,1,1,17,17,17,17,17,17,17,17,17,17
2005,61509,2,1,2,2,2,2,2,2,2,2,2,2
2005,61509,3,1,0,0,0,0,0,0,0,0,0,0
2005,61509,4,1,0,0,0,0,0,0,0,0,0,0
2005,61510,1,1,12,12,12,12,12,12,12,12,12,12
2005,61510,2,1,0,0,0,0,0,0,0,0,0,0
2005,61511,1,1,0,0,0,0,0,0,0,0,0,0
2005,61511,2,1,0,0,0,0,0,0,0,0,0,0
2005,61512,1,1,0,0,0,0,0,0,0,0,0,0
2005,61512,2,1,0,0,0,8,0,0,0,0,0,0
2005,61513,0,1,23,23,23,23,23,23,23,23,23,23
2005,61513,1,1,0,0,0,22,0,0,0,0,9,22
2005,61513,2,1,0,0,0,0,0,0,0,0,0,0
2005,61514,1,1,16,16,16,16,16,16,16,16,16,16
2005,61515,1,1,0,0,0,0,0,0,0,0,0,0
2005,61515,2,1,0,0,0,0,0,0,0,0,0,0
2005,61516,1,1,23,0,12,11,0,12,11,25,0,11
2005,61516,2,1,0,0,0,14,0,0,0,0,7,25
2005,61517,1,1,15,15,15,15,15,15,15,15,15,15
2005,61517,2,1,0,0,0,0,0,0,0,0,0,0
2005,61518,1,1,6,6,6,6,6,6,6,6,6,6
2005,61518,2,1,0,0,0,0,0,0,0,0,9,0
2005,61519,0,1,7,7,7,7,7,7,7,7,7,7
2005,61519,1,1,0,0,0,0,0,0,0,0,0,0
2005,61520,1,1,0,0,0,0,0,0,0,0,0,0
2005,61520,2,1,22,0,0,6,0,0,0,0,0,0
2005,61521,1,1,0,0,0,0,0,0,0,0,0,0
2005,61521,2,1,0,0,0,0,0,0,0,0,0,0
2005,61522,0,1,0,0,0,0,0,0,0,0,0,0
2005,61522,0,2,0,0,0,0,0,0,0,0,0,23
2005,61522,1,1,0,0,0,0,0,0,0,0,0,0
2005,61523,1,1,20,20,20,20,20,20,20,20,20,20
2005,61524,1,1,21,21,21,21,21,21,21,21,21,21
2005,61525,1,1,0,2,0,0,0,0,0,0,0,0
2005,61526,1,1,0,0,0,0,0,0,0,0,0,0
2005,61527,1,1,0,0,0,0,0,0,0,0,0,0
2005,61528,1,1,15,15,15,15,15,15,15,15,15,15
2005,61529,1,1,17,17,17,17,17,17,17,17,17,17
2005,61530,1,1,3,0,8,10,9,11,13,6,0,0
2005,61531,1,1,0,0,0,0,0,0,0,0,0,0
2005,61532,0,1,15,15,15,15,15,15,15,15,15,15
2005,61532,1,1,0,0,0,0,0,0,0,0,0,0
2005,61533,1,1,17,17,17,17,17,17,17,17,17,17
2005,61534,1,1,5,16,11,31,22,20,17,15,16,51
2005,61535,1,1,5,5,5,5,5,5,5,5,5,5
2005,61536,1,1,1,1,1,1,1,1,1,1,1,1
2005,61537,1,1,0,0,0,0,0,0,0,0,0,0
2005,61538,0,1,17,17,17,17,17,17,17,17,17,17
2005,61538,1,1,0,0,0,0,0,0,0,0,0,0
2005,61539,0,1,27,27,27,27,27,27,27,27,27,27
2005,61539,1,1,0,0,0,0,0,0,0,0,0,0
2005,61540,1,1,10,10,10,10,10,10,10,10,10,10
2005,61541,0,1,40,40,40,40,40,40,40,40,40,40
2005,61541,1,1,0,0,0,0,0,0,0,0,0,0
2005,61542,0,1,8,8,8,8,8,8,8,8,8,8
2005,61542,1,1,14,0,0,0,0,0,0,0,22,0
2005,61543,0,1,0,0,0,0,0,0,0,0,0,0
2005,61543,1,1,0,0,0,0,0,0,0,0,0,0
2005,61544,1,1,0,0,0,0,0,0,0,0,0,0
2005,61545,0,1,14,14,14,14,14,14,14,14,14,14
2005,61545,1,1,0,16,15,14,0,0,2,0,0,0
2005,61546,0,1,0,0,0,0,0,0,0,0,0,0
2005,61546,1,1,0,0,0,0,0,0,0,0,0,0
2005,61547,1,1,0,0,0,0,0,0,0,0,0,0
2005,61548,0,1,0,0,0,0,0,0,0,0,0,0
2005,61548,1,1,0,0,0,0,0,0,0,0,0,0
2005,61549,0,1,58,58,58,58,58,58,58,58,58,58
2005,61549,1,1,0,0,0,0,0,0,2,0,0,0
2005,61550,1,1,0,0,17,17,0,4,0,0,0,7
2005,61551,1,1,5,5,5,5,5,5,5,5,5,5
2005,61552,1,1,0,0,0,0,0,0,0,0,0,0
2005,61553,0,1,0,0,0,0,0,0,0,0,0,0
2005,61553,1,1,0,0,0,0,0,0,0,0,0,0
2005,61554,1,1,21,21,21,21,21,21,21,21,21,21
2005,61555,1,1,0,0,0,0,0,0,0,0,0,0
2005,61556,1,1,21,22,7,23,0,29,0,22,25,26
2005,61557,0,1,21,21,21,21,21,21,21,21,21,21