YEAR,ST_CASE,veh_no,per_no,P1,P2,P3,P4,P5,P6,P7,P8,P9,P10
2005,61557,1,1,0,0,30,22,20,0,22,27,18,25
2005,61558,1,1,0,0,0,0,0,0,0,0,0,0
2005,61559,1,1,0,0,0,0,0,0,0,0,0,0
2005,61560,1,1,11,11,11,11,11,11,11,11,11,11
2005,61561,1,1,0,0,0,0,0,0,0,0,0,0
2005,61562,1,1,0,0,0,0,0,0,0,0,10,0
2005,61563,1,1,22,22,22,22,22,22,22,22,22,22
2005,61564,1,1,0,0,0,0,0,0,0,0,0,0
2005,61565,1,1,0,0,0,0,0,0,0,0,0,0
2005,61566,0,1,6,6,6,6,6,6,6,6,6,6
2005,61566,1,1,0,0,0,0,0,0,0,0,0,0
2005,61567,1,1,0,0,0,0,0,0,0,0,0,0
2005,61567,2,1,0,0,0,0,0,0,0,0,0,0
2005,61568,1,1,0,0,0,0,0,24,18,0,11,0
2005,61569,1,1,28,28,28,28,28,28,28,28,28,28
2005,61570,1,1,14,14,14,14,14,14,14,14,14,14
2005,61571,1,1,29,29,29,29,29,29,29,29,29,29
2005,61572,1,1,0,0,0,2,0,0,0,0,0,0
2005,61573,1,1,0,0,0,0,0,0,0,0,0,0
2005,61574,1,1,0,0,0,0,0,0,0,0,0,0
2005,61575,1,1,10,10,10,10,10,10,10,10,10,10
2005,61575,2,1,0,0,0,0,0,0,0,0,0,0
2005,61576,1,1,0,0,0,0,0,0,0,0,0,0
2005,61576,2,1,0,0,0,0,0,0,0,0,0,0
2005,61577,1,1,0,0,0,0,0,0,0,0,0,0
2005,61577,2,1,0,0,0,0,0,0,0,0,0,0
2005,61578,1,1,0,0,0,0,0,0,0,0,0,0
2005,61579,1,1,0,0,0,0,0,0,0,0,0,0
2005,61580,1,1,14,14,14,14,14,14,14,14,14,14
2005,61581,1,1,21,21,21,21,21,21,21,21,21,21
2005,61581,2,1,0,0,0,0,0,0,0,0,0,0
2005,61582,1,1,0,0,0,0,0,0,0,0,0,0
2005,61583,1,1,21,21,21,21,21,21,21,21,21,21
2005,61583,2,1,0,0,0,0,0,0,0,0,0,0
2005,61584,1,1,27,27,27,27,27,27,27,27,27,27
2005,61585,1,1,0,0,0,0,0,0,0,0,0,0
2005,61585,2,1,0,0,9,0,0,0,0,0,0,0
2005,61586,0,1,0,0,0,16,0,0,0,24,0,0
2005,61586,1,1,0,0,0,0,0,0,0,0,0,0
2005,61587,1,1,0,4,12,0,0,0,12,0,0,0
2005,61588,1,1,0,0,0,0,0,0,0,0,0,0
2005,61589,1,1,0,0,0,0,0,0,0,0,0,27
2005,61590,1,1,0,0,0,0,0,0,0,0,0,0
2005,61590,2,1,0,0,0,0,0,0,0,0,0,0
2005,61591,0,1,26,26,26,26,26,26,26,26,26,26
2005,61591,1,1,0,0,0,0,0,0,0,0,0,0
2005,61592,1,1,0,0,0,0,0,0,0,0,0,0
2005,61593,1,1,0,0,0,0,0,0,18,0,0,0
2005,61594,0,1,0,0,0,0,0,0,0,0,0,0
2005,61594,1,1,0,0,5,0,18,0,0,0,0,0
2005,61595,1,1,22,22,22,22,22,22,22,22,22,22
2005,61596,1,1,27,27,27,27,27,27,27,27,27,27
2005,61596,2,1,9,14,21,6,10,14,10,21,8,29
2005,61597,1,1,0,0,0,0,0,0,0,0,0,0
2005,61597,2,1,0,0,0,0,0,0,0,0,0,0
2005,61597,3,1,0,0,0,0,0,0,0,0,0,0
2005,61598,1,1,0,0,0,0,0,0,0,5,0,0
2005,61599,1,1,0,0,0,0,0,0,0,0,0,0
2005,61600,0,1,0,0,0,0,0,0,0,0,0,0
2005,61600,0,2,16,0,0,0,0,0,0,0,12,0
2005,61600,1,1,0,0,0,0,0,0,0,0,0,0
2005,61601,0,1,0,0,0,0,0,0,0,0,0,0
2005,61601,1,1,0,0,0,0,0,0,0,0,0,0
2005,61602,0,1,37,22,30,18,0,33,34,11,16,37
2005,61602,1,1,0,0,0,0,0,0,0,0,0,0
2005,61603,1,1,0,0,0,0,0,0,0,0,0,0
2005,61604,1,1,0,0,5,0,0,0,0,0,0,0
2005,61605,0,1,0,0,0,0,0,0,0,0,0,0
2005,61605,1,1,0,0,0,0,0,0,0,0,0,0
2005,61606,0,1,0,0,0,0,0,0,0,0,0,0
2005,61606,1,1,0,0,0,0,0,0,0,0,0,0
2005,61607,0,1,7,7,7,7,7,7,7,7,7,7
2005,61607,1,1,0,0,0,0,0,0,10,23,0,0
2005,61608,1,1,14,14,14,14,14,14,14,14,14,14
2005,61609,1,1,0,0,0,0,0,0,0,0,0,0
2005,61609,2,1,0,0,0,0,0,0,0,0,0,0
2005,61610,1,1,0,0,0,0,0,0,0,0,0,0
2005,61610,2,1,0,0,0,0,0,0,0,0,0,0
2005,61611,1,1,0,0,0,0,0,0,0,0,0,0
2005,61611,2,1,0,0,0,0,0,0,0,0,0,0
2005,61612,1,1,0,0,0,0,0,0,0,0,0,0
2005,61612,2,1,0,0,0,0,0,0,0,0,0,0
2005,61613,1,1,28,0,5,0,0,15,0,9,27,0
2005,61614,1,1,0,0,0,0,0,0,0,0,0,0
2005,61614,2,1,0,0,0,0,0,0,0,0,0,0
2005,61615,0,1,37,37,37,37,37,37,37,37,37,37
2005,61615,1,1,0,0,0,0,0,0,0,0,0,0
2005,61616,1,1,13,13,13,13,13,13,13,13,13,13
2005,61616,2,1,0,0,0,0,0,0,0,0,0,0
2005,61617,1,1,15,0,14,0,0,0,0,10,13,0
2005,61618,1,1,0,0,0,0,0,0,0,0,0,0
2005,61619,1,1,0,0,0,0,0,0,12,0,0,0
2005,61619,2,1,0,0,0,0,0,0,0,0,0,0
2005,61620,1,1,0,0,0,0,0,0,0,0,0,0
2005,61621,1,1,23,23,23,23,23,23,23,23,23,23
2005,61622,1,1,0,0,0,0,0,0,0,0,0,0
2005,61623,1,1,11,11,11,11,11,11,11,11,11,11
2005,61624,0,1,17,17,17,17,17,17,17,17,17,17
2005,61624,1,1,0,0,0,0,0,0,0,12,0,0
2005,61625,1,1,0,0,0,0,0,0,0,0,0,0
2005,61626,1,1,0,20,10,0,9,0,0,0,0,0
2005,61627,0,1,0,0,0,0,0,0,0,0,0,0
2005,61627,1,1,0,0,0,0,0,0,0,0,0,0
2005,61627,2,1,0,5,0,0,0,0,0,0,0,0
2005,61628,0,1,0,0,0,0,0,0,0,0,0,0
2005,61628,1,1,0,0,0,0,0,0,0,0,0,0
2005,61629,1,1,0,0,0,0,0,0,0,0,0,0
2005,61630,1,1,0,0,0,0,0,0,0,0,0,0
2005,61631,1,1,0,0,0,0,0,0,0,0,0,0
2005,61631,2,1,0,0,0,0,0,0,0,0,0,0
2005,61631,3,1,0,0,0,0,0,0,0,0,0,0
2005,61632,1,1,0,0,0,0,0,0,0,0,0,0
2005,61632,2,1,0,0,0,0,0,0,0,0,0,0
2005,61633,1,1,0,0,0,0,0,0,0,0,0,0
2005,61634,1,1,2,2,2,2,2,2,2,2,2,2
2005,61635,0,1,0,0,0,0,0,0,0,0,0,0
2005,61635,1,1,0,0,3,0,3,11,0,4,0,0
2005,61635,3,1,0,0,0,0,0,0,0,0,17,0
2005,61636,1,1,0,0,0,0,0,0,0,0,0,0
2005,61636,2,1,0,0,0,0,10,11,5,18,21,0
2005,61636,3,1,0,0,0,0,0,0,0,0,0,0
2005,61636,4,1,0,0,0,0,3,0,0,0,0,7
2005,61636,5,1,0,0,0,0,0,0,0,0,0,0
2005,61637,1,1,0,0,0,0,0,0,0,0,0,0
2005,61637,2,1,0,0,15,0,0,0,0,0,0,0
2005,61638,1,1,8,8,8,8,8,8,8,8,8,8
2005,61638,2,1,0,0,0,0,0,0,0,0,0,0
2005,61639,1,1,6,6,6,6,6,6,6,6,6,6
2005,61640,1,1,0,0,0,0,0,0,0,0,0,0
2005,61641,1,1,0,0,0,0,0,0,0,0,0,0
2005,61642,0,1,0,0,0,0,0,0,0,0,0,0
2005,61642,1,1,0,0,0,0,0,0,0,0,0,0
2005,61643,1,1,25,25,25,25,25,25,25,25,25,25
2005,61644,1,1,28,12,27,29,21,22,39,14,18,13
2005,61645,1,1,0,0,0,0,0,0,0,0,0,0
2005,61646,0,1,20,20,20,20,20,20,20,20,20,20
2005,61646,1,1,0,0,0,0,0,0,0,0,0,0
2005,61647,1,1,0,0,0,0,0,0,0,0,0,0
2005,61647,2,1,0,0,0,0,0,0,0,0,0,0
2005,61648,1,1,14,14,14,14,14,14,14,14,14,14
2005,61649,1,1,10,36,0,0,0,27,8,17,19,5
2005,61650,1,1,21,21,21,21,21,21,21,21,21,21
2005,61651,1,1,0,0,0,0,0,0,0,0,0,0
2005,61651,2,1,0,0,0,0,0,0,0,0,0,0
2005,61652,0,1,3,3,3,3,3,3,3,3,3,3
2005,61652,1,1,18,18,18,18,18,18,18,18,18,18
2005,61653,1,1,0,0,0,0,0,0,0,0,0,0
2005,61653,2,1,0,0,11,0,0,0,0,0,0,0
2005,61654,1,1,23,23,23,23,23,23,23,23,23,23
2005,61654,2,1,0,0,0,0,12,0,0,0,0,0
2005,61655,1,1,0,0,0,0,0,0,0,0,0,0
2005,61655,2,1,0,0,0,0,0,0,0,0,0,0
2005,61656,1,1,8,8,8,8,8,8,8,8,8,8
2005,61656,2,1,0,0,0,0,0,0,0,0,0,0
2005,61657,1,1,24,24,24,24,24,24,24,24,24,24
2005,61658,1,1,0,0,0,0,0,0,0,0,0,0
2005,61659,1,1,0,0,0,0,0,0,0,0,0,0
2005,61660,1,1,20,20,20,20,20,20,20,20,20,20
2005,61661,1,1,0,0,0,0,0,0,0,0,0,0
2005,61662,1,1,19,19,19,19,19,19,19,19,19,19
2005,61663,0,1,0,0,0,0,0,0,0,0,0,0
2005,61663,1,1,0,0,12,0,0,0,0,10,0,0
2005,61664,1,1,0,0,0,0,6,17,0,0,0,13
2005,61665,1,1,22,22,22,22,22,22,22,22,22,22
2005,61666,0,1,0,0,0,0,0,0,0,0,0,0
2005,61666,1,1,0,0,0,0,0,2,0,0,0,0
2005,61667,1,1,0,0,0,0,0,0,0,0,14,0
2005,61668,0,1,18,18,18,18,18,18,18,18,18,18
2005,61668,1,1,0,0,0,0,0,0,0,0,0,0
2005,61669,0,1,0,0,0,0,0,0,0,0,0,0
2005,61669,1,1,24,22,12,10,12,21,6,5,32,26
2005,61670,1,1,12,12,12,12,12,12,12,12,12,12
2005,61671,1,1,0,0,0,0,0,0,2,0,0,0
2005,61672,0,1,6,6,6,6,6,6,6,6,6,6
2005,61672,1,1,11,0,0,0,0,0,0,0,0,0
2005,61673,1,1,0,0,0,0,0,0,0,0,0,0
2005,61674,1,1,0,0,0,0,0,0,0,0,0,0
2005,61675,1,1,20,20,20,20,20,20,20,20,20,20
2005,61676,1,1,3,3,3,3,3,3,3,3,3,3
2005,61677,1,1,9,23,39,21,0,0,19,0,0,14
2005,61678,1,1,0,0,0,0,0,0,0,0,0,0
2005,61679,1,1,0,0,0,0,0,0,0,0,0,0
2005,61680,1,1,0,0,0,0,0,0,0,0,0,0
2005,61681,1,1,0,0,0,0,0,0,0,0,0,0
2005,61682,1,1,0,0,0,0,0,0,0,0,0,0
2005,61683,1,1,0,0,0,0,0,0,0,0,0,0
2005,61684,1,1,0,7,21,5,0,20,0,0,0,0
2005,61685,0,1,7,7,7,7,7,7,7,7,7,7
2005,61685,1,1,0,0,0,0,0,3,0,0,0,0
2005,61686,1,1,0,0,0,0,0,0,0,0,0,0
2005,61687,1,1,0,2,0,0,0,13,0,0,0,0
2005,61688,0,1,0,0,0,0,0,0,0,0,0,0
2005,61688,1,1,0,18,14,13,0,19,13,11,9,30
2005,61689,1,1,20,17,0,24,23,29,7,25,8,10
2005,61690,1,1,20,20,20,20,20,20,20,20,20,20
2005,61691,1,1,0,0,0,0,0,0,0,0,0,0
2005,61692,1,1,5,5,5,5,5,5,5,5,5,5
2005,61693,0,1,0,0,0,0,0,0,0,0,0,0
2005,61693,1,1,4,31,0,0,0,19,0,12,13,0
2005,61694,0,1,0,0,0,0,0,0,0,0,0,0
2005,61694,1,1,25,0,0,0,7,15,0,0,0,23
2005,61695,1,1,0,0,27,0,0,0,0,0,0,0
2005,61696,1,1,9,9,9,9,9,9,9,9,9,9
2005,61697,1,1,28,28,28,28,28,28,28,28,28,28
2005,61698,0,1,0,0,0,0,0,0,0,0,0,0
2005,61698,1,1,18,0,16,11,14,0,11,23,12,11
2005,61699,0,1,21,21,21,21,21,21,21,21,21,21
2005,61699,1,1,0,0,0,0,0,0,0,0,0,0
2005,61700,1,1,15,15,15,15,15,15,15,15,15,15
2005,61701,0,1,0,0,0,0,0,0,0,0,0,0
2005,61701,1,1,0,0,0,0,0,0,0,0,6,0
2005,61702,1,1,0,0,0,0,0,0,0,0,0,0
2005,61703,1,1,13,13,13,13,13,13,13,13,13,13
2005,61704,1,1,0,0,0,0,0,0,0,0,0,0
2005,61705,0,1,51,51,51,51,51,51,51,51,51,51
2005,61705,1,1,0,0,0,6,0,9,0,0,0,0
2005,61706,1,1,8,8,8,8,8,8,8,8,8,8
2005,61707,1,1,12,12,12,12,12,12,12,12,12,12
2005,61708,1,1,0,0,0,0,0,0,0,0,0,0
2005,61709,1,1,0,0,0,0,23,0,0,0,0,0
2005,61710,1,1,0,0,0,0,0,0,0,0,0,0
2005,61710,2,1,0,0,0,0,0,0,0,0,0,0
2005,61711,1,1,19,19,19,19,19,19,19,19,19,19
2005,61711,2,1,0,0,0,0,0,0,0,0,0,0
2005,61712,1,1,0,0,0,0,0,0,0,0,0,0
2005,61712,2,1,0,0,0,0,0,0,14,0,0,0
2005,61712,3,1,0,0,0,0,0,0,0,0,0,0
2005,61713,1,1,5,12,9,6,0,6,0,7,9,7
2005,61713,2,1,0,0,0,0,0,0,0,0,0,0
2005,61714,1,1,0,0,0,13,10,0,0,0,0,0
2005,61714,2,1,0,0,0,0,0,0,0,0,0,0
2005,61715,1,1,6,6,6,6,6,6,6,6,6,6
2005,61715,2,1,0,0,0,0,0,0,0,0,0,0
2005,61715,3,1,0,0,0,0,0,0,0,0,0,0
2005,61716,1,1,0,0,0,0,0,0,0,0,0,0
2005,61716,2,1,0,0,0,0,0,0,0,0,0,0
2005,61717,1,1,0,0,0,0,0,0,0,0,0,0
2005,61717,2,1,0,0,0,0,0,0,0,0,0,0
2005,61717,3,1,0,0,0,0,0,0,0,0,0,0
2005,61718,1,1,16,16,16,16,16,16,16,16,16,16
2005,61719,1,1,0,0,0,0,0,0,0,0,0,0
2005,61719,2,1,0,0,8,0,0,0,0,0,0,0
2005,61719,3,1,6,5,0,0,0,0,0,3,6,0
2005,61720,1,1,0,0,0,0,0,0,0,0,0,0
2005,61720,2,1,0,0,0,0,0,0,0,0,0,0
2005,61721,1,1,0,0,0,0,0,0,0,0,0,0
2005,61721,2,1,0,0,0,0,0,0,0,0,0,0
2005,61722,1,1,0,0,0,0,0,19,0,0,12,0
2005,61723,1,1,20,20,20,20,20,20,20,20,20,20
2005,61724,0,1,0,0,0,0,0,0,0,0,0,0
2005,61724,1,1,0,0,0,0,0,0,0,0,0,0
2005,61725,1,1,0,0,0,0,0,0,0,0,0,0
2005,61726,1,1,0,0,0,0,0,0,0,0,0,0
2005,61727,1,1,0,0,0,0,0,0,0,0,0,0
2005,61728,1,1,0,0,0,0,0,0,0,0,0,0
2005,61728,2,1,0,0,0,0,0,0,0,0,0,0
2005,61728,3,1,0,0,0,0,0,0,0,0,0,0
2005,61729,1,1,0,0,0,0,0,0,0,0,0,0
2005,61730,1,1,10,10,10,10,10,10,10,10,10,10
2005,61730,2,1,0,0,0,0,0,0,0,0,0,0
2005,61731,1,1,0,19,0,0,0,22,0,13,0,0
2005,61732,1,1,0,30,0,0,0,0,0,0,0,0
2005,61733,0,1,0,0,0,0,0,0,0,0,0,0
2005,61733,1,1,20,20,20,20,20,20,20,20,20,20
2005,61734,1,1,0,0,0,0,0,0,0,0,0,0
2005,61735,0,1,0,0,0,0,0,0,0,0,0,0
2005,61735,1,1,15,0,0,0,0,0,0,0,0,0
2005,61735,2,1,0,0,0,0,0,0,0,0,0,0
2005,61736,1,1,0,0,0,0,0,0,0,0,0,0
2005,61737,1,1,17,17,17,17,17,17,17,17,17,17
2005,61738,1,1,31,31,31,31,31,31,31,31,31,31
2005,61738,2,1,0,15,0,0,0,0,0,0,0,0
2005,61739,1,1,0,0,0,0,0,0,0,0,0,0
2005,61739,2,1,0,0,0,0,0,0,0,0,0,0
2005,61739,3,1,0,0,0,0,0,0,0,0,0,0
2005,61739,4,1,0,0,0,0,0,0,0,0,0,0
2005,61740,1,1,0,0,0,0,0,0,0,0,0,0
2005,61740,2,1,0,0,0,0,0,0,0,0,0,0
2005,61741,1,1,0,0,0,0,0,0,0,0,0,0
2005,61741,2,1,0,6,14,0,21,0,9,19,0,0
2005,61741,3,1,0,0,0,0,0,0,0,0,8,0
2005,61741,4,1,0,19,0,0,0,0,0,0,0,0
2005,61742,1,1,0,0,0,0,0,0,0,0,2,0
2005,61742,2,1,0,0,0,0,0,0,0,0,0,0
2005,61743,1,1,0,13,0,7,5,0,0,31,13,22
2005,61743,2,1,0,0,0,0,0,0,0,0,0,0
2005,61744,1,1,0,0,0,0,0,3,0,0,0,0
2005,61744,2,1,0,0,0,0,0,0,0,0,0,0
2005,61745,1,1,0,0,0,0,0,0,0,0,0,0
2005,61745,2,1,0,0,0,0,0,0,0,0,0,0
2005,61746,1,1,0,0,0,0,0,13,0,0,0,0
2005,61746,2,1,23,23,23,23,23,23,23,23,23,23
2005,61746,3,1,0,0,0,0,2,11,0,0,0,12
2005,61747,1,1,0,0,0,0,0,0,0,0,0,0
2005,61748,1,1,21,21,21,21,21,21,21,21,21,21
2005,61748,2,1,16,16,16,16,16,16,16,16,16,16
2005,61749,1,1,14,14,14,14,14,14,14,14,14,14
2005,61749,2,1,27,27,27,27,27,27,27,27,27,27
2005,61750,1,1,0,0,0,0,0,0,0,0,0,0
2005,61750,2,1,0,0,0,0,0,0,0,0,0,0
2005,61750,3,1,0,0,0,0,0,0,0,0,0,0
2005,61751,1,1,0,0,0,0,0,0,0,0,0,0
2005,61751,2,1,0,0,0,0,0,0,0,0,0,0
2005,61752,1,1,0,0,0,0,0,0,0,17,0,0
2005,61752,2,1,0,0,0,0,0,0,0,0,0,0
2005,61753,1,1,0,0,0,0,0,0,0,0,0,0
2005,61753,2,1,0,0,0,0,0,0,0,0,0,0
2005,61753,3,1,0,0,0,0,16,0,0,17,0,0
2005,61754,1,1,0,0,0,25,0,0,25,0,0,0
2005,61754,2,1,0,0,0,0,0,0,0,0,0,0
2005,61755,1,1,0,0,0,0,0,0,0,11,0,0
2005,61755,2,1,0,0,0,0,0,0,0,0,0,0
2005,61756,1,1,0,0,0,0,0,0,0,0,13,0
2005,61756,2,1,0,0,0,0,0,0,0,0,0,0
2005,61757,1,1,20,15,13,23,0,0,0,0,0,0
2005,61757,2,1,0,0,0,0,0,0,0,0,0,0
2005,61758,1,1,2,2,2,2,2,2,2,2,2,2
2005,61758,2,1,0,0,0,0,0,0,0,8,0,0
2005,61759,1,1,20,20,20,20,20,20,20,20,20,20
2005,61759,2,1,14,14,14,14,14,14,14,14,14,14
2005,61760,1,1,0,0,0,0,0,0,0,0,0,0
2005,61760,2,1,0,0,0,0,0,0,0,0,0,0
2005,61761,1,1,0,0,0,0,0,0,0,0,0,0
2005,61761,2,1,0,0,0,0,0,0,0,0,0,0
2005,61762,1,1,0,0,0,0,0,0,0,0,0,0
2005,61762,2,1,0,0,0,0,0,0,0,0,0,0
2005,61763,1,1,0,0,0,0,0,0,0,0,0,0
2005,61763,2,1,0,0,0,0,0,0,0,0,0,0
2005,61764,1,1,0,0,0,0,0,0,0,0,0,0
2005,61764,2,1,0,0,0,0,0,0,0,0,0,0
2005,61765,1,1,0,0,0,0,0,0,0,0,0,0
2005,61765,2,1,0,0,0,0,0,0,0,0,0,0
2005,61766,1,1,12,0,0,0,0,0,0,0,0,0
2005,61766,2,1,5,5,5,5,5,5,5,5,5,5
2005,61767,0,1,26,26,26,26,26,26,26,26,26,26
2005,61767,1,1,16,16,16,16,16,16,16,16,16,16
2005,61768,1,1,0,0,0,0,0,0,0,0,0,0
2005,61768,2,1,0,0,0,0,0,0,0,0,0,0
2005,61769,0,1,0,0,0,0,0,0,0,0,0,0
2005,61769,1,1,31,20,23,0,15,0,14,0,0,0
2005,61770,1,1,0,0,0,0,0,0,0,0,0,0
2005,61770,2,1,0,0,0,0,0,0,0,0,0,0
2005,61771,0,1,0,0,0,0,0,0,0,0,0,0
2005,61771,0,2,20,10,0,0,17,20,20,6,0,16
2005,61771,1,1,19,39,13,5,31,12,13,14,25,15
2005,61772,1,1,8,8,8,8,8,8,8,8,8,8
2005,61772,2,1,0,0,0,0,0,0,0,0,0,0
2005,61772,3,1,0,0,0,0,0,0,0,0,12,0
2005,61773,1,1,13,13,13,13,13,13,13,13,13,13
2005,61773,2,1,0,0,0,0,0,0,0,0,0,0
2005,61773,3,1,0,0,0,0,0,0,0,0,0,0
2005,61774,1,1,0,0,0,0,0,0,0,0,0,0
2005,61774,2,1,5,5,5,5,5,5,5,5,5,5
2005,61775,1,1,14,14,14,14,14,14,14,14,14,14
2005,61775,2,1,0,0,0,0,0,0,0,0,0,0
2005,61776,0,1,0,0,16,0,0,24,0,0,0,0
2005,61776,1,1,0,0,0,0,0,0,14,27,0,14
2005,61777,1,1,0,0,0,0,0,0,0,0,0,0
2005,61777,2,1,0,0,0,0,0,0,0,0,0,0
2005,61778,1,1,0,0,0,0,0,0,0,0,0,0
2005,61778,2,1,0,0,0,0,0,0,0,0,0,0
2005,61779,1,1,0,0,0,5,0,0,7,0,0,0
2005,61779,2,1,0,0,0,0,0,0,0,0,0,0
2005,61780,1,1,8,8,8,8,8,8,8,8,8,8
2005,61780,2,1,0,0,0,0,0,0,0,0,0,0
2005,61780,3,1,0,0,0,0,0,0,0,0,0,0
2005,61781,1,1,18,18,18,18,18,18,18,18,18,18
2005,61782,1,1,24,24,24,24,24,24,24,24,24,24
2005,61783,0,1,0,0,0,0,0,0,0,0,0,0
2005,61783,1,1,0,0,0,0,0,16,0,21,10,0
2005,61784,1,1,0,0,0,0,0,0,0,0,0,0
2005,61785,1,1,0,0,0,0,0,0,0,0,12,0
2005,61785,2,1,0,0,0,0,0,0,0,0,0,0
2005,61786,1,1,0,0,0,0,0,0,0,0,0,0
2005,61787,1,1,0,0,0,0,0,0,0,0,0,0
2005,61787,2,1,0,0,0,0,0,0,0,0,0,0
2005,61788,1,1,0,0,0,0,0,0,0,0,0,0
2005,61789,1,1,0,0,0,0,0,0,0,0,0,0
2005,61790,1,1,0,0,0,0,0,0,0,0,0,0
2005,61791,1,1,17,17,17,17,17,17,17,17,17,17
2005,61792,1,1,0,0,0,0,0,0,0,0,0,0
2005,61793,1,1,0,0,0,0,0,0,0,0,0,0
2005,61793,2,1,0,0,0,0,0,0,0,0,0,0
2005,61794,1,1,22,22,22,22,22,22,22,22,22,22
2005,61794,2,1,0,0,0,0,0,0,0,0,0,0
2005,61795,1,1,27,27,27,27,27,27,27,27,27,27
2005,61795,2,1,0,0,0,0,0,0,0,0,0,0
2005,61796,1,1,17,17,17,17,17,17,17,17,17,17
2005,61796,2,1,0,0,11,0,0,0,0,0,0,0
2005,61797,1,1,13,16,19,17,27,29,16,15,18,12
2005,61798,0,1,12,12,12,12,12,12,12,12,12,12
2005,61798,1,1,19,20,21,10,18,10,14,14,23,4
2005,61799,1,1,0,0,0,0,0,0,0,0,0,0
2005,61799,2,1,0,0,0,0,0,0,0,0,0,0
2005,61799,3,1,0,0,0,0,0,0,0,0,0,0
2005,61800,1,1,0,0,0,0,0,0,0,14,0,0
2005,61800,2,1,0,0,0,0,0,0,0,0,0,0
2005,61800,3,1,0,0,0,0,0,0,0,0,0,0
2005,61800,4,1,0,0,0,0,0,0,0,0,0,0
2005,61801,1,1,0,0,0,0,0,0,0,0,0,0
2005,61802,1,1,0,0,0,0,0,0,0,0,0,0
2005,61802,2,1,0,0,0,0,0,0,0,0,0,0
2005,61803,0,1,0,0,0,0,0,0,0,0,0,0
2005,61803,1,1,0,27,14,3,22,0,0,0,0,18
2005,61804,1,1,27,13,0,0,21,10,26,13,7,19
2005,61805,1,1,22,22,22,22,22,22,22,22,22,22
2005,61806,1,1,19,3,23,20,24,5,21,30,30,37
2005,61806,2,1,0,0,0,0,0,0,0,0,0,0
2005,61807,1,1,7,7,7,7,7,7,7,7,7,7
2005,61808,1,1,16,16,16,16,16,16,16,16,16,16
2005,61809,1,1,12,12,12,12,12,12,12,12,12,12
2005,61810,1,1,0,0,0,0,0,0,0,0,0,0
2005,61811,1,1,13,13,13,13,13,13,13,13,13,13
2005,61812,1,1,18,18,18,18,18,18,18,18,18,18
2005,61812,2,1,0,0,0,0,0,2,0,0,0,0
2005,61813,0,1,14,14,14,14,14,14,14,14,14,14
2005,61813,1,1,0,0,0,0,0,0,0,0,0,0
2005,61813,2,1,0,0,0,0,0,0,0,0,0,0
2005,61813,3,1,0,0,0,0,0,0,0,0,0,0
2005,61814,1,1,22,22,22,22,22,22,22,22,22,22
2005,61814,2,1,0,0,0,0,0,0,0,0,0,0
2005,61815,0,1,0,0,0,0,0,0,0,0,0,0
2005,61815,1,1,11,11,11,11,11,11,11,11,11,11
2005,61816,1,1,0,0,0,0,0,0,0,0,0,0
2005,61816,2,1,0,0,0,0,0,0,0,0,0,0
2005,61816,3,1,0,0,0,0,0,0,0,0,0,0
2005,61817,0,1,0,0,0,0,0,0,0,0,0,0
2005,61817,1,1,0,0,0,0,0,0,0,0,0,0
2005,61818,1,1,0,0,0,0,0,0,0,0,0,0
2005,61818,2,1,0,0,0,0,0,0,0,0,0,0
2005,61819,1,1,6,6,6,6,6,6,6,6,6,6
2005,61820,1,1,16,16,16,16,16,16,16,16,16,16
2005,61820,2,1,0,0,0,0,0,0,0,0,0,0
2005,61821,1,1,17,17,17,17,17,17,17,17,17,17
2005,61822,1,1,0,0,0,0,0,0,0,0,0,0
2005,61822,2,1,0,0,0,0,0,0,0,0,0,0
2005,61822,3,1,0,0,0,0,0,0,0,0,0,0
2005,61822,4,1,0,0,0,0,0,0,0,0,0,0
2005,61823,1,1,20,13,15,11,42,8,18,12,12,15
2005,61824,1,1,14,14,14,14,14,14,14,14,14,14
2005,61825,1,1,0,0,0,0,0,0,0,0,0,0
2005,61825,2,1,0,0,0,0,0,0,0,0,0,0
2005,61825,3,1,0,0,0,0,0,0,0,0,0,0
2005,61826,1,1,0,0,0,0,0,0,0,0,0,0
2005,61826,2,1,10,10,10,10,10,10,10,10,10,10