YEAR,ST_CASE,veh_no,per_no,P1,P2,P3,P4,P5,P6,P7,P8,P9,P10
2005,61827,0,1,0,0,0,0,0,0,0,0,0,0
2005,61827,1,1,0,0,0,0,17,0,0,0,0,0
2005,61828,1,1,14,30,25,0,17,6,12,14,10,9
2005,61828,2,1,0,0,0,0,0,0,0,0,0,0
2005,61829,1,1,12,12,12,12,12,12,12,12,12,12
2005,61829,2,1,0,0,0,0,0,0,0,0,0,0
2005,61830,1,1,0,0,0,0,0,0,0,0,0,0
2005,61831,1,1,21,21,21,21,21,21,21,21,21,21
2005,61832,1,1,35,35,35,35,35,35,35,35,35,35
2005,61832,2,1,0,0,0,0,0,0,0,0,0,0
2005,61833,1,1,0,3,7,6,6,7,18,0,9,19
2005,61833,2,1,8,8,8,8,8,8,8,8,8,8
2005,61834,1,1,10,19,14,15,12,25,0,15,13,30
2005,61835,1,1,0,0,0,0,0,0,0,0,0,0
2005,61835,2,1,0,0,0,0,0,0,0,0,0,0
2005,61835,3,1,0,0,0,0,0,0,0,0,0,0
2005,61836,1,1,0,0,20,7,0,0,0,0,6,0
2005,61836,2,1,0,0,0,0,0,0,0,0,0,0
2005,61836,3,1,0,0,0,0,0,0,0,0,0,0
2005,61837,0,1,0,0,0,0,0,0,0,0,0,0
2005,61837,1,1,22,22,22,22,22,22,22,22,22,22
2005,61838,1,1,0,0,0,0,0,0,0,0,0,0
2005,61838,2,1,0,0,0,6,0,0,0,0,0,0
2005,61839,0,1,0,0,0,0,0,0,0,0,0,0
2005,61840,0,1,0,0,0,0,0,0,0,0,0,0
2005,61840,1,1,0,0,21,20,0,0,9,0,0,0
2005,61841,1,1,22,22,22,22,22,22,22,22,22,22
2005,61842,1,1,0,0,0,0,0,0,0,13,0,0
2005,61843,1,1,17,17,17,17,17,17,17,17,17,17
2005,61843,2,1,5,6,10,13,15,5,0,17,17,21
2005,61843,3,1,0,0,0,0,8,0,8,0,0,0
2005,61844,1,1,0,0,0,0,0,0,0,0,0,0
2005,61844,2,1,0,0,0,0,0,0,0,0,0,0
2005,61844,3,1,0,0,0,0,0,0,0,0,0,0
2005,61845,1,1,8,8,8,8,8,8,8,8,8,8
2005,61845,2,1,0,0,0,0,0,0,0,0,15,0
2005,61846,0,1,0,0,0,0,0,0,0,0,0,0
2005,61846,0,2,0,0,0,0,0,0,0,0,0,0
2005,61846,0,3,0,0,15,0,0,0,12,0,0,0
2005,61846,0,4,0,0,0,0,0,0,0,0,0,0
2005,61846,1,1,0,0,0,0,0,0,0,0,0,0
2005,61847,1,1,0,0,0,0,0,0,0,0,0,0
2005,61847,2,1,12,12,12,12,12,12,12,12,12,12
2005,61848,1,1,0,0,0,0,0,0,0,0,0,0
2005,61848,2,1,0,0,0,0,0,0,0,0,0,0
2005,61849,0,1,0,0,0,0,0,0,0,0,0,0
2005,61849,1,1,10,7,0,0,0,0,0,0,12,0
2005,61850,1,1,5,0,0,0,0,0,0,17,0,0
2005,61850,2,1,3,0,16,0,0,0,0,0,0,0
2005,61851,1,1,0,0,0,0,0,0,0,0,0,0
2005,61851,2,1,0,0,0,0,0,0,0,0,0,0
2005,61852,1,1,0,0,0,0,0,8,0,0,0,0
2005,61853,0,1,0,0,0,0,0,0,0,0,0,0
2005,61853,0,2,0,0,0,5,0,19,0,0,0,0
2005,61853,1,1,0,0,0,0,0,0,0,0,0,0
2005,61854,1,1,14,14,14,14,14,14,14,14,14,14
2005,61854,2,1,0,0,0,0,0,0,0,0,0,0
2005,61855,1,1,9,9,9,9,9,9,9,9,9,9
2005,61855,2,1,0,0,0,0,0,0,0,0,0,0
2005,61855,3,1,0,0,0,0,0,0,0,0,0,0
2005,61856,1,1,19,19,19,19,19,19,19,19,19,19
2005,61856,2,1,0,0,0,0,0,0,0,0,0,0
2005,61856,3,1,0,0,0,0,0,0,0,0,0,0
2005,61856,4,1,0,6,0,0,0,0,0,0,0,0
2005,61857,3,1,0,0,0,0,0,0,0,0,0,0
2005,61858,1,1,0,0,0,0,0,0,0,0,0,0
2005,61858,2,1,0,0,0,0,0,0,0,0,0,0
2005,61858,3,1,0,0,0,0,0,0,0,0,0,0
2005,61858,4,1,0,0,0,0,0,0,0,0,0,0
2005,61859,1,1,10,10,10,10,10,10,10,10,10,10
2005,61860,1,1,14,14,14,14,14,14,14,14,14,14
2005,61861,1,1,0,0,0,0,0,0,0,0,0,0
2005,61861,2,1,10,0,0,0,0,0,0,0,0,0
2005,61862,1,1,0,0,0,0,0,0,0,0,0,0
2005,61862,2,1,0,0,0,0,0,0,0,0,0,0
2005,61863,1,1,0,0,0,0,0,0,0,0,14,0
2005,61863,2,1,0,0,0,0,0,0,0,0,0,0
2005,61864,1,1,0,0,0,0,0,0,17,0,0,0
2005,61864,2,1,0,0,0,0,0,0,0,0,2,0
2005,61865,1,1,0,0,0,0,14,0,0,0,0,0
2005,61865,2,1,0,0,0,0,0,0,0,0,0,0
2005,61865,3,1,0,0,0,0,0,0,0,0,0,0
2005,61866,0,1,0,0,0,0,0,0,0,0,0,0
2005,61866,1,1,0,0,0,0,0,0,0,0,0,0
2005,61867,0,1,21,21,21,21,21,21,21,21,21,21
2005,61867,0,2,13,13,13,13,13,13,13,13,13,13
2005,61867,1,1,0,0,0,0,0,0,0,0,0,0
2005,61868,1,1,0,0,0,0,0,0,0,0,0,0
2005,61869,1,1,0,0,6,0,0,0,0,0,0,0
2005,61869,2,1,0,0,0,0,0,0,0,0,0,0
2005,61870,0,1,22,0,0,0,0,0,13,0,0,0
2005,61870,1,1,0,0,0,0,0,0,0,0,0,0
2005,61870,2,1,0,0,0,17,0,0,0,0,0,0
2005,61871,1,1,0,0,0,0,0,0,0,0,0,0
2005,61871,2,1,0,0,0,13,0,0,0,0,0,0
2005,61871,3,1,0,0,0,0,0,0,0,0,0,0
2005,61871,4,1,0,0,0,0,0,0,0,0,0,0
2005,61872,0,1,0,0,0,0,0,0,0,2,0,9
2005,61872,0,2,11,0,8,43,0,16,0,0,0,0
2005,61872,0,3,6,0,0,0,0,0,0,0,0,0
2005,61872,0,4,7,9,0,0,0,0,15,0,0,0
2005,61872,1,1,6,6,6,6,6,6,6,6,6,6
2005,61873,1,1,0,14,0,0,0,0,32,18,14,26
2005,61873,2,1,0,0,0,0,0,0,0,0,0,0
2005,61874,1,1,35,35,35,35,35,35,35,35,35,35
2005,61875,1,1,0,0,0,0,0,0,0,0,0,0
2005,61875,2,1,0,0,0,0,0,0,0,0,0,0
2005,61876,1,1,0,0,0,0,0,0,0,0,0,0
2005,61877,1,1,0,0,0,0,0,0,0,0,0,0
2005,61877,2,1,16,16,16,16,16,16,16,16,16,16
2005,61878,0,1,10,10,10,10,10,10,10,10,10,10
2005,61878,1,1,0,2,0,0,0,0,0,0,0,0
2005,61879,1,1,0,0,0,0,0,0,0,0,0,0
2005,61879,2,1,0,0,0,0,0,0,0,0,0,0
2005,61880,1,1,0,0,0,0,0,0,0,0,0,0
2005,61880,2,1,0,0,0,13,0,0,0,0,0,0
2005,61881,1,1,13,13,13,13,13,13,13,13,13,13
2005,61882,1,1,23,23,23,23,23,23,23,23,23,23
2005,61883,1,1,0,0,0,0,0,0,0,0,0,0
2005,61883,2,1,0,0,0,0,0,0,0,0,0,0
2005,61883,3,1,0,0,0,0,0,0,0,0,0,0
2005,61884,1,1,0,3,16,6,30,18,14,4,0,13
2005,61885,1,1,0,0,0,0,0,0,0,0,0,0
2005,61886,0,1,26,26,26,26,26,26,26,26,26,26
2005,61886,1,1,0,0,0,0,0,0,0,0,0,0
2005,61887,1,1,22,22,22,22,22,22,22,22,22,22
2005,61888,1,1,0,0,0,0,0,0,0,0,5,0
2005,61889,0,1,31,31,31,31,31,31,31,31,31,31
2005,61889,1,1,13,22,2,9,2,18,10,16,9,23
2005,61890,1,1,0,0,3,0,4,0,0,0,0,0
2005,61890,2,1,0,15,0,0,0,0,0,0,0,8
2005,61891,1,1,22,22,22,22,22,22,22,22,22,22
2005,61892,1,1,18,18,18,18,18,18,18,18,18,18
2005,61893,0,1,0,0,0,0,0,0,0,0,0,0
2005,61893,1,1,6,6,6,6,6,6,6,6,6,6
2005,61894,1,1,14,14,14,14,14,14,14,14,14,14
2005,61895,1,1,16,16,16,16,16,16,16,16,16,16
2005,61896,1,1,0,0,0,0,11,0,8,0,3,11
2005,61897,1,1,0,0,13,0,4,17,0,0,0,0
2005,61897,2,1,0,0,0,8,0,19,0,0,0,0
2005,61898,1,1,0,0,0,0,0,0,0,0,0,0
2005,61898,2,1,0,0,0,0,0,0,0,0,0,0
2005,61899,1,1,0,0,0,20,0,0,0,0,0,0
2005,61900,0,1,0,0,0,0,0,0,0,0,0,0
2005,61900,1,1,0,0,0,0,0,0,0,0,0,0
2005,61900,2,1,0,0,0,0,0,0,0,0,0,0
2005,61900,3,1,0,0,0,0,0,0,0,0,0,0
2005,61901,1,1,19,19,19,19,19,19,19,19,19,19
2005,61902,1,1,18,26,27,10,25,23,18,0,15,28
2005,61903,1,1,0,0,25,0,0,0,0,0,0,0
2005,61903,2,1,0,0,0,0,0,0,0,0,0,0
2005,61904,1,1,0,0,0,0,0,0,0,0,0,0
2005,61905,1,1,0,0,0,0,0,0,0,0,0,0
2005,61906,1,1,0,0,0,0,0,0,0,0,0,0
2005,61907,0,1,0,0,0,0,0,0,0,0,0,0
2005,61907,1,1,0,0,0,0,0,0,0,0,0,0
2005,61908,1,1,0,0,0,8,0,0,0,0,0,0
2005,61909,1,1,0,0,0,0,0,0,0,0,0,0
2005,61909,2,1,0,0,0,0,0,0,25,0,0,0
2005,61910,1,1,0,0,0,0,0,0,0,0,0,0
2005,61911,1,1,0,0,0,0,0,0,0,0,0,0
2005,61911,2,1,0,0,0,0,0,0,0,0,0,0
2005,61912,1,1,25,25,25,25,25,25,25,25,25,25
2005,61913,1,1,0,0,0,0,0,0,0,0,0,0
2005,61913,2,1,0,0,0,0,0,0,0,0,0,0
2005,61913,3,1,0,0,0,0,0,0,0,0,0,0
2005,61913,4,1,0,0,0,0,0,0,0,0,0,0
2005,61914,1,1,0,0,0,0,0,0,0,0,0,0
2005,61915,0,1,0,0,0,0,0,0,0,0,0,0
2005,61915,1,1,9,0,7,0,9,0,0,17,0,0
2005,61916,0,1,9,9,9,9,9,9,9,9,9,9
2005,61916,1,1,0,0,0,0,12,0,0,0,0,0
2005,61917,1,1,0,14,0,0,0,0,0,0,0,0
2005,61917,2,1,0,0,0,0,0,0,0,0,0,0
2005,61917,3,1,0,0,0,0,0,0,0,0,0,0
2005,61918,1,1,0,0,0,0,0,0,0,0,0,0
2005,61918,2,1,0,0,0,0,0,0,0,0,18,0
2005,61919,1,1,0,0,0,0,0,0,0,0,0,0
2005,61919,2,1,0,0,0,0,0,0,0,0,0,0
2005,61920,0,1,0,0,0,0,0,0,0,0,0,0
2005,61920,1,1,0,0,0,0,0,0,0,0,0,0
2005,61921,1,1,0,0,0,0,0,0,0,0,0,0
2005,61922,1,1,0,19,0,9,0,27,0,15,26,25
2005,61923,1,1,8,8,8,8,8,8,8,8,8,8
2005,61923,2,1,0,0,0,0,0,0,0,0,0,0
2005,61924,1,1,22,22,22,22,22,22,22,22,22,22
2005,61925,1,1,14,14,14,14,14,14,14,14,14,14
2005,61926,1,1,0,0,0,0,20,12,0,0,0,0
2005,61926,2,1,0,0,0,0,0,0,0,0,0,0
2005,61926,3,1,0,0,0,0,0,0,0,0,0,0
2005,61927,0,1,0,0,0,0,0,0,0,0,0,0
2005,61927,1,1,0,0,0,0,0,0,0,0,0,0
2005,61928,1,1,0,0,23,0,0,0,21,7,17,0
2005,61929,0,1,25,25,25,25,25,25,25,25,25,25
2005,61929,1,1,0,0,0,0,7,0,0,0,0,0
2005,61930,0,1,0,14,0,0,0,0,13,0,0,0
2005,61930,0,2,0,0,0,0,0,0,0,0,0,0
2005,61930,1,1,0,0,0,0,0,0,0,0,0,0
2005,61931,1,1,0,0,0,0,0,0,0,0,0,0
2005,61932,1,1,0,0,0,0,0,0,0,0,0,0
2005,61933,1,1,0,0,0,0,0,0,0,0,0,0
2005,61933,2,1,10,10,10,10,10,10,10,10,10,10
2005,61934,1,1,0,0,0,0,0,0,0,0,0,0
2005,61934,2,1,0,0,0,0,0,0,0,0,0,0
2005,61935,1,1,2,2,2,2,2,2,2,2,2,2
2005,61935,2,1,0,0,0,0,0,0,0,0,0,0
2005,61935,3,1,0,0,0,0,0,0,0,0,0,0
2005,61936,0,1,13,13,13,13,13,13,13,13,13,13
2005,61936,1,1,8,9,11,19,13,7,2,9,10,9
2005,61937,0,1,0,0,0,0,0,0,0,0,0,0
2005,61937,0,2,26,26,26,26,26,26,26,26,26,26
2005,61937,1,1,8,0,4,10,4,22,15,24,23,20
2005,61938,1,1,13,13,13,13,13,13,13,13,13,13
2005,61939,1,1,8,8,8,8,8,8,8,8,8,8
2005,61940,1,1,0,0,0,0,0,0,0,0,0,0
2005,61940,2,1,0,0,0,0,0,0,0,0,0,0
2005,61940,3,1,0,0,0,0,0,0,0,0,0,0
2005,61941,1,1,0,0,0,0,0,0,0,0,0,0
2005,61941,2,1,0,0,0,0,0,0,0,0,0,0
2005,61942,1,1,0,0,0,0,0,0,0,0,0,0
2005,61943,1,1,0,0,0,0,0,0,0,0,0,0
2005,61944,1,1,8,8,8,8,8,8,8,8,8,8
2005,61944,2,1,0,0,0,0,0,0,0,0,0,0
2005,61945,1,1,0,0,0,0,0,0,0,0,0,0
2005,61946,1,1,0,0,0,0,0,16,0,0,0,0
2005,61946,2,1,0,0,0,0,0,0,0,0,0,0
2005,61947,1,1,20,20,20,20,20,20,20,20,20,20
2005,61948,1,1,16,16,16,16,16,16,16,16,16,16
2005,61949,0,1,0,0,0,0,0,0,0,0,0,0
2005,61949,1,1,0,0,0,0,0,0,0,0,0,0
2005,61950,1,1,0,0,0,0,0,0,0,0,0,0
2005,61950,2,1,0,0,0,0,0,0,0,0,0,0
2005,61951,1,1,0,0,0,0,0,0,0,0,0,0
2005,61951,2,1,0,0,0,0,0,0,0,0,0,0
2005,61952,1,1,0,0,0,0,0,0,0,0,0,0
2005,61952,2,1,0,0,0,0,0,0,0,0,0,0
2005,61952,3,1,0,0,0,0,0,0,0,0,0,0
2005,61953,1,1,0,0,0,0,0,0,0,0,0,0
2005,61953,2,1,0,0,0,0,0,0,0,0,0,0
2005,61954,1,1,0,0,0,0,0,0,0,0,0,0
2005,61955,1,1,22,22,22,22,22,22,22,22,22,22
2005,61956,1,1,0,0,0,0,0,0,0,0,0,0
2005,61956,2,1,0,0,0,0,0,0,0,0,0,0
2005,61957,1,1,19,19,19,19,19,19,19,19,19,19
2005,61958,1,1,0,0,0,0,0,0,0,0,0,0
2005,61959,1,1,0,0,0,0,9,0,0,0,0,0
2005,61960,1,1,14,14,14,14,14,14,14,14,14,14
2005,61961,1,1,15,15,15,15,15,15,15,15,15,15
2005,61961,2,1,0,0,0,0,0,0,0,0,0,0
2005,61962,1,1,10,9,16,25,15,12,16,10,5,17
2005,61962,2,1,0,0,0,0,0,0,0,0,0,0
2005,61963,1,1,0,0,0,0,0,0,0,0,0,0
2005,61963,2,1,0,0,0,0,0,0,0,0,0,0
2005,61964,1,1,14,14,14,14,14,14,14,14,14,14
2005,61965,1,1,11,11,11,11,11,11,11,11,11,11
2005,61965,2,1,8,0,11,0,0,0,0,0,0,0
2005,61966,1,1,0,0,0,0,0,0,0,0,0,0
2005,61967,0,1,0,0,0,0,0,0,0,0,0,0
2005,61967,1,1,0,0,0,0,0,0,0,0,0,0
2005,61968,1,1,21,21,21,21,21,21,21,21,21,21
2005,61968,2,1,0,0,0,0,0,0,0,0,0,0
2005,61969,1,1,0,0,0,0,0,0,0,0,0,0
2005,61970,0,1,0,0,0,0,0,0,0,0,0,0
2005,61970,1,1,0,0,0,0,0,0,0,0,0,0
2005,61971,1,1,12,12,12,12,12,12,12,12,12,12
2005,61972,1,1,17,17,17,17,17,17,17,17,17,17
2005,61973,1,1,0,0,12,0,0,0,28,5,0,0
2005,61974,0,1,0,0,0,0,0,0,0,0,0,0
2005,61974,1,1,0,0,0,0,0,0,0,0,0,0
2005,61975,0,1,25,25,25,25,25,25,25,25,25,25
2005,61975,1,1,0,0,0,0,0,0,0,0,0,0
2005,61976,0,1,0,0,0,0,0,0,0,0,0,0
2005,61976,1,1,0,0,21,0,21,16,0,10,10,0
2005,61977,1,1,0,0,0,0,0,0,0,0,0,0
2005,61977,2,1,0,0,0,0,0,0,10,0,0,0
2005,61977,3,1,0,0,0,0,0,0,0,0,0,0
2005,61978,1,1,22,0,0,0,0,0,0,0,0,0
2005,61978,2,1,18,18,18,18,18,18,18,18,18,18
2005,61978,3,1,0,0,0,0,0,0,0,0,0,0
2005,61978,4,1,0,0,0,0,0,0,0,0,20,0
2005,61979,1,1,0,0,0,0,0,0,0,0,0,0
2005,61979,2,1,0,0,0,0,0,0,0,0,0,0
2005,61979,3,1,0,0,0,0,0,0,0,0,0,0
2005,61980,0,1,32,32,32,32,32,32,32,32,32,32
2005,61980,1,1,15,32,21,26,17,12,25,22,0,9
2005,61981,1,1,8,28,17,27,13,0,11,0,22,9
2005,61981,2,1,0,0,0,0,0,0,0,0,0,0
2005,61982,1,1,17,17,17,17,17,17,17,17,17,17
2005,61982,2,1,0,0,0,0,0,0,0,0,0,0
2005,61983,1,1,0,0,0,0,0,0,0,0,0,0
2005,61983,2,1,0,0,0,0,0,0,0,0,0,0
2005,61984,1,1,0,0,0,0,0,0,0,0,0,0
2005,61984,2,1,0,0,0,0,0,0,0,0,0,0
2005,61984,3,1,0,0,0,0,0,0,0,0,0,0
2005,61985,0,1,0,0,0,0,0,0,0,0,0,0
2005,61985,1,1,0,0,0,0,0,0,0,0,0,0
2005,61986,1,1,22,22,22,22,22,22,22,22,22,22
2005,61987,1,1,0,0,0,0,0,0,0,0,0,0
2005,61987,2,1,0,0,0,0,0,0,0,0,0,0
2005,61988,0,1,0,0,0,0,0,0,0,0,0,0
2005,61988,1,1,0,0,0,0,0,0,0,0,0,0
2005,61989,1,1,0,0,0,0,0,0,0,0,0,0
2005,61990,1,1,0,0,0,0,0,0,0,0,0,0
2005,61990,2,1,0,0,0,0,0,0,0,0,0,0
2005,61991,1,1,11,11,11,11,11,11,11,11,11,11
2005,61991,2,1,1,1,1,1,1,1,1,1,1,1
2005,61992,1,1,17,17,17,17,17,17,17,17,17,17
2005,61992,2,1,0,0,0,0,0,0,0,0,0,0
2005,61993,1,1,0,0,0,0,0,0,0,0,0,0
2005,61993,2,1,0,0,0,0,0,0,0,0,0,0
2005,61994,1,1,0,0,0,0,0,0,0,0,0,0
2005,61994,2,1,0,0,0,0,0,0,0,0,0,0
2005,61995,1,1,0,0,0,0,0,0,0,0,0,0
2005,61995,2,1,0,0,0,0,0,0,0,0,0,0
2005,61996,1,1,27,27,27,27,27,27,27,27,27,27
2005,61997,1,1,0,0,0,0,0,0,0,0,0,0
2005,61998,1,1,0,0,0,0,0,0,0,0,0,0
2005,61998,2,1,0,0,3,0,0,0,0,0,0,0
2005,61998,3,1,0,0,0,0,0,0,0,0,0,0
2005,61999,1,1,31,31,31,31,31,31,31,31,31,31
2005,62000,1,1,0,0,0,0,0,0,13,0,0,0
2005,62000,2,1,0,0,0,0,2,0,0,0,0,0
2005,62001,1,1,0,10,0,0,0,7,17,0,0,0
2005,62002,1,1,0,0,0,0,0,0,0,0,0,0
2005,62003,1,1,0,0,0,0,0,0,0,0,0,0
2005,62003,2,1,0,0,0,0,0,0,0,0,0,0
2005,62004,1,1,8,8,8,8,8,8,8,8,8,8
2005,62005,1,1,24,24,24,24,24,24,24,24,24,24
2005,62005,2,1,0,0,0,0,0,0,0,0,0,0
2005,62005,3,1,0,0,0,0,0,0,0,0,0,0
2005,62006,1,1,13,30,0,0,0,0,0,0,6,0
2005,62007,1,1,0,0,0,0,0,0,0,0,0,0
2005,62008,0,1,0,0,0,0,0,0,0,0,0,0
2005,62008,1,1,0,8,0,0,0,26,0,0,0,0
2005,62009,0,1,7,7,7,7,7,7,7,7,7,7
2005,62009,1,1,0,0,8,0,0,0,8,0,0,8
2005,62010,0,1,14,15,21,19,22,21,13,37,30,17
2005,62010,1,1,0,0,0,0,0,0,0,0,0,0
2005,62011,1,1,0,0,0,0,0,0,0,0,0,0
2005,62011,2,1,0,0,0,0,0,0,0,0,0,0
2005,62012,1,1,0,0,0,0,0,0,0,0,0,0
2005,62012,2,1,0,0,0,0,0,0,0,0,0,0
2005,62012,3,1,4,0,25,0,0,0,0,0,0,8
2005,62012,4,1,0,0,0,0,0,0,0,0,0,0
2005,62012,5,1,0,0,0,0,0,0,0,11,0,0
2005,62013,1,1,0,0,0,0,0,0,0,0,0,0
2005,62014,1,1,0,0,0,0,0,0,0,0,0,0
2005,62014,2,1,0,0,0,0,0,0,0,0,0,0
2005,62015,0,1,0,0,0,0,0,0,0,0,0,0
2005,62015,1,1,0,0,0,0,0,0,0,0,0,0
2005,62016,1,1,7,7,7,7,7,7,7,7,7,7
2005,62017,1,1,0,0,0,0,0,0,0,0,0,0
2005,62018,1,1,0,0,0,0,0,0,0,0,0,0
2005,62018,2,1,0,0,0,0,0,0,0,0,0,0
2005,62019,1,1,0,0,0,0,0,0,0,0,0,0
2005,62019,2,1,0,0,0,0,0,0,0,0,0,0
2005,62020,0,1,11,11,11,11,11,11,11,11,11,11
2005,62020,1,1,0,0,0,0,0,0,0,0,0,0
2005,62021,1,1,0,0,0,0,0,0,0,0,0,0
2005,62021,2,1,0,0,0,0,0,0,0,0,0,0
2005,62022,1,1,0,0,0,0,0,0,0,0,0,0
2005,62022,2,1,0,0,0,0,0,0,0,0,0,0
2005,62023,0,1,0,0,0,0,0,0,0,0,0,0
2005,62023,0,2,0,28,8,25,7,0,0,0,0,16
2005,62023,1,1,0,0,0,0,0,0,0,0,0,0
2005,62023,3,1,0,0,0,2,0,0,0,0,0,0
2005,62024,1,1,0,0,12,0,11,0,0,0,0,0
2005,62025,0,1,0,0,0,0,0,0,0,0,0,0
2005,62025,1,1,0,0,0,12,0,0,0,0,0,0
2005,62026,1,1,27,27,27,27,27,27,27,27,27,27
2005,62027,0,1,17,17,17,17,17,17,17,17,17,17
2005,62027,1,1,0,0,0,0,5,0,0,0,26,0
2005,62028,1,1,22,16,27,15,35,9,14,8,24,24
2005,62029,1,1,23,23,23,23,23,23,23,23,23,23
2005,62030,1,1,0,0,0,0,0,0,0,0,0,0
2005,62031,0,1,0,0,0,0,0,0,0,0,0,0
2005,62031,1,1,16,15,21,20,17,5,13,11,30,16
2005,62032,0,1,14,14,14,14,14,14,14,14,14,14
2005,62032,1,1,14,0,26,0,0,13,10,0,3,11
2005,62033,0,1,0,0,0,0,0,0,0,0,0,0
2005,62033,1,1,0,0,0,5,0,0,0,0,0,0
2005,62034,1,1,0,0,0,0,0,0,0,0,0,0
2005,62035,1,1,0,14,0,0,0,0,0,0,6,0
2005,62036,0,1,0,0,0,0,0,0,0,0,0,0
2005,62036,1,1,0,0,0,0,0,0,0,0,0,0
2005,62036,2,1,0,0,0,0,0,0,0,0,0,0
2005,62037,1,1,0,0,0,0,0,0,0,8,0,0
2005,62037,2,1,0,0,0,0,0,0,0,0,0,0
2005,62038,1,1,0,0,0,0,0,0,0,0,0,0
2005,62038,2,1,0,0,0,0,0,0,0,0,0,0
2005,62039,1,1,0,0,0,25,0,0,0,0,0,0
2005,62039,2,1,0,0,0,0,0,0,0,0,0,0
2005,62040,1,1,21,21,21,21,21,21,21,21,21,21
2005,62040,2,1,0,0,0,0,0,0,0,0,0,0
2005,62041,1,1,0,0,0,0,0,0,0,0,0,0
2005,62041,2,1,23,23,23,23,23,23,23,23,23,23
2005,62042,1,1,14,14,14,14,14,14,14,14,14,14
2005,62042,2,1,0,0,26,0,0,11,0,12,0,0
2005,62043,1,1,34,34,34,34,34,34,34,34,34,34
2005,62043,2,1,0,0,0,0,0,0,0,0,0,0
2005,62044,1,1,11,12,3,17,13,14,21,9,9,16
2005,62045,1,1,0,0,0,0,0,0,0,0,0,0
2005,62045,2,1,16,16,16,16,16,16,16,16,16,16
2005,62046,1,1,0,0,0,0,0,0,0,0,0,0
2005,62046,2,1,0,0,0,0,0,0,0,0,0,0
2005,62047,1,1,0,0,0,0,0,0,0,0,0,0
2005,62047,2,1,16,16,16,16,16,16,16,16,16,16
2005,62048,1,1,6,6,6,6,6,6,6,6,6,6
2005,62049,1,1,31,31,31,31,31,31,31,31,31,31
2005,62050,1,1,0,0,27,0,0,7,0,14,6,28
2005,62050,2,1,10,10,10,10,10,10,10,10,10,10
2005,62051,1,1,27,27,27,27,27,27,27,27,27,27
2005,62052,1,1,30,30,30,30,30,30,30,30,30,30
2005,62053,1,1,0,0,0,0,0,0,0,0,0,0
2005,62053,2,1,0,0,0,0,0,0,0,0,0,0
2005,62054,0,1,0,0,0,0,0,0,0,0,0,0
2005,62054,1,1,0,0,0,0,0,0,0,0,0,0
2005,62055,0,1,0,0,0,0,0,0,0,0,0,0
2005,62055,1,1,0,0,0,15,0,0,0,0,0,0
2005,62055,2,1,0,0,0,0,0,0,0,0,0,0
2005,62056,1,1,0,0,6,0,0,15,8,0,0,17
2005,62056,2,1,0,0,0,0,0,0,0,0,0,0
2005,62057,1,1,0,0,0,0,14,0,8,0,0,11
2005,62057,2,1,0,0,0,0,0,0,0,0,0,0
2005,62058,1,1,0,0,0,0,0,0,0,0,0,0
2005,62058,2,1,0,0,0,0,0,0,0,0,0,0
2005,62059,1,1,0,0,0,0,0,0,0,0,0,0
2005,62059,2,1,0,0,0,0,0,0,0,0,0,0
2005,62060,1,1,11,0,11,0,12,0,0,0,20,0
2005,62060,2,1,0,0,0,0,0,0,0,0,0,0
2005,62061,1,1,18,18,18,18,18,18,18,18,18,18
2005,62061,2,1,0,0,0,0,0,0,0,0,0,0
2005,62062,1,1,11,11,11,11,11,11,11,11,11,11
2005,62062,2,1,0,0,0,0,0,0,0,0,0,0
2005,62063,1,1,18,18,18,18,18,18,18,18,18,18
2005,62063,2,1,0,0,0,0,0,0,0,0,0,0
2005,62064,1,1,17,4,16,0,22,3,0,17,14,21
2005,62064,2,1,0,0,0,0,0,0,0,0,0,0
2005,62065,0,1,0,0,0,0,0,0,0,0,0,0
2005,62065,1,1,0,0,0,0,10,0,0,0,0,0
2005,62065,2,1,0,0,0,0,0,14,0,0,0,0
2005,62065,3,1,0,0,0,0,0,10,0,0,0,0
2005,62065,4,1,0,0,0,0,0,0,0,0,0,0
2005,62065,5,1,0,4,0,0,0,0,0,0,0,0
2005,62066,1,1,0,0,0,0,0,0,0,0,0,0
2005,62066,2,1,0,0,0,0,0,0,0,0,0,0
2005,62067,1,1,18,18,18,18,18,18,18,18,18,18