YEAR,ST_CASE,veh_no,per_no,P1,P2,P3,P4,P5,P6,P7,P8,P9,P10
2005,62067,2,1,0,0,0,0,0,0,0,0,0,0
2005,62068,0,1,0,0,0,0,0,0,0,0,0,0
2005,62068,1,1,0,0,0,0,0,0,0,0,0,0
2005,62068,2,1,0,0,0,11,0,0,0,0,0,0
2005,62069,1,1,0,0,0,0,0,0,0,0,0,0
2005,62069,2,1,0,0,0,0,0,0,0,0,0,0
2005,62070,1,1,11,11,11,11,11,11,11,11,11,11
2005,62071,1,1,0,0,0,0,0,0,0,0,0,0
2005,62071,2,1,0,0,0,0,0,0,0,0,0,0
2005,62071,3,1,0,0,0,0,0,0,0,0,0,0
2005,62071,4,1,0,0,0,0,0,0,0,0,0,0
2005,62072,1,1,0,0,0,0,0,0,0,0,0,0
2005,62073,1,1,0,0,0,0,0,0,0,0,0,0
2005,62073,2,1,0,0,0,0,0,0,0,0,0,0
2005,62073,3,1,0,0,0,0,0,0,0,0,0,0
2005,62074,1,1,0,0,0,0,0,0,0,0,0,0
2005,62074,2,1,0,0,0,0,0,0,0,0,0,0
2005,62075,1,1,0,0,0,0,0,0,0,0,0,0
2005,62075,2,1,0,0,0,0,0,0,0,0,0,0
2005,62076,1,1,0,12,0,12,14,32,3,9,20,0
2005,62076,2,1,0,0,0,0,0,0,0,0,0,0
2005,62077,1,1,15,15,15,15,15,15,15,15,15,15
2005,62077,2,1,0,0,0,0,0,0,0,0,0,0
2005,62078,1,1,19,0,0,17,0,0,11,0,0,0
2005,62079,1,1,5,5,5,5,5,5,5,5,5,5
2005,62080,1,1,0,0,0,0,0,0,0,0,0,0
2005,62080,2,1,0,0,0,0,0,0,0,0,0,0
2005,62081,1,1,0,0,0,0,0,6,0,0,0,0
2005,62082,0,1,0,0,0,0,0,0,0,0,0,0
2005,62082,1,1,0,0,0,0,0,0,0,0,0,0
2005,62083,0,1,3,3,3,3,3,3,3,3,3,3
2005,62083,1,1,26,0,0,0,0,14,0,0,0,0
2005,62084,1,1,16,16,9,19,18,5,17,8,0,31
2005,62085,1,1,1,1,1,1,1,1,1,1,1,1
2005,62085,2,1,0,0,0,0,0,0,0,0,0,0
2005,62086,1,1,31,31,31,31,31,31,31,31,31,31
2005,62086,2,1,0,0,0,0,0,0,0,0,0,0
2005,62087,1,1,11,11,11,11,11,11,11,11,11,11
2005,62088,0,1,0,0,0,0,0,0,0,0,0,0
2005,62088,1,1,0,9,18,0,0,0,0,0,28,0
2005,62089,1,1,0,0,0,0,0,0,0,0,0,0
2005,62089,2,1,0,0,0,9,0,14,0,0,7,0
2005,62090,0,1,16,16,16,16,16,16,16,16,16,16
2005,62090,1,1,0,0,0,0,0,0,0,0,0,0
2005,62091,1,1,0,0,0,0,0,0,0,4,0,0
2005,62091,2,1,0,0,0,0,0,0,0,0,0,0
2005,62092,1,1,0,0,0,0,0,0,0,0,0,0
2005,62092,2,1,0,0,0,0,0,0,0,0,0,0
2005,62093,0,1,10,10,10,10,10,10,10,10,10,10
2005,62093,1,1,14,14,14,14,14,14,14,14,14,14
2005,62094,1,1,0,0,0,0,0,0,0,0,0,0
2005,62094,2,1,0,0,0,0,0,0,0,0,0,0
2005,62095,1,1,21,21,21,21,21,21,21,21,21,21
2005,62095,2,1,0,0,0,0,0,0,0,0,0,0
2005,62095,3,1,0,0,0,0,0,0,0,0,0,0
2005,62096,1,1,3,3,3,3,3,3,3,3,3,3
2005,62096,2,1,0,0,0,0,0,12,0,0,0,0
2005,62097,1,1,0,0,0,0,0,0,0,0,0,0
2005,62097,2,1,0,0,0,0,0,0,0,0,0,0
2005,62097,3,1,0,0,0,0,0,0,0,0,0,0
2005,62098,1,1,0,0,0,0,0,0,0,0,0,0
2005,62098,2,1,0,0,0,0,0,0,0,0,0,0
2005,62099,1,1,0,0,0,0,0,0,0,0,0,0
2005,62099,2,1,0,0,0,0,0,0,0,0,0,0
2005,62100,1,1,15,0,0,0,0,0,0,0,0,0
2005,62101,0,1,8,8,8,8,8,8,8,8,8,8
2005,62101,1,1,0,0,0,0,0,0,0,0,0,0
2005,62102,1,1,0,0,0,0,0,0,0,0,0,0
2005,62103,1,1,0,0,0,0,0,0,0,0,0,0
2005,62104,1,1,14,14,14,14,14,14,14,14,14,14
2005,62105,1,1,0,0,0,0,0,0,0,0,0,0
2005,62105,2,1,0,0,7,0,0,0,0,0,0,0
2005,62106,1,1,0,0,0,0,0,0,0,0,0,0
2005,62107,1,1,0,0,0,0,0,0,0,0,0,0
2005,62107,2,1,0,0,0,0,0,0,0,0,0,0
2005,62108,1,1,0,0,0,0,0,0,0,0,0,0
2005,62108,2,1,0,0,0,0,0,0,0,0,0,0
2005,62109,0,1,18,18,18,18,18,18,18,18,18,18
2005,62109,1,1,0,0,0,0,0,0,0,0,0,0
2005,62110,0,1,0,0,0,0,0,0,0,11,0,0
2005,62110,1,1,0,0,0,0,0,0,0,0,0,0
2005,62111,1,1,20,20,20,20,20,20,20,20,20,20
2005,62112,1,1,17,0,0,10,25,18,0,0,0,0
2005,62112,2,1,0,0,0,0,0,0,0,8,0,0
2005,62113,1,1,29,29,29,29,29,29,29,29,29,29
2005,62113,2,1,0,0,0,0,0,0,0,0,0,0
2005,62114,1,1,0,0,0,0,0,0,0,0,0,0
2005,62115,1,1,0,0,0,0,0,0,0,0,9,0
2005,62115,2,1,0,0,0,0,0,0,0,0,0,0
2005,62116,1,1,0,0,0,0,0,0,0,0,0,0
2005,62116,2,1,0,0,0,0,0,0,0,0,0,0
2005,62117,0,1,0,0,0,0,0,0,0,0,0,0
2005,62117,1,1,0,0,0,0,0,0,0,0,0,0
2005,62118,1,1,0,0,0,0,0,0,0,0,0,0
2005,62118,2,1,0,0,0,0,0,0,0,0,0,0
2005,62119,1,1,0,0,0,0,0,0,0,0,0,0
2005,62119,2,1,0,0,13,0,0,0,0,9,0,0
2005,62120,0,1,0,0,0,0,0,0,0,0,0,0
2005,62120,1,1,23,23,23,23,23,23,23,23,23,23
2005,62121,1,1,11,11,11,11,11,11,11,11,11,11
2005,62121,2,1,0,0,0,0,0,0,0,0,0,0
2005,62122,1,1,26,0,0,29,45,19,25,0,19,25
2005,62123,1,1,18,18,18,18,18,18,18,18,18,18
2005,62124,1,1,24,24,24,24,24,24,24,24,24,24
2005,62124,2,1,0,0,0,0,0,0,0,0,0,0
2005,62125,0,1,0,0,0,0,0,0,0,0,0,0
2005,62125,1,1,15,0,0,0,0,0,0,0,0,0
2005,62126,1,1,13,13,13,13,13,13,13,13,13,13
2005,62127,0,1,0,0,0,0,0,0,0,0,0,0
2005,62127,1,1,0,0,0,0,0,0,0,0,0,0
2005,62128,1,1,0,0,0,0,0,0,0,0,0,0
2005,62128,2,1,0,0,0,0,0,0,0,0,0,0
2005,62129,1,1,0,0,0,0,0,0,0,0,0,0
2005,62130,1,1,0,0,0,0,16,0,0,0,9,0
2005,62131,1,1,0,0,0,0,0,0,0,0,0,0
2005,62132,1,1,12,12,12,12,12,12,12,12,12,12
2005,62133,1,1,0,0,0,0,0,0,0,0,0,0
2005,62133,2,1,0,0,0,0,0,0,0,0,0,0
2005,62134,0,1,0,0,0,0,0,0,0,0,0,0
2005,62134,1,1,0,0,0,0,0,0,0,0,0,0
2005,62135,1,1,0,0,0,0,0,0,0,0,0,0
2005,62135,2,1,0,0,0,0,0,0,0,0,0,0
2005,62136,1,1,0,0,0,0,0,0,0,0,0,0
2005,62136,2,1,0,0,0,0,0,0,0,0,0,0
2005,62137,1,1,0,0,0,0,0,0,0,0,0,0
2005,62137,2,1,0,0,0,0,0,0,0,0,0,0
2005,62138,1,1,13,13,13,13,13,13,13,13,13,13
2005,62138,2,1,0,0,0,0,0,0,0,0,0,0
2005,62139,1,1,0,0,0,0,0,0,0,0,0,0
2005,62139,2,1,0,0,0,0,0,0,24,0,0,0
2005,62140,1,1,0,0,0,0,0,0,0,0,0,0
2005,62140,2,1,0,13,0,0,0,0,0,0,0,27
2005,62140,3,1,0,0,0,0,0,0,0,0,0,0
2005,62141,1,1,0,0,0,0,0,0,0,0,0,0
2005,62141,2,1,0,0,0,0,7,0,0,0,0,0
2005,62142,1,1,0,0,0,0,0,0,0,0,0,0
2005,62142,2,1,0,9,0,0,0,0,0,0,0,3
2005,62143,1,1,0,0,0,0,0,0,0,0,0,0
2005,62143,2,1,0,0,0,0,17,0,0,0,0,0
2005,62144,1,1,26,26,26,26,26,26,26,26,26,26
2005,62145,1,1,0,0,0,0,0,0,0,0,0,0
2005,62145,2,1,0,0,0,0,0,0,0,0,0,0
2005,62146,1,1,0,0,0,0,0,0,0,0,0,0
2005,62146,2,1,0,0,0,0,0,0,0,0,0,0
2005,62147,1,1,23,23,23,23,23,23,23,23,23,23
2005,62148,1,1,0,0,0,0,0,0,0,0,0,0
2005,62149,1,1,11,0,0,0,0,30,0,0,9,0
2005,62150,0,1,0,0,0,0,0,0,0,0,0,0
2005,62150,1,1,0,0,0,0,0,0,0,0,0,0
2005,62151,1,1,34,34,34,34,34,34,34,34,34,34
2005,62152,1,1,0,0,0,0,0,0,0,0,0,0
2005,62153,1,1,13,31,25,26,13,19,5,12,28,16
2005,62153,2,1,0,0,0,0,0,0,0,0,0,0
2005,62153,3,1,17,0,0,0,0,0,0,0,0,0
2005,62154,1,1,0,0,0,0,0,0,0,0,0,0
2005,62154,2,1,0,0,23,0,0,0,8,0,0,3
2005,62155,0,1,0,0,0,0,13,0,0,0,0,0
2005,62155,1,1,0,0,0,0,0,0,0,0,0,0
2005,62156,1,1,0,0,0,0,0,0,0,0,0,13
2005,62156,2,1,0,0,0,0,0,0,0,0,0,0
2005,62157,1,1,0,0,0,0,0,0,0,0,0,0
2005,62157,2,1,0,0,0,0,0,0,0,0,0,0
2005,62158,1,1,0,27,0,12,0,0,0,0,0,10
2005,62159,0,1,0,0,0,0,0,0,0,0,0,0
2005,62159,1,1,0,0,0,0,0,0,0,0,0,0
2005,62160,1,1,0,0,0,0,0,0,0,0,0,0
2005,62160,2,1,0,0,0,0,0,0,0,0,0,0
2005,62161,0,1,0,0,0,0,0,0,0,0,0,0
2005,62161,1,1,15,15,0,23,0,8,0,21,18,0
2005,62162,1,1,0,0,0,0,0,0,0,0,0,0
2005,62163,1,1,17,8,19,14,27,27,8,56,19,17
2005,62164,0,1,0,0,0,0,0,0,0,0,52,0
2005,62164,1,1,0,0,0,0,0,0,0,0,0,0
2005,62165,1,1,8,8,8,8,8,8,8,8,8,8
2005,62166,1,1,0,11,0,0,0,0,0,18,0,0
2005,62167,0,1,0,0,0,0,0,0,0,0,0,0
2005,62167,1,1,0,0,0,0,0,0,0,0,0,0
2005,62168,1,1,0,0,0,0,0,0,0,0,0,0
2005,62169,1,1,0,0,0,0,0,0,0,0,0,0
2005,62170,0,1,0,0,0,0,0,0,0,0,0,0
2005,62170,1,1,0,19,0,0,0,0,0,0,13,0
2005,62171,1,1,0,20,16,28,25,0,19,9,22,13
2005,62172,1,1,0,0,0,0,0,0,0,0,0,0
2005,62173,1,1,14,14,14,14,14,14,14,14,14,14
2005,62174,1,1,0,0,0,0,0,0,0,0,0,0
2005,62174,2,1,0,0,0,0,0,0,0,0,0,0
2005,62174,3,1,0,0,0,0,0,0,0,0,0,0
2005,62175,1,1,25,25,25,25,25,25,25,25,25,25
2005,62176,0,1,0,0,0,0,0,0,0,0,0,0
2005,62176,1,1,0,0,0,0,0,6,0,0,8,0
2005,62177,1,1,0,0,0,0,0,0,0,0,0,0
2005,62177,2,1,0,0,0,0,0,0,0,0,0,0
2005,62178,1,1,0,11,0,13,29,0,0,0,0,0
2005,62179,1,1,0,0,0,0,0,0,0,0,0,0
2005,62179,2,1,0,0,0,0,0,0,0,0,0,0
2005,62180,0,1,0,0,0,16,6,0,0,0,0,0
2005,62180,1,1,28,19,0,0,0,0,0,0,0,0
2005,62180,2,1,0,0,0,0,0,0,0,0,0,0
2005,62181,1,1,0,0,0,0,0,0,0,0,0,0
2005,62181,2,1,0,0,0,0,0,0,0,0,0,0
2005,62182,0,1,0,0,0,0,0,0,0,0,0,0
2005,62182,1,1,0,0,10,0,12,0,0,0,0,0
2005,62183,1,1,0,0,0,0,0,0,0,0,0,0
2005,62183,2,1,0,0,0,0,0,0,0,0,0,0
2005,62183,3,1,0,0,0,0,0,0,3,0,0,0
2005,62184,1,1,0,0,0,0,0,0,0,0,0,0
2005,62184,2,1,0,0,0,0,0,0,0,0,0,0
2005,62185,0,1,3,3,3,3,3,3,3,3,3,3
2005,62185,1,1,11,4,0,0,0,0,0,0,12,0
2005,62186,1,1,0,0,0,0,0,0,0,0,0,0
2005,62186,2,1,0,0,0,0,0,0,0,0,0,0
2005,62187,1,1,0,0,0,0,0,0,0,0,0,0
2005,62188,1,1,0,0,0,0,0,0,0,0,0,0
2005,62188,2,1,0,0,0,0,0,0,0,7,0,0
2005,62189,1,1,0,0,0,0,0,0,0,0,0,0
2005,62189,2,1,0,0,0,0,0,0,0,0,0,0
2005,62190,1,1,0,0,0,0,0,0,0,0,0,0
2005,62191,1,1,0,0,0,0,0,0,0,0,0,0
2005,62191,2,1,0,0,0,0,0,0,0,0,0,0
2005,62191,3,1,0,0,0,0,0,0,0,0,0,0
2005,62192,1,1,0,0,0,0,0,0,0,0,0,0
2005,62193,1,1,0,0,0,0,0,0,0,0,0,0
2005,62194,1,1,0,0,0,0,0,0,0,0,0,0
2005,62194,2,1,0,0,0,0,0,0,0,0,0,0
2005,62194,3,1,0,0,0,0,0,0,0,0,0,0
2005,62195,1,1,0,0,0,0,0,0,0,0,0,0
2005,62195,2,1,0,0,0,0,0,0,0,0,0,0
2005,62196,1,1,0,0,11,0,0,0,0,0,14,5
2005,62196,2,1,0,0,0,0,0,0,0,0,0,0
2005,62197,1,1,0,0,0,0,0,0,0,0,0,0
2005,62198,0,1,0,0,0,0,0,0,0,0,0,0
2005,62198,1,1,0,0,0,0,0,13,0,0,0,0
2005,62199,1,1,0,0,0,0,0,0,0,0,0,0
2005,62200,0,1,20,0,0,0,0,0,0,0,0,0
2005,62200,1,1,0,0,0,0,0,0,0,0,0,0
2005,62201,0,1,0,0,0,0,0,0,0,0,0,0
2005,62201,1,1,0,0,0,0,0,0,0,0,0,0
2005,62202,0,1,0,0,0,0,0,0,0,0,0,0
2005,62202,1,1,0,0,0,0,0,0,0,0,0,0
2005,62203,0,1,0,0,0,0,0,0,0,0,23,0
2005,62203,1,1,0,0,0,0,0,5,0,0,0,0
2005,62204,1,1,0,0,0,0,0,0,0,0,0,0
2005,62204,2,1,0,0,0,0,0,0,0,0,0,0
2005,62205,1,1,0,0,0,0,0,0,0,0,0,0
2005,62206,1,1,0,16,14,0,0,0,0,0,0,10
2005,62206,2,1,0,0,0,0,0,0,0,0,0,0
2005,62206,3,1,0,0,15,0,0,0,0,0,0,0
2005,62207,0,1,13,13,13,13,13,13,13,13,13,13
2005,62207,1,1,0,0,0,0,0,0,0,0,0,0
2005,62208,1,1,0,0,0,0,0,0,0,0,0,0
2005,62208,2,1,0,0,0,0,0,0,0,0,0,0
2005,62209,1,1,18,18,18,18,18,18,18,18,18,18
2005,62210,1,1,17,17,17,17,17,17,17,17,17,17
2005,62210,2,1,0,0,0,0,0,0,0,0,0,0
2005,62211,1,1,0,0,0,0,0,0,0,0,0,0
2005,62212,1,1,0,0,0,0,0,0,0,0,0,0
2005,62213,1,1,0,0,0,0,0,0,0,0,0,0
2005,62213,2,1,0,0,7,16,4,0,0,0,0,0
2005,62214,1,1,14,14,14,14,14,14,14,14,14,14
2005,62215,1,1,3,11,16,21,10,16,17,21,13,18
2005,62216,1,1,0,0,0,0,0,0,0,0,0,0
2005,62217,1,1,14,13,0,11,14,0,5,27,5,2
2005,62218,1,1,11,25,17,6,19,9,9,26,24,16
2005,62219,1,1,16,16,16,16,16,16,16,16,16,16
2005,62220,1,1,0,0,0,0,0,0,0,0,0,0
2005,62221,1,1,0,0,0,0,0,0,0,0,0,0
2005,62221,2,1,0,0,0,0,0,0,0,0,0,0
2005,62222,0,1,0,0,7,0,0,0,0,0,0,0
2005,62222,1,1,0,0,0,0,0,6,0,0,0,0
2005,62223,1,1,0,0,0,14,0,0,0,0,21,0
2005,62224,0,1,34,5,0,17,18,0,0,0,18,0
2005,62224,1,1,0,0,0,0,0,0,0,0,0,0
2005,62225,1,1,30,30,30,30,30,30,30,30,30,30
2005,62225,2,1,0,0,0,0,0,0,0,0,0,0
2005,62226,1,1,0,0,0,0,0,0,0,0,0,0
2005,62226,2,1,0,0,0,0,0,0,0,0,0,0
2005,62226,3,1,0,0,0,0,0,0,0,0,0,0
2005,62227,0,1,24,24,24,24,24,24,24,24,24,24
2005,62227,1,1,0,0,0,0,0,0,0,0,0,0
2005,62228,1,1,9,0,0,0,0,0,0,0,0,0
2005,62229,0,1,0,0,0,0,0,0,0,0,0,0
2005,62229,1,1,0,0,0,0,0,0,16,15,0,0
2005,62230,1,1,17,15,12,5,0,11,8,7,7,10
2005,62230,2,1,11,11,11,11,11,11,11,11,11,11
2005,62231,1,1,0,0,0,0,0,0,0,0,0,0
2005,62231,2,1,0,0,0,0,0,0,0,0,0,0
2005,62232,1,1,0,0,0,0,0,0,0,0,0,0
2005,62232,2,1,0,0,0,0,0,0,0,0,0,0
2005,62233,1,1,23,23,23,23,23,23,23,23,23,23
2005,62233,2,1,0,0,0,0,0,0,0,0,0,0
2005,62234,0,1,0,0,0,0,0,0,0,0,0,0
2005,62234,1,1,0,0,0,0,0,0,0,0,0,0
2005,62235,1,1,0,0,0,0,0,0,0,0,0,0
2005,62235,2,1,0,0,0,0,0,0,0,0,0,0
2005,62236,0,1,0,0,0,0,0,10,0,0,0,0
2005,62236,1,1,0,0,0,0,0,0,0,0,0,0
2005,62237,1,1,0,0,0,0,0,0,0,0,0,0
2005,62237,2,1,0,0,0,0,0,0,0,0,0,0
2005,62238,1,1,13,13,13,13,13,13,13,13,13,13
2005,62239,0,1,0,0,0,0,0,0,0,0,0,0
2005,62239,1,1,0,0,0,0,0,0,0,0,0,0
2005,62240,1,1,0,0,0,0,0,0,0,0,0,0
2005,62240,2,1,0,0,0,0,0,0,0,0,0,0
2005,62241,0,1,28,28,28,28,28,28,28,28,28,28
2005,62241,1,1,0,0,0,0,0,0,0,0,0,0
2005,62242,1,1,0,0,0,0,0,0,0,0,0,0
2005,62242,2,1,0,0,0,5,0,0,0,0,0,0
2005,62243,0,1,15,15,15,15,15,15,15,15,15,15
2005,62243,1,1,10,0,0,21,21,17,24,19,18,11
2005,62244,1,1,27,27,27,27,27,27,27,27,27,27
2005,62245,1,1,0,0,0,0,0,0,0,0,0,0
2005,62246,1,1,0,0,27,21,0,0,21,0,11,0
2005,62247,1,1,0,0,0,0,0,0,0,0,0,0
2005,62248,1,1,24,0,23,0,0,0,0,0,11,0
2005,62249,0,1,20,20,20,20,20,20,20,20,20,20
2005,62249,1,1,15,7,13,7,4,10,2,12,54,5
2005,62250,1,1,0,0,0,0,0,0,0,0,0,0
2005,62251,0,1,0,0,0,0,0,0,0,0,0,0
2005,62251,1,1,0,0,0,4,0,0,0,0,0,0
2005,62252,1,1,0,0,0,0,0,0,0,0,0,0
2005,62253,0,1,27,27,27,27,27,27,27,27,27,27
2005,62253,1,1,6,6,6,6,6,6,6,6,6,6
2005,62254,0,1,29,29,29,29,29,29,29,29,29,29
2005,62254,1,1,0,0,0,0,0,0,0,0,0,0
2005,62255,1,1,12,12,12,12,12,12,12,12,12,12
2005,62256,1,1,17,17,17,17,17,17,17,17,17,17
2005,62257,1,1,0,15,0,0,0,0,0,0,0,0
2005,62258,0,1,0,0,0,0,0,0,0,0,0,0
2005,62258,1,1,0,0,0,0,0,0,0,0,0,0
2005,62259,1,1,21,21,21,21,21,21,21,21,21,21
2005,62260,1,1,25,25,25,25,25,25,25,25,25,25
2005,62261,0,1,23,23,23,23,23,23,23,23,23,23
2005,62261,1,1,25,0,0,0,15,0,20,0,9,0
2005,62262,1,1,0,0,0,0,0,25,0,0,0,0
2005,62263,1,1,0,0,8,0,0,0,9,0,0,0
2005,62264,1,1,0,0,0,0,0,0,0,0,0,0
2005,62265,1,1,3,3,3,3,3,3,3,3,3,3
2005,62266,1,1,0,0,0,0,0,0,0,0,0,0
2005,62267,1,1,16,16,16,16,16,16,16,16,16,16
2005,62268,1,1,0,0,0,0,0,0,0,0,3,0
2005,62269,0,1,7,7,7,7,7,7,7,7,7,7
2005,62269,1,1,27,20,7,0,0,6,0,20,0,25
2005,62270,1,1,32,32,32,32,32,32,32,32,32,32
2005,62271,0,1,0,0,30,0,18,0,0,0,0,20
2005,62271,1,1,27,27,27,27,27,27,27,27,27,27
2005,62272,1,1,18,18,18,18,18,18,18,18,18,18
2005,62273,0,1,0,7,0,21,8,39,0,3,23,12
2005,62273,1,1,0,0,0,14,0,0,0,0,0,0
2005,62274,1,1,16,16,16,16,16,16,16,16,16,16
2005,62275,0,1,0,0,0,0,0,0,0,0,0,0
2005,62275,1,1,11,0,0,9,0,10,0,0,26,0
2005,62276,1,1,0,0,0,0,0,0,0,0,0,0
2005,62277,1,1,0,0,0,0,0,0,0,0,0,0
2005,62278,1,1,17,17,17,17,17,17,17,17,17,17
2005,62279,0,1,0,0,0,0,0,0,0,0,0,0
2005,62279,1,1,0,0,0,0,0,0,13,0,0,0
2005,62280,1,1,0,0,0,0,0,0,0,0,0,0
2005,62281,1,1,0,0,0,0,0,0,0,0,0,0
2005,62282,1,1,10,10,10,10,10,10,10,10,10,10
2005,62283,1,1,23,23,23,23,23,23,23,23,23,23
2005,62284,0,1,0,0,0,0,0,0,0,0,0,0
2005,62284,1,1,0,0,0,0,0,0,0,0,0,0
2005,62285,0,1,13,13,13,13,13,13,13,13,13,13
2005,62285,1,1,7,23,0,21,16,20,19,0,24,13
2005,62286,1,1,0,0,0,0,0,0,6,0,9,0
2005,62287,1,1,0,0,0,0,0,0,0,0,0,0
2005,62288,1,1,17,0,5,15,0,31,16,26,25,19
2005,62289,0,1,24,24,24,24,24,24,24,24,24,24
2005,62289,1,1,0,15,0,24,0,5,8,20,0,0
2005,62290,1,1,8,8,8,8,8,8,8,8,8,8
2005,62291,1,1,0,0,0,0,0,0,0,0,0,0
2005,62292,0,1,14,14,14,14,14,14,14,14,14,14
2005,62292,1,1,0,0,0,0,4,0,0,0,0,0
2005,62293,1,1,8,8,8,8,8,8,8,8,8,8
2005,62294,0,1,0,0,0,0,0,0,0,0,0,0
2005,62294,1,1,0,0,0,0,0,0,0,0,0,0
2005,62295,1,1,0,0,0,0,0,0,0,0,0,0
2005,62296,1,1,0,0,0,0,0,0,0,0,0,0
2005,62297,0,1,0,0,0,0,0,0,0,0,0,15
2005,62297,1,1,0,0,0,0,0,0,22,0,0,0
2005,62298,1,1,2,2,2,2,2,2,2,2,2,2
2005,62299,1,1,0,0,0,19,0,0,0,0,0,0
2005,62300,1,1,0,0,0,0,0,0,0,0,0,0
2005,62301,0,1,24,24,24,24,24,24,24,24,24,24
2005,62301,1,1,0,0,0,0,0,0,0,0,0,0
2005,62302,1,1,0,0,0,0,0,0,0,0,0,0
2005,62303,1,1,0,0,0,0,0,0,0,0,0,0
2005,62304,1,1,0,0,0,0,0,0,0,0,0,0
2005,62305,1,1,0,0,0,0,0,0,0,0,0,0
2005,62306,1,1,0,0,0,0,0,0,0,0,0,0
2005,62307,0,1,0,0,0,0,0,0,0,0,0,0
2005,62307,1,1,0,0,0,22,0,9,0,0,0,4
2005,62308,1,1,16,16,16,16,16,16,16,16,16,16
2005,62309,1,1,0,0,0,0,0,0,0,0,0,0
2005,62310,1,1,0,0,0,0,0,0,0,0,0,0
2005,62311,1,1,0,0,0,0,0,0,0,0,0,0
2005,62311,2,1,0,0,0,0,0,0,0,0,0,0
2005,62312,1,1,2,2,2,2,2,2,2,2,2,2
2005,62312,2,1,0,0,0,0,0,0,0,0,0,0
2005,62312,3,1,0,0,0,0,0,6,7,0,0,0
2005,62313,0,1,0,0,0,0,0,0,0,0,0,0
2005,62313,1,1,0,0,0,0,0,0,0,0,4,0
2005,62314,1,1,0,0,0,0,0,0,0,0,0,0
2005,62315,1,1,0,0,0,0,0,0,0,0,0,0
2005,62315,2,1,0,0,0,0,0,0,10,29,0,0
2005,62315,3,1,0,0,0,0,0,0,0,0,0,0
2005,62316,1,1,0,0,0,0,0,0,0,0,0,0
2005,62316,2,1,0,0,0,0,0,0,0,0,0,0
2005,62317,1,1,0,0,0,0,0,0,0,0,0,0
2005,62318,1,1,0,0,0,12,0,0,0,0,0,0
2005,62318,2,1,0,0,0,0,0,0,0,0,0,0
2005,62319,0,1,0,0,0,0,0,0,0,0,0,0
2005,62319,1,1,0,0,10,0,11,0,0,27,0,0
2005,62320,1,1,2,2,2,2,2,2,2,2,2,2
2005,62320,2,1,0,0,0,0,0,0,0,0,0,0
2005,62321,1,1,0,0,0,0,0,0,0,0,0,0
2005,62321,2,1,0,0,0,0,0,0,0,0,0,0
2005,62321,3,1,0,0,0,0,0,0,0,0,0,0
2005,62321,4,1,27,0,0,0,7,0,0,6,0,0
2005,62321,5,1,0,0,0,0,0,0,0,0,15,0
2005,62322,1,1,28,16,38,20,36,32,26,15,12,20
2005,62322,2,1,0,10,14,0,0,0,9,0,0,0
2005,62323,1,1,0,0,0,0,0,0,0,0,0,0
2005,62324,1,1,0,0,0,0,0,0,0,0,0,0
2005,62324,2,1,0,0,0,0,0,0,0,0,0,0
2005,62324,3,1,0,0,0,0,0,0,0,0,0,0
2005,62324,4,1,0,0,0,0,0,0,0,0,0,0
2005,62325,0,1,0,0,0,0,0,0,0,0,0,0
2005,62325,1,1,10,10,10,10,10,10,10,10,10,10
2005,62326,1,1,13,3,8,0,0,10,0,21,0,16
2005,62327,1,1,0,0,0,0,0,0,0,0,0,0
2005,62327,2,1,0,0,0,0,0,0,0,0,0,0
2005,62328,1,1,9,9,9,9,9,9,9,9,9,9
2005,62328,2,1,7,0,0,0,0,0,6,0,0,0
2005,62329,1,1,16,16,16,16,16,16,16,16,16,16
2005,62329,2,1,0,0,0,0,0,0,0,0,0,0
2005,62330,0,1,0,0,0,0,0,0,0,0,0,0
2005,62330,1,1,0,0,0,5,0,0,0,0,0,0
2005,62331,1,1,0,0,0,0,0,0,0,0,0,0
2005,62331,2,1,0,0,0,0,0,0,0,0,0,0
2005,62331,3,1,0,0,0,0,7,0,20,0,0,0
2005,62332,0,1,0,0,0,0,0,0,0,0,0,0
2005,62332,1,1,0,0,26,0,0,0,0,0,0,0
2005,62333,1,1,20,20,20,20,20,20,20,20,20,20
2005,62333,2,1,0,0,0,0,0,0,0,21,0,0
2005,62334,1,1,0,0,0,0,0,0,0,0,0,0
2005,62334,2,1,0,0,0,0,0,0,0,0,0,0
2005,62335,0,1,0,0,0,0,0,0,0,0,0,0
2005,62335,1,1,0,0,0,0,0,0,0,0,0,0
2005,62336,0,1,0,0,0,0,0,0,0,0,0,0