YEAR,ST_CASE,veh_no,per_no,P1,P2,P3,P4,P5,P6,P7,P8,P9,P10
2005,62336,1,1,0,0,0,0,0,0,0,0,0,0
2005,62337,1,1,0,0,0,0,0,0,0,0,0,0
2005,62337,2,1,4,0,0,0,0,0,0,0,0,0
2005,62338,1,1,0,0,0,0,0,0,0,0,0,0
2005,62338,2,1,0,0,0,0,0,0,0,0,0,0
2005,62339,1,1,0,0,0,0,0,0,0,0,0,0
2005,62340,1,1,11,11,11,11,11,11,11,11,11,11
2005,62341,1,1,20,20,20,20,20,20,20,20,20,20
2005,62342,1,1,0,0,0,0,0,0,0,0,0,0
2005,62342,2,1,0,0,0,0,0,0,0,0,0,0
2005,62342,3,1,0,0,0,0,0,0,0,0,0,0
2005,62343,0,1,16,16,16,16,16,16,16,16,16,16
2005,62343,1,1,0,0,0,0,0,0,0,0,0,0
2005,62344,1,1,0,0,0,0,0,0,0,0,0,0
2005,62345,1,1,21,21,21,21,21,21,21,21,21,21
2005,62346,1,1,0,0,0,0,0,0,0,0,0,0
2005,62347,0,1,0,0,0,0,0,0,0,0,0,0
2005,62347,1,1,0,0,0,0,0,0,0,0,0,0
2005,62348,1,1,18,18,18,18,18,18,18,18,18,18
2005,62349,1,1,0,0,0,0,0,0,0,0,0,0
2005,62350,1,1,0,0,0,0,0,0,0,0,0,0
2005,62350,2,1,0,0,0,0,0,0,13,0,0,0
2005,62351,1,1,12,12,12,12,12,12,12,12,12,12
2005,62351,2,1,0,0,0,0,0,0,0,0,0,0
2005,62352,1,1,27,27,27,27,27,27,27,27,27,27
2005,62353,1,1,0,0,0,0,0,0,0,0,0,0
2005,62353,2,1,0,0,0,0,0,0,0,0,0,0
2005,62354,1,1,0,0,0,0,0,0,0,0,0,0
2005,62354,2,1,0,0,0,0,0,0,0,0,0,0
2005,62355,1,1,24,24,24,24,24,24,24,24,24,24
2005,62355,2,1,0,0,0,0,0,0,0,0,0,0
2005,62356,1,1,0,0,0,0,0,0,0,0,0,0
2005,62356,2,1,0,0,0,0,0,0,0,0,0,0
2005,62357,1,1,0,0,0,0,0,0,0,0,0,0
2005,62357,2,1,0,0,0,0,0,0,0,0,0,0
2005,62358,0,1,22,22,22,22,22,22,22,22,22,22
2005,62358,1,1,22,7,2,19,23,18,14,4,18,18
2005,62359,1,1,0,0,0,0,0,0,0,0,0,0
2005,62359,2,1,0,0,0,0,0,0,8,0,0,0
2005,62360,0,1,37,37,37,37,37,37,37,37,37,37
2005,62360,1,1,0,0,0,0,0,0,0,0,0,0
2005,62360,2,1,0,0,0,0,0,0,0,0,0,0
2005,62361,1,1,17,17,17,17,17,17,17,17,17,17
2005,62361,2,1,0,0,0,0,5,8,0,0,0,0
2005,62362,1,1,0,0,0,0,0,0,0,0,0,0
2005,62362,2,1,0,0,0,0,0,0,0,0,0,0
2005,62363,1,1,20,20,20,20,20,20,20,20,20,20
2005,62364,1,1,0,0,0,0,0,0,0,0,0,0
2005,62364,2,1,0,0,0,0,0,0,17,0,0,0
2005,62365,1,1,17,6,24,12,19,2,27,13,8,16
2005,62366,1,1,0,0,0,0,0,0,0,0,15,0
2005,62366,2,1,0,0,0,0,0,0,0,0,0,0
2005,62367,1,1,4,4,4,4,4,4,4,4,4,4
2005,62367,2,1,0,0,3,0,0,0,0,0,0,0
2005,62367,3,1,0,0,0,0,0,0,0,0,0,0
2005,62368,0,1,0,0,0,0,0,0,0,0,0,0
2005,62368,1,1,0,0,0,0,0,0,0,0,0,0
2005,62369,1,1,21,21,21,21,21,21,21,21,21,21
2005,62369,2,1,33,33,33,33,33,33,33,33,33,33
2005,62370,0,1,28,44,6,10,11,11,17,30,14,29
2005,62370,1,1,0,33,16,26,0,8,20,13,0,0
2005,62371,1,1,0,0,0,0,0,0,0,0,0,0
2005,62372,0,1,6,6,6,6,6,6,6,6,6,6
2005,62372,1,1,0,0,18,0,0,23,16,19,18,0
2005,62373,0,1,11,11,11,11,11,11,11,11,11,11
2005,62373,1,1,0,0,0,0,0,3,0,0,0,0
2005,62374,1,1,0,0,0,0,0,0,0,0,0,0
2005,62375,0,1,11,0,17,13,15,19,0,0,16,0
2005,62375,1,1,0,0,0,0,21,0,0,0,0,5
2005,62376,0,1,0,0,0,0,0,0,0,0,0,0
2005,62376,1,1,0,0,0,0,0,0,0,0,0,0
2005,62377,1,1,12,12,12,12,12,12,12,12,12,12
2005,62378,1,1,24,24,24,24,24,24,24,24,24,24
2005,62379,1,1,0,0,0,0,0,0,0,0,0,0
2005,62380,1,1,0,0,0,0,0,0,0,0,0,0
2005,62381,0,1,20,12,8,0,26,0,0,0,0,22
2005,62381,1,1,0,0,0,0,0,16,0,0,0,0
2005,62382,1,1,11,11,11,11,11,11,11,11,11,11
2005,62383,1,1,15,15,15,15,15,15,15,15,15,15
2005,62384,1,1,0,0,0,0,0,0,0,0,0,0
2005,62385,1,1,4,4,4,4,4,4,4,4,4,4
2005,62386,1,1,26,26,26,26,26,26,26,26,26,26
2005,62387,1,1,17,20,22,5,5,5,15,17,7,11
2005,62388,0,1,30,30,30,30,30,30,30,30,30,30
2005,62388,1,1,0,0,0,0,0,0,0,0,0,0
2005,62389,1,1,0,0,0,0,0,0,0,0,0,0
2005,62390,1,1,0,0,0,0,0,0,0,0,0,0
2005,62391,1,1,26,26,26,26,26,26,26,26,26,26
2005,62392,0,1,0,0,0,0,0,0,0,0,0,0
2005,62392,1,1,0,0,0,0,0,0,0,0,0,0
2005,62393,0,1,0,0,0,0,0,0,0,0,0,0
2005,62393,1,1,0,0,0,0,0,0,0,0,0,21
2005,62394,0,1,24,21,0,13,0,0,28,0,0,0
2005,62394,1,1,0,0,0,0,0,0,0,0,0,16
2005,62395,1,1,36,36,36,36,36,36,36,36,36,36
2005,62396,1,1,0,0,0,0,0,0,0,0,0,0
2005,62396,2,1,0,0,0,0,7,0,0,0,0,0
2005,62396,3,1,0,0,0,0,0,0,0,0,0,0
2005,62397,1,1,15,15,15,15,15,15,15,15,15,15
2005,62398,1,1,0,3,0,0,0,0,0,0,0,0
2005,62398,2,1,15,15,15,15,15,15,15,15,15,15
2005,62399,1,1,23,23,23,23,23,23,23,23,23,23
2005,62400,1,1,0,0,0,0,0,0,0,0,0,0
2005,62400,2,1,0,0,0,0,0,0,0,0,0,0
2005,62401,0,1,0,0,0,0,0,0,0,0,0,0
2005,62401,1,1,0,0,0,0,0,0,0,0,0,0
2005,62402,0,1,0,0,0,0,0,0,0,0,0,0
2005,62402,1,1,0,0,0,0,0,0,0,0,0,0
2005,62403,1,1,0,0,0,0,0,0,0,0,0,0
2005,62403,2,1,0,0,0,0,0,0,0,0,0,0
2005,62404,1,1,0,9,7,12,0,21,0,9,6,4
2005,62404,2,1,0,0,0,0,0,0,0,0,0,0
2005,62405,1,1,0,0,0,0,0,0,0,0,0,0
2005,62406,1,1,0,0,0,0,0,0,0,0,0,0
2005,62407,1,1,0,0,0,0,0,0,0,0,0,0
2005,62408,1,1,0,0,0,0,0,0,0,0,0,0
2005,62408,2,1,0,0,0,0,0,0,0,0,0,0
2005,62409,0,1,0,0,0,0,0,0,0,32,0,0
2005,62409,1,1,0,0,0,0,0,0,0,0,0,0
2005,62410,1,1,16,16,16,16,16,16,16,16,16,16
2005,62410,2,1,0,0,0,0,0,0,0,0,0,0
2005,62411,1,1,0,0,0,0,0,0,0,0,0,0
2005,62412,1,1,0,0,34,0,0,0,23,0,12,0
2005,62413,1,1,28,28,28,28,28,28,28,28,28,28
2005,62413,2,1,0,0,0,0,0,0,0,0,0,0
2005,62414,1,1,8,0,13,13,0,0,0,13,0,15
2005,62415,1,1,10,10,10,10,10,10,10,10,10,10
2005,62415,2,1,0,0,0,0,0,0,0,0,0,0
2005,62416,1,1,0,0,0,0,0,0,0,0,0,0
2005,62416,2,1,0,0,0,0,0,0,0,0,0,0
2005,62417,1,1,8,8,8,8,8,8,8,8,8,8
2005,62418,1,1,0,0,0,0,0,0,0,0,0,0
2005,62419,1,1,0,0,0,0,0,0,0,0,0,0
2005,62419,2,1,0,0,0,0,0,0,0,0,0,0
2005,62420,1,1,0,0,0,0,0,0,0,0,0,0
2005,62421,0,1,0,0,0,0,0,0,0,0,0,0
2005,62421,1,1,12,12,12,12,12,12,12,12,12,12
2005,62422,1,1,0,0,0,0,0,0,0,0,0,0
2005,62422,2,1,0,0,0,0,0,0,0,0,0,0
2005,62423,1,1,2,2,2,2,2,2,2,2,2,2
2005,62423,2,1,0,0,0,0,0,0,0,0,0,0
2005,62424,1,1,0,0,0,0,0,0,0,0,0,0
2005,62424,2,1,0,0,0,0,0,0,0,0,0,8
2005,62425,0,1,0,0,0,0,0,0,0,0,0,0
2005,62425,0,2,0,0,0,0,0,0,0,0,17,0
2005,62425,0,3,13,0,0,0,0,5,0,0,0,7
2005,62425,0,4,0,0,0,0,0,0,3,0,0,0
2005,62425,1,1,18,0,0,0,0,0,0,0,16,0
2005,62425,2,1,0,17,0,0,0,0,0,0,0,0
2005,62426,1,1,0,13,0,0,0,0,21,0,0,0
2005,62427,1,1,5,5,5,5,5,5,5,5,5,5
2005,62427,2,1,4,4,4,4,4,4,4,4,4,4
2005,62428,0,1,10,0,0,14,0,18,0,27,0,26
2005,62428,1,1,0,0,0,0,0,0,0,0,0,0
2005,62429,0,1,0,0,0,0,0,0,0,0,0,0
2005,62429,1,1,0,0,0,0,0,0,0,0,0,0
2005,62430,1,1,16,16,16,16,16,16,16,16,16,16
2005,62431,1,1,17,17,17,17,17,17,17,17,17,17
2005,62431,2,1,0,9,0,0,0,0,0,0,0,5
2005,62432,1,1,15,15,15,15,15,15,15,15,15,15
2005,62432,2,1,0,0,0,13,0,0,0,0,8,24
2005,62433,1,1,0,0,0,0,0,0,0,0,0,0
2005,62434,1,1,0,18,0,0,0,0,0,0,0,0
2005,62434,2,1,0,0,0,0,0,0,0,0,0,0
2005,62435,1,1,0,0,0,0,0,0,0,0,0,0
2005,62435,2,1,13,13,13,13,13,13,13,13,13,13
2005,62435,3,1,7,21,5,30,3,0,16,31,9,22
2005,62435,4,1,0,0,13,0,0,0,0,5,15,0
2005,62436,0,1,0,0,0,0,0,0,0,0,0,0
2005,62436,1,1,0,0,0,0,0,0,0,0,0,0
2005,62437,1,1,0,0,7,5,0,0,0,0,0,0
2005,62438,1,1,0,0,0,0,0,0,0,0,0,0
2005,62438,2,1,0,0,0,0,0,0,0,0,0,0
2005,62438,3,1,0,0,0,0,0,0,0,0,0,0
2005,62439,1,1,0,0,0,0,0,0,0,0,0,0
2005,62439,2,1,0,0,0,0,0,0,0,0,0,0
2005,62439,3,1,0,0,0,0,0,0,0,0,0,0
2005,62440,1,1,16,22,7,16,11,7,16,14,8,9
2005,62440,2,1,19,19,19,19,19,19,19,19,19,19
2005,62441,1,1,19,16,21,19,5,18,7,15,14,18
2005,62442,1,1,0,0,0,0,0,0,0,0,0,0
2005,62443,1,1,26,26,26,26,26,26,26,26,26,26
2005,62443,2,1,0,0,0,0,12,1,0,17,11,0
2005,62444,1,1,0,0,0,0,0,0,0,0,0,0
2005,62445,0,1,0,0,0,0,0,0,0,0,0,0
2005,62445,1,1,26,0,0,0,0,7,0,17,8,0
2005,62446,1,1,0,0,0,0,0,0,0,0,0,0
2005,62446,2,1,0,0,0,0,0,0,0,0,0,0
2005,62446,3,1,16,0,17,0,0,0,0,0,0,0
2005,62446,4,1,0,0,0,0,0,0,0,0,0,0
2005,62447,1,1,0,0,0,0,0,0,0,0,0,0
2005,62448,1,1,28,28,28,28,28,28,28,28,28,28
2005,62449,1,1,0,0,0,0,0,0,0,0,0,0
2005,62449,2,1,0,0,0,0,0,0,0,0,0,0
2005,62450,1,1,19,19,19,19,19,19,19,19,19,19
2005,62451,1,1,0,0,2,0,0,0,0,5,0,0
2005,62451,2,1,0,0,0,0,0,0,0,0,0,0
2005,62452,0,1,0,0,0,0,0,0,0,0,0,0
2005,62452,1,1,0,0,0,8,0,0,0,0,0,0
2005,62453,1,1,21,21,21,21,21,21,21,21,21,21
2005,62453,2,1,0,0,0,0,0,0,0,0,0,0
2005,62454,1,1,0,0,0,0,0,0,0,0,0,0
2005,62454,2,1,0,0,0,0,0,0,0,0,0,0
2005,62455,1,1,0,0,0,0,28,0,0,13,14,0
2005,62455,2,1,0,0,0,0,0,0,0,0,0,0
2005,62456,1,1,24,0,0,32,27,19,11,12,10,7
2005,62456,2,1,0,0,0,0,0,0,0,0,0,0
2005,62457,0,1,2,2,2,2,2,2,2,2,2,2
2005,62457,1,1,0,0,15,0,0,41,37,0,0,17
2005,62458,1,1,26,10,24,32,18,0,26,0,0,0
2005,62459,1,1,18,18,18,18,18,18,18,18,18,18
2005,62460,0,1,0,0,0,0,0,0,0,0,0,0
2005,62460,1,1,0,0,0,0,0,0,0,0,0,0
2005,62461,1,1,0,0,0,0,0,0,0,0,0,0
2005,62462,1,1,0,0,0,0,0,0,0,0,0,0
2005,62462,2,1,0,0,0,0,0,0,0,0,0,0
2005,62463,1,1,0,0,0,0,0,0,0,0,0,0
2005,62463,2,1,0,0,0,0,0,0,0,0,0,0
2005,62464,1,1,4,4,4,4,4,4,4,4,4,4
2005,62464,2,1,0,0,0,0,0,0,0,0,0,0
2005,62465,0,1,0,0,0,0,0,0,0,0,0,0
2005,62465,1,1,0,0,0,0,0,0,0,0,0,0
2005,62466,0,1,0,0,0,0,0,0,0,0,0,0
2005,62466,1,1,0,0,0,0,0,0,0,0,0,0
2005,62467,1,1,5,17,4,0,0,0,0,0,0,0
2005,62468,0,1,23,23,23,23,23,23,23,23,23,23
2005,62468,1,1,0,0,0,19,19,0,0,0,0,0
2005,62469,0,1,12,12,12,12,12,12,12,12,12,12
2005,62469,1,1,0,0,0,0,0,0,0,0,0,0
2005,62470,1,1,28,28,28,28,28,28,28,28,28,28
2005,62471,1,1,0,0,0,0,0,0,0,0,0,0
2005,62471,2,1,0,0,0,0,0,0,0,0,0,0
2005,62472,1,1,4,4,4,4,4,4,4,4,4,4
2005,62473,1,1,0,0,0,0,0,0,0,0,0,0
2005,62473,2,1,9,0,0,0,0,0,0,0,0,0
2005,62474,1,1,20,20,20,20,20,20,20,20,20,20
2005,62475,0,1,27,27,27,27,27,27,27,27,27,27
2005,62475,1,1,0,0,0,0,0,0,0,0,0,0
2005,62476,0,1,0,0,0,0,0,0,0,0,0,0
2005,62476,1,1,0,0,0,0,0,0,0,0,0,0
2005,62477,0,1,0,0,0,0,0,0,0,0,0,0
2005,62477,1,1,0,0,0,0,0,0,0,0,0,0
2005,62478,1,1,20,18,12,13,12,16,16,13,15,12
2005,62478,2,1,0,0,0,0,0,0,0,0,0,0
2005,62479,1,1,17,17,17,17,17,17,17,17,17,17
2005,62479,2,1,0,0,0,0,0,0,0,0,0,0
2005,62480,1,1,0,0,0,0,0,0,0,0,0,0
2005,62481,1,1,0,0,0,0,0,0,0,0,0,0
2005,62482,1,1,0,0,0,0,0,0,0,0,0,0
2005,62482,2,1,0,0,0,0,0,5,0,0,0,0
2005,62483,1,1,0,0,0,0,0,0,0,0,0,0
2005,62483,2,1,33,33,33,33,33,33,33,33,33,33
2005,62484,1,1,33,33,33,33,33,33,33,33,33,33
2005,62485,1,1,15,15,15,15,15,15,15,15,15,15
2005,62486,1,1,0,0,0,0,0,0,0,0,0,0
2005,62487,1,1,15,15,15,15,15,15,15,15,15,15
2005,62487,2,1,0,0,0,0,0,0,0,0,0,0
2005,62488,0,1,0,0,0,0,0,0,0,0,0,0
2005,62488,0,2,0,0,0,0,0,0,0,0,0,0
2005,62488,1,1,0,0,0,0,0,0,0,0,0,0
2005,62489,1,1,0,0,0,11,0,0,0,0,8,0
2005,62489,2,1,0,0,0,0,0,0,0,0,0,0
2005,62489,3,1,0,0,0,0,0,0,0,0,0,0
2005,62490,1,1,27,27,27,27,27,27,27,27,27,27
2005,62491,1,1,18,18,18,18,18,18,18,18,18,18
2005,62492,1,1,0,0,0,0,0,0,0,0,0,0
2005,62493,1,1,0,0,0,0,0,0,0,0,0,0
2005,62494,1,1,0,0,0,0,0,0,0,0,0,0
2005,62494,2,1,0,0,0,0,0,0,0,0,0,0
2005,62494,3,1,0,0,0,0,0,0,0,0,0,0
2005,62495,1,1,0,0,0,0,0,0,0,0,3,0
2005,62496,0,1,3,3,3,3,3,3,3,3,3,3
2005,62496,1,1,12,21,0,14,13,10,43,3,21,26
2005,62497,1,1,0,0,0,0,0,0,0,0,0,0
2005,62497,2,1,0,0,0,0,0,0,0,0,0,0
2005,62498,1,1,0,0,0,0,0,0,0,0,0,0
2005,62499,1,1,0,0,0,0,0,0,0,0,0,0
2005,62499,2,1,6,6,6,6,6,6,6,6,6,6
2005,62500,0,1,16,16,16,16,16,16,16,16,16,16
2005,62500,1,1,0,0,0,0,0,0,0,0,0,0
2005,62501,1,1,10,10,10,10,10,10,10,10,10,10
2005,62502,1,1,0,0,0,0,0,0,0,0,0,0
2005,62503,1,1,0,0,0,2,0,0,0,0,0,10
2005,62504,1,1,0,0,15,0,0,0,0,0,0,0
2005,62504,2,1,0,0,0,0,0,0,0,0,0,0
2005,62505,1,1,0,0,0,0,0,0,0,0,0,0
2005,62505,2,1,0,0,0,0,11,0,0,0,0,0
2005,62506,0,1,30,0,0,0,22,18,0,20,21,22
2005,62506,1,1,22,0,22,0,0,0,0,0,0,0
2005,62507,0,1,0,0,0,0,0,0,0,0,0,0
2005,62507,1,1,0,0,0,0,0,0,0,0,0,0
2005,62508,0,1,0,29,0,0,0,0,14,0,0,26
2005,62508,1,1,0,0,0,0,0,0,0,0,0,0
2005,62508,2,1,0,0,0,0,6,10,0,0,11,0
2005,62509,1,1,0,0,0,0,0,0,0,0,0,0
2005,62509,2,1,0,0,0,0,0,0,0,0,0,0
2005,62510,1,1,0,0,0,0,0,0,0,0,0,0
2005,62510,2,1,0,0,0,0,0,0,0,0,0,0
2005,62511,1,1,0,0,0,0,0,0,0,0,0,0
2005,62512,1,1,0,0,0,0,0,0,0,0,0,0
2005,62512,2,1,0,0,0,0,0,0,0,0,0,0
2005,62513,1,1,6,6,6,6,6,6,6,6,6,6
2005,62514,0,1,0,0,0,0,0,0,0,0,0,0
2005,62514,1,1,0,0,0,8,0,0,12,0,18,0
2005,62515,1,1,20,20,20,20,20,20,20,20,20,20
2005,62515,2,1,0,0,0,0,17,0,0,0,0,0
2005,62516,1,1,2,2,2,2,2,2,2,2,2,2
2005,62516,2,1,2,18,13,10,8,2,8,35,0,16
2005,62517,1,1,10,10,10,10,10,10,10,10,10,10
2005,62518,1,1,13,0,0,15,0,0,22,16,22,0
2005,62519,1,1,20,20,20,20,20,20,20,20,20,20
2005,62520,1,1,0,0,0,0,0,0,0,0,0,0
2005,62520,2,1,0,0,0,0,0,0,0,0,0,0
2005,62520,3,1,0,0,0,0,0,0,0,0,0,0
2005,62521,1,1,0,0,0,0,0,0,0,0,0,0
2005,62522,1,1,0,0,0,0,0,0,0,0,0,0
2005,62522,2,1,0,0,0,0,0,0,0,0,0,0
2005,62523,0,1,55,55,55,55,55,55,55,55,55,55
2005,62523,1,1,0,0,0,0,0,0,0,0,0,0
2005,62524,1,1,30,30,30,30,30,30,30,30,30,30
2005,62525,0,1,42,42,42,42,42,42,42,42,42,42
2005,62525,1,1,0,0,0,0,0,0,0,0,0,0
2005,62526,1,1,20,20,20,20,20,20,20,20,20,20
2005,62526,2,1,0,0,0,0,0,0,0,0,0,0
2005,62527,1,1,0,0,0,0,0,0,0,0,0,0
2005,62528,1,1,0,0,0,0,0,0,0,0,0,0
2005,62528,2,1,0,0,0,0,0,0,0,0,0,0
2005,62529,1,1,5,6,10,0,0,0,0,0,10,4
2005,62529,2,1,0,0,0,0,0,0,0,0,0,0
2005,62530,1,1,0,0,0,0,0,0,0,0,0,0
2005,62531,1,1,0,0,0,0,0,0,0,0,0,0
2005,62531,2,1,0,0,0,0,0,0,0,0,0,0
2005,62532,1,1,0,0,0,0,0,0,0,0,0,0
2005,62532,2,1,0,0,0,0,0,0,0,0,0,0
2005,62533,1,1,23,23,23,23,23,23,23,23,23,23
2005,62534,1,1,0,0,0,0,0,0,0,0,0,0
2005,62534,2,1,0,0,0,0,0,0,0,0,0,0
2005,62535,1,1,0,0,0,0,0,0,0,0,0,0
2005,62535,2,1,0,0,0,0,0,0,0,0,0,0
2005,62536,1,1,16,0,9,0,0,0,0,0,0,0
2005,62536,2,1,0,0,0,0,0,0,0,0,0,0
2005,62536,3,1,0,0,0,0,0,0,0,0,0,0
2005,62536,4,1,0,0,0,0,0,0,0,0,0,0
2005,62537,1,1,0,0,0,0,0,0,0,0,0,0
2005,62537,2,1,0,0,0,0,0,0,0,0,0,0
2005,62538,1,1,0,0,0,0,0,0,0,0,0,0
2005,62538,2,1,0,0,0,13,0,0,0,0,0,0
2005,62539,0,1,0,0,0,0,0,0,0,0,0,0
2005,62539,1,1,0,0,0,0,0,0,0,0,0,0
2005,62540,1,1,0,0,0,0,0,0,0,0,0,0
2005,62540,2,1,0,0,0,0,0,0,0,0,0,0
2005,62540,3,1,0,0,0,0,0,0,0,0,0,0
2005,62540,4,1,0,0,0,0,0,0,7,0,0,0
2005,62541,1,1,0,0,0,0,0,0,0,0,0,0
2005,62541,2,1,0,0,0,0,0,0,0,0,0,0
2005,62542,1,1,0,0,0,0,0,0,0,0,0,0
2005,62542,2,1,0,0,0,0,0,0,19,0,0,0
2005,62543,1,1,22,22,22,22,22,22,22,22,22,22
2005,62543,2,1,0,0,0,0,0,0,0,0,0,0
2005,62544,0,1,0,0,0,0,0,0,0,0,0,0
2005,62544,1,1,0,0,0,0,0,0,0,0,0,0
2005,62545,1,1,16,16,16,16,16,16,16,16,16,16
2005,62546,0,1,0,0,0,15,0,0,0,0,5,0
2005,62546,0,2,0,16,0,0,0,0,19,6,0,0
2005,62546,1,1,21,21,21,21,21,21,21,21,21,21
2005,62547,0,1,0,0,0,0,0,0,0,0,0,0
2005,62547,1,1,0,0,0,0,0,0,0,12,0,0
2005,62548,0,1,0,0,0,0,0,0,0,0,0,0
2005,62548,0,2,14,40,0,0,0,0,5,3,17,0
2005,62548,1,1,0,0,6,0,6,0,0,0,0,0
2005,62548,2,1,0,0,0,0,0,0,0,12,0,0
2005,62548,3,1,0,0,0,0,0,0,0,0,0,0
2005,62549,1,1,0,0,0,0,0,0,0,17,0,0
2005,62549,2,1,0,0,14,0,0,0,0,10,7,0
2005,62550,1,1,0,0,0,0,0,0,0,0,0,0
2005,62551,1,1,0,0,0,0,0,0,0,0,0,0
2005,62551,2,1,0,0,0,0,0,0,0,0,0,0
2005,62551,3,1,0,0,0,0,0,0,0,0,0,0
2005,62552,0,1,22,22,22,22,22,22,22,22,22,22
2005,62552,1,1,0,0,0,0,0,0,0,20,24,0
2005,62553,1,1,9,14,11,8,13,23,7,17,13,10
2005,62553,2,1,0,0,0,0,0,0,0,0,0,0
2005,62554,1,1,0,0,0,0,0,0,0,0,0,0
2005,62554,2,1,0,0,0,0,0,0,0,0,0,0
2005,62555,1,1,20,13,0,30,7,5,14,31,12,12
2005,62556,1,1,35,18,11,0,13,30,14,13,14,15
2005,62557,0,1,0,0,0,0,0,0,0,0,0,0
2005,62557,1,1,0,32,0,0,0,0,0,0,0,0
2005,62558,1,1,0,0,0,0,0,0,0,0,0,0
2005,62558,2,1,0,0,0,0,0,0,0,0,0,0
2005,62558,3,1,0,0,0,0,0,0,0,0,0,0
2005,62559,1,1,0,0,0,0,0,0,0,0,0,0
2005,62559,2,1,0,0,0,0,0,0,0,0,0,0
2005,62560,1,1,31,31,31,31,31,31,31,31,31,31
2005,62560,2,1,0,0,0,0,0,0,0,0,0,0
2005,62561,1,1,25,25,25,25,25,25,25,25,25,25
2005,62562,1,1,0,0,0,0,0,0,0,0,0,0
2005,62562,2,1,0,0,14,0,0,8,20,0,0,0
2005,62563,1,1,5,5,5,5,5,5,5,5,5,5
2005,62564,1,1,23,23,23,23,23,23,23,23,23,23
2005,62565,1,1,0,0,0,0,0,0,0,0,0,0
2005,62565,2,1,12,19,15,10,29,18,0,21,13,18
2005,62566,1,1,21,21,21,21,21,21,21,21,21,21
2005,62567,1,1,0,0,0,0,0,0,0,0,0,0
2005,62567,2,1,0,0,0,0,0,0,0,0,0,0
2005,62567,3,1,0,0,0,0,0,0,0,0,0,0
2005,62568,1,1,0,0,0,0,0,0,0,0,0,0
2005,62568,2,1,0,0,0,0,0,0,0,0,0,0
2005,62569,1,1,12,0,0,6,0,0,0,0,0,0
2005,62570,1,1,0,0,0,0,0,0,0,0,0,0
2005,62570,2,1,0,0,0,0,0,0,0,0,0,0
2005,62571,1,1,0,0,0,0,0,0,0,0,0,0
2005,62571,2,1,0,0,0,0,0,0,0,0,0,0
2005,62571,3,1,0,0,0,0,0,0,0,0,0,0
2005,62572,1,1,0,0,0,0,0,0,0,0,0,0
2005,62573,1,1,0,6,6,0,26,35,0,10,0,9
2005,62574,1,1,14,10,44,17,25,15,12,16,12,23
2005,62575,1,1,0,0,0,0,0,0,0,0,0,0
2005,62575,2,1,0,0,0,0,0,0,0,0,0,0
2005,62576,0,1,0,0,0,0,0,0,0,0,0,0
2005,62576,1,1,0,33,10,0,15,0,14,3,0,15
2005,62577,1,1,18,18,18,18,18,18,18,18,18,18
2005,62577,2,1,0,0,0,0,0,14,0,0,0,0
2005,62578,1,1,0,0,0,0,0,0,0,0,0,0
2005,62579,1,1,11,11,11,11,11,11,11,11,11,11
2005,62580,1,1,0,0,0,0,10,0,0,0,0,0
2005,62581,1,1,21,21,21,21,21,21,21,21,21,21
2005,62582,1,1,0,0,0,0,0,0,8,0,0,0
2005,62583,1,1,9,9,9,9,9,9,9,9,9,9
2005,62584,1,1,0,0,0,0,0,0,0,0,0,0
2005,62585,0,1,0,0,0,0,0,0,0,0,0,0
2005,62585,1,1,0,0,0,0,0,0,0,0,0,0
2005,62586,0,1,0,0,0,0,0,0,0,0,0,0
2005,62586,1,1,1,1,1,1,1,1,1,1,1,1
2005,62587,0,1,0,0,0,0,0,0,0,0,0,0
2005,62587,1,1,0,0,0,0,0,0,0,0,0,0
2005,62588,1,1,0,0,0,0,0,0,0,0,0,0
2005,62588,2,1,0,0,0,0,0,0,0,0,0,0
2005,62589,1,1,0,0,0,0,0,0,0,0,0,0
2005,62590,1,1,0,0,0,0,0,0,0,0,0,0
2005,62590,2,1,0,0,0,0,0,0,0,0,0,0
2005,62591,1,1,19,19,19,19,19,19,19,19,19,19
2005,62591,2,1,0,0,0,0,0,0,0,0,0,0
2005,62592,1,1,0,0,0,0,0,0,0,0,0,0
2005,62592,2,1,0,0,10,0,0,0,0,0,0,0