YEAR,ST_CASE,veh_no,per_no,P1,P2,P3,P4,P5,P6,P7,P8,P9,P10
2005,62592,3,1,0,0,0,0,0,0,0,0,0,0
2005,62593,0,1,3,3,3,3,3,3,3,3,3,3
2005,62593,1,1,0,0,0,0,0,0,0,0,0,0
2005,62594,1,1,0,0,0,0,0,0,0,0,0,0
2005,62594,2,1,0,0,0,0,0,0,0,0,0,0
2005,62595,0,1,0,0,0,0,0,0,0,0,0,0
2005,62596,0,1,0,0,0,0,0,0,0,0,0,0
2005,62596,1,1,10,0,0,0,0,24,0,0,0,0
2005,62597,0,1,0,0,0,0,0,0,0,0,0,0
2005,62597,1,1,0,0,0,0,0,0,0,0,0,0
2005,62597,2,1,0,0,0,0,0,0,0,0,0,0
2005,62598,1,1,11,11,11,11,11,11,11,11,11,11
2005,62598,2,1,0,4,0,0,0,17,20,0,0,0
2005,62598,3,1,0,0,0,0,0,0,0,0,0,0
2005,62598,4,1,0,0,0,0,0,0,0,0,0,0
2005,62599,1,1,0,0,0,0,0,0,0,0,0,0
2005,62599,2,1,0,0,0,0,0,0,0,0,0,0
2005,62599,3,1,0,0,0,0,0,0,0,0,0,0
2005,62599,4,1,0,0,0,0,0,0,0,0,0,0
2005,62599,5,1,0,0,0,0,0,0,0,0,0,0
2005,62599,6,1,0,0,0,0,0,0,0,0,0,0
2005,62599,7,1,0,0,0,0,0,0,0,0,0,0
2005,62599,8,1,0,0,0,0,13,0,0,0,0,0
2005,62600,0,1,0,0,0,0,0,18,0,0,15,38
2005,62600,1,1,0,0,0,0,0,0,0,0,0,0
2005,62601,1,1,0,0,0,0,0,0,0,0,0,0
2005,62601,2,1,0,0,0,0,0,0,0,0,0,0
2005,62602,1,1,33,8,20,5,26,13,7,18,19,5
2005,62602,2,1,17,17,17,17,17,17,17,17,17,17
2005,62603,0,1,0,0,0,0,0,0,0,0,0,0
2005,62603,1,1,0,0,0,0,0,0,0,0,0,0
2005,62603,2,1,0,0,0,0,0,0,0,0,0,0
2005,62604,1,1,0,0,0,0,0,0,0,0,0,0
2005,62604,2,1,0,0,0,0,0,0,0,0,0,0
2005,62605,1,1,0,0,0,0,0,0,0,0,0,0
2005,62605,2,1,0,0,0,0,0,0,0,0,0,0
2005,62606,0,1,0,0,0,0,0,0,0,0,0,0
2005,62606,1,1,0,23,0,0,0,0,0,0,0,0
2005,62607,1,1,0,0,0,18,0,16,0,0,0,0
2005,62607,2,1,0,0,0,0,0,0,14,0,0,0
2005,62608,0,1,0,0,0,0,0,0,0,0,0,0
2005,62608,1,1,0,0,0,0,0,0,0,0,0,0
2005,62609,1,1,0,0,0,0,0,0,0,0,0,0
2005,62609,2,1,0,0,0,0,0,0,0,0,0,0
2005,62610,0,1,8,7,16,9,20,8,0,0,10,0
2005,62610,1,1,0,0,0,0,0,0,0,0,0,0
2005,62611,1,1,0,0,0,0,0,0,0,0,0,0
2005,62612,1,1,0,0,0,0,0,0,0,0,0,0
2005,62613,1,1,31,31,31,31,31,31,31,31,31,31
2005,62614,1,1,0,0,0,0,0,0,0,0,0,0
2005,62614,2,1,0,0,0,0,0,0,0,0,0,0
2005,62614,3,1,0,0,0,0,0,0,0,0,0,0
2005,62615,1,1,19,19,19,19,19,19,19,19,19,19
2005,62615,2,1,0,0,0,0,6,7,0,0,12,0
2005,62615,3,1,10,10,10,10,10,10,10,10,10,10
2005,62616,1,1,0,0,0,0,0,0,0,0,0,0
2005,62616,2,1,0,0,0,0,0,0,0,0,0,0
2005,62617,0,1,0,0,0,0,0,0,0,0,0,0
2005,62617,1,1,0,0,0,0,0,0,0,0,0,0
2005,62618,1,1,0,0,0,0,0,0,0,0,0,13
2005,62618,2,1,0,0,0,0,0,0,0,0,0,0
2005,62618,3,1,0,0,0,0,0,0,0,0,0,0
2005,62618,4,1,0,0,0,0,0,0,0,0,0,0
2005,62618,5,1,0,0,10,0,0,0,0,0,0,0
2005,62619,1,1,0,0,0,0,0,0,0,0,0,0
2005,62620,1,1,0,0,0,6,3,0,8,0,0,0
2005,62620,2,1,0,0,0,0,0,0,0,0,0,0
2005,62620,3,1,0,0,0,0,0,0,0,0,0,0
2005,62621,1,1,0,0,0,0,0,0,0,0,0,0
2005,62621,2,1,0,0,0,2,0,0,0,0,15,0
2005,62622,1,1,6,6,6,6,6,6,6,6,6,6
2005,62623,1,1,0,0,0,0,0,0,0,0,0,0
2005,62624,1,1,0,0,0,0,0,0,0,0,0,0
2005,62625,1,1,0,0,0,0,0,0,0,0,0,0
2005,62625,2,1,0,0,0,0,0,0,0,0,0,0
2005,62625,3,1,0,0,0,0,0,0,0,0,0,0
2005,62626,1,1,0,0,0,0,0,0,0,0,0,0
2005,62626,2,1,0,0,0,0,0,0,0,0,0,0
2005,62626,3,1,0,0,0,0,0,0,0,0,0,0
2005,62626,4,1,0,0,0,0,0,0,0,0,0,0
2005,62626,5,1,0,0,0,0,0,0,0,0,0,0
2005,62626,6,1,0,0,0,0,0,0,0,0,0,0
2005,62627,1,1,0,0,0,0,0,0,0,0,0,0
2005,62627,2,1,0,12,0,11,0,3,0,0,10,0
2005,62628,1,1,27,27,27,27,27,27,27,27,27,27
2005,62628,2,1,0,0,0,0,0,0,0,0,0,0
2005,62629,1,1,0,0,0,0,0,0,0,0,0,0
2005,62629,3,1,0,0,0,0,0,0,0,0,0,0
2005,62630,1,1,0,0,0,0,0,0,0,0,0,0
2005,62630,2,1,0,0,0,0,0,0,0,0,0,0
2005,62631,1,1,0,0,0,0,0,0,0,0,0,0
2005,62631,2,1,0,0,0,0,0,0,0,0,0,0
2005,62632,1,1,0,0,0,0,0,0,0,0,0,0
2005,62632,2,1,0,0,0,0,0,19,0,0,3,17
2005,62632,3,1,0,8,0,0,0,8,0,0,0,0
2005,62633,1,1,0,0,0,0,0,0,0,0,0,0
2005,62634,1,1,14,14,14,14,14,14,14,14,14,14
2005,62634,2,1,22,0,0,0,0,0,0,0,0,0
2005,62635,1,1,0,0,0,0,0,0,0,0,0,0
2005,62635,2,1,0,0,0,0,0,0,0,0,0,0
2005,62635,3,1,0,0,0,0,0,0,0,0,0,0
2005,62636,1,1,0,0,0,0,24,25,24,14,0,20
2005,62637,1,1,0,0,0,0,0,0,0,0,0,0
2005,62638,1,1,24,0,0,0,0,0,0,0,0,0
2005,62638,2,1,0,0,0,0,0,0,0,0,0,0
2005,62639,1,1,0,0,0,0,0,0,27,0,0,0
2005,62640,1,1,17,17,17,17,17,17,17,17,17,17
2005,62641,1,1,16,16,16,16,16,16,16,16,16,16
2005,62642,1,1,0,0,0,0,0,0,0,0,0,0
2005,62642,2,1,0,0,0,0,0,0,0,0,0,0
2005,62643,1,1,0,0,0,0,0,0,0,0,0,0
2005,62643,2,1,0,0,0,0,0,0,0,0,0,0
2005,62644,1,1,0,0,0,0,0,0,0,0,0,0
2005,62644,2,1,0,0,0,0,0,0,0,0,0,3
2005,62645,1,1,6,0,0,0,0,0,0,0,0,0
2005,62645,2,1,0,0,0,0,0,0,17,0,0,18
2005,62645,3,1,0,0,0,0,0,0,0,0,0,0
2005,62646,1,1,11,11,11,11,11,11,11,11,11,11
2005,62647,1,1,0,0,0,0,0,0,0,0,0,0
2005,62647,2,1,0,11,0,0,0,0,0,12,0,17
2005,62647,3,1,0,0,0,0,0,0,0,0,0,0
2005,62648,0,1,0,0,0,0,0,0,0,0,0,0
2005,62648,1,1,0,0,0,0,0,0,0,0,0,0
2005,62649,1,1,0,0,0,0,0,0,0,0,0,0
2005,62650,1,1,0,0,0,0,0,0,0,0,0,0
2005,62651,1,1,0,0,0,0,0,0,0,0,0,0
2005,62652,1,1,0,0,0,0,0,0,0,0,0,0
2005,62652,2,1,0,0,0,3,0,0,0,0,0,0
2005,62653,1,1,0,0,0,0,0,0,0,0,0,0
2005,62653,2,1,0,0,0,0,0,0,0,0,0,0
2005,62654,1,1,6,6,6,6,6,6,6,6,6,6
2005,62655,1,1,0,0,0,0,0,0,0,0,0,0
2005,62656,1,1,0,0,0,0,0,0,0,0,0,0
2005,62657,1,1,0,4,0,0,0,0,17,0,0,0
2005,62658,1,1,0,0,0,0,0,0,0,0,0,0
2005,62658,2,1,0,0,0,0,0,0,0,0,0,0
2005,62659,1,1,0,0,0,0,0,0,0,0,0,0
2005,62660,0,1,0,0,0,0,0,0,0,0,0,0
2005,62660,1,1,10,10,10,10,10,10,10,10,10,10
2005,62661,0,1,0,22,15,42,18,35,29,26,0,0
2005,62661,1,1,0,0,0,0,0,0,0,0,18,0
2005,62662,0,1,21,21,21,21,21,21,21,21,21,21
2005,62662,1,1,0,0,0,0,0,0,0,0,0,0
2005,62663,1,1,27,27,27,27,27,27,27,27,27,27
2005,62664,1,1,0,0,0,0,0,0,0,0,0,0
2005,62665,1,1,14,0,18,0,0,0,0,0,0,0
2005,62665,2,1,0,0,0,0,0,0,0,0,0,0
2005,62666,1,1,22,22,22,22,22,22,22,22,22,22
2005,62666,2,1,0,0,0,0,0,0,0,0,0,0
2005,62667,1,1,0,0,0,0,0,0,0,0,0,0
2005,62667,2,1,0,0,0,0,0,0,0,0,0,0
2005,62668,1,1,5,7,27,20,8,7,9,14,20,8
2005,62668,2,1,0,0,8,0,0,0,0,0,0,0
2005,62669,1,1,0,0,0,0,0,0,0,0,0,0
2005,62669,2,1,0,0,0,0,0,0,0,0,0,0
2005,62669,3,1,0,0,0,0,0,0,0,0,0,0
2005,62670,1,1,14,14,14,14,14,14,14,14,14,14
2005,62671,1,1,0,0,0,0,0,0,0,0,0,0
2005,62671,2,1,0,0,0,0,0,0,0,0,0,0
2005,62672,1,1,0,0,0,0,0,0,0,0,0,0
2005,62673,1,1,33,33,33,33,33,33,33,33,33,33
2005,62674,1,1,0,0,0,0,0,0,6,0,0,0
2005,62674,2,1,0,0,0,0,0,0,0,0,0,0
2005,62675,1,1,6,6,6,6,6,6,6,6,6,6
2005,62676,1,1,18,18,18,18,18,18,18,18,18,18
2005,62676,2,1,0,0,0,0,0,0,0,0,0,0
2005,62677,1,1,0,0,0,0,0,0,0,0,0,0
2005,62677,2,1,0,0,0,0,0,0,0,0,0,0
2005,62678,1,1,0,0,0,0,0,0,0,0,0,0
2005,62679,0,1,0,0,0,0,0,0,0,0,0,0
2005,62679,1,1,9,9,9,9,9,9,9,9,9,9
2005,62680,0,1,42,42,42,42,42,42,42,42,42,42
2005,62680,1,1,7,7,7,7,7,7,7,7,7,7
2005,62681,1,1,0,0,0,0,0,0,0,0,0,0
2005,62681,2,1,0,0,0,0,0,0,0,0,0,0
2005,62681,3,1,0,0,0,0,0,0,0,0,0,0
2005,62682,1,1,0,0,0,0,0,0,0,0,0,0
2005,62682,2,1,0,0,0,0,0,0,0,0,0,0
2005,62683,1,1,0,0,0,0,0,0,0,0,0,0
2005,62683,2,1,0,0,0,0,0,0,0,0,0,0
2005,62683,3,1,0,0,0,0,0,0,0,0,0,0
2005,62683,4,1,0,0,0,0,0,0,0,0,0,0
2005,62683,5,1,0,0,0,0,0,0,0,0,0,0
2005,62684,1,1,0,0,0,0,0,0,0,0,0,0
2005,62684,2,1,0,0,0,0,0,0,0,0,0,0
2005,62684,3,1,0,0,13,0,0,0,0,0,0,0
2005,62685,1,1,0,0,0,0,0,0,0,0,0,0
2005,62685,2,1,0,0,0,7,0,0,0,0,0,0
2005,62685,3,1,0,0,0,0,0,0,0,0,0,0
2005,62686,1,1,23,23,23,23,23,23,23,23,23,23
2005,62686,2,1,0,0,0,0,0,0,0,0,0,0
2005,62687,1,1,0,0,0,0,0,0,0,0,0,0
2005,62688,0,1,0,0,0,0,0,0,0,0,0,0
2005,62688,1,1,0,0,0,0,0,0,0,0,0,0
2005,62689,1,1,23,23,23,23,23,23,23,23,23,23
2005,62689,2,1,0,0,0,0,0,0,0,0,0,0
2005,62690,1,1,0,0,0,0,0,0,0,0,0,0
2005,62691,0,1,72,72,72,72,72,72,72,72,72,72
2005,62691,1,1,24,0,23,11,0,0,0,0,0,0
2005,62692,1,1,28,28,28,28,28,28,28,28,28,28
2005,62693,1,1,30,30,30,30,30,30,30,30,30,30
2005,62694,1,1,11,11,11,11,11,11,11,11,11,11
2005,62695,0,1,19,19,19,19,19,19,19,19,19,19
2005,62695,1,1,15,0,0,0,0,11,27,20,18,16
2005,62696,1,1,0,0,0,0,0,0,0,0,0,0
2005,62696,2,1,0,0,0,0,0,0,0,0,0,0
2005,62697,1,1,18,7,2,13,9,15,3,13,2,9
2005,62698,1,1,0,0,0,0,0,0,0,0,0,0
2005,62699,1,1,0,0,0,0,0,0,0,0,0,0
2005,62700,1,1,0,0,0,0,0,0,0,0,0,0
2005,62701,1,1,17,17,17,17,17,17,17,17,17,17
2005,62702,0,1,0,0,0,0,0,0,0,0,0,0
2005,62702,1,1,0,0,38,0,0,0,28,0,0,0
2005,62703,1,1,19,19,19,19,19,19,19,19,19,19
2005,62704,0,1,18,18,18,18,18,18,18,18,18,18
2005,62704,1,1,14,14,14,14,14,14,14,14,14,14
2005,62705,1,1,17,0,0,0,0,0,0,3,0,0
2005,62705,2,1,0,0,0,0,0,0,0,0,0,0
2005,62706,1,1,0,0,0,0,0,0,0,0,0,0
2005,62706,2,1,0,0,0,0,0,0,0,0,0,0
2005,62706,3,1,0,0,0,0,0,0,0,0,0,0
2005,62707,1,1,0,0,0,0,0,0,0,0,0,0
2005,62708,1,1,0,0,0,0,0,0,0,0,0,0
2005,62708,2,1,0,0,0,0,0,0,0,0,0,0
2005,62709,0,1,28,28,28,28,28,28,28,28,28,28
2005,62709,1,1,0,0,0,0,0,0,0,0,0,0
2005,62710,0,1,23,23,23,23,23,23,23,23,23,23
2005,62710,1,1,23,6,8,16,0,11,28,14,18,3
2005,62711,1,1,21,21,21,21,21,21,21,21,21,21
2005,62712,1,1,0,0,0,0,0,0,0,0,0,0
2005,62712,2,1,2,0,0,0,0,0,0,0,0,0
2005,62713,1,1,14,14,14,14,14,14,14,14,14,14
2005,62713,2,1,0,0,0,0,0,0,0,0,0,0
2005,62714,1,1,7,7,7,7,7,7,7,7,7,7
2005,62714,2,1,0,0,0,0,0,0,0,0,0,0
2005,62715,1,1,1,1,1,1,1,1,1,1,1,1
2005,62715,2,1,0,0,0,0,0,0,0,0,0,0
2005,62716,1,1,2,2,2,2,2,2,2,2,2,2
2005,62716,2,1,22,9,0,4,0,6,14,14,2,7
2005,62717,1,1,20,20,20,20,20,20,20,20,20,20
2005,62718,1,1,3,0,0,0,0,0,0,0,0,0
2005,62718,2,1,0,0,0,0,0,0,0,0,0,0
2005,62719,1,1,0,0,0,0,0,0,0,0,0,0
2005,62720,0,1,0,0,0,0,0,0,0,0,0,0
2005,62720,1,1,0,0,0,0,0,0,0,0,0,0
2005,62721,1,1,0,0,15,19,19,29,3,17,25,33
2005,62722,1,1,0,0,0,0,0,0,0,0,0,0
2005,62723,1,1,7,0,5,0,0,0,15,0,0,0
2005,62724,1,1,0,0,0,0,0,0,0,0,0,0
2005,62724,2,1,0,0,0,0,0,0,0,0,0,0
2005,62725,1,1,0,0,0,0,0,0,0,0,0,0
2005,62726,1,1,0,0,0,0,0,0,0,0,0,0
2005,62726,2,1,0,0,0,0,0,0,0,0,0,0
2005,62727,0,1,0,0,0,0,0,0,0,27,0,14
2005,62727,1,1,0,0,0,0,0,0,0,0,0,0
2005,62728,1,1,0,0,0,0,0,0,0,0,0,0
2005,62728,2,1,0,0,0,0,0,0,0,0,0,0
2005,62729,1,1,15,19,15,16,0,8,4,21,11,11
2005,62729,2,1,0,0,0,0,0,0,0,0,0,0
2005,62730,1,1,0,0,0,5,0,20,9,0,12,0
2005,62730,2,1,0,0,0,0,0,0,0,0,0,0
2005,62731,1,1,0,0,0,0,0,0,0,0,0,0
2005,62731,2,1,0,0,0,0,0,10,0,0,0,0
2005,62732,1,1,0,0,0,0,0,0,13,0,0,9
2005,62732,2,1,0,0,0,0,0,0,0,0,0,0
2005,62733,1,1,19,19,19,19,19,19,19,19,19,19
2005,62733,2,1,0,0,0,0,0,0,0,0,0,0
2005,62734,1,1,20,20,20,20,20,20,20,20,20,20
2005,62735,1,1,20,20,20,20,20,20,20,20,20,20
2005,62735,2,1,0,0,0,0,0,0,0,0,0,0
2005,62736,0,1,3,0,0,0,0,0,0,4,0,0
2005,62736,1,1,0,0,0,0,0,0,0,0,0,0
2005,62737,1,1,0,0,0,0,0,0,0,0,0,0
2005,62738,1,1,17,21,8,14,22,18,0,0,0,0
2005,62738,2,1,0,0,0,0,0,0,0,0,0,0
2005,62739,1,1,0,0,0,0,0,0,0,0,0,0
2005,62740,1,1,0,0,0,0,0,0,0,0,0,0
2005,62741,1,1,0,0,0,0,0,0,0,0,0,0
2005,62741,2,1,0,0,0,0,0,0,0,0,0,0
2005,62742,1,1,0,0,0,0,0,0,0,0,0,0
2005,62742,2,1,0,0,0,0,0,0,0,0,0,0
2005,62743,1,1,0,0,0,0,0,0,0,0,0,0
2005,62744,1,1,0,0,0,0,0,0,0,0,0,0
2005,62744,2,1,0,0,0,0,0,0,0,0,0,0
2005,62745,1,1,11,10,17,17,8,0,21,18,13,14
2005,62746,1,1,0,0,0,0,0,0,0,0,0,0
2005,62746,2,1,0,0,0,0,0,0,0,0,0,0
2005,62746,3,1,0,0,0,0,0,0,0,0,0,0
2005,62747,0,1,26,0,0,0,0,0,0,0,0,0
2005,62747,1,1,0,0,0,0,0,0,0,0,0,0
2005,62747,2,1,0,0,0,0,0,0,0,0,0,0
2005,62748,1,1,9,9,9,9,9,9,9,9,9,9
2005,62748,2,1,0,0,0,0,0,0,0,0,0,0
2005,62749,1,1,0,0,0,0,0,0,0,0,0,0
2005,62750,1,1,0,0,0,0,0,0,0,0,0,0
2005,62750,2,1,0,0,0,0,15,0,0,0,0,0
2005,62751,1,1,0,0,0,0,0,0,0,0,0,0
2005,62751,2,1,0,0,0,0,0,0,0,0,0,0
2005,62752,1,1,0,0,0,0,0,0,0,0,0,0
2005,62752,2,1,0,0,0,0,0,0,0,0,0,0
2005,62753,1,1,24,12,0,0,0,0,0,19,14,0
2005,62753,2,1,0,0,0,0,0,0,0,0,0,0
2005,62754,1,1,0,0,0,0,0,0,0,0,0,0
2005,62755,1,1,0,0,0,0,0,0,0,0,0,0
2005,62755,2,1,0,0,0,0,0,0,0,0,0,6
2005,62756,0,1,5,5,5,5,5,5,5,5,5,5
2005,62756,1,1,0,0,0,0,0,0,0,0,0,0
2005,62757,0,1,0,0,0,0,0,0,0,0,0,0
2005,62757,1,1,4,4,4,4,4,4,4,4,4,4
2005,62758,1,1,0,0,0,0,0,0,0,0,0,0
2005,62758,2,1,5,0,0,0,2,0,5,19,0,13
2005,62759,0,1,24,24,24,24,24,24,24,24,24,24
2005,62759,1,1,0,0,0,0,0,0,0,0,0,0
2005,62760,0,1,12,12,12,12,12,12,12,12,12,12
2005,62760,1,1,0,0,0,0,0,0,0,0,0,0
2005,62761,0,1,0,0,0,0,0,0,0,0,0,0
2005,62761,1,1,0,0,15,0,0,0,0,0,0,0
2005,62762,1,1,0,0,0,0,0,0,14,0,0,0
2005,62763,1,1,0,0,0,0,0,0,0,0,0,0
2005,62764,1,1,0,0,0,0,0,0,0,0,0,0
2005,62764,2,1,0,0,0,0,8,0,0,0,0,0
2005,62765,1,1,16,16,16,16,16,16,16,16,16,16
2005,62766,1,1,0,0,0,0,0,0,0,0,0,0
2005,62767,1,1,0,0,0,0,0,0,0,0,0,0
2005,62768,1,1,0,0,0,0,0,0,0,0,0,0
2005,62769,0,1,14,14,14,14,14,14,14,14,14,14
2005,62769,1,1,7,10,12,0,0,28,0,0,16,0
2005,62770,1,1,0,0,0,0,0,0,0,0,0,0
2005,62770,2,1,0,0,0,0,7,0,0,0,3,0
2005,62771,1,1,0,0,0,0,0,0,0,0,0,0
2005,62772,1,1,17,9,21,6,13,0,10,13,24,19
2005,62773,1,1,0,0,0,0,0,0,0,0,0,0
2005,62773,2,1,0,0,0,0,0,0,0,0,12,0
2005,62774,1,1,8,0,0,12,0,0,0,0,0,0
2005,62774,2,1,0,0,15,0,0,0,0,0,0,0
2005,62775,1,1,0,0,0,0,0,0,0,0,0,0
2005,62775,2,1,0,0,0,0,0,0,0,0,0,0
2005,62775,3,1,0,0,0,0,0,0,0,0,0,0
2005,62776,1,1,0,0,0,0,0,0,0,0,0,0
2005,62776,2,1,0,0,0,0,0,0,0,0,0,0
2005,62777,0,1,0,0,0,0,0,0,0,0,0,0
2005,62777,1,1,0,0,0,0,0,0,0,6,0,0
2005,62778,1,1,10,0,0,0,0,0,0,0,0,0
2005,62778,2,1,0,0,0,0,0,0,0,0,0,0
2005,62778,3,1,0,0,0,0,0,0,0,0,0,0
2005,62779,1,1,0,0,0,0,0,0,0,0,0,0
2005,62780,1,1,43,43,43,43,43,43,43,43,43,43
2005,62780,2,1,0,0,0,0,0,0,0,0,0,0
2005,62781,1,1,8,8,8,8,8,8,8,8,8,8
2005,62782,0,1,0,0,0,0,0,0,0,0,0,0
2005,62782,1,1,0,0,0,0,0,0,0,0,0,0
2005,62783,1,1,0,0,0,0,0,0,0,0,0,0
2005,62784,1,1,0,0,0,0,0,0,0,0,0,0
2005,62785,1,1,0,0,0,0,0,0,0,0,0,0
2005,62785,2,1,0,0,0,0,0,0,0,0,0,0
2005,62786,0,1,23,23,23,23,23,23,23,23,23,23
2005,62786,1,1,0,0,0,0,0,0,0,0,0,0
2005,62787,1,1,7,7,7,7,7,7,7,7,7,7
2005,62788,1,1,22,22,22,22,22,22,22,22,22,22
2005,62788,2,1,0,0,0,0,0,0,0,0,0,0
2005,62789,1,1,21,21,21,21,21,21,21,21,21,21
2005,62789,2,1,0,0,0,0,0,0,0,0,0,0
2005,62790,1,1,34,0,0,22,19,0,40,10,15,23
2005,62791,1,1,0,0,0,0,0,0,0,0,0,0
2005,62791,2,1,0,0,0,0,0,0,0,0,0,0
2005,62791,3,1,0,0,0,0,0,0,0,0,0,0
2005,62791,4,1,0,0,0,0,0,0,0,0,0,0
2005,62791,5,1,0,0,0,0,0,0,0,0,0,0
2005,62792,1,1,24,24,24,24,24,24,24,24,24,24
2005,62793,1,1,2,2,2,2,2,2,2,2,2,2
2005,62794,1,1,0,0,0,0,0,0,0,0,0,0
2005,62794,2,1,0,0,0,0,0,0,0,0,0,0
2005,62794,3,1,0,13,0,0,0,0,0,0,0,0
2005,62795,1,1,0,12,0,0,0,0,0,0,0,0
2005,62795,2,1,0,0,0,0,0,0,0,0,0,0
2005,62796,1,1,0,11,0,0,0,0,0,0,0,0
2005,62797,1,1,0,0,10,0,21,0,6,20,0,3
2005,62797,2,1,0,0,0,0,0,0,0,0,0,0
2005,62797,3,1,0,0,0,0,6,0,0,0,13,0
2005,62798,1,1,0,0,0,0,0,0,0,0,0,0
2005,62798,2,1,0,0,0,0,0,0,0,0,0,0
2005,62799,0,1,0,0,0,0,0,0,0,0,19,0
2005,62799,1,1,11,0,0,0,0,0,0,7,0,0
2005,62800,1,1,0,0,0,0,0,0,0,0,0,0
2005,62800,2,1,0,0,0,0,0,0,0,0,0,0
2005,62801,1,1,21,21,21,21,21,21,21,21,21,21
2005,62801,2,1,0,0,0,0,0,0,0,0,0,0
2005,62802,1,1,18,18,18,18,18,18,18,18,18,18
2005,62802,2,1,0,0,0,0,0,0,0,0,0,0
2005,62803,1,1,18,18,18,18,18,18,18,18,18,18
2005,62803,2,1,12,12,12,12,12,12,12,12,12,12
2005,62804,1,1,0,0,0,0,0,0,0,0,0,0
2005,62804,2,1,0,0,0,0,0,0,0,0,0,15
2005,62805,1,1,0,0,0,4,0,0,0,0,0,0
2005,62805,2,1,0,0,0,0,0,0,0,0,0,0
2005,62806,1,1,0,0,0,0,0,0,0,0,0,0
2005,62806,2,1,0,0,0,0,0,0,0,0,0,0
2005,62807,1,1,0,0,0,0,0,0,0,0,0,0
2005,62807,2,1,0,0,0,0,0,0,0,0,0,0
2005,62808,1,1,0,0,0,0,0,0,0,0,0,0
2005,62808,2,1,0,0,0,0,0,0,0,0,0,0
2005,62809,0,1,0,0,0,0,0,0,0,0,0,0
2005,62809,1,1,21,12,0,11,0,0,0,0,0,0
2005,62810,1,1,0,0,0,0,0,0,0,0,0,0
2005,62810,2,1,16,16,16,16,16,16,16,16,16,16
2005,62811,1,1,0,0,0,0,0,0,0,0,0,0
2005,62811,2,1,0,0,0,0,0,0,0,0,0,0
2005,62812,1,1,0,0,0,0,0,0,0,0,0,0
2005,62813,1,1,0,0,0,0,0,0,0,0,0,0
2005,62814,1,1,0,0,0,0,0,0,0,0,0,0
2005,62815,0,1,12,0,27,39,0,23,0,0,9,15
2005,62815,1,1,0,0,6,43,0,0,16,19,8,13
2005,62816,0,1,11,11,11,11,11,11,11,11,11,11
2005,62816,1,1,0,12,16,17,0,0,34,42,0,0
2005,62817,0,1,0,0,0,0,0,0,0,0,22,0
2005,62817,1,1,0,0,0,0,0,0,0,0,0,0
2005,62818,0,1,0,0,0,0,0,0,0,0,0,7
2005,62818,1,1,0,0,0,0,0,0,0,0,0,0
2005,62819,1,1,9,9,9,9,9,9,9,9,9,9
2005,62820,0,1,0,0,0,0,0,0,0,0,0,0
2005,62820,1,1,0,0,14,17,17,0,0,8,0,0
2005,62821,0,1,7,7,7,7,7,7,7,7,7,7
2005,62821,1,1,0,0,0,0,0,0,0,0,0,0
2005,62822,1,1,0,0,0,0,0,0,0,0,0,0
2005,62822,2,1,0,0,0,0,0,0,0,0,0,0
2005,62823,1,1,0,0,0,0,0,0,0,0,0,0
2005,62823,2,1,0,0,0,0,0,0,0,0,0,0
2005,62824,1,1,0,0,0,0,0,0,0,0,0,0
2005,62825,1,1,0,0,0,0,0,0,0,0,0,0
2005,62825,2,1,0,0,0,0,0,0,0,0,0,0
2005,62826,1,1,0,0,0,0,0,0,0,0,0,0
2005,62826,2,1,0,0,0,0,0,0,0,0,0,0
2005,62827,1,1,3,3,3,3,3,3,3,3,3,3
2005,62827,2,1,0,0,0,0,0,0,0,21,0,0
2005,62828,1,1,0,20,10,0,0,0,0,14,18,0
2005,62829,0,1,0,0,0,0,0,0,0,0,0,0
2005,62829,1,1,0,0,0,0,0,0,8,0,0,0
2005,62830,0,1,20,20,20,20,20,20,20,20,20,20
2005,62830,1,1,0,0,0,9,30,0,0,15,0,0
2005,62831,1,1,23,23,23,23,23,23,23,23,23,23
2005,62832,1,1,0,0,0,0,0,0,0,0,0,0
2005,62833,1,1,0,0,0,0,0,0,0,0,0,0
2005,62834,1,1,0,0,0,0,0,0,0,0,0,0
2005,62834,2,1,0,0,0,0,0,0,0,0,0,0
2005,62835,1,1,0,0,0,0,0,0,0,0,0,0
2005,62836,0,1,0,0,0,0,0,0,0,0,0,0
2005,62836,1,1,0,0,0,0,0,0,0,0,0,0
2005,62837,1,1,0,7,0,0,0,0,0,0,6,20
2005,62837,2,1,0,0,0,0,0,0,0,0,0,0
2005,62838,1,1,12,12,12,12,12,12,12,12,12,12
2005,62838,2,1,0,0,0,0,0,0,0,0,0,0
2005,62839,1,1,7,10,22,19,19,9,15,24,6,10
2005,62840,1,1,12,12,12,12,12,12,12,12,12,12