YEAR,ST_CASE,veh_no,per_no,P1,P2,P3,P4,P5,P6,P7,P8,P9,P10
2005,62841,1,1,0,0,0,0,0,0,0,0,0,0
2005,62841,2,1,0,0,0,0,0,0,0,0,0,0
2005,62842,1,1,0,0,0,0,0,0,0,0,0,0
2005,62842,2,1,0,0,0,0,0,0,0,0,0,0
2005,62843,0,1,38,38,38,38,38,38,38,38,38,38
2005,62843,1,1,0,0,0,0,0,0,0,0,0,0
2005,62844,1,1,19,19,19,19,19,19,19,19,19,19
2005,62845,1,1,0,0,0,0,0,0,6,0,0,23
2005,62846,1,1,0,0,0,0,0,0,0,0,0,0
2005,62846,2,1,0,0,0,0,0,0,0,0,0,0
2005,62847,0,1,0,0,0,0,0,0,0,0,0,0
2005,62847,1,1,0,0,0,0,0,0,0,0,0,0
2005,62848,1,1,0,0,0,0,0,0,0,0,0,0
2005,62848,2,1,0,0,0,0,0,0,0,0,0,0
2005,62849,1,1,0,0,0,9,16,20,0,0,0,4
2005,62849,2,1,0,21,0,12,0,19,0,0,0,0
2005,62850,1,1,16,16,16,16,16,16,16,16,16,16
2005,62850,2,1,0,0,0,0,0,0,0,0,0,0
2005,62851,1,1,10,10,10,10,10,10,10,10,10,10
2005,62852,1,1,0,0,0,0,0,0,0,0,0,0
2005,62852,2,1,0,0,0,12,0,0,0,0,0,0
2005,62853,1,1,18,18,18,18,18,18,18,18,18,18
2005,62853,2,1,0,0,0,0,0,0,0,0,0,0
2005,62854,0,1,28,28,28,28,28,28,28,28,28,28
2005,62854,1,1,0,0,0,0,0,7,0,0,0,0
2005,62855,0,1,0,0,0,0,0,11,0,0,0,0
2005,62855,1,1,0,0,0,0,0,0,0,0,0,0
2005,62856,1,1,15,15,15,15,15,15,15,15,15,15
2005,62857,1,1,21,21,21,21,21,21,21,21,21,21
2005,62857,2,1,0,0,0,0,0,11,0,0,0,0
2005,62857,3,1,0,0,0,0,0,0,0,0,0,0
2005,62858,0,1,0,0,0,0,0,0,0,0,0,0
2005,62858,1,1,0,0,0,0,0,0,0,0,0,0
2005,62859,0,1,0,0,0,0,0,0,0,0,0,0
2005,62859,1,1,0,0,10,0,0,0,0,0,0,0
2005,62860,1,1,0,0,0,0,0,0,0,0,0,0
2005,62860,2,1,0,0,0,0,0,0,0,0,0,0
2005,62860,5,1,0,0,0,0,0,0,0,0,0,0
2005,62861,0,1,0,0,0,0,0,0,0,0,0,0
2005,62861,1,1,0,0,0,0,0,0,0,0,0,0
2005,62862,0,1,0,0,0,0,0,0,0,0,0,0
2005,62862,1,1,0,0,0,0,0,0,0,0,0,0
2005,62863,1,1,0,15,0,0,0,0,0,0,0,0
2005,62863,2,1,0,0,0,0,0,0,0,0,0,0
2005,62864,0,1,21,21,21,21,21,21,21,21,21,21
2005,62864,1,1,0,0,0,0,0,0,0,0,0,0
2005,62865,1,1,0,0,0,0,0,0,0,0,0,0
2005,62866,1,1,0,0,0,14,0,0,14,0,12,0
2005,62866,2,1,0,0,0,0,0,0,0,0,0,0
2005,62867,1,1,30,30,30,30,30,30,30,30,30,30
2005,62867,2,1,0,0,0,0,0,0,0,0,0,0
2005,62868,1,1,0,0,0,0,0,0,0,0,0,0
2005,62869,0,1,0,0,0,0,0,0,0,0,0,0
2005,62869,1,1,0,0,0,0,0,11,0,0,0,0
2005,62869,3,1,0,0,0,0,0,0,0,0,0,0
2005,62870,0,1,0,0,0,0,0,0,0,0,0,0
2005,62870,1,1,0,0,0,12,0,0,0,0,0,0
2005,62871,1,1,17,17,17,17,17,17,17,17,17,17
2005,62872,1,1,0,0,0,0,0,0,0,16,0,0
2005,62872,2,1,0,0,0,0,0,0,0,0,0,0
2005,62873,0,1,0,0,0,0,0,0,0,0,0,0
2005,62873,1,1,0,0,0,0,0,0,0,0,0,0
2005,62873,2,1,0,0,0,0,0,21,0,7,0,0
2005,62874,0,1,0,0,0,0,0,0,0,0,0,0
2005,62874,1,1,0,0,0,0,0,0,0,0,0,0
2005,62875,0,1,0,0,0,0,0,0,0,0,0,0
2005,62875,1,1,0,0,0,0,0,0,0,0,0,0
2005,62876,1,1,0,0,0,0,0,0,0,0,0,0
2005,62877,0,1,2,2,2,2,2,2,2,2,2,2
2005,62877,1,1,0,0,0,18,9,22,0,10,21,0
2005,62878,1,1,0,0,0,0,0,0,0,5,0,0
2005,62878,2,1,0,0,0,0,0,0,0,0,0,0
2005,62879,1,1,0,0,0,0,0,0,0,0,0,0
2005,62880,1,1,0,0,0,0,0,0,0,0,0,0
2005,62880,2,1,0,0,0,0,0,0,0,0,0,0
2005,62880,3,1,0,0,0,0,0,0,0,0,0,0
2005,62881,1,1,0,0,0,0,0,0,0,0,0,0
2005,62881,2,1,0,0,0,0,0,0,0,0,0,0
2005,62881,3,1,0,0,0,25,0,0,0,0,5,27
2005,62882,1,1,33,43,10,32,0,25,24,18,15,12
2005,62883,1,1,0,0,0,0,0,0,0,0,0,0
2005,62883,2,1,0,0,0,0,0,0,0,0,0,0
2005,62884,1,1,0,0,0,0,0,0,0,0,0,0
2005,62884,2,1,0,0,0,0,0,0,0,0,0,0
2005,62885,1,1,14,14,14,14,14,14,14,14,14,14
2005,62886,0,1,25,25,25,25,25,25,25,25,25,25
2005,62886,1,1,18,0,0,0,0,0,0,0,0,0
2005,62887,1,1,0,0,0,0,0,0,0,0,0,0
2005,62888,1,1,0,0,0,0,0,0,0,0,0,0
2005,62888,2,1,0,0,0,0,0,0,0,0,0,0
2005,62889,1,1,0,0,0,0,0,0,0,0,0,0
2005,62889,2,1,0,0,0,0,0,0,0,0,0,0
2005,62890,1,1,21,21,21,21,21,21,21,21,21,21
2005,62890,2,1,0,0,0,0,0,0,0,0,0,0
2005,62891,1,1,0,0,0,0,0,0,0,0,0,0
2005,62891,2,1,0,0,13,0,0,0,0,0,0,0
2005,62892,1,1,0,0,0,0,0,0,0,0,0,0
2005,62892,2,1,0,0,0,0,0,0,0,0,14,0
2005,62893,1,1,0,0,0,0,0,0,0,0,0,0
2005,62894,0,1,0,0,0,0,0,0,0,0,0,0
2005,62894,1,1,27,27,27,27,27,27,27,27,27,27
2005,62895,1,1,0,0,0,0,0,0,0,0,0,0
2005,62895,2,1,0,0,0,0,0,0,0,0,0,0
2005,62896,1,1,23,23,23,23,23,23,23,23,23,23
2005,62897,1,1,23,23,23,23,23,23,23,23,23,23
2005,62897,2,1,0,0,0,0,0,0,0,0,0,0
2005,62898,1,1,9,9,9,9,9,9,9,9,9,9
2005,62898,2,1,0,6,0,0,0,0,0,0,0,25
2005,62899,1,1,0,0,0,0,0,0,0,0,0,0
2005,62900,1,1,0,0,8,0,0,0,0,0,0,0
2005,62900,2,1,0,0,0,0,0,0,0,0,0,0
2005,62901,1,1,0,0,0,0,0,0,0,0,0,0
2005,62901,2,1,0,0,0,0,0,0,0,0,0,0
2005,62902,1,1,0,0,0,0,0,0,0,0,0,0
2005,62903,1,1,0,0,0,0,0,0,0,0,0,0
2005,62904,1,1,0,0,0,0,0,0,0,0,0,0
2005,62904,2,1,0,0,0,0,0,0,0,0,0,0
2005,62904,3,1,0,0,0,0,0,0,0,0,0,0
2005,62905,1,1,0,0,0,0,0,0,0,11,0,0
2005,62905,2,1,0,0,0,0,0,0,0,0,0,0
2005,62906,1,1,0,0,0,0,0,0,0,0,0,0
2005,62906,2,1,0,0,0,0,0,0,0,0,0,0
2005,62907,1,1,0,0,0,0,0,0,0,0,0,0
2005,62907,2,1,0,0,0,0,0,0,0,0,0,0
2005,62908,1,1,34,34,34,34,34,34,34,34,34,34
2005,62909,1,1,0,0,0,0,0,0,0,0,0,0
2005,62910,1,1,29,29,29,29,29,29,29,29,29,29
2005,62911,1,1,36,0,0,0,0,0,0,0,0,12
2005,62912,0,1,0,0,0,0,0,0,0,0,0,0
2005,62912,1,1,0,0,20,19,21,0,0,0,0,0
2005,62913,1,1,25,25,25,25,25,25,25,25,25,25
2005,62914,1,1,9,9,9,9,9,9,9,9,9,9
2005,62915,1,1,0,0,0,0,0,0,0,0,0,0
2005,62916,0,1,0,0,0,0,0,0,0,0,0,0
2005,62916,1,1,0,0,0,0,18,0,0,0,13,0
2005,62917,1,1,0,0,0,0,18,0,0,25,0,0
2005,62918,1,1,13,12,22,13,22,3,22,15,0,9
2005,62918,2,1,0,0,0,30,0,0,0,0,12,0
2005,62919,1,1,3,3,3,3,3,3,3,3,3,3
2005,62920,1,1,14,0,8,0,0,0,0,0,7,16
2005,62920,2,1,0,0,0,0,0,0,0,0,0,0
2005,62921,1,1,23,23,23,23,23,23,23,23,23,23
2005,62921,2,1,10,0,0,0,0,0,0,0,0,0
2005,62922,1,1,27,27,27,27,27,27,27,27,27,27
2005,62923,1,1,10,10,10,10,10,10,10,10,10,10
2005,62924,0,1,0,0,0,0,0,0,0,0,0,0
2005,62924,1,1,0,0,0,0,0,0,0,0,0,0
2005,62925,1,1,27,27,27,27,27,27,27,27,27,27
2005,62926,1,1,0,0,0,0,0,0,0,0,0,0
2005,62927,0,1,0,0,0,0,0,0,0,0,0,0
2005,62927,1,1,0,0,0,0,0,0,0,0,0,0
2005,62928,0,1,0,0,0,0,0,0,0,0,0,0
2005,62928,1,1,0,0,0,0,0,0,0,0,0,0
2005,62929,1,1,0,0,0,0,22,0,0,0,0,0
2005,62930,1,1,19,19,19,19,19,19,19,19,19,19
2005,62930,2,1,0,0,0,0,0,0,0,13,0,0
2005,62931,0,1,21,23,44,27,13,9,25,25,18,23
2005,62931,1,1,0,0,0,0,0,0,0,0,0,0
2005,62932,0,1,0,0,0,0,0,0,0,0,0,0
2005,62932,1,1,0,0,0,0,0,0,12,0,0,0
2005,62933,1,1,11,7,26,30,17,13,9,18,11,20
2005,62933,2,1,0,0,0,0,0,0,0,0,15,0
2005,62933,3,1,0,0,0,0,0,0,0,0,0,0
2005,62934,0,1,0,0,0,0,0,0,0,0,0,0
2005,62934,1,1,29,0,19,0,0,0,0,35,0,0
2005,62935,1,1,17,17,17,17,17,17,17,17,17,17
2005,62936,1,1,23,23,23,23,23,23,23,23,23,23
2005,62936,2,1,0,0,0,0,0,0,0,0,0,0
2005,62937,1,1,0,0,0,0,0,0,0,0,0,0
2005,62938,0,1,0,0,0,0,0,0,0,0,0,0
2005,62938,1,1,0,0,0,0,0,0,0,0,0,0
2005,62939,1,1,0,0,0,0,0,0,0,0,0,0
2005,62939,2,1,0,0,0,0,0,0,0,0,0,0
2005,62940,0,1,17,17,17,17,17,17,17,17,17,17
2005,62940,1,1,0,0,0,0,0,0,0,0,25,0
2005,62941,1,1,32,32,32,32,32,32,32,32,32,32
2005,62942,0,1,27,27,27,27,27,27,27,27,27,27
2005,62942,1,1,0,0,7,0,0,0,0,0,10,0
2005,62943,0,1,0,0,0,0,0,0,0,0,0,0
2005,62943,1,1,0,18,4,11,17,0,0,15,0,0
2005,62944,0,1,29,22,0,35,24,22,13,20,0,0
2005,62944,1,1,0,0,0,0,0,0,0,0,0,0
2005,62945,1,1,24,24,24,24,24,24,24,24,24,24
2005,62946,1,1,0,0,0,0,0,0,0,0,0,0
2005,62946,2,1,0,0,0,0,7,0,0,0,0,4
2005,62947,1,1,0,0,0,0,0,0,0,0,0,0
2005,62948,1,1,0,0,0,0,0,0,0,0,0,0
2005,62948,2,1,0,0,0,0,0,0,0,0,0,0
2005,62948,3,1,8,0,0,0,0,0,0,0,0,0
2005,62949,1,1,0,0,0,0,0,0,0,0,0,0
2005,62950,0,1,24,24,24,24,24,24,24,24,24,24
2005,62950,1,1,0,0,0,0,0,0,0,0,0,0
2005,62951,0,1,0,0,0,0,0,0,0,0,0,0
2005,62951,1,1,0,0,0,0,0,0,0,0,0,0
2005,62952,1,1,0,0,0,0,0,0,0,0,0,0
2005,62953,1,1,0,0,0,0,0,0,0,0,0,0
2005,62954,1,1,19,19,19,19,19,19,19,19,19,19
2005,62954,2,1,0,0,0,0,0,0,0,0,0,0
2005,62955,1,1,17,17,17,17,17,17,17,17,17,17
2005,62955,2,1,0,0,0,0,0,0,0,0,0,0
2005,62956,1,1,0,0,0,0,0,0,0,0,0,0
2005,62956,2,1,16,16,16,16,16,16,16,16,16,16
2005,62957,1,1,0,0,0,0,0,0,0,0,0,0
2005,62957,2,1,0,0,0,0,0,0,0,0,0,0
2005,62958,1,1,0,0,10,0,0,0,0,0,0,0
2005,62958,2,1,0,0,0,0,0,0,0,0,0,0
2005,62958,3,1,16,0,0,0,0,0,0,0,0,0
2005,62959,0,1,0,0,0,0,0,0,0,0,0,0
2005,62959,1,1,0,0,0,0,0,0,0,0,0,0
2005,62960,1,1,0,0,0,2,0,10,22,20,0,0
2005,62961,1,1,1,1,1,1,1,1,1,1,1,1
2005,62962,1,1,0,0,0,0,0,0,0,0,0,0
2005,62962,2,1,12,0,15,0,0,0,17,0,10,0
2005,62962,3,1,0,0,3,0,0,0,4,0,0,0
2005,62963,1,1,16,0,0,0,0,0,6,0,13,9
2005,62963,2,1,32,32,32,32,32,32,32,32,32,32
2005,62963,3,1,0,0,0,0,0,0,0,0,0,0
2005,62963,4,1,0,0,0,0,0,0,18,0,0,0
2005,62964,1,1,0,0,0,0,0,0,0,0,0,0
2005,62964,2,1,0,0,0,0,0,0,0,0,0,0
2005,62965,1,1,0,0,0,0,0,0,0,0,0,0
2005,62965,2,1,0,4,0,0,0,0,0,0,0,0
2005,62966,1,1,0,0,0,0,24,0,0,0,0,0
2005,62967,1,1,0,0,0,0,0,0,0,0,0,0
2005,62967,2,1,0,0,0,0,0,0,0,0,0,0
2005,62968,1,1,0,0,0,0,0,0,0,0,0,0
2005,62968,2,1,0,0,0,0,0,0,0,0,0,0
2005,62969,0,1,0,0,0,30,29,0,0,0,0,0
2005,62969,1,1,0,0,0,0,0,0,0,0,0,0
2005,62969,2,1,0,0,0,0,0,0,0,0,0,0
2005,62970,1,1,0,0,0,0,0,0,0,0,0,0
2005,62970,2,1,0,0,0,0,0,0,0,0,0,0
2005,62971,0,1,0,0,0,0,0,0,0,0,0,0
2005,62971,1,1,0,0,0,0,0,0,0,0,0,0
2005,62972,1,1,0,0,0,0,0,0,0,0,0,0
2005,62972,2,1,0,0,0,0,0,0,0,0,0,0
2005,62973,1,1,0,32,27,0,5,8,10,12,26,10
2005,62974,1,1,19,19,19,19,19,19,19,19,19,19
2005,62974,2,1,0,0,0,0,0,0,0,0,0,0
2005,62975,1,1,71,71,71,71,71,71,71,71,71,71
2005,62976,1,1,0,0,0,0,0,0,0,0,0,0
2005,62977,1,1,0,0,0,0,0,0,0,0,0,0
2005,62978,1,1,0,0,0,0,0,0,0,0,0,0
2005,62978,2,1,0,0,0,0,0,0,0,0,0,0
2005,62978,3,1,0,0,0,0,0,0,0,0,0,0
2005,62978,4,1,0,0,0,0,0,0,0,0,0,0
2005,62979,1,1,6,6,6,6,6,6,6,6,6,6
2005,62980,1,1,0,0,0,0,0,0,0,0,0,0
2005,62980,2,1,0,0,0,0,0,0,0,0,0,18
2005,62981,1,1,10,0,6,0,0,0,0,16,0,0
2005,62981,2,1,0,0,0,0,0,0,0,0,0,0
2005,62982,0,1,0,0,0,0,0,12,0,0,0,0
2005,62982,1,1,0,0,0,0,0,0,0,0,0,0
2005,62983,0,1,0,0,0,0,0,0,0,0,0,0
2005,62983,1,1,0,0,0,0,0,0,0,0,0,0
2005,62984,1,1,0,0,0,0,0,0,0,0,0,0
2005,62984,2,1,0,0,0,0,0,0,0,0,0,0
2005,62985,1,1,5,0,0,0,0,0,0,0,12,0
2005,62986,1,1,0,0,0,0,0,0,0,0,0,0
2005,62986,2,1,0,0,0,0,0,0,8,0,0,0
2005,62987,1,1,12,12,12,12,12,12,12,12,12,12
2005,62987,2,1,0,0,0,0,0,0,0,0,0,0
2005,62988,1,1,11,11,11,11,11,11,11,11,11,11
2005,62988,2,1,0,0,0,0,0,0,0,0,0,0
2005,62989,1,1,0,0,0,0,0,0,20,0,0,0
2005,62989,2,1,0,0,0,0,0,0,0,0,0,0
2005,62990,1,1,24,24,24,24,24,24,24,24,24,24
2005,62991,1,1,9,9,9,9,9,9,9,9,9,9
2005,62992,1,1,0,0,0,0,0,0,0,0,0,0
2005,62992,2,1,0,0,8,0,0,0,0,0,0,0
2005,62993,1,1,0,0,0,0,0,0,0,0,13,0
2005,62994,1,1,0,0,0,0,0,0,0,0,0,0
2005,62995,1,1,18,17,14,14,27,19,24,26,18,12
2005,62995,2,1,0,0,0,0,0,0,0,0,0,0
2005,62996,1,1,0,0,0,0,0,0,0,0,0,0
2005,62996,2,1,0,0,0,0,0,0,0,0,0,0
2005,62996,3,1,0,0,0,0,0,0,0,0,0,0
2005,62997,1,1,0,0,0,0,0,0,0,0,0,0
2005,62998,1,1,0,0,0,0,0,8,0,0,0,0
2005,62998,2,1,0,0,0,0,0,0,0,0,0,0
2005,62999,0,1,0,0,0,0,0,0,0,0,0,0
2005,62999,0,2,0,0,0,0,0,0,0,0,0,0
2005,62999,0,3,0,0,0,0,0,0,0,0,0,0
2005,62999,0,4,0,0,29,0,0,6,0,0,0,0
2005,62999,0,5,0,38,19,0,0,0,22,19,0,0
2005,62999,0,6,25,0,35,21,0,28,0,0,46,0
2005,62999,0,7,0,7,13,0,0,10,0,0,0,0
2005,62999,0,8,0,0,0,0,0,0,25,0,0,0
2005,62999,0,9,0,0,0,0,0,8,0,0,0,0
2005,62999,1,1,20,20,20,20,20,20,20,20,20,20
2005,62999,2,1,0,0,0,0,0,0,0,0,0,0
2005,63000,1,1,0,0,0,0,0,0,0,0,0,0
2005,63001,1,1,17,17,17,17,17,17,17,17,17,17
2005,63001,2,1,0,0,0,0,0,0,0,0,0,0
2005,63002,1,1,0,0,0,0,0,0,0,0,0,11
2005,63003,1,1,0,0,0,0,0,0,0,0,0,0
2005,63004,0,1,0,0,0,0,0,0,0,0,0,0
2005,63004,1,1,0,0,0,0,0,0,0,0,0,0
2005,63005,1,1,0,0,0,0,0,0,0,0,0,0
2005,63005,2,1,0,0,0,0,0,0,0,0,0,0
2005,63006,0,1,0,0,0,0,0,0,0,0,0,0
2005,63006,0,2,26,5,0,0,0,32,12,9,14,11
2005,63006,1,1,0,0,0,0,0,0,0,0,0,0
2005,63007,1,1,0,0,0,0,0,0,0,0,0,0
2005,63007,2,1,0,0,0,0,0,0,0,0,0,0
2005,63008,1,1,19,19,19,19,19,19,19,19,19,19
2005,63008,2,1,0,5,13,5,0,18,9,20,15,14
2005,63009,0,1,0,0,0,0,0,0,0,0,0,0
2005,63009,1,1,0,0,0,0,0,0,0,0,0,0
2005,63010,1,1,31,31,31,31,31,31,31,31,31,31
2005,63011,0,1,0,0,0,0,0,0,0,0,0,0
2005,63011,1,1,0,0,0,0,0,0,0,0,0,0
2005,63012,1,1,12,12,12,12,12,12,12,12,12,12
2005,63013,1,1,0,0,0,0,0,0,0,0,0,0
2005,63014,0,1,0,0,0,0,0,0,0,0,0,0
2005,63014,0,2,0,0,0,0,0,0,0,0,0,0
2005,63014,1,1,0,0,0,0,0,0,0,0,0,0
2005,63015,1,1,39,39,39,39,39,39,39,39,39,39
2005,63016,0,1,32,32,32,32,32,32,32,32,32,32
2005,63016,1,1,19,19,19,19,19,19,19,19,19,19
2005,63017,1,1,0,0,0,0,0,0,0,0,0,0
2005,63017,2,1,0,0,0,0,0,0,0,0,0,0
2005,63018,1,1,0,0,0,0,0,0,0,0,0,0
2005,63019,0,1,0,0,0,0,0,0,0,0,0,0
2005,63019,1,1,0,0,0,0,23,0,0,0,0,0
2005,63020,0,1,0,0,0,0,0,0,0,0,0,0
2005,63021,1,1,0,0,0,0,0,0,0,0,0,0
2005,63021,2,1,9,0,0,0,0,11,0,0,0,0
2005,63022,1,1,0,0,0,0,0,0,0,0,0,0
2005,63023,1,1,0,0,0,0,0,0,0,0,0,0
2005,63024,1,1,0,0,0,0,0,0,0,0,0,0
2005,63024,2,1,0,0,0,0,0,0,0,0,0,0
2005,63025,1,1,6,6,6,6,6,6,6,6,6,6
2005,63026,1,1,0,0,0,0,0,0,0,0,0,0
2005,63027,1,1,0,0,0,0,0,0,0,0,0,0
2005,63027,2,1,0,0,0,0,0,0,0,0,0,0
2005,63028,1,1,0,0,0,0,0,0,0,0,0,0
2005,63028,2,1,0,0,0,0,0,0,12,0,0,0
2005,63029,1,1,17,17,17,17,17,17,17,17,17,17
2005,63029,2,1,0,0,0,0,0,0,0,0,0,0
2005,63030,1,1,0,0,0,0,0,0,0,0,0,0
2005,63030,2,1,0,0,0,0,0,0,0,0,0,0
2005,63031,1,1,10,10,10,10,10,10,10,10,10,10
2005,63031,2,1,10,10,10,10,10,10,10,10,10,10
2005,63032,1,1,21,21,21,21,21,21,21,21,21,21
2005,63032,2,1,0,0,0,0,0,0,0,0,0,0
2005,63033,1,1,3,3,3,3,3,3,3,3,3,3
2005,63034,1,1,0,0,0,0,0,0,0,0,0,0
2005,63034,2,1,0,0,0,0,0,0,0,0,0,0
2005,63035,0,1,0,0,0,0,0,0,0,0,0,0
2005,63035,1,1,0,0,0,0,0,0,0,0,17,0
2005,63036,1,1,0,0,0,0,14,0,0,0,0,0
2005,63036,2,1,7,7,7,7,7,7,7,7,7,7
2005,63037,1,1,2,2,2,2,2,2,2,2,2,2
2005,63038,1,1,0,0,0,0,0,0,0,0,0,0
2005,63039,1,1,0,0,9,0,0,0,0,0,0,36
2005,63040,1,1,0,0,0,0,0,0,0,0,0,0
2005,63040,2,1,0,0,0,0,0,0,0,0,0,0
2005,63041,2,1,0,0,0,0,0,0,0,0,0,0
2005,63041,3,1,0,0,0,0,0,0,0,0,0,0
2005,63042,1,1,36,36,36,36,36,36,36,36,36,36
2005,63043,1,1,0,0,8,0,0,0,0,0,0,0
2005,63043,2,1,0,0,0,0,0,0,0,0,0,0
2005,63044,1,1,11,0,0,0,0,0,0,0,0,0
2005,63045,1,1,0,10,0,0,0,0,0,0,0,0
2005,63045,2,1,0,0,0,0,0,0,0,0,0,0
2005,63046,1,1,0,0,0,0,0,0,0,0,0,0
2005,63047,1,1,0,0,0,0,0,0,0,0,0,0
2005,63048,0,1,0,0,0,0,0,0,0,0,0,0
2005,63048,1,1,0,0,0,0,0,0,0,15,0,27
2005,63049,0,1,23,23,23,23,23,23,23,23,23,23
2005,63049,1,1,15,15,15,15,15,15,15,15,15,15
2005,63050,1,1,5,0,0,29,6,0,0,15,11,3
2005,63051,0,1,35,35,35,35,35,35,35,35,35,35
2005,63051,1,1,0,0,0,0,0,0,0,0,0,17
2005,63052,1,1,7,7,7,7,7,7,7,7,7,7
2005,63052,2,1,0,0,0,0,0,0,0,0,0,0
2005,63053,1,1,26,26,26,26,26,26,26,26,26,26
2005,63053,2,1,0,0,0,0,0,0,0,0,0,0
2005,63054,1,1,20,0,0,0,0,0,0,0,0,0
2005,63054,2,1,0,0,0,0,0,0,0,0,0,0
2005,63055,1,1,0,0,0,0,0,0,0,0,0,0
2005,63055,2,1,0,0,0,0,0,0,0,0,0,0
2005,63056,1,1,0,0,0,0,0,0,0,0,0,0
2005,63057,0,1,22,22,22,22,22,22,22,22,22,22
2005,63057,1,1,0,0,0,0,0,0,0,0,0,0
2005,63058,0,1,0,0,0,0,0,0,0,0,0,0
2005,63058,1,1,0,0,0,0,0,0,0,0,0,0
2005,63059,1,1,0,0,0,0,0,0,0,0,0,0
2005,63060,1,1,9,9,9,9,9,9,9,9,9,9
2005,63060,2,1,0,0,0,0,0,0,0,0,0,0
2005,63060,3,1,0,0,0,0,0,0,0,0,0,0
2005,63061,1,1,0,0,0,0,0,0,0,0,0,0
2005,63062,1,1,0,0,7,0,0,3,0,0,0,0
2005,63062,2,1,0,0,0,0,0,0,2,0,11,0
2005,63063,1,1,27,27,27,27,27,27,27,27,27,27
2005,63063,2,1,0,0,0,0,0,0,0,0,0,0
2005,63064,0,1,0,0,0,0,0,0,0,0,0,0
2005,63064,1,1,0,0,0,0,0,0,7,14,20,0
2005,63065,0,1,0,0,0,0,0,0,0,0,0,0
2005,63065,1,1,14,0,0,0,0,0,0,0,0,0
2005,63066,1,1,0,0,0,0,0,0,0,0,0,0
2005,63066,2,1,0,13,0,0,0,0,0,0,0,15
2005,63067,0,1,0,0,0,0,0,0,0,0,0,0
2005,63067,1,1,0,0,0,0,0,0,0,0,0,0
2005,63068,1,1,22,22,22,22,22,22,22,22,22,22
2005,63068,2,1,0,0,0,0,0,0,7,0,0,0
2005,63068,3,1,0,0,0,0,0,0,0,0,0,0
2005,63068,4,1,0,0,0,0,0,0,0,9,0,5
2005,63068,5,1,0,9,5,0,9,0,0,0,0,0
2005,63069,1,1,0,0,0,11,0,0,0,0,0,0
2005,63070,1,1,0,0,0,0,0,0,0,0,0,0
2005,63071,1,1,0,0,0,0,0,0,0,0,0,0
2005,63072,0,1,0,0,0,0,0,0,0,0,0,0
2005,63072,1,1,0,0,0,0,0,13,0,0,0,0
2005,63073,1,1,0,0,0,0,0,0,0,0,0,0
2005,63074,1,1,0,0,0,0,0,0,0,0,0,0
2005,63075,1,1,18,14,0,14,31,5,24,18,10,17
2005,63076,1,1,10,5,10,13,20,11,0,0,20,25
2005,63077,0,1,0,0,0,0,0,0,0,0,0,0
2005,63077,1,1,0,0,0,0,0,0,0,0,0,0
2005,63078,0,1,0,0,0,0,0,0,0,0,0,0
2005,63078,1,1,8,8,8,8,8,8,8,8,8,8
2005,63079,1,1,0,0,0,0,0,0,0,0,0,0
2005,63079,2,1,0,0,0,0,0,0,0,0,0,0
2005,63080,1,1,28,28,28,28,28,28,28,28,28,28
2005,63080,2,1,0,0,0,0,0,0,0,0,0,0
2005,63081,0,1,1,1,1,1,1,1,1,1,1,1
2005,63081,1,1,0,0,0,0,0,0,0,0,0,0
2005,63082,0,1,0,0,0,0,0,0,0,0,0,0
2005,63082,1,1,0,0,0,0,0,0,0,0,0,8
2005,63083,0,1,30,30,30,30,30,30,30,30,30,30
2005,63083,1,1,0,0,0,0,0,14,0,9,0,0
2005,63084,0,1,0,0,0,0,0,0,0,0,0,0
2005,63084,1,1,15,15,15,15,15,15,15,15,15,15
2005,63085,0,1,20,0,16,21,0,28,0,0,16,26
2005,63085,1,1,6,18,0,20,0,0,0,0,0,0
2005,63086,1,1,0,0,0,0,0,0,0,0,0,0
2005,63087,1,1,21,21,21,21,21,21,21,21,21,21
2005,63087,2,1,0,0,0,0,0,0,0,0,0,0
2005,63088,1,1,0,0,0,0,0,10,0,13,0,2
2005,63088,2,1,9,9,9,9,9,9,9,9,9,9
2005,63089,1,1,0,0,0,0,28,0,0,0,10,0
2005,63089,2,1,0,0,0,0,0,0,0,0,0,0
2005,63090,0,1,0,0,0,0,0,0,0,24,0,0
2005,63090,1,1,0,0,0,0,0,0,0,0,0,0
2005,63091,0,1,15,15,15,15,15,15,15,15,15,15
2005,63091,1,1,0,0,0,38,0,0,22,0,26,4
2005,63092,1,1,0,0,0,0,0,0,0,0,0,0