YEAR,ST_CASE,veh_no,per_no,P1,P2,P3,P4,P5,P6,P7,P8,P9,P10
2005,63093,1,1,24,24,24,24,24,24,24,24,24,24
2005,63094,1,1,7,7,7,7,7,7,7,7,7,7
2005,63095,1,1,18,18,18,18,18,18,18,18,18,18
2005,63096,1,1,20,20,20,20,20,20,20,20,20,20
2005,63097,1,1,0,0,0,0,0,0,0,0,0,0
2005,63097,2,1,0,0,13,0,0,0,12,0,0,0
2005,63098,1,1,22,12,17,10,13,28,13,13,16,12
2005,63099,1,1,15,15,15,15,15,15,15,15,15,15
2005,63100,1,1,0,0,0,0,0,0,0,0,0,0
2005,63100,2,1,0,0,0,0,0,0,0,0,0,0
2005,63101,1,1,0,0,0,0,12,0,0,0,0,0
2005,63102,1,1,0,25,0,0,0,0,0,0,0,0
2005,63102,2,1,0,0,0,0,0,0,0,0,0,0
2005,63102,3,1,0,0,0,0,0,0,0,0,0,0
2005,63102,4,1,0,0,0,0,0,0,0,0,0,0
2005,63103,1,1,0,0,0,0,0,0,0,0,0,0
2005,63104,1,1,0,0,0,0,0,0,0,0,0,0
2005,63104,2,1,0,0,0,0,0,0,0,0,0,0
2005,63105,1,1,18,18,18,18,18,18,18,18,18,18
2005,63106,1,1,0,0,0,0,0,0,0,0,0,0
2005,63107,1,1,0,0,0,0,0,0,0,0,0,0
2005,63107,2,1,0,0,0,0,0,0,0,0,0,0
2005,63108,0,1,0,0,0,0,0,0,0,0,0,0
2005,63108,0,2,0,0,0,0,0,0,0,0,0,0
2005,63108,1,1,0,0,0,0,0,0,0,0,13,15
2005,63109,0,1,0,0,0,0,0,0,0,0,0,0
2005,63109,1,1,0,0,9,0,0,18,0,0,0,0
2005,63110,0,1,15,15,15,15,15,15,15,15,15,15
2005,63110,1,1,0,0,0,0,15,0,0,0,0,0
2005,63111,1,1,0,0,0,0,0,0,0,0,0,0
2005,63112,1,1,0,0,0,0,7,0,0,0,0,0
2005,63113,0,1,0,0,0,0,0,0,0,0,0,0
2005,63113,1,1,0,0,0,0,0,0,0,0,0,0
2005,63114,1,1,0,0,0,0,0,0,0,0,0,0
2005,63115,1,1,18,18,18,18,18,18,18,18,18,18
2005,63115,2,1,0,0,0,0,0,0,0,0,0,0
2005,63116,1,1,0,0,0,0,0,0,0,0,0,0
2005,63116,2,1,0,0,0,0,0,0,0,0,0,0
2005,63117,0,1,0,0,0,0,0,0,0,0,0,0
2005,63117,1,1,14,14,14,14,14,14,14,14,14,14
2005,63118,1,1,24,24,24,24,24,24,24,24,24,24
2005,63119,1,1,22,22,22,22,22,22,22,22,22,22
2005,63120,1,1,0,0,0,0,0,0,0,0,0,0
2005,63121,0,1,18,18,18,18,18,18,18,18,18,18
2005,63121,1,1,38,19,25,25,8,0,0,6,12,21
2005,63122,1,1,0,0,0,0,0,0,0,0,0,0
2005,63122,2,1,0,0,0,0,0,0,0,0,0,0
2005,63123,1,1,0,0,0,0,0,0,0,0,0,0
2005,63123,2,1,0,0,0,0,0,0,0,0,0,0
2005,63124,1,1,0,0,0,0,0,0,0,0,0,0
2005,63125,1,1,0,0,0,0,0,0,0,0,0,0
2005,63126,0,1,5,5,5,5,5,5,5,5,5,5
2005,63126,1,1,0,0,0,0,0,0,0,0,0,0
2005,63127,1,1,30,30,30,30,30,30,30,30,30,30
2005,63128,1,1,17,0,0,0,0,0,0,0,0,0
2005,63129,1,1,0,0,0,0,0,0,0,0,0,0
2005,63130,0,1,0,0,0,0,14,0,0,0,9,0
2005,63130,1,1,0,0,0,0,0,0,0,0,0,0
2005,63131,1,1,5,5,5,5,5,5,5,5,5,5
2005,63131,2,1,0,0,0,0,0,6,0,0,0,0
2005,63132,1,1,0,0,0,0,0,0,0,0,0,0
2005,63132,2,1,0,0,0,0,0,0,0,0,0,0
2005,63133,1,1,10,25,20,9,16,5,23,25,18,7
2005,63133,2,1,0,0,0,13,24,0,0,0,0,0
2005,63133,3,1,0,0,0,0,0,0,0,0,0,0
2005,63134,1,1,0,0,0,0,4,0,0,26,0,0
2005,63135,1,1,22,18,6,12,6,23,13,15,11,9
2005,63136,1,1,0,0,0,0,0,0,0,0,0,0
2005,63137,0,1,0,0,14,0,0,0,0,0,16,21
2005,63137,1,1,0,0,0,0,0,0,0,0,0,0
2005,63138,1,1,0,0,0,0,0,0,0,0,0,0
2005,63138,2,1,0,0,0,0,0,0,0,0,0,0
2005,63138,3,1,0,0,0,0,0,0,0,9,0,0
2005,63139,0,1,35,35,35,35,35,35,35,35,35,35
2005,63139,0,2,0,0,23,21,17,0,23,6,19,0
2005,63139,1,1,0,0,0,0,0,0,0,0,0,0
2005,63140,0,1,0,0,0,0,0,0,0,0,0,0
2005,63140,1,1,0,0,0,0,0,0,0,0,0,0
2005,63141,1,1,18,18,18,18,18,18,18,18,18,18
2005,63142,1,1,23,23,23,23,23,23,23,23,23,23
2005,63143,1,1,0,0,0,0,0,0,0,0,0,0
2005,63143,2,1,0,0,0,0,0,0,0,0,0,0
2005,63143,3,1,0,0,0,0,0,0,0,0,0,0
2005,63143,4,1,0,0,0,0,0,0,0,0,0,0
2005,63143,5,1,0,0,0,0,0,0,0,0,0,0
2005,63143,6,1,0,0,0,0,0,0,0,0,0,0
2005,63144,1,1,0,0,0,0,0,0,0,0,0,0
2005,63144,2,1,0,0,0,0,0,0,0,0,0,0
2005,63145,0,1,28,28,28,28,28,28,28,28,28,28
2005,63145,1,1,0,11,18,19,0,0,0,0,0,0
2005,63145,3,1,0,0,0,0,0,0,0,0,0,0
2005,63146,1,1,0,0,0,0,0,0,0,0,0,0
2005,63146,2,1,0,0,0,19,0,0,0,0,0,0
2005,63147,1,1,0,0,0,0,0,0,0,0,0,0
2005,63148,1,1,0,0,0,0,0,0,0,0,0,0
2005,63148,2,1,0,0,0,0,0,0,0,0,0,0
2005,63149,1,1,12,12,12,12,12,12,12,12,12,12
2005,63150,0,1,20,28,17,0,18,31,34,27,28,6
2005,63150,1,1,0,0,7,0,0,13,0,0,0,0
2005,63151,1,1,6,6,6,6,6,6,6,6,6,6
2005,63151,2,1,48,6,14,8,24,18,5,12,0,19
2005,63152,1,1,0,0,0,0,0,0,0,0,0,0
2005,63152,2,1,0,0,0,0,0,0,0,0,0,0
2005,63153,0,1,39,39,39,39,39,39,39,39,39,39
2005,63153,1,1,0,0,0,0,0,0,0,0,0,0
2005,63154,1,1,0,0,0,0,0,0,0,0,0,0
2005,63155,1,1,0,0,0,0,0,0,0,0,0,0
2005,63155,2,1,0,0,0,0,0,0,0,0,0,0
2005,63156,1,1,0,0,0,0,0,0,0,0,0,0
2005,63156,2,1,0,0,0,0,0,0,0,0,0,0
2005,63157,0,1,0,0,0,0,0,0,0,0,0,0
2005,63157,1,1,2,2,2,2,2,2,2,2,2,2
2005,63158,1,1,0,0,0,0,0,0,0,0,0,0
2005,63159,1,1,0,0,0,6,0,0,0,0,0,0
2005,63159,2,1,0,0,0,0,13,0,0,0,0,0
2005,63159,3,1,0,0,0,0,0,0,0,0,0,0
2005,63159,4,1,0,0,0,0,0,0,0,0,0,0
2005,63160,1,1,0,0,0,0,0,0,0,0,0,0
2005,63161,1,1,27,27,27,27,27,27,27,27,27,27
2005,63162,0,1,0,0,0,0,0,0,0,0,0,0
2005,63162,0,2,0,0,0,0,0,0,13,4,3,17
2005,63162,1,1,0,8,0,0,31,13,0,0,0,0
2005,63163,1,1,14,14,14,14,14,14,14,14,14,14
2005,63164,1,1,26,26,26,26,26,26,26,26,26,26
2005,63165,1,1,19,19,19,19,19,19,19,19,19,19
2005,63166,1,1,20,4,12,7,8,20,11,10,8,14
2005,63167,1,1,0,0,0,0,0,0,0,0,0,0
2005,63168,1,1,0,0,0,0,0,0,0,0,0,0
2005,63168,2,1,0,0,0,0,0,0,0,0,0,0
2005,63169,1,1,25,11,0,25,21,16,0,32,19,25
2005,63170,1,1,0,0,0,0,0,0,0,0,0,0
2005,63171,1,1,0,0,0,0,0,0,0,0,0,0
2005,63171,2,1,0,0,0,0,0,0,0,0,0,0
2005,63172,1,1,23,23,23,23,23,23,23,23,23,23
2005,63173,1,1,0,0,0,0,0,0,20,23,23,0
2005,63174,1,1,23,23,23,23,23,23,23,23,23,23
2005,63175,1,1,0,0,0,0,0,0,0,0,0,0
2005,63176,1,1,0,0,0,0,0,0,0,0,0,0
2005,63176,2,1,0,0,0,0,0,0,0,0,0,0
2005,63176,3,1,0,0,0,0,0,0,0,0,0,0
2005,63177,1,1,0,0,0,0,0,0,0,0,0,0
2005,63178,1,1,0,0,0,0,0,0,0,0,0,0
2005,63178,2,1,0,0,0,0,0,0,0,0,0,0
2005,63179,1,1,0,0,0,0,0,0,0,0,0,0
2005,63179,2,1,0,0,0,0,0,0,0,0,0,0
2005,63180,0,1,26,26,26,26,26,26,26,26,26,26
2005,63180,1,1,0,0,0,0,0,0,0,0,0,0
2005,63181,0,1,0,20,0,0,0,0,0,0,0,0
2005,63181,1,1,0,0,0,0,0,0,0,0,0,0
2005,63182,0,1,0,0,0,0,0,28,0,0,27,0
2005,63182,1,1,0,0,0,0,0,0,0,0,0,0
2005,63183,1,1,0,0,0,0,0,0,0,0,0,0
2005,63183,2,1,0,0,0,0,0,0,0,0,0,0
2005,63184,0,1,0,0,0,0,0,0,0,0,0,0
2005,63184,2,1,0,0,0,0,0,0,0,0,0,0
2005,63185,0,1,2,2,2,2,2,2,2,2,2,2
2005,63185,1,1,0,0,0,0,0,0,0,0,0,0
2005,63186,1,1,0,0,0,7,0,0,10,0,0,0
2005,63187,1,1,15,15,15,15,15,15,15,15,15,15
2005,63187,2,1,0,0,0,0,0,0,0,0,0,0
2005,63188,1,1,35,35,35,35,35,35,35,35,35,35
2005,63189,1,1,0,0,0,0,0,0,0,0,0,0
2005,63189,2,1,0,0,0,0,0,0,0,0,0,0
2005,63190,1,1,0,0,0,0,0,0,0,0,0,0
2005,63190,2,1,0,0,0,0,0,0,0,0,0,0
2005,63190,3,1,0,0,0,0,0,0,0,0,0,0
2005,63191,1,1,0,0,8,0,0,0,0,0,0,0
2005,63191,2,1,0,0,0,0,0,0,0,0,0,0
2005,63191,3,1,0,0,0,0,0,0,0,0,0,0
2005,63192,1,1,0,0,0,0,0,0,0,0,0,0
2005,63193,1,1,14,14,14,14,14,14,14,14,14,14
2005,63194,1,1,0,0,0,0,0,0,0,0,0,0
2005,63195,1,1,0,0,0,0,0,0,0,0,0,0
2005,63195,2,1,0,0,0,0,0,0,0,0,0,0
2005,63196,0,1,7,9,24,34,7,27,16,57,38,21
2005,63196,1,1,0,19,0,0,0,0,0,10,0,0
2005,63197,1,1,0,0,0,0,0,0,0,0,0,0
2005,63198,1,1,0,0,0,0,0,0,0,0,0,0
2005,63198,2,1,0,0,0,0,0,0,0,0,0,0
2005,63198,3,1,0,0,0,8,12,0,0,0,0,0
2005,63199,1,1,22,0,0,32,0,0,25,20,20,11
2005,63200,1,1,11,17,7,0,11,0,0,9,15,0
2005,63201,1,1,20,20,20,20,20,20,20,20,20,20
2005,63202,1,1,30,30,30,30,30,30,30,30,30,30
2005,63203,1,1,17,17,17,17,17,17,17,17,17,17
2005,63203,2,1,0,0,0,0,0,0,0,0,0,0
2005,63204,1,1,26,26,26,26,26,26,26,26,26,26
2005,63204,2,1,23,0,0,0,0,0,0,0,0,15
2005,63205,1,1,10,10,10,10,10,10,10,10,10,10
2005,63205,2,1,0,0,0,0,0,0,0,0,0,0
2005,63206,1,1,7,5,9,0,0,12,0,0,0,0
2005,63207,0,1,0,0,0,0,0,0,0,0,0,0
2005,63207,1,1,0,0,0,0,0,0,0,0,0,0
2005,63208,1,1,0,0,0,0,0,0,0,0,0,0
2005,63208,2,1,0,0,0,0,0,0,0,0,0,0
2005,63209,1,1,0,0,0,0,0,0,0,0,19,0
2005,63209,2,1,0,0,0,0,0,0,0,0,0,0
2005,63209,3,1,0,0,0,0,0,0,0,0,0,0
2005,63209,4,1,0,0,0,0,3,0,0,0,0,0
2005,63210,1,1,0,0,0,0,0,0,0,0,0,0
2005,63210,2,1,0,15,0,6,0,0,0,0,0,0
2005,63211,1,1,0,0,0,0,0,0,0,0,0,0
2005,63212,1,1,0,0,0,0,0,0,0,0,0,0
2005,63212,2,1,0,0,6,0,0,0,0,0,0,0
2005,63213,0,1,0,0,0,0,0,0,0,0,0,0
2005,63213,1,1,0,0,0,0,0,0,0,0,0,0
2005,63214,0,1,0,0,0,0,0,0,0,0,0,0
2005,63214,1,1,0,0,0,0,0,0,0,0,0,0
2005,63215,0,1,0,0,0,0,0,0,0,0,0,0
2005,63215,1,1,0,0,0,0,0,0,0,0,0,0
2005,63216,1,1,12,12,12,12,12,12,12,12,12,12
2005,63217,1,1,0,0,0,0,0,0,0,0,0,0
2005,63217,2,1,0,0,0,0,0,0,0,0,0,0
2005,63218,0,1,0,0,0,0,0,0,0,0,0,0
2005,63218,1,1,15,15,15,15,15,15,15,15,15,15
2005,63219,1,1,0,0,0,0,0,0,0,0,0,0
2005,63219,2,1,0,0,0,0,10,0,0,0,0,0
2005,63219,3,1,0,0,0,0,0,0,0,0,0,0
2005,63220,1,1,0,0,0,0,0,0,0,0,0,0
2005,63220,2,1,0,12,0,0,0,0,0,0,0,0
2005,63220,3,1,0,0,0,0,0,0,0,0,0,0
2005,63221,0,1,0,0,0,0,0,0,0,0,0,0
2005,63221,1,1,0,0,0,0,0,0,0,0,12,0
2005,63222,1,1,0,0,0,0,0,0,5,0,0,0
2005,63222,2,1,2,2,2,2,2,2,2,2,2,2
2005,63223,1,1,17,17,17,17,17,17,17,17,17,17
2005,63223,2,1,10,0,21,4,20,13,9,2,16,7
2005,63223,3,1,0,0,0,0,10,0,0,0,0,0
2005,63224,0,1,0,0,0,0,0,0,0,0,0,0
2005,63224,1,1,0,0,0,0,0,7,0,0,0,0
2005,63224,2,1,0,0,0,0,0,0,0,0,0,0
2005,63224,3,1,0,0,9,0,0,0,0,0,0,0
2005,63225,0,1,0,0,0,0,0,0,0,0,0,0
2005,63225,1,1,0,0,0,2,0,0,0,0,0,0
2005,63226,1,1,18,18,18,18,18,18,18,18,18,18
2005,63227,1,1,0,0,0,0,0,0,0,0,0,0
2005,63228,1,1,0,0,0,0,0,0,0,0,0,0
2005,63228,2,1,0,0,0,0,0,0,0,0,0,0
2005,63229,1,1,11,11,11,11,11,11,11,11,11,11
2005,63229,2,1,0,0,0,0,0,0,0,0,0,0
2005,63230,1,1,0,0,0,0,0,0,5,0,0,0
2005,63230,2,1,0,0,0,0,0,0,0,0,0,0
2005,63231,1,1,4,0,0,0,12,0,0,14,0,0
2005,63231,2,1,0,0,0,0,0,0,0,0,0,0
2005,63232,1,1,5,5,24,15,0,5,14,0,7,0
2005,63232,2,1,0,0,0,0,0,0,0,0,0,0
2005,63233,1,1,21,0,0,12,15,0,0,9,0,9
2005,63234,1,1,13,13,13,13,13,13,13,13,13,13
2005,63234,2,1,0,0,0,0,0,0,0,0,0,0
2005,63235,1,1,0,0,0,0,0,0,0,0,0,0
2005,63236,1,1,18,18,18,18,18,18,18,18,18,18
2005,63237,1,1,0,0,0,0,0,0,0,0,0,0
2005,63238,0,1,0,18,0,0,22,19,0,23,0,0
2005,63238,1,1,0,0,7,0,0,0,0,0,0,0
2005,63239,0,1,0,0,32,0,0,0,0,14,0,0
2005,63239,1,1,3,3,3,3,3,3,3,3,3,3
2005,63240,1,1,0,0,0,0,0,0,0,0,0,0
2005,63240,2,1,0,0,0,0,0,0,0,0,0,0
2005,63241,0,1,0,0,7,0,17,0,0,0,0,0
2005,63241,1,1,0,0,0,0,0,0,0,0,0,0
2005,63242,1,1,0,0,0,0,0,0,0,0,0,0
2005,63243,1,1,0,0,0,0,0,0,0,0,0,0
2005,63243,2,1,0,0,0,0,0,0,0,0,0,0
2005,63244,1,1,0,0,0,0,0,0,0,0,0,0
2005,63244,2,1,0,0,0,0,0,0,0,0,0,0
2005,63245,1,1,17,17,17,17,17,17,17,17,17,17
2005,63245,2,1,0,0,0,0,0,0,0,0,0,0
2005,63246,1,1,0,0,0,0,0,0,0,0,0,0
2005,63247,0,1,11,29,14,31,28,19,35,51,24,9
2005,63247,1,1,0,0,0,0,0,0,0,0,0,0
2005,63248,1,1,22,22,22,22,22,22,22,22,22,22
2005,63248,2,1,13,19,19,10,21,15,12,6,29,7
2005,63249,0,1,0,0,0,0,0,0,0,0,0,0
2005,63249,1,1,0,0,0,0,0,0,0,0,0,0
2005,63250,0,1,0,0,0,0,0,0,0,0,0,0
2005,63250,1,1,0,0,0,0,0,0,0,0,0,0
2005,63251,1,1,0,0,0,0,0,0,0,0,0,0
2005,63252,1,1,0,0,0,0,0,0,0,0,0,0
2005,63252,2,1,0,0,0,0,0,0,0,0,0,0
2005,63253,1,1,0,0,0,0,0,0,0,0,0,0
2005,63253,2,1,0,0,0,0,0,0,0,0,0,0
2005,63254,1,1,0,0,0,0,0,0,0,0,0,0
2005,63255,1,1,0,0,0,0,0,0,0,0,0,0
2005,63255,2,1,0,0,0,0,0,0,0,0,0,0
2005,63256,1,1,21,24,22,22,24,15,15,19,16,16
2005,63256,2,1,4,9,0,0,0,0,0,0,0,0
2005,63257,1,1,36,36,36,36,36,36,36,36,36,36
2005,63258,1,1,0,0,0,0,0,0,0,0,0,0
2005,63258,2,1,0,0,0,0,0,0,0,0,0,0
2005,63259,0,1,0,0,0,0,0,0,0,0,0,0
2005,63259,1,1,0,0,0,0,0,0,0,0,0,0
2005,63260,0,1,0,0,0,0,0,0,0,0,0,0
2005,63260,1,1,0,0,0,0,0,0,0,0,0,0
2005,63261,0,1,12,0,0,0,0,0,16,0,39,0
2005,63261,0,2,8,30,9,56,0,9,2,0,27,17
2005,63261,1,1,0,17,0,0,0,0,0,0,0,12
2005,63262,0,1,0,0,0,0,0,0,0,0,0,0
2005,63262,1,1,0,0,0,0,0,0,0,0,0,0
2005,63263,0,1,0,0,0,0,0,0,0,0,0,0
2005,63263,1,1,0,0,0,0,0,0,0,0,0,0
2005,63263,2,1,0,0,0,0,0,0,0,0,0,0
2005,63264,1,1,2,2,2,2,2,2,2,2,2,2
2005,63265,1,1,22,22,22,22,22,22,22,22,22,22
2005,63266,1,1,0,0,0,0,0,0,0,0,0,0
2005,63266,2,1,0,0,0,0,0,0,0,0,0,0
2005,63267,1,1,9,9,9,9,9,9,9,9,9,9
2005,63268,0,1,0,0,0,0,0,0,0,0,0,0
2005,63268,1,1,0,0,0,0,0,0,0,0,11,0
2005,63269,1,1,2,2,2,2,2,2,2,2,2,2
2005,63269,2,1,3,0,0,0,0,0,0,0,0,0
2005,63270,1,1,0,0,0,0,0,0,0,0,0,0
2005,63271,1,1,0,0,0,0,0,0,0,0,0,0
2005,63271,2,1,0,0,0,0,0,0,0,0,0,0
2005,63272,0,1,0,0,0,0,0,0,0,0,0,14
2005,63272,1,1,11,0,0,0,0,0,0,0,0,0
2005,63273,1,1,0,0,0,0,0,0,0,0,0,0
2005,63273,2,1,0,0,0,0,0,0,0,0,0,0
2005,63274,0,1,0,0,0,0,0,0,0,0,0,0
2005,63274,1,1,0,0,0,0,0,0,0,0,0,0
2005,63274,3,1,0,0,0,0,0,0,0,0,0,0
2005,63275,1,1,28,0,18,21,18,0,18,0,9,0
2005,63276,1,1,0,0,0,0,0,0,0,0,0,0
2005,63276,2,1,0,0,0,0,0,0,0,0,0,0
2005,63276,3,1,0,0,0,0,0,0,0,0,0,0
2005,63277,1,1,0,0,0,0,0,0,0,0,0,0
2005,63277,2,1,0,0,0,0,0,0,0,0,0,0
2005,63278,1,1,0,0,0,0,0,0,0,0,0,0
2005,63278,2,1,0,0,0,0,0,0,0,0,0,0
2005,63279,1,1,0,0,0,0,0,0,0,0,0,0
2005,63280,1,1,0,0,0,0,0,0,0,0,0,0
2005,63280,2,1,0,0,0,0,0,0,0,0,0,0
2005,63281,0,1,0,0,0,0,0,0,0,0,0,0
2005,63281,1,1,0,0,0,0,0,0,0,0,0,0
2005,63282,0,1,0,0,0,0,0,0,0,0,0,0
2005,63282,1,1,12,12,12,12,12,12,12,12,12,12
2005,63282,3,1,0,0,9,14,0,0,0,0,0,16
2005,63283,1,1,0,0,0,0,0,0,0,0,0,0
2005,63283,2,1,0,0,0,0,0,0,0,0,0,0
2005,63283,3,1,0,0,0,0,0,0,0,0,0,0
2005,63284,1,1,8,8,8,8,8,8,8,8,8,8
2005,63285,0,1,0,0,0,0,0,0,0,0,0,0
2005,63285,1,1,0,0,0,14,0,0,0,0,0,0
2005,63286,0,1,0,0,0,0,0,0,0,0,0,0
2005,63286,1,1,43,0,0,0,0,0,0,0,0,4
2005,63287,1,1,0,0,0,0,0,0,0,0,0,0
2005,63287,2,1,0,0,0,0,0,0,0,0,0,0
2005,63288,1,1,10,10,10,10,10,10,10,10,10,10
2005,63288,2,1,0,27,0,0,0,0,0,0,0,0
2005,63289,1,1,0,0,0,0,0,0,0,0,0,0
2005,63290,0,1,14,14,14,14,14,14,14,14,14,14
2005,63290,1,1,0,0,0,0,0,0,0,0,0,0
2005,63291,0,1,0,0,0,0,0,0,0,0,0,0
2005,63291,1,1,0,0,0,0,0,0,0,0,0,0
2005,63292,1,1,3,3,3,3,3,3,3,3,3,3
2005,63293,0,1,0,0,0,0,0,0,0,0,0,0
2005,63293,1,1,0,0,0,0,0,0,0,0,0,0
2005,63294,1,1,21,20,15,32,0,26,19,23,15,27
2005,63295,1,1,0,0,0,0,0,0,0,0,0,0
2005,63296,1,1,0,0,0,0,0,11,0,0,0,0
2005,63297,1,1,16,16,16,16,16,16,16,16,16,16
2005,63298,1,1,0,0,0,0,0,0,0,0,0,0
2005,63299,1,1,0,0,0,0,0,0,0,0,0,0
2005,63300,1,1,13,13,13,13,13,13,13,13,13,13
2005,63301,1,1,0,0,0,0,0,0,0,0,0,0
2005,63301,2,1,0,0,5,0,0,0,0,0,0,0
2005,63301,3,1,0,17,0,0,0,0,0,0,0,0
2005,63302,1,1,0,0,0,0,0,0,0,0,0,0
2005,63302,2,1,0,0,0,0,0,0,0,0,0,0
2005,63303,1,1,27,27,27,27,27,27,27,27,27,27
2005,63304,1,1,14,14,14,14,14,14,14,14,14,14
2005,63305,1,1,0,0,0,0,0,0,0,0,0,0
2005,63306,1,1,13,0,0,0,0,0,0,0,0,0
2005,63307,1,1,0,0,0,0,0,0,0,0,0,0
2005,63307,2,1,0,0,0,0,0,0,0,0,0,0
2005,63307,3,1,0,0,0,0,0,0,0,0,0,0
2005,63308,1,1,0,0,0,0,0,0,0,0,0,0
2005,63308,2,1,0,0,0,0,0,0,0,0,0,0
2005,63309,1,1,0,0,0,0,26,0,4,0,0,0
2005,63310,1,1,18,18,18,18,18,18,18,18,18,18
2005,63310,2,1,0,0,0,0,0,0,0,0,0,0
2005,63311,1,1,16,14,0,10,16,7,20,24,18,12
2005,63312,1,1,5,5,5,5,5,5,5,5,5,5
2005,63313,0,1,0,12,0,0,0,0,0,0,17,0
2005,63313,1,1,0,0,0,0,0,0,0,0,0,0
2005,63314,1,1,0,0,0,0,0,0,0,0,0,0
2005,63314,2,1,13,13,13,13,13,13,13,13,13,13
2005,63315,1,1,20,20,20,20,20,20,20,20,20,20
2005,63315,2,1,0,0,0,0,0,0,0,0,0,0
2005,63316,1,1,16,16,16,16,16,16,16,16,16,16
2005,63316,2,1,1,1,1,1,1,1,1,1,1,1
2005,63316,3,1,0,0,0,0,0,0,0,0,0,0
2005,63316,4,1,0,0,0,21,0,0,0,0,0,0
2005,63317,1,1,19,19,19,19,19,19,19,19,19,19
2005,63318,1,1,0,0,0,0,0,0,0,0,0,0
2005,63318,2,1,0,0,0,0,0,0,0,0,0,0
2005,63319,0,1,10,10,10,10,10,10,10,10,10,10
2005,63319,1,1,6,6,6,6,6,6,6,6,6,6
2005,63320,1,1,0,0,0,0,0,0,0,0,0,10
2005,63321,1,1,0,0,0,0,0,0,0,0,0,0
2005,63321,2,1,0,0,0,0,0,0,0,0,0,0
2005,63322,0,1,21,21,21,21,21,21,21,21,21,21
2005,63322,1,1,0,0,0,0,0,0,0,0,0,0
2005,63323,1,1,0,0,0,0,0,0,0,0,0,0
2005,63324,0,1,0,0,0,0,0,2,0,0,0,0
2005,63324,1,1,0,0,0,0,0,0,0,0,0,0
2005,63325,1,1,17,17,17,17,17,17,17,17,17,17
2005,63326,1,1,14,14,14,14,14,14,14,14,14,14
2005,63327,1,1,0,0,0,0,0,0,4,0,0,0
2005,63327,2,1,0,0,0,0,0,0,0,0,0,0
2005,63327,3,1,0,0,0,16,0,0,0,0,0,0
2005,63328,0,1,2,2,2,2,2,2,2,2,2,2
2005,63328,1,1,0,0,0,0,0,0,0,0,0,10
2005,63329,1,1,0,0,0,0,0,0,0,0,0,0
2005,63330,1,1,0,0,0,0,0,0,0,0,0,0
2005,63330,2,1,3,0,0,0,0,0,0,7,0,0
2005,63331,0,1,9,9,9,9,9,9,9,9,9,9
2005,63331,1,1,3,0,0,18,7,0,0,0,0,0
2005,63332,1,1,25,25,25,25,25,25,25,25,25,25
2005,63333,1,1,8,8,8,8,8,8,8,8,8,8
2005,63334,1,1,0,0,0,0,0,0,0,0,0,0
2005,63335,1,1,0,0,0,0,0,0,0,0,0,0
2005,63335,2,1,0,0,0,0,0,0,0,0,0,0
2005,63336,0,1,0,0,0,0,0,0,0,0,0,0
2005,63336,1,1,0,0,0,0,0,0,0,0,0,0
2005,63337,0,1,24,24,24,24,24,24,24,24,24,24
2005,63337,1,1,12,12,12,12,12,12,12,12,12,12
2005,63338,1,1,21,21,21,21,21,21,21,21,21,21
2005,63339,0,1,0,0,0,0,0,0,0,0,0,0
2005,63339,1,1,15,0,12,5,12,0,22,13,23,28
2005,63340,1,1,0,0,0,0,0,0,0,0,0,0
2005,63341,0,1,0,0,0,0,0,0,0,0,0,0
2005,63341,1,1,0,0,0,0,3,0,0,0,0,0
2005,63342,1,1,0,0,0,0,0,0,11,0,13,0
2005,63343,1,1,0,0,0,0,0,0,0,0,0,0
2005,63344,0,1,0,0,0,0,0,0,0,0,0,0
2005,63344,1,1,0,0,0,18,0,0,0,0,0,0
2005,63345,1,1,0,0,0,0,0,0,0,0,0,0
2005,63345,2,1,0,0,0,0,0,0,0,0,0,0
2005,63346,1,1,0,0,0,0,0,0,0,0,0,0
2005,63346,2,1,15,0,10,0,0,0,0,0,0,0
2005,63347,1,1,0,0,0,0,0,0,0,0,0,0
2005,63347,2,1,0,0,0,0,0,0,0,0,0,0
2005,63348,1,1,0,0,0,0,0,0,16,0,0,0
2005,63348,2,1,0,0,0,0,0,0,0,0,0,0
2005,63349,1,1,0,0,0,0,0,0,0,0,0,0
2005,63349,2,1,0,0,0,0,0,0,0,0,0,0
2005,63350,0,1,0,0,0,0,0,0,0,0,0,0
2005,63350,1,1,0,0,0,0,0,0,0,0,0,0
2005,63351,0,1,25,25,25,25,25,25,25,25,25,25