YEAR,ST_CASE,veh_no,per_no,P1,P2,P3,P4,P5,P6,P7,P8,P9,P10
2005,63351,1,1,0,0,0,0,0,0,0,0,0,0
2005,63351,2,1,0,0,0,0,0,0,0,7,0,0
2005,63351,3,1,0,0,0,14,11,0,0,0,18,0
2005,63351,4,1,0,0,0,0,0,0,0,0,0,0
2005,63352,1,1,0,0,0,0,0,0,0,0,0,0
2005,63352,2,1,0,0,0,0,0,0,0,0,0,0
2005,63353,1,1,0,0,0,0,0,0,0,0,0,0
2005,63353,2,1,0,0,0,0,14,0,0,0,0,0
2005,63354,0,1,0,0,0,0,0,0,0,0,0,0
2005,63354,1,1,0,0,0,0,0,0,0,0,0,0
2005,63355,1,1,0,0,0,0,0,0,0,0,0,0
2005,63355,2,1,0,0,0,0,0,0,0,0,0,0
2005,63356,1,1,31,31,31,31,31,31,31,31,31,31
2005,63356,2,1,10,27,12,6,12,29,11,0,10,27
2005,63357,0,1,0,0,0,0,0,0,0,0,0,0
2005,63358,1,1,0,0,0,0,0,0,0,0,0,0
2005,63358,2,1,0,0,0,0,0,0,0,0,0,0
2005,63359,1,1,0,34,0,0,0,0,0,0,0,0
2005,63359,2,1,0,0,0,0,0,0,0,0,0,0
2005,63360,0,1,0,0,0,0,0,0,0,0,0,0
2005,63360,0,2,0,10,0,0,4,0,0,25,0,18
2005,63360,1,1,0,32,26,0,0,0,0,4,19,0
2005,63361,1,1,0,0,0,0,0,0,0,0,0,0
2005,63361,2,1,0,0,0,0,0,0,0,0,0,0
2005,63362,0,1,9,0,0,0,18,0,0,0,13,4
2005,63362,1,1,2,2,2,2,2,2,2,2,2,2
2005,63363,1,1,29,29,29,29,29,29,29,29,29,29
2005,63364,1,1,0,0,0,0,0,0,0,0,0,0
2005,63365,1,1,0,0,0,0,0,0,0,0,0,0
2005,63365,2,1,0,0,0,0,0,0,0,0,0,0
2005,63366,0,1,0,0,0,0,0,0,0,0,0,0
2005,63366,1,1,0,0,0,0,29,0,0,0,0,0
2005,63367,1,1,0,0,0,0,0,0,0,0,0,0
2005,63368,1,1,0,0,0,0,0,0,0,0,0,0
2005,63369,0,1,0,0,0,0,0,0,0,0,0,0
2005,63369,1,1,0,0,0,0,0,0,0,0,0,0
2005,63370,1,1,24,24,24,24,24,24,24,24,24,24
2005,63370,2,1,0,0,0,0,12,0,0,0,7,21
2005,63371,0,1,0,0,0,0,0,0,0,0,0,0
2005,63371,1,1,0,0,0,0,0,0,0,0,0,0
2005,63372,1,1,0,0,0,0,0,0,0,0,0,0
2005,63372,2,1,0,0,0,0,0,0,0,0,0,0
2005,63372,3,1,0,0,0,0,0,0,0,0,0,0
2005,63373,1,1,0,0,0,0,0,0,0,0,0,0
2005,63374,1,1,0,0,0,0,0,0,0,0,0,0
2005,63374,2,1,18,0,0,0,0,0,0,0,0,5
2005,63375,0,1,0,0,0,0,0,0,0,0,0,0
2005,63375,1,1,0,0,0,0,0,0,0,0,0,0
2005,63376,0,1,10,5,22,0,0,8,0,0,0,26
2005,63376,0,2,0,0,0,0,0,9,0,0,13,0
2005,63376,1,1,0,0,0,0,0,0,0,0,0,0
2005,63377,1,1,0,30,27,24,22,0,12,11,0,15
2005,63377,2,1,12,12,12,12,12,12,12,12,12,12
2005,63378,1,1,0,0,0,0,0,0,0,0,0,0
2005,63379,1,1,0,0,0,0,0,0,0,0,0,0
2005,63379,2,1,0,0,0,0,0,0,0,0,0,0
2005,63380,1,1,15,15,15,15,15,15,15,15,15,15
2005,63380,2,1,0,0,0,0,0,0,0,0,0,0
2005,63381,1,1,16,16,16,16,16,16,16,16,16,16
2005,63382,1,1,23,23,23,23,23,23,23,23,23,23
2005,63383,1,1,10,10,10,10,10,10,10,10,10,10
2005,63384,1,1,0,0,0,0,0,0,0,0,0,0
2005,63385,1,1,1,1,1,1,1,1,1,1,1,1
2005,63386,1,1,0,0,0,0,0,0,0,0,0,0
2005,63386,2,1,0,0,0,0,0,0,0,0,0,0
2005,63387,0,1,0,0,0,0,0,0,0,0,0,0
2005,63387,0,2,0,27,0,0,0,0,0,11,0,0
2005,63387,2,1,0,0,0,0,0,0,0,0,0,0
2005,63388,0,1,0,0,0,0,0,0,0,0,0,0
2005,63388,1,1,0,0,0,0,15,0,0,6,0,0
2005,63389,1,1,0,0,0,0,0,0,0,0,0,0
2005,63389,2,1,0,0,0,20,0,0,0,0,0,0
2005,63390,0,1,0,0,0,0,0,0,0,0,0,0
2005,63390,1,1,0,0,0,0,0,0,0,0,0,0
2005,63391,1,1,21,21,21,21,21,21,21,21,21,21
2005,63392,1,1,9,9,9,9,9,9,9,9,9,9
2005,63393,1,1,23,23,23,23,23,23,23,23,23,23
2005,63394,1,1,0,0,0,0,0,0,0,0,0,0
2005,63394,2,1,0,0,0,0,0,0,0,0,0,0
2005,63395,0,1,0,0,0,0,0,0,0,0,0,0
2005,63395,1,1,0,0,2,0,0,0,0,0,0,0
2005,63396,1,1,31,31,31,31,31,31,31,31,31,31
2005,63396,2,1,0,0,0,0,0,0,0,0,0,0
2005,63397,0,1,30,30,30,30,30,30,30,30,30,30
2005,63397,0,2,11,0,16,0,0,24,32,0,0,14
2005,63397,1,1,16,11,0,0,0,0,0,0,0,0
2005,63398,0,1,0,0,0,0,0,0,0,0,0,0
2005,63398,1,1,11,0,0,0,0,12,0,14,17,0
2005,63399,0,1,28,28,28,28,28,28,28,28,28,28
2005,63399,1,1,0,34,0,32,0,0,11,24,15,0
2005,63400,0,1,23,0,6,0,0,0,19,0,25,0
2005,63400,1,1,0,0,10,0,0,0,0,0,0,4
2005,63400,2,1,0,0,0,0,0,0,0,0,0,0
2005,63400,3,1,37,24,19,0,0,24,0,0,6,0
2005,63400,4,1,0,0,0,0,0,0,0,0,0,0
2005,63401,0,1,27,27,27,27,27,27,27,27,27,27
2005,63401,1,1,0,0,0,0,0,0,0,0,0,0
2005,63402,1,1,0,7,0,0,0,0,0,0,0,0
2005,63402,2,1,0,0,0,0,0,0,0,0,0,0
2005,63403,0,1,20,20,20,20,20,20,20,20,20,20
2005,63403,1,1,0,20,0,7,7,0,0,0,0,0
2005,63404,0,1,0,0,0,0,0,0,0,0,0,0
2005,63404,1,1,0,0,0,0,0,0,4,0,0,0
2005,63405,0,1,0,0,0,0,0,0,0,0,0,0
2005,63405,1,1,0,0,0,0,0,0,0,0,0,5
2005,63406,1,1,19,19,19,19,19,19,19,19,19,19
2005,63406,2,1,0,0,0,0,0,0,0,0,0,0
2005,63407,1,1,0,0,0,0,0,0,0,0,0,0
2005,63407,2,1,0,0,0,0,0,0,0,0,5,0
2005,63408,1,1,37,37,37,37,37,37,37,37,37,37
2005,63409,1,1,0,0,0,0,0,0,0,0,0,0
2005,63410,0,1,0,0,0,0,0,0,0,0,0,0
2005,63410,0,2,0,0,0,0,0,0,0,0,0,0
2005,63410,1,1,0,0,0,0,0,0,0,0,0,0
2005,63411,0,1,8,13,30,33,17,37,9,21,18,33
2005,63411,1,1,12,12,12,12,12,12,12,12,12,12
2005,63411,2,1,0,0,0,0,0,0,22,0,0,2
2005,63412,1,1,13,13,13,13,13,13,13,13,13,13
2005,63413,1,1,0,0,0,0,0,0,0,0,0,0
2005,63414,0,1,0,0,0,0,0,0,0,0,0,0
2005,63414,1,1,13,3,0,20,0,0,0,0,0,0
2005,63415,1,1,0,0,0,0,0,0,0,0,0,0
2005,63416,1,1,19,19,19,19,19,19,19,19,19,19
2005,63416,2,1,0,0,0,0,0,0,0,0,0,0
2005,63417,1,1,21,21,21,21,21,21,21,21,21,21
2005,63417,2,1,0,0,0,0,0,0,0,0,0,0
2005,63417,3,1,0,0,0,0,0,0,0,0,0,0
2005,63418,1,1,0,0,0,15,0,0,0,19,0,0
2005,63419,1,1,0,0,0,0,0,0,0,0,0,0
2005,63419,2,1,0,0,0,0,0,0,0,0,0,0
2005,63420,1,1,0,0,0,0,0,0,0,0,0,0
2005,63421,1,1,12,12,12,12,12,12,12,12,12,12
2005,63422,1,1,23,23,23,23,23,23,23,23,23,23
2005,63423,1,1,11,11,11,11,11,11,11,11,11,11
2005,63424,1,1,1,1,1,1,1,1,1,1,1,1
2005,63425,0,1,0,9,19,24,0,35,0,21,6,0
2005,63425,1,1,0,31,0,24,0,0,0,8,23,0
2005,63426,1,1,0,0,0,0,0,0,0,0,0,0
2005,63427,1,1,0,0,0,0,0,0,28,0,0,0
2005,63428,1,1,0,0,0,0,0,0,0,0,0,0
2005,63429,1,1,28,28,28,28,28,28,28,28,28,28
2005,63429,2,1,0,0,0,0,0,0,0,0,0,0
2005,63430,1,1,0,0,0,0,0,0,0,0,0,0
2005,63430,2,1,0,0,0,0,0,0,0,0,0,0
2005,63431,1,1,15,15,15,15,15,15,15,15,15,15
2005,63432,0,1,0,0,0,0,0,0,0,0,0,0
2005,63432,1,1,0,0,0,0,0,0,0,0,0,0
2005,63433,0,1,0,0,0,0,0,0,0,0,0,0
2005,63433,1,1,0,0,0,0,0,0,0,0,0,0
2005,63434,1,1,0,0,0,0,0,0,0,0,0,0
2005,63434,2,1,0,0,0,0,0,0,0,0,0,0
2005,63434,3,1,0,0,0,0,0,0,0,0,0,0
2005,63435,1,1,0,0,0,0,0,0,0,0,0,0
2005,63436,1,1,18,18,18,18,18,18,18,18,18,18
2005,63437,1,1,12,12,12,12,12,12,12,12,12,12
2005,63438,1,1,0,0,0,0,0,0,0,0,0,0
2005,63438,2,1,0,0,0,0,0,0,0,0,0,0
2005,63439,1,1,19,0,0,21,11,30,0,0,13,7
2005,63439,2,1,15,0,0,0,0,0,0,0,0,0
2005,63440,1,1,0,0,0,0,0,0,0,0,0,0
2005,63440,2,1,0,0,0,0,0,0,0,0,0,0
2005,63441,0,1,0,0,0,0,0,0,0,0,0,0
2005,63441,0,2,0,0,0,0,0,0,0,0,0,0
2005,63441,1,1,11,11,11,11,11,11,11,11,11,11
2005,63442,1,1,0,0,12,0,10,0,0,0,13,0
2005,63443,1,1,0,0,0,0,0,0,0,0,0,0
2005,63444,0,1,0,0,0,0,0,0,0,0,0,0
2005,63444,1,1,0,0,0,0,0,0,0,0,0,0
2005,63445,1,1,0,0,0,0,0,0,0,0,0,0
2005,63445,2,1,0,0,0,0,0,0,0,0,0,0
2005,63445,3,1,0,0,0,0,0,0,0,0,0,0
2005,63445,4,1,0,0,0,0,0,0,0,0,0,0
2005,63446,1,1,0,0,0,0,0,0,0,0,0,0
2005,63446,2,1,0,0,0,0,0,0,0,0,0,0
2005,63446,3,1,0,0,0,0,0,0,0,0,0,0
2005,63446,4,1,0,0,0,0,0,0,0,0,0,0
2005,63447,0,1,0,0,0,0,0,0,0,0,0,0
2005,63447,1,1,0,0,0,0,0,0,0,0,0,0
2005,63448,1,1,27,27,27,27,27,27,27,27,27,27
2005,63448,2,1,0,0,0,8,0,0,0,0,0,6
2005,63449,1,1,0,0,0,0,0,0,0,0,0,0
2005,63449,2,1,0,0,0,0,0,0,0,0,0,0
2005,63450,0,1,0,0,0,0,0,0,0,0,0,0
2005,63450,0,2,0,0,0,0,0,0,0,0,0,0
2005,63450,0,3,23,29,22,0,21,48,30,12,11,24
2005,63450,0,4,14,0,14,17,11,0,2,0,0,29
2005,63450,1,1,0,0,0,0,14,0,0,0,0,0
2005,63450,2,1,0,0,0,0,0,0,0,12,6,0
2005,63451,1,1,20,0,0,34,0,0,22,0,14,21
2005,63452,1,1,9,9,9,9,9,9,9,9,9,9
2005,63453,1,1,0,0,0,0,0,0,0,0,0,0
2005,63453,2,1,0,0,0,0,0,0,0,0,0,0
2005,63454,1,1,0,0,0,0,0,0,0,0,0,0
2005,63454,2,1,0,0,0,0,0,0,0,0,0,0
2005,63455,1,1,0,0,0,0,0,0,0,0,0,0
2005,63456,1,1,0,0,0,0,0,0,0,0,0,0
2005,63456,2,1,0,0,0,0,0,0,0,24,0,0
2005,63457,1,1,0,0,0,0,0,0,0,0,0,0
2005,63457,2,1,0,0,0,0,0,0,0,0,0,0
2005,63458,1,1,29,29,29,29,29,29,29,29,29,29
2005,63458,2,1,0,0,8,0,14,0,0,0,0,5
2005,63459,1,1,15,15,15,15,15,15,15,15,15,15
2005,63460,1,1,2,2,2,2,2,2,2,2,2,2
2005,63460,2,1,0,0,0,0,0,0,0,0,0,0
2005,63460,3,1,0,0,0,0,0,0,0,0,0,0
2005,63461,1,1,22,22,22,22,22,22,22,22,22,22
2005,63462,1,1,7,7,7,7,7,7,7,7,7,7
2005,63463,0,1,16,0,0,24,0,0,0,0,0,0
2005,63463,1,1,16,28,21,18,22,0,0,19,0,0
2005,63464,1,1,0,0,0,0,0,0,0,0,0,0
2005,63465,1,1,0,0,0,0,0,0,0,0,0,0
2005,63465,2,1,0,0,0,0,0,0,0,0,0,0
2005,63466,1,1,0,0,0,0,0,0,0,0,0,0
2005,63466,2,1,0,0,0,0,0,0,0,0,0,0
2005,63467,1,1,0,0,0,0,0,0,0,0,0,0
2005,63468,1,1,0,0,0,0,0,0,0,0,0,0
2005,63469,0,1,25,25,25,25,25,25,25,25,25,25
2005,63469,1,1,0,0,0,0,0,0,0,0,0,0
2005,63470,1,1,16,16,16,16,16,16,16,16,16,16
2005,63471,0,1,0,0,0,9,0,0,0,0,0,0
2005,63471,1,1,0,0,8,31,0,8,0,0,9,0
2005,63472,1,1,21,21,21,21,21,21,21,21,21,21
2005,63473,1,1,0,0,0,0,0,0,22,0,0,0
2005,63474,1,1,0,0,0,0,0,0,0,0,0,0
2005,63475,1,1,0,0,0,0,0,0,0,0,0,0
2005,63475,2,1,0,0,0,0,0,0,0,0,0,0
2005,63476,0,1,11,0,27,33,26,0,27,0,18,18
2005,63476,1,1,15,25,0,0,7,29,0,2,0,0
2005,63477,1,1,0,0,0,0,0,0,0,0,0,0
2005,63477,2,1,0,0,0,0,0,0,0,0,0,0
2005,63477,3,1,0,0,0,0,0,0,0,0,0,0
2005,63478,1,1,0,0,0,0,0,0,0,0,0,0
2005,63478,2,1,0,0,0,0,0,0,0,0,0,0
2005,63478,3,1,0,0,0,0,18,0,0,0,0,0
2005,63479,1,1,0,0,0,0,0,0,0,0,0,0
2005,63479,2,1,0,0,0,0,0,0,0,0,0,0
2005,63480,1,1,0,0,0,0,0,0,0,0,0,0
2005,63480,2,1,0,0,0,0,0,0,0,0,0,0
2005,63481,1,1,33,33,33,33,33,33,33,33,33,33
2005,63481,2,1,0,0,0,0,0,0,0,0,0,0
2005,63482,1,1,0,0,0,0,0,0,0,0,0,0
2005,63483,1,1,12,12,12,12,12,12,12,12,12,12
2005,63484,0,1,0,0,0,0,0,0,0,0,0,0
2005,63484,1,1,6,0,0,0,0,0,0,0,0,0
2005,63485,1,1,25,25,25,25,25,25,25,25,25,25
2005,63486,1,1,22,22,22,22,22,22,22,22,22,22
2005,63487,1,1,0,13,0,0,0,0,0,0,0,0
2005,63487,2,1,0,0,0,0,0,0,0,0,0,0
2005,63488,1,1,8,8,8,8,8,8,8,8,8,8
2005,63489,1,1,0,0,0,0,0,0,0,0,0,0
2005,63490,1,1,0,0,0,0,0,0,0,0,0,0
2005,63491,0,1,0,0,0,0,0,0,0,0,0,0
2005,63491,1,1,16,0,0,0,24,0,22,0,15,22
2005,63492,1,1,26,26,26,26,26,26,26,26,26,26
2005,63493,1,1,0,0,0,0,0,0,0,0,0,0
2005,63493,2,1,0,0,0,0,0,0,0,0,0,0
2005,63494,1,1,0,0,0,0,0,0,0,0,0,0
2005,63494,2,1,0,0,0,0,0,0,0,0,0,0
2005,63494,3,1,0,0,0,0,0,0,0,0,0,0
2005,63495,1,1,27,27,27,27,27,27,27,27,27,27
2005,63495,2,1,0,0,0,0,0,0,0,0,0,0
2005,63495,3,1,0,0,0,0,0,0,0,0,0,6
2005,63496,0,1,0,0,0,0,0,0,0,0,0,0
2005,63496,1,1,0,0,0,0,0,0,0,0,0,0
2005,63497,1,1,0,0,0,0,0,0,0,0,0,0
2005,63497,2,1,0,0,0,10,0,0,18,0,0,0
2005,63498,1,1,0,0,0,0,0,0,0,0,0,0
2005,63498,2,1,0,0,0,0,0,0,0,0,0,0
2005,63498,3,1,0,0,0,0,10,15,0,0,0,0
2005,63498,4,1,0,0,0,0,0,0,0,0,0,0
2005,63499,1,1,22,22,22,22,22,22,22,22,22,22
2005,63500,1,1,0,0,0,0,0,0,0,0,0,0
2005,63500,2,1,0,0,0,0,0,0,0,0,0,0
2005,63501,1,1,14,14,14,14,14,14,14,14,14,14
2005,63502,1,1,22,22,22,22,22,22,22,22,22,22
2005,63503,0,1,0,0,0,0,0,0,0,0,0,0
2005,63503,1,1,0,0,0,0,0,0,22,0,0,0
2005,63504,1,1,0,0,0,0,0,0,0,0,0,0
2005,63504,2,1,0,0,0,0,0,0,0,0,0,0
2005,63504,3,1,0,0,0,0,0,0,0,0,0,0
2005,63504,4,1,0,0,0,0,0,0,0,0,0,0
2005,63504,5,1,0,0,0,0,0,0,0,0,0,0
2005,63504,6,1,0,7,0,0,0,0,0,0,0,7
2005,63505,0,1,0,0,0,0,0,0,0,0,0,0
2005,63505,1,1,0,0,0,0,43,0,0,0,0,0
2005,63506,1,1,0,0,0,0,0,0,0,0,0,0
2005,63506,2,1,0,0,0,0,0,0,0,0,0,0
2005,63506,3,1,0,0,0,0,0,0,18,0,0,0
2005,63507,1,1,0,0,0,0,0,0,0,0,0,0
2005,63507,2,1,0,0,6,0,0,0,0,0,0,0
2005,63507,3,1,0,5,0,0,0,0,0,0,0,0
2005,63508,1,1,0,0,0,0,0,0,0,0,0,0
2005,63508,2,1,0,0,0,0,0,0,0,0,0,0
2005,63509,1,1,0,0,0,0,0,0,0,0,0,0
2005,63510,1,1,0,20,0,0,18,0,18,0,0,0
2005,63511,1,1,0,0,0,0,0,0,0,0,0,0
2005,63511,2,1,0,0,0,0,0,0,0,0,0,0
2005,63512,1,1,9,0,0,0,0,0,0,0,0,0
2005,63512,2,1,0,0,18,0,0,0,0,0,0,0
2005,63513,1,1,19,16,11,0,18,17,11,17,23,6
2005,63513,2,1,0,0,0,10,0,0,0,0,0,0
2005,63514,0,1,0,0,0,0,0,0,0,0,0,0
2005,63514,1,1,32,32,32,32,32,32,32,32,32,32
2005,63515,1,1,0,0,0,0,18,8,19,11,0,13
2005,63515,2,1,0,0,0,0,0,0,0,0,0,0
2005,63516,1,1,0,0,0,0,0,0,0,0,0,0
2005,63517,0,1,0,0,0,0,0,0,0,0,0,0
2005,63517,1,1,0,0,0,0,0,0,0,0,0,0
2005,63518,1,1,0,0,0,0,0,0,0,0,0,0
2005,63518,2,1,0,0,0,0,0,0,0,0,0,0
2005,63518,3,1,0,0,0,0,0,0,0,0,0,0
2005,63518,4,1,0,0,0,0,0,0,0,0,0,0
2005,63519,1,1,0,0,0,0,0,0,0,0,0,0
2005,63519,2,1,0,0,0,0,0,0,0,0,0,0
2005,63520,1,1,0,0,0,0,0,0,0,0,0,0
2005,63521,0,1,0,14,0,0,0,0,0,0,0,0
2005,63521,1,1,0,25,0,29,23,0,0,0,0,0
2005,63522,1,1,30,30,30,30,30,30,30,30,30,30
2005,63522,2,1,0,0,0,0,0,0,19,0,0,0
2005,63523,1,1,0,0,0,0,0,0,0,0,0,0
2005,63523,2,1,0,0,0,0,0,0,0,0,0,0
2005,63524,1,1,12,12,12,12,12,12,12,12,12,12
2005,63525,1,1,20,20,20,20,20,20,20,20,20,20
2005,63526,1,1,0,0,0,0,0,0,0,0,0,0
2005,63527,0,1,0,0,0,0,0,0,0,0,0,0
2005,63527,1,1,0,0,0,0,0,0,0,0,0,0
2005,63527,2,1,0,0,0,0,0,0,0,0,0,0
2005,63528,1,1,20,20,20,20,20,20,20,20,20,20
2005,63528,2,1,0,0,0,0,0,0,0,0,0,0
2005,63529,1,1,14,14,14,14,14,14,14,14,14,14
2005,63530,1,1,11,43,10,22,30,7,14,25,4,18
2005,63530,2,1,0,0,0,0,0,0,0,0,0,0
2005,63531,1,1,27,27,27,27,27,27,27,27,27,27
2005,63532,1,1,0,0,0,0,0,0,0,0,0,0
2005,63533,1,1,0,0,0,0,0,0,0,0,0,0
2005,63534,1,1,0,0,0,0,0,0,0,0,0,0
2005,63534,2,1,0,0,0,0,0,0,0,0,0,0
2005,63535,1,1,9,4,0,0,0,0,0,0,0,0
2005,63536,1,1,0,0,0,0,0,0,0,0,0,0
2005,63536,2,1,0,0,0,0,0,0,0,0,0,0
2005,63537,0,1,32,32,32,32,32,32,32,32,32,32
2005,63537,1,1,0,0,0,0,0,0,0,0,0,0
2005,63538,1,1,0,0,0,0,0,0,0,0,0,0
2005,63538,2,1,0,0,0,0,0,0,0,0,0,0
2005,63539,1,1,0,0,0,0,0,0,0,0,0,0
2005,63540,1,1,0,0,0,0,0,0,0,0,0,0
2005,63541,1,1,0,0,0,0,0,0,0,0,0,0
2005,63542,1,1,0,0,0,0,0,0,0,18,32,0
2005,63542,2,1,0,0,0,0,0,0,0,0,0,0
2005,63543,1,1,0,0,9,0,0,0,0,0,0,0
2005,63544,1,1,27,27,27,27,27,27,27,27,27,27
2005,63545,1,1,0,0,0,0,0,0,0,0,0,0
2005,63546,1,1,0,0,0,0,0,0,0,0,0,0
2005,63546,2,1,0,0,0,0,0,0,0,0,0,0
2005,63547,1,1,0,0,0,0,0,0,0,0,0,0
2005,63548,1,1,0,0,0,0,0,0,0,0,0,0
2005,63549,1,1,5,5,5,5,5,5,5,5,5,5
2005,63550,0,1,0,0,0,0,0,0,0,0,0,0
2005,63550,1,1,0,0,0,0,0,0,0,0,0,0
2005,63551,1,1,15,15,15,15,15,15,15,15,15,15
2005,63552,0,1,2,2,2,2,2,2,2,2,2,2
2005,63552,1,1,16,16,16,16,16,16,16,16,16,16
2005,63553,0,1,3,3,3,3,3,3,3,3,3,3
2005,63553,1,1,0,0,0,0,0,0,0,0,0,0
2005,63554,1,1,16,16,16,16,16,16,16,16,16,16
2005,63554,2,1,0,0,0,0,0,0,0,0,16,0
2005,63555,0,1,10,10,10,10,10,10,10,10,10,10
2005,63555,1,1,0,0,0,0,0,0,0,0,0,0
2005,63556,1,1,0,0,0,28,18,0,0,0,0,0
2005,63556,2,1,0,0,14,0,0,0,0,0,0,0
2005,63556,3,1,0,0,0,0,0,0,0,0,0,0
2005,63557,1,1,0,0,0,0,0,0,0,0,0,0
2005,63557,2,1,0,0,0,0,0,0,26,0,0,0
2005,63558,1,1,0,0,0,0,0,0,0,0,0,0
2005,63559,0,1,0,0,0,0,0,0,0,0,0,0
2005,63559,1,1,0,0,0,0,0,0,0,0,0,0
2005,63560,1,1,16,30,12,7,21,17,28,12,13,2
2005,63560,2,1,17,0,24,0,0,0,15,0,0,0
2005,63561,1,1,2,2,2,2,2,2,2,2,2,2
2005,63562,1,1,0,0,0,0,0,0,0,0,0,0
2005,63563,1,1,0,0,0,0,0,0,0,0,0,0
2005,63563,2,1,0,0,0,0,0,0,0,0,0,0
2005,63563,3,1,0,0,0,0,0,0,0,0,0,0
2005,63564,1,1,0,19,0,0,0,0,0,0,0,0
2005,63565,1,1,0,0,0,0,0,0,0,0,0,0
2005,63565,2,1,0,0,0,0,0,0,0,0,0,0
2005,63566,1,1,0,0,0,0,0,0,0,0,0,0
2005,63567,1,1,5,5,5,5,5,5,5,5,5,5
2005,63568,1,1,14,14,14,14,14,14,14,14,14,14
2005,63569,1,1,0,0,0,0,0,0,0,0,0,0
2005,63570,1,1,25,25,25,25,25,25,25,25,25,25
2005,63570,2,1,0,0,0,0,10,0,0,0,0,0
2005,63570,3,1,0,0,0,0,0,12,0,0,0,0
2005,63570,4,1,0,0,7,0,0,0,7,0,0,0
2005,63570,5,1,0,0,0,0,0,0,0,0,0,0
2005,63571,0,1,0,0,0,0,0,0,0,0,0,0
2005,63571,0,2,0,0,0,0,0,0,0,10,0,0
2005,63571,1,1,0,0,0,0,0,0,0,0,0,0
2005,63571,3,1,0,0,0,0,0,0,0,0,0,0
2005,63571,5,1,0,0,0,0,0,0,12,7,0,0
2005,63572,1,1,0,0,0,0,0,0,0,0,0,0
2005,63572,2,1,0,0,0,0,0,0,0,0,0,0
2005,63572,3,1,0,0,0,0,0,0,0,0,0,0
2005,63573,1,1,0,0,0,0,0,0,0,0,0,0
2005,63573,2,1,0,0,0,0,0,0,0,0,0,0
2005,63573,3,1,0,0,0,0,0,0,0,0,0,0
2005,63574,0,1,24,24,24,24,24,24,24,24,24,24
2005,63574,0,2,0,0,0,0,0,0,0,0,0,0
2005,63574,1,1,17,18,17,17,21,13,20,12,43,22
2005,63575,1,1,21,21,21,21,21,21,21,21,21,21
2005,63576,1,1,0,0,0,0,0,0,0,0,0,0
2005,63576,2,1,0,0,0,0,0,0,0,0,0,0
2005,63577,1,1,8,0,0,0,19,0,20,0,0,0
2005,63578,1,1,0,0,0,0,0,0,0,0,0,0
2005,63578,2,1,0,0,0,0,0,0,0,0,0,0
2005,63578,3,1,0,0,0,0,0,0,0,0,0,0
2005,63578,4,1,0,0,0,0,0,0,0,0,0,0
2005,63579,1,1,27,27,27,27,27,27,27,27,27,27
2005,63579,2,1,0,0,0,0,0,0,0,0,0,0
2005,63580,0,1,0,0,0,0,0,0,0,0,0,0
2005,63580,1,1,40,0,0,0,0,0,0,0,0,22
2005,63581,1,1,0,0,0,0,0,0,0,0,0,0
2005,63581,2,1,26,26,26,26,26,26,26,26,26,26
2005,63582,0,1,0,0,0,0,0,0,0,0,0,0
2005,63582,1,1,0,0,0,0,0,0,0,0,0,0
2005,63583,1,1,0,0,0,0,0,0,0,0,0,0
2005,63583,2,1,0,0,0,0,0,0,0,0,0,0
2005,63584,0,1,0,0,0,0,0,0,0,0,0,0
2005,63584,1,1,0,0,0,0,0,14,0,0,0,0
2005,63585,1,1,0,0,0,0,0,0,0,0,0,0
2005,63586,1,1,18,18,18,18,18,18,18,18,18,18
2005,63587,0,1,0,0,0,0,0,0,0,0,0,0
2005,63587,1,1,10,17,0,11,17,0,28,0,0,0
2005,63588,1,1,0,22,6,8,0,9,0,0,0,0
2005,63589,0,1,0,0,0,0,0,0,0,0,0,0
2005,63589,1,1,0,0,0,0,0,0,0,0,0,0
2005,63590,0,1,0,0,0,0,0,0,0,0,0,0
2005,63590,1,1,0,0,0,0,0,0,0,0,0,0
2005,63591,0,1,0,0,0,0,0,0,0,0,0,0
2005,63591,1,1,0,40,0,0,12,0,0,0,0,0
2005,63592,1,1,11,11,11,11,11,11,11,11,11,11
2005,63593,1,1,25,25,25,25,25,25,25,25,25,25
2005,63594,1,1,3,3,3,3,3,3,3,3,3,3
2005,63595,1,1,0,0,0,0,0,0,0,0,0,0
2005,63596,1,1,19,14,0,28,0,24,0,0,0,23
2005,63597,1,1,0,37,0,0,0,0,0,0,0,0
2005,63598,0,1,0,0,0,0,0,0,0,0,0,0
2005,63598,1,1,0,0,0,0,0,0,0,0,0,0