YEAR,ST_CASE,veh_no,per_no,P1,P2,P3,P4,P5,P6,P7,P8,P9,P10
2005,63599,0,1,0,0,0,0,0,0,0,0,24,0
2005,63599,1,1,0,0,0,0,0,0,0,0,9,0
2005,63600,0,1,0,0,0,0,0,0,0,0,0,0
2005,63600,1,1,0,30,29,0,0,0,0,20,0,0
2005,63601,1,1,33,33,33,33,33,33,33,33,33,33
2005,63602,1,1,12,12,12,12,12,12,12,12,12,12
2005,63603,1,1,0,0,0,0,0,0,0,0,0,0
2005,63604,0,1,18,18,18,18,18,18,18,18,18,18
2005,63604,1,1,0,0,0,0,24,10,0,0,0,0
2005,63605,0,1,0,0,0,0,0,0,0,0,0,0
2005,63605,1,1,0,0,0,0,0,0,0,0,0,0
2005,63606,1,1,0,0,0,0,0,0,0,0,0,0
2005,63606,2,1,0,0,0,0,0,0,0,0,0,0
2005,63607,0,1,8,8,8,8,8,8,8,8,8,8
2005,63607,1,1,0,16,0,0,18,0,0,9,0,5
2005,63608,1,1,6,6,6,6,6,6,6,6,6,6
2005,63609,1,1,0,0,0,0,0,0,0,0,0,0
2005,63609,2,1,0,0,0,0,0,0,0,0,0,0
2005,63610,1,1,7,7,7,7,7,7,7,7,7,7
2005,63611,0,1,0,0,0,0,0,0,0,0,0,0
2005,63611,1,1,0,0,0,0,0,0,0,0,0,0
2005,63612,0,1,0,0,0,0,0,0,0,0,0,0
2005,63612,1,1,0,0,0,0,0,0,0,0,0,0
2005,63613,1,1,14,14,14,14,14,14,14,14,14,14
2005,63614,0,1,0,0,0,0,0,0,0,0,0,0
2005,63614,0,2,0,0,0,0,19,0,0,20,8,0
2005,63614,1,1,0,0,0,0,0,0,0,0,0,0
2005,63615,1,1,17,17,17,17,17,17,17,17,17,17
2005,63615,2,1,0,0,0,0,0,0,0,0,0,0
2005,63616,1,1,21,24,21,11,19,20,13,6,23,22
2005,63617,0,1,0,0,0,0,0,0,0,0,21,0
2005,63617,1,1,0,0,0,0,0,0,0,0,0,0
2005,63618,1,1,0,0,11,0,0,0,0,9,8,9
2005,63619,1,1,0,0,0,0,0,0,0,0,0,0
2005,63620,1,1,0,0,0,0,0,0,0,0,0,0
2005,63620,2,1,0,0,0,0,0,0,0,17,0,26
2005,63621,1,1,24,24,24,24,24,24,24,24,24,24
2005,63622,1,1,0,0,0,0,0,0,0,0,24,0
2005,63622,2,1,0,0,0,0,0,0,0,0,0,0
2005,63622,3,1,0,0,0,0,0,0,0,0,0,0
2005,63623,0,1,0,0,0,0,0,0,0,0,0,0
2005,63623,1,1,0,0,0,0,0,0,0,0,0,0
2005,63624,0,1,0,0,0,0,0,0,0,0,0,0
2005,63624,1,1,0,0,4,24,11,0,0,0,0,9
2005,63625,1,1,16,16,16,16,16,16,16,16,16,16
2005,63626,1,1,0,0,0,0,0,0,0,0,0,0
2005,63627,1,1,20,20,20,20,20,20,20,20,20,20
2005,63627,2,1,0,0,0,0,0,0,0,0,0,0
2005,63627,3,1,0,0,19,0,0,0,0,0,0,0
2005,63627,4,1,0,32,24,0,0,0,0,0,20,0
2005,63628,1,1,17,17,17,17,17,17,17,17,17,17
2005,63629,1,1,0,0,0,0,0,0,0,0,0,0
2005,63629,2,1,0,0,0,0,0,0,0,0,0,0
2005,63630,1,1,0,0,0,0,0,0,0,0,0,0
2005,63630,2,1,0,0,0,0,44,0,0,0,0,0
2005,63631,1,1,0,0,26,0,20,6,9,26,0,0
2005,63632,1,1,22,22,22,22,22,22,22,22,22,22
2005,63632,2,1,10,10,10,10,10,10,10,10,10,10
2005,63633,1,1,5,30,16,6,14,19,20,24,10,24
2005,63634,1,1,0,0,0,0,5,0,14,0,0,0
2005,63634,2,1,0,0,5,0,0,0,0,0,0,0
2005,63635,1,1,0,0,0,0,0,0,0,0,0,0
2005,63636,1,1,28,28,28,28,28,28,28,28,28,28
2005,63637,1,1,11,11,11,11,11,11,11,11,11,11
2005,63638,1,1,0,0,0,0,0,0,0,0,0,0
2005,63639,1,1,0,13,0,0,0,0,0,0,0,0
2005,63640,1,1,0,0,0,0,0,0,0,0,30,0
2005,63640,2,1,0,0,0,28,0,0,0,0,0,0
2005,63641,0,1,0,0,0,0,0,0,0,0,0,0
2005,63641,1,1,0,0,0,0,0,0,0,0,0,0
2005,63642,1,1,0,0,0,0,0,0,0,0,0,0
2005,63643,1,1,0,0,0,0,0,0,0,0,0,0
2005,63643,2,1,0,0,0,0,0,0,0,0,0,0
2005,63644,1,1,0,0,9,22,8,16,0,0,0,0
2005,63645,0,1,0,0,0,0,0,0,0,0,0,0
2005,63645,1,1,17,4,0,15,0,0,0,12,0,5
2005,63646,1,1,26,26,26,26,26,26,26,26,26,26
2005,63647,0,1,0,0,0,0,0,0,0,0,0,0
2005,63647,1,1,10,10,10,10,10,10,10,10,10,10
2005,63648,1,1,0,0,0,0,0,0,0,0,0,0
2005,63648,2,1,0,0,0,0,0,0,0,0,0,0
2005,63649,1,1,0,0,0,0,0,0,0,0,0,0
2005,63650,1,1,0,0,0,0,0,0,0,0,0,0
2005,63651,1,1,19,19,19,19,19,19,19,19,19,19
2005,63651,2,1,0,0,0,0,0,0,0,0,0,0
2005,63652,0,1,10,10,10,10,10,10,10,10,10,10
2005,63652,1,1,0,0,0,18,0,0,0,0,0,0
2005,63653,1,1,0,0,5,6,18,0,16,0,17,9
2005,63654,1,1,0,0,0,0,0,0,0,0,0,0
2005,63655,1,1,0,0,0,0,0,0,0,0,0,0
2005,63656,1,1,0,0,0,0,0,0,0,0,0,0
2005,63657,1,1,12,12,12,12,12,12,12,12,12,12
2005,63658,1,1,13,13,13,13,13,13,13,13,13,13
2005,63659,1,1,0,0,0,0,0,0,0,0,0,0
2005,63660,0,1,0,0,0,0,0,0,0,0,0,0
2005,63660,1,1,0,0,0,0,0,0,0,0,19,0
2005,63661,0,1,0,0,0,0,0,0,0,0,0,0
2005,63661,1,1,0,0,0,0,0,0,0,0,0,0
2005,63662,1,1,17,0,0,0,0,0,0,14,0,30
2005,63663,1,1,0,0,0,0,0,0,0,0,0,0
2005,63664,0,1,0,0,0,0,0,0,0,0,0,0
2005,63664,1,1,0,0,0,30,15,8,0,0,0,11
2005,63665,1,1,0,0,0,0,0,0,0,0,0,0
2005,63665,2,1,0,0,0,0,0,0,0,0,0,0
2005,63666,1,1,27,27,27,27,27,27,27,27,27,27
2005,63667,1,1,18,18,18,18,18,18,18,18,18,18
2005,63668,1,1,16,16,16,16,16,16,16,16,16,16
2005,63669,0,1,0,0,0,0,0,0,0,0,0,0
2005,63669,1,1,0,0,0,0,0,0,0,0,0,0
2005,63670,1,1,0,0,0,0,0,0,0,0,0,0
2005,63670,2,1,8,0,0,0,0,0,0,9,0,9
2005,63671,1,1,5,5,5,5,5,5,5,5,5,5
2005,63672,1,1,0,0,0,0,0,0,0,0,0,0
2005,63672,2,1,0,0,0,0,0,0,0,0,0,0
2005,63673,1,1,13,13,13,13,13,13,13,13,13,13
2005,63674,1,1,9,9,9,9,9,9,9,9,9,9
2005,63675,1,1,0,0,0,0,0,0,0,0,0,0
2005,63675,2,1,0,0,0,0,0,0,0,0,0,0
2005,63675,3,1,0,0,0,0,0,0,0,0,0,0
2005,63676,0,1,0,0,0,0,0,0,0,0,0,0
2005,63676,1,1,0,0,0,0,0,0,0,0,0,0
2005,63677,0,1,23,23,23,23,23,23,23,23,23,23
2005,63677,1,1,0,0,0,0,0,0,0,0,0,0
2005,63678,1,1,5,5,5,5,5,5,5,5,5,5
2005,63678,2,1,0,0,0,0,0,0,10,0,0,0
2005,63679,1,1,0,0,0,0,0,0,0,0,0,0
2005,63680,0,1,11,37,20,0,20,17,29,16,14,20
2005,63680,1,1,0,0,0,0,0,0,0,0,0,0
2005,63681,1,1,8,8,8,8,8,8,8,8,8,8
2005,63682,1,1,9,9,9,9,9,9,9,9,9,9
2005,63683,1,1,0,0,0,0,0,0,0,0,0,0
2005,63683,2,1,0,19,0,0,0,0,0,20,0,0
2005,63683,3,1,0,0,0,0,0,0,0,0,0,0
2005,63684,1,1,0,0,0,0,0,0,0,0,0,0
2005,63685,1,1,0,0,0,0,0,0,0,0,0,0
2005,63686,1,1,0,0,0,0,0,0,0,0,0,0
2005,63687,1,1,0,0,0,0,0,0,0,0,0,0
2005,63688,1,1,0,0,0,0,0,0,0,0,0,0
2005,63689,0,1,21,21,21,21,21,21,21,21,21,21
2005,63689,1,1,0,0,0,0,0,0,0,0,0,0
2005,63690,1,1,0,0,0,0,0,8,0,0,0,0
2005,63690,2,1,0,0,0,0,0,0,0,0,0,0
2005,63691,0,1,0,0,0,0,0,0,0,0,0,0
2005,63691,1,1,0,0,0,0,0,0,0,0,0,0
2005,63692,1,1,0,0,0,0,0,0,0,0,0,0
2005,63692,2,1,0,0,0,0,0,0,0,0,0,0
2005,63693,1,1,0,0,18,24,14,0,0,0,0,0
2005,63694,1,1,0,13,0,17,0,0,0,0,0,0
2005,63695,1,1,0,0,0,0,0,0,0,0,0,0
2005,63696,1,1,0,0,0,0,0,0,0,0,0,0
2005,63697,1,1,0,0,0,0,0,0,0,0,0,0
2005,63698,1,1,0,0,0,0,0,0,0,0,0,0
2005,63699,1,1,0,0,0,0,0,0,0,0,0,0
2005,63700,1,1,0,0,0,0,0,0,0,0,0,0
2005,63700,2,1,0,0,0,0,0,6,0,0,0,0
2005,63701,1,1,10,10,10,10,10,10,10,10,10,10
2005,63702,1,1,0,0,0,19,0,0,0,0,34,0
2005,63702,2,1,0,27,0,0,0,11,0,0,0,0
2005,63703,1,1,0,0,0,0,0,0,0,0,0,0
2005,63704,1,1,0,0,0,0,0,0,0,0,0,0
2005,63705,1,1,0,0,0,0,0,0,0,0,0,0
2005,63705,2,1,0,0,0,0,0,0,0,0,0,0
2005,63705,3,1,0,0,0,0,0,0,0,0,0,0
2005,63706,0,1,0,0,0,0,0,0,0,0,0,0
2005,63706,1,1,0,0,0,0,0,0,0,0,0,0
2005,63707,0,1,0,0,0,0,0,0,0,0,0,0
2005,63707,1,1,0,0,0,0,0,0,0,0,0,0
2005,63708,1,1,21,21,21,21,21,21,21,21,21,21
2005,63709,0,1,0,0,0,0,0,0,0,0,0,0
2005,63709,1,1,0,0,0,0,0,0,0,0,0,0
2005,63710,1,1,15,15,15,15,15,15,15,15,15,15
2005,63710,2,1,6,0,0,0,0,0,0,0,0,0
2005,63711,0,1,9,9,9,9,9,9,9,9,9,9
2005,63711,1,1,0,0,22,21,0,0,0,0,6,0
2005,63712,1,1,13,13,13,13,13,13,13,13,13,13
2005,63712,2,1,0,0,8,0,0,0,0,0,0,0
2005,63713,0,1,19,19,19,19,19,19,19,19,19,19
2005,63713,1,1,0,0,0,0,0,0,0,26,15,0
2005,63714,1,1,0,0,0,0,0,0,0,0,0,0
2005,63715,1,1,9,20,13,8,4,27,6,8,12,3
2005,63715,2,1,4,4,4,4,4,4,4,4,4,4
2005,63716,1,1,0,0,0,0,0,0,0,0,0,0
2005,63716,2,1,0,0,0,0,0,0,0,0,0,0
2005,63716,3,1,0,0,0,0,0,0,0,0,0,0
2005,63717,1,1,0,0,0,0,0,0,0,0,0,0
2005,63718,0,1,19,19,19,19,19,19,19,19,19,19
2005,63718,1,1,0,0,0,0,0,0,0,0,0,0
2005,63719,1,1,0,0,0,0,0,0,0,0,0,0
2005,63720,1,1,0,0,0,0,0,0,0,0,0,0
2005,63720,2,1,0,0,0,0,0,0,0,0,0,0
2005,63721,0,1,0,19,0,0,0,0,0,0,25,19
2005,63721,1,1,20,0,15,0,0,0,25,0,12,0
2005,63722,1,1,0,0,0,0,0,0,0,0,0,0
2005,63723,1,1,23,23,23,23,23,23,23,23,23,23
2005,63724,0,1,0,0,0,0,0,0,0,0,0,0
2005,63724,0,2,0,0,0,0,0,0,0,0,0,0
2005,63724,1,1,0,0,0,0,0,0,0,0,0,0
2005,63725,1,1,0,0,0,0,0,0,0,0,0,0
2005,63725,2,1,0,0,0,0,0,0,0,0,0,0
2005,63726,1,1,0,0,0,0,0,0,0,0,0,0
2005,63727,0,1,0,0,0,0,0,0,0,0,0,0
2005,63727,1,1,0,0,0,0,0,0,0,0,0,0
2005,63728,1,1,0,0,0,0,0,0,0,0,0,0
2005,63729,0,1,7,19,36,24,5,32,28,5,19,21
2005,63729,1,1,0,0,0,0,0,0,0,0,0,0
2005,63730,0,1,0,0,0,0,0,0,0,0,0,0
2005,63730,1,1,28,28,28,28,28,28,28,28,28,28
2005,63731,1,1,0,28,0,13,0,0,17,0,7,11
2005,63732,1,1,0,0,0,0,0,0,0,0,0,0
2005,63733,1,1,0,0,0,0,0,0,0,0,0,0
2005,63733,2,1,14,0,0,0,0,0,0,0,0,0
2005,63734,1,1,0,0,0,0,0,0,0,0,0,0
2005,63734,2,1,0,0,0,0,0,0,0,0,0,0
2005,63734,3,1,0,0,0,0,0,0,0,0,0,0
2005,63735,1,1,0,0,0,0,0,0,0,0,0,0
2005,63735,2,1,0,0,0,0,0,0,0,0,0,0
2005,63736,1,1,30,30,30,30,30,30,30,30,30,30
2005,63737,1,1,12,12,12,12,12,12,12,12,12,12
2005,63737,2,1,0,4,11,0,0,0,0,0,0,0
2005,63738,1,1,0,0,0,0,0,0,0,0,0,0
2005,63738,2,1,0,0,0,0,0,0,0,0,0,0
2005,63739,1,1,0,0,0,0,0,0,0,0,0,0
2005,63739,2,1,0,0,17,30,0,0,0,0,0,0
2005,63740,1,1,22,22,22,22,22,22,22,22,22,22
2005,63740,2,1,0,0,0,0,0,0,0,0,3,12
2005,63741,1,1,17,17,17,17,17,17,17,17,17,17
2005,63741,2,1,0,0,0,0,0,0,0,0,0,0
2005,63741,3,1,0,0,0,0,0,0,0,7,0,0
2005,63742,1,1,31,31,31,31,31,31,31,31,31,31
2005,63742,2,1,0,0,0,0,0,4,0,0,0,0
2005,63743,0,1,0,0,0,0,0,0,0,0,0,0
2005,63743,0,2,0,0,0,0,0,0,0,0,0,0
2005,63743,0,3,0,0,0,0,0,0,0,0,0,0
2005,63743,0,4,0,0,0,0,0,0,0,0,0,0
2005,63743,0,5,0,0,0,0,0,0,0,10,0,13
2005,63743,0,6,0,0,0,0,0,0,0,0,0,0
2005,63743,0,7,0,0,0,0,0,0,0,0,0,0
2005,63743,0,8,0,0,0,0,0,0,0,0,0,0
2005,63743,0,9,0,0,0,0,0,0,0,0,0,0
2005,63743,0,10,0,0,0,0,0,0,0,0,0,0
2005,63743,0,11,0,18,0,0,0,0,0,0,0,9
2005,63743,0,12,0,0,0,0,0,0,0,0,0,0
2005,63743,1,1,0,0,0,0,0,0,14,0,0,0
2005,63743,3,1,0,0,0,0,0,0,0,0,0,0
2005,63744,1,1,0,0,38,0,0,0,0,0,0,0
2005,63744,2,1,0,12,12,13,0,0,12,13,0,0
2005,63745,1,1,15,15,15,15,15,15,15,15,15,15
2005,63745,2,1,0,0,0,0,9,0,0,0,0,0
2005,63746,1,1,21,21,21,21,21,21,21,21,21,21
2005,63747,1,1,23,23,0,21,8,18,26,15,14,5
2005,63748,1,1,0,0,0,0,0,0,0,0,0,0
2005,63748,2,1,0,0,0,0,0,0,0,0,0,0
2005,63749,1,1,0,0,0,0,0,0,0,0,0,0
2005,63750,1,1,0,0,0,0,0,0,0,0,0,0
2005,63750,2,1,0,0,0,0,0,0,0,0,0,0
2005,63750,3,1,0,0,0,0,0,0,0,0,26,0
2005,63751,1,1,17,17,17,17,17,17,17,17,17,17
2005,63751,2,1,0,0,0,0,0,0,0,0,0,0
2005,63752,1,1,4,25,9,21,11,0,17,0,13,2
2005,63752,2,1,38,10,22,19,24,17,16,0,18,18
2005,63752,3,1,0,0,0,0,0,0,0,0,0,0
2005,63752,4,1,0,0,0,0,0,0,0,0,0,0
2005,63752,5,1,0,0,0,0,0,0,0,2,0,0
2005,63752,6,1,0,3,14,0,0,25,17,0,0,8
2005,63753,0,1,0,0,0,0,0,0,0,0,0,0
2005,63753,1,1,0,0,0,6,0,0,0,0,20,0
2005,63754,1,1,0,0,0,0,0,0,0,0,0,0
2005,63754,2,1,0,0,0,0,0,0,0,0,0,0
2005,63754,3,1,0,0,0,0,0,0,0,0,0,0
2005,63755,0,1,0,0,0,0,0,0,0,0,0,0
2005,63755,1,1,9,0,18,10,0,0,0,15,0,0
2005,63756,1,1,0,0,0,0,0,0,0,0,0,0
2005,63756,2,1,1,1,1,1,1,1,1,1,1,1
2005,63757,1,1,0,0,0,0,0,0,0,0,0,0
2005,63758,1,1,0,0,0,0,0,0,0,0,0,0
2005,63759,0,1,0,0,0,0,0,0,0,0,0,0
2005,63759,1,1,0,0,0,0,0,0,0,0,0,0
2005,63759,2,1,0,0,0,0,0,0,0,0,0,0
2005,63759,3,1,0,0,0,0,0,0,0,0,0,0
2005,63759,4,1,0,0,0,0,0,0,0,0,0,0
2005,63759,5,1,0,0,0,0,0,0,0,0,0,0
2005,63760,0,1,41,41,41,41,41,41,41,41,41,41
2005,63760,1,1,0,0,0,0,0,8,0,0,0,0
2005,63761,0,1,16,16,16,16,16,16,16,16,16,16
2005,63761,1,1,0,0,0,0,5,16,0,0,0,0
2005,63762,0,1,2,8,0,9,16,12,0,5,17,23
2005,63762,0,2,0,0,15,26,0,0,8,0,24,0
2005,63762,1,1,15,5,10,11,13,0,10,0,0,30
2005,63763,1,1,18,21,36,10,14,30,14,11,7,20
2005,63763,2,1,0,0,0,0,0,0,0,0,0,0
2005,63764,1,1,0,0,0,0,0,0,0,0,0,0
2005,63764,2,1,0,0,0,0,0,0,0,0,0,0
2005,63765,1,1,19,19,19,19,19,19,19,19,19,19
2005,63765,2,1,0,0,0,0,0,0,0,0,0,0
2005,63766,0,1,0,0,0,0,0,0,0,0,0,0
2005,63766,1,1,5,5,5,5,5,5,5,5,5,5
2005,63767,0,1,0,0,0,0,0,0,0,0,0,0
2005,63767,0,2,0,0,0,0,0,0,0,0,0,0
2005,63767,1,1,0,0,0,0,0,0,0,0,0,0
2005,63768,1,1,21,21,21,21,21,21,21,21,21,21
2005,63769,0,1,15,15,15,15,15,15,15,15,15,15
2005,63769,1,1,0,0,0,0,0,0,0,0,0,0
2005,63770,0,1,2,2,2,2,2,2,2,2,2,2
2005,63770,1,1,0,0,0,0,0,0,0,0,10,0
2005,63771,1,1,0,0,0,0,0,4,0,0,13,0
2005,63771,2,1,0,0,0,0,0,0,0,0,0,0
2005,63772,1,1,0,0,0,0,0,0,0,0,0,0
2005,63773,1,1,0,0,0,0,0,0,0,0,0,0
2005,63773,2,1,0,0,0,0,0,0,0,0,0,0
2005,63774,0,1,0,0,0,0,0,0,0,0,0,0
2005,63774,0,2,25,0,0,0,0,0,0,17,0,14
2005,63774,1,1,11,13,2,0,0,0,0,0,0,0
2005,63775,0,1,0,0,0,0,0,0,0,0,0,0
2005,63775,0,2,2,0,13,0,13,21,29,12,8,0
2005,63775,1,1,0,0,0,0,0,0,0,0,0,0
2005,63776,0,1,12,12,12,12,12,12,12,12,12,12
2005,63776,1,1,8,8,8,8,8,8,8,8,8,8
2005,63777,1,1,0,0,0,0,0,0,0,0,0,0
2005,63778,1,1,13,13,13,13,13,13,13,13,13,13
2005,63779,1,1,13,13,13,13,13,13,13,13,13,13
2005,63780,1,1,0,0,0,0,0,0,0,0,0,0
2005,63780,2,1,0,4,0,0,0,0,0,0,0,0
2005,63781,0,1,0,0,0,0,0,0,0,0,0,0
2005,63781,1,1,0,0,0,0,0,0,0,0,0,0
2005,63782,1,1,9,9,9,9,9,9,9,9,9,9
2005,63782,2,1,0,0,0,0,0,0,0,0,0,0
2005,63783,0,1,0,0,0,0,0,0,0,0,0,0
2005,63783,1,1,43,0,8,7,0,0,0,0,0,0
2005,63784,1,1,7,7,7,7,7,7,7,7,7,7
2005,63785,1,1,0,0,0,0,0,0,0,0,0,0
2005,63785,2,1,0,0,0,0,0,0,0,0,0,0
2005,63786,1,1,17,17,17,17,17,17,17,17,17,17
2005,63787,1,1,32,32,32,32,32,32,32,32,32,32
2005,63788,1,1,0,0,0,0,0,0,0,0,0,0
2005,63788,2,1,0,0,0,0,0,0,0,0,0,0
2005,63789,1,1,0,0,35,0,0,0,0,0,0,0
2005,63789,2,1,0,0,0,0,0,18,0,0,0,0
2005,63790,1,1,0,0,0,0,0,0,0,0,0,0
2005,63790,2,1,0,0,0,0,0,0,0,0,0,0
2005,63791,0,1,0,0,0,0,0,0,0,0,0,0
2005,63791,1,1,0,0,0,0,0,0,0,0,0,0
2005,63792,1,1,21,21,21,21,21,21,21,21,21,21
2005,63792,2,1,0,0,0,0,0,0,0,0,0,0
2005,63793,1,1,0,0,0,0,0,0,0,0,0,0
2005,63794,1,1,10,10,10,10,10,10,10,10,10,10
2005,63794,2,1,0,0,0,0,0,0,0,0,0,0
2005,63795,1,1,0,0,0,0,0,0,0,0,0,0
2005,63795,2,1,0,0,0,0,0,0,0,0,0,0
2005,63796,1,1,0,0,0,0,0,0,0,0,0,0
2005,63796,2,1,0,0,0,0,0,0,0,12,0,0
2005,63797,0,1,0,0,0,0,0,0,0,0,0,0
2005,63797,1,1,7,0,0,0,0,0,0,0,0,0
2005,63798,0,1,18,18,18,18,18,18,18,18,18,18
2005,63798,1,1,0,0,0,0,8,0,0,0,0,0
2005,63799,1,1,22,22,22,22,22,22,22,22,22,22
2005,63800,1,1,0,0,0,0,0,0,0,0,0,0
2005,63800,2,1,0,0,6,11,0,0,0,0,0,0
2005,63801,1,1,27,14,18,18,23,24,32,15,13,24
2005,63802,1,1,0,0,0,0,0,0,0,0,0,0
2005,63803,1,1,0,0,0,0,0,15,0,0,10,0
2005,63804,1,1,0,0,0,0,0,0,0,0,0,0
2005,63804,2,1,0,0,0,0,0,0,0,0,0,0
2005,63804,3,1,0,0,0,0,0,0,0,0,0,0
2005,63804,4,1,0,0,0,0,0,0,0,0,0,0
2005,63804,5,1,0,0,0,21,0,0,32,0,0,0
2005,63805,1,1,0,0,0,0,0,0,0,0,0,0
2005,63806,1,1,25,25,25,25,25,25,25,25,25,25
2005,63807,1,1,0,0,0,0,0,0,0,0,0,0
2005,63808,1,1,0,0,0,0,0,0,0,0,0,0
2005,63808,2,1,0,0,0,0,0,0,0,0,0,0
2005,63809,1,1,0,0,0,0,0,0,0,0,0,0
2005,63809,2,1,0,0,0,0,7,0,0,0,0,0
2005,63810,1,1,0,0,0,0,0,0,0,0,0,0
2005,63810,2,1,0,0,0,0,0,0,0,0,0,0
2005,63811,1,1,0,0,0,0,0,0,0,0,0,0
2005,63811,2,1,0,0,0,0,0,0,0,0,0,0
2005,63812,0,1,0,0,0,0,0,0,0,0,0,0
2005,63812,1,1,11,0,0,0,21,13,16,0,11,0
2005,63813,1,1,0,0,0,0,0,0,0,0,0,0
2005,63814,1,1,1,0,0,16,0,7,16,14,0,15
2005,63814,2,1,0,0,0,0,0,0,0,0,6,0
2005,63815,1,1,0,0,0,0,0,0,0,0,0,0
2005,63815,2,1,0,0,0,0,0,0,0,0,0,0
2005,63816,0,1,0,0,0,0,0,0,0,0,0,0
2005,63816,1,1,0,17,0,0,0,0,0,0,0,0
2005,63817,0,1,0,0,0,0,0,0,0,0,16,0
2005,63817,1,1,0,0,0,0,0,0,0,0,0,0
2005,63818,1,1,0,0,0,0,0,0,0,0,0,0
2005,63819,1,1,0,0,0,0,0,0,0,0,0,0
2005,63819,2,1,0,0,0,0,0,0,0,0,0,0
2005,63819,3,1,0,0,0,0,0,0,0,0,0,0
2005,63819,4,1,0,0,0,0,0,0,0,0,0,0
2005,63820,1,1,28,28,28,28,28,28,28,28,28,28
2005,63820,2,1,0,0,0,0,0,0,0,0,0,14
2005,63821,1,1,0,7,0,0,0,0,0,0,0,0
2005,63821,2,1,0,0,0,0,0,0,0,0,0,0
2005,63822,0,1,0,0,0,0,0,0,0,0,0,0
2005,63822,1,1,0,0,0,0,0,0,0,0,0,0
2005,63823,1,1,0,0,0,0,0,0,0,0,0,0
2005,63824,0,1,0,0,0,0,0,0,0,0,0,0
2005,63824,1,1,0,13,0,0,0,0,0,0,0,0
2005,63825,1,1,0,0,0,0,0,0,0,0,0,0
2005,63825,2,1,0,0,0,0,0,0,0,0,0,41
2005,63826,0,1,15,15,15,15,15,15,15,15,15,15
2005,63826,0,2,0,0,0,0,0,0,0,0,0,0
2005,63826,1,1,0,0,0,0,0,13,0,6,0,11
2005,63827,1,1,18,0,10,7,7,14,3,9,17,16
2005,63827,2,1,0,0,0,0,0,0,0,0,0,0
2005,63828,1,1,0,2,0,0,0,0,4,0,0,7
2005,63828,2,1,12,18,24,4,9,9,12,12,18,9
2005,63829,1,1,0,26,13,37,0,0,0,0,0,21
2005,63830,0,1,0,0,11,10,24,0,0,0,0,21
2005,63830,1,1,0,0,0,0,0,0,0,0,0,0
2005,63831,0,1,0,0,0,0,0,0,0,0,0,0
2005,63831,1,1,0,0,0,0,0,0,0,0,0,0
2005,63832,1,1,8,8,8,8,8,8,8,8,8,8
2005,63832,2,1,0,0,0,0,0,0,0,8,0,0
2005,63833,1,1,0,0,0,0,0,0,0,0,0,2
2005,63833,2,1,13,13,13,13,13,13,13,13,13,13
2005,63834,1,1,0,0,0,0,0,0,0,0,0,0
2005,63835,1,1,10,10,12,14,10,11,30,20,25,20
2005,63836,1,1,0,0,0,0,0,0,0,0,0,0
2005,63836,2,1,0,0,0,0,0,0,0,0,3,0
2005,63837,1,1,9,9,9,9,9,9,9,9,9,9
2005,63837,2,1,0,0,0,0,22,0,0,0,0,3
2005,63837,3,1,27,13,14,20,8,20,16,17,26,5
2005,63838,1,1,0,0,0,0,0,0,0,0,0,0
2005,63838,2,1,0,0,0,0,0,0,0,0,0,0
2005,63839,0,1,0,0,0,0,8,22,0,0,0,0
2005,63839,1,1,0,0,13,0,9,0,0,0,0,0
2005,63840,1,1,19,19,19,19,19,19,19,19,19,19
2005,63841,1,1,6,6,6,6,6,6,6,6,6,6
2005,63842,1,1,22,20,21,11,18,15,19,19,16,13
2005,63843,0,1,12,12,12,12,12,12,12,12,12,12
2005,63843,2,1,0,0,0,0,0,0,0,0,5,0
2005,63843,3,1,0,0,0,0,0,0,0,0,0,0
2005,63844,1,1,0,0,18,0,0,0,4,11,0,0
2005,63844,2,1,0,0,0,0,0,0,0,0,0,0
2005,63845,1,1,0,0,0,0,0,0,0,0,0,0
2005,63845,2,1,0,0,0,0,0,0,0,0,0,0
2005,63846,1,1,0,0,0,0,0,0,8,0,0,23
2005,63847,1,1,15,0,11,16,16,15,0,8,19,8
2005,63848,1,1,20,15,23,26,19,24,8,12,0,14
2005,63849,1,1,14,13,0,16,13,10,18,21,6,16
2005,63849,2,1,0,0,0,0,0,0,0,0,0,0
2005,63850,1,1,0,0,6,0,11,0,0,0,0,0
2005,63851,1,1,0,0,0,0,0,0,0,0,0,0
2005,63851,2,1,0,0,0,0,0,0,0,0,0,0